t,h,w,c
0.0,1.0281534727938464,0.5143057288835334,6.405798698774295e-17
1.0001000100010001e-05,0.9956732277449821,0.4792082704108297,7.772456598846331e-17
2.0002000200020003e-05,0.9625641302017233,0.4457162679405185,7.772456851981188e-17
3.0003000300030004e-05,0.9282996292080373,0.41405386932554755,7.772456853150741e-17
4.0004000400040005e-05,0.8952804674256258,0.38493738453851123,7.772456853150993e-17
5.000500050005001e-05,0.8616136400809692,0.3573621572390061,7.772456853150997e-17
6.000600060006001e-05,0.8293290671967403,0.3317929276160303,7.772456853150997e-17
7.000700070007002e-05,0.7981124121558374,0.30860310481014996,7.772456853150997e-17
8.000800080008001e-05,0.7671562062802489,0.2871890583281336,7.772456853150997e-17
9.000900090009e-05,0.7375803586419287,0.26750918950007085,7.772456853150997e-17
0.00010001000100010001,0.7091609196858023,0.2498801630646178,7.772456853150997e-17
0.00011001100110011002,0.6813279369706192,0.23368429497915483,7.772456853150997e-17
0.00012001200120012002,0.6544432365170875,0.21928641540621913,7.772456853150997e-17
0.00013001300130013,0.6294988914800711,0.20667327965967314,7.772456853150997e-17
0.00014001400140014003,0.605238008223092,0.19512398971506886,7.772456853150997e-17
0.00015001500150015003,0.5817190292604154,0.18520232835910252,7.772456853150997e-17
0.00016001600160016002,0.5592453767127445,0.17652152018059353,7.772456853150997e-17
0.00017001700170017002,0.5386498151944322,0.16961932176199881,7.772456853150997e-17
0.00018001800180018,0.5187195682716204,0.16446743566147187,7.772456853150997e-17
0.00019001900190019003,0.4996180451394605,0.159700803521267,7.772456853150997e-17
0.00020002000200020003,0.4813095079573696,0.15528675674706893,7.772456853150997e-17
0.00021002100210021002,0.4640541582223307,0.15128968828371078,7.772456853150997e-17
0.00022002200220022004,0.44771760320358217,0.14767576849450503,7.772456853150997e-17
0.00023002300230023004,0.43208059442914526,0.14431519032241277,7.772456853150997e-17
0.00024002400240024003,0.4171275721393256,0.14122867290232935,7.772456853150997e-17
0.00025002500250025,0.40284310207186674,0.13843785210604426,7.772456853150997e-17
0.00026002600260026,0.3895737549257186,0.1358286960820679,7.772456853150997e-17
0.00027002700270027,0.37697526418123406,0.13341475896506796,7.772456853150997e-17
0.00028002800280028006,0.36511011160905943,0.13120369996831815,7.772456853150997e-17
0.00029002900290029006,0.3538581650540385,0.12912448865703038,7.772456853150997e-17
0.00030003000300030005,0.3431130492854397,0.12718637370195704,7.772456853150997e-17
0.00031003100310031005,0.33287739438346264,0.12538798617355,7.772456853150997e-17
0.00032003200320032004,0.3230035450142474,0.12370375377368979,7.772456853150997e-17
0.00033003300330033004,0.31357215183741893,0.12213573415874153,7.772456853150997e-17
0.00034003400340034003,0.3044560750373913,0.12066632889904139,7.772456853150997e-17
0.00035003500350035,0.29582645334807467,0.11926983556388325,7.772456853150997e-17
0.00036003600360036,0.28746078466104563,0.11794874698180326,7.772456853150997e-17
0.00037003700370037007,0.27935194565305926,0.11670035514537162,7.772456853150997e-17
0.00038003800380038006,0.27149263786221867,0.11550834751763484,7.772456853150997e-17
0.00039003900390039006,0.2640132173332401,0.11437326192715265,7.772456853150997e-17
0.00040004000400040005,0.25677189345872686,0.11329350119492441,7.772456853150997e-17
0.00041004100410041005,0.249742938563839,0.1122582938474852,7.772456853150997e-17
0.00042004200420042004,0.24292031852820284,0.11126706155066757,7.772456853150997e-17
0.00043004300430043004,0.23640084635911307,0.11031911879619148,7.772456853150997e-17
0.0004400440044004401,0.23008088882346664,0.10940710026655519,7.772456853150997e-17
0.0004500450045004501,0.22393833752640166,0.10853518607497918,7.772456853150997e-17
0.0004600460046004601,0.21796826591115645,0.10772291644475618,7.772456853150997e-17
0.00047004700470047007,0.21224371832560315,0.1069392971669487,7.772456853150997e-17
0.00048004800480048006,0.20668473030581688,0.10618307415571725,7.772456853150997e-17
0.0004900490049004901,0.20127576851103754,0.10545439422899011,7.772456853150997e-17
0.0005000500050005,0.19601280842242955,0.10474957146173498,7.772456853150997e-17
0.00051005100510051,0.19093848215628642,0.10406737117872884,7.772456853150997e-17
0.00052005200520052,0.1860145879871214,0.10340799511955984,7.772456853150997e-17
0.00053005300530053,0.18128668650871696,0.10276876252774403,7.772456853150997e-17
0.00054005400540054,0.17668378951763025,0.10214866768288604,7.772456853150997e-17
0.00055005500550055,0.17220142476074224,0.10156866228418379,7.772456853150997e-17
0.0005600560056005601,0.16787240656912097,0.10101110810733208,7.772456853150997e-17
0.0005700570057005701,0.16365078621078677,0.10046912265801577,7.772456853150997e-17
0.0005800580058005801,0.1595340123810573,0.0999423502227218,7.772456853150997e-17
0.0005900590059005901,0.15551956953006088,0.09942981445701116,7.772456853150997e-17
0.0006000600060006001,0.15160498166199435,0.0989307207439798,7.772456853150997e-17
0.0006100610061006101,0.14779313772095,0.09844464182455803,7.772456853150997e-17
0.0006200620062006201,0.14409532820444176,0.0979709476806234,7.772456853150997e-17
0.0006300630063006301,0.1404877976884204,0.09752409004862189,7.772456853150997e-17
0.0006400640064006401,0.13696843897431868,0.09709552150635183,7.772456853150997e-17
0.0006500650065006501,0.13353518133223713,0.09667705105165784,7.772456853150997e-17
0.0006600660066006601,0.1301859918734118,0.0962681336107964,7.772456853150997e-17
0.0006700670067006701,0.1269188765703498,0.09586839523902585,7.772456853150997e-17
0.0006800680068006801,0.12373188096789807,0.0954775259805008,7.772456853150997e-17
0.0006900690069006901,0.12062309062567615,0.09509507333366743,7.772456853150997e-17
0.0007000700070007,0.11759063132970882,0.09472070292183007,7.772456853150997e-17
0.00071007100710071,0.11464087155625677,0.09437225685470568,7.772456853150997e-17
0.00072007200720072,0.11176469770699907,0.09403107609049445,7.772456853150997e-17
0.0007300730073007301,0.10895846358838362,0.09369645604165017,7.772456853150997e-17
0.0007400740074007401,0.1062205367098386,0.09336817730321385,7.772456853150997e-17
0.0007500750075007501,0.10354931776458387,0.09304597444627183,7.772456853150997e-17
0.0007600760076007601,0.10094324047860666,0.09272961238043713,7.772456853150997e-17
0.0007700770077007701,0.09840077138498447,0.09241888945484891,7.772456853150997e-17
0.0007800780078007801,0.09593269502465053,0.09211746248249894,7.772456853150997e-17
0.0007900790079007901,0.09354082515463591,0.09183204808412031,7.772456853150997e-17
0.0008000800080008001,0.09120633142458463,0.09155117043152926,7.772456853150997e-17
0.0008100810081008101,0.08892790135029992,0.09127467044603746,7.772456853150997e-17
0.0008200820082008201,0.08670424910912895,0.09100238488382768,7.772456853150997e-17
0.0008300830083008301,0.08453411528193328,0.09073416827202174,7.772456853150997e-17
0.0008400840084008401,0.08241626657016582,0.09046988496747299,7.772456853150997e-17
0.0008500850085008501,0.080349495491204,0.09020939294191913,7.772456853150997e-17
0.0008600860086008601,0.07833262005448952,0.08995382776090806,7.772456853150997e-17
0.0008700870087008701,0.07636448342064103,0.08971200124991902,7.772456853150997e-17
0.0008800880088008802,0.0744439535454451,0.08947320224779502,7.772456853150997e-17
0.0008900890089008902,0.07256992281048429,0.08923733075470361,7.772456853150997e-17
0.0009000900090009002,0.07074130764209224,0.08900429332144219,7.772456853150997e-17
0.0009100910091009102,0.06895704812027383,0.08877399618436455,7.772456853150997e-17
0.0009200920092009201,0.0672161075792138,0.08854635052535387,7.772456853150997e-17
0.0009300930093009301,0.06551747220096578,0.08832127281071142,7.772456853150997e-17
0.0009400940094009401,0.06386015060388461,0.08809868142641945,7.772456853150997e-17
0.0009500950095009501,0.062243173427306994,0.08787867378840662,7.772456853150997e-17
0.0009600960096009601,0.06066559291392187,0.0876694239658818,7.772456853150997e-17
0.0009700970097009701,0.05912648249118167,0.08746214068643847,7.772456853150997e-17
0.0009800980098009801,0.0576249363530106,0.08725676377579279,7.772456853150997e-17
0.0009900990099009901,0.05616006904294972,0.08705323619281768,7.772456853150997e-17
0.001000100010001,0.054731015039768426,0.08685150335680923,7.772456853150997e-17
0.00101010101010101,0.053336928346450055,0.08665151179802327,7.772456853150997e-17
0.00102010201020102,0.05197698208333882,0.08645321062197232,7.772456853150997e-17
0.00103010301030103,0.0506503680861272,0.08625655120185911,7.772456853150997e-17
0.00104010401040104,0.04935629650924736,0.08606148596036975,7.772456853150997e-17
0.00105010501050105,0.048093995435136275,0.08586796945539035,7.772456853150997e-17
0.00106010601060106,0.04686271048974482,0.08567684607989956,7.772456853150997e-17
0.00107010701070107,0.04566170446458661,0.08549231401093974,7.772456853150997e-17
0.00108010801080108,0.04449025694553882,0.08530899845249428,7.772456853150997e-17
0.00109010901090109,0.043347663948553355,0.08512686706800875,7.772456853150997e-17
0.0011001100110011,0.04223323756237157,0.08494588857181892,7.772456853150997e-17
0.00111011101110111,0.041146305598293006,0.08476603278172876,7.772456853150997e-17
0.0011201120112011203,0.040091681036958864,0.08458727068689455,7.772456853150997e-17
0.0011301130113011303,0.039066435741409784,0.08440957428459538,7.772456853150997e-17
0.0011401140114011402,0.03806624138271824,0.08423291650317037,7.772456853150997e-17
0.0011501150115011502,0.03709051022495952,0.08405727128751611,7.772456853150997e-17
0.0011601160116011602,0.03613866749123041,0.08388261351000563,7.772456853150997e-17
0.0011701170117011702,0.03521015110394875,0.08370891885538953,7.772456853150997e-17
0.0011801180118011802,0.034304411429631296,0.08353616389577304,7.772456853150997e-17
0.0011901190119011902,0.03342091102811878,0.08336432603931464,7.772456853150997e-17
0.0012001200120012002,0.032559124406207306,0.08319338341663374,7.772456853150997e-17
0.0012101210121012102,0.03171853777563964,0.08302570813068855,7.772456853150997e-17
0.0012201220122012202,0.030898648815408422,0.08286017238732701,7.772456853150997e-17
0.0012301230123012302,0.03009896643831703,0.08269534513889117,7.772456853150997e-17
0.0012401240124012402,0.029319010561745993,0.08253121146388921,7.772456853150997e-17
0.0012501250125012502,0.02855831188257059,0.08236775695836816,7.772456853150997e-17
0.0012601260126012602,0.027816411656178885,0.08220496769420385,7.772456853150997e-17
0.0012701270127012702,0.027092861479537645,0.08204283021512421,7.772456853150997e-17
0.0012801280128012802,0.026387223078259428,0.08188133152409717,7.772456853150997e-17
0.0012901290129012902,0.02569906809762491,0.08172045905532052,7.772456853150997e-17
0.0013001300130013002,0.02502797789751787,0.08156020065997661,7.772456853150997e-17
0.0013101310131013102,0.0243735433512348,0.08140054459773545,7.772456853150997e-17
0.0013201320132013201,0.023735364648134343,0.08124147951663817,7.772456853150997e-17
0.0013301330133013301,0.023113051100093547,0.081082994435943,7.772456853150997e-17
0.0013401340134013401,0.022506220951746165,0.08092507873906651,7.772456853150997e-17
0.0013501350135013501,0.021914501194476032,0.08076772215817168,7.772456853150997e-17
0.0013601360136013601,0.02133752738414583,0.08061091475738129,7.772456853150997e-17
0.0013701370137013701,0.02077494346254358,0.08045464692611627,7.772456853150997e-17
0.0013801380138013801,0.020226401582528995,0.08029890936662525,7.772456853150997e-17
0.0013901390139013901,0.019691561936867902,0.0801436930788376,7.772456853150997e-17
0.0014001400140014,0.019170092590738718,0.07998898935389907,7.772456853150997e-17
0.00141014101410141,0.018661669317899275,0.07983478976309295,7.772456853150997e-17
0.00142014201420142,0.018165975440498704,0.0796810861458079,7.772456853150997e-17
0.00143014301430143,0.017682701672517707,0.07952787060202962,7.772456853150997e-17
0.00144014401440144,0.01721154596681825,0.07937513548306485,7.772456853150997e-17
0.0014501450145014503,0.016752213365777577,0.07922368989315111,7.772456853150997e-17
0.0014601460146014603,0.016304415855477553,0.07907356784930504,7.772456853150997e-17
0.0014701470147014703,0.0158678722234122,0.07892384758632759,7.772456853150997e-17
0.0014801480148014803,0.01544230791966964,0.07877452422213377,7.772456853150997e-17
0.0014901490149014903,0.015027454921533625,0.07862559302473325,7.772456853150997e-17
0.0015001500150015003,0.014623051601441724,0.07847704940721902,7.772456853150997e-17
0.0015101510151015103,0.014228842598223905,0.07832888892239007,7.772456853150997e-17
0.0015201520152015203,0.013845641500048272,0.07818110725776035,7.772456853150997e-17
0.0015301530153015303,0.013474066786375269,0.07803370023111411,7.772456853150997e-17
0.0015401540154015402,0.013111809202092943,0.07788666378583198,7.772456853150997e-17
0.0015501550155015502,0.012758643185222886,0.07773999398636161,7.772456853150997e-17
0.0015601560156015602,0.012414348565012247,0.07759368701423455,7.772456853150997e-17
0.0015701570157015702,0.012078710459202013,0.07744773916395707,7.772456853150997e-17
0.0015801580158015802,0.011751519173407167,0.07730214683894825,7.772456853150997e-17
0.0015901590159015902,0.011432570102478447,0.07715690654795652,7.772456853150997e-17
0.0016001600160016002,0.011121663633704508,0.0770120149014089,7.772456853150997e-17
0.0016101610161016102,0.010818605051704441,0.07686746860780636,7.772456853150997e-17
0.0016201620162016202,0.010523204444854167,0.07672326447047705,7.772456853150997e-17
0.0016301630163016302,0.010235276613082187,0.07657939938431779,7.772456853150997e-17
0.0016401640164016402,0.009954640976866805,0.07643587033261462,7.772456853150997e-17
0.0016501650165016502,0.009681121487265508,0.07629267438408174,7.772456853150997e-17
0.0016601660166016602,0.009414546536804722,0.07614980868996238,7.772456853150997e-17
0.0016701670167016702,0.009154748871062476,0.07600727048120148,7.772456853150997e-17
0.0016801680168016802,0.008901565500778464,0.07586505706576663,7.772456853150997e-17
0.0016901690169016902,0.00865483761433469,0.07572316582605597,7.772456853150997e-17
0.0017001700170017002,0.00841441049045652,0.07558159421637518,7.772456853150997e-17
0.0017101710171017102,0.008180133410996661,0.0754403397605222,7.772456853150997e-17
0.0017201720172017201,0.007951859573676712,0.07529940004946421,7.772456853150997e-17
0.0017301730173017301,0.007729446004676748,0.07515877273907921,7.772456853150997e-17
0.0017401740174017401,0.007512753470978966,0.07501845554798314,7.772456853150997e-17
0.0017501750175017501,0.0073016463923923506,0.0748784462554435,7.772456853150997e-17
0.0017601760176017603,0.00709599275320233,0.0747387426993548,7.772456853150997e-17
0.0017701770177017703,0.006895664013412513,0.07459934277428398,7.772456853150997e-17
0.0017801780178017803,0.006700535019565923,0.07446024442959552,7.772456853150997e-17
0.0017901790179017903,0.00651048391515658,0.07432144566763269,7.772456853150997e-17
0.0018001800180018003,0.006325392050662766,0.07418294454196077,7.772456853150997e-17
0.0018101810181018103,0.006145143893256993,0.07404473915567886,7.772456853150997e-17
0.0018201820182018203,0.005969626936268656,0.07390682765978619,7.772456853150997e-17
0.0018301830183018303,0.005798731608496036,0.07376920825160091,7.772456853150997e-17
0.0018401840184018403,0.005632351183483609,0.07363187917324107,7.772456853150997e-17
0.0018501850185018503,0.005470381688899516,0.07349483871015336,7.772456853150997e-17
0.0018601860186018603,0.005312721816164017,0.07335808518969131,7.772456853150997e-17
0.0018701870187018703,0.005159272830494175,0.07322161697974608,7.772456853150997e-17
0.0018801880188018803,0.005011078097313606,0.07308543248742182,7.772456853150997e-17
0.0018901890189018903,0.004867322150805276,0.072949530157756,7.772456853150997e-17
0.0019001900190019003,0.004727407651419372,0.07281390847248449,7.772456853150997e-17
0.0019101910191019103,0.004591247060806983,0.07267856594884857,7.772456853150997e-17
0.0019201920192019203,0.004458754954925082,0.0725435011384421,7.772456853150997e-17
0.0019301930193019302,0.004329847946621756,0.07240871262609755,7.772456853150997e-17
0.0019401940194019402,0.004204444609587378,0.07227419902881115,7.772456853150997e-17
0.0019501950195019502,0.004082465403848013,0.07213995899470277,7.772456853150997e-17
0.0019601960196019602,0.00396383260297257,0.07200599120201218,7.772456853150997e-17
0.0019701970197019704,0.0038484702231597334,0.07187229435812881,7.772456853150997e-17
0.0019801980198019802,0.0037363039543626786,0.07173886719865417,7.772456853150997e-17
0.0019901990199019904,0.0036272610936018204,0.07160570848649554,7.772456853150997e-17
0.002000200020002,0.0035212704806021652,0.07147281701099101,7.772456853150997e-17
0.0020102010201020104,0.003418262435882061,0.07134019158706313,7.772456853150997e-17
0.00202020202020202,0.003318168701404516,0.07120783105440122,7.772456853150997e-17
0.0020302030203020304,0.0032209223838889933,0.07107573427667138,7.772456853150997e-17
0.00204020402040204,0.00312645790086451,0.07094390014075219,7.772456853150997e-17
0.0020502050205020504,0.0030347109295291927,0.0708123275559967,7.772456853150997e-17
0.00206020602060206,0.002945618358465681,0.07068101545351861,7.772456853150997e-17
0.0020702070207020704,0.0028591182422424755,0.07054996278550278,7.772456853150997e-17
0.00208020802080208,0.0027751497589166073,0.07041916852453807,7.772456853150997e-17
0.0020902090209020904,0.0026936531704345843,0.07028863166297289,7.772456853150997e-17
0.0021002100210021,0.0026145697859128,0.07015835121229183,7.772456853150997e-17
0.0021102110211021104,0.002537841927761906,0.07002832620251347,7.772456853150997e-17
0.00212021202120212,0.002463412900605132,0.06989855568160742,7.772456853150997e-17
0.0021302130213021304,0.002391226962924846,0.06976903871493158,7.772456853150997e-17
0.00214021402140214,0.0023212293013590503,0.06963977438468746,7.772456853150997e-17
0.0021502150215021503,0.0022535581905802444,0.06951076178939376,7.772456853150997e-17
0.00216021602160216,0.002188131707749062,0.069382000043377,7.772456853150997e-17
0.0021702170217021703,0.002124727214012778,0.06925348827627982,7.772456853150997e-17
0.00218021802180218,0.002063293507778239,0.06912522563258451,7.772456853150997e-17
0.0021902190219021903,0.0020037802225950255,0.06899721127115291,7.772456853150997e-17
0.0022002200220022,0.0019461378150171231,0.06886944436478128,7.772456853150997e-17
0.0022102210221022103,0.00189031755428212,0.06874192409976977,7.772456853150997e-17
0.00222022202220222,0.001836271513662923,0.06861464967550626,7.772456853150997e-17
0.0022302230223022303,0.001783952563345178,0.06848762030406375,7.772456853150997e-17
0.0022402240224022405,0.0017333143646806554,0.06836083520981076,7.772456853150997e-17
0.0022502250225022503,0.0016843113656690339,0.06823429362903517,7.772456853150997e-17
0.0022602260226022605,0.001636898797519906,0.0681079948095797,7.772456853150997e-17
0.0022702270227022703,0.001591032672150112,0.06798193801048955,7.772456853150997e-17
0.0022802280228022805,0.00154666978047411,0.06785612250167194,7.772456853150997e-17
0.0022902290229022903,0.001503767691349484,0.06773054756356672,7.772456853150997e-17
0.0023002300230023005,0.0014622847510440589,0.06760521248682683,7.772456853150997e-17
0.0023102310231023103,0.001422224558546138,0.0674801165720108,7.772456853150997e-17
0.0023202320232023205,0.0013842003826227125,0.06735525912928388,7.772456853150997e-17
0.0023302330233023302,0.0013477913241617097,0.06723063947812989,7.772456853150997e-17
0.0023402340234023405,0.0013126400369069785,0.0671062569470719,7.772456853150997e-17
0.0023502350235023502,0.0012787075536465648,0.06698211087340224,7.772456853150997e-17
0.0023602360236023604,0.0012459557368844087,0.06685820060292116,7.772456853150997e-17
0.0023702370237023702,0.0012143472796399594,0.0667345254896849,7.772456853150997e-17
0.0023802380238023804,0.0011838457057449124,0.06661108489575993,7.772456853150997e-17
0.00239023902390239,0.0011544153695735985,0.06648787819098763,7.772456853150997e-17
0.0024002400240024004,0.001126021455152888,0.06636490475275497,7.772456853150997e-17
0.00241024102410241,0.0010986299746070624,0.06624216396577316,7.772456853150997e-17
0.0024202420242024204,0.0010729757298443168,0.0661196552218632,7.772456853150997e-17
0.00243024302430243,0.001048460669600702,0.06599737791974938,7.772456853150997e-17
0.0024402440244024404,0.0010250765203177058,0.06587533146485834,7.772456853150997e-17
0.00245024502450245,0.0010026041495996348,0.06575351526912494,7.772456853150997e-17
0.0024602460246024604,0.0009809526572278906,0.06563192875080458,7.772456853150997e-17
0.00247024702470247,0.0009601611480582724,0.06551057133429211,7.772456853150997e-17
0.0024802480248024804,0.0009410991938462957,0.06538944244994542,7.772456853150997e-17
0.00249024902490249,0.0009227475863281295,0.06526854153391573,7.772456853150997e-17
0.0025002500250025004,0.0009050795344210329,0.06514786802798318,7.772456853150997e-17
0.00251025102510251,0.0008880690948244793,0.06502742137939721,7.772456853150997e-17
0.0025202520252025204,0.0008725908154296087,0.06490720104072276,7.772456853150997e-17
0.00253025302530253,0.0008577940739384015,0.06478720646969083,7.772456853150997e-17
0.0025402540254025404,0.0008437279030593301,0.06466743712905479,7.772456853150997e-17
0.00255025502550255,0.0008307971181578077,0.06454789248645046,7.772456853150997e-17
0.0025602560256025603,0.0008187443969462373,0.06442857201426037,7.772456853150997e-17
0.0025702570257025706,0.0008071470596156211,0.06430947518948396,7.772456853150997e-17
0.0025802580258025803,0.000796556876771427,0.06419060149361058,7.772456853150997e-17
0.0025902590259025905,0.0007865675166811933,0.06407195041249668,7.772456853150997e-17
0.0026002600260026003,0.0007770856993665189,0.0639535214362478,7.772456853150997e-17
0.0026102610261026105,0.0007684490235085067,0.0638353140591035,7.772456853150997e-17
0.0026202620262026203,0.0007601291810684084,0.06371732777932643,7.772456853150997e-17
0.0026302630263026305,0.0007527289361449034,0.06359956209909469,7.772456853150997e-17
0.0026402640264026403,0.0007456947440478344,0.06348201652439814,7.772456853150997e-17
0.0026502650265026505,0.0007391137462617896,0.06336469056493715,7.772456853150997e-17
0.0026602660266026603,0.000732911925840315,0.06324758373402573,7.772456853150997e-17
0.0026702670267026705,0.0007269790271320478,0.06313069554849679,7.772456853150997e-17
0.0026802680268026803,0.0007214321750575931,0.06301402552861099,7.772456853150997e-17
0.0026902690269026905,0.0007160682137397851,0.06289757319796811,7.772456853150997e-17
0.0027002700270027003,0.0007109897444662389,0.06278133808342196,7.772456853150997e-17
0.0027102710271027105,0.0007063081939658213,0.06266531971499695,7.772456853150997e-17
0.0027202720272027203,0.0007017845312857695,0.06254951762580824,7.772456853150997e-17
0.0027302730273027305,0.0006974922174226505,0.062433931351984065,7.772456853150997e-17
0.0027402740274027402,0.0006933349627103574,0.06231856043259057,7.772456853150997e-17
0.0027502750275027505,0.0006892992625189432,0.06220340440955897,7.772456853150997e-17
0.0027602760276027602,0.0006854363025361948,0.062088462827615154,7.772456853150997e-17
0.0027702770277027704,0.0006816882286948416,0.061973735234211735,7.772456853150997e-17
0.0027802780278027802,0.0006781520850981579,0.061859221179461465,7.772456853150997e-17
0.0027902790279027904,0.0006748024422011388,0.06174492021607382,7.772456853150997e-17
0.0028002800280028,0.0006715550949826823,0.061630831899292846,7.772456853150997e-17
0.0028102810281028104,0.0006683902589045927,0.061516955786837274,7.772456853150997e-17
0.00282028202820282,0.0006653096465978881,0.06140329143884265,7.772456853150997e-17
0.0028302830283028304,0.0006623252844333243,0.061289838417804665,7.772456853150997e-17
0.00284028402840284,0.0006594116201398295,0.06117659628852538,7.772456853150997e-17
0.0028502850285028504,0.0006566683771370053,0.06106356461806011,7.772456853150997e-17
0.00286028602860286,0.0006540454054372259,0.06095074297566656,7.772456853150997e-17
0.0028702870287028704,0.0006514855750517921,0.060838130932755204,7.772456853150997e-17
0.00288028802880288,0.0006489802025503498,0.060725728062841745,7.772456853150997e-17
0.0028902890289028904,0.0006465270881762788,0.06061353394150061,7.772456853150997e-17
0.0029002900290029006,0.0006441348078482152,0.06050154814631997,7.772456853150997e-17
0.0029102910291029104,0.0006417899559091348,0.0603897702568585,7.772456853150997e-17
0.0029202920292029206,0.0006396106439932267,0.06027819985460296,7.772456853150997e-17
0.0029302930293029304,0.0006374812575104064,0.060166836522927786,7.772456853150997e-17
0.0029402940294029406,0.0006353947267296822,0.0600556798470552,7.772456853150997e-17
0.0029502950295029503,0.0006333445525153982,0.05994472941401732,7.772456853150997e-17
0.0029602960296029606,0.0006313293597337792,0.05983398481261879,7.772456853150997e-17
0.0029702970297029703,0.0006293503994958385,0.05972344563340105,7.772456853150997e-17
0.0029802980298029805,0.0006274297627329192,0.059613111468607614,7.772456853150997e-17
0.0029902990299029903,0.0006256222821966843,0.05950298191214998,7.772456853150997e-17
0.0030003000300030005,0.0006238412592770959,0.05939305655957554,7.772456853150997e-17
0.0030103010301030103,0.0006220880782373462,0.05928333500803553,7.772456853150997e-17
0.0030203020302030205,0.0006203596175732885,0.05917381685625457,7.772456853150997e-17
0.0030303030303030303,0.0006186546300226228,0.059064501704500866,7.772456853150997e-17
0.0030403040304030405,0.0006169725639430646,0.058955389154557544,7.772456853150997e-17
0.0030503050305030503,0.0006153444673483788,0.058846478809694736,7.772456853150997e-17
0.0030603060306030605,0.0006137947059045295,0.058737770274642546,7.772456853150997e-17
0.0030703070307030703,0.0006122623836742401,0.058629263155564805,7.772456853150997e-17
0.0030803080308030805,0.0006107474113468196,0.05852095706003384,7.772456853150997e-17
0.0030903090309030903,0.0006092492145929539,0.05841285159700567,7.772456853150997e-17
0.0031003100310031005,0.0006077666482533497,0.05830494637679638,7.772456853150997e-17
0.0031103110311031103,0.0006062991964075789,0.05819724101105887,7.772456853150997e-17
0.0031203120312031205,0.0006048496545436886,0.05808973511276062,7.772456853150997e-17
0.0031303130313031302,0.0006034838347828343,0.057982428296161556,7.772456853150997e-17
0.0031403140314031405,0.0006021293070963227,0.057875320176793615,7.772456853150997e-17
0.0031503150315031502,0.0006007857929616987,0.05776841037144009,7.772456853150997e-17
0.0031603160316031604,0.0005994531874637828,0.05766169849811551,7.772456853150997e-17
0.0031703170317031702,0.0005981308001372739,0.05755518417604672,7.772456853150997e-17
0.0031803180318031804,0.0005968183179749141,0.05744886702565446,7.772456853150997e-17
0.00319031903190319,0.0005955156003559778,0.05734274666853517,7.772456853150997e-17
0.0032003200320032004,0.0005942222815581013,0.05723682272744328,7.772456853150997e-17
0.0032103210321032106,0.0005929913007026733,0.05713109482627473,7.772456853150997e-17
0.0032203220322032204,0.0005917709261794761,0.057025562590049844,7.772456853150997e-17
0.0032303230323032306,0.000590557378566504,0.05692022564489805,7.772456853150997e-17
0.0032403240324032404,0.0005893503107454797,0.0568150836180419,7.772456853150997e-17
0.0032503250325032506,0.0005881495454346043,0.056710136137782446,7.772456853150997e-17
0.0032603260326032604,0.0005869549704719195,0.05660538283348417,7.772456853150997e-17
0.0032703270327032706,0.0005857663998878583,0.05650082333556128,7.772456853150997e-17
0.0032803280328032804,0.0005845836340411506,0.05639645727546374,7.772456853150997e-17
0.0032903290329032906,0.000583406532049746,0.05629228428566442,7.772456853150997e-17
0.0033003300330033004,0.0005822516187580992,0.05618830399964521,7.772456853150997e-17
0.0033103310331033106,0.0005811273985982515,0.05608451605188539,7.772456853150997e-17
0.0033203320332033204,0.0005800070172972968,0.05598092007784928,7.772456853150997e-17
0.0033303330333033306,0.0005788904196974357,0.05587751571397389,7.772456853150997e-17
0.0033403340334033403,0.0005777775077470671,0.055774302597658164,7.772456853150997e-17
0.0033503350335033506,0.0005766681954627107,0.05567128036725142,7.772456853150997e-17
0.0033603360336033603,0.0005755624197074792,0.055568448662042455,7.772456853150997e-17
0.0033703370337033705,0.0005744601176816358,0.05546580712224934,7.772456853150997e-17
0.0033803380338033803,0.0005733612079846112,0.05536335538900908,7.772456853150997e-17
0.0033903390339033905,0.0005722656286286314,0.05526109310436769,7.772456853150997e-17
0.0034003400340034003,0.0005711733332012643,0.05515901991127051,7.772456853150997e-17
0.0034103410341034105,0.0005700842493748435,0.05505713545355314,7.772456853150997e-17
0.0034203420342034203,0.0005689998558798598,0.05495543937593186,7.772456853150997e-17
0.0034303430343034305,0.0005679458423215008,0.05485393132399531,7.772456853150997e-17
0.0034403440344034403,0.0005668939152815492,0.054752610944195555,7.772456853150997e-17
0.0034503450345034505,0.0005658440549919637,0.054651477883839956,7.772456853150997e-17
0.0034603460346034603,0.000564796247768891,0.05455053179108293,7.772456853150997e-17
0.0034703470347034705,0.0005637504777627552,0.05444977231491817,7.772456853150997e-17
0.0034803480348034803,0.0005627067275586849,0.05434919910517084,7.772456853150997e-17
0.0034903490349034905,0.0005616649844224353,0.05424881181249029,7.772456853150997e-17
0.0035003500350035003,0.0005606252365637374,0.05414861008834277,7.772456853150997e-17
0.0035103510351035105,0.0005595874692447564,0.05404859358500432,7.772456853150997e-17
0.0035203520352035207,0.0005585516711690709,0.053948761955553856,7.772456853150997e-17
0.0035303530353035305,0.0005575178328358951,0.053849114853866786,7.772456853150997e-17
0.0035403540354035407,0.0005564859419771093,0.05374965193460816,7.772456853150997e-17
0.0035503550355035505,0.0005554559887941694,0.053650372853226526,7.772456853150997e-17
0.0035603560356035607,0.0005544279651884161,0.053551277265948036,7.772456853150997e-17
0.0035703570357035704,0.0005534018610097714,0.0534523648297698,7.772456853150997e-17
0.0035803580358035807,0.0005523776678733324,0.053353635202454765,7.772456853150997e-17
0.0035903590359035904,0.0005513553784780328,0.05325508804252553,7.772456853150997e-17
0.0036003600360036006,0.0005503349845737762,0.053156723009259214,7.772456853150997e-17
0.0036103610361036104,0.00054932035987325,0.05305853976268171,7.772456853150997e-17
0.0036203620362036206,0.0005483194158865824,0.05296053796356264,7.772456853150997e-17
0.0036303630363036304,0.0005473198176087841,0.052862717273410506,7.772456853150997e-17
0.0036403640364036406,0.0005463215757135637,0.052765077354467,7.772456853150997e-17
0.0036503650365036504,0.0005453247009050517,0.05266761786970284,7.772456853150997e-17
0.0036603660366036606,0.0005443292031915756,0.05257033848281266,7.772456853150997e-17
0.0036703670367036704,0.0005433350924491726,0.05247323885821057,7.772456853150997e-17
0.0036803680368036806,0.0005423423784724954,0.05237631866102557,7.772456853150997e-17
0.0036903690369036904,0.0005413510705227101,0.05227957755709737,7.772456853150997e-17
0.0037003700370037006,0.0005403611776754516,0.05218301521297153,7.772456853150997e-17
0.0037103710371037104,0.0005393727088542492,0.052086631295896045,7.772456853150997e-17
0.0037203720372037206,0.0005383856725439856,0.051990425473816715,7.772456853150997e-17
0.0037303730373037304,0.0005374000770247837,0.05189439741537329,7.772456853150997e-17
0.0037403740374037406,0.0005364159303837078,0.051798546789896004,7.772456853150997e-17
0.0037503750375037503,0.0005354332403303172,0.05170287326740101,7.772456853150997e-17
0.0037603760376037606,0.0005344520143642654,0.05160737651858718,7.772456853150997e-17
0.0037703770377037703,0.0005334722597713038,0.05151205621483254,7.772456853150997e-17
0.0037803780378037805,0.0005324939835035317,0.05141691202819048,7.772456853150997e-17
0.0037903790379037903,0.0005315171923065757,0.051321943631386445,7.772456853150997e-17
0.0038003800380038005,0.0005305418926937623,0.05122715069781429,7.772456853150997e-17
0.0038103810381038103,0.0005295680908951942,0.05113253290153359,7.772456853150997e-17
0.0038203820382038205,0.0005285957929285614,0.05103808991726566,7.772456853150997e-17
0.0038303830383038303,0.000527625004578691,0.0509438214203909,7.772456853150997e-17
0.0038403840384038405,0.000526655731382064,0.05084972708694545,7.772456853150997e-17
0.0038503850385038507,0.0005256879786639303,0.05075580659361833,7.772456853150997e-17
0.0038603860386038605,0.0005247217515239782,0.05066205961774843,7.772456853150997e-17
0.0038703870387038707,0.0005237570548382029,0.05056848583732145,7.772456853150997e-17
0.0038803880388038805,0.0005227938932779128,0.050475084930967515,7.772456853150997e-17
0.0038903890389038907,0.0005218322713000813,0.0503818565779575,7.772456853150997e-17
0.0039003900390039005,0.0005208721931569562,0.050288800458201506,7.772456853150997e-17
0.00391039103910391,0.0005199136629053701,0.05019591625224513,7.772456853150997e-17
0.0039203920392039205,0.0005189566844011669,0.05010320364126751,7.772456853150997e-17
0.003930393039303931,0.0005180012613112145,0.05001066230707831,7.772456853150997e-17
0.003940394039403941,0.0005170473971171665,0.049918291932115666,7.772456853150997e-17
0.00395039503950395,0.0005160950951147551,0.049826092199443325,7.772456853150997e-17
0.0039603960396039604,0.0005151443584237613,0.04973406279274835,7.772456853150997e-17
0.003970397039703971,0.0005141951899900179,0.04964220339633886,7.772456853150997e-17
0.003980398039803981,0.0005132475925884874,0.04955051369514154,7.772456853150997e-17
0.00399039903990399,0.0005123015688299513,0.0494589933746994,7.772456853150997e-17
0.004000400040004,0.0005113571211631427,0.04936764212116972,7.772456853150997e-17
0.004010401040104011,0.0005104142518794982,0.04927645962132137,7.772456853150997e-17
0.004020402040204021,0.0005094729631180773,0.049185445562533125,7.772456853150997e-17
0.00403040304030403,0.0005085332568677855,0.049094599632791176,7.772456853150997e-17
0.00404040404040404,0.0005075951349727679,0.04900392152068743,7.772456853150997e-17
0.004050405040504051,0.0005066585991357239,0.04891341091541713,7.772456853150997e-17
0.004060406040604061,0.0005057236509213802,0.04882306750677677,7.772456853150997e-17
0.00407040704070407,0.0005047902917609022,0.04873289098516238,7.772456853150997e-17
0.00408040804080408,0.0005038594976973075,0.04864288104156756,7.772456853150997e-17
0.004090409040904091,0.0005029328239595294,0.04855303736758113,7.772456853150997e-17
0.004100410041004101,0.0005020076284784344,0.0484633596553858,7.772456853150997e-17
0.00411041104110411,0.0005010839158796935,0.04837384759775587,7.772456853150997e-17
0.00412041204120412,0.0005001616905534642,0.04828450088805548,7.772456853150997e-17
0.004130413041304131,0.0004992409566613004,0.048195319220237016,7.772456853150997e-17
0.004140414041404141,0.0004983217181430343,0.04810630228883921,7.772456853150997e-17
0.00415041504150415,0.0004974039787237833,0.048017449788985166,7.772456853150997e-17
0.00416041604160416,0.0004964877419203126,0.04792876141638078,7.772456853150997e-17
0.0041704170417041705,0.0004955730110475993,0.04784023686731314,7.772456853150997e-17
0.004180418041804181,0.0004946597892250636,0.04775187583864879,7.772456853150997e-17
0.004190419041904191,0.0004937480793824989,0.047663678027831904,7.772456853150997e-17
0.0042004200420042,0.0004928378842661044,0.04757564313288273,7.772456853150997e-17
0.0042104210421042105,0.0004919292064441004,0.04748777085239603,7.772456853150997e-17
0.004220422042204221,0.0004910220483123602,0.04740006088553958,7.772456853150997e-17
0.004230423042304231,0.0004901164120998176,0.04731251293205212,7.772456853150997e-17
0.00424042404240424,0.0004892122998736391,0.04722512669224242,7.772456853150997e-17
0.0042504250425042505,0.0004883097135443592,0.04713790186698742,7.772456853150997e-17
0.004260426042604261,0.00048740865487078384,0.0470508381577305,7.772456853150997e-17
0.004270427042704271,0.00048650912546500507,0.046963935266480406,7.772456853150997e-17
0.00428042804280428,0.00048561112679673776,0.04687719289580954,7.772456853150997e-17
0.0042904290429042905,0.0004847146601980629,0.04679061074885248,7.772456853150997e-17
0.004300430043004301,0.00048381972686782626,0.04670418852930448,7.772456853150997e-17
0.004310431043104311,0.0004829263278758082,0.04661792594142028,7.772456853150997e-17
0.00432043204320432,0.00048203446416688207,0.04653182269001235,7.772456853150997e-17
0.0043304330433043305,0.00048114413656513455,0.04644587848044974,7.772456853150997e-17
0.004340434043404341,0.0004802553457776621,0.046360093018656616,7.772456853150997e-17
0.004350435043504351,0.00047936809239839827,0.04627446601111074,7.772456853150997e-17
0.00436043604360436,0.0004784823769117721,0.046188997164842434,7.772456853150997e-17
0.0043704370437043704,0.0004775981996961797,0.046103686187432755,7.772456853150997e-17
0.004380438043804381,0.0004767155610276821,0.04601853278701265,7.772456853150997e-17
0.004390439043904391,0.00047583446108315534,0.04593353667226139,7.772456853150997e-17
0.0044004400440044,0.0004749548999435432,0.04584869755240513,7.772456853150997e-17
0.00441044104410441,0.0004740768775970639,0.0457640151372159,7.772456853150997e-17
0.004420442044204421,0.00047320039394230966,0.04567948913701013,7.772456853150997e-17
0.004430443044304431,0.00047232544879108974,0.0455951192626473,7.772456853150997e-17
0.00444044404440444,0.00047145204187146026,0.04551090522552905,7.772456853150997e-17
0.00445044504450445,0.00047058017283033924,0.04542684673759748,7.772456853150997e-17
0.004460446044604461,0.00046970984123631635,0.04534294351133423,7.772456853150997e-17
0.004470447044704471,0.00046884104658229293,0.04525919525975897,7.772456853150997e-17
0.004480448044804481,0.0004679737882879189,0.04517560169642827,7.772456853150997e-17
0.00449044904490449,0.0004671080657021525,0.04509216253543468,7.772456853150997e-17
0.004500450045004501,0.0004662438781054757,0.04500887749140504,7.772456853150997e-17
0.004510451045104511,0.0004653812247125183,0.04492574627949966,7.772456853150997e-17
0.004520452045204521,0.0004645201046740333,0.04484276861541098,7.772456853150997e-17
0.00453045304530453,0.00046366051707908253,0.044759944215362175,7.772456853150997e-17
0.0045404540454045406,0.0004628024609573432,0.04467727279610666,7.772456853150997e-17
0.004550455045504551,0.00046194593528081835,0.04459475407492614,7.772456853150997e-17
0.004560456045604561,0.0004610909389662408,0.04451238776962992,7.772456853150997e-17
0.00457045704570457,0.0004602374708765044,0.04443017359855363,7.772456853150997e-17
0.0045804580458045805,0.0004593855298229786,0.04434811128055805,7.772456853150997e-17
0.004590459045904591,0.00045853511456682655,0.04426620053502822,7.772456853150997e-17
0.004600460046004601,0.0004576862238212636,0.0441844410818718,7.772456853150997e-17
0.00461046104610461,0.00045683885625292766,0.044102832641518604,7.772456853150997e-17
0.0046204620462046205,0.00045599301048340464,0.04402137493491901,7.772456853150997e-17
0.004630463046304631,0.0004551486850912275,0.04394006768354302,7.772456853150997e-17
0.004640464046404641,0.00045430587861291355,0.0438589106093791,7.772456853150997e-17
0.00465046504650465,0.0004534645895449082,0.04377790343493326,7.772456853150997e-17
0.0046604660466046605,0.00045262481634468596,0.0436970458832279,7.772456853150997e-17
0.004670467046704671,0.000451786557432195,0.04361633767780051,7.772456853150997e-17
0.004680468046804681,0.0004509498111914995,0.043535778542702935,7.772456853150997e-17
0.00469046904690469,0.00045011457597175325,0.04345536820250018,7.772456853150997e-17
0.0047004700470047005,0.00044928085008854663,0.04337510638226914,7.772456853150997e-17
0.004710471047104711,0.0004484486318250789,0.04329499280759794,7.772456853150997e-17
0.004720472047204721,0.00044761791943359765,0.04321502720458444,7.772456853150997e-17
0.00473047304730473,0.00044678871113635395,0.043135209299835824,7.772456853150997e-17
0.0047404740474047405,0.00044596100512662724,0.04305553882046678,7.772456853150997e-17
0.004750475047504751,0.0004451347995698924,0.04297601549409898,7.772456853150997e-17
0.004760476047604761,0.00044431009260505476,0.04289663904886006,7.772456853150997e-17
0.00477047704770477,0.00044348688234518985,0.042817409213382326,7.772456853150997e-17
0.00478047804780478,0.0004426651668785128,0.042738325716801875,7.772456853150997e-17
0.004790479047904791,0.0004418449442695881,0.042659388288757656,7.772456853150997e-17
0.004800480048004801,0.00044102621255998287,0.04258059665939033,7.772456853150997e-17
0.004810481048104811,0.00044020896976935606,0.04250195055934139,7.772456853150997e-17
0.00482048204820482,0.0004393932138961641,0.042423449719751885,7.772456853150997e-17
0.004830483048304831,0.0004385789429184752,0.04234509387226213,7.772456853150997e-17
0.004840484048404841,0.00043776615479490137,0.0422668827490096,7.772456853150997e-17
0.004850485048504851,0.00043695484746542876,0.0421888160826289,7.772456853150997e-17
0.00486048604860486,0.00043614501885189024,0.042110893606250394,7.772456853150997e-17
0.004870487048704871,0.00043533666685886515,0.042033115053499215,7.772456853150997e-17
0.004880488048804881,0.0004345297893745467,0.041955480158494374,7.772456853150997e-17
0.004890489048904891,0.0004337243842711611,0.041877988655847805,7.772456853150997e-17
0.0049004900490049,0.00043292044940575935,0.041800640280663444,7.772456853150997e-17
0.004910491049104911,0.00043211798262081987,0.041723434768535815,7.772456853150997e-17
0.004920492049204921,0.0004313169817449179,0.041646371855549785,7.772456853150997e-17
0.004930493049304931,0.0004305174445932231,0.04156945127827911,7.772456853150997e-17
0.00494049404940494,0.0004297193689681501,0.04149267277378558,7.772456853150997e-17
0.0049504950495049506,0.0004289227526599738,0.041416036079618086,7.772456853150997e-17
0.004960496049604961,0.0004281275934472881,0.041339540933811855,7.772456853150997e-17
0.004970497049704971,0.0004273338890975295,0.04126318707488723,7.772456853150997e-17
0.00498049804980498,0.00042654163736753083,0.04118697424184877,7.772456853150997e-17
0.0049904990499049905,0.00042575083600399457,0.041110902174184547,7.772456853150997e-17
0.005000500050005001,0.0004249614827439511,0.041034970611864924,7.772456853150997e-17
0.005010501050105011,0.0004241735753152494,0.04095917929534182,7.772456853150997e-17
0.00502050205020502,0.0004233871114370269,0.04088352796554765,7.772456853150997e-17
0.0050305030503050305,0.00042260208882011197,0.04080801636389455,7.772456853150997e-17
0.005040504050405041,0.00042181850516734434,0.0407326442322732,7.772456853150997e-17
0.005050505050505051,0.0004210363581741283,0.040657411313052234,7.772456853150997e-17
0.00506050605060506,0.00042025564552875916,0.04058231734907715,7.772456853150997e-17
0.0050705070507050705,0.0004194763649128198,0.04050736208366931,7.772456853150997e-17
0.005080508050805081,0.0004186985140014958,0.040432545260625195,7.772456853150997e-17
0.005090509050905091,0.0004179220904639793,0.04035786662421534,7.772456853150997e-17
0.0051005100510051,0.000417147091963783,0.04028332591918353,7.772456853150997e-17
0.0051105110511051105,0.0004163735161591927,0.040208922890746075,7.772456853150997e-17
0.005120512051205121,0.00041560136070336093,0.04013465728459044,7.772456853150997e-17
0.005130513051305131,0.00041483062324478503,0.040060528846874756,7.772456853150997e-17
0.005140514051405141,0.0004140613014274755,0.03998653732422671,7.772456853150997e-17
0.0051505150515051504,0.00041329339289146515,0.03991268246374277,7.772456853150997e-17
0.005160516051605161,0.0004125268952727913,0.03983896401298748,7.772456853150997e-17
0.005170517051705171,0.0004117618062040549,0.03976538171999193,7.772456853150997e-17
0.005180518051805181,0.000410998123314469,0.039691935333253575,7.772456853150997e-17
0.00519051905190519,0.0004102358442302254,0.039618624601734966,7.772456853150997e-17
0.005200520052005201,0.0004094749665746903,0.03954544927486302,7.772456853150997e-17
0.005210521052105211,0.0004087154879687233,0.039472409102528055,7.772456853150997e-17
0.005220522052205221,0.0004079574060306932,0.03939950383508297,7.772456853150997e-17
0.00523052305230523,0.00040720071837700933,0.039326733223342285,7.772456853150997e-17
0.005240524052405241,0.0004064454226221202,0.03925409701858137,7.772456853150997e-17
0.005250525052505251,0.00040569151637874756,0.0391815949725356,7.772456853150997e-17
0.005260526052605261,0.00040493899725810366,0.03910922683739939,7.772456853150997e-17
0.00527052705270527,0.00040418786287010574,0.039036992365825286,7.772456853150997e-17
0.005280528052805281,0.0004034381108235241,0.03896489131092324,7.772456853150997e-17
0.005290529052905291,0.00040268973872622106,0.03889292342625974,7.772456853150997e-17
0.005300530053005301,0.00040194274418532775,0.03882108846585689,7.772456853150997e-17
0.00531053105310531,0.0004011971248072544,0.03874938618419144,7.772456853150997e-17
0.005320532053205321,0.0004004528781981214,0.03867781633619424,7.772456853150997e-17
0.005330533053305331,0.00039971000196359385,0.038606378677249094,7.772456853150997e-17
0.005340534053405341,0.00039896849370935967,0.038535072963191974,7.772456853150997e-17
0.00535053505350535,0.00039822835104110014,0.03846389895031041,7.772456853150997e-17
0.0053605360536053605,0.0003974895715645889,0.03839285639534229,7.772456853150997e-17
0.005370537053705371,0.00039675215288594224,0.038321945055475135,7.772456853150997e-17
0.005380538053805381,0.000396016092611658,0.038251164688345475,7.772456853150997e-17
0.00539053905390539,0.00039528138834889334,0.03818051505203771,7.772456853150997e-17
0.0054005400540054005,0.00039454803770535836,0.03810999590508334,7.772456853150997e-17
0.005410541054105411,0.00039381603828964745,0.03803960700646044,7.772456853150997e-17
0.005420542054205421,0.0003930853877113129,0.0379693481155922,7.772456853150997e-17
0.00543054305430543,0.00039235608358080515,0.03789921899234671,7.772456853150997e-17
0.0054405440544054405,0.00039162812350973595,0.03782921939703578,7.772456853150997e-17
0.005450545054505451,0.00039090150511098974,0.03775934909041429,7.772456853150997e-17
0.005460546054605461,0.00039017622599885185,0.03768960783367924,7.772456853150997e-17
0.005470547054705471,0.00038945228378889867,0.0376199953884689,7.772456853150997e-17
0.0054805480548054805,0.0003887296760983291,0.03755051151686213,7.772456853150997e-17
0.005490549054905491,0.00038800840054595596,0.03748115598137746,7.772456853150997e-17
0.005500550055005501,0.0003872884547522138,0.037411928544972266,7.772456853150997e-17
0.005510551055105511,0.0003865698363393958,0.037342828971041984,7.772456853150997e-17
0.0055205520552055205,0.0003858525429316694,0.03727385702341936,7.772456853150997e-17
0.005530553055305531,0.0003851365721551092,0.03720501246637341,7.772456853150997e-17
0.005540554055405541,0.0003844219216378604,0.0371362950646089,7.772456853150997e-17
0.005550555055505551,0.0003837085890100541,0.037067704583265235,7.772456853150997e-17
0.0055605560556055604,0.00038299657190406916,0.03699924078791593,7.772456853150997e-17
0.005570557055705571,0.00038228586795450965,0.036930903444567655,7.772456853150997e-17
0.005580558055805581,0.0003815764747982861,0.036862692319659426,7.772456853150997e-17
0.005590559055905591,0.00038086839007462107,0.03679460718006186,7.772456853150997e-17
0.0056005600560056,0.0003801616114251365,0.03672664779307631,7.772456853150997e-17
0.005610561056105611,0.00037945613649398524,0.036658813926433984,7.772456853150997e-17
0.005620562056205621,0.0003787519629278534,0.03659110534829556,7.772456853150997e-17
0.005630563056305631,0.0003780490883759822,0.0365235218272497,7.772456853150997e-17
0.00564056405640564,0.0003773475104902955,0.0364560631323129,7.772456853150997e-17
0.005650565056505651,0.00037664722692534074,0.03638872903292829,7.772456853150997e-17
0.005660566056605661,0.000375948235338429,0.03632151929896511,7.772456853150997e-17
0.005670567056705671,0.0003752505333896812,0.03625443370071754,7.772456853150997e-17
0.00568056805680568,0.0003745541187419691,0.036187472008904494,7.772456853150997e-17
0.005690569056905691,0.0003738589890610992,0.03612063399466826,7.772456853150997e-17
0.005700570057005701,0.0003731651420158116,0.03605391942957404,7.772456853150997e-17
0.005710571057105711,0.00037247257527773516,0.03598732808560901,7.772456853150997e-17
0.00572057205720572,0.000371781286521487,0.03592085973518168,7.772456853150997e-17
0.0057305730573057306,0.0003710912734247543,0.03585451415112098,7.772456853150997e-17
0.005740574057405741,0.00037040253366827166,0.03578829110667558,7.772456853150997e-17
0.005750575057505751,0.0003697150649358872,0.03572219037551303,7.772456853150997e-17
0.00576057605760576,0.00036902886491453667,0.03565621173171899,7.772456853150997e-17
0.0057705770577057705,0.00036834393129430115,0.035590354949796496,7.772456853150997e-17
0.005780578057805781,0.000367660261768487,0.035524619804665265,7.772456853150997e-17
0.005790579057905791,0.00036697785403365493,0.03545900607166066,7.772456853150997e-17
0.005800580058005801,0.0003662967057895446,0.03539351352653322,7.772456853150997e-17
0.0058105810581058105,0.00036561681473917817,0.03532814194544773,7.772456853150997e-17
0.005820582058205821,0.00036493817858892136,0.03526289110498251,7.772456853150997e-17
0.005830583058305831,0.000364260795048402,0.035197760782128475,7.772456853150997e-17
0.005840584058405841,0.000363584661830583,0.035132750754288636,7.772456853150997e-17
0.0058505850585058505,0.00036290977665189776,0.03506786079927726,7.772456853150997e-17
0.005860586058605861,0.00036223613723210355,0.03500309069531897,7.772456853150997e-17
0.005870587058705871,0.0003615637412942921,0.034938440221048146,7.772456853150997e-17
0.005880588058805881,0.0003608925865651404,0.03487390915550801,7.772456853150997e-17
0.0058905890589058905,0.0003602226707747005,0.03480949727815007,7.772456853150997e-17
0.005900590059005901,0.0003595539916563627,0.034745204368833014,7.772456853150997e-17
0.005910591059105911,0.0003588865469472362,0.03468103020782251,7.772456853150997e-17
0.005920592059205921,0.0003582203343877416,0.03461697457579002,7.772456853150997e-17
0.0059305930593059305,0.0003575553517219301,0.03455303725381203,7.772456853150997e-17
0.005940594059405941,0.00035689159669732287,0.034489218023369614,7.772456853150997e-17
0.005950595059505951,0.0003562290670649515,0.034425516666347404,7.772456853150997e-17
0.005960596059605961,0.0003555677605794957,0.034361932965032885,7.772456853150997e-17
0.00597059705970597,0.00035490767499916876,0.03429846670211589,7.772456853150997e-17
0.005980598059805981,0.000354248808085755,0.034235117660687577,7.772456853150997e-17
0.005990599059905991,0.0003535911576046244,0.034171885624239666,7.772456853150997e-17
0.006000600060006001,0.00035293472132474744,0.03410877037666398,7.772456853150997e-17
0.00601060106010601,0.0003522794970186742,0.034045771702251454,7.772456853150997e-17
0.006020602060206021,0.00035162548246265256,0.03398288938569145,7.772456853150997e-17
0.006030603060306031,0.00035097267543652807,0.03392012321207117,7.772456853150997e-17
0.006040604060406041,0.00035032107372385017,0.03385747296687467,7.772456853150997e-17
0.00605060506050605,0.0003496706751117222,0.033794938435982316,7.772456853150997e-17
0.006060606060606061,0.00034902147739087876,0.03373251940567,7.772456853150997e-17
0.006070607060706071,0.0003483734783558553,0.03367021566260845,7.772456853150997e-17
0.006080608060806081,0.0003477266758047736,0.033608026993862235,7.772456853150997e-17
0.006090609060906091,0.0003470810675394616,0.033545953186889466,7.772456853150997e-17
0.006100610061006101,0.0003464366513652703,0.03348399402954081,7.772456853150997e-17
0.006110611061106111,0.00034579342509153825,0.0334221493100587,7.772456853150997e-17
0.006120612061206121,0.00034515138653108907,0.03336041881707684,7.772456853150997e-17
0.006130613061306131,0.0003445105335005515,0.03329880233961929,7.772456853150997e-17
0.0061406140614061406,0.00034387086382010364,0.03323729966709973,7.772456853150997e-17
0.006150615061506151,0.0003432323753137239,0.033175910589321025,7.772456853150997e-17
0.006160616061606161,0.0003425950658091302,0.03311463489647413,7.772456853150997e-17
0.006170617061706171,0.0003419589331376853,0.0330534723791376,7.772456853150997e-17
0.0061806180618061805,0.00034132397513455425,0.032992422828276746,7.772456853150997e-17
0.006190619061906191,0.00034069018963854043,0.03293148603524316,7.772456853150997e-17
0.006200620062006201,0.00034005757449222175,0.03287066179177374,7.772456853150997e-17
0.006210621062106211,0.00033942612754184095,0.032809949889989934,7.772456853150997e-17
0.0062206220622062205,0.00033879584663741564,0.03274935012239741,7.772456853150997e-17
0.006230623062306231,0.00033816672963267236,0.03268886228188481,7.772456853150997e-17
0.006240624062406241,0.0003375387743849825,0.03262848616172357,7.772456853150997e-17
0.006250625062506251,0.00033691197875557833,0.03256822155556693,7.772456853150997e-17
0.0062606260626062605,0.00033628634060933564,0.032508068257449216,7.772456853150997e-17
0.006270627062706271,0.0003356618578149506,0.03244802606178511,7.772456853150997e-17
0.006280628062806281,0.00033503852824471545,0.0323880947633692,7.772456853150997e-17
0.006290629062906291,0.00033441634977470137,0.03232827415737496,7.772456853150997e-17
0.0063006300630063005,0.0003337953202847632,0.0322685640393544,7.772456853150997e-17
0.006310631063106311,0.00033317543765834956,0.0322089642052369,7.772456853150997e-17
0.006320632063206321,0.0003325566997827918,0.0321494744513289,7.772456853150997e-17
0.006330633063306331,0.000331939104549098,0.032090094574313034,7.772456853150997e-17
0.0063406340634063404,0.000331322649851922,0.032030824371247546,7.772456853150997e-17
0.006350635063506351,0.00033070733358969777,0.03197166363956545,7.772456853150997e-17
0.006360636063606361,0.0003300931536645794,0.03191261217707398,7.772456853150997e-17
0.006370637063706371,0.000329480107982475,0.03185366978195382,7.772456853150997e-17
0.00638063806380638,0.00032886819445296155,0.0317948362527584,7.772456853150997e-17
0.006390639063906391,0.00032825741098929597,0.03173611138841321,7.772456853150997e-17
0.006400640064006401,0.0003276477555085573,0.031677494988215156,7.772456853150997e-17
0.006410641064106411,0.00032703922593139517,0.031618986851831926,7.772456853150997e-17
0.006420642064206421,0.0003264318201822809,0.031560586779301174,7.772456853150997e-17
0.006430643064306431,0.0003258255361893261,0.0315022945710298,7.772456853150997e-17
0.006440644064406441,0.0003252203718844665,0.031444110027793515,7.772456853150997e-17
0.006450645064506451,0.00032461632520312903,0.03138603295073586,7.772456853150997e-17
0.006460646064606461,0.00032401339408462615,0.03132806314136784,7.772456853150997e-17
0.006470647064706471,0.00032341157647187887,0.03127020040156692,7.772456853150997e-17
0.006480648064806481,0.0003228108703115322,0.031212444533576585,7.772456853150997e-17
0.006490649064906491,0.0003222112735538874,0.03115479534000563,7.772456853150997e-17
0.006500650065006501,0.00032161278415287185,0.031097252623827332,7.772456853150997e-17
0.006510651065106511,0.000321015400066268,0.03103981618837888,7.772456853150997e-17
0.006520652065206521,0.000320419119255359,0.030982485837360803,7.772456853150997e-17
0.006530653065306531,0.0003198239396852329,0.030925261374836203,7.772456853150997e-17
0.006540654065406541,0.000319229859324497,0.030868142605230024,7.772456853150997e-17
0.0065506550655065506,0.00031863687614557657,0.030811129333328423,7.772456853150997e-17
0.006560656065606561,0.00031804498812446346,0.030754221364278116,7.772456853150997e-17
0.006570657065706571,0.00031745419324089816,0.030697418503585747,7.772456853150997e-17
0.006580658065806581,0.0003168644894781303,0.030640720557117203,7.772456853150997e-17
0.0065906590659065905,0.00031627587482319574,0.030584127331096996,7.772456853150997e-17
0.006600660066006601,0.0003156883472667164,0.030527638632107484,7.772456853150997e-17
0.006610661066106611,0.0003151019048029562,0.030471254267088188,7.772456853150997e-17
0.006620662066206621,0.00031451654542979463,0.03041497404333545,7.772456853150997e-17
0.0066306630663066305,0.00031393226714883973,0.030358797768501297,7.772456853150997e-17
0.006640664066406641,0.0003133490679651793,0.030302725250593115,7.772456853150997e-17
0.006650665066506651,0.00031276694588764265,0.03024675629797292,7.772456853150997e-17
0.006660666066606661,0.00031218589892860964,0.030190890719356774,7.772456853150997e-17
0.0066706670667066705,0.00031160592510408823,0.030135128323813834,7.772456853150997e-17
0.006680668066806681,0.00031102702243370763,0.03007946892076601,7.772456853150997e-17
0.006690669066906691,0.0003104491889406761,0.03002391231998725,7.772456853150997e-17
0.006700670067006701,0.00030987242265188586,0.029968458331602898,7.772456853150997e-17
0.0067106710671067105,0.00030929672159769493,0.02991310676608887,7.772456853150997e-17
0.006720672067206721,0.0003087220838121309,0.029857857434271183,7.772456853150997e-17
0.006730673067306731,0.00030814850733277345,0.029802710147325356,7.772456853150997e-17
0.006740674067406741,0.00030757599020078105,0.029747664716775413,7.772456853150997e-17
0.006750675067506751,0.000307004530460927,0.029692720954493775,7.772456853150997e-17
0.006760676067606761,0.00030643412616153165,0.029637878672700173,7.772456853150997e-17
0.006770677067706771,0.0003058647753544324,0.029583137683961303,7.772456853150997e-17
0.006780678067806781,0.00030529647609505746,0.02952849780118984,7.772456853150997e-17
0.006790679067906791,0.0003047292264423927,0.029473958837644254,7.772456853150997e-17
0.006800680068006801,0.00030416302445900436,0.029419520606927842,7.772456853150997e-17
0.006810681068106811,0.0003035978682109217,0.029365182922988082,7.772456853150997e-17
0.006820682068206821,0.00030303375576772057,0.029310945600116184,7.772456853150997e-17
0.006830683068306831,0.0003024706852026056,0.029256808452946356,7.772456853150997e-17
0.006840684068406841,0.0003019086545922455,0.029202771296455095,7.772456853150997e-17
0.006850685068506851,0.00030134766201676073,0.02914883394596077,7.772456853150997e-17
0.006860686068606861,0.0003007877055598898,0.029094996217122745,7.772456853150997e-17
0.006870687068706871,0.0003002287833088347,0.02904125792594095,7.772456853150997e-17
0.006880688068806881,0.00029967089335430273,0.028987618888755104,7.772456853150997e-17
0.006890689068906891,0.00029911403379050453,0.028934078922244113,7.772456853150997e-17
0.006900690069006901,0.0002985582027151256,0.0288806378434256,7.772456853150997e-17
0.006910691069106911,0.00029800339822938954,0.02882729546965505,7.772456853150997e-17
0.0069206920692069206,0.0002974496184379424,0.02877405161862533,7.772456853150997e-17
0.006930693069306931,0.0002968968614489637,0.02872090610836608,7.772456853150997e-17
0.006940694069406941,0.000296345125374041,0.02866785875724289,7.772456853150997e-17
0.006950695069506951,0.0002957944083282874,0.028614909383956947,7.772456853150997e-17
0.0069606960696069605,0.00029524470843022654,0.02856205780754436,7.772456853150997e-17
0.006970697069706971,0.0002946960238018076,0.02850930384737526,7.772456853150997e-17
0.006980698069806981,0.0002941483525685284,0.028456647323153693,7.772456853150997e-17
0.006990699069906991,0.0002936016928592503,0.028404088054916416,7.772456853150997e-17
0.0070007000700070005,0.0002930560428062473,0.028351625863032758,7.772456853150997e-17
0.007010701070107011,0.00029251140054533346,0.028299260568203782,7.772456853150997e-17
0.007020702070207021,0.0002919677642156523,0.028246991991461804,7.772456853150997e-17
0.007030703070307031,0.00029142513195982945,0.028194819954169448,7.772456853150997e-17
0.007040704070407041,0.0002908835019238608,0.028142744278019497,7.772456853150997e-17
0.007050705070507051,0.0002903428722571303,0.028090764785034014,7.772456853150997e-17
0.007060706070607061,0.0002898032411125257,0.02803888129756379,7.772456853150997e-17
0.007070707070707071,0.0002892646066461398,0.02798709363828774,7.772456853150997e-17
0.007080708070807081,0.00028872696701765746,0.02793540163021217,7.772456853150997e-17
0.007090709070907091,0.00028819032039005007,0.027883805096670475,7.772456853150997e-17
0.007100710071007101,0.00028765466492965456,0.027832303861322336,7.772456853150997e-17
0.007110711071107111,0.00028711999880628086,0.027780897748152972,7.772456853150997e-17
0.007120712071207121,0.00028658632019296966,0.027729586581472763,7.772456853150997e-17
0.007130713071307131,0.00028605362726618575,0.02767837018591676,7.772456853150997e-17
0.007140714071407141,0.00028552191820574755,0.027627248386443665,7.772456853150997e-17
0.007150715071507151,0.0002849911911949048,0.027576221008335646,7.772456853150997e-17
0.007160716071607161,0.00028446144442007725,0.027525287877197442,7.772456853150997e-17
0.007170717071707171,0.0002839326760711561,0.02747444881895605,7.772456853150997e-17
0.007180718071807181,0.00028340488434137965,0.027423703659859845,7.772456853150997e-17
0.007190719071907191,0.00028287806742722133,0.02737305222647827,7.772456853150997e-17
0.007200720072007201,0.0002823522235284402,0.027322494345700915,7.772456853150997e-17
0.007210721072107211,0.0002818273508483209,0.027272029844737186,7.772456853150997e-17
0.007220722072207221,0.0002813034475932751,0.02722165855111572,7.772456853150997e-17
0.007230723072307231,0.00028078051197303483,0.027171380292683595,7.772456853150997e-17
0.007240724072407241,0.00028025854220065007,0.027121194897605852,7.772456853150997e-17
0.007250725072507251,0.0002797375364924755,0.02707110219436496,7.772456853150997e-17
0.007260726072607261,0.00027921749306815315,0.027021102011760126,7.772456853150997e-17
0.007270727072707271,0.0002786984101505897,0.02697119417890684,7.772456853150997e-17
0.007280728072807281,0.0002781802859660289,0.02692137852523614,7.772456853150997e-17
0.007290729072907291,0.00027766311874389405,0.026871654880494186,7.772456853150997e-17
0.007300730073007301,0.00027714690671694657,0.026822023074741488,7.772456853150997e-17
0.007310731073107311,0.00027663164812106447,0.026772482938352465,7.772456853150997e-17
0.007320732073207321,0.000276117341195606,0.02672303430201493,7.772456853150997e-17
0.0073307330733073306,0.0002756039841830074,0.026673676996729408,7.772456853150997e-17
0.007340734073407341,0.0002750915753289802,0.026624410853808327,7.772456853150997e-17
0.007350735073507351,0.00027458011288240564,0.02657523570487595,7.772456853150997e-17
0.007360736073607361,0.0002740695950955733,0.026526151381867456,7.772456853150997e-17
0.007370737073707371,0.0002735600202237825,0.026477157717028344,7.772456853150997e-17
0.007380738073807381,0.00027305138652572734,0.026428254542914056,7.772456853150997e-17
0.007390739073907391,0.00027254369226321093,0.026379441692389323,7.772456853150997e-17
0.007400740074007401,0.0002720369357012233,0.026330718998627396,7.772456853150997e-17
0.007410741074107411,0.0002715311151080415,0.026282086295109842,7.772456853150997e-17
0.007420742074207421,0.0002710262287551606,0.026233543415625792,7.772456853150997e-17
0.007430743074307431,0.0002705222749170891,0.026185090194271184,7.772456853150997e-17
0.007440744074407441,0.000270019251871632,0.026136726465448613,7.772456853150997e-17
0.007450745074507451,0.00026951715789979663,0.026088452063866212,7.772456853150997e-17
0.007460746074607461,0.00026901599128568364,0.026040266824537743,7.772456853150997e-17
0.007470747074707471,0.00026851575031667434,0.025992170582781582,7.772456853150997e-17
0.007480748074807481,0.00026801643328314573,0.025944163174220214,7.772456853150997e-17
0.007490749074907491,0.0002675180384787664,0.02589624443477979,7.772456853150997e-17
0.007500750075007501,0.00026702056420027594,0.025848414200689368,7.772456853150997e-17
0.007510751075107511,0.00026652400874760916,0.025800672308480686,7.772456853150997e-17
0.007520752075207521,0.00026602837042382244,0.02575301859498733,7.772456853150997e-17
0.007530753075307531,0.0002655336475351047,0.025705452897344164,7.772456853150997e-17
0.007540754075407541,0.0002650398383906961,0.02565797505298694,7.772456853150997e-17
0.007550755075507551,0.0002645469413030894,0.025610584899651696,7.772456853150997e-17
0.007560756075607561,0.0002640549545878458,0.02556328227537422,7.772456853150997e-17
0.007570757075707571,0.00026356387656350085,0.025516067018489182,7.772456853150997e-17
0.007580758075807581,0.0002630737055518451,0.0254689389676302,7.772456853150997e-17
0.007590759075907591,0.000262584439877772,0.025421897961728612,7.772456853150997e-17
0.007600760076007601,0.0002620960778691743,0.025374943840013427,7.772456853150997e-17
0.007610761076107611,0.00026160861785702274,0.025328076442010582,7.772456853150997e-17
0.007620762076207621,0.000261122058175565,0.025281295607542446,7.772456853150997e-17
0.007630763076307631,0.0002606363971618298,0.025234601176727104,7.772456853150997e-17
0.007640764076407641,0.0002601516331561632,0.025187992989978085,7.772456853150997e-17
0.007650765076507651,0.00025966776450182013,0.025141470888003538,7.772456853150997e-17
0.007660766076607661,0.00025918478954513677,0.02509503471180593,7.772456853150997e-17
0.007670767076707671,0.0002587027066355204,0.025048684302681354,7.772456853150997e-17
0.007680768076807681,0.0002582215141254887,0.025002419502219004,7.772456853150997e-17
0.007690769076907691,0.00025774121037058794,0.024956240152300684,7.772456853150997e-17
0.0077007700770077014,0.00025726179372925187,0.024910146095100196,7.772456853150997e-17
0.007710771077107711,0.0002567832625631155,0.02486413717308292,7.772456853150997e-17
0.007720772077207721,0.0002563056152367531,0.02481821322900518,7.772456853150997e-17
0.007730773077307731,0.0002558288501177943,0.024772374105913698,7.772456853150997e-17
0.007740774077407741,0.0002553529655768235,0.02472661964714515,7.772456853150997e-17
0.007750775077507751,0.0002548779599875217,0.024680949696325467,7.772456853150997e-17
0.007760776077607761,0.00025440383172653167,0.024635364097369442,7.772456853150997e-17
0.007770777077707771,0.0002539305791734197,0.024589862694480193,7.772456853150997e-17
0.007780778077807781,0.00025345820071081995,0.024544445332148564,7.772456853150997e-17
0.007790779077907791,0.00025298669472435185,0.024499111855152668,7.772456853150997e-17
0.007800780078007801,0.00025251605960269175,0.02445386210855722,7.772456853150997e-17
0.007810781078107811,0.0002520462937373322,0.024408695937713214,7.772456853150997e-17
0.00782078207820782,0.0002515773955227616,0.024363613188257097,7.772456853150997e-17
0.007830783078307832,0.0002511093633565207,0.02431861370611059,7.772456853150997e-17
0.007840784078407841,0.00025064219563909865,0.024273697337479992,7.772456853150997e-17
0.00785078507850785,0.00025017589077391486,0.024228863928855565,7.772456853150997e-17
0.007860786078607861,0.0002497104471672606,0.024184113327011134,7.772456853150997e-17
0.00787078707870787,0.0002492458632284979,0.02413944537900358,7.772456853150997e-17
0.007880788078807882,0.0002487821373698182,0.024094859932172225,7.772456853150997e-17
0.007890789078907891,0.0002483192680063972,0.024050356834138385,7.772456853150997e-17
0.0079007900790079,0.0002478572535563032,0.024005935932804746,7.772456853150997e-17
0.007910791079107912,0.0002473960924406146,0.02396159707635501,7.772456853150997e-17
0.007920792079207921,0.00024693578308321583,0.023917340113253163,7.772456853150997e-17
0.00793079307930793,0.0002464763239109083,0.023873164892243226,7.772456853150997e-17
0.007940794079407941,0.0002460177133535698,0.023829071262348456,7.772456853150997e-17
0.00795079507950795,0.0002455599498437716,0.02378505907287108,7.772456853150997e-17
0.007960796079607962,0.0002451030318170338,0.023741128173391524,7.772456853150997e-17
0.007970797079707971,0.00024464695771172145,0.023697278413768195,7.772456853150997e-17
0.00798079807980798,0.0002441917259692525,0.023653509644136674,7.772456853150997e-17
0.007990799079907992,0.00024373733503381748,0.023609821714909444,7.772456853150997e-17
0.008000800080008,0.00024328378335241989,0.02356621447677517,7.772456853150997e-17
0.008010801080108012,0.00024283106937497578,0.02352268778069838,7.772456853150997e-17
0.008020802080208021,0.00024237919155434718,0.02347924147791878,7.772456853150997e-17
0.00803080308030803,0.00024192814834609396,0.023435875419950944,7.772456853150997e-17
0.008040804080408042,0.00024147793820880321,0.023392589458583635,7.772456853150997e-17
0.008050805080508051,0.00024102855960381122,0.023349383445879328,7.772456853150997e-17
0.00806080608060806,0.0002405800109952876,0.023306257234173865,7.772456853150997e-17
0.008070807080708071,0.00024013229085026642,0.02326321067607572,7.772456853150997e-17
0.00808080808080808,0.00023968539763855683,0.023220243624465536,7.772456853150997e-17
0.008090809080908092,0.00023923932983289527,0.023177355932495834,7.772456853150997e-17
0.008100810081008101,0.0002387940859086938,0.023134547453590226,7.772456853150997e-17
0.00811081108110811,0.00023834966434442307,0.023091818041443175,7.772456853150997e-17
0.008120812081208122,0.00023790606362105932,0.02304916755001926,7.772456853150997e-17
0.008130813081308131,0.00023746328222260004,0.023006595833552898,7.772456853150997e-17
0.00814081408140814,0.00023702131863579607,0.022964102746547574,7.772456853150997e-17
0.008150815081508151,0.0002365801713501546,0.02292168814377557,7.772456853150997e-17
0.00816081608160816,0.0002361398388578995,0.022879351880277555,7.772456853150997e-17
0.008170817081708172,0.0002357003196542664,0.022837093811361696,7.772456853150997e-17
0.008180818081808181,0.00023526161223709412,0.022794913792603632,7.772456853150997e-17
0.00819081908190819,0.00023482371510699288,0.02275281167984553,7.772456853150997e-17
0.008200820082008202,0.00023438662676742485,0.02271078732919587,7.772456853150997e-17
0.008210821082108211,0.00023395034572454558,0.022668840597029116,7.772456853150997e-17
0.00822082208220822,0.00023351487048730045,0.02262697133998472,7.772456853150997e-17
0.008230823082308231,0.000233080199567444,0.022585179414967106,7.772456853150997e-17
0.00824082408240824,0.00023264633147934127,0.022543464679144875,7.772456853150997e-17
0.008250825082508252,0.00023221326474017745,0.022501826989950516,7.772456853150997e-17
0.008260826082608261,0.0002317809978699757,0.022460266205079824,7.772456853150997e-17
0.00827082708270827,0.00023134952939128905,0.022418782182491333,7.772456853150997e-17
0.008280828082808282,0.00023091885782960885,0.02237737478040609,7.772456853150997e-17
0.008290829082908291,0.0002304889817129844,0.02233604385730689,7.772456853150997e-17
0.0083008300830083,0.00023005989957226915,0.022294789271937985,7.772456853150997e-17
0.008310831083108311,0.00022963160994096668,0.022253610883304374,7.772456853150997e-17
0.00832083208320832,0.0002292041113553867,0.022212508550671733,7.772456853150997e-17
0.008330833083308332,0.00022877740235444864,0.022171482133565446,7.772456853150997e-17
0.008340834083408341,0.00022835148147979636,0.022130531491770376,7.772456853150997e-17
0.00835083508350835,0.00022792634727579011,0.02208965648533052,7.772456853150997e-17
0.008360836083608362,0.00022750199828947966,0.02204885697454812,7.772456853150997e-17
0.00837083708370837,0.00022707843307057113,0.022008132819983716,7.772456853150997e-17
0.008380838083808382,0.0002266556501714024,0.021967483882455122,7.772456853150997e-17
0.008390839083908391,0.00022623364814713953,0.02192691002303748,7.772456853150997e-17
0.0084008400840084,0.00022581242555548136,0.021886411103062307,7.772456853150997e-17
0.008410841084108412,0.00022539198095682315,0.02184598698411744,7.772456853150997e-17
0.008420842084208421,0.00022497231291425333,0.021805637528046148,7.772456853150997e-17
0.00843084308430843,0.00022455341999348623,0.021765362596947054,7.772456853150997e-17
0.008440844084408441,0.00022413530076290046,0.021725162053173406,7.772456853150997e-17
0.00845084508450845,0.00022371795379343617,0.021685035759332595,7.772456853150997e-17
0.008460846084608462,0.00022330137765878917,0.02164498357828589,7.772456853150997e-17
0.008470847084708471,0.00022288557093522136,0.021605005373147874,7.772456853150997e-17
0.00848084808480848,0.00022247053220172464,0.021565101007285908,7.772456853150997e-17
0.008490849084908492,0.0002220562600397198,0.02152527034431974,7.772456853150997e-17
0.008500850085008501,0.000221642753033427,0.02148551324812092,7.772456853150997e-17
0.00851085108510851,0.0002212300097695965,0.021445829582812558,7.772456853150997e-17
0.008520852085208521,0.00022081802883759202,0.021406219212768564,7.772456853150997e-17
0.00853085308530853,0.0002204068088294145,0.021366682002613532,7.772456853150997e-17
0.008540854085408542,0.0002199963483396754,0.021327217817221997,7.772456853150997e-17
0.008550855085508551,0.00021958664596551659,0.021287826521718026,7.772456853150997e-17
0.00856085608560856,0.00021917770030670342,0.02124850798147491,7.772456853150997e-17
0.008570857085708572,0.0002187695099656474,0.021209262062114497,7.772456853150997e-17
0.008580858085808581,0.00021836207354726484,0.021170088629506884,7.772456853150997e-17
0.00859085908590859,0.00021795538965906284,0.021130987549769886,7.772456853150997e-17
0.008600860086008601,0.00021754945691118704,0.021091958689268612,7.772456853150997e-17
0.00861086108610861,0.0002171442739162284,0.021053001914614962,7.772456853150997e-17
0.008620862086208622,0.00021673983928942336,0.02101411709266718,7.772456853150997e-17
0.008630863086308631,0.0002163361516485065,0.020975304090529542,7.772456853150997e-17
0.00864086408640864,0.00021593320961390685,0.020936562775551667,7.772456853150997e-17
0.008650865086508652,0.00021553101180840222,0.020897893015328184,7.772456853150997e-17
0.008660866086608661,0.00021512955685746367,0.020859294677698342,7.772456853150997e-17
0.008670867086708672,0.00021472884338901002,0.02082076763074542,7.772456853150997e-17
0.008680868086808681,0.0002143288700335923,0.020782311742796364,7.772456853150997e-17
0.00869086908690869,0.00021392963542420622,0.02074392688242139,7.772456853150997e-17
0.008700870087008702,0.0002135311381963851,0.02070561291843334,7.772456853150997e-17
0.008710871087108711,0.0002131333769882288,0.020667369719887408,7.772456853150997e-17
0.00872087208720872,0.00021273635044029483,0.020629197156080723,7.772456853150997e-17
0.008730873087308732,0.00021234005719563648,0.020591095096551704,7.772456853150997e-17
0.008740874087408741,0.0002119444958999157,0.02055306341107977,7.772456853150997e-17
0.008750875087508752,0.00021154966520121386,0.020515101969684948,7.772456853150997e-17
0.008760876087608761,0.0002111555637501295,0.020477210642627076,7.772456853150997e-17
0.00877087708770877,0.00021076219019971202,0.020439389300405945,7.772456853150997e-17
0.008780878087808782,0.0002103695432056182,0.020401637813760358,7.772456853150997e-17
0.008790879087908791,0.0002099776214258726,0.020363956053667795,7.772456853150997e-17
0.0088008800880088,0.00020958642352094173,0.020326343891344238,7.772456853150997e-17
0.008810881088108811,0.00020919594815395473,0.020288801198243403,7.772456853150997e-17
0.00882088208820882,0.00020880619399032686,0.02025132784605642,7.772456853150997e-17
0.008830883088308832,0.00020841715969799256,0.02021392370671143,7.772456853150997e-17
0.008840884088408841,0.00020802884394749766,0.020176588652373175,7.772456853150997e-17
0.00885088508850885,0.00020764124541156615,0.020139322555442388,7.772456853150997e-17
0.008860886088608862,0.00020725436276550164,0.020102125288555612,7.772456853150997e-17
0.008870887088708871,0.0002068681946871252,0.020064996724584495,7.772456853150997e-17
0.00888088808880888,0.00020648273985662802,0.020027936736635613,7.772456853150997e-17
0.008890889088908891,0.00020609799695662324,0.01999094519804987,7.772456853150997e-17
0.0089008900890089,0.00020571396467225337,0.01995402198240207,7.772456853150997e-17
0.008910891089108912,0.00020533064169094215,0.019917166963500536,7.772456853150997e-17
0.008920892089208921,0.00020494802670265264,0.01988038001538663,7.772456853150997e-17
0.00893089308930893,0.0002045661183997318,0.019843661012334455,7.772456853150997e-17
0.008940894089408942,0.00020418491547693555,0.019807009828850256,7.772456853150997e-17
0.008950895089508951,0.00020380441663147588,0.019770426339672197,7.772456853150997e-17
0.008960896089608962,0.00020342462056282626,0.01973391041976958,7.772456853150997e-17
0.008970897089708971,0.00020304552597307548,0.019697461944342715,7.772456853150997e-17
0.00898089808980898,0.0002026671315665253,0.01966108078882254,7.772456853150997e-17
0.008990899089908992,0.00020228943605001982,0.019624766828869933,7.772456853150997e-17
0.009000900090009001,0.00020191243813261282,0.019588519940375516,7.772456853150997e-17
0.00901090109010901,0.0002015361365259461,0.019552339999458997,7.772456853150997e-17
0.009020902090209022,0.00020116052994391813,0.019516226882469047,7.772456853150997e-17
0.009030903090309031,0.0002007856171028436,0.01948018046598267,7.772456853150997e-17
0.009040904090409042,0.00020041139672136225,0.01944420062680473,7.772456853150997e-17
0.009050905090509051,0.00020003786752048117,0.019408287241967866,7.772456853150997e-17
0.00906090609060906,0.00019966502822366664,0.019372440188731577,7.772456853150997e-17
0.009070907090709072,0.00019929287755658407,0.019336659344582244,7.772456853150997e-17
0.009080908090809081,0.0001989214142474058,0.019300944587232388,7.772456853150997e-17
0.00909090909090909,0.00019855063702660107,0.019265295794620527,7.772456853150997e-17
0.009100910091009102,0.00019818054462698585,0.0192297128449105,7.772456853150997e-17
0.009110911091109111,0.0001978111357836589,0.019194195616491275,7.772456853150997e-17
0.009120912091209122,0.00019744240923415208,0.019158743987976404,7.772456853150997e-17
0.009130913091309131,0.00019707436371820762,0.019123357838203677,7.772456853150997e-17
0.00914091409140914,0.00019670699797796532,0.019088037046234553,7.772456853150997e-17
0.009150915091509152,0.0001963403107579432,0.019052781491353928,7.772456853150997e-17
0.009160916091609161,0.00019597430080491368,0.01901759105306973,7.772456853150997e-17
0.00917091709170917,0.00019560896686798617,0.018982465611112317,7.772456853150997e-17
0.009180918091809182,0.000195244307698493,0.018947405045434188,7.772456853150997e-17
0.00919091909190919,0.00019488032205018256,0.01891240923620971,7.772456853150997e-17
0.009200920092009202,0.00019451700867912904,0.018877478063834472,7.772456853150997e-17
0.009210921092109211,0.00019415436634360745,0.018842611408924948,7.772456853150997e-17
0.00922092209220922,0.00019379239380423532,0.018807809152318104,7.772456853150997e-17
0.009230923092309232,0.00019343108982380265,0.018773071175071026,7.772456853150997e-17
0.009240924092409241,0.00019307045316759627,0.01873839735846059,7.772456853150997e-17
0.00925092509250925,0.00019271048260305,0.018703787583982716,7.772456853150997e-17
0.009260926092609261,0.00019235117689992302,0.018669241733352413,7.772456853150997e-17
0.00927092709270927,0.00019199253483020068,0.018634759688503116,7.772456853150997e-17
0.009280928092809282,0.00019163455516815381,0.018600341331586258,7.772456853150997e-17
0.009290929092909291,0.00019127723669035647,0.018565986544970936,7.772456853150997e-17
0.0093009300930093,0.0001909205781755315,0.018531695211243582,7.772456853150997e-17
0.009310931093109312,0.0001905645784048604,0.01849746721320741,7.772456853150997e-17
0.009320932093209321,0.00019020923616159074,0.01846330243388223,7.772456853150997e-17
0.009330933093309332,0.00018985455023121542,0.018429200756503804,7.772456853150997e-17
0.009340934093409341,0.00018950051940162484,0.018395162064523546,7.772456853150997e-17
0.00935093509350935,0.00018914714246280566,0.018361186241608176,7.772456853150997e-17
0.009360936093609362,0.00018879441820704286,0.018327273171639253,7.772456853150997e-17
0.009370937093709371,0.00018844234542887207,0.01829342273871287,7.772456853150997e-17
0.00938093809380938,0.00018809092292493398,0.018259634827139083,7.772456853150997e-17
0.009390939093909392,0.0001877401494942431,0.018225909321441712,7.772456853150997e-17
0.009400940094009401,0.00018739002393796612,0.01819224610635781,7.772456853150997e-17
0.009410941094109412,0.00018704054505947767,0.01815864506683743,7.772456853150997e-17
0.009420942094209421,0.00018669171166434516,0.01812510608804295,7.772456853150997e-17
0.00943094309430943,0.0001863435225603696,0.01809162905534895,7.772456853150997e-17
0.009440944094409442,0.00018599597655760087,0.01805821385434179,7.772456853150997e-17
0.009450945094509451,0.00018564907246826823,0.01802486037081894,7.772456853150997e-17
0.00946094609460946,0.00018530280910663866,0.017991568490789006,7.772456853150997e-17
0.009470947094709472,0.00018495718528945159,0.017958338100471018,7.772456853150997e-17
0.009480948094809481,0.00018461219983541036,0.017925169086294223,7.772456853150997e-17
0.009490949094909492,0.0001842678515654103,0.017892061334897607,7.772456853150997e-17
0.009500950095009501,0.00018392413930266106,0.017859014733129546,7.772456853150997e-17
0.00951095109510951,0.00018358106187236112,0.017826029168047368,7.772456853150997e-17
0.009520952095209522,0.00018323861810211543,0.017793104526917052,7.772456853150997e-17
0.009530953095309531,0.00018289680682145076,0.01776024069721276,7.772456853150997e-17
0.00954095409540954,0.00018255562686218867,0.017727437566616537,7.772456853150997e-17
0.009550955095509552,0.000182215077058314,0.01769469502301782,7.772456853150997e-17
0.00956095609560956,0.00018187515624591358,0.01766201295451312,7.772456853150997e-17
0.009570957095709572,0.00018153586326331568,0.017629391249405626,7.772456853150997e-17
0.009580958095809581,0.00018119719695086324,0.017596829796204947,7.772456853150997e-17
0.00959095909590959,0.00018085915615110692,0.017564328483626362,7.772456853150997e-17
0.009600960096009602,0.000180521739708709,0.01753188720059099,7.772456853150997e-17
0.009610961096109611,0.0001801849464705614,0.017499505836224928,7.772456853150997e-17
0.009620962096209622,0.0001798487752855895,0.017467184279859084,7.772456853150997e-17
0.009630963096309631,0.00017951322500479923,0.017434922421028776,7.772456853150997e-17
0.00964096409640964,0.00017917829448144061,0.017402720149473347,7.772456853150997e-17
0.009650965096509652,0.00017884398257082444,0.01737057735513579,7.772456853150997e-17
0.009660966096609661,0.00017851028813039286,0.017338493928162398,7.772456853150997e-17
0.00967096709670967,0.00017817721001965885,0.01730646975890238,7.772456853150997e-17
0.009680968096809682,0.00017784474710030008,0.017274504737907453,7.772456853150997e-17
0.009690969096909691,0.00017751289823608616,0.01724259875593137,7.772456853150997e-17
0.009700970097009702,0.0001771816622928114,0.017210751703929824,7.772456853150997e-17
0.009710971097109711,0.00017685103813842087,0.01717896347305981,7.772456853150997e-17
0.00972097209720972,0.0001765210246429688,0.01714723395467945,7.772456853150997e-17
0.009730973097309732,0.00017619162067859752,0.017115563040347406,7.772456853150997e-17
0.009740974097409741,0.00017586282511942793,0.017083950621822663,7.772456853150997e-17
0.00975097509750975,0.00017553463684180187,0.01705239659106422,7.772456853150997e-17
0.009760976097609762,0.0001752070547240863,0.01702090084023052,7.772456853150997e-17
0.009770977097709771,0.00017488007764670765,0.016989463261679213,7.772456853150997e-17
0.009780978097809782,0.0001745537044921903,0.01695808374796677,7.772456853150997e-17
0.009790979097909791,0.00017422793414503094,0.016926762191848157,7.772456853150997e-17
0.0098009800980098,0.0001739027654918848,0.016895498486276403,7.772456853150997e-17
0.009810981098109812,0.00017357819742139534,0.016864292524402125,7.772456853150997e-17
0.009820982098209821,0.00017325422882436787,0.01683314419957346,7.772456853150997e-17
0.00983098309830983,0.0001729308585935286,0.016802053405335485,7.772456853150997e-17
0.009840984098409842,0.00017260808562372953,0.01677102003542983,7.772456853150997e-17
0.009850985098509851,0.00017228590881181364,0.016740043983794403,7.772456853150997e-17
0.009860986098609862,0.0001719643270566702,0.016709125144563058,7.772456853150997e-17
0.009870987098709871,0.00017164333925929166,0.016678263412065186,7.772456853150997e-17
0.00988098809880988,0.00017132294432259116,0.016647458680825265,7.772456853150997e-17
0.009890989098909892,0.00017100314115156215,0.016616710845562703,7.772456853150997e-17
0.009900990099009901,0.000170683928653227,0.016586019801191225,7.772456853150997e-17
0.00991099109910991,0.00017036530573665218,0.016555385442818746,7.772456853150997e-17
0.009920992099209922,0.00017004727131285445,0.01652480766574692,7.772456853150997e-17
0.009930993099309931,0.00016972982429491076,0.01649428636547072,7.772456853150997e-17
0.009940994099409942,0.00016941296359784775,0.016463821437678182,7.772456853150997e-17
0.009950995099509951,0.00016909668813876202,0.01643341277825001,7.772456853150997e-17
0.00996099609960996,0.00016878099683677086,0.01640306028325919,7.772456853150997e-17
0.009970997099709972,0.00016846588861291263,0.016372763848970646,7.772456853150997e-17
0.009980998099809981,0.00016815136239025285,0.016342523371840893,7.772456853150997e-17
0.009990999099909992,0.00016783741709384866,0.016312338748517737,7.772456853150997e-17
0.010001000100010001,0.0001675240516507327,0.016282209875839847,7.772456853150997e-17
0.01001100110011001,0.00016721126498993192,0.016252136650836475,7.772456853150997e-17
0.010021002100210022,0.00016689905604235842,0.016222118970726958,7.772456853150997e-17
0.010031003100310031,0.0001665874237410925,0.016192156732920498,7.772456853150997e-17
0.01004100410041004,0.00016627636702100333,0.016162249835015973,7.772456853150997e-17
0.010051005100510052,0.00016596588481902866,0.01613239817480108,7.772456853150997e-17
0.010061006100610061,0.00016565597607406246,0.016102601650252523,7.772456853150997e-17
0.010071007100710072,0.00016534663972692546,0.016072860159535365,7.772456853150997e-17
0.010081008100810081,0.00016503787472039455,0.016043173601002762,7.772456853150997e-17
0.01009100910091009,0.0001647296799991677,0.01601354187319564,7.772456853150997e-17
0.010101010101010102,0.00016442205451000554,0.015983964874842205,7.772456853150997e-17
0.010111011101110111,0.0001641149972014662,0.01595444250485787,7.772456853150997e-17
0.01012101210121012,0.000163808507024182,0.015924974662344667,7.772456853150997e-17
0.010131013101310132,0.00016350258293065383,0.01589556124659101,7.772456853150997e-17
0.010141014101410141,0.0001631972238753499,0.015866202157071244,7.772456853150997e-17
0.010151015101510152,0.00016289242881466218,0.015836897293445576,7.772456853150997e-17
0.010161016101610161,0.0001625881967068484,0.01580764655555923,7.772456853150997e-17
0.01017101710171017,0.00016228452651217618,0.01577844984344276,7.772456853150997e-17
0.010181018101810182,0.0001619814171928628,0.01574930705731114,7.772456853150997e-17
0.010191019101910191,0.00016167886771285096,0.015720218097563715,7.772456853150997e-17
0.0102010201020102,0.00016137687703818732,0.01569118286478385,7.772456853150997e-17
0.010211021102110212,0.00016107544413674463,0.015662201259738315,7.772456853150997e-17
0.010221022102210221,0.00016077456797836934,0.01563327318337742,7.772456853150997e-17
0.010231023102310232,0.0001604742475346797,0.015604398536834336,7.772456853150997e-17
0.010241024102410241,0.0001601744817793753,0.015575577221424759,7.772456853150997e-17
0.01025102510251025,0.0001598752696878685,0.015546809138646766,7.772456853150997e-17
0.010261026102610262,0.00015957661023759757,0.015518094190180185,7.772456853150997e-17
0.010271027102710271,0.00015927850240786632,0.015489432277886716,7.772456853150997e-17
0.010281028102810282,0.00015898094517978776,0.015460823303809162,7.772456853150997e-17
0.010291029102910292,0.00015868393753638255,0.015432267170171172,7.772456853150997e-17
0.010301030103010301,0.00015838747846262427,0.015403763779377085,7.772456853150997e-17
0.010311031103110312,0.0001580915669452381,0.015375313034011531,7.772456853150997e-17
0.010321032103210321,0.00015779620197305257,0.015346914836838995,7.772456853150997e-17
0.01033103310331033,0.0001575013825364377,0.015318569090803535,7.772456853150997e-17
0.010341034103410342,0.00015720710762792816,0.015290275699028593,7.772456853150997e-17
0.010351035103510351,0.0001569133762416811,0.015262034564816446,7.772456853150997e-17
0.010361036103610362,0.00015662018737383748,0.015233845591648013,7.772456853150997e-17
0.010371037103710372,0.00015632754002235411,0.0152057086831824,7.772456853150997e-17
0.01038103810381038,0.0001560354331871464,0.015177623743256744,7.772456853150997e-17
0.010391039103910392,0.00015574386586982692,0.015149590675885748,7.772456853150997e-17
0.010401040104010401,0.00015545283707394322,0.0151216093852614,7.772456853150997e-17
0.01041104110411041,0.00015516234580485388,0.015093679775752657,7.772456853150997e-17
0.010421042104210422,0.00015487239106971973,0.015065801751905106,7.772456853150997e-17
0.010431043104310431,0.0001545829718775602,0.015037975218440656,7.772456853150997e-17
0.010441044104410442,0.00015429408723928353,0.015010200080257177,7.772456853150997e-17
0.010451045104510451,0.0001540057361675399,0.014982476242428204,7.772456853150997e-17
0.01046104610461046,0.00015371791767685634,0.014954803610202566,7.772456853150997e-17
0.010471047104710472,0.0001534306307835228,0.014927182089004128,7.772456853150997e-17
0.010481048104810481,0.00015314387450572113,0.014899611584431344,7.772456853150997e-17
0.01049104910491049,0.0001528576478634051,0.014872092002257177,7.772456853150997e-17
0.010501050105010502,0.0001525719498783313,0.014844623248428532,7.772456853150997e-17
0.010511051105110511,0.00015228677957411984,0.014817205229066092,7.772456853150997e-17
0.010521052105210522,0.0001520021359760983,0.014789837850463854,7.772456853150997e-17
0.010531053105310531,0.00015171801811144557,0.014762521019088927,7.772456853150997e-17
0.01054105410541054,0.00015143442500917983,0.01473525464158118,7.772456853150997e-17
0.010551055105510552,0.00015115135569997832,0.014708038624752881,7.772456853150997e-17
0.010561056105610561,0.00015086880921652465,0.01468087287558846,7.772456853150997e-17
0.010571057105710572,0.0001505867845931129,0.014653757301244165,7.772456853150997e-17
0.010581058105810582,0.00015030528086587946,0.014626691809047673,7.772456853150997e-17
0.010591059105910591,0.00015002429707268173,0.014599676306497892,7.772456853150997e-17
0.010601060106010602,0.0001497438322532822,0.014572710701264441,7.772456853150997e-17
0.010611061106110611,0.00014946388544911194,0.014545794901187641,7.772456853150997e-17
0.01062106210621062,0.0001491844557034619,0.014518928814277916,7.772456853150997e-17
0.010631063106310632,0.00014890554206127554,0.014492112348715648,7.772456853150997e-17
0.010641064106410641,0.00014862714356926658,0.014465345412850746,7.772456853150997e-17
0.010651065106510652,0.00014834925927603203,0.014438627915202425,7.772456853150997e-17
0.010661066106610662,0.0001480718882318079,0.014411959764458937,7.772456853150997e-17
0.010671067106710671,0.00014779502948866378,0.014385340869477152,7.772456853150997e-17
0.010681068106810682,0.00014751868210032568,0.014358771139282177,7.772456853150997e-17
0.010691069106910691,0.0001472428451224032,0.014332250483067249,7.772456853150997e-17
0.0107010701070107,0.00014696751761214956,0.014305778810193329,7.772456853150997e-17
0.010711071107110712,0.00014669269862858616,0.014279356030188746,7.772456853150997e-17
0.010721072107210721,0.00014641838723243852,0.014252982052749004,7.772456853150997e-17
0.010731073107310732,0.00014614458248622794,0.014226656787736214,7.772456853150997e-17
0.010741074107410742,0.00014587128345420008,0.014200380145179175,7.772456853150997e-17
0.01075107510751075,0.00014559848920219496,0.014174152035272763,7.772456853150997e-17
0.010761076107610762,0.00014532619879803883,0.014147972368377776,7.772456853150997e-17
0.010771077107710771,0.0001450544113110642,0.014121841055020514,7.772456853150997e-17
0.01078107810781078,0.00014478312581237357,0.014095758005892547,7.772456853150997e-17
0.010791079107910792,0.00014451234137479488,0.014069723131850405,7.772456853150997e-17
0.010801080108010801,0.0001442420570729622,0.014043736343915326,7.772456853150997e-17
0.010811081108110812,0.00014397227198301578,0.014017797553272758,7.772456853150997e-17
0.010821082108210821,0.00014370298518297863,0.013991906671272297,7.772456853150997e-17
0.01083108310831083,0.00014343419575252208,0.01396606360942724,7.772456853150997e-17
0.010841084108410842,0.00014316590277294231,0.013940268279414341,7.772456853150997e-17
0.010851085108510851,0.00014289810532738817,0.013914520593073451,7.772456853150997e-17
0.01086108610861086,0.00014263080250059544,0.013888820462407237,7.772456853150997e-17
0.010871087108710872,0.00014236399337898763,0.013863167799580967,7.772456853150997e-17
0.010881088108810881,0.00014209767705071724,0.01383756251692206,7.772456853150997e-17
0.010891089108910892,0.0001418318526054959,0.013812004526919988,7.772456853150997e-17
0.010901090109010901,0.0001415665191349259,0.013786493742225724,7.772456853150997e-17
0.01091109110911091,0.00014130167573223355,0.013761030075651584,7.772456853150997e-17
0.010921092109210922,0.00014103732149211944,0.013735613440170933,7.772456853150997e-17
0.010931093109310931,0.0001407734555112161,0.013710243748917944,7.772456853150997e-17
0.010941094109410942,0.00014051007688770304,0.013684920915187172,7.772456853150997e-17
0.010951095109510952,0.00014024718472141433,0.013659644852433296,7.772456853150997e-17
0.010961096109610961,0.0001399847781138718,0.013634415474270913,7.772456853150997e-17
0.010971097109710972,0.0001397228561682193,0.013609232694474097,7.772456853150997e-17
0.010981098109810981,0.000139461417989365,0.013584096426976248,7.772456853150997e-17
0.01099109910991099,0.00013920046268375963,0.013559006585869655,7.772456853150997e-17
0.011001100110011002,0.00013893998935955452,0.01353396308540529,7.772456853150997e-17
0.011011101110111011,0.00013867999712649856,0.013508965839992657,7.772456853150997e-17
0.011021102110211022,0.0001384204850960657,0.01348401476419908,7.772456853150997e-17
0.011031103110311032,0.00013816145238133018,0.013459109772749937,7.772456853150997e-17
0.011041104110411041,0.00013790289809697103,0.013434250780527844,7.772456853150997e-17
0.011051105110511052,0.0001376448213593438,0.013409437702572856,7.772456853150997e-17
0.011061106110611061,0.00013738722128641757,0.01338467045408182,7.772456853150997e-17
0.01107110711071107,0.00013713009699776142,0.013359948950408278,7.772456853150997e-17
0.011081108110811082,0.00013687344761462305,0.01333527310706213,7.772456853150997e-17
0.011091109110911091,0.00013661727225992585,0.013310642839709255,7.772456853150997e-17
0.011101110111011102,0.00013636157005812938,0.01328605806417128,7.772456853150997e-17
0.011111111111111112,0.0001361063401352738,0.013261518696425376,7.772456853150997e-17
0.011121112111211121,0.00013585158161909177,0.013237024652603891,7.772456853150997e-17
0.011131113111311132,0.00013559729363890553,0.013212575848994148,7.772456853150997e-17
0.011141114111411141,0.0001353434753256819,0.013188172202037872,7.772456853150997e-17
0.01115111511151115,0.00013509012581188273,0.013163813628331375,7.772456853150997e-17
0.011161116111611162,0.00013483724423166184,0.013139500044624846,7.772456853150997e-17
0.011171117111711171,0.00013458482972079095,0.013115231367822238,7.772456853150997e-17
0.011181118111811182,0.00013433288141652362,0.013091007514981073,7.772456853150997e-17
0.011191119111911191,0.00013408139845784103,0.013066828403312013,7.772456853150997e-17
0.0112011201120112,0.00013383037998523236,0.013042693950178633,7.772456853150997e-17
0.011211121112111212,0.00013357982514075893,0.013018604073097116,7.772456853150997e-17
0.011221122112211221,0.00013332973306818242,0.012994558689736074,7.772456853150997e-17
0.011231123112311232,0.0001330801029126899,0.01297055771791608,7.772456853150997e-17
0.011241124112411242,0.0001328309338212051,0.01294660107560956,7.772456853150997e-17
0.011251125112511251,0.00013258222494208467,0.012922688680940467,7.772456853150997e-17
0.011261126112611262,0.00013233397542540258,0.012898820452183818,7.772456853150997e-17
0.011271127112711271,0.00013208618442260429,0.012874996307765733,7.772456853150997e-17
0.01128112811281128,0.00013183885108686999,0.01285121616626306,7.772456853150997e-17
0.011291129112911292,0.00013159197457294887,0.012827479946402872,7.772456853150997e-17
0.011301130113011301,0.00013134555403700805,0.012803787567062372,7.772456853150997e-17
0.011311131113111312,0.00013109958863694127,0.01278013894726865,7.772456853150997e-17
0.011321132113211322,0.00013085407753201913,0.012756534006198344,7.772456853150997e-17
0.011331133113311331,0.0001306090198832761,0.012732972663177309,7.772456853150997e-17
0.011341134113411342,0.00013036441485316322,0.012709454837680536,7.772456853150997e-17
0.011351135113511351,0.0001301202616056516,0.012685980449331627,7.772456853150997e-17
0.01136113611361136,0.00012987655930633433,0.012662549417902751,7.772456853150997e-17
0.011371137113711372,0.00012963330712231053,0.012639161663314073,7.772456853150997e-17
0.011381138113811381,0.00012939050422221583,0.012615817105633831,7.772456853150997e-17
0.011391139113911392,0.00012914814977621627,0.012592515665077872,7.772456853150997e-17
0.011401140114011402,0.00012890624295603021,0.01256925726200933,7.772456853150997e-17
0.011411141114111411,0.0001286647829349305,0.012546041816938455,7.772456853150997e-17
0.011421142114211422,0.0001284237688876688,0.012522869250522393,7.772456853150997e-17
0.011431143114311431,0.00012818334280319385,0.01249973948356469,7.772456853150997e-17
0.01144114411441144,0.0001279433880960503,0.012476652437015286,7.772456853150997e-17
0.011451145114511452,0.00012770387658244317,0.01245360803197009,7.772456853150997e-17
0.011461146114611461,0.0001274648074437786,0.012430606189670786,7.772456853150997e-17
0.011471147114711472,0.00012722617986303026,0.01240764683150446,7.772456853150997e-17
0.011481148114811482,0.00012698799302463302,0.012384729879003388,7.772456853150997e-17
0.011491149114911491,0.0001267502461144681,0.012361855253844783,7.772456853150997e-17
0.011501150115011502,0.0001265129383200951,0.012339022877850622,7.772456853150997e-17
0.011511151115111511,0.00012627606883040325,0.012316232672987149,7.772456853150997e-17
0.01152115211521152,0.00012603963683592898,0.012293484561364788,7.772456853150997e-17
0.011531153115311532,0.0001258036415285669,0.012270778465237756,7.772456853150997e-17
0.011541154115411541,0.00012556808210177698,0.012248114307003998,7.772456853150997e-17
0.011551155115511552,0.00012533295775050108,0.012225492009204714,7.772456853150997e-17
0.011561156115611562,0.00012509826767111983,0.012202911494524155,7.772456853150997e-17
0.01157115711571157,0.00012486401106158739,0.01218037268578935,7.772456853150997e-17
0.011581158115811582,0.00012463018712122978,0.012157875505969966,7.772456853150997e-17
0.011591159115911591,0.00012439679505098108,0.012135419878177848,7.772456853150997e-17
0.011601160116011602,0.0001241638340531436,0.012113005725666958,7.772456853150997e-17
0.011611161116111612,0.0001239313033315509,0.012090632971832792,7.772456853150997e-17
0.011621162116211621,0.00012369920209144678,0.012068301540212573,7.772456853150997e-17
0.011631163116311632,0.00012346752953960887,0.012046011354484756,7.772456853150997e-17
0.011641164116411641,0.00012323628488427344,0.012023762338468531,7.772456853150997e-17
0.01165116511651165,0.00012300546733512487,0.012001554416123954,7.772456853150997e-17
0.011661166116611662,0.00012277507610321936,0.011979387511551467,7.772456853150997e-17
0.011671167116711671,0.00012254511040126368,0.011957261548991748,7.772456853150997e-17
0.011681168116811682,0.00012231556944323566,0.011935176452825385,7.772456853150997e-17
0.011691169116911692,0.0001220864524446816,0.011913132147572631,7.772456853150997e-17
0.011701170117011701,0.0001218577586225031,0.011891128557893161,7.772456853150997e-17
0.011711171117111712,0.00012162948719517527,0.01186916560858571,7.772456853150997e-17
0.011721172117211721,0.00012140163738249884,0.011847243224588121,7.772456853150997e-17
0.01173117311731173,0.00012117420840570773,0.011825361330976647,7.772456853150997e-17
0.011741174117411742,0.00012094719948754751,0.011803519852966052,7.772456853150997e-17
0.011751175117511751,0.00012072060985226252,0.011781718715909176,7.772456853150997e-17
0.011761176117611762,0.00012049443872536883,0.011759957845296747,7.772456853150997e-17
0.011771177117711772,0.00012026868533389226,0.011738237166757181,7.772456853150997e-17
0.011781178117811781,0.00012004334890628113,0.011716556606056038,7.772456853150997e-17
0.011791179117911792,0.00011981842867245478,0.011694916089096282,7.772456853150997e-17
0.011801180118011801,0.00011959392386362759,0.011673315541917575,7.772456853150997e-17
0.01181118111811181,0.00011936983371254364,0.011651754890696139,7.772456853150997e-17
0.011821182118211822,0.00011914615745336002,0.01163023406174471,7.772456853150997e-17
0.011831183118311831,0.00011892289432156229,0.01160875298151198,7.772456853150997e-17
0.011841184118411842,0.0001187000435541961,0.011587311576582467,7.772456853150997e-17
0.011851185118511852,0.00011847760438957987,0.011565909773676419,7.772456853150997e-17
0.011861186118611861,0.00011825557606747878,0.011544547499649359,7.772456853150997e-17
0.011871187118711872,0.00011803395782907204,0.011523224681491837,7.772456853150997e-17
0.011881188118811881,0.00011781274891690847,0.011501941246329394,7.772456853150997e-17
0.011891189118911892,0.00011759194857508817,0.011480697121422127,7.772456853150997e-17
0.011901190119011902,0.00011737155604889028,0.011459492234164405,7.772456853150997e-17
0.011911191119111911,0.00011715157058508931,0.0114383265120847,7.772456853150997e-17
0.011921192119211922,0.00011693199143185253,0.011417199882845447,7.772456853150997e-17
0.011931193119311932,0.0001167128178387063,0.011396112274242635,7.772456853150997e-17
0.01194119411941194,0.0001164940490566372,0.011375063614205596,7.772456853150997e-17
0.011951195119511952,0.00011627568433796097,0.011354053830796804,7.772456853150997e-17
0.011961196119611961,0.00011605772293636187,0.01133308285221152,7.772456853150997e-17
0.011971197119711972,0.00011584016410693379,0.011312150606777805,7.772456853150997e-17
0.011981198119811982,0.00011562300710605172,0.011291257022955869,7.772456853150997e-17
0.011991199119911991,0.00011540625119163788,0.011270402029338255,7.772456853150997e-17
0.012001200120012002,0.00011518989562286306,0.011249585554649258,7.772456853150997e-17
0.012011201120112011,0.00011497393966024711,0.011228807527744812,7.772456853150997e-17
0.01202120212021202,0.00011475838256583996,0.011208067877612417,7.772456853150997e-17
0.012031203120312032,0.00011454322360283037,0.011187366533370617,7.772456853150997e-17
0.012041204120412041,0.00011432846203591924,0.011166703424268825,7.772456853150997e-17
0.012051205120512052,0.00011411409713103482,0.01114607847968721,7.772456853150997e-17
0.012061206120612062,0.00011390012815563375,0.011125491629136381,7.772456853150997e-17
0.012071207120712071,0.0001136865543784676,0.011104942802257024,7.772456853150997e-17
0.012081208120812082,0.00011347337506951641,0.011084431928819907,7.772456853150997e-17
0.012091209120912091,0.00011326058950027486,0.01106395893872552,7.772456853150997e-17
0.0121012101210121,0.00011304819694345866,0.011043523762003713,7.772456853150997e-17
0.012111211121112112,0.0001128361966732094,0.011023126328813682,7.772456853150997e-17
0.012121212121212121,0.00011262458796498665,0.01100276656944358,7.772456853150997e-17
0.012131213121312132,0.00011241337009557735,0.010982444414310245,7.772456853150997e-17
0.012141214121412142,0.00011220254234308373,0.010962159793959075,7.772456853150997e-17
0.012151215121512151,0.00011199210398696469,0.010941912639063776,7.772456853150997e-17
0.012161216121612162,0.00011178205430800629,0.010921702880426092,7.772456853150997e-17
0.012171217121712171,0.00011157239258835554,0.010901530448975605,7.772456853150997e-17
0.012181218121812182,0.00011136311811148869,0.01088139527576945,7.772456853150997e-17
0.012191219121912192,0.0001111542301620847,0.010861297291992098,7.772456853150997e-17
0.012201220122012201,0.00011094572802629995,0.010841236428955034,7.772456853150997e-17
0.012211221122112212,0.0001107376109915008,0.010821212618096711,7.772456853150997e-17
0.012221222122212222,0.00011052987834642451,0.010801225790982208,7.772456853150997e-17
0.012231223122312231,0.00011032252938113755,0.010781275879302978,7.772456853150997e-17
0.012241224122412242,0.00011011556338693533,0.010761362814876664,7.772456853150997e-17
0.012251225122512251,0.00010990897965650012,0.010741486529646828,7.772456853150997e-17
0.012261226122612262,0.00010970277748383171,0.010721646955682703,7.772456853150997e-17
0.012271227122712272,0.0001094969561641205,0.010701844025178995,7.772456853150997e-17
0.012281228122812281,0.00010929151499397813,0.010682077670455674,7.772456853150997e-17
0.012291229122912292,0.0001090864532712542,0.010662347823957731,7.772456853150997e-17
0.012301230123012302,0.00010888177029508719,0.010642654418254826,7.772456853150997e-17
0.012311231123112311,0.00010867746536602614,0.010622997386041354,7.772456853150997e-17
0.012321232123212322,0.00010847353778577846,0.010603376660135774,7.772456853150997e-17
0.012331233123312331,0.00010826998685730635,0.010583792173480886,7.772456853150997e-17
0.012341234123412342,0.00010806681188501396,0.010564243859143146,7.772456853150997e-17
0.012351235123512352,0.00010786401217455044,0.010544731650312727,7.772456853150997e-17
0.012361236123612361,0.00010766158703280581,0.010525255480303126,7.772456853150997e-17
0.012371237123712372,0.00010745953576789583,0.010505815282551166,7.772456853150997e-17
0.012381238123812381,0.00010725785768929316,0.010486410990616476,7.772456853150997e-17
0.01239123912391239,0.00010705655210777768,0.010467042538181434,7.772456853150997e-17
0.012401240124012402,0.00010685561833528065,0.010447709859050882,7.772456853150997e-17
0.012411241124112411,0.00010665505568510486,0.010428412887151933,7.772456853150997e-17
0.012421242124212422,0.00010645486347176053,0.010409151556533788,7.772456853150997e-17
0.012431243124312432,0.00010625504101114936,0.0103899258013674,7.772456853150997e-17
0.012441244124412441,0.00010605558762025809,0.010370735555945273,7.772456853150997e-17
0.012451245124512452,0.00010585650261743343,0.010351580754681424,7.772456853150997e-17
0.012461246124612461,0.00010565778532224489,0.010332461332110866,7.772456853150997e-17
0.01247124712471247,0.00010545943505559734,0.010313377222889554,7.772456853150997e-17
0.012481248124812482,0.00010526145113957891,0.010294328361794152,7.772456853150997e-17
0.012491249124912491,0.00010506383289751998,0.010275314683721812,7.772456853150997e-17
0.012501250125012502,0.00010486657965404316,0.010256336123689855,7.772456853150997e-17
0.012511251125112512,0.0001046696907349279,0.010237392616835771,7.772456853150997e-17
0.012521252125212521,0.00010447316546741,0.010218484098416603,7.772456853150997e-17
0.012531253125312532,0.0001042770031797247,0.01019961050380923,7.772456853150997e-17
0.012541254125412541,0.00010408120320150804,0.010180771768509705,7.772456853150997e-17
0.012551255125512552,0.00010388576486353294,0.010161967828133346,7.772456853150997e-17
0.012561256125612562,0.00010369068749786603,0.010143198618414324,7.772456853150997e-17
0.012571257125712571,0.00010349597043785412,0.010124464075205609,7.772456853150997e-17
0.012581258125812582,0.00010330161301788966,0.010105764134478442,7.772456853150997e-17
0.012591259125912592,0.00010310761457386469,0.010087098732322459,7.772456853150997e-17
0.012601260126012601,0.0001029139744426977,0.010068467804945351,7.772456853150997e-17
0.012611261126112612,0.00010272069196258084,0.010049871288672636,7.772456853150997e-17
0.012621262126212621,0.00010252776647294539,0.010031309119947299,7.772456853150997e-17
0.012631263126312632,0.0001023351973143976,0.010012781235329938,7.772456853150997e-17
0.012641264126412642,0.00010214298382886512,0.009994287571498174,7.772456853150997e-17
0.012651265126512651,0.00010195112535936621,0.009975828065246628,7.772456853150997e-17
0.012661266126612662,0.00010175962125017885,0.009957402653486616,7.772456853150997e-17
0.012671267126712672,0.00010156847084685527,0.009939011273246033,7.772456853150997e-17
0.012681268126812681,0.00010137767349608667,0.00992065386166908,7.772456853150997e-17
0.012691269126912692,0.00010118722854580619,0.009902330356015959,7.772456853150997e-17
0.012701270127012701,0.00010099713534508053,0.009884040693662968,7.772456853150997e-17
0.012711271127112712,0.00010080739324430708,0.00986578481210183,7.772456853150997e-17
0.012721272127212722,0.00010061800159494013,0.009847562648939838,7.772456853150997e-17
0.012731273127312731,0.00010042895974974906,0.009829374141899485,7.772456853150997e-17
0.012741274127412742,0.00010024026706261485,0.009811219228818294,7.772456853150997e-17
0.012751275127512752,0.0001000519228886715,0.009793097847648686,7.772456853150997e-17
0.01276127612761276,9.98639265841993e-05,0.009775009936457585,7.772456853150997e-17
0.012771277127712772,9.967627750672966e-05,0.009756955433426286,7.772456853150997e-17
0.012781278127812781,9.948897501491662e-05,0.009738934276850355,7.772456853150997e-17
0.012791279127912792,9.930201846861499e-05,0.009720946405139288,7.772456853150997e-17
0.012801280128012802,9.911540722885193e-05,0.00970299175681628,7.772456853150997e-17
0.012811281128112811,9.892914065780704e-05,0.009685070270518164,7.772456853150997e-17
0.012821282128212822,9.874321811892922e-05,0.009667181884995091,7.772456853150997e-17
0.012831283128312831,9.855763897683657e-05,0.009649326539110244,7.772456853150997e-17
0.012841284128412843,9.837240259720167e-05,0.009631504171839844,7.772456853150997e-17
0.012851285128512852,9.818750834705923e-05,0.00961371472227273,7.772456853150997e-17
0.012861286128612861,9.800295559435247e-05,0.009595958129610435,7.772456853150997e-17
0.012871287128712872,9.781874370843412e-05,0.009578234333166484,7.772456853150997e-17
0.012881288128812882,9.763487205974513e-05,0.009560543272366705,7.772456853150997e-17
0.012891289128912891,9.745134001981451e-05,0.00954288488674876,7.772456853150997e-17
0.012901290129012902,9.72681469613938e-05,0.009525259115961974,7.772456853150997e-17
0.012911291129112911,9.708529225840028e-05,0.009507665899767044,7.772456853150997e-17
0.012921292129212923,9.690277528590577e-05,0.009490105178036131,7.772456853150997e-17
0.012931293129312932,9.67205954201225e-05,0.009472576890752328,7.772456853150997e-17
0.012941294129412941,9.653875203845414e-05,0.00945508097800955,7.772456853150997e-17
0.012951295129512952,9.635724451935333e-05,0.009437617380012385,7.772456853150997e-17
0.012961296129612962,9.617607224247868e-05,0.009420186037075999,7.772456853150997e-17
0.012971297129712971,9.599523458868384e-05,0.00940278688962549,7.772456853150997e-17
0.012981298129812982,9.58147309399538e-05,0.009385419878196298,7.772456853150997e-17
0.012991299129912991,9.56345606793283e-05,0.009368084943433504,7.772456853150997e-17
0.013001300130013002,9.545472319107037e-05,0.009350782026091907,7.772456853150997e-17
0.013011301130113012,9.527521786051889e-05,0.009333511067035755,7.772456853150997e-17
0.013021302130213021,9.509604407420952e-05,0.00931627200723842,7.772456853150997e-17
0.013031303130313032,9.49172012197803e-05,0.00929906478778237,7.772456853150997e-17
0.013041304130413042,9.47386886860343e-05,0.00928188934985879,7.772456853150997e-17
0.013051305130513051,9.456050586283218e-05,0.009264745634767665,7.772456853150997e-17
0.013061306130613062,9.438265214117382e-05,0.009247633583917213,7.772456853150997e-17
0.013071307130713071,9.420512691330845e-05,0.009230553138824033,7.772456853150997e-17
0.013081308130813082,9.402792957244684e-05,0.009213504241112617,7.772456853150997e-17
0.013091309130913092,9.385105951297017e-05,0.009196486832515309,7.772456853150997e-17
0.013101310131013101,9.36745161304252e-05,0.009179500854872118,7.772456853150997e-17
0.013111311131113112,9.349829882142425e-05,0.00916254625013042,7.772456853150997e-17
0.013121312131213122,9.332240698375109e-05,0.009145622960344879,7.772456853150997e-17
0.013131313131313133,9.314684001619205e-05,0.009128730927677051,7.772456853150997e-17
0.013141314131413142,9.29715973188284e-05,0.009111870094395482,7.772456853150997e-17
0.013151315131513151,9.27966782926131e-05,0.009095040402875223,7.772456853150997e-17
0.013161316131613162,9.262208233982651e-05,0.00907824179559783,7.772456853150997e-17
0.013171317131713172,9.244780886372973e-05,0.009061474215151053,7.772456853150997e-17
0.013181318131813181,9.227385726869657e-05,0.00904473760422878,7.772456853150997e-17
0.013191319131913192,9.210022696019162e-05,0.00902803190563053,7.772456853150997e-17
0.013201320132013201,9.19269173448192e-05,0.009011357062261673,7.772456853150997e-17
0.013211321132113213,9.175392783031251e-05,0.00899471301713298,7.772456853150997e-17
0.013221322132213222,9.15812578253639e-05,0.008978099713360384,7.772456853150997e-17
0.013231323132313231,9.140890673991773e-05,0.00896151709416508,7.772456853150997e-17
0.013241324132413242,9.123687398489352e-05,0.00894496510287292,7.772456853150997e-17
0.013251325132513252,9.106515897237405e-05,0.008928443682914584,7.772456853150997e-17
0.013261326132613261,9.089376111543962e-05,0.008911952777825137,7.772456853150997e-17
0.013271327132713272,9.072267982834522e-05,0.008895492331243966,7.772456853150997e-17
0.013281328132813281,9.055191452641776e-05,0.008879062286914562,7.772456853150997e-17
0.013291329132913293,9.038146462593031e-05,0.00886266258868437,7.772456853150997e-17
0.013301330133013302,9.021132954439657e-05,0.008846293180504504,7.772456853150997e-17
0.013311331133113311,9.004150870042457e-05,0.008829954006429516,7.772456853150997e-17
0.013321332133213322,8.987200151359851e-05,0.00881364501061747,7.772456853150997e-17
0.013331333133313332,8.970280740448663e-05,0.00879736613732935,7.772456853150997e-17
0.013341334133413341,8.953392579492364e-05,0.008781117330929329,7.772456853150997e-17
0.013351335133513352,8.936535610766954e-05,0.008764898535884143,7.772456853150997e-17
0.013361336133613361,8.919709776667648e-05,0.008748709696763191,7.772456853150997e-17
0.013371337133713372,8.90291501968589e-05,0.008732550758238217,7.772456853150997e-17
0.013381338133813382,8.886151282429335e-05,0.008716421665083228,7.772456853150997e-17
0.013391339133913391,8.869418507595216e-05,0.008700322362174115,7.772456853150997e-17
0.013401340134013402,8.852716638001788e-05,0.008684252794488664,7.772456853150997e-17
0.013411341134113412,8.836045616559663e-05,0.008668212907106301,7.772456853150997e-17
0.013421342134213421,8.819405386307018e-05,0.008652202645207788,7.772456853150997e-17
0.013431343134313432,8.802795890359963e-05,0.008636221954075275,7.772456853150997e-17
0.013441344134413441,8.786217071959252e-05,0.008620270779091808,7.772456853150997e-17
0.013451345134513452,8.769668874445524e-05,0.008604349065741432,7.772456853150997e-17
0.013461346134613462,8.753151241253975e-05,0.008588456759608943,7.772456853150997e-17
0.013471347134713471,8.736664115938644e-05,0.008572593806379501,7.772456853150997e-17
0.013481348134813482,8.720207442152273e-05,0.008556760151838634,7.772456853150997e-17
0.013491349134913492,8.703781163644645e-05,0.008540955741871968,7.772456853150997e-17
0.013501350135013503,8.687385224280299e-05,0.008525180522465182,7.772456853150997e-17
0.013511351135113512,8.671019568022089e-05,0.008509434439703638,7.772456853150997e-17
0.013521352135213521,8.65468413894332e-05,0.008493717439772301,7.772456853150997e-17
0.013531353135313532,8.63837888121176e-05,0.00847802946895551,7.772456853150997e-17
0.013541354135413542,8.622103739103326e-05,0.008462370473636776,7.772456853150997e-17
0.013551355135513551,8.60585865698938e-05,0.008446740400298785,7.772456853150997e-17
0.013561356135613562,8.589643579349395e-05,0.008431139195522906,7.772456853150997e-17
0.013571357135713571,8.573458450764659e-05,0.008415566805989342,7.772456853150997e-17
0.013581358135813583,8.55730321592305e-05,0.008400023178476563,7.772456853150997e-17
0.013591359135913592,8.54117781961752e-05,0.008384508259861534,7.772456853150997e-17
0.013601360136013601,8.525082206725942e-05,0.008369021997119228,7.772456853150997e-17
0.013611361136113612,8.509016322238541e-05,0.008353564337322594,7.772456853150997e-17
0.013621362136213622,8.492980111258583e-05,0.008338135227642315,7.772456853150997e-17
0.013631363136313631,8.476973518967155e-05,0.008322734615346652,7.772456853150997e-17
0.013641364136413642,8.460996490670323e-05,0.008307362447801314,7.772456853150997e-17
0.013651365136513651,8.445048971750794e-05,0.008292018672469098,7.772456853150997e-17
0.013661366136613663,8.429130907712417e-05,0.008276703236909952,7.772456853150997e-17
0.013671367136713672,8.413242244152153e-05,0.008261416088780713,7.772456853150997e-17
0.013681368136813681,8.397382926766984e-05,0.008246157175834745,7.772456853150997e-17
0.013691369136913692,8.381552901354146e-05,0.008230926445922071,7.772456853150997e-17
0.013701370137013702,8.365752113814257e-05,0.008215723846988975,7.772456853150997e-17
0.013711371137113711,8.349980510147516e-05,0.008200549327077727,7.772456853150997e-17
0.013721372137213722,8.33423803644401e-05,0.008185402834326793,7.772456853150997e-17
0.013731373137313731,8.318524638903706e-05,0.008170284316970339,7.772456853150997e-17
0.013741374137413742,8.302840263822215e-05,0.00815519372333813,7.772456853150997e-17
0.013751375137513752,8.28718485760529e-05,0.008140131001855401,7.772456853150997e-17
0.013761376137613761,8.271558366731811e-05,0.008125096101042593,7.772456853150997e-17
0.013771377137713772,8.255960737804339e-05,0.008110088969515287,7.772456853150997e-17
0.013781378137813782,8.240391917516308e-05,0.008095109555983849,7.772456853150997e-17
0.013791379137913793,8.224851852657917e-05,0.00808015780925353,7.772456853150997e-17
0.013801380138013802,8.209340490118046e-05,0.0080652336782241,7.772456853150997e-17
0.013811381138113811,8.193857776880783e-05,0.008050337111889658,7.772456853150997e-17
0.013821382138213822,8.178403660033962e-05,0.00803546805933855,7.772456853150997e-17
0.013831383138313832,8.162978086762882e-05,0.008020626469753074,7.772456853150997e-17
0.013841384138413841,8.147581004337954e-05,0.0080058122924095,7.772456853150997e-17
0.013851385138513852,8.132212360145113e-05,0.007991025476677724,7.772456853150997e-17
0.013861386138613862,8.116872101656712e-05,0.007976265972021205,7.772456853150997e-17
0.013871387138713873,8.101560176445724e-05,0.007961533727996664,7.772456853150997e-17
0.013881388138813882,8.086276532186376e-05,0.007946828694254103,7.772456853150997e-17
0.013891389138913891,8.071021116636287e-05,0.007932150820536369,7.772456853150997e-17
0.013901390139013902,8.055793877664761e-05,0.007917500056679292,7.772456853150997e-17
0.013911391139113912,8.040594763223376e-05,0.007902876352611181,7.772456853150997e-17
0.013921392139213921,8.02542372136861e-05,0.00788827965835295,7.772456853150997e-17
0.013931393139313932,8.010280700245905e-05,0.007873709924017895,7.772456853150997e-17
0.013941394139413942,7.995165648106955e-05,0.00785916709981129,7.772456853150997e-17
0.013951395139513953,7.980078513292887e-05,0.007844651136030422,7.772456853150997e-17
0.013961396139613962,7.965019244239614e-05,0.007830161983064422,7.772456853150997e-17
0.013971397139713971,7.949987789482727e-05,0.007815699591393985,7.772456853150997e-17
0.013981398139813982,7.934984097643092e-05,0.00780126391159138,7.772456853150997e-17
0.013991399139913992,7.920008117443623e-05,0.007786854894320069,7.772456853150997e-17
0.014001400140014001,7.905059797701202e-05,0.007772472490334679,7.772456853150997e-17
0.014011401140114012,7.890139087331205e-05,0.007758116650480772,7.772456853150997e-17
0.014021402140214021,7.875245935347652e-05,0.007743787325694692,7.772456853150997e-17
0.014031403140314033,7.860380290835605e-05,0.007729484467003435,7.772456853150997e-17
0.014041404140414042,7.845542102995521e-05,0.007715208025524477,7.772456853150997e-17
0.014051405140514051,7.830731321112725e-05,0.007700957952465496,7.772456853150997e-17
0.014061406140614062,7.815947894573082e-05,0.007686734199124296,7.772456853150997e-17
0.014071407140714072,7.801191772848744e-05,0.007672536716888696,7.772456853150997e-17
0.014081408140814083,7.786462905503293e-05,0.007658365457236255,7.772456853150997e-17
0.014091409140914092,7.771761242208597e-05,0.007644220371734212,7.772456853150997e-17
0.014101410141014101,7.757086732715124e-05,0.007630101412039237,7.772456853150997e-17
0.014111411141114113,7.742439326863848e-05,0.007616008529897203,7.772456853150997e-17
0.014121412141214122,7.727818974600362e-05,0.007601941677143227,7.772456853150997e-17
0.014131413141314131,7.713225625952213e-05,0.007587900805701345,7.772456853150997e-17
0.014141414141414142,7.698659231052189e-05,0.007573885867584351,7.772456853150997e-17
0.014151415141514152,7.684119740112637e-05,0.0075598968148936395,7.772456853150997e-17
0.014161416141614163,7.669607103444654e-05,0.007545933599819167,7.772456853150997e-17
0.014171417141714172,7.655121271443388e-05,0.007531996174639183,7.772456853150997e-17
0.014181418141814181,7.640662194602071e-05,0.0075180844917200704,7.772456853150997e-17
0.014191419141914192,7.62622982350685e-05,0.007504198503516171,7.772456853150997e-17
0.014201420142014202,7.611824108838349e-05,0.007490338162569581,7.772456853150997e-17
0.014211421142114211,7.597445001351075e-05,0.007476503421510203,7.772456853150997e-17
0.014221422142214222,7.583092451905235e-05,0.007462694233055302,7.772456853150997e-17
0.014231423142314232,7.568766411455623e-05,0.007448910550009533,7.772456853150997e-17
0.014241424142414243,7.554466831029418e-05,0.007435152325264684,7.772456853150997e-17
0.014251425142514252,7.540193661761049e-05,0.0074214195117996195,7.772456853150997e-17
0.014261426142614261,7.525946854869583e-05,0.007407712062679955,7.772456853150997e-17
0.014271427142714272,7.511726361661857e-05,0.007394029931058062,7.772456853150997e-17
0.014281428142814282,7.49753213353672e-05,0.007380373070172789,7.772456853150997e-17
0.014291429142914291,7.48336412198756e-05,0.0073667414333494175,7.772456853150997e-17
0.014301430143014302,7.469222278586621e-05,0.007353134973999369,7.772456853150997e-17
0.014311431143114312,7.45510655500888e-05,0.007339553645620177,7.772456853150997e-17
0.014321432143214323,7.441016903005397e-05,0.007325997401795196,7.772456853150997e-17
0.014331433143314332,7.42695327442258e-05,0.007312466196193564,7.772456853150997e-17
0.014341434143414341,7.412915621199974e-05,0.0072989599825699835,7.772456853150997e-17
0.014351435143514352,7.398903895356871e-05,0.007285478714764588,7.772456853150997e-17
0.014361436143614362,7.384918049008916e-05,0.007272022346702727,7.772456853150997e-17
0.014371437143714371,7.370958034353687e-05,0.007258590832394853,7.772456853150997e-17
0.014381438143814382,7.357023803679659e-05,0.007245184125936375,7.772456853150997e-17
0.014391439143914391,7.343115309362816e-05,0.007231802181507524,7.772456853150997e-17
0.014401440144014403,7.329232503875424e-05,0.007218444953373111,7.772456853150997e-17
0.014411441144114412,7.315375339769157e-05,0.007205112395882377,7.772456853150997e-17
0.014421442144214421,7.301543769679963e-05,0.0071918044634689746,7.772456853150997e-17
0.014431443144314432,7.287737746339995e-05,0.007178521110650656,7.772456853150997e-17
0.014441444144414442,7.273957222563272e-05,0.0071652622920291955,7.772456853150997e-17
0.014451445144514453,7.260202151252645e-05,0.007152027962290237,7.772456853150997e-17
0.014461446144614462,7.246472485394289e-05,0.007138818076203121,7.772456853150997e-17
0.014471447144714471,7.232768178069958e-05,0.007125632588620701,7.772456853150997e-17
0.014481448144814483,7.219089182435374e-05,0.0071124714544791535,7.772456853150997e-17
0.014491449144914492,7.205435451750286e-05,0.007099334628797996,7.772456853150997e-17
0.014501450145014501,7.191806939345296e-05,0.007086222066679819,7.772456853150997e-17
0.014511451145114512,7.178203598643247e-05,0.0070731337233101,7.772456853150997e-17
0.014521452145214522,7.164625383155348e-05,0.007060069553957118,7.772456853150997e-17
0.014531453145314533,7.151072246469514e-05,0.007047029513971674,7.772456853150997e-17
0.014541454145414542,7.137544142270675e-05,0.007034013558787177,7.772456853150997e-17
0.014551455145514551,7.124041024315653e-05,0.007021021643919219,7.772456853150997e-17
0.014561456145614562,7.110562846460099e-05,0.007008053724965685,7.772456853150997e-17
0.014571457145714572,7.097109562643045e-05,0.006995109757606413,7.772456853150997e-17
0.014581458145814581,7.083681126885786e-05,0.0069821896976029986,7.772456853150997e-17
0.014591459145914592,7.070277493287197e-05,0.006969293500798935,7.772456853150997e-17
0.014601460146014602,7.056898616043479e-05,0.00695642112311904,7.772456853150997e-17
0.014611461146114613,7.043544449436296e-05,0.006943572520569832,7.772456853150997e-17
0.014621462146214622,7.030214947814279e-05,0.006930747649238817,7.772456853150997e-17
0.014631463146314631,7.016910065627575e-05,0.006917946465294677,7.772456853150997e-17
0.014641464146414642,7.003629757403619e-05,0.0069051689249872,7.772456853150997e-17
0.014651465146514652,6.99037397775208e-05,0.006892414984646808,7.772456853150997e-17
0.014661466146614661,6.977142681368488e-05,0.006879684600684652,7.772456853150997e-17
0.014671467146714672,6.963935823030614e-05,0.006866977729592383,7.772456853150997e-17
0.014681468146814682,6.950753357606863e-05,0.006854294327942018,7.772456853150997e-17
0.014691469146914693,6.937595240044424e-05,0.006841634352385662,7.772456853150997e-17
0.014701470147014702,6.924461425367886e-05,0.006828997759655739,7.772456853150997e-17
0.014711471147114711,6.911351868696179e-05,0.006816384506564384,7.772456853150997e-17
0.014721472147214722,6.898266525218033e-05,0.006803794550003574,7.772456853150997e-17
0.014731473147314732,6.88520535021739e-05,0.006791227846944851,7.772456853150997e-17
0.014741474147414743,6.87216829905556e-05,0.006778684354439328,7.772456853150997e-17
0.014751475147514752,6.85915532717576e-05,0.0067661640296173605,7.772456853150997e-17
0.014761476147614761,6.846166390101214e-05,0.006753666829688461,7.772456853150997e-17
0.014771477147714773,6.833201443438486e-05,0.006741192711941308,7.772456853150997e-17
0.014781478147814782,6.820260442879977e-05,0.006728741633743352,7.772456853150997e-17
0.014791479147914791,6.807343344199114e-05,0.0067163135525407855,7.772456853150997e-17
0.014801480148014802,6.794450103246573e-05,0.006703908425858451,7.772456853150997e-17
0.014811481148114812,6.781580675961381e-05,0.00669152621129956,7.772456853150997e-17
0.014821482148214823,6.768735018360537e-05,0.00667916686654579,7.772456853150997e-17
0.014831483148314832,6.755913086536941e-05,0.006666830349356861,7.772456853150997e-17
0.014841484148414841,6.743114836666238e-05,0.006654516617570437,7.772456853150997e-17
0.014851485148514853,6.730340225015769e-05,0.006642225629102203,7.772456853150997e-17
0.014861486148614862,6.717589207922903e-05,0.006629957341945506,7.772456853150997e-17
0.014871487148714871,6.704861741808142e-05,0.006617711714171347,7.772456853150997e-17
0.014881488148814882,6.692157783178195e-05,0.00660548870392802,7.772456853150997e-17
0.014891489148914892,6.679477288607889e-05,0.006593288269441353,7.772456853150997e-17
0.014901490149014903,6.6668202147624e-05,0.006581110369014051,7.772456853150997e-17
0.014911491149114912,6.654186518378983e-05,0.0065689549610260444,7.772456853150997e-17
0.014921492149214921,6.64157615628863e-05,0.006556822003934013,7.772456853150997e-17
0.014931493149314932,6.62898908539093e-05,0.0065447114562714615,7.772456853150997e-17
0.014941494149414942,6.616425262662391e-05,0.006532623276648404,7.772456853150997e-17
0.014951495149514951,6.603884645169638e-05,0.006520557423751303,7.772456853150997e-17
0.014961496149614962,6.591367190049385e-05,0.006508513856342971,7.772456853150997e-17
0.014971497149714972,6.578872854515364e-05,0.0064964925332624155,7.772456853150997e-17
0.014981498149814983,6.566401595879952e-05,0.006484493413424575,7.772456853150997e-17
0.014991499149914992,6.553953371513744e-05,0.006472516455820389,7.772456853150997e-17
0.015001500150015001,6.541528138866619e-05,0.006460561619516476,7.772456853150997e-17
0.015011501150115012,6.529125855481963e-05,0.006448628863654922,7.772456853150997e-17
0.015021502150215022,6.516746478970009e-05,0.006436718147453558,7.772456853150997e-17
0.015031503150315031,6.504389967022559e-05,0.0064248294302053045,7.772456853150997e-17
0.015041504150415042,6.492056277405363e-05,0.0064129626712784195,7.772456853150997e-17
0.015051505150515052,6.47974536796783e-05,0.006401117830116024,7.772456853150997e-17
0.015061506150615063,6.46745719663765e-05,0.00638929486623641,7.772456853150997e-17
0.015071507150715072,6.455191721415292e-05,0.006377493739232409,7.772456853150997e-17
0.015081508150815081,6.442948900381237e-05,0.006365714408771607,7.772456853150997e-17
0.015091509150915092,6.430728691692851e-05,0.006353956834595942,7.772456853150997e-17
0.015101510151015102,6.41853105358666e-05,0.00634222097652191,7.772456853150997e-17
0.015111511151115113,6.406355944377874e-05,0.0063305067944400845,7.772456853150997e-17
0.015121512151215122,6.394203322455572e-05,0.006318814248315213,7.772456853150997e-17
0.015131513151315132,6.382073146280895e-05,0.006307143298185928,7.772456853150997e-17
0.015141514151415143,6.369965374400099e-05,0.006295493904164644,7.772456853150997e-17
0.015151515151515152,6.357879965429557e-05,0.006283866026437509,7.772456853150997e-17
0.015161516151615161,6.345816878066772e-05,0.006272259625264157,7.772456853150997e-17
0.015171517151715172,6.333776071086536e-05,0.006260674660977644,7.772456853150997e-17
0.015181518151815182,6.321757503336396e-05,0.006249111093984362,7.772456853150997e-17
0.015191519151915193,6.309761133737426e-05,0.00623756888476363,7.772456853150997e-17
0.015201520152015202,6.297786921298691e-05,0.006226047993867962,7.772456853150997e-17
0.015211521152115211,6.285834825087417e-05,0.006214548381922625,7.772456853150997e-17
0.015221522152215223,6.273904804259263e-05,0.00620307000962576,7.772456853150997e-17
0.015231523152315232,6.261999362997366e-05,0.0061916128377478485,7.772456853150997e-17
0.015241524152415241,6.250131157469713e-05,0.0061801768271320225,7.772456853150997e-17
0.015251525152515252,6.238284872379037e-05,0.006168761938693731,7.772456853150997e-17
0.015261526152615262,6.226460467237817e-05,0.006157368133420461,7.772456853150997e-17
0.015271527152715273,6.21465790163307e-05,0.006145995372371954,7.772456853150997e-17
0.015281528152815282,6.202877135227866e-05,0.0061346436166796825,7.772456853150997e-17
0.015291529152915291,6.19111812776004e-05,0.006123312827547117,7.772456853150997e-17
0.015301530153015303,6.179380839044227e-05,0.0061120029662491875,7.772456853150997e-17
0.015311531153115312,6.167665228962956e-05,0.00610071399413241,7.772456853150997e-17
0.015321532153215321,6.155971257475488e-05,0.006089445872614713,7.772456853150997e-17
0.015331533153315332,6.14429888461211e-05,0.00607819856318531,7.772456853150997e-17
0.015341534153415342,6.1326480704879e-05,0.006066972027404531,7.772456853150997e-17
0.015351535153515353,6.121018775279826e-05,0.006055766226903667,7.772456853150997e-17
0.015361536153615362,6.109410959242935e-05,0.006044581123384882,7.772456853150997e-17
0.015371537153715371,6.0978245827106085e-05,0.0060334166786211495,7.772456853150997e-17
0.015381538153815382,6.086259606078398e-05,0.006022272854455918,7.772456853150997e-17
0.015391539153915392,6.074715989822203e-05,0.006011149612803258,7.772456853150997e-17
0.015401540154015403,6.063193694485595e-05,0.006000046915647503,7.772456853150997e-17
0.015411541154115412,6.0516926806966196e-05,0.005988964725043155,7.772456853150997e-17
0.015421542154215422,6.040212909144714e-05,0.005977903003114929,7.772456853150997e-17
0.015431543154315433,6.0287543405965944e-05,0.005966861712057352,7.772456853150997e-17
0.015441544154415442,6.01731693588794e-05,0.005955840814134852,7.772456853150997e-17
0.015451545154515451,6.005900655935582e-05,0.005944840271681565,7.772456853150997e-17
0.015461546154615462,5.99450546171462e-05,0.005933860047101201,7.772456853150997e-17
0.015471547154715472,5.983131314283814e-05,0.005922900102866838,7.772456853150997e-17
0.015481548154815483,5.971778174770394e-05,0.005911960401520949,7.772456853150997e-17
0.015491549154915492,5.960446004374006e-05,0.00590104090567513,7.772456853150997e-17
0.015501550155015502,5.949134764361456e-05,0.005890141578010103,7.772456853150997e-17
0.015511551155115513,5.937844416082695e-05,0.005879262381275474,7.772456853150997e-17
0.015521552155215522,5.926574920939501e-05,0.0058684032782895575,7.772456853150997e-17
0.015531553155315531,5.915326240424343e-05,0.005857564231939506,7.772456853150997e-17
0.015541554155415542,5.9040983360885156e-05,0.005846745205180964,7.772456853150997e-17
0.015551555155515552,5.8928911695567296e-05,0.005835946161037972,7.772456853150997e-17
0.015561556155615563,5.88170470253744e-05,0.005825167062602848,7.772456853150997e-17
0.015571557155715572,5.8705388967915434e-05,0.005814407873036119,7.772456853150997e-17
0.015581558155815581,5.859393714153623e-05,0.005803668555566337,7.772456853150997e-17
0.015591559155915593,5.848269116534715e-05,0.005792949073489932,7.772456853150997e-17
0.015601560156015602,5.8371650659227615e-05,0.005782249390171257,7.772456853150997e-17
0.015611561156115611,5.826081524361838e-05,0.005771569469042184,7.772456853150997e-17
0.015621562156215622,5.8150184539667175e-05,0.005760909273602194,7.772456853150997e-17
0.01563156315631563,5.8039758169334834e-05,0.00575026876741814,7.772456853150997e-17
0.01564156415641564,5.7929535755209965e-05,0.0057396479141242195,7.772456853150997e-17
0.01565156515651565,5.781951692061494e-05,0.005729046677421764,7.772456853150997e-17
0.015661566156615663,5.770970128956766e-05,0.005718465021079108,7.772456853150997e-17
0.015671567156715673,5.7600088486640836e-05,0.005707902908931633,7.772456853150997e-17
0.015681568156815682,5.7490678137274355e-05,0.00569736030488145,7.772456853150997e-17
0.01569156915691569,5.73814698675736e-05,0.0056868371728973155,7.772456853150997e-17
0.0157015701570157,5.727246330425443e-05,0.005676333477014554,7.772456853150997e-17
0.015711571157115713,5.716365807477568e-05,0.0056658491813348704,7.772456853150997e-17
0.015721572157215723,5.70550538073091e-05,0.005655384250026331,7.772456853150997e-17
0.015731573157315732,5.694665013061706e-05,0.005644938647323234,7.772456853150997e-17
0.01574157415741574,5.683844667424897e-05,0.005634512337525785,7.772456853150997e-17
0.01575157515751575,5.6730443068382426e-05,0.005624105285000242,7.772456853150997e-17
0.015761576157615764,5.662263894394725e-05,0.005613717454178683,7.772456853150997e-17
0.015771577157715773,5.651503393243365e-05,0.005603348809558839,7.772456853150997e-17
0.015781578157815782,5.6407627666117076e-05,0.005592999315704066,7.772456853150997e-17
0.01579157915791579,5.6300419777903816e-05,0.005582668937243024,7.772456853150997e-17
0.0158015801580158,5.619340990141545e-05,0.00557235763886982,7.772456853150997e-17
0.015811581158115814,5.6086597670905285e-05,0.005562065385343761,7.772456853150997e-17
0.015821582158215823,5.597998272133954e-05,0.005551792141489299,7.772456853150997e-17
0.015831583158315832,5.587356468832217e-05,0.005541537872195754,7.772456853150997e-17
0.015841584158415842,5.5767343208197705e-05,0.005531302542417307,7.772456853150997e-17
0.01585158515851585,5.566131791790367e-05,0.005521086117172904,7.772456853150997e-17
0.01586158615861586,5.5555488455086e-05,0.005510888561546136,7.772456853150997e-17
0.015871587158715873,5.544985445800704e-05,0.0055007098406850375,7.772456853150997e-17
0.015881588158815883,5.5344415565691366e-05,0.005490549919801972,7.772456853150997e-17
0.015891589158915892,5.5239171417734497e-05,0.0054804087641736315,7.772456853150997e-17
0.0159015901590159,5.5134121654542395e-05,0.005470286339140785,7.772456853150997e-17
0.01591159115911591,5.50292659170096e-05,0.005460182610108273,7.772456853150997e-17
0.015921592159215923,5.492460384676374e-05,0.005450097542544768,7.772456853150997e-17
0.015931593159315933,5.482013508613815e-05,0.005440031101982795,7.772456853150997e-17
0.015941594159415942,5.4715859278122465e-05,0.005429983254018501,7.772456853150997e-17
0.01595159515951595,5.4611776066285856e-05,0.005419953964311504,7.772456853150997e-17
0.01596159615961596,5.4507885094948e-05,0.005409943198584966,7.772456853150997e-17
0.015971597159715974,5.440418600899431e-05,0.005399950922625345,7.772456853150997e-17
0.015981598159815983,5.430067845402481e-05,0.005389977102282267,7.772456853150997e-17
0.015991599159915992,5.419736207630762e-05,0.005380021703468371,7.772456853150997e-17
0.016001600160016,5.409423652278438e-05,0.0053700846921593435,7.772456853150997e-17
0.01601160116011601,5.399130144088997e-05,0.005360166034393669,7.772456853150997e-17
0.016021602160216024,5.3888556478865066e-05,0.0053502656962725395,7.772456853150997e-17
0.016031603160316033,5.378600128560958e-05,0.005340383643959802,7.772456853150997e-17
0.016041604160416043,5.368363551056058e-05,0.005330519843681811,7.772456853150997e-17
0.016051605160516052,5.358145880394701e-05,0.005320674261727256,7.772456853150997e-17
0.01606160616061606,5.347947081651773e-05,0.005310846864447081,7.772456853150997e-17
0.01607160716071607,5.33776711996774e-05,0.0053010376182544205,7.772456853150997e-17
0.016081608160816083,5.327605960552479e-05,0.0052912464896244195,7.772456853150997e-17
0.016091609160916093,5.3174635686785115e-05,0.005281473445094192,7.772456853150997e-17
0.016101610161016102,5.3073399096846755e-05,0.005271718451262581,7.772456853150997e-17
0.01611161116111611,5.297234948975766e-05,0.00526198147479019,7.772456853150997e-17
0.01612161216121612,5.287148652007071e-05,0.0052522624823991395,7.772456853150997e-17
0.016131613161316134,5.277080984312746e-05,0.005242561440873077,7.772456853150997e-17
0.016141614161416143,5.267031911477097e-05,0.005232878317056901,7.772456853150997e-17
0.016151615161516152,5.257001399163889e-05,0.0052232130778568555,7.772456853150997e-17
0.01616161616161616,5.246989413088441e-05,0.005213565690240258,7.772456853150997e-17
0.01617161716171617,5.236995919034359e-05,0.005203936121235481,7.772456853150997e-17
0.016181618161816184,5.227020882846779e-05,0.005194324337931686,7.772456853150997e-17
0.016191619161916193,5.217064270434881e-05,0.0051847303074789046,7.772456853150997e-17
0.016201620162016202,5.207126047768559e-05,0.005175153997087931,7.772456853150997e-17
0.016211621162116212,5.197206180885874e-05,0.005165595374029929,7.772456853150997e-17
0.01622162216221622,5.187304635878431e-05,0.005156054405636599,7.772456853150997e-17
0.01623162316231623,5.177421378906165e-05,0.005146531059299939,7.772456853150997e-17
0.016241624162416243,5.1675563761946376e-05,0.005137025302472328,7.772456853150997e-17
0.016251625162516253,5.1577095940286915e-05,0.005127537102666051,7.772456853150997e-17
0.016261626162616262,5.147880998755496e-05,0.005118066427453568,7.772456853150997e-17
0.01627162716271627,5.1380705567805325e-05,0.0051086132444671225,7.772456853150997e-17
0.01628162816281628,5.12827823457997e-05,0.005099177521398783,7.772456853150997e-17
0.016291629162916293,5.11850399867923e-05,0.005089759226000301,7.772456853150997e-17
0.016301630163016303,5.108747815684662e-05,0.005080358326082977,7.772456853150997e-17
0.016311631163116312,5.099009652236311e-05,0.005070974789517538,7.772456853150997e-17
0.01632163216321632,5.089289475062407e-05,0.0050616085842340895,7.772456853150997e-17
0.01633163316331633,5.079587250945248e-05,0.005052259678221927,7.772456853150997e-17
0.016341634163416344,5.069902946724579e-05,0.005042928039529542,7.772456853150997e-17
0.016351635163516353,5.0602365292981317e-05,0.005033613636264385,7.772456853150997e-17
0.016361636163616362,5.050587965634277e-05,0.005024316436592807,7.772456853150997e-17
0.01637163716371637,5.0409572227468587e-05,0.005015036408740039,7.772456853150997e-17
0.01638163816381638,5.031344267735192e-05,0.005005773520989882,7.772456853150997e-17
0.016391639163916394,5.021749067737858e-05,0.00499652774168475,7.772456853150997e-17
0.016401640164016403,5.012171589960299e-05,0.0049872990392255435,7.772456853150997e-17
0.016411641164116413,5.0026118016689654e-05,0.004978087382071539,7.772456853150997e-17
0.016421642164216422,4.993069670195632e-05,0.004968892738740226,7.772456853150997e-17
0.01643164316431643,4.983545162932068e-05,0.004959715077807371,7.772456853150997e-17
0.01644164416441644,4.974038247318928e-05,0.004950554367906581,7.772456853150997e-17
0.016451645164516453,4.964548890863562e-05,0.004941410577729554,7.772456853150997e-17
0.016461646164616463,4.9550770611415044e-05,0.004932283676025727,7.772456853150997e-17
0.016471647164716472,4.945622725777353e-05,0.004923173631602307,7.772456853150997e-17
0.01648164816481648,4.936185852462505e-05,0.004914080413324123,7.772456853150997e-17
0.01649164916491649,4.926766408936707e-05,0.004905003990113431,7.772456853150997e-17
0.016501650165016504,4.917364363008948e-05,0.0048959443309499456,7.772456853150997e-17
0.016511651165116513,4.907979682558365e-05,0.004886901404870734,7.772456853150997e-17
0.016521652165216522,4.898612335497111e-05,0.00487787518096989,7.772456853150997e-17
0.01653165316531653,4.889262289821117e-05,0.004868865628398763,7.772456853150997e-17
0.01654165416541654,4.879929513569735e-05,0.004859872716365557,7.772456853150997e-17
0.016551655165516554,4.8706139748434454e-05,0.004850896414135409,7.772456853150997e-17
0.016561656165616563,4.8613156418103896e-05,0.004841936691030205,7.772456853150997e-17
0.016571657165716572,4.8520344826912395e-05,0.0048329935164284615,7.772456853150997e-17
0.016581658165816582,4.842770465765409e-05,0.004824066859765396,7.772456853150997e-17
0.01659165916591659,4.83352355937109e-05,0.004815156690532492,7.772456853150997e-17
0.0166016601660166,4.824293731899822e-05,0.004806262978277644,7.772456853150997e-17
0.016611661166116613,4.815080951813662e-05,0.004797385692605027,7.772456853150997e-17
0.016621662166216623,4.805885187625662e-05,0.004788524803174944,7.772456853150997e-17
0.016631663166316632,4.796706407905533e-05,0.004779680279703742,7.772456853150997e-17
0.01664166416641664,4.787544581282992e-05,0.0047708520919636154,7.772456853150997e-17
0.01665166516651665,4.778399676447893e-05,0.004762040209782723,7.772456853150997e-17
0.016661666166616663,4.7692716621391355e-05,0.0047532446030449284,7.772456853150997e-17
0.016671667166716673,4.760160507169222e-05,0.004744465241689578,7.772456853150997e-17
0.016681668166816682,4.751066180395053e-05,0.004735702095711686,7.772456853150997e-17
0.01669166916691669,4.741988650735481e-05,0.004726955135161664,7.772456853150997e-17
0.0167016701670167,4.732927887170691e-05,0.004718224330145157,7.772456853150997e-17
0.016711671167116714,4.72388385872318e-05,0.004709509650823152,7.772456853150997e-17
0.016721672167216723,4.714856534495212e-05,0.004700811067411661,7.772456853150997e-17
0.016731673167316732,4.7058458836272974e-05,0.004692128550181685,7.772456853150997e-17
0.01674167416741674,4.69685187532456e-05,0.004683462069459174,7.772456853150997e-17
0.01675167516751675,4.687874478850217e-05,0.004674811595624906,7.772456853150997e-17
0.016761676167616764,4.6789136635244537e-05,0.004666177099114363,7.772456853150997e-17
0.016771677167716773,4.6699693987145556e-05,0.004657558550417629,7.772456853150997e-17
0.016781678167816783,4.6610416538602346e-05,0.0046489559200792695,7.772456853150997e-17
0.016791679167916792,4.6521303984486695e-05,0.004640369178698225,7.772456853150997e-17
0.0168016801680168,4.6432356020213736e-05,0.00463179829692783,7.772456853150997e-17
0.01681168116811681,4.6343572341750884e-05,0.004623243245475526,7.772456853150997e-17
0.016821682168216823,4.6254952645673265e-05,0.004614703995102976,7.772456853150997e-17
0.016831683168316833,4.616649662916927e-05,0.004606180516625644,7.772456853150997e-17
0.016841684168416842,4.607820398986314e-05,0.0045976727809131455,7.772456853150997e-17
0.01685168516851685,4.599007442606891e-05,0.004589180758888724,7.772456853150997e-17
0.01686168616861686,4.590210763652947e-05,0.004580704421529382,7.772456853150997e-17
0.016871687168716874,4.581430332061057e-05,0.004572243739865798,7.772456853150997e-17
0.016881688168816883,4.5726661178252775e-05,0.004563798684981946,7.772456853150997e-17
0.016891689168916892,4.563918090992009e-05,0.004555369228015441,7.772456853150997e-17
0.0169016901690169,4.5551862216624735e-05,0.004546955340157085,7.772456853150997e-17
0.01691169116911691,4.5464704799895994e-05,0.0045385569926509415,7.772456853150997e-17
0.016921692169216924,4.5377708361897625e-05,0.0045301741567941416,7.772456853150997e-17
0.016931693169316933,4.52908726053142e-05,0.004521806803936824,7.772456853150997e-17
0.016941694169416942,4.520419723332304e-05,0.004513454905482121,7.772456853150997e-17
0.016951695169516952,4.5117681949756846e-05,0.00450511843288597,7.772456853150997e-17
0.01696169616961696,4.5031326458879653e-05,0.0044967973576569165,7.772456853150997e-17
0.016971697169716974,4.494513046559924e-05,0.0044884916513562,7.772456853150997e-17
0.016981698169816983,4.4859093675315706e-05,0.0044802012855976086,7.772456853150997e-17
0.016991699169916993,4.477321579397413e-05,0.0044719262320473425,7.772456853150997e-17
0.017001700170017002,4.4687496528015766e-05,0.004463666462423926,7.772456853150997e-17
0.01701170117011701,4.460193558459637e-05,0.004455421948498137,7.772456853150997e-17
0.01702170217021702,4.451653267120327e-05,0.004447192662092864,7.772456853150997e-17
0.017031703170317034,4.443128749599408e-05,0.0044389785750830685,7.772456853150997e-17
0.017041704170417043,4.43461997675787e-05,0.004430779659395661,7.772456853150997e-17
0.017051705170517052,4.426126919525204e-05,0.004422595887009364,7.772456853150997e-17
0.01706170617061706,4.417649548867275e-05,0.00441442722995472,7.772456853150997e-17
0.01707170717071707,4.409187835818909e-05,0.004406273660313849,7.772456853150997e-17
0.017081708170817084,4.4007417514519106e-05,0.004398135150220478,7.772456853150997e-17
0.017091709170917093,4.392311266902156e-05,0.004390011671859803,7.772456853150997e-17
0.017101710171017102,4.383896353361656e-05,0.004381903197468335,7.772456853150997e-17
0.017111711171117112,4.375496982069475e-05,0.004373809699333975,7.772456853150997e-17
0.01712171217121712,4.367113124310062e-05,0.00436573114979575,7.772456853150997e-17
0.017131713171317134,4.358744751441435e-05,0.004357667521243834,7.772456853150997e-17
0.017141714171417143,4.350391834860812e-05,0.004349618786119211,7.772456853150997e-17
0.017151715171517153,4.342054346022623e-05,0.004341584916914018,7.772456853150997e-17
0.017161716171617162,4.333732256421231e-05,0.004333565886171075,7.772456853150997e-17
0.01717171717171717,4.325425537628514e-05,0.004325561666483836,7.772456853150997e-17
0.01718171817181718,4.317134161245124e-05,0.004317572230496503,7.772456853150997e-17
0.017191719171917193,4.308858098935231e-05,0.004309597550903725,7.772456853150997e-17
0.017201720172017203,4.300597322419336e-05,0.004301637600450642,7.772456853150997e-17
0.017211721172117212,4.2923518034593204e-05,0.004293692351932659,7.772456853150997e-17
0.01722172217221722,4.28412151387496e-05,0.004285761778195525,7.772456853150997e-17
0.01723172317231723,4.2759064255400834e-05,0.004277845852135065,7.772456853150997e-17
0.017241724172417244,4.267706510375716e-05,0.004269944546697227,7.772456853150997e-17
0.017251725172517253,4.259521740361224e-05,0.004262057834877829,7.772456853150997e-17
0.017261726172617262,4.251352087521123e-05,0.004254185689722709,7.772456853150997e-17
0.01727172717271727,4.243197523928356e-05,0.004246328084327288,7.772456853150997e-17
0.01728172817281728,4.23505802172499e-05,0.004238484991836918,7.772456853150997e-17
0.017291729172917294,4.22693355308613e-05,0.004230656385446403,7.772456853150997e-17
0.017301730173017303,4.21882409024355e-05,0.004222842238400061,7.772456853150997e-17
0.017311731173117312,4.210729605478107e-05,0.0042150425239917055,7.772456853150997e-17
0.017321732173217322,4.202650071135359e-05,0.0042072572155644125,7.772456853150997e-17
0.01733173317331733,4.194585459595627e-05,0.004199486286510419,7.772456853150997e-17
0.017341734173417344,4.1865357432985505e-05,0.004191729710271274,7.772456853150997e-17
0.017351735173517353,4.178505592683888e-05,0.004183987460337452,7.772456853150997e-17
0.017361736173617363,4.1705044087349095e-05,0.004176259510248463,7.772456853150997e-17
0.017371737173717372,4.16251800287654e-05,0.004168545833592668,7.772456853150997e-17
0.01738173817381738,4.1545463478181604e-05,0.004160846404007236,7.772456853150997e-17
0.01739173917391739,4.146589416311626e-05,0.00415316119517791,7.772456853150997e-17
0.017401740174017404,4.138647181160933e-05,0.00414549018083914,7.772456853150997e-17
0.017411741174117413,4.130719615225089e-05,0.0041378333347738975,7.772456853150997e-17
0.017421742174217422,4.1228066914114744e-05,0.004130190630813612,7.772456853150997e-17
0.01743174317431743,4.114908382679768e-05,0.004122562042837792,7.772456853150997e-17
0.01744174417441744,4.1070246620248344e-05,0.004114947544774565,7.772456853150997e-17
0.017451745174517454,4.0991555025190115e-05,0.004107347110599912,7.772456853150997e-17
0.017461746174617463,4.091300877249574e-05,0.00409976071433808,7.772456853150997e-17
0.017471747174717472,4.083460759386843e-05,0.0040921883300611825,7.772456853150997e-17
0.017481748174817482,4.0756351221286023e-05,0.004084629931889255,7.772456853150997e-17
0.01749174917491749,4.0678239387273336e-05,0.004077085493990027,7.772456853150997e-17
0.017501750175017504,4.0600271824890204e-05,0.004069554990579146,7.772456853150997e-17
0.017511751175117513,4.052244826775754e-05,0.004062038395919692,7.772456853150997e-17
0.017521752175217523,4.044476844977877e-05,0.004054535684322507,7.772456853150997e-17
0.017531753175317532,4.036723210549396e-05,0.004047046830145635,7.772456853150997e-17
0.01754175417541754,4.028983896995187e-05,0.004039571807794645,7.772456853150997e-17
0.01755175517551755,4.021258877866246e-05,0.004032110591722164,7.772456853150997e-17
0.017561756175617563,4.0135481267540036e-05,0.004024663156428296,7.772456853150997e-17
0.017571757175717573,4.0058516173037345e-05,0.00401722947646008,7.772456853150997e-17
0.017581758175817582,3.9981693232249425e-05,0.004009809526411617,7.772456853150997e-17
0.01759175917591759,3.990501218244713e-05,0.004002403280923871,7.772456853150997e-17
0.0176017601760176,3.982847276167784e-05,0.0039950107146846485,7.772456853150997e-17
0.017611761176117614,3.975207470831661e-05,0.003987631802428582,7.772456853150997e-17
0.017621762176217623,3.967581776125443e-05,0.003980266518936882,7.772456853150997e-17
0.017631763176317632,3.9599701659863476e-05,0.003972914839037399,7.772456853150997e-17
0.01764176417641764,3.9523726144052264e-05,0.003965576737604519,7.772456853150997e-17
0.01765176517651765,3.944789095410323e-05,0.003958252189558951,7.772456853150997e-17
0.017661766176617664,3.937219583085076e-05,0.003950941169867677,7.772456853150997e-17
0.017671767176717673,3.9296640515644726e-05,0.003943643653544033,7.772456853150997e-17
0.017681768176817683,3.9221224750213214e-05,0.003936359615647523,7.772456853150997e-17
0.017691769176917692,3.9145948276808475e-05,0.003929089031283533,7.772456853150997e-17
0.0177017701770177,3.907081083815174e-05,0.00392183187560359,7.772456853150997e-17
0.017711771177117714,3.899581217751908e-05,0.00391458812380509,7.772456853150997e-17
0.017721772177217723,3.892095203847244e-05,0.003907357751131146,7.772456853150997e-17
0.017731773177317733,3.884623016525568e-05,0.0039001407328707743,7.772456853150997e-17
0.017741774177417742,3.8771646302443765e-05,0.0038929370443585376,7.772456853150997e-17
0.01775177517751775,3.869720019517346e-05,0.003885746660974461,7.772456853150997e-17
0.01776177617761776,3.862289158895228e-05,0.003878569558144131,7.772456853150997e-17
0.017771777177717774,3.8548720229843156e-05,0.003871405711338544,7.772456853150997e-17
0.017781778177817783,3.8474685864386625e-05,0.003864255096074045,7.772456853150997e-17
0.017791779177917792,3.840078823954801e-05,0.0038571176879120574,7.772456853150997e-17
0.0178017801780178,3.8327027102779914e-05,0.0038499934624592453,7.772456853150997e-17
0.01781178117811781,3.825340220194454e-05,0.003842882395367306,7.772456853150997e-17
0.017821782178217824,3.817991328543425e-05,0.003835784462332891,7.772456853150997e-17
0.017831783178317833,3.810656010210478e-05,0.0038286996390975254,7.772456853150997e-17
0.017841784178417842,3.8033342401221844e-05,0.0038216279014475656,7.772456853150997e-17
0.017851785178517852,3.796025993260145e-05,0.003814569225214147,7.772456853150997e-17
0.01786178617861786,3.788731244637614e-05,0.0038075235862729253,7.772456853150997e-17
0.017871787178717874,3.7814499693339455e-05,0.0038004909605441543,7.772456853150997e-17
0.017881788178817883,3.774182142460866e-05,0.003793471323992632,7.772456853150997e-17
0.017891789178917893,3.766927739187633e-05,0.003786464652627518,7.772456853150997e-17
0.017901790179017902,3.7596867347048205e-05,0.0037794709225022643,7.772456853150997e-17
0.01791179117911791,3.7524591042693285e-05,0.003772490109714553,7.772456853150997e-17
0.017921792179217924,3.745244823185386e-05,0.003765522190406154,7.772456853150997e-17
0.017931793179317933,3.738043866795934e-05,0.0037585671407630345,7.772456853150997e-17
0.017941794179417943,3.730856210484645e-05,0.003751624937015003,7.772456853150997e-17
0.017951795179517952,3.72368182969409e-05,0.0037446955554358997,7.772456853150997e-17
0.01796179617961796,3.7165206998997906e-05,0.003737778972343297,7.772456853150997e-17
0.01797179717971797,3.709372796631604e-05,0.003730875164098546,7.772456853150997e-17
0.017981798179817984,3.702238095453488e-05,0.0037239841071066374,7.772456853150997e-17
0.017991799179917993,3.695116571983254e-05,0.003717105777816217,7.772456853150997e-17
0.018001800180018002,3.6880082018857146e-05,0.003710240152719301,7.772456853150997e-17
0.01801180118011801,3.680912960867221e-05,0.0037033872083514557,7.772456853150997e-17
0.01802180218021802,3.6738308246698904e-05,0.003696546921291444,7.772456853150997e-17
0.018031803180318034,3.666761769094523e-05,0.0036897192681614155,7.772456853150997e-17
0.018041804180418043,3.659705769982275e-05,0.003682904225626641,7.772456853150997e-17
0.018051805180518053,3.65266280321595e-05,0.003676101770395478,7.772456853150997e-17
0.018061806180618062,3.645632844731501e-05,0.003669311879219378,7.772456853150997e-17
0.01807180718071807,3.638615870500403e-05,0.0036625345288926856,7.772456853150997e-17
0.018081808180818084,3.6316118565317716e-05,0.0036557696962525392,7.772456853150997e-17
0.018091809180918093,3.624620778896822e-05,0.003649017358178951,7.772456853150997e-17
0.018101810181018103,3.6176426137021734e-05,0.0036422774915945634,7.772456853150997e-17
0.018111811181118112,3.610677337097395e-05,0.003635550073464753,7.772456853150997e-17
0.01812181218121812,3.6037249252733925e-05,0.0036288350807972777,7.772456853150997e-17
0.01813181318131813,3.5967853544716036e-05,0.003622132490642504,7.772456853150997e-17
0.018141814181418144,3.5898586009796557e-05,0.00361544228009315,7.772456853150997e-17
0.018151815181518153,3.5829446411168135e-05,0.0036087644262842353,7.772456853150997e-17
0.018161816181618162,3.5760434512568256e-05,0.003602098906392956,7.772456853150997e-17
0.01817181718171817,3.569155007812399e-05,0.003595445697638755,7.772456853150997e-17
0.01818181818181818,3.562279287239821e-05,0.003588804777283072,7.772456853150997e-17
0.018191819181918194,3.555416266046102e-05,0.00358217612262945,7.772456853150997e-17
0.018201820182018203,3.548565920775933e-05,0.0035755597110231807,7.772456853150997e-17
0.018211821182118212,3.5417282280137805e-05,0.0035689555198515745,7.772456853150997e-17
0.018221822182218222,3.53490316438148e-05,0.0035623635265436293,7.772456853150997e-17
0.01823182318231823,3.528090706564897e-05,0.0035557837085700267,7.772456853150997e-17
0.018241824182418244,3.5212908312805674e-05,0.0035492160434430066,7.772456853150997e-17
0.018251825182518253,3.514503515284809e-05,0.0035426605087164878,7.772456853150997e-17
0.018261826182618263,3.507728735383263e-05,0.003536117081985721,7.772456853150997e-17
0.018271827182718272,3.500966468419384e-05,0.0035295857408873927,7.772456853150997e-17
0.01828182818281828,3.494216691284937e-05,0.0035230664630994534,7.772456853150997e-17
0.018291829182918294,3.487479380909451e-05,0.0035165592263411193,7.772456853150997e-17
0.018301830183018303,3.480754514269683e-05,0.003510064008372796,7.772456853150997e-17
0.018311831183118313,3.4740420683742544e-05,0.003503580786995874,7.772456853150997e-17
0.018321832183218322,3.4673420202889646e-05,0.0034971095400527863,7.772456853150997e-17
0.01833183318331833,3.4606543471139064e-05,0.0034906502454268955,7.772456853150997e-17
0.01834183418341834,3.4539790259946744e-05,0.0034842028810424235,7.772456853150997e-17
0.018351835183518354,3.447316034112415e-05,0.0034777674248644094,7.772456853150997e-17
0.018361836183618363,3.440665348699996e-05,0.0034713438548984567,7.772456853150997e-17
0.018371837183718372,3.4340269470255415e-05,0.003464932149190887,7.772456853150997e-17
0.01838183818381838,3.4274008064015267e-05,0.003458532285828579,7.772456853150997e-17
0.01839183918391839,3.420786904181829e-05,0.003452144242938806,7.772456853150997e-17
0.018401840184018404,3.414185217759594e-05,0.003445767998689311,7.772456853150997e-17
0.018411841184118413,3.407595724575399e-05,0.0034394035312882106,7.772456853150997e-17
0.018421842184218423,3.401018402107683e-05,0.003433050818983756,7.772456853150997e-17
0.018431843184318432,3.394453227878797e-05,0.003426709840064437,7.772456853150997e-17
0.01844184418441844,3.387900179446598e-05,0.003420380572858792,7.772456853150997e-17
0.018451845184518454,3.3813592344233555e-05,0.0034140629957354505,7.772456853150997e-17
0.018461846184618463,3.3748303704505456e-05,0.0034077570871029117,7.772456853150997e-17
0.018471847184718473,3.368313565210381e-05,0.003401462825409706,7.772456853150997e-17
0.018481848184818482,3.361808796435638e-05,0.003395180189144062,7.772456853150997e-17
0.01849184918491849,3.3553160418895434e-05,0.003388909156833902,7.772456853150997e-17
0.0185018501850185,3.3488352793860533e-05,0.003382649707046856,7.772456853150997e-17
0.018511851185118514,3.3423664867715714e-05,0.0033764018183901983,7.772456853150997e-17
0.018521852185218523,3.335909641945875e-05,0.0033701654695106175,7.772456853150997e-17
0.018531853185318532,3.32946472283596e-05,0.00336394063909425,7.772456853150997e-17
0.01854185418541854,3.323031707413559e-05,0.0033577273058666155,7.772456853150997e-17
0.01855185518551855,3.316610573698324e-05,0.0033515254485926194,7.772456853150997e-17
0.018561856185618564,3.310201299738071e-05,0.003345335046076257,7.772456853150997e-17
0.018571857185718573,3.3038038636295665e-05,0.003339156077160737,7.772456853150997e-17
0.018581858185818582,3.297418243511575e-05,0.0033329885207284042,7.772456853150997e-17
0.018591859185918592,3.291044417561639e-05,0.0033268323557004635,7.772456853150997e-17
0.0186018601860186,3.284682363989718e-05,0.0033206875610370945,7.772456853150997e-17
0.018611861186118614,3.2783320610603124e-05,0.0033145541157374144,7.772456853150997e-17
0.018621862186218623,3.27199348706691e-05,0.0033084319988392424,7.772456853150997e-17
0.018631863186318633,3.265666620343243e-05,0.003302321189419178,7.772456853150997e-17
0.018641864186418642,3.259351439262715e-05,0.003296221666592518,7.772456853150997e-17
0.01865186518651865,3.253047922252507e-05,0.0032901334095128978,7.772456853150997e-17
0.018661866186618664,3.246756047763923e-05,0.0032840563973727394,7.772456853150997e-17
0.018671867186718673,3.240475794291108e-05,0.003277990609402706,7.772456853150997e-17
0.018681868186818683,3.2342071403799096e-05,0.003271936024871944,7.772456853150997e-17
0.018691869186918692,3.2279500645934784e-05,0.0032658926230878065,7.772456853150997e-17
0.0187018701870187,3.221704545553788e-05,0.0032598603833958375,7.772456853150997e-17
0.01871187118711871,3.215470561914517e-05,0.003253839285179827,7.772456853150997e-17
0.018721872187218724,3.2092480923735484e-05,0.0032478293078616284,7.772456853150997e-17
0.018731873187318733,3.203037115656709e-05,0.003241830430901066,7.772456853150997e-17
0.018741874187418742,3.196837610545624e-05,0.0032358426337959125,7.772456853150997e-17
0.01875187518751875,3.190649555845399e-05,0.0032298658960817554,7.772456853150997e-17
0.01876187618761876,3.184472930412741e-05,0.003223900197332038,7.772456853150997e-17
0.018771877187718774,3.178307713128864e-05,0.003217945517157993,7.772456853150997e-17
0.018781878187818783,3.172153882927439e-05,0.003212001835208396,7.772456853150997e-17
0.018791879187918793,3.166027463122571e-05,0.0032060691311696465,7.772456853150997e-17
0.018801880188018802,3.1599164833699783e-05,0.0032001473847656442,7.772456853150997e-17
0.01881188118811881,3.153816790526379e-05,0.0031942365757577835,7.772456853150997e-17
0.018821882188218824,3.147728363743494e-05,0.003188336683944891,7.772456853150997e-17
0.018831883188318833,3.141651182208191e-05,0.0031824476891629976,7.772456853150997e-17
0.018841884188418843,3.135585225156554e-05,0.0031765695712854085,7.772456853150997e-17
0.018851885188518852,3.129530471860943e-05,0.0031707023102225686,7.772456853150997e-17
0.01886188618861886,3.123486901623045e-05,0.0031648458859221003,7.772456853150997e-17
0.01887188718871887,3.117454493788991e-05,0.003159000278368691,7.772456853150997e-17
0.018881888188818884,3.111433227740445e-05,0.0031531654675838274,7.772456853150997e-17
0.018891889188918893,3.105423082900876e-05,0.0031473414336260427,7.772456853150997e-17
0.018901890189018902,3.099424038727942e-05,0.0031415281565906937,7.772456853150997e-17
0.01891189118911891,3.093436074722594e-05,0.003135725616609855,7.772456853150997e-17
0.01892189218921892,3.087459170411887e-05,0.0031299337938523186,7.772456853150997e-17
0.018931893189318934,3.0814933053723064e-05,0.0031241526685234946,7.772456853150997e-17
0.018941894189418943,3.075538459217919e-05,0.003118382220865323,7.772456853150997e-17
0.018951895189518952,3.069594611593679e-05,0.0031126224311562732,7.772456853150997e-17
0.018961896189618962,3.063661742182609e-05,0.003106873279711292,7.772456853150997e-17
0.01897189718971897,3.057739830714669e-05,0.0031011347468816192,7.772456853150997e-17
0.018981898189818984,3.051828856946797e-05,0.0030954068130547656,7.772456853150997e-17
0.018991899189918993,3.045928800677784e-05,0.003089689458654522,7.772456853150997e-17
0.019001900190019003,3.040039641743599e-05,0.003083982664140782,7.772456853150997e-17
0.019011901190119012,3.034161360016404e-05,0.0030782864100096434,7.772456853150997e-17
0.01902190219021902,3.0282939354063222e-05,0.0030726006767930344,7.772456853150997e-17
0.019031903190319034,3.0224373478607514e-05,0.0030669254450589943,7.772456853150997e-17
0.019041904190419044,3.0165915773656214e-05,0.0030612606954114,7.772456853150997e-17
0.019051905190519053,3.0107566039454286e-05,0.0030556064084899808,7.772456853150997e-17
0.019061906190619062,3.004932407647325e-05,0.0030499625649702137,7.772456853150997e-17
0.01907190719071907,2.9991189685731475e-05,0.0030443291455631853,7.772456853150997e-17
0.01908190819081908,2.9933162668518476e-05,0.0030387061310157624,7.772456853150997e-17
0.019091909190919094,2.9875242826522525e-05,0.0030330935021102333,7.772456853150997e-17
0.019101910191019103,2.9817429961828788e-05,0.003027491239664503,7.772456853150997e-17
0.019111911191119112,2.975972387678314e-05,0.003021899324531808,7.772456853150997e-17
0.01912191219121912,2.9702124374203934e-05,0.003016317737600767,7.772456853150997e-17
0.01913191319131913,2.9644631257238647e-05,0.003010746459795366,7.772456853150997e-17
0.019141914191419144,2.9587244329392997e-05,0.0030051854720747114,7.772456853150997e-17
0.019151915191519153,2.9529963394540363e-05,0.0029996347554331467,7.772456853150997e-17
0.019161916191619163,2.9472788256819608e-05,0.0029940942909001214,7.772456853150997e-17
0.019171917191719172,2.9415718720963483e-05,0.002988564059540058,7.772456853150997e-17
0.01918191819181918,2.9358754591868844e-05,0.0029830440424525075,7.772456853150997e-17
0.019191919191919194,2.9301895674824865e-05,0.0029775342207718184,7.772456853150997e-17
0.019201920192019203,2.9245141775559427e-05,0.0029720345756671282,7.772456853150997e-17
0.019211921192119213,2.9188492700026827e-05,0.0029665450883424355,7.772456853150997e-17
0.019221922192219222,2.9131948254710616e-05,0.0029610657400364606,7.772456853150997e-17
0.01923192319231923,2.907550824631952e-05,0.0029555965120225164,7.772456853150997e-17
0.019241924192419244,2.9019172481981386e-05,0.002950137385608615,7.772456853150997e-17
0.019251925192519254,2.89629407691483e-05,0.0029446883421372027,7.772456853150997e-17
0.019261926192619263,2.8906812915641764e-05,0.0029392493629851455,7.772456853150997e-17
0.019271927192719272,2.885078872962445e-05,0.0029338204295637623,7.772456853150997e-17
0.01928192819281928,2.8794868019563663e-05,0.0029284015233187457,7.772456853150997e-17
0.01929192919291929,2.8739050594438992e-05,0.0029229926257300642,7.772456853150997e-17
0.019301930193019304,2.8683336263468394e-05,0.0029175937183116563,7.772456853150997e-17
0.019311931193119313,2.862772483613189e-05,0.0029122047826120293,7.772456853150997e-17
0.019321932193219322,2.8572216122490818e-05,0.0029068258002134845,7.772456853150997e-17
0.019331933193319332,2.851680993281232e-05,0.002901456752732261,7.772456853150997e-17
0.01934193419341934,2.8461506077741156e-05,0.002896097621818813,7.772456853150997e-17
0.019351935193519354,2.8406304368243258e-05,0.0028907483891573004,7.772456853150997e-17
0.019361936193619363,2.8351204615634705e-05,0.0028854090364657764,7.772456853150997e-17
0.019371937193719373,2.829620663159494e-05,0.0028800795454960613,7.772456853150997e-17
0.019381938193819382,2.824131022821201e-05,0.0028747598980336945,7.772456853150997e-17
0.01939193919391939,2.8186515217855776e-05,0.0028694500758977472,7.772456853150997e-17
0.019401940194019404,2.8131821413197418e-05,0.0028641500609410363,7.772456853150997e-17
0.019411941194119414,2.8077228627369355e-05,0.0028588598350497677,7.772456853150997e-17
0.019421942194219423,2.80227366738477e-05,0.0028535793801436928,7.772456853150997e-17
0.019431943194319432,2.7968345366227865e-05,0.0028483086781759363,7.772456853150997e-17
0.01944194419441944,2.7914054518716867e-05,0.0028430477111328956,7.772456853150997e-17
0.01945194519451945,2.7859863945791703e-05,0.0028377964610342924,7.772456853150997e-17
0.019461946194619464,2.7805773462208942e-05,0.0028325549099330327,7.772456853150997e-17
0.019471947194719473,2.7751782883114262e-05,0.002827323039915159,7.772456853150997e-17
0.019481948194819482,2.7697892024022792e-05,0.0028221008330998375,7.772456853150997e-17
0.019491949194919492,2.764410070073504e-05,0.0028168882716392567,7.772456853150997e-17
0.0195019501950195,2.759040872934634e-05,0.002811685337718568,7.772456853150997e-17
0.019511951195119514,2.7536815926370872e-05,0.0028064920135558013,7.772456853150997e-17
0.019521952195219523,2.748332210870173e-05,0.002801308281401824,7.772456853150997e-17
0.019531953195319533,2.7429927093492475e-05,0.0027961341235403763,7.772456853150997e-17
0.019541954195419542,2.7376630698248364e-05,0.002790969522287805,7.772456853150997e-17
0.01955195519551955,2.732343274085118e-05,0.0027858144599931293,7.772456853150997e-17
0.019561956195619564,2.727033303942056e-05,0.0027806689190380696,7.772456853150997e-17
0.019571957195719573,2.721733141254554e-05,0.002775532881836838,7.772456853150997e-17
0.019581958195819583,2.7164427679013114e-05,0.002770406330836093,7.772456853150997e-17
0.019591959195919592,2.711162165804654e-05,0.0027652892485149467,7.772456853150997e-17
0.0196019601960196,2.7058913169226136e-05,0.002760181617384769,7.772456853150997e-17
0.019611961196119614,2.7006302032361532e-05,0.002755083419989436,7.772456853150997e-17
0.019621962196219624,2.6953788067617356e-05,0.0027499946389048964,7.772456853150997e-17
0.019631963196319633,2.690137109554987e-05,0.002744915256739338,7.772456853150997e-17
0.019641964196419642,2.684905093700665e-05,0.0027398452561331354,7.772456853150997e-17
0.01965196519651965,2.6796827413234925e-05,0.0027347846197584955,7.772456853150997e-17
0.01966196619661966,2.6744700345663197e-05,0.002729733330319912,7.772456853150997e-17
0.019671967196719674,2.6692669556168438e-05,0.002724691370553699,7.772456853150997e-17
0.019681968196819683,2.664073486700261e-05,0.0027196587232280536,7.772456853150997e-17
0.019691969196919692,2.658889610054867e-05,0.0027146353711430204,7.772456853150997e-17
0.019701970197019702,2.6537153079704823e-05,0.002709621297130342,7.772456853150997e-17
0.01971197119711971,2.6485505627620754e-05,0.0027046164840535568,7.772456853150997e-17
0.019721972197219724,2.6433953567747366e-05,0.002699620914807786,7.772456853150997e-17
0.019731973197319733,2.638249672392724e-05,0.002694634572319851,7.772456853150997e-17
0.019741974197419743,2.633113492027225e-05,0.0026896574395480046,7.772456853150997e-17
0.019751975197519752,2.6279867981268122e-05,0.00268468949948207,7.772456853150997e-17
0.01976197619761976,2.622869573175878e-05,0.0026797307351431286,7.772456853150997e-17
0.019771977197719774,2.6177617996735824e-05,0.002674781129583776,7.772456853150997e-17
0.019781978197819784,2.612663460169989e-05,0.0026698406658878203,7.772456853150997e-17
0.019791979197919793,2.6075745372384227e-05,0.002664909327170343,7.772456853150997e-17
0.019801980198019802,2.602495013491526e-05,0.0026599870965776434,7.772456853150997e-17
0.01981198119811981,2.5974248715633245e-05,0.0026550739572871428,7.772456853150997e-17
0.01982198219821982,2.5923640941293436e-05,0.002650169892507287,7.772456853150997e-17
0.019831983198319834,2.5873126638865038e-05,0.0026452748854775814,7.772456853150997e-17
0.019841984198419843,2.5822745328897515e-05,0.002640388919468474,7.772456853150997e-17
0.019851985198519852,2.5772635773125542e-05,0.002635511977781303,7.772456853150997e-17
0.019861986198619862,2.5722618769064323e-05,0.002630644043748202,7.772456853150997e-17
0.01987198719871987,2.567269414588292e-05,0.0026257851007321377,7.772456853150997e-17
0.019881988198819884,2.5622861732894158e-05,0.0026209351321268438,7.772456853150997e-17
0.019891989198919893,2.5573121359747637e-05,0.002616094121356715,7.772456853150997e-17
0.019901990199019903,2.5523472856502434e-05,0.002611262051876686,7.772456853150997e-17
0.019911991199119912,2.5473916053435325e-05,0.00260643890717235,7.772456853150997e-17
0.01992199219921992,2.5424450781196803e-05,0.00260162467075967,7.772456853150997e-17
0.019931993199319934,2.5375076870720693e-05,0.0025968193261851694,7.772456853150997e-17
0.019941994199419943,2.5325794153266344e-05,0.002592022857025778,7.772456853150997e-17
0.019951995199519953,2.5276602460426348e-05,0.002587235246888614,7.772456853150997e-17
0.019961996199619962,2.522750162409075e-05,0.002582456479411246,7.772456853150997e-17
0.01997199719971997,2.517849147644156e-05,0.0025776865382613964,7.772456853150997e-17
0.019981998199819984,2.5129571849960057e-05,0.0025729254071369125,7.772456853150997e-17
0.019991999199919994,2.5080742577420456e-05,0.0025681730697658138,7.772456853150997e-17
0.020002000200020003,2.5032003491991584e-05,0.0025634295099060574,7.772456853150997e-17
0.020012001200120012,2.498335442709056e-05,0.002558694711345719,7.772456853150997e-17
0.02002200220022002,2.493479521646248e-05,0.0025539686579027906,7.772456853150997e-17
0.02003200320032003,2.4886325694129068e-05,0.0025492513334251575,7.772456853150997e-17
0.020042004200420044,2.4837945694451117e-05,0.002544542721790529,7.772456853150997e-17
0.020052005200520053,2.4789655051987563e-05,0.002539842806906389,7.772456853150997e-17
0.020062006200620063,2.4741453601802064e-05,0.0025351515727098897,7.772456853150997e-17
0.020072007200720072,2.469334117913806e-05,0.0025304690031679442,7.772456853150997e-17
0.02008200820082008,2.464531761952533e-05,0.002525795082276993,7.772456853150997e-17
0.020092009200920094,2.4597382758885166e-05,0.002521129794063088,7.772456853150997e-17
0.020102010201020103,2.4549536433411334e-05,0.0025164731225818383,7.772456853150997e-17
0.020112011201120113,2.450177847951611e-05,0.0025118250519181808,7.772456853150997e-17
0.020122012201220122,2.4454108733962796e-05,0.0025071855661865905,7.772456853150997e-17
0.02013201320132013,2.4406527033919724e-05,0.0025025546495306933,7.772456853150997e-17
0.020142014201420144,2.4359033216666334e-05,0.002497932286123568,7.772456853150997e-17
0.020152015201520154,2.4311627119949877e-05,0.0024933184601674168,7.772456853150997e-17
0.020162016201620163,2.4264308581786124e-05,0.0024887131558936925,7.772456853150997e-17
0.020172017201720172,2.42170774403767e-05,0.0024841163575629963,7.772456853150997e-17
0.02018201820182018,2.4169933534352687e-05,0.002479528049464898,7.772456853150997e-17
0.020192019201920194,2.4122876702574453e-05,0.0024749482159180276,7.772456853150997e-17
0.020202020202020204,2.407590678421993e-05,0.002470376841269967,7.772456853150997e-17
0.020212021202120213,2.402902361873885e-05,0.002465813909897277,7.772456853150997e-17
0.020222022202220222,2.3982227045873952e-05,0.0024612594062053297,7.772456853150997e-17
0.020232023202320232,2.393551690574226e-05,0.0024567133146282403,7.772456853150997e-17
0.02024202420242024,2.388889303868603e-05,0.0024521756196290456,7.772456853150997e-17
0.020252025202520254,2.3842355285356073e-05,0.0024476463056993096,7.772456853150997e-17
0.020262026202620263,2.379590348670917e-05,0.0024431253573592633,7.772456853150997e-17
0.020272027202720273,2.3749537484000872e-05,0.0024386127591577472,7.772456853150997e-17
0.020282028202820282,2.3703257118785135e-05,0.0024341084956722146,7.772456853150997e-17
0.02029202920292029,2.365706223284824e-05,0.0024296125515085405,7.772456853150997e-17
0.020302030203020304,2.3610952668339458e-05,0.002425124911300995,7.772456853150997e-17
0.020312031203120313,2.356492826764696e-05,0.0024206455597122916,7.772456853150997e-17
0.020322032203220323,2.3518988873448927e-05,0.0024161744814333833,7.772456853150997e-17
0.020332033203320332,2.347313432878173e-05,0.0024117116611836534,7.772456853150997e-17
0.02034203420342034,2.3427364476921298e-05,0.0024072570837105818,7.772456853150997e-17
0.020352035203520354,2.338167916145062e-05,0.0024028107337898726,7.772456853150997e-17
0.020362036203620364,2.3336078226262404e-05,0.0023983725962253444,7.772456853150997e-17
0.020372037203720373,2.329056151545348e-05,0.002393942655848826,7.772456853150997e-17
0.020382038203820382,2.3245128873479554e-05,0.0023895208975202183,7.772456853150997e-17
0.02039203920392039,2.3199780145093504e-05,0.0023851073061273587,7.772456853150997e-17
0.0204020402040204,2.3154515175226523e-05,0.00238070186658608,7.772456853150997e-17
0.020412041204120414,2.310933380926553e-05,0.002376304563839945,7.772456853150997e-17
0.020422042204220423,2.3064235892723854e-05,0.002371915382860425,7.772456853150997e-17
0.020432043204320433,2.3019221271430026e-05,0.002367534308646678,7.772456853150997e-17
0.020442044204420442,2.2974289791681185e-05,0.00236316132622563,7.772456853150997e-17
0.02045204520452045,2.292944129985438e-05,0.0023587964206518213,7.772456853150997e-17
0.020462046204620464,2.288467564261734e-05,0.002354439577007454,7.772456853150997e-17
0.020472047204720473,2.2839992667059926e-05,0.002350090780402161,7.772456853150997e-17
0.020482048204820483,2.279539222042913e-05,0.0023457500159732333,7.772456853150997e-17
0.020492049204920492,2.275087415033369e-05,0.002341417268885315,7.772456853150997e-17
0.0205020502050205,2.270643830456474e-05,0.002337092524330413,7.772456853150997e-17
0.020512051205120514,2.266208453125863e-05,0.002332775767527951,7.772456853150997e-17
0.020522052205220524,2.261781267886919e-05,0.0023284669837246893,7.772456853150997e-17
0.020532053205320533,2.2573622596045684e-05,0.002324166158194584,7.772456853150997e-17
0.020542054205420542,2.252951413183628e-05,0.002319873276238784,7.772456853150997e-17
0.02055205520552055,2.2485487135443768e-05,0.0023155883231856366,7.772456853150997e-17
0.020562056205620564,2.2441541456398944e-05,0.0023113112843905466,7.772456853150997e-17
0.020572057205720574,2.239767694448759e-05,0.0023070421452359297,7.772456853150997e-17
0.020582058205820583,2.2353893449829488e-05,0.0023027808911312464,7.772456853150997e-17
0.020592059205920592,2.2310190822730374e-05,0.002298527507512948,7.772456853150997e-17
0.020602060206020602,2.2266568913926924e-05,0.002294281979844299,7.772456853150997e-17
0.02061206120612061,2.2223027574246415e-05,0.0022900442936154876,7.772456853150997e-17
0.020622062206220624,2.2179566654903463e-05,0.002285814434343376,7.772456853150997e-17
0.020632063206320633,2.2136186007398143e-05,0.0022815923875717722,7.772456853150997e-17
0.020642064206420643,2.209288548341564e-05,0.0022773781388710323,7.772456853150997e-17
0.020652065206520652,2.204966493501329e-05,0.0022731716738382222,7.772456853150997e-17
0.02066206620662066,2.2006726809064914e-05,0.0022689729780969972,7.772456853150997e-17
0.020672067206720674,2.196390432499874e-05,0.0022647820372976154,7.772456853150997e-17
0.020682068206820683,2.1921160933533436e-05,0.0022605988371166637,7.772456853150997e-17
0.020692069206920693,2.1878496488549007e-05,0.0022564233632573825,7.772456853150997e-17
0.020702070207020702,2.183591084436267e-05,0.002252255601449407,7.772456853150997e-17
0.02071207120712071,2.1793403855339005e-05,0.0022480955374485577,7.772456853150997e-17
0.020722072207220724,2.1750975376248973e-05,0.0022439431570371406,7.772456853150997e-17
0.020732073207320734,2.170862526203823e-05,0.0022397984460236857,7.772456853150997e-17
0.020742074207420743,2.1666353367983443e-05,0.002235661390242804,7.772456853150997e-17
0.020752075207520752,2.162415954956969e-05,0.0022315319755554374,7.772456853150997e-17
0.02076207620762076,2.1582043662676127e-05,0.0022274101878485856,7.772456853150997e-17
0.02077207720772077,2.1540005563351558e-05,0.002223296013035303,7.772456853150997e-17
0.020782078207820784,2.1498045107890364e-05,0.002219189437054616,7.772456853150997e-17
0.020792079207920793,2.1456162152929318e-05,0.002215090445871671,7.772456853150997e-17
0.020802080208020803,2.1414356555296673e-05,0.0022109990254773333,7.772456853150997e-17
0.020812081208120812,2.1372628172100286e-05,0.0022069151618884725,7.772456853150997e-17
0.02082208220822082,2.1330976860710223e-05,0.002202838841147795,7.772456853150997e-17
0.020832083208320834,2.1289402478814273e-05,0.002198770049323713,7.772456853150997e-17
0.020842084208420843,2.124790488432523e-05,0.0021947087725103787,7.772456853150997e-17
0.020852085208520853,2.1206483935382774e-05,0.0021906549968277083,7.772456853150997e-17
0.020862086208620862,2.1165139490485858e-05,0.0021866087084211772,7.772456853150997e-17
0.02087208720872087,2.1123871408306405e-05,0.0021825698934618723,7.772456853150997e-17
0.020882088208820884,2.1082679547752924e-05,0.0021785385381464227,7.772456853150997e-17
0.020892089208920894,2.1041563768101837e-05,0.0021745146286969693,7.772456853150997e-17
0.020902090209020903,2.10005239287629e-05,0.002170498151361094,7.772456853150997e-17
0.020912091209120912,2.0959559889599503e-05,0.0021664890924117633,7.772456853150997e-17
0.02092209220922092,2.0918671510492196e-05,0.0021624874381472644,7.772456853150997e-17
0.020932093209320934,2.0877858651816113e-05,0.0021584931748912864,7.772456853150997e-17
0.020942094209420944,2.0837121173978265e-05,0.002154506288992701,7.772456853150997e-17
0.020952095209520953,2.079645893777783e-05,0.002150526766825606,7.772456853150997e-17
0.020962096209620962,2.0755871804268154e-05,0.002146554594789296,7.772456853150997e-17
0.020972097209720972,2.0715359634671565e-05,0.0021425897593081184,7.772456853150997e-17
0.02098209820982098,2.0674922290531384e-05,0.002138632246831576,7.772456853150997e-17
0.020992099209920994,2.0634559633774674e-05,0.002134682043834161,7.772456853150997e-17
0.021002100210021003,2.059427152632362e-05,0.002130739136815343,7.772456853150997e-17
0.021012101210121013,2.055405783053297e-05,0.002126803512299572,7.772456853150997e-17
0.021022102210221022,2.0513918408969038e-05,0.002122875156836149,7.772456853150997e-17
0.02103210321032103,2.0473853124468624e-05,0.0021189540569991673,7.772456853150997e-17
0.021042104210421044,2.0433861840092218e-05,0.0021150401993875675,7.772456853150997e-17
0.021052105210521053,2.039394441915508e-05,0.0021111335706251095,7.772456853150997e-17
0.021062106210621063,2.0354100725219688e-05,0.0021072341573601704,7.772456853150997e-17
0.021072107210721072,2.0314330622114256e-05,0.002103341946265751,7.772456853150997e-17
0.02108210821082108,2.0274633973942533e-05,0.0020994569240396065,7.772456853150997e-17
0.021092109210921094,2.0235010644972447e-05,0.0020955790774039246,7.772456853150997e-17
0.021102110211021104,2.0195460499832804e-05,0.0020917083931055467,7.772456853150997e-17
0.021112111211121113,2.0155983403357806e-05,0.0020878448579156692,7.772456853150997e-17
0.021122112211221122,2.0116579220607487e-05,0.002083988458629952,7.772456853150997e-17
0.02113211321132113,2.0077247816934313e-05,0.0020801391820685342,7.772456853150997e-17
0.021142114211421145,2.0037989057886008e-05,0.00207629701507576,7.772456853150997e-17
0.021152115211521154,1.9998802809318878e-05,0.0020724619445203225,7.772456853150997e-17
0.021162116211621163,1.9959688937273823e-05,0.0020686339572952325,7.772456853150997e-17
0.021172117211721173,1.992064730811984e-05,0.002064813040317657,7.772456853150997e-17
0.021182118211821182,1.9881677788375702e-05,0.0020609991805289403,7.772456853150997e-17
0.02119211921192119,1.9842780244861214e-05,0.00205719236489451,7.772456853150997e-17
0.021202120212021204,1.9803954544661077e-05,0.0020533925804038893,7.772456853150997e-17
0.021212121212121213,1.97652005550552e-05,0.002049599814070689,7.772456853150997e-17
0.021222122212221223,1.972651814364584e-05,0.0020458140529323993,7.772456853150997e-17
0.021232123212321232,1.9687907178199948e-05,0.0020420352840505697,7.772456853150997e-17
0.02124212421242124,1.964936752675791e-05,0.002038263494510537,7.772456853150997e-17
0.021252125212521254,1.9610899057613764e-05,0.00203449867142152,7.772456853150997e-17
0.021262126212621264,1.9572501639257993e-05,0.0020307408019166516,7.772456853150997e-17
0.021272127212721273,1.953417514049548e-05,0.0020269898731526447,7.772456853150997e-17
0.021282128212821282,1.949591943032552e-05,0.0020232458723100795,7.772456853150997e-17
0.02129212921292129,1.9457734378012147e-05,0.0020195087865932044,7.772456853150997e-17
0.021302130213021304,1.941975509052684e-05,0.0020157786032297944,7.772456853150997e-17
0.021312131213121314,1.938197459270115e-05,0.002012055309471309,7.772456853150997e-17
0.021322132213221323,1.934426387503398e-05,0.0020083388925927277,7.772456853150997e-17
0.021332133213321332,1.9306622808576384e-05,0.002004629339892488,7.772456853150997e-17
0.021342134213421342,1.926905126478166e-05,0.0020009266386926345,7.772456853150997e-17
0.02135213521352135,1.9231549115159033e-05,0.0019972307763384657,7.772456853150997e-17
0.021362136213621364,1.9194116231598205e-05,0.0019935417401987826,7.772456853150997e-17
0.021372137213721373,1.91567524860571e-05,0.0019898595176655125,7.772456853150997e-17
0.021382138213821383,1.9119457750968238e-05,0.001986184096154056,7.772456853150997e-17
0.021392139213921392,1.908223189879853e-05,0.0019825154631030345,7.772456853150997e-17
0.0214021402140214,1.904507480234342e-05,0.0019788536059742205,7.772456853150997e-17
0.021412141214121414,1.900798633464281e-05,0.001975198512252625,7.772456853150997e-17
0.021422142214221424,1.897096636889183e-05,0.001971550169446265,7.772456853150997e-17
0.021432143214321433,1.893401477853575e-05,0.0019679085650862386,7.772456853150997e-17
0.021442144214421442,1.8897131437378663e-05,0.0019642736867267942,7.772456853150997e-17
0.02145214521452145,1.8860316219284877e-05,0.0019606455219450423,7.772456853150997e-17
0.021462146214621464,1.8823568998496417e-05,0.0019570240583411023,7.772456853150997e-17
0.021472147214721474,1.8786889649419616e-05,0.001953409283537923,7.772456853150997e-17
0.021482148214821483,1.875027804667718e-05,0.0019498011851814111,7.772456853150997e-17
0.021492149214921492,1.8713734065116762e-05,0.0019461997509402742,7.772456853150997e-17
0.0215021502150215,1.867725757982799e-05,0.0019426049685059032,7.772456853150997e-17
0.021512151215121515,1.8640848466196865e-05,0.0019390168255925615,7.772456853150997e-17
0.021522152215221524,1.860450659974821e-05,0.0019354353099371262,7.772456853150997e-17
0.021532153215321533,1.8568231856300658e-05,0.0019318604092990875,7.772456853150997e-17
0.021542154215421543,1.8532024111920385e-05,0.0019282921114606164,7.772456853150997e-17
0.021552155215521552,1.849588324276929e-05,0.0019247304042263116,7.772456853150997e-17
0.02156215621562156,1.8459809125390594e-05,0.0019211752754235772,7.772456853150997e-17
0.021572157215721574,1.8423801636575273e-05,0.0019176267129020202,7.772456853150997e-17
0.021582158215821583,1.838786065310223e-05,0.0019140847045338615,7.772456853150997e-17
0.021592159215921593,1.8351986052174944e-05,0.0019105492382136557,7.772456853150997e-17
0.021602160216021602,1.8316177711246213e-05,0.001907020301858222,7.772456853150997e-17
0.02161216121612161,1.8280435507850128e-05,0.0019034978834068304,7.772456853150997e-17
0.021622162216221624,1.824475931996403e-05,0.0018999819708210232,7.772456853150997e-17
0.021632163216321634,1.8209149025546475e-05,0.0018964725520845516,7.772456853150997e-17
0.021642164216421643,1.8173604502952625e-05,0.0018929696152032872,7.772456853150997e-17
0.021652165216521652,1.8138125630608775e-05,0.0018894731482053798,7.772456853150997e-17
0.02166216621662166,1.810271228733274e-05,0.001885983139141045,7.772456853150997e-17
0.021672167216721674,1.8067364352114385e-05,0.001882499576082507,7.772456853150997e-17
0.021682168216821684,1.8032081704139114e-05,0.001879022447124051,7.772456853150997e-17
0.021692169216921693,1.799686422279958e-05,0.001875551740382012,7.772456853150997e-17
0.021702170217021702,1.7961711787701096e-05,0.0018720874439946123,7.772456853150997e-17
0.021712171217121712,1.7926624278753123e-05,0.0018686295461219997,7.772456853150997e-17
0.02172217221722172,1.789160157599895e-05,0.0018651780349462283,7.772456853150997e-17
0.021732173217321734,1.785664355977274e-05,0.0018617328986711306,7.772456853150997e-17
0.021742174217421743,1.7821750110638714e-05,0.0018582941255223407,7.772456853150997e-17
0.021752175217521753,1.7786921109265016e-05,0.0018548617037472041,7.772456853150997e-17
0.021762176217621762,1.7752156436645222e-05,0.0018514356216148197,7.772456853150997e-17
0.02177217721772177,1.7717455973988866e-05,0.001848015867415952,7.772456853150997e-17
0.021782178217821784,1.768281960268391e-05,0.0018446024294630082,7.772456853150997e-17
0.021792179217921794,1.7648247204359828e-05,0.0018411952960898828,7.772456853150997e-17
0.021802180218021803,1.761373866083306e-05,0.0018377944556521903,7.772456853150997e-17
0.021812181218121812,1.757929385419738e-05,0.0018343998965268797,7.772456853150997e-17
0.02182218221822182,1.7545135584949754e-05,0.0018310116071124606,7.772456853150997e-17
0.021832183218321834,1.7511111401429496e-05,0.0018276295758288688,7.772456853150997e-17
0.021842184218421844,1.747715006013408e-05,0.0018242537911173822,7.772456853150997e-17
0.021852185218521853,1.7443251445028666e-05,0.0018208842414406548,7.772456853150997e-17
0.021862186218621862,1.7409415440241336e-05,0.0018175209152826942,7.772456853150997e-17
0.021872187218721872,1.7375641930210453e-05,0.0018141638011486868,7.772456853150997e-17
0.021882188218821885,1.734193079940786e-05,0.0018108128875650752,7.772456853150997e-17
0.021892189218921894,1.7308281932668015e-05,0.0018074681630795995,7.772456853150997e-17
0.021902190219021903,1.7274695215035504e-05,0.0018041296162609733,7.772456853150997e-17
0.021912191219121913,1.724117053162326e-05,0.0018007972356991941,7.772456853150997e-17
0.021922192219221922,1.7207707767962412e-05,0.00179747101000523,7.772456853150997e-17
0.02193219321932193,1.7174306809599274e-05,0.0017941509278110847,7.772456853150997e-17
0.021942194219421944,1.7140967542434404e-05,0.0017908369777698675,7.772456853150997e-17
0.021952195219521953,1.710768985249335e-05,0.0017875291485554615,7.772456853150997e-17
0.021962196219621963,1.707447362604071e-05,0.0017842274288628725,7.772456853150997e-17
0.021972197219721972,1.70413187496066e-05,0.0017809318074077794,7.772456853150997e-17
0.02198219821982198,1.700822510979791e-05,0.0017776422729268537,7.772456853150997e-17
0.021992199219921994,1.6975192593572813e-05,0.0017743588141775797,7.772456853150997e-17
0.022002200220022004,1.694222108801599e-05,0.001771081419938112,7.772456853150997e-17
0.022012201220122013,1.690931048047675e-05,0.001767810079007354,7.772456853150997e-17
0.022022202220222022,1.6876460658406873e-05,0.0017645447802049517,7.772456853150997e-17
0.02203220322032203,1.684367150957614e-05,0.0017612855123711197,7.772456853150997e-17
0.022042204220422044,1.6810942921921878e-05,0.0017580322643667846,7.772456853150997e-17
0.022052205220522054,1.6778274783641016e-05,0.0017547850250733083,7.772456853150997e-17
0.022062206220622063,1.6745666982977817e-05,0.0017515437833927484,7.772456853150997e-17
0.022072207220722073,1.6713119408556126e-05,0.0017483085282475608,7.772456853150997e-17
0.022082208220822082,1.668063194909627e-05,0.0017450792485806867,7.772456853150997e-17
0.022092209220922095,1.6648204493595926e-05,0.001741855933355496,7.772456853150997e-17
0.022102210221022104,1.6615836931226487e-05,0.0017386385715557223,7.772456853150997e-17
0.022112211221122113,1.6583529151405422e-05,0.0017354271521854727,7.772456853150997e-17
0.022122212221222123,1.6551281043630426e-05,0.001732221664269117,7.772456853150997e-17
0.022132213221322132,1.6519092497751746e-05,0.0017290220968513785,7.772456853150997e-17
0.02214221422142214,1.648696340375468e-05,0.0017258284389971214,7.772456853150997e-17
0.022152215221522154,1.6454893651809273e-05,0.0017226406797914264,7.772456853150997e-17
0.022162216221622164,1.6422883132278667e-05,0.0017194588083396052,7.772456853150997e-17
0.022172217221722173,1.6390931735861046e-05,0.0017162828137670366,7.772456853150997e-17
0.022182218221822182,1.6359039353254403e-05,0.001713112685219202,7.772456853150997e-17
0.02219221922192219,1.6327205875527632e-05,0.0017099484118616272,7.772456853150997e-17
0.022202220222022204,1.6295431193888272e-05,0.001706789982879784,7.772456853150997e-17
0.022212221222122214,1.6263715199688403e-05,0.0017036373874792913,7.772456853150997e-17
0.022222222222222223,1.6232057784529938e-05,0.0017004906148855381,7.772456853150997e-17
0.022232223222322232,1.620045884029747e-05,0.001697349654343846,7.772456853150997e-17
0.022242224222422242,1.6169138595305965e-05,0.0016942144951193742,7.772456853150997e-17
0.022252225222522255,1.6137985649722906e-05,0.0016910851264972638,7.772456853150997e-17
0.022262226222622264,1.6106890243247404e-05,0.001687961537782319,7.772456853150997e-17
0.022272227222722273,1.6075852269603528e-05,0.0016848437182991002,7.772456853150997e-17
0.022282228222822283,1.6044871622770526e-05,0.0016817316573919158,7.772456853150997e-17
0.022292229222922292,1.6013948196818497e-05,0.0016786253444247246,7.772456853150997e-17
0.0223022302230223,1.5983081886106036e-05,0.0016755247687811458,7.772456853150997e-17
0.022312231223122314,1.5952272585072423e-05,0.0016724299198643984,7.772456853150997e-17
0.022322232223222323,1.5921520188490924e-05,0.001669340787097276,7.772456853150997e-17
0.022332233223322333,1.589082459125879e-05,0.0016662573599221565,7.772456853150997e-17
0.022342234223422342,1.5860185688477914e-05,0.001663179627800896,7.772456853150997e-17
0.02235223522352235,1.582960337534128e-05,0.0016601075802147387,7.772456853150997e-17
0.022362236223622364,1.5799077547310484e-05,0.001657041206664458,7.772456853150997e-17
0.022372237223722374,1.57686081001443e-05,0.0016539804966701213,7.772456853150997e-17
0.022382238223822383,1.573819492968331e-05,0.0016509254397712818,7.772456853150997e-17
0.022392239223922392,1.5707837931997657e-05,0.0016478760255267525,7.772456853150997e-17
0.0224022402240224,1.5677537003307065e-05,0.0016448322435145362,7.772456853150997e-17
0.022412241224122414,1.564729204011914e-05,0.001641794083331997,7.772456853150997e-17
0.022422242224222424,1.56171029389953e-05,0.0016387615345956922,7.772456853150997e-17
0.022432243224322433,1.558696959683323e-05,0.001635734586941351,7.772456853150997e-17
0.022442244224422443,1.555689191054297e-05,0.0016327132300238123,7.772456853150997e-17
0.022452245224522452,1.5526869777456886e-05,0.0016296974535170805,7.772456853150997e-17
0.022462246224622465,1.5496903094875014e-05,0.001626687247114184,7.772456853150997e-17
0.022472247224722474,1.5466991760400072e-05,0.00162368260052717,7.772456853150997e-17
0.022482248224822483,1.5437135671775756e-05,0.0016206835034871477,7.772456853150997e-17
0.022492249224922493,1.5407334727028267e-05,0.0016176899457442475,7.772456853150997e-17
0.022502250225022502,1.5377588824276523e-05,0.0016147019170674054,7.772456853150997e-17
0.02251225122512251,1.5347897861860633e-05,0.0016117194072444792,7.772456853150997e-17
0.022522252225222524,1.531826173828494e-05,0.0016087424060821566,7.772456853150997e-17
0.022532253225322534,1.52886803522915e-05,0.0016057709034061059,7.772456853150997e-17
0.022542254225422543,1.525915360277918e-05,0.0016028048890606543,7.772456853150997e-17
0.022552255225522552,1.5229681388830404e-05,0.001599844352908914,7.772456853150997e-17
0.02256225622562256,1.5200263609673871e-05,0.001596889284832709,7.772456853150997e-17
0.022572257225722574,1.5170900164829864e-05,0.0015939396747325916,7.772456853150997e-17
0.022582258225822584,1.5141661040596855e-05,0.0015909955125277305,7.772456853150997e-17
0.022592259225922593,1.51127781538019e-05,0.0015880567881559767,7.772456853150997e-17
0.022602260226022602,1.508394861342e-05,0.0015851234915736309,7.772456853150997e-17
0.022612261226122612,1.5055172320824269e-05,0.0015821956127556823,7.772456853150997e-17
0.022622262226222625,1.5026449177725659e-05,0.0015792731416955728,7.772456853150997e-17
0.022632263226322634,1.4997779085919656e-05,0.0015763560684052295,7.772456853150997e-17
0.022642264226422643,1.4969161947434026e-05,0.0015734443829150755,7.772456853150997e-17
0.022652265226522653,1.4940597664460051e-05,0.0015705380752738427,7.772456853150997e-17
0.022662266226622662,1.4912086139407272e-05,0.0015676371355487857,7.772456853150997e-17
0.02267226722672267,1.4883627274730647e-05,0.001564741553825308,7.772456853150997e-17
0.022682268226822684,1.4855220973307422e-05,0.0015618513202073571,7.772456853150997e-17
0.022692269226922693,1.4826867137967715e-05,0.0015589664248170136,7.772456853150997e-17
0.022702270227022703,1.4798565671866066e-05,0.001556086857794597,7.772456853150997e-17
0.022712271227122712,1.4770316478196074e-05,0.001553212609298672,7.772456853150997e-17
0.02272227222722272,1.474211946049815e-05,0.0015503436695059837,7.772456853150997e-17
0.022732273227322734,1.4713974522366175e-05,0.0015474800286114766,7.772456853150997e-17
0.022742274227422744,1.4685881567553756e-05,0.0015446216768281516,7.772456853150997e-17
0.022752275227522753,1.4657840500131639e-05,0.001541768604387022,7.772456853150997e-17
0.022762276227622762,1.4629851224239428e-05,0.0015389208015372242,7.772456853150997e-17
0.02277227722772277,1.4601913644213199e-05,0.0015360782585458791,7.772456853150997e-17
0.022782278227822784,1.457402766459285e-05,0.00153324096569812,7.772456853150997e-17
0.022792279227922794,1.4546193189997495e-05,0.0015304089132969901,7.772456853150997e-17
0.022802280228022803,1.451841012534398e-05,0.001527582091663386,7.772456853150997e-17
0.022812281228122813,1.449067837570971e-05,0.0015247604911362148,7.772456853150997e-17
0.022822282228222822,1.4462997846271809e-05,0.0015219441020720666,7.772456853150997e-17
0.022832283228322835,1.4435368442511831e-05,0.0015191329148455488,7.772456853150997e-17
0.022842284228422844,1.4407790069899584e-05,0.0015163269198488504,7.772456853150997e-17
0.022852285228522853,1.4380262634194206e-05,0.0015135261074920477,7.772456853150997e-17
0.022862286228622863,1.4352786041374243e-05,0.0015107304682028186,7.772456853150997e-17
0.022872287228722872,1.4325699983860081e-05,0.0015079399924265938,7.772456853150997e-17
0.02288228822882288,1.4298746523971422e-05,0.0015051546706263466,7.772456853150997e-17
0.022892289228922894,1.4271842846775696e-05,0.001502374493282806,7.772456853150997e-17
0.022902290229022904,1.4244988860402324e-05,0.0014995994508942465,7.772456853150997e-17
0.022912291229122913,1.4218184472946249e-05,0.0014968295339763606,7.772456853150997e-17
0.022922292229222922,1.4191429592947719e-05,0.0014940647330625714,7.772456853150997e-17
0.02293229322932293,1.4164724128847129e-05,0.0014913050387036434,7.772456853150997e-17
0.022942294229422944,1.4138067989430459e-05,0.001488550441467838,7.772456853150997e-17
0.022952295229522954,1.4111461083611947e-05,0.0014858009319408357,7.772456853150997e-17
0.022962296229622963,1.4084903320448337e-05,0.0014830565007256584,7.772456853150997e-17
0.022972297229722972,1.4058394609176486e-05,0.0014803171384427424,7.772456853150997e-17
0.022982298229822982,1.403193485915998e-05,0.0014775828357298487,7.772456853150997e-17
0.022992299229922995,1.4005523979967819e-05,0.0014748535832419865,7.772456853150997e-17
0.023002300230023004,1.397916188127797e-05,0.0014721293716514641,7.772456853150997e-17
0.023012301230123013,1.3952848473179183e-05,0.0014694101916478213,7.772456853150997e-17
0.023022302230223023,1.3926583665609562e-05,0.0014666960339377309,7.772456853150997e-17
0.023032303230323032,1.3900367368851007e-05,0.0014639868892450958,7.772456853150997e-17
0.02304230423042304,1.3874199493292345e-05,0.0014612827483109533,7.772456853150997e-17
0.023052305230523054,1.3848079949483737e-05,0.0014585836018933566,7.772456853150997e-17
0.023062306230623063,1.3822008648175677e-05,0.001455889440767553,7.772456853150997e-17
0.023072307230723073,1.3795985500234167e-05,0.0014532002557258253,7.772456853150997e-17
0.023082308230823082,1.3770010416742122e-05,0.0014505160375772393,7.772456853150997e-17
0.02309230923092309,1.3744083308939438e-05,0.001447836777148192,7.772456853150997e-17
0.023102310231023104,1.3718376854627257e-05,0.0014451624652816564,7.772456853150997e-17
0.023112311231123114,1.3693025823165874e-05,0.0014424930928377982,7.772456853150997e-17
0.023122312231223123,1.3667721614762131e-05,0.0014398286506935446,7.772456853150997e-17
0.023132313231323132,1.3642464142937325e-05,0.0014371691297426642,7.772456853150997e-17
0.02314231423142314,1.3617253321353242e-05,0.0014345145208958525,7.772456853150997e-17
0.023152315231523155,1.3592089063815094e-05,0.0014318648150804083,7.772456853150997e-17
0.023162316231623164,1.3566971284398332e-05,0.0014292200032404812,7.772456853150997e-17
0.023172317231723173,1.354189989717216e-05,0.0014265800763370452,7.772456853150997e-17
0.023182318231823183,1.35168748165699e-05,0.0014239450253476797,7.772456853150997e-17
0.023192319231923192,1.3491895956972067e-05,0.001421314841266559,7.772456853150997e-17
0.023202320232023205,1.3466963233025012e-05,0.0014186895151045518,7.772456853150997e-17
0.023212321232123214,1.3442076559570554e-05,0.001416069037889221,7.772456853150997e-17
0.023222322232223223,1.341723585147576e-05,0.0014134534006645428,7.772456853150997e-17
0.023232323232323233,1.339244102388976e-05,0.0014108425944911688,7.772456853150997e-17
0.023242324232423242,1.336769199204087e-05,0.0014082366104461673,7.772456853150997e-17
0.02325232523252325,1.3342988671394919e-05,0.001405635439623149,7.772456853150997e-17
0.023262326232623264,1.3318330977486341e-05,0.0014030390731321113,7.772456853150997e-17
0.023272327232723274,1.3293718826083363e-05,0.0014004475020995353,7.772456853150997e-17
0.023282328232823283,1.3269152133000392e-05,0.0013978607176682823,7.772456853150997e-17
0.023292329232923292,1.3244630814295902e-05,0.0013952787109974803,7.772456853150997e-17
0.0233023302330233,1.322067251106479e-05,0.001392701473262765,7.772456853150997e-17
0.023312331233123314,1.3196788800937244e-05,0.0013901289956559512,7.772456853150997e-17
0.023322332233223324,1.3172949203740976e-05,0.0013875612693851134,7.772456853150997e-17
0.023332333233323333,1.3149153637979333e-05,0.0013849982856745796,7.772456853150997e-17
0.023342334233423342,1.3125402022334562e-05,0.001382440035764891,7.772456853150997e-17
0.023352335233523352,1.3101694275714822e-05,0.0013798865109126929,7.772456853150997e-17
0.023362336233623365,1.3078030316998368e-05,0.0013773377023910164,7.772456853150997e-17
0.023372337233723374,1.3054410065361825e-05,0.0013747936014887547,7.772456853150997e-17
0.023382338233823383,1.3030833440042667e-05,0.0013722541995110278,7.772456853150997e-17
0.023392339233923393,1.3007300360460773e-05,0.0013697194877789665,7.772456853150997e-17
0.023402340234023402,1.298381074617426e-05,0.0013671894576298019,7.772456853150997e-17
0.023412341234123415,1.2960364516931606e-05,0.0013646641004166121,7.772456853150997e-17
0.023422342234223424,1.2936961592632034e-05,0.0013621434075085862,7.772456853150997e-17
0.023432343234323433,1.2913601893304044e-05,0.001359627370290764,7.772456853150997e-17
0.023442344234423443,1.2890285339068205e-05,0.0013571159801642042,7.772456853150997e-17
0.023452345234523452,1.2867011850187632e-05,0.001354609228545773,7.772456853150997e-17
0.02346234623462346,1.2844303106677858e-05,0.0013521071068681673,7.772456853150997e-17
0.023472347234723474,1.2821739408458348e-05,0.0013496096065799578,7.772456853150997e-17
0.023482348234823484,1.279921738514412e-05,0.0013471167191454866,7.772456853150997e-17
0.023492349234923493,1.2776736959758002e-05,0.0013446284360448962,7.772456853150997e-17
0.023502350235023502,1.2754298055402913e-05,0.0013421447487740356,7.772456853150997e-17
0.02351235123512351,1.2731900595436163e-05,0.0013396656488443702,7.772456853150997e-17
0.023522352235223525,1.2709544503301883e-05,0.001337191127783226,7.772456853150997e-17
0.023532353235323534,1.2687229702660395e-05,0.0013347211771334339,7.772456853150997e-17
0.023542354235423543,1.2664956117199508e-05,0.0013322557884535913,7.772456853150997e-17
0.023552355235523553,1.2642723670748236e-05,0.001329794953317692,7.772456853150997e-17
0.023562356235623562,1.2620532287365236e-05,0.0013273386633153904,7.772456853150997e-17
0.023572357235723575,1.2598381891225393e-05,0.0013248869100519083,7.772456853150997e-17
0.023582358235823584,1.2576272406615837e-05,0.0013224396851480337,7.772456853150997e-17
0.023592359235923593,1.2554518637862834e-05,0.001319996980239811,7.772456853150997e-17
0.023602360236023603,1.2533201270556623e-05,0.0013175587869788635,7.772456853150997e-17
0.023612361236123612,1.2511923276197907e-05,0.001315125097032337,7.772456853150997e-17
0.02362236223622362,1.2490684582031766e-05,0.0013126959020825903,7.772456853150997e-17
0.023632363236323634,1.2469485115454425e-05,0.0013102711938274148,7.772456853150997e-17
0.023642364236423644,1.244832480403547e-05,0.001307850963979967,7.772456853150997e-17
0.023652365236523653,1.2427203575529032e-05,0.0013054352042686547,7.772456853150997e-17
0.023662366236623662,1.240612135763508e-05,0.0013030239064371967,7.772456853150997e-17
0.02367236723672367,1.2385078078374182e-05,0.0013006170622445413,7.772456853150997e-17
0.023682368236823684,1.23640736657871e-05,0.0012982146634648924,7.772456853150997e-17
0.023692369236923694,1.23431080481125e-05,0.001295816701887626,7.772456853150997e-17
0.023702370237023703,1.2322413630951881e-05,0.0012934231693172652,7.772456853150997e-17
0.023712371237123712,1.230233112130299e-05,0.0012910340575734533,7.772456853150997e-17
0.023722372237223722,1.2282285703802944e-05,0.001288649358491068,7.772456853150997e-17
0.023732373237323735,1.226227730999781e-05,0.0012862690639199295,7.772456853150997e-17
0.023742374237423744,1.2242305871480788e-05,0.0012838931657249229,7.772456853150997e-17
0.023752375237523753,1.2222371319955013e-05,0.0012815216557859898,7.772456853150997e-17
0.023762376237623763,1.2202473587317308e-05,0.0012791545259981444,7.772456853150997e-17
0.023772377237723772,1.2182612605592701e-05,0.0012767917682712077,7.772456853150997e-17
0.023782378237823785,1.2162788306794312e-05,0.0012744333745301202,7.772456853150997e-17
0.023792379237923794,1.2143000623254688e-05,0.0012720793367145997,7.772456853150997e-17
0.023802380238023804,1.2124138378302358e-05,0.0012697296467792415,7.772456853150997e-17
0.023812381238123813,1.2105330625408384e-05,0.0012673842966937276,7.772456853150997e-17
0.023822382238223822,1.2086557610193934e-05,0.0012650432784422673,7.772456853150997e-17
0.02383238323832383,1.2067819268526866e-05,0.0012627065840240717,7.772456853150997e-17
0.023842384238423844,1.2049115536334893e-05,0.0012603742054530715,7.772456853150997e-17
0.023852385238523854,1.2030446349755904e-05,0.0012580461347579462,7.772456853150997e-17
0.023862386238623863,1.2011811644904592e-05,0.0012557223639821098,7.772456853150997e-17
0.023872387238723872,1.1993404053207972e-05,0.0012534028851836168,7.772456853150997e-17
0.02388238823882388,1.1975853406310622e-05,0.0012510876904352716,7.772456853150997e-17
0.023892389238923895,1.1958335175240466e-05,0.0012487767718244694,7.772456853150997e-17
0.023902390239023904,1.194084930015477e-05,0.0012464701214532092,7.772456853150997e-17
0.023912391239123913,1.1923395721282451e-05,0.0012441677314381687,7.772456853150997e-17
0.023922392239223923,1.1905974378953296e-05,0.0012418695939104825,7.772456853150997e-17
0.023932393239323932,1.1888585213603446e-05,0.001239575701015813,7.772456853150997e-17
0.023942394239423945,1.187196503856767e-05,0.001237286044914427,7.772456853150997e-17
0.023952395239523954,1.1855762226689785e-05,0.0012350006177810494,7.772456853150997e-17
0.023962396239623963,1.1839589341200249e-05,0.0012327194118048025,7.772456853150997e-17
0.023972397239723973,1.1823446326839738e-05,0.0012304424191892222,7.772456853150997e-17
0.023982398239823982,1.1807333128373481e-05,0.001228169632152259,7.772456853150997e-17
0.02399239923992399,1.1791442953187995e-05,0.0012259010429262794,7.772456853150997e-17
0.024002400240024004,1.1776615791645095e-05,0.0012236366437579948,7.772456853150997e-17
0.024012401240124014,1.1761816015650354e-05,0.0012213764269084577,7.772456853150997e-17
0.024022402240224023,1.174704357470121e-05,0.0012191203846529397,7.772456853150997e-17
0.024032403240324032,1.1732298418262071e-05,0.0012168685092810005,7.772456853150997e-17
0.02404240424042404,1.1718259711411379e-05,0.0012146207930964763,7.772456853150997e-17
0.024052405240524054,1.1704886911133028e-05,0.0012123772284173206,7.772456853150997e-17
0.024062406240624064,1.169153881030904e-05,0.001210137807575924,7.772456853150997e-17
0.024072407240724073,1.1678215363241959e-05,0.001207902522918483,7.772456853150997e-17
0.024082408240824082,1.1665723681467393e-05,0.0012056713668056114,7.772456853150997e-17
0.024092409240924092,1.1653840681438441e-05,0.0012034443316118679,7.772456853150997e-17
0.024102410241024105,1.1641979629174549e-05,0.0012012214097260458,7.772456853150997e-17
0.024112411241124114,1.1630471619446255e-05,0.0011990025935508502,7.772456853150997e-17
0.024122412241224123,1.162009351355174e-05,0.0011967878755031116,7.772456853150997e-17
0.024132413241324133,1.1609734575866338e-05,0.0011945772480136763,7.772456853150997e-17
0.024142414241424142,1.15999274959972e-05,0.0011923707035272565,7.772456853150997e-17
0.024152415241524155,1.1591058850435966e-05,0.0011901682345026397,7.772456853150997e-17
0.024162416241624164,1.158220658517934e-05,0.001187969833412463,7.772456853150997e-17
0.024172417241724174,1.1574665490233002e-05,0.001185775492743306,7.772456853150997e-17
0.024182418241824183,1.1567270703169957e-05,0.0011835852049956283,7.772456853150997e-17
0.024192419241924192,1.1560957080189123e-05,0.0011813989626837911,7.772456853150997e-17
0.0242024202420242,1.1554947554782152e-05,0.0011792167583358428,7.772456853150997e-17
0.024212421242124214,1.1550131924358122e-05,0.0011770385844937403,7.772456853150997e-17
0.024222422242224224,1.1545772486700236e-05,0.0011748644337131815,7.772456853150997e-17
0.024232423242324233,1.1542156321224088e-05,0.0011726942985636022,7.772456853150997e-17
0.024242424242424242,1.1539430002811376e-05,0.0011705281716281977,7.772456853150997e-17
0.024252425242524252,1.153730706325249e-05,0.0011683660455038822,7.772456853150997e-17
0.024262426242624265,1.1535780090498465e-05,0.001166207912801102,7.772456853150997e-17
0.024272427242724274,1.1534768750135532e-05,0.001164053766144125,7.772456853150997e-17
0.024282428242824283,1.1534153328099119e-05,0.0011619035981707195,7.772456853150997e-17
0.024292429242924293,1.153381557505628e-05,0.0011597574015324145,7.772456853150997e-17
0.024302430243024302,1.1533643389672498e-05,0.0011576151688940798,7.772456853150997e-17
0.024312431243124315,1.153354863045288e-05,0.0011554768929343056,7.772456853150997e-17
0.024322432243224324,1.1533497011252208e-05,0.0011533425663451833,7.772456853150997e-17
0.024332433243324333,1.153347029787144e-05,0.0011512121818322012,7.772456853150997e-17
0.024342434243424343,1.1533456470778014e-05,0.0011490857321144639,7.772456853150997e-17
0.024352435243524352,1.153344887437165e-05,0.0011469632099244446,7.772456853150997e-17
0.024362436243624365,1.1533444745024321e-05,0.001144844608007952,7.772456853150997e-17
0.024372437243724374,1.1533442647414333e-05,0.0011427299191243605,7.772456853150997e-17
0.024382438243824384,1.153344153741576e-05,0.0011406191360463737,7.772456853150997e-17
0.024392439243924393,1.1533440928700647e-05,0.001138512251559984,7.772456853150997e-17
0.024402440244024402,1.1533440598521807e-05,0.0011364092584645134,7.772456853150997e-17
0.02441244124412441,1.153344043405896e-05,0.0011343101495726433,7.772456853150997e-17
0.024422442244224424,1.153344034498833e-05,0.00113221491771023,7.772456853150997e-17
0.024432443244324434,1.1533440296188944e-05,0.001130123555716532,7.772456853150997e-17
0.024442444244424443,1.1533440269870267e-05,0.0011280360564438839,7.772456853150997e-17
0.024452445244524453,1.1533440256944793e-05,0.0011259524127579276,7.772456853150997e-17
0.024462446244624462,1.1533440249774437e-05,0.0011238726175373905,7.772456853150997e-17
0.024472447244724475,1.1533440245853495e-05,0.0011217966636742677,7.772456853150997e-17
0.024482448244824484,1.153344024380277e-05,0.001119724544073552,7.772456853150997e-17
0.024492449244924493,1.153344024273115e-05,0.001117656251653457,7.772456853150997e-17
0.024502450245024503,1.1533440242193167e-05,0.0011155917793451754,7.772456853150997e-17
0.024512451245124512,1.1533440241889484e-05,0.0011135311200930124,7.772456853150997e-17
0.024522452245224525,1.1533440241713911e-05,0.0011114742668543367,7.772456853150997e-17
0.024532453245324534,1.1533440241659059e-05,0.001109421212599522,7.772456853150997e-17
0.024542454245424544,1.1533440241676216e-05,0.0011073719503118138,7.772456853150997e-17
0.024552455245524553,1.15334402416977e-05,0.001105326472987547,7.772456853150997e-17
0.024562456245624562,1.1533440241713187e-05,0.0011032847736359135,7.772456853150997e-17
0.02457245724572457,1.1533440241698774e-05,0.00110124684527902,7.772456853150997e-17
0.024582458245824584,1.1533440241677905e-05,0.0010992126809518802,7.772456853150997e-17
0.024592459245924594,1.153344024168108e-05,0.0010971822737023938,7.772456853150997e-17
0.024602460246024603,1.1533440241722823e-05,0.0010951556165913067,7.772456853150997e-17
0.024612461246124612,1.1533440241718185e-05,0.0010931327026921797,7.772456853150997e-17
0.024622462246224622,1.1533440241716022e-05,0.0010911135250912568,7.772456853150997e-17
0.024632463246324635,1.1533440241760174e-05,0.001089098076887672,7.772456853150997e-17
0.024642464246424644,1.1533440241813483e-05,0.0010870863511933137,7.772456853150997e-17
0.024652465246524653,1.153344024185616e-05,0.0010850783411326843,7.772456853150997e-17
0.024662466246624663,1.1533440241835094e-05,0.0010830740398431213,7.772456853150997e-17
0.024672467246724672,1.1533440241876467e-05,0.0010810734404745064,7.772456853150997e-17
0.024682468246824685,1.1533440241917344e-05,0.0010790765361894975,7.772456853150997e-17
0.024692469246924694,1.1533440241937106e-05,0.001077083320163231,7.772456853150997e-17
0.024702470247024703,1.1533440241922127e-05,0.0010750937855836071,7.772456853150997e-17
0.024712471247124713,1.1533440241922349e-05,0.0010731079256510118,7.772456853150997e-17
0.024722472247224722,1.1533440241944748e-05,0.0010711257335784573,7.772456853150997e-17
0.024732473247324735,1.1533440241979305e-05,0.001069147202591411,7.772456853150997e-17
0.024742474247424744,1.1533440242003686e-05,0.0010671723259278786,7.772456853150997e-17
0.024752475247524754,1.1533440242024426e-05,0.0010652010968384008,7.772456853150997e-17
0.024762476247624763,1.1533440242055284e-05,0.001063233508585875,7.772456853150997e-17
0.024772477247724772,1.1533440242073498e-05,0.0010612695544458283,7.772456853150997e-17
0.02478247824782478,1.1533440242060271e-05,0.0010593092277060231,7.772456853150997e-17
0.024792479247924794,1.1533440242057776e-05,0.0010573525216667262,7.772456853150997e-17
0.024802480248024804,1.1533440242074215e-05,0.0010553994296405712,7.772456853150997e-17
0.024812481248124813,1.1533440242099689e-05,0.0010534499449524376,7.772456853150997e-17
0.024822482248224823,1.153344024216315e-05,0.0010515040609396758,7.772456853150997e-17
0.024832483248324832,1.1533440242182593e-05,0.0010495617709518426,7.772456853150997e-17
0.024842484248424845,1.153344024221906e-05,0.0010476230683508512,7.772456853150997e-17
0.024852485248524854,1.1533440242217313e-05,0.0010456879465108098,7.772456853150997e-17
0.024862486248624863,1.1533440242231577e-05,0.0010437563988181192,7.772456853150997e-17
0.024872487248724873,1.1533440242288145e-05,0.0010418284186713568,7.772456853150997e-17
0.024882488248824882,1.1533440242360798e-05,0.001039903999481302,7.772456853150997e-17
0.024892489248924895,1.1533440242421288e-05,0.001037983134670962,7.772456853150997e-17
0.024902490249024904,1.1533440242438299e-05,0.0010360658176753882,7.772456853150997e-17
0.024912491249124914,1.1533440242457675e-05,0.0010341520419418584,7.772456853150997e-17
0.024922492249224923,1.1533440242432085e-05,0.0010322418009295852,7.772456853150997e-17
0.024932493249324932,1.1533440242444079e-05,0.0010303350881101152,7.772456853150997e-17
0.02494249424942494,1.1533440242424912e-05,0.001028431896966815,7.772456853150997e-17
0.024952495249524954,1.1533440242461609e-05,0.0010265322209951975,7.772456853150997e-17
0.024962496249624964,1.153344024242557e-05,0.001024636053702918,7.772456853150997e-17
0.024972497249724973,1.1533440242379467e-05,0.0010227433886093099,7.772456853150997e-17
0.024982498249824982,1.1533440242371671e-05,0.0010208542192459693,7.772456853150997e-17
0.024992499249924992,1.1533440242340004e-05,0.0010189685391562779,7.772456853150997e-17
0.025002500250025005,1.1533440242323685e-05,0.001017086341895604,7.772456853150997e-17
0.025012501250125014,1.1533440242357336e-05,0.0010152076210311737,7.772456853150997e-17
0.025022502250225023,1.153344024239001e-05,0.001013332370142166,7.772456853150997e-17
0.025032503250325033,1.1533440242389786e-05,0.0010114605828195696,7.772456853150997e-17
0.025042504250425042,1.153344024241682e-05,0.0010095922526662054,7.772456853150997e-17
0.025052505250525055,1.1533440242418237e-05,0.0010077273732967322,7.772456853150997e-17
0.025062506250625064,1.1533440242436083e-05,0.0010058659383375566,7.772456853150997e-17
0.025072507250725073,1.1533440242430821e-05,0.001004007941426908,7.772456853150997e-17
0.025082508250825083,1.1533440242456354e-05,0.0010021533762147956,7.772456853150997e-17
0.025092509250925092,1.1533440242445905e-05,0.001000302236362867,7.772456853150997e-17
0.025102510251025105,1.1533440242418585e-05,0.0009984545155445198,7.772456853150997e-17
0.025112511251125114,1.1533440242419728e-05,0.0009966102074448395,7.772456853150997e-17
0.025122512251225124,1.1533440242423459e-05,0.0009947693057606448,7.772456853150997e-17
0.025132513251325133,1.1533440242465363e-05,0.00099293180420028,7.772456853150997e-17
0.025142514251425142,1.1533440242499261e-05,0.0009910976964837318,7.772456853150997e-17
0.02515251525152515,1.1533440242545785e-05,0.0009892669763426492,7.772456853150997e-17
0.025162516251625165,1.153344024255503e-05,0.000987439637520194,7.772456853150997e-17
0.025172517251725174,1.1533440242524925e-05,0.0009856156737710752,7.772456853150997e-17
0.025182518251825183,1.1533440242548826e-05,0.0009837950788616227,7.772456853150997e-17
0.025192519251925193,1.1533440242518506e-05,0.0009819778465695618,7.772456853150997e-17
0.025202520252025202,1.1533440242512297e-05,0.000980163970684249,7.772456853150997e-17
0.025212521252125215,1.1533440242503998e-05,0.0009783534450064986,7.772456853150997e-17
0.025222522252225224,1.1533440242512678e-05,0.0009765462633484072,7.772456853150997e-17
0.025232523252325233,1.153344024250783e-05,0.000974742419533632,7.772456853150997e-17
0.025242524252425243,1.1533440242496752e-05,0.000972941907397216,7.772456853150997e-17
0.025252525252525252,1.153344024251835e-05,0.0009711447207855987,7.772456853150997e-17
0.025262526252625265,1.1533440242569844e-05,0.0009693508535565847,7.772456853150997e-17
0.025272527252725274,1.1533440242571513e-05,0.0009675602995793403,7.772456853150997e-17
0.025282528252825284,1.1533440242528438e-05,0.0009657730527342633,7.772456853150997e-17
0.025292529252925293,1.153344024255532e-05,0.0009639891069131384,7.772456853150997e-17
0.025302530253025302,1.1533440242548435e-05,0.0009622084560189924,7.772456853150997e-17
0.025312531253125315,1.1533440242545616e-05,0.0009604310939661473,7.772456853150997e-17
0.025322532253225324,1.1533440242527969e-05,0.0009586570146802179,7.772456853150997e-17
0.025332533253325334,1.1533440242529078e-05,0.0009568862120979248,7.772456853150997e-17
0.025342534253425343,1.153344024250138e-05,0.0009551186801672426,7.772456853150997e-17
0.025352535253525352,1.1533440242528668e-05,0.0009533544128473419,7.772456853150997e-17
0.025362536253625362,1.1533440242618378e-05,0.0009515934041084533,7.772456853150997e-17
0.025372537253725375,1.1533440242647761e-05,0.00094983564793207,7.772456853150997e-17
0.025382538253825384,1.1533440242713095e-05,0.0009480811383107426,7.772456853150997e-17
0.025392539253925393,1.153344024273935e-05,0.0009463298692480652,7.772456853150997e-17
0.025402540254025403,1.1533440242728533e-05,0.0009445818347588184,7.772456853150997e-17
0.025412541254125412,1.153344024267617e-05,0.0009428370288688009,7.772456853150997e-17
0.025422542254225425,1.1533440242705524e-05,0.0009410954456147516,7.772456853150997e-17
0.025432543254325434,1.1533440242687358e-05,0.0009393570790445791,7.772456853150997e-17
0.025442544254425443,1.1533440242681258e-05,0.000937621923217042,7.772456853150997e-17
0.025452545254525453,1.1533440242693706e-05,0.0009358899722019893,7.772456853150997e-17
0.025462546254625462,1.1533440242723245e-05,0.0009341612200801288,7.772456853150997e-17
0.025472547254725475,1.1533440242778628e-05,0.0009324356609431856,7.772456853150997e-17
0.025482548254825484,1.1533440242800934e-05,0.0009307132888937767,7.772456853150997e-17
0.025492549254925494,1.1533440242842182e-05,0.0009289940980452637,7.772456853150997e-17
0.025502550255025503,1.1533440242837378e-05,0.0009272780825221244,7.772456853150997e-17
0.025512551255125512,1.1533440242828527e-05,0.0009255652364595195,7.772456853150997e-17
0.02552255225522552,1.153344024283014e-05,0.0009238555540035473,7.772456853150997e-17
0.025532553255325535,1.1533440242878585e-05,0.0009221490293109969,7.772456853150997e-17
0.025542554255425544,1.1533440242876049e-05,0.0009204456565495449,7.772456853150997e-17
0.025552555255525553,1.1533440242896228e-05,0.0009187454298975738,7.772456853150997e-17
0.025562556255625563,1.153344024292275e-05,0.0009170483435443231,7.772456853150997e-17
0.025572557255725572,1.1533440242973703e-05,0.0009153543916896278,7.772456853150997e-17
0.025582558255825585,1.1533440243017701e-05,0.0009136635685441529,7.772456853150997e-17
0.025592559255925594,1.1533440243063238e-05,0.0009119758683291738,7.772456853150997e-17
0.025602560256025603,1.1533440243076282e-05,0.0009102912852767408,7.772456853150997e-17
0.025612561256125613,1.153344024309297e-05,0.0009086098136294185,7.772456853150997e-17
0.025622562256225622,1.1533440243119276e-05,0.0009069314476404964,7.772456853150997e-17
0.025632563256325635,1.1533440243130424e-05,0.0009052561815739388,7.772456853150997e-17
0.025642564256425644,1.1533440243137731e-05,0.0009035840097041671,7.772456853150997e-17
0.025652565256525654,1.1533440243158985e-05,0.0009019149263161598,7.772456853150997e-17
0.025662566256625663,1.1533440243182044e-05,0.0009002489257055739,7.772456853150997e-17
0.025672567256725672,1.1533440243150978e-05,0.00089858600217859,7.772456853150997e-17
0.025682568256825685,1.1533440243181123e-05,0.0008969261500518784,7.772456853150997e-17
0.025692569256925694,1.1533440243144815e-05,0.0008952693636525803,7.772456853150997e-17
0.025702570257025704,1.1533440243169725e-05,0.0008936156373183109,7.772456853150997e-17
0.025712571257125713,1.153344024317191e-05,0.0008919649653972016,7.772456853150997e-17
0.025722572257225722,1.1533440243180679e-05,0.0008903173422477675,7.772456853150997e-17
0.025732573257325732,1.1533440243164888e-05,0.0008886727622389774,7.772456853150997e-17
0.025742574257425745,1.1533440243200391e-05,0.0008870312197501821,7.772456853150997e-17
0.025752575257525754,1.1533440243209129e-05,0.0008853927091710808,7.772456853150997e-17
0.025762576257625763,1.1533440243220608e-05,0.0008837572249018674,7.772456853150997e-17
0.025772577257725773,1.153344024323064e-05,0.0008821247613528917,7.772456853150997e-17
0.025782578257825782,1.1533440243252634e-05,0.0008804953129449775,7.772456853150997e-17
0.025792579257925795,1.1533440243239576e-05,0.000878868874109134,7.772456853150997e-17
0.025802580258025804,1.1533440243236463e-05,0.0008772454392867346,7.772456853150997e-17
0.025812581258125813,1.1533440243236652e-05,0.0008756250029293826,7.772456853150997e-17
0.025822582258225823,1.1533440243289709e-05,0.000874007559499019,7.772456853150997e-17
0.025832583258325832,1.1533440243275492e-05,0.0008723931034676622,7.772456853150997e-17
0.025842584258425845,1.153344024330042e-05,0.0008707816293176988,7.772456853150997e-17
0.025852585258525854,1.1533440243323043e-05,0.0008691731315415818,7.772456853150997e-17
0.025862586258625864,1.1533440243330344e-05,0.0008675676046419686,7.772456853150997e-17
0.025872587258725873,1.1533440243325298e-05,0.0008659650431317062,7.772456853150997e-17
0.025882588258825882,1.1533440243336999e-05,0.0008643654415337976,7.772456853150997e-17
0.02589258925892589,1.1533440243420194e-05,0.0008627687943812348,7.772456853150997e-17
0.025902590259025905,1.1533440243423174e-05,0.0008611750962172726,7.772456853150997e-17
0.025912591259125914,1.1533440243445844e-05,0.0008595843415951711,7.772456853150997e-17
0.025922592259225923,1.1533440243466608e-05,0.0008579965250781312,7.772456853150997e-17
0.025932593259325933,1.1533440243442378e-05,0.0008564116412395885,7.772456853150997e-17
0.025942594259425942,1.153344024346465e-05,0.0008548296846628664,7.772456853150997e-17
0.025952595259525955,1.1533440243477791e-05,0.0008532506499414782,7.772456853150997e-17
0.025962596259625964,1.1533440243443281e-05,0.0008516745316786721,7.772456853150997e-17
0.025972597259725973,1.1533440243496878e-05,0.0008501013244877939,7.772456853150997e-17
0.025982598259825983,1.153344024351244e-05,0.0008485310229921585,7.772456853150997e-17
0.025992599259925992,1.1533440243510549e-05,0.0008469636218249155,7.772456853150997e-17
0.026002600260026005,1.1533440243528613e-05,0.0008453991156293317,7.772456853150997e-17
0.026012601260126014,1.1533440243550837e-05,0.0008438374990582939,7.772456853150997e-17
0.026022602260226024,1.1533440243569918e-05,0.0008422787667747487,7.772456853150997e-17
0.026032603260326033,1.1533440243593589e-05,0.000840722913451464,7.772456853150997e-17
0.026042604260426042,1.1533440243619877e-05,0.0008391699337710115,7.772456853150997e-17
0.026052605260526055,1.1533440243635212e-05,0.0008376198224258105,7.772456853150997e-17
0.026062606260626064,1.1533440243646777e-05,0.0008360725741180773,7.772456853150997e-17
0.026072607260726074,1.1533440243629022e-05,0.0008345281835598805,7.772456853150997e-17
0.026082608260826083,1.1533440243619286e-05,0.0008329866454729271,7.772456853150997e-17
0.026092609260926092,1.1533440243633855e-05,0.0008314479545887103,7.772456853150997e-17
0.026102610261026102,1.153344024364743e-05,0.00082991210564849,7.772456853150997e-17
0.026112611261126115,1.1533440243666091e-05,0.0008283790934032827,7.772456853150997e-17
0.026122612261226124,1.1533440243670796e-05,0.0008268489126137122,7.772456853150997e-17
0.026132613261326133,1.1533440243707328e-05,0.0008253215580501148,7.772456853150997e-17
0.026142614261426143,1.15334402437197e-05,0.0008237970244924799,7.772456853150997e-17
0.026152615261526152,1.1533440243745506e-05,0.0008222753067304495,7.772456853150997e-17
0.026162616261626165,1.1533440243766697e-05,0.000820756399563256,7.772456853150997e-17
0.026172617261726174,1.1533440243766555e-05,0.0008192402977997673,7.772456853150997e-17
0.026182618261826184,1.1533440243772403e-05,0.0008177269962585203,7.772456853150997e-17
0.026192619261926193,1.1533440243773702e-05,0.0008162164897674691,7.772456853150997e-17
0.026202620262026202,1.1533440243779946e-05,0.0008147087731641523,7.772456853150997e-17
0.026212621262126215,1.1533440243806923e-05,0.0008132038412957268,7.772456853150997e-17
0.026222622262226224,1.1533440243784729e-05,0.0008117016890187882,7.772456853150997e-17
0.026232623262326234,1.1533440243813426e-05,0.0008102023111995101,7.772456853150997e-17
0.026242624262426243,1.1533440243814088e-05,0.0008087057027134818,7.772456853150997e-17
0.026252625262526252,1.1533440243817067e-05,0.0008072118584457234,7.772456853150997e-17
0.026262626262626265,1.1533440243852376e-05,0.0008057207732908436,7.772456853150997e-17
0.026272627262726275,1.1533440243887513e-05,0.0008042324421528007,7.772456853150997e-17
0.026282628262826284,1.1533440243935143e-05,0.0008027468599448658,7.772456853150997e-17
0.026292629262926293,1.1533440243938223e-05,0.0008012640215898643,7.772456853150997e-17
0.026302630263026303,1.1533440243967162e-05,0.0007997839220198803,7.772456853150997e-17
0.026312631263126312,1.1533440243955836e-05,0.0007983065561764853,7.772456853150997e-17
0.026322632263226325,1.1533440243932368e-05,0.0007968319190104702,7.772456853150997e-17
0.026332633263326334,1.1533440243919065e-05,0.0007953600054820054,7.772456853150997e-17
0.026342634263426343,1.1533440243896955e-05,0.0007938908105605458,7.772456853150997e-17
0.026352635263526353,1.153344024387395e-05,0.0007924243292249038,7.772456853150997e-17
0.026362636263626362,1.1533440243889335e-05,0.0007909605564630873,7.772456853150997e-17
0.026372637263726375,1.1533440243926185e-05,0.0007894994872723779,7.772456853150997e-17
0.026382638263826384,1.1533440243937894e-05,0.0007880411166593335,7.772456853150997e-17
0.026392639263926394,1.1533440243951697e-05,0.0007865854396397328,7.772456853150997e-17
0.026402640264026403,1.1533440243978023e-05,0.0007851324512385,7.772456853150997e-17
0.026412641264126412,1.1533440243937152e-05,0.0007836821464898206,7.772456853150997e-17
0.026422642264226425,1.1533440243931877e-05,0.0007822345204369879,7.772456853150997e-17
0.026432643264326434,1.1533440243963868e-05,0.0007807895681325012,7.772456853150997e-17
0.026442644264426444,1.1533440243984383e-05,0.0007793472846379826,7.772456853150997e-17
0.026452645264526453,1.1533440243994855e-05,0.0007779076650241329,7.772456853150997e-17
0.026462646264626462,1.1533440244023548e-05,0.0007764707043708578,7.772456853150997e-17
0.026472647264726472,1.1533440244046006e-05,0.0007750363977670385,7.772456853150997e-17
0.026482648264826485,1.1533440244044461e-05,0.0007736047403106767,7.772456853150997e-17
0.026492649264926494,1.1533440244053597e-05,0.0007721757271089057,7.772456853150997e-17
0.026502650265026503,1.1533440244058503e-05,0.0007707493532777074,7.772456853150997e-17
0.026512651265126513,1.1533440244023087e-05,0.0007693256139422487,7.772456853150997e-17
0.026522652265226522,1.1533440244016782e-05,0.0007679045042366412,7.772456853150997e-17
0.026532653265326535,1.1533440244061686e-05,0.0007664860193040053,7.772456853150997e-17
0.026542654265426544,1.153344024406865e-05,0.0007650701542963929,7.772456853150997e-17
0.026552655265526554,1.1533440244049853e-05,0.0007636569043748335,7.772456853150997e-17
0.026562656265626563,1.153344024405647e-05,0.000762246264709331,7.772456853150997e-17
0.026572657265726572,1.1533440244134614e-05,0.0007608382304787461,7.772456853150997e-17
0.026582658265826585,1.153344024413635e-05,0.0007594327968709039,7.772456853150997e-17
0.026592659265926594,1.1533440244147506e-05,0.0007580299590824236,7.772456853150997e-17
0.026602660266026604,1.153344024415246e-05,0.0007566297123188873,7.772456853150997e-17
0.026612661266126613,1.1533440244184614e-05,0.0007552320517946742,7.772456853150997e-17
0.026622662266226622,1.1533440244188367e-05,0.0007538369727330852,7.772456853150997e-17
0.026632663266326635,1.1533440244172388e-05,0.0007524444703661117,7.772456853150997e-17
0.026642664266426645,1.1533440244166005e-05,0.0007510545399347155,7.772456853150997e-17
0.026652665266526654,1.1533440244152837e-05,0.0007496671766885788,7.772456853150997e-17
0.026662666266626663,1.1533440244164855e-05,0.000748282375886056,7.772456853150997e-17
0.026672667266726673,1.1533440244104146e-05,0.0007469001327943353,7.772456853150997e-17
0.026682668266826682,1.1533440244151314e-05,0.0007455204426894287,7.772456853150997e-17
0.026692669266926695,1.1533440244201631e-05,0.0007441433008559472,7.772456853150997e-17
0.026702670267026704,1.1533440244216566e-05,0.0007427687025872991,7.772456853150997e-17
0.026712671267126713,1.153344024419118e-05,0.0007413966431855319,7.772456853150997e-17
0.026722672267226723,1.1533440244221689e-05,0.0007400271179613416,7.772456853150997e-17
0.026732673267326732,1.1533440244268525e-05,0.0007386601222342142,7.772456853150997e-17
0.026742674267426745,1.1533440244294051e-05,0.0007372956513321459,7.772456853150997e-17
0.026752675267526754,1.1533440244270742e-05,0.0007359337005918794,7.772456853150997e-17
0.026762676267626764,1.1533440244268508e-05,0.000734574265358581,7.772456853150997e-17
0.026772677267726773,1.1533440244317705e-05,0.0007332173409862732,7.772456853150997e-17
0.026782678267826782,1.1533440244311298e-05,0.0007318629228373843,7.772456853150997e-17
0.026792679267926795,1.153344024433675e-05,0.0007305110062829151,7.772456853150997e-17
0.026802680268026804,1.153344024433773e-05,0.0007291615867024507,7.772456853150997e-17
0.026812681268126814,1.1533440244327987e-05,0.0007278146594841627,7.772456853150997e-17
0.026822682268226823,1.1533440244335805e-05,0.0007264702200246191,7.772456853150997e-17
0.026832683268326833,1.1533440244333323e-05,0.0007251282637289987,7.772456853150997e-17
0.026842684268426842,1.1533440244317358e-05,0.0007237887860109227,7.772456853150997e-17
0.026852685268526855,1.1533440244353569e-05,0.0007224517822925176,7.772456853150997e-17
0.026862686268626864,1.1533440244325568e-05,0.000721117248004229,7.772456853150997e-17
0.026872687268726873,1.1533440244325027e-05,0.0007197851785851343,7.772456853150997e-17
0.026882688268826883,1.1533440244314953e-05,0.0007184555694826287,7.772456853150997e-17
0.026892689268926892,1.1533440244322925e-05,0.0007171284161525835,7.772456853150997e-17
0.026902690269026905,1.1533440244362788e-05,0.0007158037140591245,7.772456853150997e-17
0.026912691269126914,1.153344024440195e-05,0.0007144814586748982,7.772456853150997e-17
0.026922692269226924,1.1533440244445077e-05,0.0007131616454808703,7.772456853150997e-17
0.026932693269326933,1.1533440244471976e-05,0.0007118442699663414,7.772456853150997e-17
0.026942694269426942,1.1533440244465696e-05,0.0007105293276289563,7.772456853150997e-17
0.026952695269526955,1.1533440244533482e-05,0.0007092168139746271,7.772456853150997e-17
0.026962696269626964,1.1533440244556775e-05,0.0007079067245176009,7.772456853150997e-17
0.026972697269726974,1.1533440244597436e-05,0.0007065990547804489,7.772456853150997e-17
0.026982698269826983,1.1533440244587645e-05,0.0007052938002939826,7.772456853150997e-17
0.026992699269926992,1.153344024462039e-05,0.0007039909565972353,7.772456853150997e-17
0.027002700270027005,1.153344024463995e-05,0.0007026905192375151,7.772456853150997e-17
0.027012701270127015,1.1533440244633935e-05,0.0007013924837703809,7.772456853150997e-17
0.027022702270227024,1.1533440244627186e-05,0.0007000968457595327,7.772456853150997e-17
0.027032703270327033,1.1533440244621905e-05,0.0006988036007768892,7.772456853150997e-17
0.027042704270427043,1.1533440244628363e-05,0.0006975127444025457,7.772456853150997e-17
0.027052705270527052,1.15334402446251e-05,0.0006962242722247648,7.772456853150997e-17
0.027062706270627065,1.1533440244646662e-05,0.0006949381798400015,7.772456853150997e-17
0.027072707270727074,1.1533440244652493e-05,0.0006936544628527842,7.772456853150997e-17
0.027082708270827083,1.153344024466735e-05,0.0006923731168757988,7.772456853150997e-17
0.027092709270927093,1.1533440244645178e-05,0.0006910941375297856,7.772456853150997e-17
0.027102710271027102,1.1533440244643024e-05,0.0006898175204436308,7.772456853150997e-17
0.027112711271127115,1.1533440244657545e-05,0.0006885432612542579,7.772456853150997e-17
0.027122712271227124,1.1533440244659883e-05,0.0006872713556066651,7.772456853150997e-17
0.027132713271327134,1.1533440244673847e-05,0.0006860017991539081,7.772456853150997e-17
0.027142714271427143,1.1533440244670098e-05,0.0006847345875570594,7.772456853150997e-17
0.027152715271527152,1.1533440244668457e-05,0.0006834697164851311,7.772456853150997e-17
0.027162716271627165,1.1533440244709363e-05,0.0006822071816151825,7.772456853150997e-17
0.027172717271727174,1.1533440244747922e-05,0.0006809469786323846,7.772456853150997e-17
0.027182718271827184,1.1533440244817089e-05,0.0006796891032297049,7.772456853150997e-17
0.027192719271927193,1.153344024482322e-05,0.000678433551108133,7.772456853150997e-17
0.027202720272027203,1.1533440244864728e-05,0.000677180317976641,7.772456853150997e-17
0.027212721272127215,1.1533440244883161e-05,0.000675929399552068,7.772456853150997e-17
0.027222722272227225,1.1533440244923532e-05,0.0006746807915591054,7.772456853150997e-17
0.027232723272327234,1.153344024494303e-05,0.0006734344897304554,7.772456853150997e-17
0.027242724272427243,1.1533440244921542e-05,0.0006721904898066521,7.772456853150997e-17
0.027252725272527253,1.153344024497523e-05,0.0006709487875361568,7.772456853150997e-17
0.027262726272627262,1.1533440244965706e-05,0.0006697093786752187,7.772456853150997e-17
0.027272727272727275,1.153344024496888e-05,0.0006684722589878478,7.772456853150997e-17
0.027282728272827284,1.1533440244969296e-05,0.0006672374242460728,7.772456853150997e-17
0.027292729272927294,1.1533440244980861e-05,0.0006660048702295854,7.772456853150997e-17
0.027302730273027303,1.1533440245029557e-05,0.0006647745927258837,7.772456853150997e-17
0.027312731273127312,1.1533440245028332e-05,0.0006635465875302839,7.772456853150997e-17
0.027322732273227325,1.1533440245052246e-05,0.0006623208504459054,7.772456853150997e-17
0.027332733273327334,1.1533440245061173e-05,0.0006610973772835399,7.772456853150997e-17
0.027342734273427344,1.153344024508734e-05,0.0006598761638617752,7.772456853150997e-17
0.027352735273527353,1.1533440245149234e-05,0.0006586572060068637,7.772456853150997e-17
0.027362736273627362,1.153344024516095e-05,0.0006574404995528102,7.772456853150997e-17
0.027372737273727375,1.1533440245209817e-05,0.0006562260403413069,7.772456853150997e-17
0.027382738273827385,1.1533440245213976e-05,0.0006550138242216976,7.772456853150997e-17
0.027392739273927394,1.1533440245241408e-05,0.000653803847051106,7.772456853150997e-17
0.027402740274027403,1.1533440245250419e-05,0.0006525961046941343,7.772456853150997e-17
0.027412741274127413,1.1533440245259838e-05,0.000651390593023127,7.772456853150997e-17
0.027422742274227422,1.1533440245274553e-05,0.0006501873079180554,7.772456853150997e-17
0.027432743274327435,1.1533440245316742e-05,0.000648986245266437,7.772456853150997e-17
0.027442744274427444,1.1533440245325783e-05,0.0006477874009634391,7.772456853150997e-17
0.027452745274527453,1.1533440245328473e-05,0.0006465907709118687,7.772456853150997e-17
0.027462746274627463,1.1533440245369636e-05,0.0006453963510219211,7.772456853150997e-17
0.027472747274727472,1.1533440245368589e-05,0.0006442041372115067,7.772456853150997e-17
0.027482748274827485,1.1533440245391779e-05,0.0006430141254060219,7.772456853150997e-17
0.027492749274927494,1.153344024544446e-05,0.0006418263115383899,7.772456853150997e-17
0.027502750275027504,1.1533440245497075e-05,0.0006406406915490219,7.772456853150997e-17
0.027512751275127513,1.1533440245510743e-05,0.0006394572613859012,7.772456853150997e-17
0.027522752275227522,1.1533440245511525e-05,0.00063827601700436,7.772456853150997e-17
0.027532753275327535,1.1533440245540453e-05,0.0006370969543673408,7.772456853150997e-17
0.027542754275427545,1.1533440245557863e-05,0.0006359200694452244,7.772456853150997e-17
0.027552755275527554,1.1533440245581606e-05,0.000634745358215738,7.772456853150997e-17
0.027562756275627563,1.1533440245596591e-05,0.0006335728166641365,7.772456853150997e-17
0.027572757275727573,1.1533440245611294e-05,0.0006324024407830286,7.772456853150997e-17
0.027582758275827585,1.1533440245643246e-05,0.0006312342265724631,7.772456853150997e-17
0.027592759275927595,1.1533440245656158e-05,0.0006300681700397856,7.772456853150997e-17
0.027602760276027604,1.1533440245660923e-05,0.000628904267199895,7.772456853150997e-17
0.027612761276127613,1.1533440245691218e-05,0.0006277425140748719,7.772456853150997e-17
0.027622762276227623,1.1533440245711557e-05,0.0006265829066942391,7.772456853150997e-17
0.027632763276327632,1.1533440245743131e-05,0.0006254254410948132,7.772456853150997e-17
0.027642764276427645,1.1533440245782735e-05,0.0006242701133208518,7.772456853150997e-17
0.027652765276527654,1.1533440245761602e-05,0.0006231169194237395,7.772456853150997e-17
0.027662766276627664,1.1533440245799583e-05,0.0006219658554622214,7.772456853150997e-17
0.027672767276727673,1.1533440245829342e-05,0.0006208169175022915,7.772456853150997e-17
0.027682768276827682,1.1533440245826691e-05,0.000619670101617355,7.772456853150997e-17
0.027692769276927695,1.1533440245851125e-05,0.0006185254038879094,7.772456853150997e-17
0.027702770277027704,1.1533440245823747e-05,0.0006173828204017327,7.772456853150997e-17
0.027712771277127714,1.153344024587458e-05,0.0006162423472538073,7.772456853150997e-17
0.027722772277227723,1.1533440245898977e-05,0.0006151039805464283,7.772456853150997e-17
0.027732773277327732,1.1533440245887073e-05,0.0006139677163890072,7.772456853150997e-17
0.027742774277427745,1.1533440245882641e-05,0.0006128335508981424,7.772456853150997e-17
0.027752775277527755,1.1533440245881142e-05,0.0006117014801976402,7.772456853150997e-17
0.027762776277627764,1.1533440245956602e-05,0.0006105715004184936,7.772456853150997e-17
0.027772777277727773,1.1533440245957785e-05,0.0006094436076986921,7.772456853150997e-17
0.027782778277827783,1.1533440245985217e-05,0.0006083177981835484,7.772456853150997e-17
0.027792779277927792,1.153344024603893e-05,0.0006071940680253772,7.772456853150997e-17
0.027802780278027805,1.153344024608724e-05,0.0006060724133836225,7.772456853150997e-17
0.027812781278127814,1.1533440246054789e-05,0.0006049528304248972,7.772456853150997e-17
0.027822782278227823,1.1533440246066136e-05,0.0006038353153227176,7.772456853150997e-17
0.027832783278327833,1.1533440246082688e-05,0.0006027198642578349,7.772456853150997e-17
0.027842784278427842,1.1533440246065255e-05,0.0006016064734179506,7.772456853150997e-17
0.027852785278527855,1.15334402461101e-05,0.0006004951389978927,7.772456853150997e-17
0.027862786278627864,1.1533440246112495e-05,0.0005993858571994928,7.772456853150997e-17
0.027872787278727874,1.1533440246100769e-05,0.0005982786242314626,7.772456853150997e-17
0.027882788278827883,1.1533440246120993e-05,0.0005971734363098521,7.772456853150997e-17
0.027892789278927892,1.1533440246120796e-05,0.0005960702896573716,7.772456853150997e-17
0.027902790279027905,1.1533440246115285e-05,0.0005949691805038366,7.772456853150997e-17
0.027912791279127915,1.153344024613914e-05,0.000593870105085932,7.772456853150997e-17
0.027922792279227924,1.1533440246181642e-05,0.0005927730596474417,7.772456853150997e-17
0.027932793279327933,1.1533440246249837e-05,0.0005916780404390594,7.772456853150997e-17
0.027942794279427943,1.1533440246287433e-05,0.0005905850437183295,7.772456853150997e-17
0.027952795279527955,1.1533440246261378e-05,0.0005894940657497283,7.772456853150997e-17
0.027962796279627965,1.1533440246266664e-05,0.0005884051028045814,7.772456853150997e-17
0.027972797279727974,1.1533440246283569e-05,0.0005873181511612698,7.772456853150997e-17
0.027982798279827983,1.1533440246300444e-05,0.0005862332071048258,7.772456853150997e-17
0.027992799279927993,1.153344024629185e-05,0.0005851502669273706,7.772456853150997e-17
0.028002800280028002,1.1533440246360342e-05,0.0005840693269277836,7.772456853150997e-17
0.028012801280128015,1.1533440246372126e-05,0.0005829903834116253,7.772456853150997e-17
0.028022802280228024,1.1533440246369182e-05,0.0005819134326914625,7.772456853150997e-17
0.028032803280328034,1.1533440246353098e-05,0.0005808384710867026,7.772456853150997e-17
0.028042804280428043,1.1533440246387024e-05,0.0005797654949234534,7.772456853150997e-17
0.028052805280528052,1.1533440246403971e-05,0.0005786945005345463,7.772456853150997e-17
0.028062806280628065,1.1533440246365306e-05,0.000577625484259709,7.772456853150997e-17
0.028072807280728074,1.1533440246358279e-05,0.0005765584424453969,7.772456853150997e-17
0.028082808280828084,1.1533440246368101e-05,0.0005754933714448475,7.772456853150997e-17
0.028092809280928093,1.1533440246420285e-05,0.000574430267617909,7.772456853150997e-17
0.028102810281028102,1.1533440246449621e-05,0.0005733691273313162,7.772456853150997e-17
0.028112811281128115,1.1533440246437299e-05,0.0005723099469583076,7.772456853150997e-17
0.028122812281228125,1.1533440246440002e-05,0.0005712527228790378,7.772456853150997e-17
0.028132813281328134,1.1533440246483443e-05,0.0005701974514802552,7.772456853150997e-17
0.028142814281428143,1.1533440246516337e-05,0.0005691441291553174,7.772456853150997e-17
0.028152815281528153,1.1533440246518595e-05,0.0005680927523043815,7.772456853150997e-17
0.028162816281628165,1.1533440246535729e-05,0.0005670433173341733,7.772456853150997e-17
0.028172817281728175,1.1533440246577366e-05,0.0005659958206580663,7.772456853150997e-17
0.028182818281828184,1.1533440246599165e-05,0.000564950258695989,7.772456853150997e-17
0.028192819281928194,1.1533440246623902e-05,0.0005639066278746474,7.772456853150997e-17
0.028202820282028203,1.1533440246633075e-05,0.0005628649246271728,7.772456853150997e-17
0.028212821282128212,1.1533440246666999e-05,0.0005618251453933673,7.772456853150997e-17
0.028222822282228225,1.1533440246684309e-05,0.0005607872866196104,7.772456853150997e-17
0.028232823282328234,1.1533440246673904e-05,0.0005597513447588827,7.772456853150997e-17
0.028242824282428244,1.1533440246657419e-05,0.0005587173162706049,7.772456853150997e-17
0.028252825282528253,1.1533440246685518e-05,0.0005576851976208026,7.772456853150997e-17
0.028262826282628262,1.153344024667887e-05,0.0005566549852820942,7.772456853150997e-17
0.028272827282728275,1.1533440246694122e-05,0.000555626675733505,7.772456853150997e-17
0.028282828282828285,1.1533440246687619e-05,0.0005546002654605309,7.772456853150997e-17
0.028292829282928294,1.1533440246709147e-05,0.0005535757509552834,7.772456853150997e-17
0.028302830283028303,1.1533440246756027e-05,0.0005525531287163361,7.772456853150997e-17
0.028312831283128313,1.1533440246753706e-05,0.000551532395248663,7.772456853150997e-17
0.028322832283228325,1.1533440246756722e-05,0.0005505135470637491,7.772456853150997e-17
0.028332833283328335,1.153344024672382e-05,0.0005494965806794619,7.772456853150997e-17
0.028342834283428344,1.1533440246707204e-05,0.0005484814926201543,7.772456853150997e-17
0.028352835283528353,1.1533440246738565e-05,0.0005474682794166109,7.772456853150997e-17
0.028362836283628363,1.1533440246797484e-05,0.0005464569376059386,7.772456853150997e-17
0.028372837283728372,1.1533440246798057e-05,0.0005454474637317427,7.772456853150997e-17
0.028382838283828385,1.1533440246813114e-05,0.0005444398543439265,7.772456853150997e-17
0.028392839283928394,1.153344024682318e-05,0.0005434341059988346,7.772456853150997e-17
0.028402840284028404,1.1533440246841152e-05,0.0005424302152591232,7.772456853150997e-17
0.028412841284128413,1.1533440246836268e-05,0.0005414281786938731,7.772456853150997e-17
0.028422842284228422,1.1533440246871659e-05,0.0005404279928784152,7.772456853150997e-17
0.028432843284328435,1.1533440246885723e-05,0.000539429654394416,7.772456853150997e-17
0.028442844284428444,1.1533440246892907e-05,0.0005384331598298948,7.772456853150997e-17
0.028452845284528454,1.153344024691992e-05,0.0005374385057791478,7.772456853150997e-17
0.028462846284628463,1.1533440246919415e-05,0.0005364456888427609,7.772456853150997e-17
0.028472847284728472,1.1533440246926184e-05,0.0005354547056276443,7.772456853150997e-17
0.028482848284828485,1.1533440246934942e-05,0.000534465552746881,7.772456853150997e-17
0.028492849284928495,1.1533440246989725e-05,0.0005334782268199235,7.772456853150997e-17
0.028502850285028504,1.1533440246989317e-05,0.0005324927244723689,7.772456853150997e-17
0.028512851285128513,1.1533440247004873e-05,0.0005315090423360641,7.772456853150997e-17
0.028522852285228523,1.1533440246997152e-05,0.0005305271770491208,7.772456853150997e-17
0.028532853285328535,1.1533440247008258e-05,0.0005295471252558353,7.772456853150997e-17
0.028542854285428545,1.1533440247020815e-05,0.000528568883606763,7.772456853150997e-17
0.028552855285528554,1.1533440247055902e-05,0.0005275924487585009,7.772456853150997e-17
0.028562856285628564,1.1533440247069395e-05,0.000526617817374,7.772456853150997e-17
0.028572857285728573,1.1533440247105033e-05,0.0005256449861222078,7.772456853150997e-17
0.028582858285828582,1.1533440247104518e-05,0.0005246739516783526,7.772456853150997e-17
0.028592859285928595,1.153344024706409e-05,0.0005237047107237314,7.772456853150997e-17
0.028602860286028604,1.1533440247082578e-05,0.0005227372599457615,7.772456853150997e-17
0.028612861286128614,1.1533440247105567e-05,0.0005217715960379938,7.772456853150997e-17
0.028622862286228623,1.1533440247100205e-05,0.0005208077157001675,7.772456853150997e-17
0.028632863286328632,1.1533440247139262e-05,0.0005198456156380645,7.772456853150997e-17
0.028642864286428645,1.1533440247202918e-05,0.0005188852925634947,7.772456853150997e-17
0.028652865286528655,1.1533440247191214e-05,0.000517926743194331,7.772456853150997e-17
0.028662866286628664,1.1533440247229257e-05,0.0005169699642546117,7.772456853150997e-17
0.028672867286728673,1.1533440247253932e-05,0.0005160149524743918,7.772456853150997e-17
0.028682868286828683,1.1533440247290303e-05,0.0005150617045897357,7.772456853150997e-17
0.028692869286928695,1.1533440247318098e-05,0.0005141102173427216,7.772456853150997e-17
0.028702870287028705,1.1533440247300596e-05,0.0005131604874814942,7.772456853150997e-17
0.028712871287128714,1.1533440247326997e-05,0.0005122125117601647,7.772456853150997e-17
0.028722872287228723,1.1533440247370046e-05,0.0005112662869388358,7.772456853150997e-17
0.028732873287328733,1.153344024741824e-05,0.000510321809783727,7.772456853150997e-17
0.028742874287428742,1.1533440247438986e-05,0.0005093790770668453,7.772456853150997e-17
0.028752875287528755,1.1533440247441988e-05,0.0005084380855662757,7.772456853150997e-17
0.028762876287628764,1.1533440247499586e-05,0.0005074988320659302,7.772456853150997e-17
0.028772877287728774,1.1533440247544982e-05,0.0005065613133557851,7.772456853150997e-17
0.028782878287828783,1.1533440247529885e-05,0.0005056255262317293,7.772456853150997e-17
0.028792879287928792,1.1533440247527765e-05,0.0005046914674954859,7.772456853150997e-17
0.028802880288028805,1.1533440247541638e-05,0.0005037591339547391,7.772456853150997e-17
0.028812881288128814,1.1533440247595196e-05,0.0005028285224231362,7.772456853150997e-17
0.028822882288228824,1.1533440247636762e-05,0.0005018996297201535,7.772456853150997e-17
0.028832883288328833,1.153344024765089e-05,0.0005009724526710244,7.772456853150997e-17
0.028842884288428842,1.1533440247663374e-05,0.0005000469881070867,7.772456853150997e-17
0.028852885288528855,1.1533440247667368e-05,0.0004991232328652897,7.772456853150997e-17
0.028862886288628865,1.1533440247685884e-05,0.0004982011837886655,7.772456853150997e-17
0.028872887288728874,1.1533440247707826e-05,0.0004972808377258312,7.772456853150997e-17
0.028882888288828883,1.1533440247732815e-05,0.0004963621915313448,7.772456853150997e-17
0.028892889288928893,1.1533440247745114e-05,0.0004954452420656437,7.772456853150997e-17
0.028902890289028906,1.1533440247716708e-05,0.000494529986194906,7.772456853150997e-17
0.028912891289128915,1.1533440247737162e-05,0.0004936164207909932,7.772456853150997e-17
0.028922892289228924,1.1533440247767228e-05,0.0004927045427316435,7.772456853150997e-17
0.028932893289328934,1.153344024778008e-05,0.0004917943489004149,7.772456853150997e-17
0.028942894289428943,1.1533440247780313e-05,0.000490885836186544,7.772456853150997e-17
0.028952895289528952,1.1533440247776517e-05,0.0004899790014849615,7.772456853150997e-17
0.028962896289628965,1.1533440247782109e-05,0.0004890738416964378,7.772456853150997e-17
0.028972897289728974,1.1533440247756732e-05,0.0004881703537274259,7.772456853150997e-17
0.028982898289828984,1.1533440247759168e-05,0.00048726853449014475,7.772456853150997e-17
0.028992899289928993,1.1533440247766668e-05,0.00048636838090235744,7.772456853150997e-17
0.029002900290029002,1.1533440247786576e-05,0.0004854698898877264,7.772456853150997e-17
0.029012901290129015,1.1533440247807957e-05,0.00048457305837540973,7.772456853150997e-17
0.029022902290229025,1.1533440247846434e-05,0.00048367788330037914,7.772456853150997e-17
0.029032903290329034,1.1533440247851063e-05,0.00048278436160323454,7.772456853150997e-17
0.029042904290429043,1.15334402478469e-05,0.0004818924902301765,7.772456853150997e-17
0.029052905290529053,1.153344024782839e-05,0.0004810022661330634,7.772456853150997e-17
0.029062906290629065,1.1533440247872093e-05,0.0004801136862694851,7.772456853150997e-17
0.029072907290729075,1.153344024790422e-05,0.0004792267476024455,7.772456853150997e-17
0.029082908290829084,1.1533440247923643e-05,0.00047834144710072625,7.772456853150997e-17
0.029092909290929093,1.1533440247947921e-05,0.000477457781738649,7.772456853150997e-17
0.029102910291029103,1.1533440247975058e-05,0.00047657574849610843,7.772456853150997e-17
0.029112911291129112,1.1533440247983193e-05,0.0004756953443586513,7.772456853150997e-17
0.029122912291229125,1.1533440248016732e-05,0.00047481656631731236,7.772456853150997e-17
0.029132913291329134,1.1533440248051752e-05,0.00047393941136871014,7.772456853150997e-17
0.029142914291429144,1.1533440248076733e-05,0.00047306387651504384,7.772456853150997e-17
0.029152915291529153,1.1533440248150872e-05,0.0004721899587639474,7.772456853150997e-17
0.029162916291629162,1.1533440248181922e-05,0.00047131765512868894,7.772456853150997e-17
0.029172917291729175,1.153344024820074e-05,0.00047044696262807,7.772456853150997e-17
0.029182918291829184,1.1533440248207643e-05,0.0004695778782862499,7.772456853150997e-17
0.029192919291929194,1.1533440248196434e-05,0.0004687103991329976,7.772456853150997e-17
0.029202920292029203,1.153344024815824e-05,0.0004678445222035298,7.772456853150997e-17
0.029212921292129213,1.1533440248203064e-05,0.0004669802445386145,7.772456853150997e-17
0.029222922292229225,1.1533440248234733e-05,0.0004661175631844424,7.772456853150997e-17
0.029232923292329235,1.1533440248241435e-05,0.0004652564751926157,7.772456853150997e-17
0.029242924292429244,1.15334402482258e-05,0.0004643969776201695,7.772456853150997e-17
0.029252925292529253,1.1533440248285306e-05,0.0004635390675296819,7.772456853150997e-17
0.029262926292629263,1.1533440248293553e-05,0.0004626827419890582,7.772456853150997e-17
0.029272927292729276,1.1533440248293773e-05,0.00046182799807167527,7.772456853150997e-17
0.029282928292829285,1.153344024826035e-05,0.00046097483285627376,7.772456853150997e-17
0.029292929292929294,1.1533440248309404e-05,0.00046012324342701986,7.772456853150997e-17
0.029302930293029304,1.153344024835243e-05,0.000459273226873435,7.772456853150997e-17
0.029312931293129313,1.1533440248390331e-05,0.0004584247802904509,7.772456853150997e-17
0.029322932293229322,1.1533440248406333e-05,0.00045757790077840816,7.772456853150997e-17
0.029332933293329335,1.1533440248368017e-05,0.0004567325854428684,7.772456853150997e-17
0.029342934293429344,1.153344024835385e-05,0.0004558888313948427,7.772456853150997e-17
0.029352935293529354,1.1533440248328623e-05,0.00045504663575066903,7.772456853150997e-17
0.029362936293629363,1.1533440248344114e-05,0.0004542059956319641,7.772456853150997e-17
0.029372937293729372,1.1533440248324461e-05,0.00045336690816571637,7.772456853150997e-17
0.029382938293829385,1.1533440248318855e-05,0.000452529370484151,7.772456853150997e-17
0.029392939293929395,1.1533440248285931e-05,0.0004516933797248243,7.772456853150997e-17
0.029402940294029404,1.1533440248316082e-05,0.00045085893303071817,7.772456853150997e-17
0.029412941294129413,1.153344024832581e-05,0.00045002602754982507,7.772456853150997e-17
0.029422942294229423,1.1533440248321772e-05,0.00044919466043555356,7.772456853150997e-17
0.029432943294329435,1.1533440248307759e-05,0.0004483648288465849,7.772456853150997e-17
0.029442944294429445,1.1533440248253353e-05,0.00044753652994685154,7.772456853150997e-17
0.029452945294529454,1.1533440248281376e-05,0.00044670976090546396,7.772456853150997e-17
0.029462946294629463,1.153344024830785e-05,0.0004458845188967708,7.772456853150997e-17
0.029472947294729473,1.1533440248290612e-05,0.0004450608011004805,7.772456853150997e-17
0.029482948294829486,1.1533440248319302e-05,0.00044423860470125376,7.772456853150997e-17
0.029492949294929495,1.1533440248317156e-05,0.00044341792688917147,7.772456853150997e-17
0.029502950295029504,1.1533440248327863e-05,0.0004425987648593825,7.772456853150997e-17
0.029512951295129514,1.1533440248367392e-05,0.00044178111581221987,7.772456853150997e-17
0.029522952295229523,1.1533440248383142e-05,0.00044096497695325925,7.772456853150997e-17
0.029532953295329532,1.1533440248395671e-05,0.0004401503454931816,7.772456853150997e-17
0.029542954295429545,1.1533440248421634e-05,0.0004393372186478981,7.772456853150997e-17
0.029552955295529554,1.1533440248405695e-05,0.00043852559363831753,7.772456853150997e-17
0.029562956295629564,1.1533440248462565e-05,0.00043771546769066184,7.772456853150997e-17
0.029572957295729573,1.153344024849108e-05,0.0004369068380360955,7.772456853150997e-17
0.029582958295829583,1.1533440248512158e-05,0.000436099701911059,7.772456853150997e-17
0.029592959295929595,1.153344024860806e-05,0.0004352940565569547,7.772456853150997e-17
0.029602960296029605,1.1533440248638243e-05,0.0004344898992203959,7.772456853150997e-17
0.029612961296129614,1.1533440248616159e-05,0.0004336872271530023,7.772456853150997e-17
0.029622962296229623,1.153344024862223e-05,0.0004328860376114598,7.772456853150997e-17
0.029632963296329633,1.1533440248604026e-05,0.0004320863278575961,7.772456853150997e-17
0.029642964296429646,1.153344024862551e-05,0.00043128809515826863,7.772456853150997e-17
0.029652965296529655,1.1533440248637468e-05,0.000430491336785389,7.772456853150997e-17
0.029662966296629664,1.153344024866621e-05,0.0004296960500158732,7.772456853150997e-17
0.029672967296729674,1.153344024865945e-05,0.00042890223213174654,7.772456853150997e-17
0.029682968296829683,1.1533440248664802e-05,0.0004281098804198995,7.772456853150997e-17
0.029692969296929692,1.153344024863209e-05,0.00042731899217231695,7.772456853150997e-17
0.029702970297029705,1.1533440248657074e-05,0.0004265295646860722,7.772456853150997e-17
0.029712971297129714,1.1533440248655434e-05,0.00042574159526316416,7.772456853150997e-17
0.029722972297229724,1.1533440248624853e-05,0.00042495508121049615,7.772456853150997e-17
0.029732973297329733,1.153344024863751e-05,0.0004241700198400888,7.772456853150997e-17
0.029742974297429742,1.1533440248652324e-05,0.0004233864084688485,7.772456853150997e-17
0.029752975297529755,1.1533440248640279e-05,0.00042260424441856377,7.772456853150997e-17
0.029762976297629765,1.15334402486609e-05,0.0004218235250161638,7.772456853150997e-17
0.029772977297729774,1.1533440248649137e-05,0.00042104424759331274,7.772456853150997e-17
0.029782978297829783,1.1533440248640885e-05,0.0004202664094867347,7.772456853150997e-17
0.029792979297929793,1.1533440248624192e-05,0.00041949000803805813,7.772456853150997e-17
0.029802980298029805,1.1533440248650921e-05,0.0004187150405937775,7.772456853150997e-17
0.029812981298129815,1.1533440248667841e-05,0.0004179415045052182,7.772456853150997e-17
0.029822982298229824,1.1533440248668548e-05,0.0004171693971287146,7.772456853150997e-17
0.029832983298329833,1.15334402486909e-05,0.0004163987158255297,7.772456853150997e-17
0.029842984298429843,1.1533440248694274e-05,0.0004156294579616427,7.772456853150997e-17
0.029852985298529856,1.1533440248678934e-05,0.0004148616209080348,7.772456853150997e-17
0.029862986298629865,1.1533440248634526e-05,0.00041409520204043165,7.772456853150997e-17
0.029872987298729874,1.1533440248654966e-05,0.00041333019873948527,7.772456853150997e-17
0.029882988298829884,1.1533440248669213e-05,0.0004125666083906481,7.772456853150997e-17
0.029892989298929893,1.1533440248680789e-05,0.00041180442838423357,7.772456853150997e-17
0.029902990299029902,1.1533440248672309e-05,0.0004110436561153642,7.772456853150997e-17
0.029912991299129915,1.1533440248652627e-05,0.00041028428898397636,7.772456853150997e-17
0.029922992299229925,1.1533440248651883e-05,0.0004095263243948053,7.772456853150997e-17
0.029932993299329934,1.153344024866674e-05,0.0004087697597572843,7.772456853150997e-17
0.029942994299429943,1.1533440248682285e-05,0.000408014592485797,7.772456853150997e-17
0.029952995299529953,1.1533440248680086e-05,0.00040726081999940106,7.772456853150997e-17
0.029962996299629965,1.1533440248691e-05,0.0004065084397219136,7.772456853150997e-17
0.029972997299729975,1.1533440248696613e-05,0.00040575744908201325,7.772456853150997e-17
0.029982998299829984,1.1533440248676386e-05,0.0004050078455130254,7.772456853150997e-17
0.029992999299929993,1.153344024868844e-05,0.00040425962645304365,7.772456853150997e-17
0.030003000300030003,1.1533440248698948e-05,0.00040351278934487806,7.772456853150997e-17
0.030013001300130016,1.1533440248665061e-05,0.0004027673316361228,7.772456853150997e-17
0.030023002300230025,1.1533440248634375e-05,0.00040202325077893787,7.772456853150997e-17
0.030033003300330034,1.1533440248581717e-05,0.0004012805442304083,7.772456853150997e-17
0.030043004300430044,1.1533440248600585e-05,0.00040053920945217543,7.772456853150997e-17
0.030053005300530053,1.1533440248646862e-05,0.00039979924391054833,7.772456853150997e-17
0.030063006300630062,1.153344024861279e-05,0.0003990606450766219,7.772456853150997e-17
0.030073007300730075,1.1533440248588877e-05,0.00039832341042610365,7.772456853150997e-17
0.030083008300830084,1.1533440248596374e-05,0.0003975875374392991,7.772456853150997e-17
0.030093009300930094,1.1533440248649185e-05,0.00039685302360132295,7.772456853150997e-17
0.030103010301030103,1.1533440248671167e-05,0.000396119866401741,7.772456853150997e-17
0.030113011301130112,1.1533440248657142e-05,0.00039538806333491277,7.772456853150997e-17
0.030123012301230125,1.153344024874462e-05,0.0003946576118998046,7.772456853150997e-17
0.030133013301330135,1.1533440248780466e-05,0.0003939285095999499,7.772456853150997e-17
0.030143014301430144,1.1533440248818227e-05,0.00039320075394345245,7.772456853150997e-17
0.030153015301530153,1.1533440248792628e-05,0.00039247434244312645,7.772456853150997e-17
0.030163016301630163,1.1533440248773346e-05,0.0003917492726162675,7.772456853150997e-17
0.030173017301730175,1.153344024880704e-05,0.0003910255419849149,7.772456853150997e-17
0.030183018301830185,1.1533440248779702e-05,0.00039030314807554547,7.772456853150997e-17
0.030193019301930194,1.1533440248784749e-05,0.0003895820884192496,7.772456853150997e-17
0.030203020302030203,1.1533440248821649e-05,0.0003888623605516786,7.772456853150997e-17
0.030213021302130213,1.1533440248836372e-05,0.00038814396201308126,7.772456853150997e-17
0.030223022302230226,1.1533440248861636e-05,0.00038742689034811984,7.772456853150997e-17
0.030233023302330235,1.1533440248893354e-05,0.0003867111431061525,7.772456853150997e-17
0.030243024302430244,1.153344024887943e-05,0.0003859967178409804,7.772456853150997e-17
0.030253025302530254,1.1533440248911155e-05,0.0003852836121108854,7.772456853150997e-17
0.030263026302630263,1.1533440248960476e-05,0.000384571823478671,7.772456853150997e-17
0.030273027302730272,1.1533440248952685e-05,0.0003838613495117348,7.772456853150997e-17
0.030283028302830285,1.153344024898074e-05,0.0003831521877818146,7.772456853150997e-17
0.030293029302930295,1.1533440248996355e-05,0.00038244433586529533,7.772456853150997e-17
0.030303030303030304,1.153344024902452e-05,0.0003817377913429889,7.772456853150997e-17
0.030313031303130313,1.1533440249049238e-05,0.0003810325518001353,7.772456853150997e-17
0.030323032303230323,1.1533440249053731e-05,0.000380328614826438,7.772456853150997e-17
0.030333033303330335,1.1533440249109662e-05,0.0003796259780160743,7.772456853150997e-17
0.030343034303430345,1.1533440249149647e-05,0.0003789246389676307,7.772456853150997e-17
0.030353035303530354,1.1533440249157106e-05,0.0003782245952842101,7.772456853150997e-17
0.030363036303630363,1.1533440249116462e-05,0.0003775258445733006,7.772456853150997e-17
0.030373037303730373,1.1533440249136474e-05,0.00037682838444671205,7.772456853150997e-17
0.030383038303830386,1.1533440249147972e-05,0.0003761322125208375,7.772456853150997e-17
0.030393039303930395,1.1533440249166232e-05,0.0003754373264163246,7.772456853150997e-17
0.030403040304030404,1.1533440249152285e-05,0.00037474372375832126,7.772456853150997e-17
0.030413041304130414,1.15334402491476e-05,0.0003740514021762764,7.772456853150997e-17
0.030423042304230423,1.153344024914002e-05,0.00037336035930405774,7.772456853150997e-17
0.030433043304330436,1.1533440249168665e-05,0.0003726705927799191,7.772456853150997e-17
0.030443044304430445,1.1533440249186036e-05,0.0003719821002464733,7.772456853150997e-17
0.030453045304530454,1.1533440249171084e-05,0.000371294879350609,7.772456853150997e-17
0.030463046304630464,1.1533440249183998e-05,0.0003706089277437419,7.772456853150997e-17
0.030473047304730473,1.1533440249167203e-05,0.00036992424308144586,7.772456853150997e-17
0.030483048304830482,1.1533440249165355e-05,0.0003692408230237432,7.772456853150997e-17
0.030493049304930495,1.1533440249190649e-05,0.0003685586652348016,7.772456853150997e-17
0.030503050305030505,1.153344024919942e-05,0.00036787776738334243,7.772456853150997e-17
0.030513051305130514,1.1533440249214205e-05,0.0003671981271421764,7.772456853150997e-17
0.030523052305230523,1.1533440249188978e-05,0.00036651974218859806,7.772456853150997e-17
0.030533053305330533,1.153344024916978e-05,0.00036584261020405787,7.772456853150997e-17
0.030543054305430545,1.1533440249179276e-05,0.000365166728874331,7.772456853150997e-17
0.030553055305530555,1.1533440249196905e-05,0.000364492095889509,7.772456853150997e-17
0.030563056305630564,1.1533440249176981e-05,0.0003638187089438828,7.772456853150997e-17
0.030573057305730574,1.1533440249180843e-05,0.00036314656573606006,7.772456853150997e-17
0.030583058305830583,1.1533440249188257e-05,0.0003624756639688597,7.772456853150997e-17
0.030593059305930596,1.153344024922484e-05,0.0003618060013493747,7.772456853150997e-17
0.030603060306030605,1.1533440249229665e-05,0.0003611375755888847,7.772456853150997e-17
0.030613061306130614,1.1533440249240303e-05,0.0003604703844029185,7.772456853150997e-17
0.030623062306230624,1.1533440249250893e-05,0.00035980442551125137,7.772456853150997e-17
0.030633063306330633,1.1533440249267817e-05,0.00035913969663783056,7.772456853150997e-17
0.030643064306430642,1.1533440249317936e-05,0.00035847619551087077,7.772456853150997e-17
0.030653065306530655,1.153344024937899e-05,0.0003578139198626908,7.772456853150997e-17
0.030663066306630665,1.1533440249421558e-05,0.00035715286742985533,7.772456853150997e-17
0.030673067306730674,1.1533440249424342e-05,0.0003564930359531133,7.772456853150997e-17
0.030683068306830683,1.1533440249460476e-05,0.00035583442317736443,7.772456853150997e-17
0.030693069306930693,1.1533440249454913e-05,0.0003551770268517273,7.772456853150997e-17
0.030703070307030705,1.1533440249460854e-05,0.0003545208447293942,7.772456853150997e-17
0.030713071307130715,1.1533440249449043e-05,0.0003538658745677353,7.772456853150997e-17
0.030723072307230724,1.1533440249451994e-05,0.00035321211412826006,7.772456853150997e-17
0.030733073307330733,1.153344024945032e-05,0.0003525595611766606,7.772456853150997e-17
0.030743074307430743,1.1533440249478062e-05,0.00035190821348267127,7.772456853150997e-17
0.030753075307530756,1.1533440249476016e-05,0.0003512580688203033,7.772456853150997e-17
0.030763076307630765,1.1533440249474528e-05,0.0003506091249675401,7.772456853150997e-17
0.030773077307730774,1.1533440249472514e-05,0.0003499613797064146,7.772456853150997e-17
0.030783078307830784,1.1533440249470978e-05,0.0003493148308232023,7.772456853150997e-17
0.030793079307930793,1.1533440249522945e-05,0.00034866947610816506,7.772456853150997e-17
0.030803080308030806,1.1533440249540709e-05,0.00034802531335571005,7.772456853150997e-17
0.030813081308130815,1.153344024961021e-05,0.00034738234036430345,7.772456853150997e-17
0.030823082308230824,1.1533440249657076e-05,0.000346740554936496,7.772456853150997e-17
0.030833083308330834,1.1533440249657945e-05,0.00034609995487883404,7.772456853150997e-17
0.030843084308430843,1.1533440249674618e-05,0.0003454605380020324,7.772456853150997e-17
0.030853085308530852,1.1533440249698997e-05,0.0003448223021206526,7.772456853150997e-17
0.030863086308630865,1.1533440249710364e-05,0.0003441852450534955,7.772456853150997e-17
0.030873087308730875,1.1533440249740155e-05,0.0003435493646232359,7.772456853150997e-17
0.030883088308830884,1.1533440249778222e-05,0.0003429146586566824,7.772456853150997e-17
0.030893089308930893,1.1533440249771869e-05,0.0003422811249845544,7.772456853150997e-17
0.030903090309030903,1.1533440249849959e-05,0.0003416487614417056,7.772456853150997e-17
0.030913091309130915,1.153344024993079e-05,0.0003410175658669198,7.772456853150997e-17
0.030923092309230925,1.1533440249941428e-05,0.0003403875361029267,7.772456853150997e-17
0.030933093309330934,1.1533440249938708e-05,0.0003397586699965732,7.772456853150997e-17
0.030943094309430944,1.1533440249969658e-05,0.00033913096539853167,7.772456853150997e-17
0.030953095309530953,1.153344025002516e-05,0.00033850442016348435,7.772456853150997e-17
0.030963096309630966,1.1533440250033596e-05,0.0003378790321501897,7.772456853150997e-17
0.030973097309730975,1.153344025003578e-05,0.00033725479922119345,7.772456853150997e-17
0.030983098309830984,1.153344025000344e-05,0.00033663171924309005,7.772456853150997e-17
0.030993099309930994,1.153344024999414e-05,0.0003360097900864203,7.772456853150997e-17
0.031003100310031003,1.1533440250018447e-05,0.00033538900962555877,7.772456853150997e-17
0.031013101310131012,1.153344024999438e-05,0.00033476937573896767,7.772456853150997e-17
0.031023102310231025,1.1533440250049206e-05,0.00033415088630888443,7.772456853150997e-17
0.031033103310331035,1.1533440250035757e-05,0.0003335335392215425,7.772456853150997e-17
0.031043104310431044,1.1533440250077763e-05,0.0003329173323670413,7.772456853150997e-17
0.031053105310531053,1.1533440250064688e-05,0.00033230226363934135,7.772456853150997e-17
0.031063106310631063,1.1533440250072994e-05,0.00033168833093636226,7.772456853150997e-17
0.031073107310731075,1.153344025014194e-05,0.0003310755321598887,7.772456853150997e-17
0.031083108310831085,1.1533440250153335e-05,0.0003304638652155954,7.772456853150997e-17
0.031093109310931094,1.153344025017152e-05,0.0003298533280129526,7.772456853150997e-17
0.031103110311031103,1.1533440250165167e-05,0.000329243918465389,7.772456853150997e-17
0.031113111311131113,1.153344025017545e-05,0.0003286356344900697,7.772456853150997e-17
0.031123112311231126,1.1533440250198369e-05,0.0003280284740081632,7.772456853150997e-17
0.031133113311331135,1.1533440250221178e-05,0.00032742243494451103,7.772456853150997e-17
0.031143114311431144,1.15334402502265e-05,0.0003268175152279433,7.772456853150997e-17
0.031153115311531154,1.1533440250196754e-05,0.0003262137127909779,7.772456853150997e-17
0.031163116311631163,1.1533440250200771e-05,0.000325611025570041,7.772456853150997e-17
0.031173117311731176,1.1533440250232843e-05,0.0003250094515053078,7.772456853150997e-17
0.031183118311831185,1.1533440250219038e-05,0.0003244089885408109,7.772456853150997e-17
0.031193119311931194,1.1533440250262716e-05,0.00032380963462441475,7.772456853150997e-17
0.031203120312031204,1.1533440250240986e-05,0.0003232113877076319,7.772456853150997e-17
0.031213121312131213,1.1533440250291527e-05,0.00032261424574589167,7.772456853150997e-17
0.031223122312231223,1.1533440250322437e-05,0.0003220182066983038,7.772456853150997e-17
0.031233123312331235,1.153344025035324e-05,0.00032142326852790194,7.772456853150997e-17
0.031243124312431245,1.1533440250379976e-05,0.0003208294292013251,7.772456853150997e-17
0.03125312531253126,1.1533440250368646e-05,0.0003202366866890201,7.772456853150997e-17
0.03126312631263126,1.153344025036281e-05,0.0003196450389651933,7.772456853150997e-17
0.031273127312731276,1.1533440250315763e-05,0.00031905448400777075,7.772456853150997e-17
0.03128312831283128,1.1533440250307665e-05,0.00031846501979840503,7.772456853150997e-17
0.031293129312931295,1.1533440250318807e-05,0.0003178766443225265,7.772456853150997e-17
0.0313031303130313,1.1533440250352795e-05,0.0003172893555693046,7.772456853150997e-17
0.031313131313131314,1.1533440250318512e-05,0.00031670315153147584,7.772456853150997e-17
0.031323132313231326,1.1533440250340892e-05,0.0003161180302056176,7.772456853150997e-17
0.03133313331333133,1.1533440250321478e-05,0.00031553398959199873,7.772456853150997e-17
0.031343134313431345,1.1533440250333467e-05,0.00031495102769453455,7.772456853150997e-17
0.03135313531353135,1.1533440250314682e-05,0.00031436914252083297,7.772456853150997e-17
0.031363136313631364,1.1533440250322585e-05,0.0003137883320822606,7.772456853150997e-17
0.03137313731373138,1.1533440250307555e-05,0.0003132085943937359,7.772456853150997e-17
0.03138313831383138,1.1533440250296757e-05,0.0003126299274739041,7.772456853150997e-17
0.031393139313931395,1.153344025034989e-05,0.00031205232934510306,7.772456853150997e-17
0.0314031403140314,1.153344025035997e-05,0.00031147579803331854,7.772456853150997e-17
0.031413141314131414,1.1533440250394941e-05,0.00031090033156810156,7.772456853150997e-17
0.03142314231423143,1.1533440250422861e-05,0.00031032592798269396,7.772456853150997e-17
0.03143314331433143,1.1533440250404313e-05,0.0003097525853139627,7.772456853150997e-17
0.031443144314431445,1.153344025043487e-05,0.00030918030160236607,7.772456853150997e-17
0.03145314531453145,1.1533440250426353e-05,0.00030860907489210115,7.772456853150997e-17
0.031463146314631464,1.1533440250431096e-05,0.00030803890323090853,7.772456853150997e-17
0.03147314731473148,1.1533440250458784e-05,0.00030746978467007495,7.772456853150997e-17
0.03148314831483148,1.1533440250485723e-05,0.000306901717264533,7.772456853150997e-17
0.031493149314931496,1.1533440250506477e-05,0.00030633469907287127,7.772456853150997e-17
0.0315031503150315,1.15334402505394e-05,0.00030576872815708296,7.772456853150997e-17
0.031513151315131514,1.1533440250539955e-05,0.00030520380258297104,7.772456853150997e-17
0.03152315231523153,1.1533440250539149e-05,0.00030463992041982206,7.772456853150997e-17
0.03153315331533153,1.153344025055943e-05,0.0003040770797403653,7.772456853150997e-17
0.031543154315431546,1.153344025054712e-05,0.0003035152786210705,7.772456853150997e-17
0.03155315531553155,1.153344025053907e-05,0.00030295451514180793,7.772456853150997e-17
0.031563156315631564,1.153344025058068e-05,0.00030239478738616456,7.772456853150997e-17
0.03157315731573158,1.1533440250570989e-05,0.00030183609344107545,7.772456853150997e-17
0.03158315831583158,1.1533440250620808e-05,0.0003012784313971734,7.772456853150997e-17
0.031593159315931596,1.153344025064167e-05,0.0003007217993485174,7.772456853150997e-17
0.0316031603160316,1.153344025062401e-05,0.0003001661953927238,7.772456853150997e-17
0.031613161316131615,1.1533440250639605e-05,0.00029961161763090565,7.772456853150997e-17
0.03162316231623163,1.1533440250653622e-05,0.0002990580641677802,7.772456853150997e-17
0.03163316331633163,1.153344025065561e-05,0.0002985055331113525,7.772456853150997e-17
0.031643164316431646,1.1533440250693571e-05,0.0002979540225732945,7.772456853150997e-17
0.03165316531653165,1.153344025070793e-05,0.00029740353066870474,7.772456853150997e-17
0.031663166316631665,1.1533440250726247e-05,0.00029685405551620674,7.772456853150997e-17
0.03167316731673167,1.1533440250699126e-05,0.0002963055952379204,7.772456853150997e-17
0.031683168316831684,1.1533440250686609e-05,0.00029575814795930895,7.772456853150997e-17
0.031693169316931696,1.1533440250697824e-05,0.0002952117118094481,7.772456853150997e-17
0.0317031703170317,1.1533440250719836e-05,0.0002946662849207504,7.772456853150997e-17
0.031713171317131715,1.1533440250728339e-05,0.0002941218654290684,7.772456853150997e-17
0.03172317231723172,1.1533440250767622e-05,0.0002935784514738124,7.772456853150997e-17
0.031733173317331734,1.1533440250798687e-05,0.00029303604119779804,7.772456853150997e-17
0.03174317431743175,1.1533440250850625e-05,0.0002924946327472319,7.772456853150997e-17
0.03175317531753175,1.153344025088651e-05,0.0002919542242716967,7.772456853150997e-17
0.031763176317631765,1.153344025086932e-05,0.0002914148139242768,7.772456853150997e-17
0.03177317731773177,1.1533440250865985e-05,0.00029087639986141126,7.772456853150997e-17
0.031783178317831784,1.1533440250849907e-05,0.0002903389802430226,7.772456853150997e-17
0.0317931793179318,1.153344025084378e-05,0.0002898025532323504,7.772456853150997e-17
0.0318031803180318,1.1533440250850886e-05,0.0002892671169960455,7.772456853150997e-17
0.031813181318131815,1.1533440250845238e-05,0.0002887326697042355,7.772456853150997e-17
0.03182318231823182,1.153344025084731e-05,0.00028819920953026705,7.772456853150997e-17
0.031833183318331834,1.1533440250873278e-05,0.00028766673465099516,7.772456853150997e-17
0.03184318431843185,1.1533440250888338e-05,0.00028713524324662016,7.772456853150997e-17
0.03185318531853185,1.1533440250879712e-05,0.00028660473350063207,7.772456853150997e-17
0.031863186318631866,1.1533440250897921e-05,0.000286075203599855,7.772456853150997e-17
0.03187318731873187,1.1533440250895658e-05,0.0002855466517346262,7.772456853150997e-17
0.031883188318831884,1.1533440250912966e-05,0.00028501907609850913,7.772456853150997e-17
0.0318931893189319,1.153344025092719e-05,0.0002844924748883777,7.772456853150997e-17
0.0319031903190319,1.1533440250894791e-05,0.000283966846304469,7.772456853150997e-17
0.031913191319131916,1.1533440250901867e-05,0.0002834421885504299,7.772456853150997e-17
0.03192319231923192,1.1533440250950255e-05,0.0002829184998331308,7.772456853150997e-17
0.031933193319331935,1.1533440251013426e-05,0.0002823957783627407,7.772456853150997e-17
0.03194319431943195,1.1533440251020895e-05,0.00028187402235278905,7.772456853150997e-17
0.03195319531953195,1.1533440251052463e-05,0.00028135323002006395,7.772456853150997e-17
0.031963196319631966,1.1533440251074435e-05,0.0002808333995846296,7.772456853150997e-17
0.03197319731973197,1.1533440251075873e-05,0.0002803145292699515,7.772456853150997e-17
0.031983198319831985,1.1533440251091643e-05,0.000279796617302667,7.772456853150997e-17
0.031993199319932,1.1533440251047338e-05,0.0002792796619126986,7.772456853150997e-17
0.032003200320032,1.1533440251099078e-05,0.0002787636613333128,7.772456853150997e-17
0.032013201320132016,1.1533440251137022e-05,0.00027824861380088743,7.772456853150997e-17
0.03202320232023202,1.1533440251185169e-05,0.0002777345175552928,7.772456853150997e-17
0.032033203320332035,1.1533440251172052e-05,0.00027722137083934894,7.772456853150997e-17
0.03204320432043205,1.153344025118581e-05,0.00027670917189941775,7.772456853150997e-17
0.032053205320532054,1.1533440251195398e-05,0.000276197918984895,7.772456853150997e-17
0.032063206320632066,1.1533440251220011e-05,0.0002756876103485508,7.772456853150997e-17
0.03207320732073207,1.153344025121466e-05,0.0002751782442462487,7.772456853150997e-17
0.032083208320832085,1.1533440251232644e-05,0.0002746698189371878,7.772456853150997e-17
0.03209320932093209,1.1533440251254629e-05,0.0002741623326836798,7.772456853150997e-17
0.032103210321032104,1.1533440251240126e-05,0.0002736557837513652,7.772456853150997e-17
0.03211321132113212,1.1533440251240136e-05,0.00027315017040896873,7.772456853150997e-17
0.03212321232123212,1.153344025128571e-05,0.0002726454909285088,7.772456853150997e-17
0.032133213321332135,1.1533440251318565e-05,0.0002721417435851308,7.772456853150997e-17
0.03214321432143214,1.1533440251333813e-05,0.0002716389266571191,7.772456853150997e-17
0.032153215321532154,1.1533440251372848e-05,0.00027113703842613637,7.772456853150997e-17
0.03216321632163217,1.15334402513655e-05,0.0002706360771767961,7.772456853150997e-17
0.03217321732173217,1.1533440251349783e-05,0.00027013604119698607,7.772456853150997e-17
0.032183218321832185,1.1533440251327935e-05,0.000269636928777795,7.772456853150997e-17
0.03219321932193219,1.1533440251339764e-05,0.00026913873821338423,7.772456853150997e-17
0.032203220322032204,1.1533440251373395e-05,0.0002686414678010812,7.772456853150997e-17
0.03221322132213222,1.1533440251342058e-05,0.00026814511584140024,7.772456853150997e-17
0.03222322232223222,1.1533440251356319e-05,0.00026764968063794467,7.772456853150997e-17
0.032233223322332236,1.1533440251360056e-05,0.0002671551604975649,7.772456853150997e-17
0.03224322432243224,1.1533440251416282e-05,0.0002666615537300563,7.772456853150997e-17
0.032253225322532254,1.153344025143161e-05,0.00026616885864844814,7.772456853150997e-17
0.03226322632263227,1.153344025144105e-05,0.0002656770735689024,7.772456853150997e-17
0.03227322732273227,1.1533440251442274e-05,0.0002651861968106424,7.772456853150997e-17
0.032283228322832286,1.1533440251462628e-05,0.0002646962266959758,7.772456853150997e-17
0.03229322932293229,1.1533440251487451e-05,0.000264207161550397,7.772456853150997e-17
0.032303230323032305,1.1533440251517899e-05,0.00026371899970241723,7.772456853150997e-17
0.03231323132313232,1.1533440251504998e-05,0.00026323173948358824,7.772456853150997e-17
0.03232323232323232,1.1533440251535502e-05,0.000262745379228706,7.772456853150997e-17
0.032333233323332336,1.1533440251570323e-05,0.00026225991727550933,7.772456853150997e-17
0.03234323432343234,1.153344025159878e-05,0.00026177535196480914,7.772456853150997e-17
0.032353235323532355,1.1533440251611986e-05,0.0002612916816405882,7.772456853150997e-17
0.03236323632363237,1.1533440251615706e-05,0.0002608089046497466,7.772456853150997e-17
0.03237323732373237,1.1533440251616302e-05,0.00026032701934235154,7.772456853150997e-17
0.032383238323832386,1.1533440251579234e-05,0.00025984602407146617,7.772456853150997e-17
0.03239323932393239,1.1533440251630302e-05,0.0002593659171932861,7.772456853150997e-17
0.032403240324032405,1.1533440251599868e-05,0.00025888669706682554,7.772456853150997e-17
0.03241324132413242,1.1533440251598536e-05,0.00025840836205432755,7.772456853150997e-17
0.032423242324232424,1.1533440251623602e-05,0.00025793091052096805,7.772456853150997e-17
0.032433243324332436,1.1533440251660275e-05,0.0002574543408349932,7.772456853150997e-17
0.03244324432443244,1.1533440251670458e-05,0.000256978651367643,7.772456853150997e-17
0.032453245324532455,1.153344025173494e-05,0.00025650384049318226,7.772456853150997e-17
0.03246324632463246,1.1533440251797638e-05,0.0002560299065888018,7.772456853150997e-17
0.032473247324732474,1.1533440251778561e-05,0.00025555684803482524,7.772456853150997e-17
0.03248324832483249,1.1533440251774614e-05,0.0002550846632144631,7.772456853150997e-17
0.03249324932493249,1.1533440251807344e-05,0.00025461335051385963,7.772456853150997e-17
0.032503250325032505,1.1533440251823788e-05,0.00025414290832225504,7.772456853150997e-17
0.03251325132513251,1.1533440251841777e-05,0.0002536733350319253,7.772456853150997e-17
0.032523252325232524,1.1533440251862382e-05,0.0002532046290379562,7.772456853150997e-17
0.03253325332533254,1.1533440251849605e-05,0.00025273678873844965,7.772456853150997e-17
0.03254325432543254,1.1533440251876114e-05,0.00025226981253445677,7.772456853150997e-17
0.032553255325532555,1.1533440251878323e-05,0.0002518036988300655,7.772456853150997e-17
0.03256325632563256,1.1533440251880475e-05,0.0002513384460322523,7.772456853150997e-17
0.032573257325732574,1.1533440251872507e-05,0.0002508740525509003,7.772456853150997e-17
0.03258325832583259,1.1533440251898037e-05,0.0002504105167988418,7.772456853150997e-17
0.03259325932593259,1.1533440251928196e-05,0.00024994783719189007,7.772456853150997e-17
0.032603260326032606,1.1533440251959652e-05,0.0002494860121487438,7.772456853150997e-17
0.03261326132613261,1.1533440251946582e-05,0.00024902504009099253,7.772456853150997e-17
0.032623262326232624,1.1533440252004926e-05,0.00024856491944318684,7.772456853150997e-17
0.03263326332633264,1.1533440252008366e-05,0.00024810564863292253,7.772456853150997e-17
0.03264326432643264,1.1533440252013938e-05,0.0002476472260904628,7.772456853150997e-17
0.032653265326532656,1.1533440252037157e-05,0.0002471896502490036,7.772456853150997e-17
0.03266326632663266,1.1533440252084574e-05,0.00024673291954475766,7.772456853150997e-17
0.032673267326732675,1.1533440252064066e-05,0.0002462770324167807,7.772456853150997e-17
0.03268326832683269,1.1533440252074335e-05,0.0002458219873070211,7.772456853150997e-17
0.03269326932693269,1.1533440252099375e-05,0.0002453677826601966,7.772456853150997e-17
0.032703270327032706,1.1533440252105645e-05,0.00024491441692408233,7.772456853150997e-17
0.03271327132713271,1.1533440252124205e-05,0.00024446188854909364,7.772456853150997e-17
0.032723272327232725,1.1533440252107034e-05,0.00024401019598871987,7.772456853150997e-17
0.03273327332733274,1.153344025211301e-05,0.00024355933769919672,7.772456853150997e-17
0.03274327432743274,1.1533440252155908e-05,0.000243109312139701,7.772456853150997e-17
0.032753275327532756,1.1533440252152765e-05,0.00024266011777210453,7.772456853150997e-17
0.03276327632763276,1.153344025213497e-05,0.0002422117530612633,7.772456853150997e-17
0.032773277327732775,1.1533440252146546e-05,0.00024176421647475332,7.772456853150997e-17
0.03278327832783279,1.153344025216908e-05,0.00024131750648307923,7.772456853150997e-17
0.032793279327932794,1.1533440252194766e-05,0.00024087162155953112,7.772456853150997e-17
0.032803280328032806,1.1533440252200416e-05,0.00024042656018022,7.772456853150997e-17
0.03281328132813281,1.153344025222861e-05,0.0002399823208240886,7.772456853150997e-17
0.032823282328232825,1.1533440252251175e-05,0.00023953890197279156,7.772456853150997e-17
0.03283328332833283,1.153344025225724e-05,0.00023909630211086088,7.772456853150997e-17
0.032843284328432844,1.1533440252292327e-05,0.00023865451972569974,7.772456853150997e-17
0.03285328532853286,1.153344025234826e-05,0.00023821355330744517,7.772456853150997e-17
0.03286328632863286,1.1533440252382708e-05,0.0002377734013490071,7.772456853150997e-17
0.032873287328732875,1.1533440252368466e-05,0.0002373340623460777,7.772456853150997e-17
0.03288328832883288,1.1533440252413387e-05,0.00023689553479710527,7.772456853150997e-17
0.032893289328932894,1.1533440252433665e-05,0.000236457817203398,7.772456853150997e-17
0.03290329032903291,1.1533440252461717e-05,0.00023602090806895614,7.772456853150997e-17
0.03291329132913291,1.1533440252529199e-05,0.00023558480590054,7.772456853150997e-17
0.032923292329232925,1.1533440252559465e-05,0.00023514950920773618,7.772456853150997e-17
0.03293329332933293,1.1533440252567874e-05,0.0002347150165028215,7.772456853150997e-17
0.032943294329432944,1.1533440252533283e-05,0.0002342813263008538,7.772456853150997e-17
0.03295329532953296,1.1533440252588537e-05,0.00023384843711955847,7.772456853150997e-17
0.03296329632963296,1.1533440252583265e-05,0.0002334163474795368,7.772456853150997e-17
0.032973297329732976,1.1533440252610919e-05,0.00023298505590402369,7.772456853150997e-17
0.03298329832983298,1.1533440252603851e-05,0.00023255456091895286,7.772456853150997e-17
0.032993299329932994,1.1533440252612594e-05,0.00023212486105306864,7.772456853150997e-17
0.03300330033003301,1.1533440252632435e-05,0.00023169595483780216,7.772456853150997e-17
0.03301330133013301,1.1533440252684355e-05,0.00023126784080728413,7.772456853150997e-17
0.033023302330233026,1.153344025270903e-05,0.00023084051749838088,7.772456853150997e-17
0.03303330333033303,1.1533440252677458e-05,0.00023041398345059516,7.772456853150997e-17
0.033043304330433045,1.1533440252666916e-05,0.00022998823720619702,7.772456853150997e-17
0.03305330533053306,1.1533440252704851e-05,0.0002295632773100845,7.772456853150997e-17
0.03306330633063306,1.1533440252692061e-05,0.00022913910230996354,7.772456853150997e-17
0.033073307330733076,1.1533440252740157e-05,0.00022871571075606226,7.772456853150997e-17
0.03308330833083308,1.1533440252779151e-05,0.00022829310120140925,7.772456853150997e-17
0.033093309330933095,1.1533440252786402e-05,0.00022787127220168658,7.772456853150997e-17
0.03310331033103311,1.1533440252773236e-05,0.00022745022231509984,7.772456853150997e-17
0.03311331133113311,1.1533440252765544e-05,0.00022702995010276937,7.772456853150997e-17
0.033123312331233126,1.1533440252824152e-05,0.0002266104541283181,7.772456853150997e-17
0.03313331333133313,1.1533440252813673e-05,0.00022619173295799938,7.772456853150997e-17
0.033143314331433145,1.1533440252844556e-05,0.00022577378516074157,7.772456853150997e-17
0.03315331533153316,1.1533440252867517e-05,0.0002253566093081191,7.772456853150997e-17
0.033163316331633164,1.1533440252889413e-05,0.00022494020397442337,7.772456853150997e-17
0.033173317331733176,1.1533440252872469e-05,0.00022452456773653536,7.772456853150997e-17
0.03318331833183318,1.1533440252934666e-05,0.00022410969917390506,7.772456853150997e-17
0.033193319331933195,1.1533440252907383e-05,0.00022369559686862155,7.772456853150997e-17
0.0332033203320332,1.153344025289582e-05,0.0002232822594054281,7.772456853150997e-17
0.033213321332133214,1.1533440252886453e-05,0.0002228696853716759,7.772456853150997e-17
0.03322332233223323,1.153344025286487e-05,0.00022245787335737602,7.772456853150997e-17
0.03323332333233323,1.1533440252926706e-05,0.00022204682195500246,7.772456853150997e-17
0.033243324332433245,1.1533440252930765e-05,0.00022163652975978556,7.772456853150997e-17
0.03325332533253325,1.1533440252954719e-05,0.00022122699536944598,7.772456853150997e-17
0.033263326332633264,1.153344025300494e-05,0.0002208182173842856,7.772456853150997e-17
0.03327332733273328,1.1533440253019912e-05,0.00022041019440732155,7.772456853150997e-17
0.03328332833283328,1.1533440253056468e-05,0.00022000292504393255,7.772456853150997e-17
0.033293329332933295,1.1533440253024366e-05,0.00021959640790233313,7.772456853150997e-17
0.0333033303330333,1.1533440253034936e-05,0.00021919064159310752,7.772456853150997e-17
0.033313331333133314,1.153344025299145e-05,0.00021878562472953532,7.772456853150997e-17
0.03332333233323333,1.153344025300813e-05,0.00021838135592734803,7.772456853150997e-17
0.03333333333333333,1.1533440253014948e-05,0.0002179778338048813,7.772456853150997e-17
0.033343334333433346,1.1533440253059733e-05,0.00021757505698303007,7.772456853150997e-17
0.03335333533353335,1.1533440253076734e-05,0.00021717302408524183,7.772456853150997e-17
0.033363336333633364,1.1533440253113822e-05,0.00021677173373757755,7.772456853150997e-17
0.03337333733373338,1.1533440253120951e-05,0.00021637118456838548,7.772456853150997e-17
0.03338333833383338,1.1533440253128061e-05,0.00021597137520887202,7.772456853150997e-17
0.033393339333933396,1.1533440253098994e-05,0.0002155723042925326,7.772456853150997e-17
0.0334033403340334,1.1533440253103904e-05,0.0002151739704554934,7.772456853150997e-17
0.033413341334133415,1.1533440253102142e-05,0.0002147763723363987,7.772456853150997e-17
0.03342334233423343,1.1533440253119186e-05,0.00021437950857637603,7.772456853150997e-17
0.03343334333433343,1.1533440253150655e-05,0.00021398337781901956,7.772456853150997e-17
0.033443344334433446,1.1533440253145254e-05,0.0002135879787105687,7.772456853150997e-17
0.03345334533453345,1.153344025316165e-05,0.00021319330989962043,7.772456853150997e-17
0.033463346334633465,1.1533440253160216e-05,0.00021279937003728175,7.772456853150997e-17
0.03347334733473348,1.1533440253200044e-05,0.00021240615777727638,7.772456853150997e-17
0.03348334833483348,1.1533440253237528e-05,0.00021201367177572879,7.772456853150997e-17
0.033493349334933496,1.1533440253235436e-05,0.0002116219106911878,7.772456853150997e-17
0.0335033503350335,1.1533440253231233e-05,0.00021123087318481012,7.772456853150997e-17
0.033513351335133515,1.1533440253241128e-05,0.00021084055792009725,7.772456853150997e-17
0.03352335233523353,1.1533440253256112e-05,0.0002104509635630827,7.772456853150997e-17
0.033533353335333534,1.1533440253266786e-05,0.0002100620887823234,7.772456853150997e-17
0.033543354335433546,1.153344025329226e-05,0.0002096739322486613,7.772456853150997e-17
0.03355335533553355,1.1533440253264415e-05,0.0002092864926355971,7.772456853150997e-17
0.033563356335633565,1.1533440253259082e-05,0.00020889976861898597,7.772456853150997e-17
0.03357335733573357,1.1533440253256885e-05,0.00020851375887709703,7.772456853150997e-17
0.033583358335833584,1.1533440253240906e-05,0.00020812846209068554,7.772456853150997e-17
0.0335933593359336,1.1533440253244255e-05,0.00020774387694287246,7.772456853150997e-17
0.0336033603360336,1.1533440253263517e-05,0.0002073600021193132,7.772456853150997e-17
0.033613361336133615,1.1533440253240511e-05,0.00020697683630809707,7.772456853150997e-17
0.03362336233623362,1.1533440253216413e-05,0.00020659437819962203,7.772456853150997e-17
0.033633363336333634,1.1533440253244504e-05,0.00020621262648677643,7.772456853150997e-17
0.03364336433643365,1.1533440253239381e-05,0.00020583157986489472,7.772456853150997e-17
0.03365336533653365,1.153344025327816e-05,0.00020545123703162205,7.772456853150997e-17
0.033663366336633666,1.1533440253291264e-05,0.0002050715966870815,7.772456853150997e-17
0.03367336733673367,1.1533440253284364e-05,0.00020469265753379775,7.772456853150997e-17
0.033683368336833684,1.1533440253288636e-05,0.00020431441827671668,7.772456853150997e-17
0.0336933693369337,1.1533440253284815e-05,0.00020393687762307447,7.772456853150997e-17
0.0337033703370337,1.1533440253299517e-05,0.00020356003428267068,7.772456853150997e-17
0.033713371337133716,1.153344025329618e-05,0.0002031838869674191,7.772456853150997e-17
0.03372337233723372,1.1533440253324901e-05,0.0002028084343918844,7.772456853150997e-17
0.033733373337333734,1.1533440253326011e-05,0.00020243367527282235,7.772456853150997e-17
0.03374337433743375,1.1533440253312016e-05,0.0002020596083294976,7.772456853150997e-17
0.03375337533753375,1.1533440253348534e-05,0.0002016862322834334,7.772456853150997e-17
0.033763376337633766,1.1533440253369963e-05,0.00020131354585852649,7.772456853150997e-17
0.03377337733773377,1.1533440253417936e-05,0.00020094154778108246,7.772456853150997e-17
0.033783378337833785,1.1533440253424209e-05,0.00020057023677974798,7.772456853150997e-17
0.0337933793379338,1.153344025343339e-05,0.00020019961158546066,7.772456853150997e-17
0.0338033803380338,1.153344025344265e-05,0.00019982967093155803,7.772456853150997e-17
0.033813381338133816,1.1533440253466932e-05,0.00019946041355368177,7.772456853150997e-17
0.03382338233823382,1.153344025347422e-05,0.00019909183818987532,7.772456853150997e-17
0.033833383338333835,1.1533440253477427e-05,0.00019872394358045847,7.772456853150997e-17
0.03384338433843385,1.1533440253515628e-05,0.00019835672846807903,7.772456853150997e-17
0.03385338533853385,1.1533440253559523e-05,0.00019799019159765915,7.772456853150997e-17
0.033863386338633866,1.1533440253544574e-05,0.0001976243317165332,7.772456853150997e-17
0.03387338733873387,1.1533440253565542e-05,0.0001972591475743524,7.772456853150997e-17
0.033883388338833885,1.1533440253619648e-05,0.00019689463792298337,7.772456853150997e-17
0.0338933893389339,1.1533440253622965e-05,0.0001965308015166646,7.772456853150997e-17
0.033903390339033904,1.1533440253633877e-05,0.0001961676371119306,7.772456853150997e-17
0.033913391339133916,1.1533440253646474e-05,0.00019580514346760275,7.772456853150997e-17
0.03392339233923392,1.1533440253691895e-05,0.00019544331934479185,7.772456853150997e-17
0.033933393339333935,1.153344025369309e-05,0.0001950821635068329,7.772456853150997e-17
0.03394339433943395,1.1533440253671216e-05,0.00019472167471949782,7.772456853150997e-17
0.033953395339533954,1.1533440253679935e-05,0.00019436185175070875,7.772456853150997e-17
0.03396339633963397,1.1533440253687179e-05,0.00019400269337076036,7.772456853150997e-17
0.03397339733973397,1.153344025371073e-05,0.00019364419835217752,7.772456853150997e-17
0.033983398339833985,1.1533440253738934e-05,0.00019328636546961695,7.772456853150997e-17
0.03399339933993399,1.1533440253740559e-05,0.00019292919350018752,7.772456853150997e-17
0.034003400340034004,1.1533440253737974e-05,0.00019257268122318679,7.772456853150997e-17
0.03401340134013402,1.1533440253756371e-05,0.0001922168274202155,7.772456853150997e-17
0.03402340234023402,1.1533440253774637e-05,0.00019186163087505037,7.772456853150997e-17
0.034033403340334036,1.1533440253773056e-05,0.0001915070903737647,7.772456853150997e-17
0.03404340434043404,1.153344025383737e-05,0.00019115320470454696,7.772456853150997e-17
0.034053405340534054,1.1533440253903279e-05,0.00019079997265804264,7.772456853150997e-17
0.03406340634063407,1.153344025394042e-05,0.00019044739302700878,7.772456853150997e-17
0.03407340734073407,1.1533440253971103e-05,0.00019009546460639105,7.772456853150997e-17
0.034083408340834086,1.153344025397484e-05,0.00018974418619347358,7.772456853150997e-17
0.03409340934093409,1.153344025398998e-05,0.0001893935565876514,7.772456853150997e-17
0.034103410341034104,1.1533440254032414e-05,0.00018904357459057126,7.772456853150997e-17
0.03411341134113412,1.1533440254054715e-05,0.00018869423900615744,7.772456853150997e-17
0.03412341234123412,1.1533440254109732e-05,0.0001883455486404995,7.772456853150997e-17
0.034133413341334136,1.153344025410968e-05,0.00018799750230180534,7.772456853150997e-17
0.03414341434143414,1.1533440254081703e-05,0.00018765009880063709,7.772456853150997e-17
0.034153415341534155,1.153344025409277e-05,0.00018730333694969473,7.772456853150997e-17
0.03416341634163417,1.1533440254111761e-05,0.00018695721556377572,7.772456853150997e-17
0.03417341734173417,1.1533440254095291e-05,0.00018661173346003893,7.772456853150997e-17
0.034183418341834186,1.1533440254127587e-05,0.0001862668894576313,7.772456853150997e-17
0.03419341934193419,1.1533440254106899e-05,0.0001859226823780752,7.772456853150997e-17
0.034203420342034205,1.1533440254118624e-05,0.0001855791110449897,7.772456853150997e-17
0.03421342134213422,1.1533440254144111e-05,0.0001852361742841492,7.772456853150997e-17
0.034223422342234223,1.1533440254187318e-05,0.00018489387092348323,7.772456853150997e-17
0.034233423342334236,1.1533440254171562e-05,0.00018455219979309978,7.772456853150997e-17
0.03424342434243424,1.1533440254197914e-05,0.00018421115972527472,7.772456853150997e-17
0.034253425342534255,1.1533440254205795e-05,0.00018387074955442142,7.772456853150997e-17
0.03426342634263427,1.1533440254226797e-05,0.00018353096811719695,7.772456853150997e-17
0.034273427342734274,1.1533440254264173e-05,0.00018319181425226482,7.772456853150997e-17
0.034283428342834286,1.1533440254210125e-05,0.00018285328680057067,7.772456853150997e-17
0.03429342934293429,1.1533440254242008e-05,0.00018251538460507704,7.772456853150997e-17
0.034303430343034305,1.1533440254219598e-05,0.00018217810651100733,7.772456853150997e-17
0.03431343134313432,1.1533440254213271e-05,0.00018184145136567546,7.772456853150997e-17
0.034323432343234324,1.153344025422475e-05,0.0001815054180183924,7.772456853150997e-17
0.03433343334333434,1.1533440254255384e-05,0.00018117000532073813,7.772456853150997e-17
0.03434343434343434,1.1533440254240678e-05,0.00018083521212643682,7.772456853150997e-17
0.034353435343534355,1.1533440254273963e-05,0.00018050103729119648,7.772456853150997e-17
0.03436343634363436,1.1533440254259616e-05,0.00018016747967301142,7.772456853150997e-17
0.034373437343734374,1.1533440254269573e-05,0.00017983453813177647,7.772456853150997e-17
0.03438343834383439,1.1533440254271667e-05,0.00017950221152971866,7.772456853150997e-17
0.03439343934393439,1.1533440254263988e-05,0.0001791704987309822,7.772456853150997e-17
0.034403440344034406,1.153344025426853e-05,0.00017883939860187208,7.772456853150997e-17
0.03441344134413441,1.1533440254276016e-05,0.00017850891001078753,7.772456853150997e-17
0.034423442344234424,1.1533440254281117e-05,0.00017817903182829634,7.772456853150997e-17
0.03443344334433444,1.1533440254315017e-05,0.00017784976292697615,7.772456853150997e-17
0.03444344434443444,1.1533440254322147e-05,0.00017752110218143842,7.772456853150997e-17
0.034453445344534456,1.1533440254336738e-05,0.00017719304846841087,7.772456853150997e-17
0.03446344634463446,1.1533440254391094e-05,0.00017686560066676314,7.772456853150997e-17
0.034473447344734474,1.1533440254448452e-05,0.00017653875765738056,7.772456853150997e-17
0.03448344834483449,1.153344025440911e-05,0.00017621251832319185,7.772456853150997e-17
0.03449344934493449,1.1533440254383984e-05,0.0001758868815492077,7.772456853150997e-17
0.034503450345034506,1.1533440254381753e-05,0.0001755618462225402,7.772456853150997e-17
0.03451345134513451,1.1533440254404792e-05,0.00017523741123226467,7.772456853150997e-17
0.034523452345234525,1.1533440254424435e-05,0.00017491357546968518,7.772456853150997e-17
0.03453345334533454,1.1533440254487342e-05,0.00017459033782796397,7.772456853150997e-17
0.03454345434543454,1.1533440254519618e-05,0.00017426769720234916,7.772456853150997e-17
0.034553455345534556,1.1533440254513844e-05,0.0001739456524902175,7.772456853150997e-17
0.03456345634563456,1.153344025451386e-05,0.00017362420259089135,7.772456853150997e-17
0.034573457345734575,1.1533440254485504e-05,0.0001733033464056816,7.772456853150997e-17
0.03458345834583459,1.1533440254478636e-05,0.00017298308283808007,7.772456853150997e-17
0.034593459345934593,1.1533440254493932e-05,0.00017266341079356297,7.772456853150997e-17
0.034603460346034606,1.153344025453056e-05,0.00017234432917955536,7.772456853150997e-17
0.03461346134613461,1.1533440254515426e-05,0.00017202583690561119,7.772456853150997e-17
0.034623462346234625,1.1533440254555327e-05,0.00017170793288311413,7.772456853150997e-17
0.03463346334633464,1.153344025459267e-05,0.00017139061602560964,7.772456853150997e-17
0.034643464346434644,1.1533440254565998e-05,0.00017107388524861104,7.772456853150997e-17
0.034653465346534656,1.1533440254554856e-05,0.0001707577394696363,7.772456853150997e-17
0.03466346634663466,1.1533440254551547e-05,0.00017044217760822666,7.772456853150997e-17
0.034673467346734675,1.153344025453916e-05,0.00017012719858591923,7.772456853150997e-17
0.03468346834683469,1.153344025457096e-05,0.00016981280132614837,7.772456853150997e-17
0.034693469346934694,1.1533440254565312e-05,0.00016949898475438315,7.772456853150997e-17
0.03470347034703471,1.1533440254558437e-05,0.00016918574779822233,7.772456853150997e-17
0.03471347134713471,1.1533440254598239e-05,0.00016887308938699547,7.772456853150997e-17
0.034723472347234725,1.15334402546048e-05,0.00016856100845223537,7.772456853150997e-17
0.03473347334733473,1.1533440254605627e-05,0.0001682495039272906,7.772456853150997e-17
0.034743474347434744,1.1533440254607321e-05,0.00016793857474751747,7.772456853150997e-17
0.03475347534753476,1.1533440254636974e-05,0.0001676282198503082,7.772456853150997e-17
0.03476347634763476,1.153344025465315e-05,0.00016731843817491582,7.772456853150997e-17
0.034773477347734776,1.1533440254677879e-05,0.00016700922866265608,7.772456853150997e-17
0.03478347834783478,1.1533440254670074e-05,0.0001667005902567793,7.772456853150997e-17
0.034793479347934794,1.1533440254713434e-05,0.00016639252190237214,7.772456853150997e-17
0.03480348034803481,1.153344025471555e-05,0.00016608502254657483,7.772456853150997e-17
0.03481348134813481,1.1533440254725648e-05,0.00016577809113855232,7.772456853150997e-17
0.034823482348234826,1.1533440254714178e-05,0.00016547172662921151,7.772456853150997e-17
0.03483348334833483,1.153344025471799e-05,0.00016516592797158518,7.772456853150997e-17
0.034843484348434844,1.1533440254736881e-05,0.00016486069412043183,7.772456853150997e-17
0.03485348534853486,1.1533440254752445e-05,0.00016455602403258606,7.772456853150997e-17
0.03486348634863486,1.1533440254770334e-05,0.00016425191666683616,7.772456853150997e-17
0.034873487348734876,1.1533440254821315e-05,0.0001639483709838734,7.772456853150997e-17
0.03488348834883488,1.1533440254795533e-05,0.00016364538594620134,7.772456853150997e-17
0.034893489348934895,1.1533440254795498e-05,0.00016334296051831375,7.772456853150997e-17
0.03490349034903491,1.1533440254812237e-05,0.00016304109366669408,7.772456853150997e-17
0.03491349134913491,1.1533440254828227e-05,0.0001627397843595861,7.772456853150997e-17
0.034923492349234926,1.1533440254845391e-05,0.00016243903156718976,7.772456853150997e-17
0.03493349334933493,1.1533440254846066e-05,0.00016213883426174837,7.772456853150997e-17
0.034943494349434945,1.153344025484912e-05,0.00016183919141717667,7.772456853150997e-17
0.03495349534953496,1.1533440254836904e-05,0.00016154010200943603,7.772456853150997e-17
0.034963496349634964,1.1533440254831988e-05,0.0001612415650162746,7.772456853150997e-17
0.034973497349734976,1.1533440254855724e-05,0.00016094357941748278,7.772456853150997e-17
0.03498349834983498,1.1533440254892298e-05,0.00016064614419459514,7.772456853150997e-17
0.034993499349934995,1.1533440254899756e-05,0.00016034925833104615,7.772456853150997e-17
0.03500350035003501,1.153344025489236e-05,0.00016005292081220927,7.772456853150997e-17
0.035013501350135014,1.1533440254880142e-05,0.00015975713062534928,7.772456853150997e-17
0.035023502350235027,1.1533440254876432e-05,0.00015946188675945063,7.772456853150997e-17
0.03503350335033503,1.1533440254875614e-05,0.00015916718820553939,7.772456853150997e-17
0.035043504350435045,1.1533440254852586e-05,0.00015887303395638005,7.772456853150997e-17
0.03505350535053506,1.1533440254873952e-05,0.00015857942300665943,7.772456853150997e-17
0.035063506350635064,1.1533440254922356e-05,0.0001582863543529293,7.772456853150997e-17
0.03507350735073508,1.153344025493176e-05,0.0001579938269935611,7.772456853150997e-17
0.03508350835083508,1.1533440254911787e-05,0.0001577018399288053,7.772456853150997e-17
0.035093509350935095,1.1533440254974305e-05,0.0001574103921606991,7.772456853150997e-17
0.0351035103510351,1.1533440254989575e-05,0.00015711948269321805,7.772456853150997e-17
0.035113511351135114,1.1533440255002494e-05,0.00015682911053219176,7.772456853150997e-17
0.03512351235123513,1.1533440254989152e-05,0.00015653927468506931,7.772456853150997e-17
0.03513351335133513,1.1533440255025791e-05,0.00015624997416137972,7.772456853150997e-17
0.035143514351435146,1.1533440255043565e-05,0.00015596120797234123,7.772456853150997e-17
0.03515351535153515,1.1533440255109462e-05,0.00015567297513106344,7.772456853150997e-17
0.035163516351635164,1.1533440255122971e-05,0.00015538527465246228,7.772456853150997e-17
0.03517351735173518,1.1533440255093142e-05,0.00015509810555332747,7.772456853150997e-17
0.03518351835183518,1.1533440255093943e-05,0.00015481146685214256,7.772456853150997e-17
0.035193519351935196,1.1533440255111866e-05,0.00015452535756921905,7.772456853150997e-17
0.0352035203520352,1.1533440255098663e-05,0.00015423977672679277,7.772456853150997e-17
0.035213521352135214,1.1533440255088663e-05,0.00015395472334879458,7.772456853150997e-17
0.03522352235223523,1.1533440255111412e-05,0.00015367019646109868,7.772456853150997e-17
0.03523352335233523,1.153344025516511e-05,0.00015338619509123682,7.772456853150997e-17
0.035243524352435246,1.1533440255148299e-05,0.00015310271826856635,7.772456853150997e-17
0.03525352535253525,1.1533440255165377e-05,0.00015281976502426676,7.772456853150997e-17
0.035263526352635265,1.153344025516649e-05,0.000152537334391254,7.772456853150997e-17
0.03527352735273528,1.1533440255181313e-05,0.0001522554254043963,7.772456853150997e-17
0.03528352835283528,1.1533440255177952e-05,0.00015197403710011606,7.772456853150997e-17
0.035293529352935296,1.1533440255227791e-05,0.00015169316851671125,7.772456853150997e-17
0.0353035303530353,1.1533440255226277e-05,0.0001514128186942389,7.772456853150997e-17
0.035313531353135315,1.1533440255283343e-05,0.00015113298667462913,7.772456853150997e-17
0.03532353235323533,1.1533440255304656e-05,0.00015085367150153423,7.772456853150997e-17
0.035333533353335334,1.153344025532741e-05,0.00015057487222026994,7.772456853150997e-17
0.035343534353435346,1.1533440255360516e-05,0.0001502965878779518,7.772456853150997e-17
0.03535353535353535,1.15334402553928e-05,0.00015001881752363023,7.772456853150997e-17
0.035363536353635365,1.1533440255403308e-05,0.000149741560207834,7.772456853150997e-17
0.03537353735373538,1.1533440255413873e-05,0.00014946481498304793,7.772456853150997e-17
0.035383538353835384,1.1533440255436556e-05,0.00014918858090345356,7.772456853150997e-17
0.035393539353935397,1.1533440255466924e-05,0.0001489128570249241,7.772456853150997e-17
0.0354035403540354,1.1533440255477381e-05,0.00014863764240523333,7.772456853150997e-17
0.035413541354135415,1.1533440255442318e-05,0.0001483629361036579,7.772456853150997e-17
0.03542354235423543,1.1533440255425247e-05,0.0001480887371814387,7.772456853150997e-17
0.035433543354335434,1.1533440255478405e-05,0.00014781504470138466,7.772456853150997e-17
0.03544354435443545,1.1533440255483107e-05,0.0001475418577281325,7.772456853150997e-17
0.03545354535453545,1.1533440255436241e-05,0.00014726917532805245,7.772456853150997e-17
0.035463546354635465,1.153344025544867e-05,0.00014699699656916987,7.772456853150997e-17
0.03547354735473547,1.1533440255481036e-05,0.00014672532052124065,7.772456853150997e-17
0.035483548354835484,1.153344025547387e-05,0.00014645414625577593,7.772456853150997e-17
0.0354935493549355,1.1533440255508625e-05,0.00014618347284604363,7.772456853150997e-17
0.0355035503550355,1.153344025549132e-05,0.0001459132993668737,7.772456853150997e-17
0.035513551355135516,1.153344025553509e-05,0.00014564362489497018,7.772456853150997e-17
0.03552355235523552,1.1533440255498125e-05,0.00014537444850865728,7.772456853150997e-17
0.035533553355335534,1.1533440255529215e-05,0.00014510576928794492,7.772456853150997e-17
0.03554355435543555,1.1533440255549188e-05,0.00014483758631458877,7.772456853150997e-17
0.03555355535553555,1.1533440255533314e-05,0.00014456989867207425,7.772456853150997e-17
0.035563556355635566,1.1533440255528988e-05,0.00014430270544550403,7.772456853150997e-17
0.03557355735573557,1.1533440255525708e-05,0.00014403600572167845,7.772456853150997e-17
0.035583558355835584,1.1533440255533921e-05,0.00014376979858911237,7.772456853150997e-17
0.0355935593559356,1.1533440255526987e-05,0.00014350408313803254,7.772456853150997e-17
0.0356035603560356,1.1533440255555224e-05,0.00014323885846022404,7.772456853150997e-17
0.035613561356135616,1.1533440255576818e-05,0.00014297412364931028,7.772456853150997e-17
0.03562356235623562,1.1533440255593738e-05,0.00014270987780050124,7.772456853150997e-17
0.035633563356335635,1.1533440255565764e-05,0.00014244612001067494,7.772456853150997e-17
0.03564356435643565,1.153344025558076e-05,0.00014218284937837818,7.772456853150997e-17
0.03565356535653565,1.1533440255596249e-05,0.00014192006500389034,7.772456853150997e-17
0.035663566356635666,1.1533440255619735e-05,0.00014165776598902495,7.772456853150997e-17
0.03567356735673567,1.1533440255633385e-05,0.00014139595143736357,7.772456853150997e-17
0.035683568356835685,1.1533440255672777e-05,0.00014113462045407975,7.772456853150997e-17
0.0356935693569357,1.1533440255694454e-05,0.00014087377214607556,7.772456853150997e-17
0.035703570357035704,1.1533440255726582e-05,0.00014061340562185174,7.772456853150997e-17
0.035713571357135716,1.1533440255732052e-05,0.000140353519991466,7.772456853150997e-17
0.03572357235723572,1.1533440255739313e-05,0.00014009411436686348,7.772456853150997e-17
0.035733573357335735,1.1533440255725564e-05,0.00013983518786142422,7.772456853150997e-17
0.03574357435743575,1.1533440255786164e-05,0.00013957673959016969,7.772456853150997e-17
0.035753575357535754,1.1533440255784404e-05,0.00013931876866984596,7.772456853150997e-17
0.03576357635763577,1.1533440255771902e-05,0.00013906127421878082,7.772456853150997e-17
0.03577357735773577,1.1533440255756275e-05,0.00013880425535694644,7.772456853150997e-17
0.035783578357835785,1.153344025572042e-05,0.00013854771120595458,7.772456853150997e-17
0.0357935793579358,1.153344025571798e-05,0.00013829164088905918,7.772456853150997e-17
0.035803580358035804,1.1533440255765124e-05,0.0001380360435309698,7.772456853150997e-17
0.03581358135813582,1.1533440255759057e-05,0.000137780918258197,7.772456853150997e-17
0.03582358235823582,1.1533440255780677e-05,0.00013752626419883285,7.772456853150997e-17
0.035833583358335835,1.1533440255773652e-05,0.000137272080482502,7.772456853150997e-17
0.03584358435843585,1.1533440255788519e-05,0.0001370183662404986,7.772456853150997e-17
0.035853585358535854,1.1533440255802352e-05,0.0001367651206057983,7.772456853150997e-17
0.03586358635863587,1.1533440255815827e-05,0.0001365123427127818,7.772456853150997e-17
0.03587358735873587,1.1533440255814824e-05,0.00013626003169759965,7.772456853150997e-17
0.035883588358835886,1.1533440255790341e-05,0.0001360081866979003,7.772456853150997e-17
0.03589358935893589,1.1533440255838951e-05,0.00013575680685292316,7.772456853150997e-17
0.035903590359035904,1.1533440255846149e-05,0.00013550589130360412,7.772456853150997e-17
0.03591359135913592,1.1533440255859415e-05,0.0001352554391923067,7.772456853150997e-17
0.03592359235923592,1.1533440255858843e-05,0.00013500544966317133,7.772456853150997e-17
0.035933593359335936,1.1533440255867133e-05,0.00013475592186177587,7.772456853150997e-17
0.03594359435943594,1.153344025587783e-05,0.00013450685493529883,7.772456853150997e-17
0.035953595359535954,1.1533440255882366e-05,0.00013425824803248182,7.772456853150997e-17
0.03596359635963597,1.1533440255918628e-05,0.00013401010030371314,7.772456853150997e-17
0.03597359735973597,1.153344025592695e-05,0.0001337624109008867,7.772456853150997e-17
0.035983598359835986,1.153344025595737e-05,0.0001335151789775105,7.772456853150997e-17
0.03599359935993599,1.1533440255982327e-05,0.00013326840368853025,7.772456853150997e-17
0.036003600360036005,1.153344025600336e-05,0.00013302208419065843,7.772456853150997e-17
0.03601360136013602,1.1533440255997914e-05,0.00013277621964202893,7.772456853150997e-17
0.03602360236023602,1.1533440255996004e-05,0.0001325308092022593,7.772456853150997e-17
0.036033603360336036,1.1533440256042615e-05,0.0001322858520327377,7.772456853150997e-17
0.03604360436043604,1.15334402560525e-05,0.00013204134729623876,7.772456853150997e-17
0.036053605360536055,1.1533440256069408e-05,0.00013179729415710475,7.772456853150997e-17
0.03606360636063607,1.1533440256061172e-05,0.0001315536917812636,7.772456853150997e-17
0.036073607360736074,1.153344025606581e-05,0.00013131053933616995,7.772456853150997e-17
0.036083608360836086,1.1533440256105943e-05,0.00013106783599079768,7.772456853150997e-17
0.03609360936093609,1.1533440256112289e-05,0.00013082558091563,7.772456853150997e-17
0.036103610361036105,1.1533440256135563e-05,0.00013058377328276994,7.772456853150997e-17
0.03611361136113612,1.153344025614491e-05,0.00013034241226574122,7.772456853150997e-17
0.036123612361236124,1.153344025617233e-05,0.00013010149703967754,7.772456853150997e-17
0.03613361336133614,1.1533440256155253e-05,0.00012986102678121654,7.772456853150997e-17
0.03614361436143614,1.1533440256159043e-05,0.00012962100066847297,7.772456853150997e-17
0.036153615361536155,1.1533440256167312e-05,0.0001293814178811745,7.772456853150997e-17
0.03616361636163617,1.1533440256173588e-05,0.00012914227760049696,7.772456853150997e-17
0.036173617361736174,1.1533440256227106e-05,0.00012890357900910947,7.772456853150997e-17
0.03618361836183619,1.1533440256247443e-05,0.00012866532129122887,7.772456853150997e-17
0.03619361936193619,1.15334402562394e-05,0.0001284275036325399,7.772456853150997e-17
0.036203620362036205,1.1533440256254614e-05,0.00012819012522033131,7.772456853150997e-17
0.03621362136213622,1.153344025626115e-05,0.00012795318524322155,7.772456853150997e-17
0.036223622362236224,1.1533440256250824e-05,0.00012771668289144903,7.772456853150997e-17
0.03623362336233624,1.1533440256230262e-05,0.00012748061735679995,7.772456853150997e-17
0.03624362436243624,1.1533440256241115e-05,0.0001272449878324237,7.772456853150997e-17
0.036253625362536256,1.153344025624679e-05,0.0001270097935130026,7.772456853150997e-17
0.03626362636263626,1.1533440256228805e-05,0.00012677503359464823,7.772456853150997e-17
0.036273627362736274,1.1533440256262921e-05,0.00012654070727516166,7.772456853150997e-17
0.03628362836283629,1.1533440256273645e-05,0.00012630681375362521,7.772456853150997e-17
0.03629362936293629,1.1533440256267348e-05,0.00012607335223067994,7.772456853150997e-17
0.036303630363036306,1.1533440256334003e-05,0.0001258403219084662,7.772456853150997e-17
0.03631363136313631,1.153344025635284e-05,0.0001256077219904796,7.772456853150997e-17
0.036323632363236324,1.153344025635375e-05,0.00012537555168185013,7.772456853150997e-17
0.03633363336333634,1.1533440256345377e-05,0.0001251438101890496,7.772456853150997e-17
0.03634363436343634,1.1533440256341001e-05,0.00012491249672011458,7.772456853150997e-17
0.036353635363536356,1.1533440256362836e-05,0.00012468161048436957,7.772456853150997e-17
0.03636363636363636,1.1533440256362819e-05,0.000124451150692827,7.772456853150997e-17
0.036373637363736375,1.153344025638818e-05,0.00012422111655783542,7.772456853150997e-17
0.03638363836383639,1.1533440256412313e-05,0.0001239915072931528,7.772456853150997e-17
0.03639363936393639,1.1533440256398115e-05,0.00012376232211412338,7.772456853150997e-17
0.036403640364036406,1.15334402564036e-05,0.0001235335602373778,7.772456853150997e-17
0.03641364136413641,1.1533440256370686e-05,0.00012330522088122497,7.772456853150997e-17
0.036423642364236425,1.1533440256420537e-05,0.0001230773032651288,7.772456853150997e-17
0.03643364336433644,1.1533440256404822e-05,0.00012284980661020893,7.772456853150997e-17
0.036443644364436444,1.1533440256445012e-05,0.0001226227301388982,7.772456853150997e-17
0.036453645364536456,1.1533440256428742e-05,0.00012239607307521324,7.772456853150997e-17
0.03646364636463646,1.1533440256445145e-05,0.00012216983464446537,7.772456853150997e-17
0.036473647364736475,1.1533440256476824e-05,0.00012194401407343341,7.772456853150997e-17
0.03648364836483649,1.1533440256488732e-05,0.00012171861059032357,7.772456853150997e-17
0.036493649364936494,1.1533440256551756e-05,0.0001214936234248434,7.772456853150997e-17
0.03650365036503651,1.1533440256546374e-05,0.00012126905180800754,7.772456853150997e-17
0.03651365136513651,1.1533440256525198e-05,0.00012104489497233602,7.772456853150997e-17
0.036523652365236525,1.1533440256576869e-05,0.00012082115215168792,7.772456853150997e-17
0.03653365336533654,1.1533440256582002e-05,0.0001205978225814216,7.772456853150997e-17
0.036543654365436544,1.1533440256575387e-05,0.00012037490549823105,7.772456853150997e-17
0.03655365536553656,1.1533440256563108e-05,0.00012015240014030468,7.772456853150997e-17
0.03656365636563656,1.153344025663341e-05,0.0001199303057472026,7.772456853150997e-17
0.036573657365736575,1.1533440256627791e-05,0.00011970862155977443,7.772456853150997e-17
0.03658365836583659,1.1533440256633097e-05,0.00011948734682048162,7.772456853150997e-17
0.036593659365936594,1.1533440256636756e-05,0.00011926648077299218,7.772456853150997e-17
0.03660366036603661,1.153344025665857e-05,0.00011904602266253805,7.772456853150997e-17
0.03661366136613661,1.153344025665808e-05,0.00011882597173556048,7.772456853150997e-17
0.036623662366236626,1.1533440256702093e-05,0.00011860632724012249,7.772456853150997e-17
0.03663366336633663,1.153344025673619e-05,0.00011838708842549847,7.772456853150997e-17
0.036643664366436644,1.1533440256807374e-05,0.00011816825454237447,7.772456853150997e-17
0.03665366536653666,1.1533440256858902e-05,0.00011794982484287608,7.772456853150997e-17
0.03666366636663666,1.1533440256865452e-05,0.00011773179858045342,7.772456853150997e-17
0.036673667366736676,1.1533440256893112e-05,0.00011751417500997242,7.772456853150997e-17
0.03668366836683668,1.1533440256881892e-05,0.00011729695338767081,7.772456853150997e-17
0.036693669366936695,1.1533440256897805e-05,0.00011708013297113838,7.772456853150997e-17
0.03670367036703671,1.1533440256928078e-05,0.00011686371301937913,7.772456853150997e-17
0.03671367136713671,1.1533440256932276e-05,0.00011664769279271197,7.772456853150997e-17
0.036723672367236726,1.1533440256960075e-05,0.0001164320715529547,7.772456853150997e-17
0.03673367336733673,1.153344025693258e-05,0.00011621684856304448,7.772456853150997e-17
0.036743674367436745,1.1533440256971043e-05,0.0001160020230875025,7.772456853150997e-17
0.03675367536753676,1.1533440257015734e-05,0.00011578759439207245,7.772456853150997e-17
0.03676367636763676,1.1533440257010426e-05,0.00011557356174392565,7.772456853150997e-17
0.036773677367736776,1.1533440257032971e-05,0.00011535992441161228,7.772456853150997e-17
0.03678367836783678,1.1533440257025427e-05,0.0001151466816649315,7.772456853150997e-17
0.036793679367936795,1.1533440257032087e-05,0.00011493383277512851,7.772456853150997e-17
0.03680368036803681,1.1533440257032902e-05,0.00011472137701466604,7.772456853150997e-17
0.036813681368136814,1.1533440257050428e-05,0.00011450931365752898,7.772456853150997e-17
0.036823682368236826,1.1533440257087432e-05,0.00011429764197891205,7.772456853150997e-17
0.03683368336833683,1.1533440257067625e-05,0.00011408636125544366,7.772456853150997e-17
0.036843684368436845,1.1533440257069436e-05,0.00011387547076498776,7.772456853150997e-17
0.03685368536853686,1.1533440257063837e-05,0.00011366496978675875,7.772456853150997e-17
0.036863686368636864,1.1533440257106092e-05,0.0001134548576013919,7.772456853150997e-17
0.03687368736873688,1.1533440257117554e-05,0.00011324513349076762,7.772456853150997e-17
0.03688368836883688,1.1533440257100903e-05,0.00011303579673810398,7.772456853150997e-17
0.036893689368936895,1.1533440257080896e-05,0.0001128268466279627,7.772456853150997e-17
0.03690369036903691,1.1533440257048399e-05,0.00011261828244627187,7.772456853150997e-17
0.036913691369136914,1.1533440257034597e-05,0.00011241010348009754,7.772456853150997e-17
0.03692369236923693,1.1533440257056974e-05,0.00011220230901809001,7.772456853150997e-17
0.03693369336933693,1.1533440257074987e-05,0.00011199489835000772,7.772456853150997e-17
0.036943694369436945,1.1533440257036383e-05,0.00011178787076694431,7.772456853150997e-17
0.03695369536953696,1.1533440257025163e-05,0.00011158122556143277,7.772456853150997e-17
0.036963696369636964,1.1533440257048797e-05,0.00011137496202718369,7.772456853150997e-17
0.03697369736973698,1.1533440257075194e-05,0.00011116907945924559,7.772456853150997e-17
0.03698369836983698,1.1533440257078958e-05,0.00011096357715401291,7.772456853150997e-17
0.036993699369936996,1.153344025706562e-05,0.0001107584544091562,7.772456853150997e-17
0.037003700370037,1.1533440257080161e-05,0.0001105537105236059,7.772456853150997e-17
0.037013701370137014,1.15334402571292e-05,0.00011034934479759827,7.772456853150997e-17
0.03702370237023703,1.1533440257111803e-05,0.00011014535653273081,7.772456853150997e-17
0.03703370337033703,1.1533440257112045e-05,0.000109941745031777,7.772456853150997e-17
0.037043704370437046,1.153344025713845e-05,0.00010973850959882325,7.772456853150997e-17
0.03705370537053705,1.1533440257131308e-05,0.0001095356495393484,7.772456853150997e-17
0.037063706370637065,1.1533440257143961e-05,0.0001093331641600108,7.772456853150997e-17
0.03707370737073708,1.1533440257177019e-05,0.00010913105276880764,7.772456853150997e-17
0.03708370837083708,1.1533440257153419e-05,0.00010892931467504176,7.772456853150997e-17
0.037093709370937096,1.1533440257201095e-05,0.00010872794918911872,7.772456853150997e-17
0.0371037103710371,1.1533440257173841e-05,0.00010852695562288498,7.772456853150997e-17
0.037113711371137115,1.1533440257148384e-05,0.00010832633328941158,7.772456853150997e-17
0.03712371237123713,1.1533440257113019e-05,0.0001081260815030351,7.772456853150997e-17
0.03713371337133713,1.153344025709165e-05,0.00010792619957936314,7.772456853150997e-17
0.037143714371437146,1.1533440257076339e-05,0.00010772668683527543,7.772456853150997e-17
0.03715371537153715,1.1533440257111127e-05,0.00010752754258886661,7.772456853150997e-17
0.037163716371637165,1.1533440257109705e-05,0.0001073287661595534,7.772456853150997e-17
0.03717371737173718,1.1533440257128874e-05,0.00010713035686795569,7.772456853150997e-17
0.037183718371837184,1.1533440257137414e-05,0.00010693231403600034,7.772456853150997e-17
0.037193719371937196,1.1533440257139262e-05,0.00010673463698683485,7.772456853150997e-17
0.0372037203720372,1.1533440257185134e-05,0.00010653732504485808,7.772456853150997e-17
0.037213721372137215,1.1533440257237094e-05,0.00010634037753575219,7.772456853150997e-17
0.03722372237223723,1.1533440257233999e-05,0.00010614379378632305,7.772456853150997e-17
0.037233723372337234,1.1533440257191495e-05,0.00010594757312481535,7.772456853150997e-17
0.03724372437243725,1.153344025720577e-05,0.00010575171488056792,7.772456853150997e-17
0.03725372537253725,1.15334402572043e-05,0.00010555621838421901,7.772456853150997e-17
0.037263726372637265,1.1533440257199843e-05,0.00010536108296758675,7.772456853150997e-17
0.03727372737273728,1.1533440257220587e-05,0.00010516630796379462,7.772456853150997e-17
0.037283728372837284,1.1533440257194719e-05,0.00010497189270715318,7.772456853150997e-17
0.0372937293729373,1.1533440257201068e-05,0.00010477783653321832,7.772456853150997e-17
0.0373037303730373,1.1533440257193123e-05,0.00010458413877878084,7.772456853150997e-17
0.037313731373137315,1.1533440257185754e-05,0.00010439079878179217,7.772456853150997e-17
0.03732373237323733,1.1533440257207766e-05,0.00010419781588153146,7.772456853150997e-17
0.037333733373337334,1.1533440257227185e-05,0.00010400518941840123,7.772456853150997e-17
0.03734373437343735,1.1533440257272314e-05,0.00010381291873411709,7.772456853150997e-17
0.03735373537353735,1.1533440257236886e-05,0.00010362100317152033,7.772456853150997e-17
0.037363736373637366,1.1533440257271284e-05,0.00010342944207467811,7.772456853150997e-17
0.03737373737373737,1.153344025727472e-05,0.0001032382347889163,7.772456853150997e-17
0.037383738373837384,1.153344025724569e-05,0.00010304738066078222,7.772456853150997e-17
0.0373937393739374,1.1533440257217041e-05,0.00010285687903799411,7.772456853150997e-17
0.0374037403740374,1.1533440257216555e-05,0.00010266672926946022,7.772456853150997e-17
0.037413741374137416,1.153344025724804e-05,0.00010247693070530201,7.772456853150997e-17
0.03742374237423742,1.1533440257308668e-05,0.00010228748269692089,7.772456853150997e-17
0.037433743374337435,1.1533440257365076e-05,0.00010209838459677058,7.772456853150997e-17
0.03744374437443745,1.1533440257379765e-05,0.00010190963575856075,7.772456853150997e-17
0.03745374537453745,1.1533440257342263e-05,0.00010172123553725387,7.772456853150997e-17
0.037463746374637466,1.1533440257365702e-05,0.00010153318328894274,7.772456853150997e-17
0.03747374737473747,1.1533440257378755e-05,0.00010134547837095335,7.772456853150997e-17
0.037483748374837485,1.1533440257449806e-05,0.00010115812014172458,7.772456853150997e-17
0.0374937493749375,1.1533440257439594e-05,0.00010097110796101377,7.772456853150997e-17
0.0375037503750375,1.1533440257452344e-05,0.0001007844411895701,7.772456853150997e-17
0.037513751375137516,1.1533440257516015e-05,0.00010059811918947138,7.772456853150997e-17
0.03752375237523752,1.15334402574953e-05,0.00010041214132389394,7.772456853150997e-17
0.037533753375337535,1.1533440257456394e-05,0.00010022650695729305,7.772456853150997e-17
0.03754375437543755,1.1533440257445583e-05,0.00010004121545514988,7.772456853150997e-17
0.037553755375537554,1.1533440257477667e-05,9.985626618424243e-05,7.772456853150997e-17
0.037563756375637566,1.1533440257518836e-05,9.967165851248715e-05,7.772456853150997e-17
0.03757375737573757,1.1533440257487926e-05,9.948739180891557e-05,7.772456853150997e-17
0.037583758375837585,1.1533440257505219e-05,9.930346544375357e-05,7.772456853150997e-17
0.0375937593759376,1.1533440257514284e-05,9.911987878847245e-05,7.772456853150997e-17
0.037603760376037604,1.1533440257550605e-05,9.893663121562688e-05,7.772456853150997e-17
0.03761376137613762,1.153344025755865e-05,9.875372209885128e-05,7.772456853150997e-17
0.03762376237623762,1.1533440257528006e-05,9.857115081306049e-05,7.772456853150997e-17
0.037633763376337635,1.1533440257503953e-05,9.838891673428228e-05,7.772456853150997e-17
0.03764376437643765,1.1533440257502087e-05,9.820701923975819e-05,7.772456853150997e-17
0.037653765376537654,1.1533440257502334e-05,9.802545770775884e-05,7.772456853150997e-17
0.03766376637663767,1.153344025752495e-05,9.784423151776575e-05,7.772456853150997e-17
0.03767376737673767,1.1533440257532448e-05,9.76633400503868e-05,7.772456853150997e-17
0.037683768376837685,1.1533440257592973e-05,9.74827826874744e-05,7.772456853150997e-17
0.0376937693769377,1.1533440257605677e-05,9.730255881189621e-05,7.772456853150997e-17
0.037703770377037704,1.153344025758857e-05,9.712266780767e-05,7.772456853150997e-17
0.03771377137713772,1.153344025758124e-05,9.694310906002049e-05,7.772456853150997e-17
0.03772377237723772,1.1533440257608308e-05,9.676388195526829e-05,7.772456853150997e-17
0.037733773377337736,1.1533440257621718e-05,9.65849858808925e-05,7.772456853150997e-17
0.03774377437743774,1.153344025764122e-05,9.640642022544474e-05,7.772456853150997e-17
0.037753775377537754,1.1533440257675257e-05,9.622818437871323e-05,7.772456853150997e-17
0.03776377637763777,1.1533440257630924e-05,9.605027773145455e-05,7.772456853150997e-17
0.03777377737773777,1.1533440257634446e-05,9.5872699675722e-05,7.772456853150997e-17
0.037783778377837786,1.1533440257672039e-05,9.569544960457874e-05,7.772456853150997e-17
0.03779377937793779,1.1533440257695568e-05,9.551852691219059e-05,7.772456853150997e-17
0.037803780378037805,1.1533440257749849e-05,9.534193099400947e-05,7.772456853150997e-17
0.03781378137813782,1.1533440257779681e-05,9.516566124637241e-05,7.772456853150997e-17
0.03782378237823782,1.1533440257786364e-05,9.49897170668611e-05,7.772456853150997e-17
0.037833783378337836,1.1533440257781121e-05,9.481409785420935e-05,7.772456853150997e-17
0.03784378437843784,1.1533440257828608e-05,9.463880300826756e-05,7.772456853150997e-17
0.037853785378537855,1.153344025786032e-05,9.446383192978749e-05,7.772456853150997e-17
0.03786378637863787,1.1533440257850183e-05,9.428918402083801e-05,7.772456853150997e-17
0.03787378737873787,1.1533440257870656e-05,9.411485868449635e-05,7.772456853150997e-17
0.037883788378837886,1.1533440257896792e-05,9.394085532508159e-05,7.772456853150997e-17
0.03789378937893789,1.1533440257901037e-05,9.376717334778006e-05,7.772456853150997e-17
0.037903790379037905,1.1533440257920938e-05,9.359381215911085e-05,7.772456853150997e-17
0.03791379137913792,1.1533440257915701e-05,9.342077116648084e-05,7.772456853150997e-17
0.037923792379237924,1.1533440257918383e-05,9.32480497785458e-05,7.772456853150997e-17
0.037933793379337936,1.1533440257945278e-05,9.307564740495302e-05,7.772456853150997e-17
0.03794379437943794,1.1533440257980637e-05,9.290356345654244e-05,7.772456853150997e-17
0.037953795379537955,1.1533440258010706e-05,9.273179734517225e-05,7.772456853150997e-17
0.03796379637963797,1.1533440258034191e-05,9.256034848375148e-05,7.772456853150997e-17
0.037973797379737974,1.1533440258007625e-05,9.238921628640366e-05,7.772456853150997e-17
0.03798379837983799,1.153344025800232e-05,9.221840016820673e-05,7.772456853150997e-17
0.03799379937993799,1.1533440257994304e-05,9.204789954541122e-05,7.772456853150997e-17
0.038003800380038005,1.1533440257966986e-05,9.187771383526561e-05,7.772456853150997e-17
0.03801380138013802,1.1533440258004641e-05,9.170784245609198e-05,7.772456853150997e-17
0.038023802380238024,1.1533440258001994e-05,9.153828482740048e-05,7.772456853150997e-17
0.03803380338033804,1.153344025797454e-05,9.13690403696726e-05,7.772456853150997e-17
0.03804380438043804,1.1533440257999434e-05,9.120010850444453e-05,7.772456853150997e-17
0.038053805380538056,1.153344025801657e-05,9.103148865440718e-05,7.772456853150997e-17
0.03806380638063807,1.1533440258075924e-05,9.086318024323077e-05,7.772456853150997e-17
0.038073807380738074,1.1533440258113338e-05,9.069518269565849e-05,7.772456853150997e-17
0.03808380838083809,1.1533440258191993e-05,9.052749543763872e-05,7.772456853150997e-17
0.03809380938093809,1.153344025818528e-05,9.036011789604383e-05,7.772456853150997e-17
0.038103810381038106,1.1533440258187064e-05,9.019304949878321e-05,7.772456853150997e-17
0.03811381138113812,1.153344025819104e-05,9.002628967489873e-05,7.772456853150997e-17
0.038123812381238124,1.1533440258181558e-05,8.98598378544692e-05,7.772456853150997e-17
0.03813381338133814,1.1533440258188661e-05,8.969369346856997e-05,7.772456853150997e-17
0.03814381438143814,1.153344025825137e-05,8.952785594942763e-05,7.772456853150997e-17
0.038153815381538156,1.1533440258262106e-05,8.936232473027396e-05,7.772456853150997e-17
0.03816381638163816,1.1533440258261313e-05,8.91970992453212e-05,7.772456853150997e-17
0.038173817381738175,1.1533440258282482e-05,8.903217892989209e-05,7.772456853150997e-17
0.03818381838183819,1.153344025831408e-05,8.886756322031015e-05,7.772456853150997e-17
0.03819381938193819,1.153344025828978e-05,8.870325155402058e-05,7.772456853150997e-17
0.038203820382038206,1.1533440258251235e-05,8.853924336943077e-05,7.772456853150997e-17
0.03821382138213821,1.1533440258267162e-05,8.837553810606896e-05,7.772456853150997e-17
0.038223822382238225,1.1533440258265502e-05,8.821213520442562e-05,7.772456853150997e-17
0.03823382338233824,1.1533440258198819e-05,8.80490341060191e-05,7.772456853150997e-17
0.03824382438243824,1.1533440258235732e-05,8.78862342534163e-05,7.772456853150997e-17
0.038253825382538256,1.1533440258248773e-05,8.772373509021641e-05,7.772456853150997e-17
0.03826382638263826,1.1533440258245268e-05,8.756153606105759e-05,7.772456853150997e-17
0.038273827382738275,1.1533440258256175e-05,8.739963661165187e-05,7.772456853150997e-17
0.03828382838283829,1.153344025826276e-05,8.723803618860743e-05,7.772456853150997e-17
0.038293829382938294,1.1533440258245873e-05,8.707673423965844e-05,7.772456853150997e-17
0.038303830383038306,1.1533440258268816e-05,8.691573021349865e-05,7.772456853150997e-17
0.03831383138313831,1.1533440258241792e-05,8.675502355992115e-05,7.772456853150997e-17
0.038323832383238325,1.1533440258238258e-05,8.659461372963907e-05,7.772456853150997e-17
0.03833383338333834,1.1533440258257704e-05,8.643450017440739e-05,7.772456853150997e-17
0.038343834383438344,1.1533440258274028e-05,8.627468234701577e-05,7.772456853150997e-17
0.03835383538353836,1.153344025828554e-05,8.611515970125766e-05,7.772456853150997e-17
0.03836383638363836,1.1533440258287149e-05,8.595593169205024e-05,7.772456853150997e-17
0.038373837383738375,1.1533440258296612e-05,8.579699777507037e-05,7.772456853150997e-17
0.03838383838383839,1.153344025827643e-05,8.563835740715862e-05,7.772456853150997e-17
0.038393839383938394,1.1533440258249097e-05,8.548001004620827e-05,7.772456853150997e-17
0.03840384038403841,1.1533440258269146e-05,8.532195515088496e-05,7.772456853150997e-17
0.03841384138413841,1.1533440258315823e-05,8.516419218111764e-05,7.772456853150997e-17
0.038423842384238426,1.1533440258335406e-05,8.500672059773531e-05,7.772456853150997e-17
0.03843384338433844,1.1533440258373972e-05,8.484953986253051e-05,7.772456853150997e-17
0.038443844384438444,1.153344025841426e-05,8.46926494382969e-05,7.772456853150997e-17
0.03845384538453846,1.15334402584167e-05,8.453604878882596e-05,7.772456853150997e-17
0.03846384638463846,1.1533440258456152e-05,8.437973737896747e-05,7.772456853150997e-17
0.038473847384738476,1.1533440258462258e-05,8.422371467437007e-05,7.772456853150997e-17
0.03848384838483849,1.1533440258444787e-05,8.406798014189413e-05,7.772456853150997e-17
0.038493849384938494,1.1533440258453335e-05,8.391253324927733e-05,7.772456853150997e-17
0.03850385038503851,1.1533440258482116e-05,8.375737346521737e-05,7.772456853150997e-17
0.03851385138513851,1.1533440258451333e-05,8.36025002594309e-05,7.772456853150997e-17
0.038523852385238526,1.1533440258500305e-05,8.344791310272044e-05,7.772456853150997e-17
0.03853385338533853,1.1533440258519985e-05,8.329361146667587e-05,7.772456853150997e-17
0.038543854385438545,1.1533440258483518e-05,8.313959482391948e-05,7.772456853150997e-17
0.03855385538553856,1.1533440258539594e-05,8.298586264810867e-05,7.772456853150997e-17
0.03856385638563856,1.1533440258577949e-05,8.28324144137609e-05,7.772456853150997e-17
0.038573857385738576,1.153344025854077e-05,8.267924959656855e-05,7.772456853150997e-17
0.03858385838583858,1.153344025852706e-05,8.252636767299145e-05,7.772456853150997e-17
0.038593859385938595,1.153344025852332e-05,8.237376812051096e-05,7.772456853150997e-17
0.03860386038603861,1.1533440258499654e-05,8.222145041770118e-05,7.772456853150997e-17
0.03861386138613861,1.1533440258533686e-05,8.206941404385953e-05,7.772456853150997e-17
0.038623862386238626,1.1533440258493376e-05,8.191765847936913e-05,7.772456853150997e-17
0.03863386338633863,1.15334402585368e-05,8.176618320566601e-05,7.772456853150997e-17
0.038643864386438645,1.1533440258543119e-05,8.161498770497539e-05,7.772456853150997e-17
0.03865386538653866,1.1533440258574932e-05,8.146407146062238e-05,7.772456853150997e-17
0.038663866386638664,1.1533440258550063e-05,8.131343395677965e-05,7.772456853150997e-17
0.038673867386738676,1.1533440258563968e-05,8.116307467865192e-05,7.772456853150997e-17
0.03868386838683868,1.1533440258589928e-05,8.101299311238623e-05,7.772456853150997e-17
0.038693869386938695,1.1533440258591972e-05,8.086318874501138e-05,7.772456853150997e-17
0.03870387038703871,1.1533440258617656e-05,8.071366106452362e-05,7.772456853150997e-17
0.038713871387138714,1.1533440258657602e-05,8.056440955992566e-05,7.772456853150997e-17
0.03872387238723873,1.153344025870004e-05,8.041543372110929e-05,7.772456853150997e-17
0.03873387338733873,1.1533440258691087e-05,8.026673303886257e-05,7.772456853150997e-17
0.038743874387438745,1.1533440258662097e-05,8.011830700507644e-05,7.772456853150997e-17
0.03875387538753876,1.1533440258683066e-05,7.997015511242038e-05,7.772456853150997e-17
0.038763876387638764,1.153344025872473e-05,7.982227685455684e-05,7.772456853150997e-17
0.03877387738773878,1.153344025875072e-05,7.967467172615923e-05,7.772456853150997e-17
0.03878387838783878,1.1533440258791135e-05,7.952733922266175e-05,7.772456853150997e-17
0.038793879387938796,1.1533440258806788e-05,7.938027884056296e-05,7.772456853150997e-17
0.03880388038803881,1.1533440258828405e-05,7.923349007725327e-05,7.772456853150997e-17
0.038813881388138814,1.1533440258813488e-05,7.908697243107519e-05,7.772456853150997e-17
0.03882388238823883,1.1533440258833087e-05,7.894072540127542e-05,7.772456853150997e-17
0.03883388338833883,1.1533440258859086e-05,7.879474848803077e-05,7.772456853150997e-17
0.038843884388438846,1.1533440258858827e-05,7.864904119245696e-05,7.772456853150997e-17
0.03885388538853886,1.1533440258833643e-05,7.850360301653021e-05,7.772456853150997e-17
0.038863886388638864,1.1533440258799495e-05,7.835843346317423e-05,7.772456853150997e-17
0.03887388738873888,1.1533440258786844e-05,7.82135320362816e-05,7.772456853150997e-17
0.03888388838883888,1.1533440258819499e-05,7.806889824062175e-05,7.772456853150997e-17
0.038893889388938896,1.1533440258862438e-05,7.79245315819257e-05,7.772456853150997e-17
0.0389038903890389,1.1533440258856638e-05,7.778043156676151e-05,7.772456853150997e-17
0.038913891389138915,1.1533440258847768e-05,7.763659770266351e-05,7.772456853150997e-17
0.03892389238923893,1.1533440258895932e-05,7.749302949798477e-05,7.772456853150997e-17
0.03893389338933893,1.1533440258883804e-05,7.734972646206014e-05,7.772456853150997e-17
0.038943894389438946,1.1533440258931065e-05,7.72066881051832e-05,7.772456853150997e-17
0.03895389538953895,1.1533440258949446e-05,7.706391393848506e-05,7.772456853150997e-17
0.038963896389638965,1.153344025896331e-05,7.69214034739788e-05,7.772456853150997e-17
0.03897389738973898,1.1533440259012279e-05,7.677915622461332e-05,7.772456853150997e-17
0.038983898389838983,1.1533440259038726e-05,7.663717170430181e-05,7.772456853150997e-17
0.038993899389938996,1.1533440259065889e-05,7.649544942768946e-05,7.772456853150997e-17
0.039003900390039,1.1533440259083152e-05,7.63539889104343e-05,7.772456853150997e-17
0.039013901390139015,1.1533440259093175e-05,7.621278966914688e-05,7.772456853150997e-17
0.03902390239023903,1.1533440259082145e-05,7.607185122121146e-05,7.772456853150997e-17
0.039033903390339034,1.1533440259134451e-05,7.593117308493762e-05,7.772456853150997e-17
0.039043904390439046,1.1533440259142024e-05,7.579075477952105e-05,7.772456853150997e-17
0.03905390539053905,1.1533440259157538e-05,7.565059582506376e-05,7.772456853150997e-17
0.039063906390639065,1.1533440259166838e-05,7.551069574256226e-05,7.772456853150997e-17
0.03907390739073908,1.153344025918876e-05,7.537105405385424e-05,7.772456853150997e-17
0.039083908390839084,1.153344025921302e-05,7.523167028171141e-05,7.772456853150997e-17
0.0390939093909391,1.1533440259223346e-05,7.509254394977145e-05,7.772456853150997e-17
0.0391039103910391,1.1533440259265416e-05,7.495367458255315e-05,7.772456853150997e-17
0.039113911391139115,1.1533440259254903e-05,7.481506170539619e-05,7.772456853150997e-17
0.03912391239123913,1.1533440259287768e-05,7.467670484463882e-05,7.772456853150997e-17
0.039133913391339134,1.1533440259297e-05,7.453860352733058e-05,7.772456853150997e-17
0.03914391439143915,1.1533440259322611e-05,7.4400757281518e-05,7.772456853150997e-17
0.03915391539153915,1.1533440259367106e-05,7.426316563612891e-05,7.772456853150997e-17
0.039163916391639166,1.15334402593837e-05,7.412582812090463e-05,7.772456853150997e-17
0.03917391739173918,1.1533440259441347e-05,7.398874426643562e-05,7.772456853150997e-17
0.039183918391839184,1.1533440259446754e-05,7.385191360429705e-05,7.772456853150997e-17
0.0391939193919392,1.1533440259498343e-05,7.371533566676937e-05,7.772456853150997e-17
0.0392039203920392,1.1533440259503173e-05,7.357900998704973e-05,7.772456853150997e-17
0.039213921392139216,1.1533440259515874e-05,7.344293609932351e-05,7.772456853150997e-17
0.03922392239223923,1.153344025953256e-05,7.330711353847771e-05,7.772456853150997e-17
0.039233923392339234,1.1533440259574522e-05,7.317154184026749e-05,7.772456853150997e-17
0.03924392439243925,1.153344025961049e-05,7.303622054139034e-05,7.772456853150997e-17
0.03925392539253925,1.1533440259622705e-05,7.290114917934317e-05,7.772456853150997e-17
0.039263926392639266,1.1533440259633238e-05,7.276632729252983e-05,7.772456853150997e-17
0.03927392739273927,1.1533440259606315e-05,7.263175442017741e-05,7.772456853150997e-17
0.039283928392839285,1.1533440259619664e-05,7.249743010234712e-05,7.772456853150997e-17
0.0392939293929393,1.1533440259599652e-05,7.23633538799681e-05,7.772456853150997e-17
0.0393039303930393,1.153344025958383e-05,7.222952529476637e-05,7.772456853150997e-17
0.039313931393139316,1.1533440259569276e-05,7.209594388938373e-05,7.772456853150997e-17
0.03932393239323932,1.1533440259568501e-05,7.196260920732724e-05,7.772456853150997e-17
0.039333933393339335,1.1533440259587045e-05,7.18295207929025e-05,7.772456853150997e-17
0.03934393439343935,1.1533440259611263e-05,7.169667819116806e-05,7.772456853150997e-17
0.039353935393539353,1.1533440259620123e-05,7.156408094816692e-05,7.772456853150997e-17
0.039363936393639366,1.1533440259631992e-05,7.143172861076146e-05,7.772456853150997e-17
0.03937393739373937,1.1533440259615098e-05,7.129962072651752e-05,7.772456853150997e-17
0.039383938393839385,1.1533440259580085e-05,7.116775684396633e-05,7.772456853150997e-17
0.0393939393939394,1.1533440259602063e-05,7.103613651246969e-05,7.772456853150997e-17
0.039403940394039404,1.153344025958924e-05,7.090475928222834e-05,7.772456853150997e-17
0.039413941394139416,1.1533440259619972e-05,7.077362470410761e-05,7.772456853150997e-17
0.03942394239423942,1.153344025962657e-05,7.064273233006705e-05,7.772456853150997e-17
0.039433943394339435,1.1533440259658165e-05,7.051208171269616e-05,7.772456853150997e-17
0.03944394439443945,1.1533440259683327e-05,7.038167240550556e-05,7.772456853150997e-17
0.039453945394539454,1.1533440259677033e-05,7.025150396279332e-05,7.772456853150997e-17
0.03946394639463947,1.1533440259664153e-05,7.012157593968101e-05,7.772456853150997e-17
0.03947394739473947,1.153344025966893e-05,6.999188789201354e-05,7.772456853150997e-17
0.039483948394839485,1.153344025970485e-05,6.9862439376653e-05,7.772456853150997e-17
0.0394939493949395,1.1533440259761503e-05,6.973322995120286e-05,7.772456853150997e-17
0.039503950395039504,1.1533440259751078e-05,6.960425917407522e-05,7.772456853150997e-17
0.03951395139513952,1.1533440259798755e-05,6.947552660445837e-05,7.772456853150997e-17
0.03952395239523952,1.1533440259810436e-05,6.934703180237002e-05,7.772456853150997e-17
0.039533953395339536,1.1533440259818246e-05,6.921877432869711e-05,7.772456853150997e-17
0.03954395439543955,1.1533440259817919e-05,6.909075374506795e-05,7.772456853150997e-17
0.039553955395539554,1.1533440259816835e-05,6.896296961394173e-05,7.772456853150997e-17
0.03956395639563957,1.1533440259852005e-05,6.883542149861691e-05,7.772456853150997e-17
0.03957395739573957,1.1533440259809332e-05,6.870810896313335e-05,7.772456853150997e-17
0.039583958395839586,1.1533440259811305e-05,6.858103157242485e-05,7.772456853150997e-17
0.0395939593959396,1.1533440259833784e-05,6.84541888921782e-05,7.772456853150997e-17
0.039603960396039604,1.1533440259866984e-05,6.832758048885009e-05,7.772456853150997e-17
0.03961396139613962,1.1533440259852263e-05,6.820120592976778e-05,7.772456853150997e-17
0.03962396239623962,1.1533440259899944e-05,6.80750647830099e-05,7.772456853150997e-17
0.039633963396339636,1.1533440259912354e-05,6.794915661749601e-05,7.772456853150997e-17
0.03964396439643964,1.1533440259900366e-05,6.782348100285963e-05,7.772456853150997e-17
0.039653965396539655,1.153344025990843e-05,6.769803750964436e-05,7.772456853150997e-17
0.03966396639663967,1.1533440259926058e-05,6.757282570908891e-05,7.772456853150997e-17
0.03967396739673967,1.1533440259933313e-05,6.74478451732719e-05,7.772456853150997e-17
0.039683968396839686,1.1533440259924284e-05,6.732309547500525e-05,7.772456853150997e-17
0.03969396939693969,1.1533440259961882e-05,6.719857618799408e-05,7.772456853150997e-17
0.039703970397039705,1.1533440259933424e-05,6.707428688664731e-05,7.772456853150997e-17
0.03971397139713972,1.1533440259929968e-05,6.695022714615623e-05,7.772456853150997e-17
0.039723972397239724,1.153344025995532e-05,6.682639654257228e-05,7.772456853150997e-17
0.039733973397339736,1.153344025995793e-05,6.67027946526376e-05,7.772456853150997e-17
0.03974397439743974,1.1533440259969824e-05,6.657942105395597e-05,7.772456853150997e-17
0.039753975397539755,1.1533440259954235e-05,6.645627532488709e-05,7.772456853150997e-17
0.03976397639763977,1.1533440259978845e-05,6.633335704454606e-05,7.772456853150997e-17
0.039773977397739774,1.1533440259980388e-05,6.621066579284175e-05,7.772456853150997e-17
0.039783978397839787,1.1533440259992294e-05,6.608820115039417e-05,7.772456853150997e-17
0.03979397939793979,1.1533440260008572e-05,6.59659626986959e-05,7.772456853150997e-17
0.039803980398039805,1.1533440259994012e-05,6.584395002001543e-05,7.772456853150997e-17
0.03981398139813982,1.1533440260020404e-05,6.572216269731224e-05,7.772456853150997e-17
0.039823982398239824,1.1533440260044981e-05,6.560060031440846e-05,7.772456853150997e-17
0.03983398339833984,1.1533440260022376e-05,6.547926245577208e-05,7.772456853150997e-17
0.03984398439843984,1.1533440260052815e-05,6.53581487067527e-05,7.772456853150997e-17
0.039853985398539855,1.153344026008543e-05,6.523725865336973e-05,7.772456853150997e-17
0.03986398639863987,1.153344026011679e-05,6.511659188247456e-05,7.772456853150997e-17
0.039873987398739874,1.153344026012025e-05,6.499614798170432e-05,7.772456853150997e-17
0.03988398839883989,1.1533440260162819e-05,6.487592653941433e-05,7.772456853150997e-17
0.03989398939893989,1.153344026011965e-05,6.475592714476862e-05,7.772456853150997e-17
0.039903990399039906,1.1533440260160205e-05,6.463614938752622e-05,7.772456853150997e-17
0.03991399139913992,1.1533440260191662e-05,6.451659285843856e-05,7.772456853150997e-17
0.039923992399239924,1.1533440260193513e-05,6.439725714891447e-05,7.772456853150997e-17
0.03993399339933994,1.1533440260218335e-05,6.427814185095084e-05,7.772456853150997e-17
0.03994399439943994,1.153344026024538e-05,6.415924655754282e-05,7.772456853150997e-17
0.039953995399539956,1.1533440260286313e-05,6.404057086236143e-05,7.772456853150997e-17
0.03996399639963997,1.1533440260292555e-05,6.392211435979685e-05,7.772456853150997e-17
0.039973997399739974,1.1533440260298678e-05,6.380387664498075e-05,7.772456853150997e-17
0.03998399839983999,1.153344026028501e-05,6.368585731384495e-05,7.772456853150997e-17
0.03999399939993999,1.1533440260317788e-05,6.35680559630369e-05,7.772456853150997e-17
0.040004000400040006,1.1533440260322512e-05,6.345047218993654e-05,7.772456853150997e-17
0.04001400140014002,1.1533440260339547e-05,6.33331055927036e-05,7.772456853150997e-17
0.040024002400240025,1.1533440260348378e-05,6.321595577017372e-05,7.772456853150997e-17
0.04003400340034004,1.1533440260332893e-05,6.309902232205816e-05,7.772456853150997e-17
0.04004400440044004,1.1533440260350277e-05,6.298230484857333e-05,7.772456853150997e-17
0.040054005400540056,1.1533440260375507e-05,6.286580295092424e-05,7.772456853150997e-17
0.04006400640064006,1.153344026032758e-05,6.27495162309572e-05,7.772456853150997e-17
0.040074007400740075,1.1533440260353149e-05,6.263344429113219e-05,7.772456853150997e-17
0.04008400840084009,1.1533440260362746e-05,6.251758673485283e-05,7.772456853150997e-17
0.040094009400940094,1.1533440260386308e-05,6.240194316609202e-05,7.772456853150997e-17
0.040104010401040106,1.1533440260404557e-05,6.228651318963938e-05,7.772456853150997e-17
0.04011401140114011,1.1533440260414899e-05,6.217129641102895e-05,7.772456853150997e-17
0.040124012401240125,1.1533440260449716e-05,6.205629243643991e-05,7.772456853150997e-17
0.04013401340134014,1.1533440260443625e-05,6.194150087284686e-05,7.772456853150997e-17
0.040144014401440144,1.1533440260404914e-05,6.182692132786579e-05,7.772456853150997e-17
0.040154015401540157,1.1533440260420042e-05,6.17125534100078e-05,7.772456853150997e-17
0.04016401640164016,1.1533440260444345e-05,6.159839672837506e-05,7.772456853150997e-17
0.040174017401740175,1.1533440260428448e-05,6.148445089284277e-05,7.772456853150997e-17
0.04018401840184019,1.1533440260435275e-05,6.137071551389567e-05,7.772456853150997e-17
0.040194019401940194,1.1533440260438753e-05,6.125719020286831e-05,7.772456853150997e-17
0.04020402040204021,1.153344026038821e-05,6.114387457176236e-05,7.772456853150997e-17
0.04021402140214021,1.1533440260455848e-05,6.103076823323686e-05,7.772456853150997e-17
0.040224022402240225,1.1533440260462228e-05,6.0917870800836956e-05,7.772456853150997e-17
0.04023402340234024,1.1533440260459192e-05,6.0805181888698125e-05,7.772456853150997e-17
0.040244024402440244,1.153344026046459e-05,6.0692701111628716e-05,7.772456853150997e-17
0.04025402540254026,1.1533440260453204e-05,6.0580428085227286e-05,7.772456853150997e-17
0.04026402640264026,1.1533440260426805e-05,6.046836242578156e-05,7.772456853150997e-17
0.040274027402740276,1.1533440260481696e-05,6.035650375030332e-05,7.772456853150997e-17
0.04028402840284029,1.1533440260510085e-05,6.024485167652598e-05,7.772456853150997e-17
0.040294029402940294,1.1533440260476985e-05,6.013340582281471e-05,7.772456853150997e-17
0.04030403040304031,1.1533440260515354e-05,6.002216580829839e-05,7.772456853150997e-17
0.04031403140314031,1.1533440260505821e-05,5.991113125273165e-05,7.772456853150997e-17
0.040324032403240326,1.1533440260526589e-05,5.980030177671719e-05,7.772456853150997e-17
0.04033403340334034,1.1533440260484207e-05,5.9689677001430065e-05,7.772456853150997e-17
0.040344034403440344,1.1533440260515779e-05,5.95792565488159e-05,7.772456853150997e-17
0.04035403540354036,1.1533440260520951e-05,5.946904004146517e-05,7.772456853150997e-17
0.04036403640364036,1.1533440260539183e-05,5.935902710271306e-05,7.772456853150997e-17
0.040374037403740376,1.1533440260529872e-05,5.924921735658488e-05,7.772456853150997e-17
0.04038403840384039,1.1533440260501124e-05,5.913961042776881e-05,7.772456853150997e-17
0.040394039403940395,1.1533440260509748e-05,5.903020594161305e-05,7.772456853150997e-17
0.04040404040404041,1.1533440260490707e-05,5.8921003524253975e-05,7.772456853150997e-17
0.04041404140414041,1.1533440260530555e-05,5.8812002802528045e-05,7.772456853150997e-17
0.040424042404240426,1.1533440260553999e-05,5.8703203403867036e-05,7.772456853150997e-17
0.04043404340434043,1.1533440260557421e-05,5.85946049563874e-05,7.772456853150997e-17
0.040444044404440445,1.1533440260648956e-05,5.8486207088966013e-05,7.772456853150997e-17
0.04045404540454046,1.1533440260703566e-05,5.837800943117435e-05,7.772456853150997e-17
0.040464046404640464,1.1533440260740663e-05,5.827001161313237e-05,7.772456853150997e-17
0.040474047404740476,1.1533440260783777e-05,5.816221326584784e-05,7.772456853150997e-17
0.04048404840484048,1.1533440260799452e-05,5.805461402086913e-05,7.772456853150997e-17
0.040494049404940495,1.1533440260766397e-05,5.7947213510371925e-05,7.772456853150997e-17
0.04050405040504051,1.1533440260783967e-05,5.7840011367350985e-05,7.772456853150997e-17
0.040514051405140514,1.1533440260824312e-05,5.773300722545488e-05,7.772456853150997e-17
0.04052405240524053,1.1533440260844806e-05,5.7626200718954126e-05,7.772456853150997e-17
0.04053405340534053,1.1533440260882024e-05,5.7519591482871094e-05,7.772456853150997e-17
0.040544054405440545,1.1533440260878778e-05,5.741317915277237e-05,7.772456853150997e-17
0.04055405540554056,1.1533440260877284e-05,5.7306963364961395e-05,7.772456853150997e-17
0.040564056405640564,1.1533440260872651e-05,5.720094375650372e-05,7.772456853150997e-17
0.04057405740574058,1.1533440260863813e-05,5.709511996498519e-05,7.772456853150997e-17
0.04058405840584058,1.1533440260878482e-05,5.6989491628772346e-05,7.772456853150997e-17
0.040594059405940595,1.1533440260861438e-05,5.688405838682077e-05,7.772456853150997e-17
0.04060406040604061,1.1533440260865023e-05,5.6778819878883335e-05,7.772456853150997e-17
0.040614061406140614,1.1533440260862458e-05,5.6673775745194675e-05,7.772456853150997e-17
0.04062406240624063,1.1533440260873701e-05,5.6568925626838704e-05,7.772456853150997e-17
0.04063406340634063,1.1533440260915363e-05,5.6464269165361996e-05,7.772456853150997e-17
0.040644064406440646,1.1533440260953432e-05,5.635980600320334e-05,7.772456853150997e-17
0.04065406540654066,1.1533440260958457e-05,5.6255535783285654e-05,7.772456853150997e-17
0.040664066406640664,1.1533440260939653e-05,5.615145814922946e-05,7.772456853150997e-17
0.04067406740674068,1.153344026090866e-05,5.604757274534848e-05,7.772456853150997e-17
0.04068406840684068,1.1533440260941455e-05,5.5943879216574386e-05,7.772456853150997e-17
0.040694069406940696,1.1533440260930708e-05,5.584037720857107e-05,7.772456853150997e-17
0.04070407040704071,1.1533440260946236e-05,5.5737066367530014e-05,7.772456853150997e-17
0.040714071407140714,1.153344026094589e-05,5.563394634041984e-05,7.772456853150997e-17
0.04072407240724073,1.1533440260978337e-05,5.553101677478474e-05,7.772456853150997e-17
0.04073407340734073,1.1533440260952077e-05,5.5428277318828944e-05,7.772456853150997e-17
0.040744074407440746,1.1533440260965814e-05,5.5325727621418185e-05,7.772456853150997e-17
0.04075407540754076,1.153344026097424e-05,5.522336733215251e-05,7.772456853150997e-17
0.040764076407640765,1.1533440261027304e-05,5.512119610111969e-05,7.772456853150997e-17
0.04077407740774078,1.1533440261078939e-05,5.501921357918934e-05,7.772456853150997e-17
0.04078407840784078,1.1533440261074148e-05,5.491741941772718e-05,7.772456853150997e-17
0.040794079407940796,1.1533440261124985e-05,5.481581326889538e-05,7.772456853150997e-17
0.0408040804080408,1.1533440261125367e-05,5.471439478540448e-05,7.772456853150997e-17
0.040814081408140815,1.1533440261121618e-05,5.461316362070861e-05,7.772456853150997e-17
0.04082408240824083,1.153344026114968e-05,5.45121194287708e-05,7.772456853150997e-17
0.040834083408340834,1.1533440261157557e-05,5.4411261864262294e-05,7.772456853150997e-17
0.040844084408440846,1.1533440261140622e-05,5.4310590582495106e-05,7.772456853150997e-17
0.04085408540854085,1.1533440261162428e-05,5.421010523937919e-05,7.772456853150997e-17
0.040864086408640865,1.153344026119252e-05,5.410980549152847e-05,7.772456853150997e-17
0.04087408740874088,1.1533440261191874e-05,5.4009690996143284e-05,7.772456853150997e-17
0.040884088408840884,1.1533440261165868e-05,5.390976141103605e-05,7.772456853150997e-17
0.0408940894089409,1.1533440261198291e-05,5.381001639475571e-05,7.772456853150997e-17
0.0409040904090409,1.1533440261203678e-05,5.3710455606321475e-05,7.772456853150997e-17
0.040914091409140915,1.1533440261210692e-05,5.361107870547275e-05,7.772456853150997e-17
0.04092409240924093,1.1533440261228413e-05,5.3511885352602195e-05,7.772456853150997e-17
0.040934093409340934,1.1533440261210026e-05,5.341287520870916e-05,7.772456853150997e-17
0.04094409440944095,1.153344026124796e-05,5.3314047935352205e-05,7.772456853150997e-17
0.04095409540954095,1.1533440261256674e-05,5.3215403194812753e-05,7.772456853150997e-17
0.040964096409640965,1.1533440261308346e-05,5.3116940649957365e-05,7.772456853150997e-17
0.04097409740974098,1.153344026128963e-05,5.301865996428625e-05,7.772456853150997e-17
0.040984098409840984,1.1533440261302105e-05,5.2920560801910255e-05,7.772456853150997e-17
0.040994099409941,1.1533440261276526e-05,5.2822642827523e-05,7.772456853150997e-17
0.041004100410041,1.1533440261303418e-05,5.272490570644917e-05,7.772456853150997e-17
0.041014101410141016,1.1533440261346274e-05,5.2627349104723126e-05,7.772456853150997e-17
0.04102410241024103,1.1533440261314263e-05,5.2529972688911924e-05,7.772456853150997e-17
0.041034103410341034,1.153344026136329e-05,5.2432776126134276e-05,7.772456853150997e-17
0.04104410441044105,1.1533440261373901e-05,5.2335759084308803e-05,7.772456853150997e-17
0.04105410541054105,1.1533440261387513e-05,5.223892123178983e-05,7.772456853150997e-17
0.041064106410641066,1.1533440261414825e-05,5.2142262237692326e-05,7.772456853150997e-17
0.04107410741074108,1.1533440261445039e-05,5.204578177159563e-05,7.772456853150997e-17
0.041084108410841085,1.1533440261436597e-05,5.194947950378687e-05,7.772456853150997e-17
0.0410941094109411,1.1533440261464959e-05,5.18533551051703e-05,7.772456853150997e-17
0.0411041104110411,1.1533440261465559e-05,5.1757408247196674e-05,7.772456853150997e-17
0.041114111411141116,1.1533440261434395e-05,5.166163860195966e-05,7.772456853150997e-17
0.04112411241124113,1.153344026146734e-05,5.1566045842110666e-05,7.772456853150997e-17
0.041134113411341135,1.1533440261461703e-05,5.1470629640971774e-05,7.772456853150997e-17
0.04114411441144115,1.1533440261489852e-05,5.1375389672413696e-05,7.772456853150997e-17
0.04115411541154115,1.153344026151881e-05,5.128032561097499e-05,7.772456853150997e-17
0.041164116411641166,1.1533440261541692e-05,5.118543713174422e-05,7.772456853150997e-17
0.04117411741174117,1.1533440261552825e-05,5.10907239104351e-05,7.772456853150997e-17
0.041184118411841185,1.1533440261511299e-05,5.0996185623347894e-05,7.772456853150997e-17
0.0411941194119412,1.1533440261509269e-05,5.0901821947352614e-05,7.772456853150997e-17
0.041204120412041204,1.1533440261539257e-05,5.080763256001546e-05,7.772456853150997e-17
0.041214121412141216,1.1533440261575294e-05,5.071361713933582e-05,7.772456853150997e-17
0.04122412241224122,1.1533440261550172e-05,5.061977536403403e-05,7.772456853150997e-17
0.041234123412341235,1.153344026161789e-05,5.0526106913359266e-05,7.772456853150997e-17
0.04124412441244125,1.1533440261607906e-05,5.043261146722313e-05,7.772456853150997e-17
0.041254125412541254,1.1533440261623915e-05,5.033928870608863e-05,7.772456853150997e-17
0.04126412641264127,1.1533440261659235e-05,5.024613831098773e-05,7.772456853150997e-17
0.04127412741274127,1.153344026166624e-05,5.0153159963514466e-05,7.772456853150997e-17
0.041284128412841285,1.1533440261703514e-05,5.006035334604598e-05,7.772456853150997e-17
0.0412941294129413,1.153344026170301e-05,4.9967718141250715e-05,7.772456853150997e-17
0.041304130413041304,1.153344026176267e-05,4.987525403265551e-05,7.772456853150997e-17
0.04131413141314132,1.1533440261802381e-05,4.978296070412736e-05,7.772456853150997e-17
0.04132413241324132,1.1533440261771685e-05,4.969083784033148e-05,7.772456853150997e-17
0.041334133413341335,1.1533440261782563e-05,4.959888512639972e-05,7.772456853150997e-17
0.04134413441344135,1.15334402617851e-05,4.950710224803348e-05,7.772456853150997e-17
0.041354135413541354,1.1533440261783804e-05,4.941548889154647e-05,7.772456853150997e-17
0.04136413641364137,1.1533440261791865e-05,4.932404474387168e-05,7.772456853150997e-17
0.04137413741374137,1.1533440261786206e-05,4.923276949249739e-05,7.772456853150997e-17
0.041384138413841386,1.153344026181857e-05,4.9141662825469095e-05,7.772456853150997e-17
0.0413941394139414,1.1533440261792773e-05,4.90507244313841e-05,7.772456853150997e-17
0.041404140414041404,1.1533440261786191e-05,4.8959953999382486e-05,7.772456853150997e-17
0.04141414141414142,1.1533440261791451e-05,4.8869351219326e-05,7.772456853150997e-17
0.04142414241424142,1.153344026180029e-05,4.877891578154786e-05,7.772456853150997e-17
0.041434143414341436,1.153344026183105e-05,4.868864737698214e-05,7.772456853150997e-17
0.04144414441444145,1.1533440261804042e-05,4.859854569699962e-05,7.772456853150997e-17
0.041454145414541455,1.1533440261854538e-05,4.8508610433866267e-05,7.772456853150997e-17
0.04146414641464147,1.1533440261815907e-05,4.8418841280041246e-05,7.772456853150997e-17
0.04147414741474147,1.1533440261793759e-05,4.8329237928781126e-05,7.772456853150997e-17
0.041484148414841486,1.1533440261784045e-05,4.8239800073918104e-05,7.772456853150997e-17
0.0414941494149415,1.1533440261824918e-05,4.8150527409702416e-05,7.772456853150997e-17
0.041504150415041505,1.1533440261850478e-05,4.8061419631008984e-05,7.772456853150997e-17
0.04151415141514152,1.153344026185299e-05,4.797247643337524e-05,7.772456853150997e-17
0.04152415241524152,1.1533440261893222e-05,4.788369751274453e-05,7.772456853150997e-17
0.041534153415341536,1.1533440261932482e-05,4.7795082565791185e-05,7.772456853150997e-17
0.04154415441544154,1.1533440261945527e-05,4.770663128957325e-05,7.772456853150997e-17
0.041554155415541555,1.1533440261931966e-05,4.7618343381840036e-05,7.772456853150997e-17
0.04156415641564157,1.1533440261986301e-05,4.753021854081713e-05,7.772456853150997e-17
0.041574157415741574,1.1533440261970682e-05,4.744225646532017e-05,7.772456853150997e-17
0.041584158415841586,1.1533440261977045e-05,4.735445685473549e-05,7.772456853150997e-17
0.04159415941594159,1.1533440261933168e-05,4.7266819409068746e-05,7.772456853150997e-17
0.041604160416041605,1.1533440261990292e-05,4.717934382874374e-05,7.772456853150997e-17
0.04161416141614162,1.1533440261971402e-05,4.70920298147807e-05,7.772456853150997e-17
0.041624162416241624,1.1533440262046632e-05,4.700487706872841e-05,7.772456853150997e-17
0.04163416341634164,1.153344026204301e-05,4.691788529280403e-05,7.772456853150997e-17
0.04164416441644164,1.1533440262103281e-05,4.6831054189633086e-05,7.772456853150997e-17
0.041654165416541655,1.1533440262152323e-05,4.674438346253828e-05,7.772456853150997e-17
0.04166416641664167,1.1533440262188224e-05,4.665787281527121e-05,7.772456853150997e-17
0.041674167416741674,1.153344026218717e-05,4.657152195210042e-05,7.772456853150997e-17
0.04168416841684169,1.1533440262223572e-05,4.6485330577988106e-05,7.772456853150997e-17
0.04169416941694169,1.1533440262237514e-05,4.6399298398338056e-05,7.772456853150997e-17
0.041704170417041705,1.153344026223886e-05,4.631342511910748e-05,7.772456853150997e-17
0.04171417141714172,1.1533440262267834e-05,4.622771044680851e-05,7.772456853150997e-17
0.041724172417241724,1.1533440262249434e-05,4.614215408854001e-05,7.772456853150997e-17
0.04173417341734174,1.1533440262253516e-05,4.605675575184797e-05,7.772456853150997e-17
0.04174417441744174,1.153344026225309e-05,4.597151514483426e-05,7.772456853150997e-17
0.041754175417541756,1.1533440262274577e-05,4.588643197629335e-05,7.772456853150997e-17
0.04176417641764177,1.1533440262293271e-05,4.580150595536512e-05,7.772456853150997e-17
0.041774177417741774,1.1533440262264543e-05,4.571673679175456e-05,7.772456853150997e-17
0.04178417841784179,1.1533440262281926e-05,4.5632124195792884e-05,7.772456853150997e-17
0.04179417941794179,1.1533440262278888e-05,4.554766787835534e-05,7.772456853150997e-17
0.041804180418041806,1.1533440262294335e-05,4.546336755072627e-05,7.772456853150997e-17
0.04181418141814182,1.1533440262352992e-05,4.5379222924816804e-05,7.772456853150997e-17
0.041824182418241825,1.1533440262344564e-05,4.529523371300212e-05,7.772456853150997e-17
0.04183418341834184,1.1533440262366448e-05,4.52113996283003e-05,7.772456853150997e-17
0.04184418441844184,1.1533440262371953e-05,4.5127720384177404e-05,7.772456853150997e-17
0.041854185418541856,1.1533440262316978e-05,4.5044195694627804e-05,7.772456853150997e-17
0.04186418641864187,1.1533440262325043e-05,4.496082527427494e-05,7.772456853150997e-17
0.041874187418741875,1.1533440262294821e-05,4.487760883804803e-05,7.772456853150997e-17
0.04188418841884189,1.153344026234096e-05,4.4794546101625365e-05,7.772456853150997e-17
0.04189418941894189,1.1533440262344533e-05,4.471163678108005e-05,7.772456853150997e-17
0.041904190419041906,1.1533440262413875e-05,4.462888059310202e-05,7.772456853150997e-17
0.04191419141914191,1.1533440262436631e-05,4.454627725482326e-05,7.772456853150997e-17
0.041924192419241925,1.1533440262397652e-05,4.446382648391656e-05,7.772456853150997e-17
0.04193419341934194,1.1533440262401486e-05,4.438152799861698e-05,7.772456853150997e-17
0.041944194419441944,1.1533440262430133e-05,4.4299381517687936e-05,7.772456853150997e-17
0.041954195419541956,1.153344026243399e-05,4.4217386760319226e-05,7.772456853150997e-17
0.04196419641964196,1.1533440262478437e-05,4.4135543446313134e-05,7.772456853150997e-17
0.041974197419741975,1.1533440262462904e-05,4.40538512959586e-05,7.772456853150997e-17
0.04198419841984199,1.1533440262487404e-05,4.397231003001542e-05,7.772456853150997e-17
0.041994199419941994,1.153344026248416e-05,4.389091936983322e-05,7.772456853150997e-17
0.04200420042004201,1.1533440262457428e-05,4.38096790372649e-05,7.772456853150997e-17
0.04201420142014201,1.1533440262425562e-05,4.372858875463619e-05,7.772456853150997e-17
0.042024202420242025,1.1533440262409826e-05,4.364764824481465e-05,7.772456853150997e-17
0.04203420342034204,1.1533440262426741e-05,4.35668572311757e-05,7.772456853150997e-17
0.042044204420442044,1.153344026240945e-05,4.3486215437569094e-05,7.772456853150997e-17
0.04205420542054206,1.1533440262445105e-05,4.340572258841864e-05,7.772456853150997e-17
0.04206420642064206,1.153344026250062e-05,4.332537840860065e-05,7.772456853150997e-17
0.042074207420742075,1.1533440262547677e-05,4.324518262356449e-05,7.772456853150997e-17
0.04208420842084209,1.1533440262575148e-05,4.316513495918948e-05,7.772456853150997e-17
0.042094209420942094,1.1533440262588362e-05,4.3085235141927595e-05,7.772456853150997e-17
0.04210421042104211,1.1533440262624488e-05,4.300548289869716e-05,7.772456853150997e-17
0.04211421142114211,1.1533440262648078e-05,4.292587795693892e-05,7.772456853150997e-17
0.042124212421242126,1.1533440262653824e-05,4.284642004452277e-05,7.772456853150997e-17
0.04213421342134214,1.1533440262670517e-05,4.276710888998061e-05,7.772456853150997e-17
0.042144214421442144,1.1533440262701622e-05,4.268794422217162e-05,7.772456853150997e-17
0.04215421542154216,1.1533440262719305e-05,4.2608925770608064e-05,7.772456853150997e-17
0.04216421642164216,1.153344026274776e-05,4.253005326518271e-05,7.772456853150997e-17
0.042174217421742176,1.1533440262776649e-05,4.2451326436370255e-05,7.772456853150997e-17
0.04218421842184219,1.153344026273387e-05,4.2372745015053325e-05,7.772456853150997e-17
0.042194219421942195,1.1533440262745158e-05,4.229430873272953e-05,7.772456853150997e-17
0.04220422042204221,1.1533440262766242e-05,4.22160173212542e-05,7.772456853150997e-17
0.04221422142214221,1.1533440262762661e-05,4.213787051312451e-05,7.772456853150997e-17
0.042224222422242226,1.1533440262778484e-05,4.205986804122611e-05,7.772456853150997e-17
0.04223422342234224,1.1533440262810935e-05,4.198200963899693e-05,7.772456853150997e-17
0.042244224422442245,1.1533440262807598e-05,4.190429504033549e-05,7.772456853150997e-17
0.04225422542254226,1.1533440262800432e-05,4.182672397963661e-05,7.772456853150997e-17
0.04226422642264226,1.1533440262810259e-05,4.174929619175341e-05,7.772456853150997e-17
0.042274227422742276,1.1533440262793427e-05,4.167201141210129e-05,7.772456853150997e-17
0.04228422842284229,1.1533440262799917e-05,4.159486937649979e-05,7.772456853150997e-17
0.042294229422942295,1.1533440262755075e-05,4.151786982136287e-05,7.772456853150997e-17
0.04230423042304231,1.1533440262777816e-05,4.1441012483516606e-05,7.772456853150997e-17
0.042314231423142314,1.1533440262847037e-05,4.136429710025895e-05,7.772456853150997e-17
0.042324232423242326,1.1533440262836446e-05,4.1287723409390936e-05,7.772456853150997e-17
0.04233423342334233,1.1533440262831811e-05,4.1211291149233455e-05,7.772456853150997e-17
0.042344234423442345,1.153344026287058e-05,4.113500005855963e-05,7.772456853150997e-17
0.04235423542354236,1.1533440262881828e-05,4.105884987663606e-05,7.772456853150997e-17
0.042364236423642364,1.1533440262895892e-05,4.098284034321591e-05,7.772456853150997e-17
0.04237423742374238,1.1533440262897117e-05,4.090697119850315e-05,7.772456853150997e-17
0.04238423842384238,1.1533440262899579e-05,4.083124218318071e-05,7.772456853150997e-17
0.042394239423942395,1.15334402629144e-05,4.075565303849449e-05,7.772456853150997e-17
0.04240424042404241,1.153344026293264e-05,4.068020350607063e-05,7.772456853150997e-17
0.042414241424142414,1.1533440262926658e-05,4.0604893328076334e-05,7.772456853150997e-17
0.04242424242424243,1.1533440262939754e-05,4.052972224712575e-05,7.772456853150997e-17
0.04243424342434243,1.1533440262928937e-05,4.0454690006202196e-05,7.772456853150997e-17
0.042444244424442445,1.1533440262930619e-05,4.037979634896722e-05,7.772456853150997e-17
0.04245424542454246,1.1533440262929479e-05,4.030504101946395e-05,7.772456853150997e-17
0.042464246424642464,1.153344026292076e-05,4.023042376217581e-05,7.772456853150997e-17
0.04247424742474248,1.1533440262933462e-05,4.015594432208566e-05,7.772456853150997e-17
0.04248424842484248,1.1533440262932762e-05,4.0081602444628e-05,7.772456853150997e-17
0.042494249424942496,1.1533440262915677e-05,4.0007397875738424e-05,7.772456853150997e-17
0.04250425042504251,1.1533440262915815e-05,3.9933330361816013e-05,7.772456853150997e-17
0.042514251425142514,1.153344026293802e-05,3.985939964976326e-05,7.772456853150997e-17
0.04252425242524253,1.153344026293411e-05,3.978560548686063e-05,7.772456853150997e-17
0.04253425342534253,1.153344026292701e-05,3.9711947620926545e-05,7.772456853150997e-17
0.042544254425442546,1.1533440262968033e-05,3.9638425800177746e-05,7.772456853150997e-17
0.04255425542554256,1.1533440262934043e-05,3.956503977335209e-05,7.772456853150997e-17
0.042564256425642565,1.153344026289913e-05,3.9491789289707965e-05,7.772456853150997e-17
0.04257425742574258,1.1533440262923482e-05,3.941867409884446e-05,7.772456853150997e-17
0.04258425842584258,1.1533440262931902e-05,3.934569395085292e-05,7.772456853150997e-17
0.042594259425942596,1.1533440262896142e-05,3.927284859632276e-05,7.772456853150997e-17
0.04260426042604261,1.153344026285932e-05,3.920013778631809e-05,7.772456853150997e-17
0.042614261426142615,1.1533440262881327e-05,3.912756127234786e-05,7.772456853150997e-17
0.04262426242624263,1.1533440262863995e-05,3.905511880631121e-05,7.772456853150997e-17
0.04263426342634263,1.1533440262871559e-05,3.898281014065866e-05,7.772456853150997e-17
0.042644264426442646,1.1533440262834662e-05,3.891063502829607e-05,7.772456853150997e-17
0.04265426542654266,1.1533440262838398e-05,3.883859322253269e-05,7.772456853150997e-17
0.042664266426642665,1.1533440262855023e-05,3.8766684477105496e-05,7.772456853150997e-17
0.04267426742674268,1.153344026286395e-05,3.86949085463295e-05,7.772456853150997e-17
0.042684268426842684,1.153344026284872e-05,3.8623265184805734e-05,7.772456853150997e-17
0.042694269426942696,1.1533440262897463e-05,3.855175414777242e-05,7.772456853150997e-17
0.0427042704270427,1.1533440262896075e-05,3.848037519078901e-05,7.772456853150997e-17
0.042714271427142715,1.1533440262936999e-05,3.840912806983371e-05,7.772456853150997e-17
0.04272427242724273,1.1533440262991092e-05,3.833801254155861e-05,7.772456853150997e-17
0.042734273427342734,1.1533440263007594e-05,3.826702836277446e-05,7.772456853150997e-17
0.04274427442744275,1.1533440263002034e-05,3.819617529094982e-05,7.772456853150997e-17
0.04275427542754275,1.1533440263017415e-05,3.812545308391651e-05,7.772456853150997e-17
0.042764276427642765,1.1533440263028897e-05,3.805486149994438e-05,7.772456853150997e-17
0.04277427742774278,1.1533440263055919e-05,3.7984400297824396e-05,7.772456853150997e-17
0.042784278427842784,1.1533440263074086e-05,3.791406923671577e-05,7.772456853150997e-17
0.0427942794279428,1.153344026310703e-05,3.7843868076250866e-05,7.772456853150997e-17
0.0428042804280428,1.1533440263133677e-05,3.7773796576489075e-05,7.772456853150997e-17
0.042814281428142816,1.153344026315673e-05,3.770385449802325e-05,7.772456853150997e-17
0.04282428242824283,1.1533440263135056e-05,3.763404160171785e-05,7.772456853150997e-17
0.042834283428342834,1.1533440263163465e-05,3.75643576490401e-05,7.772456853150997e-17
0.04284428442844285,1.153344026325715e-05,3.749480240178104e-05,7.772456853150997e-17
0.04285428542854285,1.153344026324433e-05,3.742537562225409e-05,7.772456853150997e-17
0.042864286428642866,1.1533440263202061e-05,3.735607707316033e-05,7.772456853150997e-17
0.04287428742874288,1.1533440263222698e-05,3.728690651767621e-05,7.772456853150997e-17
0.042884288428842884,1.1533440263192157e-05,3.721786371941057e-05,7.772456853150997e-17
0.0428942894289429,1.1533440263222535e-05,3.714894844238506e-05,7.772456853150997e-17
0.0429042904290429,1.1533440263214008e-05,3.708016045100566e-05,7.772456853150997e-17
0.042914291429142916,1.153344026322989e-05,3.701149951030955e-05,7.772456853150997e-17
0.04292429242924293,1.1533440263277723e-05,3.694296538553738e-05,7.772456853150997e-17
0.042934293429342935,1.153344026328687e-05,3.687455784248974e-05,7.772456853150997e-17
0.04294429442944295,1.1533440263289644e-05,3.680627664736741e-05,7.772456853150997e-17
0.04295429542954295,1.1533440263298335e-05,3.673812156685894e-05,7.772456853150997e-17
0.042964296429642966,1.153344026334025e-05,3.6670092368016704e-05,7.772456853150997e-17
0.04297429742974298,1.1533440263333065e-05,3.660218881826119e-05,7.772456853150997e-17
0.042984298429842985,1.153344026334289e-05,3.653441068553078e-05,7.772456853150997e-17
0.042994299429943,1.1533440263322575e-05,3.646675773822013e-05,7.772456853150997e-17
0.043004300430043,1.1533440263355457e-05,3.63992297451013e-05,7.772456853150997e-17
0.043014301430143016,1.1533440263377127e-05,3.6331826475444114e-05,7.772456853150997e-17
0.04302430243024303,1.1533440263397939e-05,3.626454769881893e-05,7.772456853150997e-17
0.043034303430343035,1.1533440263408075e-05,3.619739318530668e-05,7.772456853150997e-17
0.04304430443044305,1.1533440263398706e-05,3.6130362705384954e-05,7.772456853150997e-17
0.043054305430543054,1.153344026336909e-05,3.60634560299738e-05,7.772456853150997e-17
0.043064306430643066,1.1533440263381671e-05,3.599667293040991e-05,7.772456853150997e-17
0.04307430743074307,1.1533440263412567e-05,3.593001317841531e-05,7.772456853150997e-17
0.043084308430843085,1.153344026344559e-05,3.586347654625082e-05,7.772456853150997e-17
0.0430943094309431,1.1533440263468331e-05,3.5797062806411306e-05,7.772456853150997e-17
0.043104310431043104,1.1533440263501877e-05,3.573077173200442e-05,7.772456853150997e-17
0.04311431143114312,1.1533440263513242e-05,3.566460309637282e-05,7.772456853150997e-17
0.04312431243124312,1.1533440263497215e-05,3.559855667350359e-05,7.772456853150997e-17
0.043134313431343135,1.1533440263552848e-05,3.553263223762576e-05,7.772456853150997e-17
0.04314431443144315,1.1533440263623948e-05,3.546682956331524e-05,7.772456853150997e-17
0.043154315431543154,1.1533440263607815e-05,3.5401148425790784e-05,7.772456853150997e-17
0.04316431643164317,1.1533440263599638e-05,3.533558860057016e-05,7.772456853150997e-17
0.04317431743174317,1.153344026363412e-05,3.5270149863585625e-05,7.772456853150997e-17
0.043184318431843186,1.1533440263670211e-05,3.520483199117291e-05,7.772456853150997e-17
0.0431943194319432,1.1533440263678226e-05,3.513963476009536e-05,7.772456853150997e-17
0.043204320432043204,1.1533440263742776e-05,3.507455794750444e-05,7.772456853150997e-17
0.04321432143214322,1.1533440263745114e-05,3.5009601331108906e-05,7.772456853150997e-17
0.04322432243224322,1.1533440263738262e-05,3.494476468873918e-05,7.772456853150997e-17
0.043234323432343236,1.1533440263778328e-05,3.488004779898592e-05,7.772456853150997e-17
0.04324432443244325,1.1533440263786725e-05,3.4815450440516996e-05,7.772456853150997e-17
0.043254325432543254,1.1533440263751428e-05,3.475097239261567e-05,7.772456853150997e-17
0.04326432643264327,1.153344026375817e-05,3.468661343492628e-05,7.772456853150997e-17
0.04327432743274327,1.1533440263776409e-05,3.462237334748648e-05,7.772456853150997e-17
0.043284328432843286,1.1533440263778567e-05,3.455825191068874e-05,7.772456853150997e-17
0.0432943294329433,1.153344026384484e-05,3.449424890550902e-05,7.772456853150997e-17
0.043304330433043305,1.1533440263831552e-05,3.4430364113088544e-05,7.772456853150997e-17
0.04331433143314332,1.1533440263846292e-05,3.4366597315126515e-05,7.772456853150997e-17
0.04332433243324332,1.1533440263823739e-05,3.4302948293688e-05,7.772456853150997e-17
0.043334333433343336,1.1533440263823295e-05,3.423941683124042e-05,7.772456853150997e-17
0.04334433443344335,1.153344026384935e-05,3.417600271067587e-05,7.772456853150997e-17
0.043354335433543355,1.1533440263864476e-05,3.411270571523828e-05,7.772456853150997e-17
0.04336433643364337,1.1533440263876785e-05,3.4049525628653286e-05,7.772456853150997e-17
0.043374337433743373,1.153344026385865e-05,3.398646223491733e-05,7.772456853150997e-17
0.043384338433843386,1.1533440263864385e-05,3.392351531854661e-05,7.772456853150997e-17
0.0433943394339434,1.1533440263882091e-05,3.386068466444621e-05,7.772456853150997e-17
0.043404340434043405,1.1533440263887377e-05,3.379797005777183e-05,7.772456853150997e-17
0.04341434143414342,1.1533440263905801e-05,3.373537128420944e-05,7.772456853150997e-17
0.043424342434243424,1.1533440263898834e-05,3.367288812986877e-05,7.772456853150997e-17
0.043434343434343436,1.1533440263897096e-05,3.361052038118629e-05,7.772456853150997e-17
0.04344434443444344,1.1533440263919562e-05,3.354826782498806e-05,7.772456853150997e-17
0.043454345434543455,1.1533440263915825e-05,3.3486130248472114e-05,7.772456853150997e-17
0.04346434643464347,1.1533440263910977e-05,3.342410743938404e-05,7.772456853150997e-17
0.043474347434743474,1.1533440263902896e-05,3.336219918570577e-05,7.772456853150997e-17
0.04348434843484349,1.1533440263888674e-05,3.3300405275858727e-05,7.772456853150997e-17
0.04349434943494349,1.1533440263903731e-05,3.3238725498587485e-05,7.772456853150997e-17
0.043504350435043505,1.1533440263935973e-05,3.317715964314058e-05,7.772456853150997e-17
0.04351435143514352,1.1533440263914648e-05,3.311570749912148e-05,7.772456853150997e-17
0.043524352435243524,1.1533440263931795e-05,3.3054368856487724e-05,7.772456853150997e-17
0.04353435343534354,1.1533440263948217e-05,3.299314350561083e-05,7.772456853150997e-17
0.04354435443544354,1.1533440263920159e-05,3.293203123727496e-05,7.772456853150997e-17
0.043554355435543556,1.1533440263941924e-05,3.287103184256535e-05,7.772456853150997e-17
0.04356435643564357,1.1533440263971624e-05,3.281014511303707e-05,7.772456853150997e-17
0.043574357435743574,1.1533440263953928e-05,3.2749370840522354e-05,7.772456853150997e-17
0.04358435843584359,1.1533440263971058e-05,3.268870881744951e-05,7.772456853150997e-17
0.04359435943594359,1.1533440263955534e-05,3.262815883635414e-05,7.772456853150997e-17
0.043604360436043606,1.1533440263989566e-05,3.256772069037672e-05,7.772456853150997e-17
0.04361436143614362,1.1533440263959117e-05,3.2507394173015075e-05,7.772456853150997e-17
0.043624362436243624,1.1533440263946252e-05,3.244717907797082e-05,7.772456853150997e-17
0.04363436343634364,1.153344026393958e-05,3.238707519954623e-05,7.772456853150997e-17
0.04364436443644364,1.1533440263988668e-05,3.2327082332260046e-05,7.772456853150997e-17
0.043654365436543656,1.1533440264037795e-05,3.22672002711219e-05,7.772456853150997e-17
0.04366436643664367,1.1533440264054674e-05,3.220742881140608e-05,7.772456853150997e-17
0.043674367436743675,1.153344026407248e-05,3.2147767748888636e-05,7.772456853150997e-17
0.04368436843684369,1.1533440264113965e-05,3.2088216879654984e-05,7.772456853150997e-17
0.04369436943694369,1.1533440264144543e-05,3.2028776000186186e-05,7.772456853150997e-17
0.043704370437043706,1.153344026417795e-05,3.196944490729663e-05,7.772456853150997e-17
0.04371437143714372,1.1533440264204502e-05,3.191022339823204e-05,7.772456853150997e-17
0.043724372437243725,1.1533440264241457e-05,3.185111127059565e-05,7.772456853150997e-17
0.04373437343734374,1.1533440264263309e-05,3.179210832237523e-05,7.772456853150997e-17
0.043744374437443743,1.153344026427018e-05,3.173321435194439e-05,7.772456853150997e-17
0.043754375437543756,1.153344026427891e-05,3.1674429157954306e-05,7.772456853150997e-17
0.04376437643764377,1.1533440264277137e-05,3.161575253951915e-05,7.772456853150997e-17
0.043774377437743775,1.153344026430461e-05,3.155718429611929e-05,7.772456853150997e-17
0.04378437843784379,1.1533440264350194e-05,3.1498724227598894e-05,7.772456853150997e-17
0.043794379437943794,1.1533440264384234e-05,3.144037213413901e-05,7.772456853150997e-17
0.043804380438043806,1.153344026441898e-05,3.138212781627807e-05,7.772456853150997e-17
0.04381438143814381,1.1533440264416735e-05,3.132399107503562e-05,7.772456853150997e-17
0.043824382438243825,1.1533440264433215e-05,3.12659617116131e-05,7.772456853150997e-17
0.04383438343834384,1.153344026442611e-05,3.120803952780497e-05,7.772456853150997e-17
0.043844384438443844,1.1533440264415092e-05,3.115022432554785e-05,7.772456853150997e-17
0.04385438543854386,1.1533440264417684e-05,3.1092515907300306e-05,7.772456853150997e-17
0.04386438643864386,1.1533440264383628e-05,3.103491407582752e-05,7.772456853150997e-17
0.043874387438743875,1.1533440264437103e-05,3.0977418634283115e-05,7.772456853150997e-17
0.04388438843884389,1.1533440264483793e-05,3.0920029386162485e-05,7.772456853150997e-17
0.043894389438943894,1.1533440264461211e-05,3.086274613530399e-05,7.772456853150997e-17
0.04390439043904391,1.1533440264480935e-05,3.080556868592772e-05,7.772456853150997e-17
0.04391439143914391,1.1533440264479837e-05,3.074849684256621e-05,7.772456853150997e-17
0.043924392439243926,1.1533440264519517e-05,3.0691530410296076e-05,7.772456853150997e-17
0.04393439343934394,1.1533440264529468e-05,3.0634669194342516e-05,7.772456853150997e-17
0.043944394439443944,1.1533440264577082e-05,3.0577913000422534e-05,7.772456853150997e-17
0.04395439543954396,1.1533440264587189e-05,3.0521261634499515e-05,7.772456853150997e-17
0.04396439643964396,1.1533440264591246e-05,3.0464714902964574e-05,7.772456853150997e-17
0.043974397439743976,1.1533440264575162e-05,3.040827261259383e-05,7.772456853150997e-17
0.04398439843984399,1.1533440264590316e-05,3.0351934570440718e-05,7.772456853150997e-17
0.043994399439943994,1.1533440264559177e-05,3.0295700584011628e-05,7.772456853150997e-17
0.04400440044004401,1.1533440264593345e-05,3.023957046105591e-05,7.772456853150997e-17
0.04401440144014401,1.1533440264590431e-05,3.0183544009819084e-05,7.772456853150997e-17
0.044024402440244026,1.1533440264618754e-05,3.0127621038765598e-05,7.772456853150997e-17
0.04403440344034404,1.1533440264598883e-05,3.0071801356817998e-05,7.772456853150997e-17
0.044044404440444045,1.1533440264640111e-05,3.0016084773167468e-05,7.772456853150997e-17
0.04405440544054406,1.1533440264672195e-05,2.996047109734022e-05,7.772456853150997e-17
0.04406440644064406,1.153344026468095e-05,2.9904960139339115e-05,7.772456853150997e-17
0.044074407440744076,1.1533440264654131e-05,2.9849551709481446e-05,7.772456853150997e-17
0.04408440844084409,1.1533440264695067e-05,2.9794245618319123e-05,7.772456853150997e-17
0.044094409440944095,1.1533440264718126e-05,2.9739041676820067e-05,7.772456853150997e-17
0.04410441044104411,1.153344026476852e-05,2.968393969638158e-05,7.772456853150997e-17
0.044114411441144114,1.1533440264758277e-05,2.9628939488648513e-05,7.772456853150997e-17
0.044124412441244126,1.153344026474548e-05,2.95740408656457e-05,7.772456853150997e-17
0.04413441344134414,1.1533440264797293e-05,2.951924363978667e-05,7.772456853150997e-17
0.044144414441444145,1.1533440264796185e-05,2.9464547623724665e-05,7.772456853150997e-17
0.04415441544154416,1.1533440264806794e-05,2.940995263057944e-05,7.772456853150997e-17
0.044164416441644164,1.1533440264795943e-05,2.9355458473744042e-05,7.772456853150997e-17
0.044174417441744177,1.1533440264836125e-05,2.930106496694651e-05,7.772456853150997e-17
0.04418441844184419,1.1533440264850807e-05,2.924677192437564e-05,7.772456853150997e-17
0.044194419441944195,1.153344026488283e-05,2.9192579160374357e-05,7.772456853150997e-17
0.04420442044204421,1.1533440264892398e-05,2.913848648979177e-05,7.772456853150997e-17
0.044214421442144214,1.1533440264908661e-05,2.9084493727718165e-05,7.772456853150997e-17
0.04422442244224423,1.1533440264903398e-05,2.9030600689616722e-05,7.772456853150997e-17
0.04423442344234423,1.1533440264946095e-05,2.8976807191377983e-05,7.772456853150997e-17
0.044244424442444245,1.1533440264941936e-05,2.892311304908318e-05,7.772456853150997e-17
0.04425442544254426,1.1533440264943025e-05,2.8869518079276925e-05,7.772456853150997e-17
0.044264426442644264,1.1533440264905944e-05,2.881602209873345e-05,7.772456853150997e-17
0.04427442744274428,1.1533440264860552e-05,2.8762624924649985e-05,7.772456853150997e-17
0.04428442844284428,1.1533440264858944e-05,2.8709326374503147e-05,7.772456853150997e-17
0.044294429442944296,1.1533440264851873e-05,2.8656126266161533e-05,7.772456853150997e-17
0.04430443044304431,1.1533440264848408e-05,2.8603024417739908e-05,7.772456853150997e-17
0.044314431443144314,1.1533440264875529e-05,2.8550020647888387e-05,7.772456853150997e-17
0.04432443244324433,1.1533440264882554e-05,2.8497114775367984e-05,7.772456853150997e-17
0.04433443344334433,1.1533440264885232e-05,2.844430661933973e-05,7.772456853150997e-17
0.044344434443444346,1.1533440264867006e-05,2.8391595999368025e-05,7.772456853150997e-17
0.04435443544354436,1.1533440264851426e-05,2.8338982735271522e-05,7.772456853150997e-17
0.044364436443644364,1.1533440264874753e-05,2.8286466647327537e-05,7.772456853150997e-17
0.04437443744374438,1.15334402649201e-05,2.8234047555935892e-05,7.772456853150997e-17
0.04438443844384438,1.1533440264947657e-05,2.8181725281974266e-05,7.772456853150997e-17
0.044394439443944396,1.1533440264983805e-05,2.8129499646657837e-05,7.772456853150997e-17
0.04440444044404441,1.153344026500516e-05,2.8077370471487244e-05,7.772456853150997e-17
0.044414441444144415,1.1533440265035364e-05,2.802533757828142e-05,7.772456853150997e-17
0.04442444244424443,1.1533440265050936e-05,2.797340078924673e-05,7.772456853150997e-17
0.04443444344434443,1.1533440265039214e-05,2.7921559926809463e-05,7.772456853150997e-17
0.044444444444444446,1.1533440265028173e-05,2.7869814813841037e-05,7.772456853150997e-17
0.04445444544454446,1.1533440265034263e-05,2.7818165273503695e-05,7.772456853150997e-17
0.044464446444644465,1.1533440265044065e-05,2.776661112926716e-05,7.772456853150997e-17
0.04447444744474448,1.153344026507258e-05,2.771515220489261e-05,7.772456853150997e-17
0.044484448444844484,1.1533440265067294e-05,2.7663788324604924e-05,7.772456853150997e-17
0.044494449444944496,1.1533440265028701e-05,2.761251931278155e-05,7.772456853150997e-17
0.04450445044504451,1.1533440265064299e-05,2.7561344994201625e-05,7.772456853150997e-17
0.044514451445144515,1.1533440265093047e-05,2.7510265194056337e-05,7.772456853150997e-17
0.04452445244524453,1.1533440265076941e-05,2.7459279737663642e-05,7.772456853150997e-17
0.044534453445344534,1.1533440265108927e-05,2.7408388450771006e-05,7.772456853150997e-17
0.044544454445444547,1.1533440265135398e-05,2.7357591159524957e-05,7.772456853150997e-17
0.04455445544554456,1.153344026511756e-05,2.730688769020682e-05,7.772456853150997e-17
0.044564456445644565,1.1533440265150925e-05,2.7256277869645666e-05,7.772456853150997e-17
0.04457445744574458,1.1533440265159908e-05,2.720576152486728e-05,7.772456853150997e-17
0.044584458445844584,1.1533440265163644e-05,2.715533848316365e-05,7.772456853150997e-17
0.0445944594459446,1.1533440265129703e-05,2.710500857221928e-05,7.772456853150997e-17
0.0446044604460446,1.1533440265137538e-05,2.7054771620001617e-05,7.772456853150997e-17
0.044614461446144615,1.1533440265138292e-05,2.7004627454850055e-05,7.772456853150997e-17
0.04462446244624463,1.153344026519039e-05,2.69545759053962e-05,7.772456853150997e-17
0.044634463446344634,1.1533440265216883e-05,2.690461680059971e-05,7.772456853150997e-17
0.04464446444644465,1.1533440265228611e-05,2.685474996968961e-05,7.772456853150997e-17
0.04465446544654465,1.1533440265251454e-05,2.680497524222301e-05,7.772456853150997e-17
0.044664466446644666,1.1533440265280494e-05,2.6755292448080503e-05,7.772456853150997e-17
0.04467446744674468,1.1533440265273846e-05,2.670570141750988e-05,7.772456853150997e-17
0.044684468446844684,1.153344026530059e-05,2.6656201980940704e-05,7.772456853150997e-17
0.0446944694469447,1.1533440265310971e-05,2.6606793969268667e-05,7.772456853150997e-17
0.0447044704470447,1.1533440265305728e-05,2.655747721359047e-05,7.772456853150997e-17
0.044714471447144716,1.1533440265311832e-05,2.650825154541357e-05,7.772456853150997e-17
0.04472447244724473,1.1533440265346023e-05,2.6459116796434864e-05,7.772456853150997e-17
0.044734473447344734,1.1533440265361592e-05,2.641007279883026e-05,7.772456853150997e-17
0.04474447444744475,1.1533440265390535e-05,2.6361119384899323e-05,7.772456853150997e-17
0.04475447544754475,1.1533440265392524e-05,2.6312256387284993e-05,7.772456853150997e-17
0.044764476447644766,1.153344026539933e-05,2.6263483639077035e-05,7.772456853150997e-17
0.04477447744774478,1.1533440265388306e-05,2.621480097360456e-05,7.772456853150997e-17
0.044784478447844785,1.153344026539741e-05,2.6166208224426874e-05,7.772456853150997e-17
0.0447944794479448,1.1533440265448682e-05,2.6117705225428e-05,7.772456853150997e-17
0.0448044804480448,1.1533440265528722e-05,2.6069291810926565e-05,7.772456853150997e-17
0.044814481448144816,1.153344026555134e-05,2.6020967815423534e-05,7.772456853150997e-17
0.04482448244824483,1.153344026556214e-05,2.5972733073808123e-05,7.772456853150997e-17
0.044834483448344835,1.1533440265565593e-05,2.5924587421144073e-05,7.772456853150997e-17
0.04484448444844485,1.1533440265574472e-05,2.5876530692970943e-05,7.772456853150997e-17
0.044854485448544854,1.1533440265587562e-05,2.5828562725015837e-05,7.772456853150997e-17
0.044864486448644866,1.1533440265584445e-05,2.578068335335208e-05,7.772456853150997e-17
0.04487448744874488,1.1533440265602605e-05,2.5732892414346248e-05,7.772456853150997e-17
0.044884488448844885,1.1533440265596511e-05,2.5685189744602326e-05,7.772456853150997e-17
0.0448944894489449,1.1533440265642654e-05,2.5637575181134918e-05,7.772456853150997e-17
0.044904490449044904,1.1533440265681833e-05,2.5590048561220573e-05,7.772456853150997e-17
0.04491449144914492,1.1533440265688242e-05,2.5542609722385218e-05,7.772456853150997e-17
0.04492449244924493,1.1533440265731196e-05,2.5495258502529985e-05,7.772456853150997e-17
0.044934493449344935,1.1533440265735548e-05,2.5447994739818788e-05,7.772456853150997e-17
0.04494449444944495,1.1533440265800145e-05,2.5400818272733772e-05,7.772456853150997e-17
0.044954495449544954,1.1533440265849839e-05,2.535372894001871e-05,7.772456853150997e-17
0.04496449644964497,1.153344026586099e-05,2.5306726580761216e-05,7.772456853150997e-17
0.04497449744974497,1.1533440265861307e-05,2.525981103431729e-05,7.772456853150997e-17
0.044984498449844985,1.153344026589529e-05,2.521298214034954e-05,7.772456853150997e-17
0.044994499449945,1.1533440265963034e-05,2.516623973880537e-05,7.772456853150997e-17
0.045004500450045004,1.1533440265990055e-05,2.511958366996847e-05,7.772456853150997e-17
0.04501450145014502,1.153344026596319e-05,2.5073013774278175e-05,7.772456853150997e-17
0.04502450245024502,1.1533440266003568e-05,2.502652989263248e-05,7.772456853150997e-17
0.045034503450345036,1.1533440265999831e-05,2.498013186620563e-05,7.772456853150997e-17
0.04504450445044505,1.1533440266044844e-05,2.493381953638709e-05,7.772456853150997e-17
0.045054505450545054,1.1533440266087453e-05,2.4887592744849935e-05,7.772456853150997e-17
0.04506450645064507,1.1533440266097882e-05,2.4841451333688066e-05,7.772456853150997e-17
0.04507450745074507,1.153344026610347e-05,2.479539514517501e-05,7.772456853150997e-17
0.045084508450845086,1.1533440266106093e-05,2.474942402189435e-05,7.772456853150997e-17
0.0450945094509451,1.1533440266095178e-05,2.470353780673878e-05,7.772456853150997e-17
0.045104510451045104,1.1533440266101926e-05,2.465773634287398e-05,7.772456853150997e-17
0.04511451145114512,1.1533440266122576e-05,2.4612019473846442e-05,7.772456853150997e-17
0.04512451245124512,1.1533440266129093e-05,2.456638704326753e-05,7.772456853150997e-17
0.045134513451345136,1.1533440266148313e-05,2.4520838895270896e-05,7.772456853150997e-17
0.04514451445144515,1.1533440266157987e-05,2.44753748741728e-05,7.772456853150997e-17
0.045154515451545155,1.1533440266157583e-05,2.4429994824579393e-05,7.772456853150997e-17
0.04516451645164517,1.1533440266119674e-05,2.4384698591442204e-05,7.772456853150997e-17
0.04517451745174517,1.153344026616386e-05,2.433948601985411e-05,7.772456853150997e-17
0.045184518451845186,1.1533440266186307e-05,2.4294356955401633e-05,7.772456853150997e-17
0.0451945194519452,1.153344026620538e-05,2.4249311243812883e-05,7.772456853150997e-17
0.045204520452045205,1.1533440266212462e-05,2.4204348731153456e-05,7.772456853150997e-17
0.04521452145214522,1.1533440266205716e-05,2.415946926367841e-05,7.772456853150997e-17
0.045224522452245224,1.1533440266249184e-05,2.411467268806181e-05,7.772456853150997e-17
0.045234523452345236,1.1533440266238822e-05,2.4069958851223507e-05,7.772456853150997e-17
0.04524452445244525,1.1533440266278427e-05,2.4025327600251168e-05,7.772456853150997e-17
0.045254525452545255,1.153344026626068e-05,2.3980778782706415e-05,7.772456853150997e-17
0.04526452645264527,1.1533440266323701e-05,2.393631224626919e-05,7.772456853150997e-17
0.045274527452745274,1.153344026633479e-05,2.3891927839049057e-05,7.772456853150997e-17
0.04528452845284529,1.153344026635652e-05,2.384762540931633e-05,7.772456853150997e-17
0.0452945294529453,1.1533440266389485e-05,2.3803404805630486e-05,7.772456853150997e-17
0.045304530453045305,1.1533440266433927e-05,2.375926587689677e-05,7.772456853150997e-17
0.04531453145314532,1.153344026642018e-05,2.3715208472209584e-05,7.772456853150997e-17
0.045324532453245324,1.1533440266422809e-05,2.3671232441034794e-05,7.772456853150997e-17
0.04533453345334534,1.1533440266436758e-05,2.362733763307676e-05,7.772456853150997e-17
0.04534453445344534,1.1533440266402882e-05,2.358352389832604e-05,7.772456853150997e-17
0.045354535453545355,1.1533440266443705e-05,2.3539791086999218e-05,7.772456853150997e-17
0.04536453645364537,1.1533440266438255e-05,2.3496139049715806e-05,7.772456853150997e-17
0.045374537453745374,1.1533440266435389e-05,2.345256763719019e-05,7.772456853150997e-17
0.04538453845384539,1.1533440266417113e-05,2.3409076700591458e-05,7.772456853150997e-17
0.04539453945394539,1.153344026643555e-05,2.3365666091257425e-05,7.772456853150997e-17
0.045404540454045406,1.153344026638854e-05,2.3322335660781638e-05,7.772456853150997e-17
0.04541454145414542,1.1533440266403757e-05,2.3279085261128715e-05,7.772456853150997e-17
0.045424542454245424,1.153344026645147e-05,2.3235914744469523e-05,7.772456853150997e-17
0.04543454345434544,1.1533440266482547e-05,2.3192823963203173e-05,7.772456853150997e-17
0.04544454445444544,1.1533440266497922e-05,2.3149812770086573e-05,7.772456853150997e-17
0.045454545454545456,1.1533440266512445e-05,2.310688101811107e-05,7.772456853150997e-17
0.04546454645464547,1.1533440266491371e-05,2.306402856062571e-05,7.772456853150997e-17
0.045474547454745474,1.153344026650068e-05,2.3021255251143473e-05,7.772456853150997e-17
0.04548454845484549,1.1533440266507632e-05,2.297856094344147e-05,7.772456853150997e-17
0.04549454945494549,1.1533440266491984e-05,2.293594549162861e-05,7.772456853150997e-17
0.045504550455045506,1.1533440266518712e-05,2.289340875010851e-05,7.772456853150997e-17
0.04551455145514552,1.1533440266557326e-05,2.285095057342835e-05,7.772456853150997e-17
0.045524552455245525,1.1533440266519596e-05,2.280857081646048e-05,7.772456853150997e-17
0.04553455345534554,1.1533440266547172e-05,2.276626933441907e-05,7.772456853150997e-17
0.04554455445544554,1.1533440266551156e-05,2.2724045982719173e-05,7.772456853150997e-17
0.045554555455545556,1.1533440266558519e-05,2.2681900617060186e-05,7.772456853150997e-17
0.04556455645564557,1.1533440266571983e-05,2.2639833093364417e-05,7.772456853150997e-17
0.045574557455745575,1.1533440266624687e-05,2.2597843267922105e-05,7.772456853150997e-17
0.04558455845584559,1.1533440266615844e-05,2.255593099718659e-05,7.772456853150997e-17
0.045594559455945594,1.1533440266616014e-05,2.2514096137977958e-05,7.772456853150997e-17
0.045604560456045606,1.1533440266605365e-05,2.2472338547228894e-05,7.772456853150997e-17
0.04561456145614562,1.1533440266614459e-05,2.243065808221812e-05,7.772456853150997e-17
0.045624562456245625,1.1533440266674586e-05,2.2389054600576927e-05,7.772456853150997e-17
0.04563456345634564,1.1533440266653027e-05,2.2347527960038235e-05,7.772456853150997e-17
0.045644564456445644,1.1533440266684813e-05,2.230607801872633e-05,7.772456853150997e-17
0.04565456545654566,1.1533440266663625e-05,2.2264704635036987e-05,7.772456853150997e-17
0.04566456645664567,1.1533440266696489e-05,2.2223407667477684e-05,7.772456853150997e-17
0.045674567456745675,1.1533440266709675e-05,2.2182186974934022e-05,7.772456853150997e-17
0.04568456845684569,1.1533440266742901e-05,2.214104241648026e-05,7.772456853150997e-17
0.045694569456945694,1.1533440266737573e-05,2.2099973851577382e-05,7.772456853150997e-17
0.04570457045704571,1.1533440266734429e-05,2.2058981139807746e-05,7.772456853150997e-17
0.04571457145714571,1.1533440266740614e-05,2.2018064141133514e-05,7.772456853150997e-17
0.045724572457245725,1.1533440266799659e-05,2.1977222715667594e-05,7.772456853150997e-17
0.04573457345734574,1.1533440266815415e-05,2.193645672382388e-05,7.772456853150997e-17
0.045744574457445744,1.1533440266826893e-05,2.1895766026256397e-05,7.772456853150997e-17
0.04575457545754576,1.1533440266837604e-05,2.1855150483946474e-05,7.772456853150997e-17
0.04576457645764576,1.15334402669134e-05,2.181460995804941e-05,7.772456853150997e-17
0.045774577457745776,1.1533440266937857e-05,2.1774144309992194e-05,7.772456853150997e-17
0.04578457845784579,1.1533440266958312e-05,2.1733753401591683e-05,7.772456853150997e-17
0.045794579457945794,1.1533440266974005e-05,2.1693437094698506e-05,7.772456853150997e-17
0.04580458045804581,1.1533440266992125e-05,2.165319525159558e-05,7.772456853150997e-17
0.04581458145814581,1.1533440266998354e-05,2.1613027734666354e-05,7.772456853150997e-17
0.045824582458245826,1.1533440267014607e-05,2.157293440667511e-05,7.772456853150997e-17
0.04583458345834584,1.1533440267023459e-05,2.1532915130577514e-05,7.772456853150997e-17
0.045844584458445845,1.1533440267015893e-05,2.1492969769596065e-05,7.772456853150997e-17
0.04585458545854586,1.1533440266997627e-05,2.1453098187211734e-05,7.772456853150997e-17
0.04586458645864586,1.1533440266985462e-05,2.1413300247206664e-05,7.772456853150997e-17
0.045874587458745876,1.153344026697331e-05,2.1373575813557026e-05,7.772456853150997e-17
0.04588458845884589,1.1533440266999943e-05,2.1333924750429343e-05,7.772456853150997e-17
0.045894589458945895,1.1533440267046181e-05,2.129434692237349e-05,7.772456853150997e-17
0.04590459045904591,1.153344026704375e-05,2.1254842194075882e-05,7.772456853150997e-17
0.04591459145914591,1.1533440267102934e-05,2.121541043059814e-05,7.772456853150997e-17
0.045924592459245926,1.1533440267082888e-05,2.117605149709266e-05,7.772456853150997e-17
0.04593459345934594,1.1533440267107203e-05,2.113676525908894e-05,7.772456853150997e-17
0.045944594459445945,1.1533440267149958e-05,2.1097551582344904e-05,7.772456853150997e-17
0.04595459545954596,1.1533440267153656e-05,2.105841033275519e-05,7.772456853150997e-17
0.045964596459645964,1.1533440267117879e-05,2.1019341376642368e-05,7.772456853150997e-17
0.045974597459745976,1.153344026709446e-05,2.0980344580382544e-05,7.772456853150997e-17
0.04598459845984599,1.1533440267090926e-05,2.094141981077003e-05,7.772456853150997e-17
0.045994599459945995,1.1533440267095605e-05,2.0902566934676265e-05,7.772456853150997e-17
0.04600460046004601,1.1533440267149321e-05,2.0863785819451743e-05,7.772456853150997e-17
0.046014601460146014,1.1533440267178278e-05,2.0825076332478117e-05,7.772456853150997e-17
0.04602460246024603,1.1533440267156587e-05,2.0786438341496076e-05,7.772456853150997e-17
0.04603460346034604,1.1533440267205952e-05,2.0747871714379682e-05,7.772456853150997e-17
0.046044604460446045,1.1533440267234656e-05,2.0709376319477487e-05,7.772456853150997e-17
0.04605460546054606,1.1533440267261261e-05,2.0670952025019887e-05,7.772456853150997e-17
0.046064606460646064,1.1533440267238866e-05,2.063259869980531e-05,7.772456853150997e-17
0.04607460746074608,1.1533440267286457e-05,2.0594316212786813e-05,7.772456853150997e-17
0.04608460846084608,1.153344026728479e-05,2.0556104432986514e-05,7.772456853150997e-17
0.046094609460946095,1.1533440267265583e-05,2.0517963229914914e-05,7.772456853150997e-17
0.04610461046104611,1.153344026727167e-05,2.0479892473207182e-05,7.772456853150997e-17
0.046114611461146114,1.1533440267245002e-05,2.0441892032743973e-05,7.772456853150997e-17
0.04612461246124613,1.1533440267256006e-05,2.040396177865845e-05,7.772456853150997e-17
0.04613461346134613,1.1533440267238056e-05,2.036610158128862e-05,7.772456853150997e-17
0.046144614461446146,1.1533440267189477e-05,2.0328311311258882e-05,7.772456853150997e-17
0.04615461546154616,1.1533440267259711e-05,2.0290590839437645e-05,7.772456853150997e-17
0.046164616461646164,1.1533440267290288e-05,2.0252940036901627e-05,7.772456853150997e-17
0.04617461746174618,1.1533440267286044e-05,2.021535877498438e-05,7.772456853150997e-17
0.04618461846184618,1.1533440267292925e-05,2.017784692516495e-05,7.772456853150997e-17
0.046194619461946196,1.1533440267345236e-05,2.01404043592969e-05,7.772456853150997e-17
0.04620462046204621,1.1533440267366971e-05,2.0103030949411813e-05,7.772456853150997e-17
0.046214621462146215,1.1533440267359161e-05,2.0065726567748788e-05,7.772456853150997e-17
0.04622462246224623,1.1533440267362223e-05,2.0028491086833425e-05,7.772456853150997e-17
0.04623462346234623,1.1533440267409934e-05,1.9991324379434326e-05,7.772456853150997e-17
0.046244624462446246,1.1533440267459584e-05,1.995422631854617e-05,7.772456853150997e-17
0.04625462546254626,1.1533440267509005e-05,1.991719677733706e-05,7.772456853150997e-17
0.046264626462646265,1.1533440267523943e-05,1.9880235629265756e-05,7.772456853150997e-17
0.04627462746274628,1.1533440267540776e-05,1.984334274796757e-05,7.772456853150997e-17
0.04628462846284628,1.1533440267575926e-05,1.9806518007384975e-05,7.772456853150997e-17
0.046294629462946296,1.1533440267564286e-05,1.9769761281732637e-05,7.772456853150997e-17
0.04630463046304631,1.1533440267569913e-05,1.9733072445244227e-05,7.772456853150997e-17
0.046314631463146315,1.1533440267585436e-05,1.9696451372627503e-05,7.772456853150997e-17
0.04632463246324633,1.1533440267615877e-05,1.96598979386869e-05,7.772456853150997e-17
0.046334633463346334,1.1533440267643988e-05,1.9623412018549007e-05,7.772456853150997e-17
0.046344634463446346,1.153344026766212e-05,1.9586993487464058e-05,7.772456853150997e-17
0.04635463546354636,1.153344026765509e-05,1.9550642220989175e-05,7.772456853150997e-17
0.046364636463646365,1.153344026769697e-05,1.9514358094852294e-05,7.772456853150997e-17
0.04637463746374638,1.1533440267703245e-05,1.947814098512421e-05,7.772456853150997e-17
0.046384638463846384,1.1533440267728112e-05,1.9441990767889066e-05,7.772456853150997e-17
0.0463946394639464,1.1533440267716774e-05,1.9405907319698826e-05,7.772456853150997e-17
0.04640464046404641,1.1533440267708312e-05,1.9369890517200152e-05,7.772456853150997e-17
0.046414641464146415,1.1533440267726706e-05,1.9333940237328373e-05,7.772456853150997e-17
0.04642464246424643,1.15334402677434e-05,1.929805635729359e-05,7.772456853150997e-17
0.046434643464346434,1.1533440267726753e-05,1.9262238754308326e-05,7.772456853150997e-17
0.04644464446444645,1.153344026774104e-05,1.9226487306002755e-05,7.772456853150997e-17
0.04645464546454646,1.1533440267752852e-05,1.919080189020893e-05,7.772456853150997e-17
0.046464646464646465,1.1533440267754863e-05,1.9155182384961916e-05,7.772456853150997e-17
0.04647464746474648,1.153344026773494e-05,1.9119628668475555e-05,7.772456853150997e-17
0.046484648464846484,1.1533440267784177e-05,1.9084140619299207e-05,7.772456853150997e-17
0.0464946494649465,1.1533440267766166e-05,1.9048718116115236e-05,7.772456853150997e-17
0.0465046504650465,1.1533440267787769e-05,1.9013361037915827e-05,7.772456853150997e-17
0.046514651465146516,1.1533440267851665e-05,1.897806926388311e-05,7.772456853150997e-17
0.04652465246524653,1.1533440267909072e-05,1.8942842673274153e-05,7.772456853150997e-17
0.046534653465346534,1.1533440267934498e-05,1.890768114580222e-05,7.772456853150997e-17
0.04654465446544655,1.1533440267927482e-05,1.8872584561244257e-05,7.772456853150997e-17
0.04655465546554655,1.1533440267944536e-05,1.8837552799680684e-05,7.772456853150997e-17
0.046564656465646566,1.153344026794648e-05,1.8802585741315915e-05,7.772456853150997e-17
0.04657465746574658,1.1533440267954909e-05,1.8767683266765898e-05,7.772456853150997e-17
0.046584658465846585,1.153344026795908e-05,1.8732845256642348e-05,7.772456853150997e-17
0.0465946594659466,1.1533440267989759e-05,1.8698071591868968e-05,7.772456853150997e-17
0.0466046604660466,1.153344026802837e-05,1.8663362153697256e-05,7.772456853150997e-17
0.046614661466146616,1.1533440268049073e-05,1.862871682342881e-05,7.772456853150997e-17
0.04662466246624663,1.153344026809087e-05,1.8594135482690278e-05,7.772456853150997e-17
0.046634663466346635,1.1533440268108205e-05,1.8559618013351706e-05,7.772456853150997e-17
0.04664466446644665,1.153344026810423e-05,1.8525164297243484e-05,7.772456853150997e-17
0.04665466546654665,1.1533440268139325e-05,1.8490774216843113e-05,7.772456853150997e-17
0.046664666466646666,1.1533440268179081e-05,1.845644765449407e-05,7.772456853150997e-17
0.04667466746674668,1.1533440268165749e-05,1.8422184492921202e-05,7.772456853150997e-17
0.046684668466846685,1.1533440268139497e-05,1.8387984614998958e-05,7.772456853150997e-17
0.0466946694669467,1.1533440268143365e-05,1.8353847903773196e-05,7.772456853150997e-17
0.046704670467046704,1.1533440268162642e-05,1.831977424261576e-05,7.772456853150997e-17
0.046714671467146716,1.1533440268149308e-05,1.8285763515181907e-05,7.772456853150997e-17
0.04672467246724673,1.1533440268140919e-05,1.8251815605214553e-05,7.772456853150997e-17
0.046734673467346735,1.1533440268131491e-05,1.821793039655324e-05,7.772456853150997e-17
0.04674467446744675,1.153344026810523e-05,1.8184107773519486e-05,7.772456853150997e-17
0.046754675467546754,1.1533440268171658e-05,1.815034762048135e-05,7.772456853150997e-17
0.04676467646764677,1.153344026816603e-05,1.8116649822080284e-05,7.772456853150997e-17
0.04677467746774678,1.1533440268168291e-05,1.8083014263071545e-05,7.772456853150997e-17
0.046784678467846785,1.1533440268215842e-05,1.8049440828502943e-05,7.772456853150997e-17
0.0467946794679468,1.1533440268234372e-05,1.8015929403773217e-05,7.772456853150997e-17
0.046804680468046804,1.1533440268261816e-05,1.7982479874238367e-05,7.772456853150997e-17
0.04681468146814682,1.1533440268262165e-05,1.7949092125580514e-05,7.772456853150997e-17
0.04682468246824683,1.1533440268229701e-05,1.7915766043651212e-05,7.772456853150997e-17
0.046834683468346835,1.1533440268244186e-05,1.7882501514597885e-05,7.772456853150997e-17
0.04684468446844685,1.1533440268234435e-05,1.7849298424764932e-05,7.772456853150997e-17
0.046854685468546854,1.1533440268241661e-05,1.781615666068511e-05,7.772456853150997e-17
0.04686468646864687,1.153344026825812e-05,1.7783076109021818e-05,7.772456853150997e-17
0.04687468746874687,1.1533440268268016e-05,1.7750056656785997e-05,7.772456853150997e-17
0.046884688468846886,1.153344026826278e-05,1.7717098191104265e-05,7.772456853150997e-17
0.0468946894689469,1.153344026826167e-05,1.7684200599280505e-05,7.772456853150997e-17
0.046904690469046904,1.1533440268301108e-05,1.7651363768953505e-05,7.772456853150997e-17
0.04691469146914692,1.153344026832993e-05,1.7618587587877368e-05,7.772456853150997e-17
0.04692469246924692,1.1533440268345572e-05,1.758587194399987e-05,7.772456853150997e-17
0.046934693469346936,1.1533440268413428e-05,1.7553216725525695e-05,7.772456853150997e-17
0.04694469446944695,1.1533440268443525e-05,1.7520621820885e-05,7.772456853150997e-17
0.046954695469546955,1.1533440268502456e-05,1.748808711863582e-05,7.772456853150997e-17
0.04696469646964697,1.1533440268523835e-05,1.7455612507616595e-05,7.772456853150997e-17
0.04697469746974697,1.1533440268526061e-05,1.7423197876767413e-05,7.772456853150997e-17
0.046984698469846986,1.1533440268554381e-05,1.7390843115377912e-05,7.772456853150997e-17
0.046994699469947,1.1533440268550574e-05,1.7358548112807954e-05,7.772456853150997e-17
0.047004700470047005,1.1533440268592358e-05,1.7326312758764525e-05,7.772456853150997e-17
0.04701470147014702,1.1533440268613638e-05,1.7294136943080774e-05,7.772456853150997e-17
0.04702470247024702,1.1533440268636214e-05,1.7262020555728864e-05,7.772456853150997e-17
0.047034703470347036,1.1533440268634605e-05,1.72299634869705e-05,7.772456853150997e-17
0.04704470447044705,1.153344026858933e-05,1.7197965627235573e-05,7.772456853150997e-17
0.047054705470547055,1.1533440268597425e-05,1.7166026867217962e-05,7.772456853150997e-17
0.04706470647064707,1.1533440268566619e-05,1.7134147097689527e-05,7.772456853150997e-17
0.047074707470747074,1.1533440268570376e-05,1.7102326209716794e-05,7.772456853150997e-17
0.047084708470847086,1.1533440268544062e-05,1.7070564094563595e-05,7.772456853150997e-17
0.0470947094709471,1.1533440268566432e-05,1.7038860643648286e-05,7.772456853150997e-17
0.047104710471047105,1.1533440268548198e-05,1.7007215748674404e-05,7.772456853150997e-17
0.04711471147114712,1.1533440268556575e-05,1.6975629301410233e-05,7.772456853150997e-17
0.047124712471247124,1.1533440268565594e-05,1.6944101193966847e-05,7.772456853150997e-17
0.04713471347134714,1.1533440268575887e-05,1.6912631318523368e-05,7.772456853150997e-17
0.04714471447144715,1.1533440268550554e-05,1.688121956759549e-05,7.772456853150997e-17
0.047154715471547155,1.15334402685656e-05,1.6849865833787565e-05,7.772456853150997e-17
0.04716471647164717,1.1533440268545035e-05,1.6818570009928412e-05,7.772456853150997e-17
0.047174717471747174,1.1533440268593939e-05,1.6787331989128514e-05,7.772456853150997e-17
0.04718471847184719,1.153344026859891e-05,1.675615166458186e-05,7.772456853150997e-17
0.0471947194719472,1.1533440268596622e-05,1.6725028929811797e-05,7.772456853150997e-17
0.047204720472047206,1.1533440268576399e-05,1.6693963678313622e-05,7.772456853150997e-17
0.04721472147214722,1.1533440268580903e-05,1.666295580394939e-05,7.772456853150997e-17
0.047224722472247224,1.153344026857515e-05,1.6632005200769465e-05,7.772456853150997e-17
0.04723472347234724,1.1533440268593975e-05,1.660111176302425e-05,7.772456853150997e-17
0.04724472447244724,1.1533440268626778e-05,1.6570275385025424e-05,7.772456853150997e-17
0.047254725472547256,1.1533440268642965e-05,1.6539495961457896e-05,7.772456853150997e-17
0.04726472647264727,1.153344026863812e-05,1.6508773387198438e-05,7.772456853150997e-17
0.047274727472747274,1.153344026860801e-05,1.6478107557098177e-05,7.772456853150997e-17
0.04728472847284729,1.1533440268572689e-05,1.6447498366463322e-05,7.772456853150997e-17
0.04729472947294729,1.153344026860934e-05,1.641694571062474e-05,7.772456853150997e-17
0.047304730473047306,1.1533440268594781e-05,1.6386449485201337e-05,7.772456853150997e-17
0.04731473147314732,1.1533440268600075e-05,1.6356009585941735e-05,7.772456853150997e-17
0.047324732473247325,1.1533440268605203e-05,1.6325625908795666e-05,7.772456853150997e-17
0.04733473347334734,1.1533440268648756e-05,1.6295298349978565e-05,7.772456853150997e-17
0.04734473447344734,1.1533440268626314e-05,1.6265026805781923e-05,7.772456853150997e-17
0.047354735473547356,1.1533440268654216e-05,1.62348111727694e-05,7.772456853150997e-17
0.04736473647364737,1.1533440268717172e-05,1.6204651347700804e-05,7.772456853150997e-17
0.047374737473747375,1.1533440268746356e-05,1.617454722747043e-05,7.772456853150997e-17
0.04738473847384739,1.153344026878197e-05,1.614449870919583e-05,7.772456853150997e-17
0.04739473947394739,1.1533440268774704e-05,1.6114505690164123e-05,7.772456853150997e-17
0.047404740474047406,1.1533440268824324e-05,1.6084568067916187e-05,7.772456853150997e-17
0.04741474147414742,1.1533440268833175e-05,1.6054685740079015e-05,7.772456853150997e-17
0.047424742474247425,1.1533440268849978e-05,1.6024858604565014e-05,7.772456853150997e-17
0.04743474347434744,1.1533440268860268e-05,1.59950865594257e-05,7.772456853150997e-17
0.047444744474447444,1.1533440268875139e-05,1.596536950288472e-05,7.772456853150997e-17
0.047454745474547456,1.1533440268894692e-05,1.5935707333425192e-05,7.772456853150997e-17
0.04746474647464747,1.1533440268883624e-05,1.590609994966704e-05,7.772456853150997e-17
0.047474747474747475,1.153344026891685e-05,1.5876547250354192e-05,7.772456853150997e-17
0.04748474847484749,1.153344026891496e-05,1.5847049134548504e-05,7.772456853150997e-17
0.047494749474947494,1.1533440268943277e-05,1.581760550138082e-05,7.772456853150997e-17
0.04750475047504751,1.1533440268957931e-05,1.5788216250239783e-05,7.772456853150997e-17
0.04751475147514752,1.1533440268952261e-05,1.575888128072611e-05,7.772456853150997e-17
0.047524752475247525,1.1533440268964821e-05,1.5729600492528127e-05,7.772456853150997e-17
0.04753475347534754,1.1533440268983955e-05,1.570037378568223e-05,7.772456853150997e-17
0.047544754475447544,1.153344026899553e-05,1.5671201060268975e-05,7.772456853150997e-17
0.04755475547554756,1.1533440269034989e-05,1.5642082216488134e-05,7.772456853150997e-17
0.04756475647564757,1.1533440269086616e-05,1.5613017154845955e-05,7.772456853150997e-17
0.047574757475747576,1.1533440269098928e-05,1.558400577604011e-05,7.772456853150997e-17
0.04758475847584759,1.1533440269170448e-05,1.555504798092554e-05,7.772456853150997e-17
0.047594759475947594,1.153344026917579e-05,1.552614367050084e-05,7.772456853150997e-17
0.04760476047604761,1.1533440269161483e-05,1.5497292745975855e-05,7.772456853150997e-17
0.04761476147614761,1.1533440269156213e-05,1.5468495108766666e-05,7.772456853150997e-17
0.047624762476247626,1.1533440269151365e-05,1.543975066047727e-05,7.772456853150997e-17
0.04763476347634764,1.1533440269177446e-05,1.5411059302839774e-05,7.772456853150997e-17
0.047644764476447644,1.1533440269167694e-05,1.5382420937799333e-05,7.772456853150997e-17
0.04765476547654766,1.1533440269177834e-05,1.5353835467515733e-05,7.772456853150997e-17
0.04766476647664766,1.1533440269232949e-05,1.532530279425344e-05,7.772456853150997e-17
0.047674767476747676,1.153344026924012e-05,1.5296822820471416e-05,7.772456853150997e-17
0.04768476847684769,1.153344026924176e-05,1.5268395448864477e-05,7.772456853150997e-17
0.047694769476947695,1.1533440269285204e-05,1.5240020582292215e-05,7.772456853150997e-17
0.04770477047704771,1.153344026930461e-05,1.5211698123769687e-05,7.772456853150997e-17
0.04771477147714771,1.1533440269349042e-05,1.5183427976551335e-05,7.772456853150997e-17
0.047724772477247726,1.1533440269413286e-05,1.5155210043880533e-05,7.772456853150997e-17
0.04773477347734774,1.1533440269414216e-05,1.5127044229377425e-05,7.772456853150997e-17
0.047744774477447745,1.1533440269445986e-05,1.5098930436837692e-05,7.772456853150997e-17
0.04775477547754776,1.1533440269481106e-05,1.5070868570147146e-05,7.772456853150997e-17
0.04776477647764776,1.153344026944888e-05,1.5042858533381754e-05,7.772456853150997e-17
0.047774777477747776,1.1533440269456822e-05,1.5014900230851717e-05,7.772456853150997e-17
0.04778477847784779,1.1533440269471931e-05,1.4986993567019937e-05,7.772456853150997e-17
0.047794779477947795,1.153344026947047e-05,1.4959138446453302e-05,7.772456853150997e-17
0.04780478047804781,1.1533440269499216e-05,1.493133477391468e-05,7.772456853150997e-17
0.047814781478147814,1.1533440269491142e-05,1.4903582454456883e-05,7.772456853150997e-17
0.047824782478247826,1.15334402694965e-05,1.4875881393195976e-05,7.772456853150997e-17
0.04783478347834784,1.1533440269508113e-05,1.4848231495500358e-05,7.772456853150997e-17
0.047844784478447845,1.1533440269495216e-05,1.4820632666832515e-05,7.772456853150997e-17
0.04785478547854786,1.1533440269519636e-05,1.4793084812867155e-05,7.772456853150997e-17
0.047864786478647864,1.1533440269550424e-05,1.4765587839522222e-05,7.772456853150997e-17
0.04787478747874788,1.1533440269582391e-05,1.4738141652744486e-05,7.772456853150997e-17
0.04788478847884789,1.1533440269588717e-05,1.4710746158704039e-05,7.772456853150997e-17
0.047894789478947895,1.1533440269606604e-05,1.4683401263814051e-05,7.772456853150997e-17
0.04790479047904791,1.1533440269649852e-05,1.4656106874647807e-05,7.772456853150997e-17
0.047914791479147914,1.1533440269687326e-05,1.4628862897923828e-05,7.772456853150997e-17
0.04792479247924793,1.1533440269661336e-05,1.460166924047375e-05,7.772456853150997e-17
0.04793479347934794,1.1533440269707166e-05,1.457452580939227e-05,7.772456853150997e-17
0.047944794479447946,1.1533440269787412e-05,1.4547432511905185e-05,7.772456853150997e-17
0.04795479547954796,1.1533440269780907e-05,1.452038925541519e-05,7.772456853150997e-17
0.047964796479647964,1.153344026978833e-05,1.449339594749031e-05,7.772456853150997e-17
0.04797479747974798,1.1533440269821839e-05,1.4466452495880182e-05,7.772456853150997e-17
0.04798479847984798,1.1533440269776316e-05,1.4439558808535691e-05,7.772456853150997e-17
0.047994799479947996,1.153344026981831e-05,1.4412714793500106e-05,7.772456853150997e-17
0.04800480048004801,1.1533440269806987e-05,1.4385920359037914e-05,7.772456853150997e-17
0.048014801480148014,1.1533440269825947e-05,1.4359175413608834e-05,7.772456853150997e-17
0.04802480248024803,1.153344026987511e-05,1.4332479865795569e-05,7.772456853150997e-17
0.04803480348034803,1.1533440269885898e-05,1.430583362429493e-05,7.772456853150997e-17
0.048044804480448046,1.1533440269918009e-05,1.4279236598138181e-05,7.772456853150997e-17
0.04805480548054806,1.1533440269961445e-05,1.425268869638169e-05,7.772456853150997e-17
0.048064806480648065,1.1533440269967013e-05,1.4226189828290191e-05,7.772456853150997e-17
0.04807480748074808,1.1533440269952488e-05,1.4199739903305705e-05,7.772456853150997e-17
0.04808480848084808,1.1533440269969497e-05,1.4173338830967049e-05,7.772456853150997e-17
0.048094809480948096,1.153344026999223e-05,1.414698652109885e-05,7.772456853150997e-17
0.04810481048104811,1.1533440269981984e-05,1.4120682883671699e-05,7.772456853150997e-17
0.048114811481148115,1.153344027004276e-05,1.4094427828703892e-05,7.772456853150997e-17
0.04812481248124813,1.1533440270041534e-05,1.4068221266582085e-05,7.772456853150997e-17
0.048134813481348133,1.1533440270077416e-05,1.4042063107638456e-05,7.772456853150997e-17
0.048144814481448146,1.1533440270090484e-05,1.4015953262532298e-05,7.772456853150997e-17
0.04815481548154816,1.1533440270050041e-05,1.3989891641994645e-05,7.772456853150997e-17
0.048164816481648165,1.1533440270052528e-05,1.3963878156959838e-05,7.772456853150997e-17
0.04817481748174818,1.153344027006906e-05,1.3937912718513375e-05,7.772456853150997e-17
0.048184818481848184,1.1533440270096892e-05,1.3911995237936067e-05,7.772456853150997e-17
0.048194819481948196,1.1533440270130243e-05,1.3886125626695272e-05,7.772456853150997e-17
0.04820482048204821,1.1533440270199388e-05,1.3860303796259341e-05,7.772456853150997e-17
0.048214821482148215,1.1533440270193476e-05,1.383452965845752e-05,7.772456853150997e-17
0.04822482248224823,1.1533440270199532e-05,1.3808803125204603e-05,7.772456853150997e-17
0.048234823482348234,1.1533440270211176e-05,1.3783124108549108e-05,7.772456853150997e-17
0.04824482448244825,1.1533440270242668e-05,1.3757492520709923e-05,7.772456853150997e-17
0.04825482548254826,1.1533440270245428e-05,1.3731908274160176e-05,7.772456853150997e-17
0.048264826482648265,1.1533440270192251e-05,1.3706371281381586e-05,7.772456853150997e-17
0.04827482748274828,1.1533440270196015e-05,1.368088145516336e-05,7.772456853150997e-17
0.048284828482848284,1.1533440270213012e-05,1.3655438708344054e-05,7.772456853150997e-17
0.0482948294829483,1.1533440270239876e-05,1.3630042953935363e-05,7.772456853150997e-17
0.04830483048304831,1.1533440270246312e-05,1.3604694105198679e-05,7.772456853150997e-17
0.048314831483148316,1.153344027026746e-05,1.3579392075505288e-05,7.772456853150997e-17
0.04832483248324833,1.1533440270262353e-05,1.35541367783503e-05,7.772456853150997e-17
0.048334833483348334,1.1533440270273934e-05,1.3528928127430156e-05,7.772456853150997e-17
0.04834483448344835,1.1533440270294564e-05,1.3503766036568194e-05,7.772456853150997e-17
0.04835483548354836,1.1533440270282586e-05,1.34786504198206e-05,7.772456853150997e-17
0.048364836483648366,1.1533440270288965e-05,1.3453581191317137e-05,7.772456853150997e-17
0.04837483748374838,1.1533440270278042e-05,1.3428558265387681e-05,7.772456853150997e-17
0.048384838483848384,1.153344027029345e-05,1.3403581556484459e-05,7.772456853150997e-17
0.0483948394839484,1.1533440270319648e-05,1.3378650979295749e-05,7.772456853150997e-17
0.0484048404840484,1.1533440270303777e-05,1.3353766448595907e-05,7.772456853150997e-17
0.048414841484148416,1.1533440270337409e-05,1.3328927879360698e-05,7.772456853150997e-17
0.04842484248424843,1.1533440270376618e-05,1.3304135186632262e-05,7.772456853150997e-17
0.048434843484348435,1.1533440270393445e-05,1.3279388285696243e-05,7.772456853150997e-17
0.04844484448444845,1.1533440270439466e-05,1.3254687092051353e-05,7.772456853150997e-17
0.04845484548454845,1.1533440270476444e-05,1.323003152114731e-05,7.772456853150997e-17
0.048464846484648466,1.1533440270506426e-05,1.3205421488864118e-05,7.772456853150997e-17
0.04847484748474848,1.1533440270532227e-05,1.3180856910947806e-05,7.772456853150997e-17
0.048484848484848485,1.15334402706209e-05,1.3156337703550509e-05,7.772456853150997e-17
0.0484948494849485,1.1533440270633422e-05,1.3131863782873633e-05,7.772456853150997e-17
0.048504850485048503,1.1533440270660318e-05,1.3107435065192512e-05,7.772456853150997e-17
0.048514851485148516,1.153344027067255e-05,1.3083051467084172e-05,7.772456853150997e-17
0.04852485248524853,1.1533440270645441e-05,1.3058712905253481e-05,7.772456853150997e-17
0.048534853485348535,1.1533440270662317e-05,1.3034419296431056e-05,7.772456853150997e-17
0.04854485448544855,1.1533440270714029e-05,1.3010170557611809e-05,7.772456853150997e-17
0.048554855485548554,1.1533440270727214e-05,1.2985966605953775e-05,7.772456853150997e-17
0.048564856485648566,1.153344027075262e-05,1.2961807358686407e-05,7.772456853150997e-17
0.04857485748574858,1.1533440270746895e-05,1.2937692733234463e-05,7.772456853150997e-17
0.048584858485848585,1.1533440270724334e-05,1.2913622647219337e-05,7.772456853150997e-17
0.0485948594859486,1.1533440270717501e-05,1.2889597018371822e-05,7.772456853150997e-17
0.048604860486048604,1.153344027070979e-05,1.2865615764601598e-05,7.772456853150997e-17
0.04861486148614862,1.1533440270730183e-05,1.2841678803937123e-05,7.772456853150997e-17
0.04862486248624863,1.1533440270735669e-05,1.281778605454793e-05,7.772456853150997e-17
0.048634863486348635,1.1533440270702282e-05,1.2793937434777488e-05,7.772456853150997e-17
0.04864486448644865,1.1533440270701574e-05,1.2770132863122429e-05,7.772456853150997e-17
0.048654865486548654,1.153344027069187e-05,1.2746372258208365e-05,7.772456853150997e-17
0.04866486648664867,1.1533440270721948e-05,1.2722655538867138e-05,7.772456853150997e-17
0.04867486748674868,1.1533440270711647e-05,1.2698982624090535e-05,7.772456853150997e-17
0.048684868486848686,1.1533440270730937e-05,1.2675353432901233e-05,7.772456853150997e-17
0.0486948694869487,1.1533440270781166e-05,1.2651767884513299e-05,7.772456853150997e-17
0.048704870487048704,1.1533440270828095e-05,1.2628225898370512e-05,7.772456853150997e-17
0.04871487148714872,1.153344027087645e-05,1.2604727393982368e-05,7.772456853150997e-17
0.04872487248724873,1.153344027088119e-05,1.2581272291098108e-05,7.772456853150997e-17
0.048734873487348736,1.1533440270865258e-05,1.2557860509489863e-05,7.772456853150997e-17
0.04874487448744875,1.1533440270874831e-05,1.2534491969192124e-05,7.772456853150997e-17
0.048754875487548754,1.1533440270852532e-05,1.2511166590263563e-05,7.772456853150997e-17
0.04876487648764877,1.1533440270872539e-05,1.2487884293052914e-05,7.772456853150997e-17
0.04877487748774877,1.1533440270871875e-05,1.2464644998015526e-05,7.772456853150997e-17
0.048784878487848786,1.1533440270904679e-05,1.244144862564207e-05,7.772456853150997e-17
0.0487948794879488,1.1533440270894235e-05,1.241829509666781e-05,7.772456853150997e-17
0.048804880488048805,1.1533440270932707e-05,1.2395184332026947e-05,7.772456853150997e-17
0.04881488148814882,1.1533440270977674e-05,1.2372116252678161e-05,7.772456853150997e-17
0.04882488248824882,1.153344027098174e-05,1.234909077980396e-05,7.772456853150997e-17
0.048834883488348836,1.1533440271018822e-05,1.2326107834728848e-05,7.772456853150997e-17
0.04884488448844885,1.1533440271043477e-05,1.2303167338878816e-05,7.772456853150997e-17
0.048854885488548855,1.1533440271106342e-05,1.2280269213836353e-05,7.772456853150997e-17
0.04886488648864887,1.1533440271140596e-05,1.2257413381388419e-05,7.772456853150997e-17
0.048874887488748874,1.1533440271204723e-05,1.223459976337347e-05,7.772456853150997e-17
0.048884888488848886,1.1533440271170234e-05,1.2211828281853224e-05,7.772456853150997e-17
0.0488948894889489,1.1533440271177821e-05,1.2189098859025297e-05,7.772456853150997e-17
0.048904890489048905,1.1533440271185985e-05,1.2166411417146826e-05,7.772456853150997e-17
0.04891489148914892,1.1533440271207812e-05,1.2143765878714314e-05,7.772456853150997e-17
0.048924892489248924,1.1533440271185782e-05,1.2121162166318012e-05,7.772456853150997e-17
0.048934893489348937,1.1533440271158546e-05,1.2098600202706795e-05,7.772456853150997e-17
0.04894489448944895,1.1533440271203205e-05,1.2076079910787439e-05,7.772456853150997e-17
0.048954895489548955,1.1533440271166876e-05,1.2053601213556429e-05,7.772456853150997e-17
0.04896489648964897,1.1533440271213666e-05,1.203116403424723e-05,7.772456853150997e-17
0.048974897489748974,1.153344027123444e-05,1.2008768296125453e-05,7.772456853150997e-17
0.04898489848984899,1.1533440271270155e-05,1.1986413922717386e-05,7.772456853150997e-17
0.048994899489949,1.1533440271278529e-05,1.1964100837538553e-05,7.772456853150997e-17
0.049004900490049005,1.1533440271263336e-05,1.194182896439459e-05,7.772456853150997e-17
0.04901490149014902,1.153344027123563e-05,1.1919598227070082e-05,7.772456853150997e-17
0.049024902490249024,1.1533440271224286e-05,1.1897408549708026e-05,7.772456853150997e-17
0.04903490349034904,1.1533440271271854e-05,1.187525985643837e-05,7.772456853150997e-17
0.04904490449044905,1.15334402712779e-05,1.1853152071546117e-05,7.772456853150997e-17
0.049054905490549056,1.1533440271313182e-05,1.1831085119429147e-05,7.772456853150997e-17
0.04906490649064907,1.153344027133825e-05,1.180905892471547e-05,7.772456853150997e-17
0.049074907490749074,1.1533440271333931e-05,1.1787073412150915e-05,7.772456853150997e-17
0.04908490849084909,1.1533440271332859e-05,1.1765128506555872e-05,7.772456853150997e-17
0.0490949094909491,1.153344027130201e-05,1.174322413293727e-05,7.772456853150997e-17
0.049104910491049106,1.153344027133855e-05,1.1721360216477027e-05,7.772456853150997e-17
0.04911491149114912,1.1533440271314531e-05,1.1699536682415332e-05,7.772456853150997e-17
0.049124912491249124,1.1533440271299108e-05,1.1677753456153048e-05,7.772456853150997e-17
0.04913491349134914,1.153344027131714e-05,1.1656010463212192e-05,7.772456853150997e-17
0.04914491449144914,1.153344027132781e-05,1.1634307629362917e-05,7.772456853150997e-17
0.049154915491549156,1.1533440271345587e-05,1.1612644880420098e-05,7.772456853150997e-17
0.04916491649164917,1.1533440271361274e-05,1.1591022142288838e-05,7.772456853150997e-17
0.049174917491749175,1.1533440271400129e-05,1.156943934109003e-05,7.772456853150997e-17
0.04918491849184919,1.1533440271403334e-05,1.1547896403074637e-05,7.772456853150997e-17
0.04919491949194919,1.1533440271417837e-05,1.1526393254628061e-05,7.772456853150997e-17
0.049204920492049206,1.1533440271379644e-05,1.1504929822218158e-05,7.772456853150997e-17
0.04921492149214922,1.153344027140135e-05,1.1483506032520941e-05,7.772456853150997e-17
0.049224922492249225,1.153344027136947e-05,1.1462121812304523e-05,7.772456853150997e-17
0.04923492349234924,1.1533440271356955e-05,1.1440777088499011e-05,7.772456853150997e-17
0.049244924492449244,1.1533440271368666e-05,1.141947178812861e-05,7.772456853150997e-17
0.049254925492549256,1.1533440271382099e-05,1.1398205838445196e-05,7.772456853150997e-17
0.04926492649264927,1.1533440271406603e-05,1.137697916670559e-05,7.772456853150997e-17
0.049274927492749275,1.1533440271408274e-05,1.1355791700390274e-05,7.772456853150997e-17
0.04928492849284929,1.1533440271443905e-05,1.1334643367096438e-05,7.772456853150997e-17
0.049294929492949294,1.1533440271479196e-05,1.131353409445644e-05,7.772456853150997e-17
0.049304930493049307,1.1533440271517355e-05,1.1292463810413917e-05,7.772456853150997e-17
0.04931493149314932,1.1533440271504602e-05,1.127143244295805e-05,7.772456853150997e-17
0.049324932493249325,1.1533440271507848e-05,1.125043992015787e-05,7.772456853150997e-17
0.04933493349334934,1.1533440271491527e-05,1.1229486170344988e-05,7.772456853150997e-17
0.049344934493449344,1.1533440271515378e-05,1.1208571121846618e-05,7.772456853150997e-17
0.04935493549354936,1.1533440271521781e-05,1.118769470318806e-05,7.772456853150997e-17
0.04936493649364937,1.1533440271552202e-05,1.1166856843052054e-05,7.772456853150997e-17
0.049374937493749375,1.1533440271547258e-05,1.1146057470179494e-05,7.772456853150997e-17
0.04938493849384939,1.153344027156694e-05,1.112529651350867e-05,7.772456853150997e-17
0.049394939493949394,1.1533440271557516e-05,1.1104573902111576e-05,7.772456853150997e-17
0.04940494049404941,1.1533440271558478e-05,1.1083889565126961e-05,7.772456853150997e-17
0.04941494149414942,1.1533440271560196e-05,1.10632434318514e-05,7.772456853150997e-17
0.049424942494249426,1.153344027153155e-05,1.104263543167582e-05,7.772456853150997e-17
0.04943494349434944,1.1533440271540136e-05,1.1022065494272893e-05,7.772456853150997e-17
0.049444944494449444,1.1533440271531864e-05,1.1001533549371122e-05,7.772456853150997e-17
0.04945494549454946,1.1533440271534887e-05,1.0981039526672204e-05,7.772456853150997e-17
0.04946494649464947,1.1533440271490555e-05,1.0960583356214454e-05,7.772456853150997e-17
0.049474947494749476,1.153344027149646e-05,1.0940164968067925e-05,7.772456853150997e-17
0.04948494849484949,1.1533440271510717e-05,1.0919784292406688e-05,7.772456853150997e-17
0.049494949494949494,1.1533440271535706e-05,1.0899441259605137e-05,7.772456853150997e-17
0.04950495049504951,1.1533440271549423e-05,1.0879135800167934e-05,7.772456853150997e-17
0.04951495149514951,1.1533440271571489e-05,1.0858867844695689e-05,7.772456853150997e-17
0.049524952495249526,1.1533440271581123e-05,1.0838637323886059e-05,7.772456853150997e-17
0.04953495349534954,1.1533440271588245e-05,1.0818444168605144e-05,7.772456853150997e-17
0.049544954495449545,1.1533440271542124e-05,1.079828830986138e-05,7.772456853150997e-17
0.04955495549554956,1.1533440271523045e-05,1.0778169678789713e-05,7.772456853150997e-17
0.04956495649564956,1.1533440271496743e-05,1.0758088206544197e-05,7.772456853150997e-17
0.049574957495749576,1.1533440271485452e-05,1.0738043824610895e-05,7.772456853150997e-17
0.04958495849584959,1.1533440271542146e-05,1.071803646437863e-05,7.772456853150997e-17
0.049594959495949595,1.1533440271553887e-05,1.0698066057468045e-05,7.772456853150997e-17
0.04960496049604961,1.1533440271527463e-05,1.0678132535695086e-05,7.772456853150997e-17
0.049614961496149614,1.1533440271528508e-05,1.0658235830874327e-05,7.772456853150997e-17
0.049624962496249626,1.1533440271532947e-05,1.0638375875091892e-05,7.772456853150997e-17
0.04963496349634964,1.1533440271548525e-05,1.0618552600367968e-05,7.772456853150997e-17
0.049644964496449645,1.1533440271619014e-05,1.05987659390106e-05,7.772456853150997e-17
0.04965496549654966,1.153344027162952e-05,1.0579015823398911e-05,7.772456853150997e-17
0.049664966496649664,1.1533440271655092e-05,1.0559302186016602e-05,7.772456853150997e-17
0.04967496749674968,1.1533440271664257e-05,1.0539624959464562e-05,7.772456853150997e-17
0.04968496849684969,1.153344027166967e-05,1.051998407652407e-05,7.772456853150997e-17
0.049694969496949695,1.153344027170892e-05,1.0500379470060813e-05,7.772456853150997e-17
0.04970497049704971,1.1533440271732757e-05,1.0480811073093437e-05,7.772456853150997e-17
0.049714971497149714,1.1533440271732355e-05,1.0461278818740142e-05,7.772456853150997e-17
0.04972497249724973,1.1533440271784353e-05,1.0441782640243902e-05,7.772456853150997e-17
0.04973497349734974,1.1533440271767787e-05,1.04223224709598e-05,7.772456853150997e-17
0.049744974497449745,1.1533440271816537e-05,1.0402898244342416e-05,7.772456853150997e-17
0.04975497549754976,1.1533440271846092e-05,1.038350989400316e-05,7.772456853150997e-17
0.049764976497649764,1.1533440271843838e-05,1.0364157353755124e-05,7.772456853150997e-17
0.04977497749774978,1.1533440271876907e-05,1.0344840557367418e-05,7.772456853150997e-17
0.04978497849784979,1.153344027189997e-05,1.0325559438913474e-05,7.772456853150997e-17
0.049794979497949796,1.1533440271911166e-05,1.0306313932471775e-05,7.772456853150997e-17
0.04980498049804981,1.1533440271970427e-05,1.028710397224384e-05,7.772456853150997e-17
0.049814981498149814,1.1533440272048122e-05,1.0267929492587743e-05,7.772456853150997e-17
0.04982498249824983,1.1533440272083576e-05,1.0248790428008085e-05,7.772456853150997e-17
0.04983498349834984,1.1533440272112058e-05,1.0229686713079037e-05,7.772456853150997e-17
0.049844984498449846,1.1533440272110803e-05,1.0210618282474259e-05,7.772456853150997e-17
0.04985498549854986,1.1533440272147769e-05,1.01915850709953e-05,7.772456853150997e-17
0.049864986498649864,1.1533440272116727e-05,1.0172587013593513e-05,7.772456853150997e-17
0.04987498749874988,1.1533440272172404e-05,1.0153624045491293e-05,7.772456853150997e-17
0.04988498849884988,1.1533440272119602e-05,1.0134696101700451e-05,7.772456853150997e-17
0.049894989498949896,1.1533440272111879e-05,1.0115803117592524e-05,7.772456853150997e-17
0.04990499049904991,1.1533440272137732e-05,1.009694502863819e-05,7.772456853150997e-17
0.049914991499149915,1.1533440272135892e-05,1.0078121770388041e-05,7.772456853150997e-17
0.04992499249924993,1.1533440272150707e-05,1.0059333278465958e-05,7.772456853150997e-17
0.04993499349934993,1.1533440272202762e-05,1.0040579488672636e-05,7.772456853150997e-17
0.049944994499449946,1.1533440272207897e-05,1.002186033686971e-05,7.772456853150997e-17
0.04995499549954996,1.1533440272151205e-05,1.0003175759160329e-05,7.772456853150997e-17
0.049964996499649965,1.1533440272180234e-05,9.984525691604433e-06,7.772456853150997e-17
0.04997499749974998,1.153344027216953e-05,9.965910070510932e-06,7.772456853150997e-17
0.049984998499849984,1.1533440272188327e-05,9.947328832218736e-06,7.772456853150997e-17
0.049994999499949996,1.1533440272187115e-05,9.928781913254175e-06,7.772456853150997e-17
0.05000500050005001,1.1533440272198996e-05,9.910269250280774e-06,7.772456853150997e-17
0.050015001500150015,1.1533440272208659e-05,9.891790779982593e-06,7.772456853150997e-17
0.05002500250025003,1.1533440272219232e-05,9.873346439158123e-06,7.772456853150997e-17
0.050035003500350034,1.1533440272182452e-05,9.854936164875103e-06,7.772456853150997e-17
0.05004500450045005,1.1533440272191598e-05,9.836559894132217e-06,7.772456853150997e-17
0.05005500550055006,1.1533440272178806e-05,9.818217564146992e-06,7.772456853150997e-17
0.050065006500650065,1.1533440272183394e-05,9.799909112241356e-06,7.772456853150997e-17
0.05007500750075008,1.1533440272186724e-05,9.781634475798989e-06,7.772456853150997e-17
0.050085008500850084,1.1533440272224476e-05,9.763393592412691e-06,7.772456853150997e-17
0.0500950095009501,1.1533440272199142e-05,9.745186399700765e-06,7.772456853150997e-17
0.05010501050105011,1.1533440272185066e-05,9.727012835456536e-06,7.772456853150997e-17
0.050115011501150115,1.1533440272210102e-05,9.70887283757802e-06,7.772456853150997e-17
0.05012501250125013,1.1533440272218666e-05,9.690766344052304e-06,7.772456853150997e-17
0.050135013501350134,1.1533440272218385e-05,9.67269329303436e-06,7.772456853150997e-17
0.05014501450145015,1.1533440272164962e-05,9.654653622752774e-06,7.772456853150997e-17
0.05015501550155016,1.1533440272199826e-05,9.636647271447733e-06,7.772456853150997e-17
0.050165016501650166,1.1533440272191894e-05,9.618674177723257e-06,7.772456853150997e-17
0.05017501750175018,1.1533440272235035e-05,9.600734280132248e-06,7.772456853150997e-17
0.050185018501850184,1.1533440272247023e-05,9.582827517261897e-06,7.772456853150997e-17
0.0501950195019502,1.1533440272246127e-05,9.564953827989892e-06,7.772456853150997e-17
0.05020502050205021,1.1533440272252935e-05,9.547113151223854e-06,7.772456853150997e-17
0.050215021502150216,1.1533440272295193e-05,9.529305426007381e-06,7.772456853150997e-17
0.05022502250225023,1.1533440272357296e-05,9.511530591394396e-06,7.772456853150997e-17
0.050235023502350235,1.1533440272368538e-05,9.493788586717396e-06,7.772456853150997e-17
0.05024502450245025,1.1533440272372245e-05,9.476079351299132e-06,7.772456853150997e-17
0.05025502550255026,1.1533440272389583e-05,9.458402824619059e-06,7.772456853150997e-17
0.050265026502650266,1.15334402723917e-05,9.440758946286135e-06,7.772456853150997e-17
0.05027502750275028,1.1533440272425493e-05,9.423147655991991e-06,7.772456853150997e-17
0.050285028502850285,1.153344027238932e-05,9.405568893514032e-06,7.772456853150997e-17
0.0502950295029503,1.1533440272390388e-05,9.388022598833516e-06,7.772456853150997e-17
0.0503050305030503,1.1533440272438345e-05,9.370508711961528e-06,7.772456853150997e-17
0.050315031503150316,1.1533440272434102e-05,9.35302717302414e-06,7.772456853150997e-17
0.05032503250325033,1.1533440272445686e-05,9.335577922272558e-06,7.772456853150997e-17
0.050335033503350335,1.153344027248091e-05,9.318160900098762e-06,7.772456853150997e-17
0.05034503450345035,1.153344027247282e-05,9.300776046999482e-06,7.772456853150997e-17
0.050355035503550354,1.1533440272499669e-05,9.283423303505591e-06,7.772456853150997e-17
0.050365036503650366,1.1533440272505707e-05,9.266102610304279e-06,7.772456853150997e-17
0.05037503750375038,1.153344027252686e-05,9.248813908209288e-06,7.772456853150997e-17
0.050385038503850385,1.153344027253113e-05,9.23155713814152e-06,7.772456853150997e-17
0.0503950395039504,1.1533440272536601e-05,9.214332241125652e-06,7.772456853150997e-17
0.050405040504050404,1.153344027252952e-05,9.197139158332659e-06,7.772456853150997e-17
0.05041504150415042,1.1533440272575824e-05,9.179977830935986e-06,7.772456853150997e-17
0.05042504250425043,1.1533440272578428e-05,9.1628482003147e-06,7.772456853150997e-17
0.050435043504350435,1.1533440272584e-05,9.145750207927262e-06,7.772456853150997e-17
0.05044504450445045,1.1533440272624388e-05,9.128683795308988e-06,7.772456853150997e-17
0.050455045504550454,1.1533440272643034e-05,9.111648904139623e-06,7.772456853150997e-17
0.05046504650465047,1.1533440272701756e-05,9.09464547626093e-06,7.772456853150997e-17
0.05047504750475048,1.1533440272715061e-05,9.077673453443739e-06,7.772456853150997e-17
0.050485048504850485,1.1533440272708339e-05,9.060732777845086e-06,7.772456853150997e-17
0.0504950495049505,1.1533440272732649e-05,9.043823391406482e-06,7.772456853150997e-17
0.050505050505050504,1.1533440272711537e-05,9.026945236391928e-06,7.772456853150997e-17
0.05051505150515052,1.1533440272731166e-05,9.010098255155052e-06,7.772456853150997e-17
0.05052505250525053,1.1533440272738908e-05,8.993282390080205e-06,7.772456853150997e-17
0.050535053505350536,1.1533440272760272e-05,8.976497583756459e-06,7.772456853150997e-17
0.05054505450545055,1.1533440272789686e-05,8.959743778736587e-06,7.772456853150997e-17
0.050555055505550554,1.1533440272800479e-05,8.943020917825559e-06,7.772456853150997e-17
0.05056505650565057,1.1533440272829048e-05,8.92632894382626e-06,7.772456853150997e-17
0.05057505750575058,1.1533440272822546e-05,8.909667799669105e-06,7.772456853150997e-17
0.050585058505850586,1.153344027286294e-05,8.89303742855868e-06,7.772456853150997e-17
0.0505950595059506,1.1533440272894811e-05,8.876437773481839e-06,7.772456853150997e-17
0.050605060506050605,1.1533440272953631e-05,8.859868777753703e-06,7.772456853150997e-17
0.05061506150615062,1.1533440272976084e-05,8.843330384805678e-06,7.772456853150997e-17
0.05062506250625063,1.1533440272936021e-05,8.826822538043092e-06,7.772456853150997e-17
0.050635063506350636,1.153344027294516e-05,8.810345181098801e-06,7.772456853150997e-17
0.05064506450645065,1.1533440272952937e-05,8.793898257617929e-06,7.772456853150997e-17
0.050655065506550655,1.1533440272979583e-05,8.777481711429103e-06,7.772456853150997e-17
0.05066506650665067,1.1533440273026168e-05,8.761095486432156e-06,7.772456853150997e-17
0.05067506750675067,1.1533440273035561e-05,8.74473952660303e-06,7.772456853150997e-17
0.050685068506850686,1.1533440273068424e-05,8.728413776012275e-06,7.772456853150997e-17
0.0506950695069507,1.1533440273061772e-05,8.712118178872295e-06,7.772456853150997e-17
0.050705070507050705,1.1533440273071367e-05,8.695852679531406e-06,7.772456853150997e-17
0.05071507150715072,1.1533440273084593e-05,8.679617222342083e-06,7.772456853150997e-17
0.050725072507250724,1.153344027306241e-05,8.663411751894851e-06,7.772456853150997e-17
0.050735073507350736,1.1533440273057621e-05,8.64723621278671e-06,7.772456853150997e-17
0.05074507450745075,1.1533440273035861e-05,8.631090549643678e-06,7.772456853150997e-17
0.050755075507550755,1.1533440273090053e-05,8.61497470737544e-06,7.772456853150997e-17
0.05076507650765077,1.1533440273120625e-05,8.598888630823595e-06,7.772456853150997e-17
0.050775077507750774,1.1533440273137356e-05,8.582832265069882e-06,7.772456853150997e-17
0.05078507850785079,1.153344027313034e-05,8.566805555263236e-06,7.772456853150997e-17
0.0507950795079508,1.1533440273133014e-05,8.550808446661637e-06,7.772456853150997e-17
0.050805080508050805,1.1533440273141652e-05,8.534840884517555e-06,7.772456853150997e-17
0.05081508150815082,1.1533440273203182e-05,8.518902814223847e-06,7.772456853150997e-17
0.050825082508250824,1.1533440273211166e-05,8.502994181382909e-06,7.772456853150997e-17
0.05083508350835084,1.1533440273194809e-05,8.48711493163379e-06,7.772456853150997e-17
0.05084508450845085,1.1533440273189986e-05,8.47126501064733e-06,7.772456853150997e-17
0.050855085508550855,1.1533440273162637e-05,8.455444364305297e-06,7.772456853150997e-17
0.05086508650865087,1.153344027317619e-05,8.439652938505021e-06,7.772456853150997e-17
0.050875087508750874,1.1533440273136836e-05,8.423890679270708e-06,7.772456853150997e-17
0.05088508850885089,1.1533440273150231e-05,8.408157532709682e-06,7.772456853150997e-17
0.0508950895089509,1.1533440273180182e-05,8.392453445130387e-06,7.772456853150997e-17
0.050905090509050906,1.153344027312658e-05,8.37677836280942e-06,7.772456853150997e-17
0.05091509150915092,1.1533440273138628e-05,8.361132232173413e-06,7.772456853150997e-17
0.050925092509250924,1.1533440273181112e-05,8.345514999740075e-06,7.772456853150997e-17
0.05093509350935094,1.1533440273181825e-05,8.329926612148255e-06,7.772456853150997e-17
0.05094509450945095,1.153344027323962e-05,8.31436701617266e-06,7.772456853150997e-17
0.050955095509550956,1.1533440273245161e-05,8.298836158526425e-06,7.772456853150997e-17
0.05096509650965097,1.1533440273251179e-05,8.283333986200316e-06,7.772456853150997e-17
0.050975097509750975,1.1533440273300859e-05,8.267860446238093e-06,7.772456853150997e-17
0.05098509850985099,1.1533440273343117e-05,8.252415485724711e-06,7.772456853150997e-17
0.050995099509951,1.153344027337053e-05,8.23699905184755e-06,7.772456853150997e-17
0.051005100510051006,1.1533440273449206e-05,8.221611091959744e-06,7.772456853150997e-17
0.05101510151015102,1.1533440273460928e-05,8.20625155347053e-06,7.772456853150997e-17
0.051025102510251025,1.1533440273513046e-05,8.190920383855146e-06,7.772456853150997e-17
0.05103510351035104,1.1533440273515946e-05,8.175617530767626e-06,7.772456853150997e-17
0.05104510451045104,1.1533440273500418e-05,8.160342941810229e-06,7.772456853150997e-17
0.051055105510551056,1.1533440273538535e-05,8.145096564836703e-06,7.772456853150997e-17
0.05106510651065107,1.153344027354759e-05,8.129878347787654e-06,7.772456853150997e-17
0.051075107510751075,1.1533440273568123e-05,8.114688238541899e-06,7.772456853150997e-17
0.05108510851085109,1.1533440273592247e-05,8.099526185316605e-06,7.772456853150997e-17
0.051095109510951094,1.1533440273622533e-05,8.084392136163868e-06,7.772456853150997e-17
0.051105110511051106,1.1533440273621112e-05,8.069286039504139e-06,7.772456853150997e-17
0.05111511151115112,1.1533440273598637e-05,8.05420784359711e-06,7.772456853150997e-17
0.051125112511251125,1.153344027366991e-05,8.039157496955407e-06,7.772456853150997e-17
0.05113511351135114,1.1533440273693657e-05,8.024134948094989e-06,7.772456853150997e-17
0.051145114511451144,1.1533440273651791e-05,8.009140145691297e-06,7.772456853150997e-17
0.05115511551155116,1.1533440273654517e-05,7.994173038544936e-06,7.772456853150997e-17
0.05116511651165117,1.1533440273677812e-05,7.979233575443364e-06,7.772456853150997e-17
0.051175117511751175,1.1533440273702183e-05,7.964321705311426e-06,7.772456853150997e-17
0.05118511851185119,1.1533440273723244e-05,7.949437377287137e-06,7.772456853150997e-17
0.051195119511951194,1.1533440273739776e-05,7.934580540472476e-06,7.772456853150997e-17
0.05120512051205121,1.1533440273732447e-05,7.919751144063986e-06,7.772456853150997e-17
0.05121512151215122,1.153344027375522e-05,7.904949137351326e-06,7.772456853150997e-17
0.051225122512251225,1.1533440273754367e-05,7.890174469740388e-06,7.772456853150997e-17
0.05123512351235124,1.1533440273742636e-05,7.875427090795848e-06,7.772456853150997e-17
0.051245124512451244,1.1533440273768313e-05,7.860706950065248e-06,7.772456853150997e-17
0.05125512551255126,1.1533440273829661e-05,7.846013997269888e-06,7.772456853150997e-17
0.05126512651265127,1.1533440273855137e-05,7.83134818218018e-06,7.772456853150997e-17
0.051275127512751276,1.1533440273829589e-05,7.81670945467052e-06,7.772456853150997e-17
0.05128512851285129,1.1533440273834488e-05,7.802097764730457e-06,7.772456853150997e-17
0.051295129512951294,1.1533440273871288e-05,7.787513062436738e-06,7.772456853150997e-17
0.05130513051305131,1.1533440273864312e-05,7.77295529792058e-06,7.772456853150997e-17
0.05131513151315132,1.153344027389301e-05,7.758424421367106e-06,7.772456853150997e-17
0.051325132513251326,1.1533440273898922e-05,7.743920383240005e-06,7.772456853150997e-17
0.05133513351335134,1.1533440273880814e-05,7.729443133850054e-06,7.772456853150997e-17
0.051345134513451345,1.153344027387072e-05,7.71499262380775e-06,7.772456853150997e-17
0.05135513551355136,1.1533440273882408e-05,7.700568803647775e-06,7.772456853150997e-17
0.05136513651365137,1.1533440273912508e-05,7.68617162414472e-06,7.772456853150997e-17
0.051375137513751376,1.1533440273943465e-05,7.67180103603665e-06,7.772456853150997e-17
0.05138513851385139,1.1533440273965753e-05,7.657456990260602e-06,7.772456853150997e-17
0.051395139513951395,1.1533440273982603e-05,7.643139437721565e-06,7.772456853150997e-17
0.05140514051405141,1.1533440273979791e-05,7.628848329585246e-06,7.772456853150997e-17
0.05141514151415141,1.1533440274026812e-05,7.614583616926647e-06,7.772456853150997e-17
0.051425142514251426,1.1533440274024067e-05,7.600345251064693e-06,7.772456853150997e-17
0.05143514351435144,1.1533440274034477e-05,7.586133183296706e-06,7.772456853150997e-17
0.051445144514451445,1.1533440274048413e-05,7.571947365063912e-06,7.772456853150997e-17
0.05145514551455146,1.1533440274039775e-05,7.557787747863946e-06,7.772456853150997e-17
0.051465146514651464,1.1533440274079416e-05,7.543654283303386e-06,7.772456853150997e-17
0.051475147514751476,1.1533440274097988e-05,7.5295469230397425e-06,7.772456853150997e-17
0.05148514851485149,1.1533440274096734e-05,7.515465618932437e-06,7.772456853150997e-17
0.051495149514951495,1.1533440274137695e-05,7.501410322839979e-06,7.772456853150997e-17
0.05150515051505151,1.153344027421079e-05,7.487380986738163e-06,7.772456853150997e-17
0.051515151515151514,1.1533440274237764e-05,7.473377562600788e-06,7.772456853150997e-17
0.05152515251525153,1.1533440274236088e-05,7.45940000266787e-06,7.772456853150997e-17
0.05153515351535154,1.1533440274220162e-05,7.445448259114541e-06,7.772456853150997e-17
0.051545154515451545,1.1533440274242737e-05,7.431522284241627e-06,7.772456853150997e-17
0.05155515551555156,1.1533440274257691e-05,7.417622030490889e-06,7.772456853150997e-17
0.051565156515651564,1.153344027430961e-05,7.403747450378125e-06,7.772456853150997e-17
0.05157515751575158,1.1533440274315868e-05,7.389898496403713e-06,7.772456853150997e-17
0.05158515851585159,1.153344027435434e-05,7.376075121311603e-06,7.772456853150997e-17
0.051595159515951595,1.1533440274361652e-05,7.3622772778765566e-06,7.772456853150997e-17
0.05160516051605161,1.1533440274385e-05,7.348504918845279e-06,7.772456853150997e-17
0.051615161516151614,1.1533440274404827e-05,7.3347579972338e-06,7.772456853150997e-17
0.05162516251625163,1.1533440274436672e-05,7.321036465979282e-06,7.772456853150997e-17
0.05163516351635164,1.1533440274435764e-05,7.307340278230061e-06,7.772456853150997e-17
0.051645164516451646,1.1533440274436957e-05,7.293669387229619e-06,7.772456853150997e-17
0.05165516551655166,1.1533440274480537e-05,7.280023746164729e-06,7.772456853150997e-17
0.051665166516651664,1.1533440274507096e-05,7.2664033084248354e-06,7.772456853150997e-17
0.05167516751675168,1.1533440274534147e-05,7.252808027476394e-06,7.772456853150997e-17
0.05168516851685169,1.1533440274579079e-05,7.239237856866988e-06,7.772456853150997e-17
0.051695169516951696,1.1533440274587481e-05,7.225692750205876e-06,7.772456853150997e-17
0.05170517051705171,1.1533440274595188e-05,7.212172661220587e-06,7.772456853150997e-17
0.051715171517151715,1.1533440274612567e-05,7.19867754366457e-06,7.772456853150997e-17
0.05172517251725173,1.1533440274608324e-05,7.185207351424948e-06,7.772456853150997e-17
0.05173517351735174,1.1533440274621632e-05,7.171762038481354e-06,7.772456853150997e-17
0.051745174517451746,1.1533440274597661e-05,7.158341558853486e-06,7.772456853150997e-17
0.05175517551755176,1.1533440274596277e-05,7.144945866746026e-06,7.772456853150997e-17
0.051765176517651765,1.1533440274597519e-05,7.131574916275733e-06,7.772456853150997e-17
0.05177517751775178,1.1533440274629318e-05,7.118228661820271e-06,7.772456853150997e-17
0.05178517851785178,1.1533440274690538e-05,7.104907057713629e-06,7.772456853150997e-17
0.051795179517951796,1.1533440274696202e-05,7.091610058475264e-06,7.772456853150997e-17
0.05180518051805181,1.153344027469373e-05,7.078337618611539e-06,7.772456853150997e-17
0.051815181518151815,1.1533440274691573e-05,7.065089692799502e-06,7.772456853150997e-17
0.05182518251825183,1.153344027468797e-05,7.0518662357547375e-06,7.772456853150997e-17
0.051835183518351834,1.1533440274670226e-05,7.0386672022821216e-06,7.772456853150997e-17
0.051845184518451846,1.1533440274697142e-05,7.025492547245552e-06,7.772456853150997e-17
0.05185518551855186,1.1533440274704502e-05,7.012342225625496e-06,7.772456853150997e-17
0.051865186518651865,1.1533440274710918e-05,6.999216192566599e-06,7.772456853150997e-17
0.05187518751875188,1.153344027467218e-05,6.986114403097945e-06,7.772456853150997e-17
0.051885188518851884,1.1533440274676986e-05,6.973036812469686e-06,7.772456853150997e-17
0.0518951895189519,1.1533440274737882e-05,6.9599833760236366e-06,7.772456853150997e-17
0.05190519051905191,1.1533440274775499e-05,6.946954049061207e-06,7.772456853150997e-17
0.051915191519151915,1.1533440274817817e-05,6.933948787164501e-06,7.772456853150997e-17
0.05192519251925193,1.1533440274837527e-05,6.920967545825174e-06,7.772456853150997e-17
0.051935193519351934,1.153344027483764e-05,6.90801028073463e-06,7.772456853150997e-17
0.05194519451945195,1.1533440274865161e-05,6.895076947498143e-06,7.772456853150997e-17
0.05195519551955196,1.153344027489013e-05,6.88216750200713e-06,7.772456853150997e-17
0.051965196519651966,1.153344027489776e-05,6.869281900117793e-06,7.772456853150997e-17
0.05197519751975198,1.1533440274873951e-05,6.856420097752199e-06,7.772456853150997e-17
0.051985198519851984,1.1533440274906854e-05,6.843582050994696e-06,7.772456853150997e-17
0.051995199519952,1.1533440274928197e-05,6.8307677159582244e-06,7.772456853150997e-17
0.05200520052005201,1.153344027491086e-05,6.817977048847612e-06,7.772456853150997e-17
0.052015201520152016,1.1533440274946352e-05,6.805210005944564e-06,7.772456853150997e-17
0.05202520252025203,1.1533440274971001e-05,6.7924665436495075e-06,7.772456853150997e-17
0.052035203520352034,1.153344027496371e-05,6.77974661835764e-06,7.772456853150997e-17
0.05204520452045205,1.1533440274944323e-05,6.767050186667556e-06,7.772456853150997e-17
0.05205520552055206,1.1533440274946068e-05,6.754377205090586e-06,7.772456853150997e-17
0.052065206520652066,1.153344027498481e-05,6.741727630406791e-06,7.772456853150997e-17
0.05207520752075208,1.153344027499759e-05,6.72910141931222e-06,7.772456853150997e-17
0.052085208520852085,1.1533440275027444e-05,6.716498528663788e-06,7.772456853150997e-17
0.0520952095209521,1.1533440275034518e-05,6.703918915409187e-06,7.772456853150997e-17
0.05210521052105211,1.153344027505296e-05,6.691362536550546e-06,7.772456853150997e-17
0.052115211521152116,1.1533440275031659e-05,6.6788293491459115e-06,7.772456853150997e-17
0.05212521252125213,1.153344027506076e-05,6.6663193104314455e-06,7.772456853150997e-17
0.052135213521352135,1.1533440275065967e-05,6.653832377595299e-06,7.772456853150997e-17
0.05214521452145215,1.1533440275109145e-05,6.641368507972205e-06,7.772456853150997e-17
0.05215521552155215,1.1533440275123663e-05,6.628933788942081e-06,7.772456853150997e-17
0.052165216521652166,1.1533440275125386e-05,6.616524702349796e-06,7.772456853150997e-17
0.05217521752175218,1.1533440275158243e-05,6.604138535206808e-06,7.772456853150997e-17
0.052185218521852185,1.1533440275167784e-05,6.591775245183456e-06,7.772456853150997e-17
0.0521952195219522,1.1533440275201086e-05,6.579434789984336e-06,7.772456853150997e-17
0.052205220522052204,1.1533440275223042e-05,6.567117127501459e-06,7.772456853150997e-17
0.052215221522152216,1.1533440275224508e-05,6.554822215532433e-06,7.772456853150997e-17
0.05222522252225223,1.1533440275247168e-05,6.54255001211286e-06,7.772456853150997e-17
0.052235223522352235,1.1533440275277918e-05,6.530300475342626e-06,7.772456853150997e-17
0.05224522452245225,1.15334402753049e-05,6.518073563360904e-06,7.772456853150997e-17
0.052255225522552254,1.1533440275304165e-05,6.50586923425435e-06,7.772456853150997e-17
0.05226522652265227,1.1533440275330312e-05,6.49368744645005e-06,7.772456853150997e-17
0.05227522752275228,1.1533440275302572e-05,6.481528158261615e-06,7.772456853150997e-17
0.052285228522852285,1.153344027527412e-05,6.469391328146063e-06,7.772456853150997e-17
0.0522952295229523,1.1533440275254557e-05,6.45727691461359e-06,7.772456853150997e-17
0.052305230523052304,1.1533440275302157e-05,6.44518487626337e-06,7.772456853150997e-17
0.05231523152315232,1.1533440275318945e-05,6.433115171737105e-06,7.772456853150997e-17
0.05232523252325233,1.1533440275342117e-05,6.4210677598426104e-06,7.772456853150997e-17
0.052335233523352336,1.1533440275310302e-05,6.4090425993858794e-06,7.772456853150997e-17
0.05234523452345235,1.1533440275336669e-05,6.397039649246935e-06,7.772456853150997e-17
0.052355235523552354,1.1533440275378382e-05,6.385058868397855e-06,7.772456853150997e-17
0.05236523652365237,1.153344027538297e-05,6.373100215932718e-06,7.772456853150997e-17
0.05237523752375238,1.1533440275381866e-05,6.361163651006206e-06,7.772456853150997e-17
0.052385238523852386,1.1533440275401724e-05,6.3492491327194275e-06,7.772456853150997e-17
0.0523952395239524,1.15334402754377e-05,6.337356620417783e-06,7.772456853150997e-17
0.052405240524052404,1.1533440275435182e-05,6.325486073484144e-06,7.772456853150997e-17
0.05241524152415242,1.1533440275467494e-05,6.313637451272233e-06,7.772456853150997e-17
0.05242524252425243,1.1533440275457535e-05,6.301810713302627e-06,7.772456853150997e-17
0.052435243524352436,1.1533440275452582e-05,6.290005819192012e-06,7.772456853150997e-17
0.05244524452445245,1.1533440275433396e-05,6.2782227285731946e-06,7.772456853150997e-17
0.052455245524552455,1.1533440275487595e-05,6.266461401228116e-06,7.772456853150997e-17
0.05246524652465247,1.1533440275512846e-05,6.2547217969354084e-06,7.772456853150997e-17
0.05247524752475248,1.1533440275539638e-05,6.243003875514459e-06,7.772456853150997e-17
0.052485248524852486,1.1533440275562874e-05,6.231307596932065e-06,7.772456853150997e-17
0.0524952495249525,1.153344027559106e-05,6.219632921304645e-06,7.772456853150997e-17
0.052505250525052505,1.153344027558491e-05,6.2079798086285765e-06,7.772456853150997e-17
0.05251525152515252,1.1533440275578681e-05,6.196348219077452e-06,7.772456853150997e-17
0.05252525252525253,1.1533440275624834e-05,6.184738112939103e-06,7.772456853150997e-17
0.052535253525352536,1.1533440275612774e-05,6.173149450585558e-06,7.772456853150997e-17
0.05254525452545255,1.1533440275613291e-05,6.161582192343294e-06,7.772456853150997e-17
0.052555255525552555,1.1533440275658975e-05,6.1500362986431815e-06,7.772456853150997e-17
0.05256525652565257,1.1533440275640672e-05,6.1385117300800435e-06,7.772456853150997e-17
0.052575257525752574,1.153344027564369e-05,6.127008447304559e-06,7.772456853150997e-17
0.052585258525852586,1.1533440275645087e-05,6.115526410903892e-06,7.772456853150997e-17
0.0525952595259526,1.153344027561978e-05,6.104065581715014e-06,7.772456853150997e-17
0.052605260526052605,1.153344027561756e-05,6.092625920554027e-06,7.772456853150997e-17
0.05261526152615262,1.1533440275606003e-05,6.081207388286581e-06,7.772456853150997e-17
0.052625262526252624,1.1533440275635078e-05,6.069809945941447e-06,7.772456853150997e-17
0.05263526352635264,1.153344027568802e-05,6.058433554523073e-06,7.772456853150997e-17
0.05264526452645265,1.1533440275717957e-05,6.047078175166504e-06,7.772456853150997e-17
0.052655265526552655,1.1533440275747556e-05,6.035743769064043e-06,7.772456853150997e-17
0.05266526652665267,1.1533440275768859e-05,6.024430297475639e-06,7.772456853150997e-17
0.052675267526752674,1.1533440275779565e-05,6.013137721776666e-06,7.772456853150997e-17
0.05268526852685269,1.1533440275808864e-05,6.001866003297011e-06,7.772456853150997e-17
0.0526952695269527,1.1533440275828859e-05,5.990615103543573e-06,7.772456853150997e-17
0.052705270527052706,1.1533440275815508e-05,5.97938498408519e-06,7.772456853150997e-17
0.05271527152715272,1.1533440275823753e-05,5.968175606483412e-06,7.772456853150997e-17
0.052725272527252724,1.153344027584827e-05,5.9569869324681385e-06,7.772456853150997e-17
0.05273527352735274,1.1533440275847834e-05,5.9458189238934055e-06,7.772456853150997e-17
0.05274527452745275,1.1533440275825337e-05,5.934671542459581e-06,7.772456853150997e-17
0.052755275527552756,1.153344027580529e-05,5.923544750105514e-06,7.772456853150997e-17
0.05276527652765277,1.1533440275840275e-05,5.912438508753236e-06,7.772456853150997e-17
0.052775277527752774,1.153344027588628e-05,5.901352780548467e-06,7.772456853150997e-17
0.05278527852785279,1.1533440275865217e-05,5.890287527579902e-06,7.772456853150997e-17
0.0527952795279528,1.1533440275830924e-05,5.8792427119577435e-06,7.772456853150997e-17
0.052805280528052806,1.1533440275865366e-05,5.868218295979757e-06,7.772456853150997e-17
0.05281528152815282,1.1533440275917992e-05,5.857214242028084e-06,7.772456853150997e-17
0.052825282528252825,1.1533440275954264e-05,5.846230512415263e-06,7.772456853150997e-17
0.05283528352835284,1.1533440275945536e-05,5.835267069667328e-06,7.772456853150997e-17
0.05284528452845285,1.1533440276011608e-05,5.824323876199164e-06,7.772456853150997e-17
0.052855285528552856,1.1533440276032435e-05,5.81340089468908e-06,7.772456853150997e-17
0.05286528652865287,1.1533440276020021e-05,5.802498087856998e-06,7.772456853150997e-17
0.052875287528752875,1.153344027600982e-05,5.791615418308305e-06,7.772456853150997e-17
0.05288528852885289,1.1533440275971186e-05,5.780752848948418e-06,7.772456853150997e-17
0.0528952895289529,1.1533440275983382e-05,5.76991034265071e-06,7.772456853150997e-17
0.052905290529052906,1.1533440276004086e-05,5.759087862297274e-06,7.772456853150997e-17
0.05291529152915292,1.1533440276040858e-05,5.748285370911754e-06,7.772456853150997e-17
0.052925292529252925,1.1533440276078514e-05,5.7375028316410425e-06,7.772456853150997e-17
0.05293529352935294,1.1533440276108106e-05,5.72674020756771e-06,7.772456853150997e-17
0.052945294529452944,1.1533440276125626e-05,5.715997461937627e-06,7.772456853150997e-17
0.052955295529552956,1.153344027617566e-05,5.705274558047722e-06,7.772456853150997e-17
0.05296529652965297,1.1533440276243866e-05,5.694571459240421e-06,7.772456853150997e-17
0.052975297529752975,1.1533440276274127e-05,5.683888128898281e-06,7.772456853150997e-17
0.05298529852985299,1.1533440276289096e-05,5.673224530557526e-06,7.772456853150997e-17
0.052995299529952994,1.1533440276270441e-05,5.6625806277720366e-06,7.772456853150997e-17
0.05300530053005301,1.1533440276294417e-05,5.6519563841115996e-06,7.772456853150997e-17
0.05301530153015302,1.15334402763385e-05,5.64135176334414e-06,7.772456853150997e-17
0.053025302530253025,1.1533440276345298e-05,5.630766729185811e-06,7.772456853150997e-17
0.05303530353035304,1.1533440276367923e-05,5.620201245456103e-06,7.772456853150997e-17
0.053045304530453044,1.1533440276368812e-05,5.609655276008582e-06,7.772456853150997e-17
0.05305530553055306,1.153344027635555e-05,5.59912878488021e-06,7.772456853150997e-17
0.05306530653065307,1.1533440276408284e-05,5.588621736069252e-06,7.772456853150997e-17
0.053075307530753076,1.1533440276412343e-05,5.578134093695449e-06,7.772456853150997e-17
0.05308530853085309,1.153344027643016e-05,5.567665821834907e-06,7.772456853150997e-17
0.053095309530953094,1.1533440276424242e-05,5.557216884777332e-06,7.772456853150997e-17
0.05310531053105311,1.1533440276464735e-05,5.546787246720277e-06,7.772456853150997e-17
0.05311531153115312,1.1533440276468034e-05,5.536376872139854e-06,7.772456853150997e-17
0.053125312531253126,1.1533440276486473e-05,5.525985725347771e-06,7.772456853150997e-17
0.05313531353135314,1.1533440276479216e-05,5.515613770929385e-06,7.772456853150997e-17
0.053145314531453144,1.153344027644442e-05,5.505260973389838e-06,7.772456853150997e-17
0.05315531553155316,1.153344027650446e-05,5.494927297338886e-06,7.772456853150997e-17
0.05316531653165317,1.1533440276538668e-05,5.484612707472315e-06,7.772456853150997e-17
0.053175317531753176,1.1533440276534305e-05,5.474317168538312e-06,7.772456853150997e-17
0.05318531853185319,1.1533440276518003e-05,5.46404064537473e-06,7.772456853150997e-17
0.053195319531953195,1.153344027654579e-05,5.4537831027092996e-06,7.772456853150997e-17
0.05320532053205321,1.1533440276546828e-05,5.4435445056282575e-06,7.772456853150997e-17
0.05321532153215322,1.1533440276539601e-05,5.433324819194164e-06,7.772456853150997e-17
0.053225322532253226,1.1533440276514973e-05,5.423124008356767e-06,7.772456853150997e-17
0.05323532353235324,1.15334402765355e-05,5.412942038279566e-06,7.772456853150997e-17
0.053245324532453245,1.1533440276557731e-05,5.402778874194262e-06,7.772456853150997e-17
0.05325532553255326,1.1533440276583232e-05,5.392634481342296e-06,7.772456853150997e-17
0.05326532653265327,1.153344027657493e-05,5.382508825056822e-06,7.772456853150997e-17
0.053275327532753276,1.1533440276563862e-05,5.372401870781573e-06,7.772456853150997e-17
0.05328532853285329,1.1533440276578956e-05,5.362313583924313e-06,7.772456853150997e-17
0.053295329532953295,1.1533440276585436e-05,5.352243930010874e-06,7.772456853150997e-17
0.05330533053305331,1.1533440276609534e-05,5.3421928745868605e-06,7.772456853150997e-17
0.053315331533153314,1.1533440276603794e-05,5.332160383347089e-06,7.772456853150997e-17
0.053325332533253327,1.1533440276619722e-05,5.32214642200513e-06,7.772456853150997e-17
0.05333533353335334,1.1533440276576994e-05,5.3121509563517805e-06,7.772456853150997e-17
0.053345334533453345,1.1533440276580977e-05,5.302173952196123e-06,7.772456853150997e-17
0.05335533553355336,1.1533440276645883e-05,5.292215375437686e-06,7.772456853150997e-17
0.053365336533653364,1.1533440276637379e-05,5.2822751921034736e-06,7.772456853150997e-17
0.05337533753375338,1.1533440276641946e-05,5.272353368151357e-06,7.772456853150997e-17
0.05338533853385339,1.1533440276644638e-05,5.262449869709207e-06,7.772456853150997e-17
0.053395339533953395,1.1533440276639265e-05,5.252564662881055e-06,7.772456853150997e-17
0.05340534053405341,1.1533440276645909e-05,5.242697713902198e-06,7.772456853150997e-17
0.053415341534153414,1.1533440276662978e-05,5.232848989096968e-06,7.772456853150997e-17
0.05342534253425343,1.1533440276684e-05,5.223018454741535e-06,7.772456853150997e-17
0.05343534353435344,1.1533440276709907e-05,5.213206077314756e-06,7.772456853150997e-17
0.053445344534453446,1.1533440276720544e-05,5.2034118231991555e-06,7.772456853150997e-17
0.05345534553455346,1.1533440276758549e-05,5.193635658972856e-06,7.772456853150997e-17
0.053465346534653464,1.1533440276740802e-05,5.183877551230687e-06,7.772456853150997e-17
0.05347534753475348,1.1533440276743318e-05,5.174137466572834e-06,7.772456853150997e-17
0.05348534853485349,1.1533440276728366e-05,5.164415371670384e-06,7.772456853150997e-17
0.053495349534953496,1.1533440276761022e-05,5.154711233479898e-06,7.772456853150997e-17
0.05350535053505351,1.153344027676657e-05,5.145025018656625e-06,7.772456853150997e-17
0.053515351535153514,1.1533440276793091e-05,5.135356694150741e-06,7.772456853150997e-17
0.05352535253525353,1.153344027679738e-05,5.125706226935078e-06,7.772456853150997e-17
0.05353535353535354,1.153344027682061e-05,5.116073584031959e-06,7.772456853150997e-17
0.053545354535453546,1.1533440276797694e-05,5.1064587324922955e-06,7.772456853150997e-17
0.05355535553555356,1.1533440276820133e-05,5.0968616395390794e-06,7.772456853150997e-17
0.053565356535653565,1.1533440276777302e-05,5.087282272218731e-06,7.772456853150997e-17
0.05357535753575358,1.1533440276791575e-05,5.077720597889208e-06,7.772456853150997e-17
0.05358535853585359,1.1533440276800702e-05,5.068176583910903e-06,7.772456853150997e-17
0.053595359535953596,1.1533440276821287e-05,5.058650197616958e-06,7.772456853150997e-17
0.05360536053605361,1.1533440276821499e-05,5.049141406407723e-06,7.772456853150997e-17
0.053615361536153615,1.1533440276802064e-05,5.03965017784112e-06,7.772456853150997e-17
0.05362536253625363,1.153344027679731e-05,5.030176479424054e-06,7.772456853150997e-17
0.05363536353635364,1.1533440276838858e-05,5.02072027880862e-06,7.772456853150997e-17
0.053645364536453646,1.153344027689702e-05,5.0112815437023126e-06,7.772456853150997e-17
0.05365536553655366,1.153344027694209e-05,5.001860241869527e-06,7.772456853150997e-17
0.053665366536653665,1.1533440276942402e-05,4.992456341017996e-06,7.772456853150997e-17
0.05367536753675368,1.1533440276941318e-05,4.983069809081209e-06,7.772456853150997e-17
0.053685368536853684,1.1533440276966672e-05,4.973700613953237e-06,7.772456853150997e-17
0.053695369536953697,1.1533440276960255e-05,4.964348723599239e-06,7.772456853150997e-17
0.05370537053705371,1.153344027696084e-05,4.955014106137935e-06,7.772456853150997e-17
0.053715371537153715,1.153344027697061e-05,4.945696729539195e-06,7.772456853150997e-17
0.05372537253725373,1.1533440276973748e-05,4.93639656206301e-06,7.772456853150997e-17
0.053735373537353734,1.1533440277018473e-05,4.9271135718630825e-06,7.772456853150997e-17
0.05374537453745375,1.1533440277003423e-05,4.917847727252037e-06,7.772456853150997e-17
0.05375537553755376,1.15334402769916e-05,4.908598996521364e-06,7.772456853150997e-17
0.053765376537653765,1.1533440277037887e-05,4.89936734813012e-06,7.772456853150997e-17
0.05377537753775378,1.153344027700234e-05,4.890152750448977e-06,7.772456853150997e-17
0.053785378537853784,1.153344027701668e-05,4.880955172043435e-06,7.772456853150997e-17
0.0537953795379538,1.1533440277043279e-05,4.871774581464181e-06,7.772456853150997e-17
0.05380538053805381,1.153344027709788e-05,4.862610947295774e-06,7.772456853150997e-17
0.053815381538153816,1.1533440277104076e-05,4.853464238286354e-06,7.772456853150997e-17
0.05382538253825383,1.1533440277060479e-05,4.844334423123009e-06,7.772456853150997e-17
0.053835383538353834,1.1533440277075605e-05,4.835221470642161e-06,7.772456853150997e-17
0.05384538453845385,1.1533440277112553e-05,4.826125349670518e-06,7.772456853150997e-17
0.05385538553855386,1.1533440277108175e-05,4.817046029111961e-06,7.772456853150997e-17
0.053865386538653866,1.1533440277082785e-05,4.807983477984023e-06,7.772456853150997e-17
0.05387538753875388,1.1533440277071727e-05,4.798937665224351e-06,7.772456853150997e-17
0.053885388538853884,1.153344027704694e-05,4.789908560002034e-06,7.772456853150997e-17
0.0538953895389539,1.1533440277086833e-05,4.7808961314825435e-06,7.772456853150997e-17
0.05390539053905391,1.1533440277108958e-05,4.771900348806031e-06,7.772456853150997e-17
0.053915391539153916,1.153344027714057e-05,4.7629211812190896e-06,7.772456853150997e-17
0.05392539253925393,1.1533440277151931e-05,4.75395859803178e-06,7.772456853150997e-17
0.053935393539353935,1.1533440277184718e-05,4.745012568633543e-06,7.772456853150997e-17
0.05394539453945395,1.1533440277175972e-05,4.736083062459683e-06,7.772456853150997e-17
0.05395539553955396,1.1533440277245478e-05,4.727170049002688e-06,7.772456853150997e-17
0.053965396539653966,1.153344027726528e-05,4.718273497748702e-06,7.772456853150997e-17
0.05397539753975398,1.153344027729534e-05,4.7093933783267545e-06,7.772456853150997e-17
0.053985398539853985,1.1533440277322251e-05,4.700529660396165e-06,7.772456853150997e-17
0.053995399539954,1.1533440277353318e-05,4.69168231366236e-06,7.772456853150997e-17
0.05400540054005401,1.1533440277403878e-05,4.682851307799712e-06,7.772456853150997e-17
0.054015401540154016,1.1533440277414606e-05,4.674036612710407e-06,7.772456853150997e-17
0.05402540254025403,1.153344027743425e-05,4.665238198274949e-06,7.772456853150997e-17
0.054035403540354035,1.1533440277448395e-05,4.656456034393696e-06,7.772456853150997e-17
0.05404540454045405,1.153344027749236e-05,4.647690091096492e-06,7.772456853150997e-17
0.054055405540554054,1.1533440277467954e-05,4.6389403384017115e-06,7.772456853150997e-17
0.05406540654065407,1.1533440277468434e-05,4.6302067464000145e-06,7.772456853150997e-17
0.05407540754075408,1.1533440277465391e-05,4.621489285245387e-06,7.772456853150997e-17
0.054085408540854085,1.1533440277482694e-05,4.612787925113392e-06,7.772456853150997e-17
0.0540954095409541,1.1533440277496174e-05,4.6041026362946424e-06,7.772456853150997e-17
0.054105410541054104,1.1533440277492328e-05,4.595433389041152e-06,7.772456853150997e-17
0.05411541154115412,1.153344027752208e-05,4.586780153842633e-06,7.772456853150997e-17
0.05412541254125413,1.1533440277545092e-05,4.578142901059943e-06,7.772456853150997e-17
0.054135413541354135,1.1533440277571025e-05,4.569521601184102e-06,7.772456853150997e-17
0.05414541454145415,1.1533440277613581e-05,4.560916224752146e-06,7.772456853150997e-17
0.054155415541554154,1.1533440277639199e-05,4.552326742381472e-06,7.772456853150997e-17
0.05416541654165417,1.1533440277682748e-05,4.543753124632532e-06,7.772456853150997e-17
0.05417541754175418,1.1533440277680958e-05,4.5351953422819845e-06,7.772456853150997e-17
0.054185418541854186,1.1533440277674476e-05,4.5266533660528996e-06,7.772456853150997e-17
0.0541954195419542,1.1533440277716492e-05,4.518127166765992e-06,7.772456853150997e-17
0.054205420542054204,1.1533440277734382e-05,4.509616715253316e-06,7.772456853150997e-17
0.05421542154215422,1.1533440277750284e-05,4.501121982447021e-06,7.772456853150997e-17
0.05422542254225423,1.153344027774417e-05,4.4926429392782884e-06,7.772456853150997e-17
0.054235423542354236,1.153344027776255e-05,4.484179556803989e-06,7.772456853150997e-17
0.05424542454245425,1.1533440277742301e-05,4.475731806135054e-06,7.772456853150997e-17
0.054255425542554254,1.1533440277719387e-05,4.467299658338105e-06,7.772456853150997e-17
0.05426542654265427,1.153344027772604e-05,4.458883084629538e-06,7.772456853150997e-17
0.05427542754275428,1.1533440277722074e-05,4.450482056267544e-06,7.772456853150997e-17
0.054285428542854286,1.15334402776989e-05,4.442096544511733e-06,7.772456853150997e-17
0.0542954295429543,1.153344027770589e-05,4.433726520687647e-06,7.772456853150997e-17
0.054305430543054305,1.153344027772957e-05,4.425371956181869e-06,7.772456853150997e-17
0.05431543154315432,1.1533440277733369e-05,4.417032822405284e-06,7.772456853150997e-17
0.05432543254325433,1.1533440277700983e-05,4.408709090959187e-06,7.772456853150997e-17
0.054335433543354336,1.1533440277697675e-05,4.4004007333654814e-06,7.772456853150997e-17
0.05434543454345435,1.1533440277697554e-05,4.392107721175756e-06,7.772456853150997e-17
0.054355435543554355,1.1533440277747331e-05,4.383830026085922e-06,7.772456853150997e-17
0.05436543654365437,1.1533440277783942e-05,4.375567619794985e-06,7.772456853150997e-17
0.05437543754375438,1.1533440277798473e-05,4.36732047413619e-06,7.772456853150997e-17
0.054385438543854386,1.1533440277839775e-05,4.359088560816985e-06,7.772456853150997e-17
0.0543954395439544,1.1533440277866327e-05,4.350871851731671e-06,7.772456853150997e-17
0.054405440544054405,1.1533440277875421e-05,4.342670318819527e-06,7.772456853150997e-17
0.05441544154415442,1.1533440277887464e-05,4.334483934066557e-06,7.772456853150997e-17
0.05442544254425443,1.1533440277880759e-05,4.326312669491123e-06,7.772456853150997e-17
0.05443544354435444,1.1533440277932721e-05,4.3181564971283345e-06,7.772456853150997e-17
0.05444544454445445,1.1533440277914932e-05,4.310015389082464e-06,7.772456853150997e-17
0.054455445544554455,1.1533440277962967e-05,4.30188931757603e-06,7.772456853150997e-17
0.05446544654465447,1.1533440277966736e-05,4.293778254827301e-06,7.772456853150997e-17
0.054475447544754474,1.1533440277987656e-05,4.2856821730851835e-06,7.772456853150997e-17
0.05448544854485449,1.1533440278025839e-05,4.277601044742767e-06,7.772456853150997e-17
0.0544954495449545,1.1533440278022637e-05,4.269534842162904e-06,7.772456853150997e-17
0.054505450545054505,1.1533440278038788e-05,4.261483537749961e-06,7.772456853150997e-17
0.05451545154515452,1.1533440278065687e-05,4.2534471040241536e-06,7.772456853150997e-17
0.054525452545254524,1.1533440278078592e-05,4.245425513487333e-06,7.772456853150997e-17
0.05453545354535454,1.153344027808714e-05,4.237418738744203e-06,7.772456853150997e-17
0.05454545454545455,1.1533440278073691e-05,4.229426752418955e-06,7.772456853150997e-17
0.054555455545554556,1.1533440278093209e-05,4.22144952715505e-06,7.772456853150997e-17
0.05456545654565457,1.1533440278081159e-05,4.21348703577574e-06,7.772456853150997e-17
0.054575457545754574,1.1533440278121911e-05,4.205539251013986e-06,7.772456853150997e-17
0.05458545854585459,1.1533440278123861e-05,4.197606145750045e-06,7.772456853150997e-17
0.0545954595459546,1.1533440278087855e-05,4.189687692856458e-06,7.772456853150997e-17
0.054605460546054606,1.1533440278101093e-05,4.181783865159674e-06,7.772456853150997e-17
0.05461546154615462,1.1533440278142414e-05,4.173894635776976e-06,7.772456853150997e-17
0.054625462546254624,1.1533440278186648e-05,4.166019977767015e-06,7.772456853150997e-17
0.05463546354635464,1.1533440278175506e-05,4.158159864078924e-06,7.772456853150997e-17
0.05464546454645465,1.1533440278251353e-05,4.150314267936086e-06,7.772456853150997e-17
0.054655465546554656,1.1533440278264717e-05,4.142483162524288e-06,7.772456853150997e-17
0.05466546654665467,1.1533440278299617e-05,4.134666521105338e-06,7.772456853150997e-17
0.054675467546754675,1.1533440278298245e-05,4.126864316951931e-06,7.772456853150997e-17
0.05468546854685469,1.1533440278327095e-05,4.119076523346412e-06,7.772456853150997e-17
0.0546954695469547,1.1533440278339455e-05,4.111303113647435e-06,7.772456853150997e-17
0.054705470547054706,1.1533440278349009e-05,4.103544061368308e-06,7.772456853150997e-17
0.05471547154715472,1.1533440278373117e-05,4.095799339986389e-06,7.772456853150997e-17
0.054725472547254725,1.1533440278433462e-05,4.088068922998195e-06,7.772456853150997e-17
0.05473547354735474,1.1533440278471978e-05,4.080352784053827e-06,7.772456853150997e-17
0.05474547454745475,1.1533440278553374e-05,4.0726508966942415e-06,7.772456853150997e-17
0.054755475547554756,1.1533440278586319e-05,4.064963234625728e-06,7.772456853150997e-17
0.05476547654765477,1.1533440278603922e-05,4.057289771608947e-06,7.772456853150997e-17
0.054775477547754775,1.1533440278628637e-05,4.049630481351044e-06,7.772456853150997e-17
0.05478547854785479,1.1533440278660782e-05,4.0419853377653375e-06,7.772456853150997e-17
0.0547954795479548,1.1533440278657529e-05,4.0343543146340244e-06,7.772456853150997e-17
0.05480548054805481,1.1533440278661066e-05,4.026737385893417e-06,7.772456853150997e-17
0.05481548154815482,1.1533440278737038e-05,4.019134525569159e-06,7.772456853150997e-17
0.054825482548254825,1.1533440278745051e-05,4.011545707595957e-06,7.772456853150997e-17
0.05483548354835484,1.1533440278719222e-05,4.003970906118508e-06,7.772456853150997e-17
0.054845484548454844,1.1533440278752334e-05,3.996410095187153e-06,7.772456853150997e-17
0.05485548554855486,1.1533440278784582e-05,3.988863248995016e-06,7.772456853150997e-17
0.05486548654865487,1.1533440278795433e-05,3.981330341681412e-06,7.772456853150997e-17
0.054875487548754875,1.1533440278823436e-05,3.97381134761031e-06,7.772456853150997e-17
0.05488548854885489,1.153344027882654e-05,3.966306241048853e-06,7.772456853150997e-17
0.054895489548954894,1.153344027880942e-05,3.958814996317561e-06,7.772456853150997e-17
0.05490549054905491,1.1533440278832087e-05,3.95133758784056e-06,7.772456853150997e-17
0.05491549154915492,1.1533440278840193e-05,3.9438739900423046e-06,7.772456853150997e-17
0.054925492549254926,1.1533440278856677e-05,3.936424177370169e-06,7.772456853150997e-17
0.05493549354935494,1.1533440278874862e-05,3.928988124470906e-06,7.772456853150997e-17
0.054945494549454944,1.1533440278865997e-05,3.921565805842872e-06,7.772456853150997e-17
0.05495549554955496,1.153344027885733e-05,3.914157196216673e-06,7.772456853150997e-17
0.05496549654965497,1.1533440278869497e-05,3.906762270142228e-06,7.772456853150997e-17
0.054975497549754976,1.153344027889431e-05,3.899381002451142e-06,7.772456853150997e-17
0.05498549854985499,1.1533440278949998e-05,3.892013367895765e-06,7.772456853150997e-17
0.054995499549954995,1.153344027896019e-05,3.884659341257104e-06,7.772456853150997e-17
0.05500550055005501,1.1533440278960347e-05,3.877318897403401e-06,7.772456853150997e-17
0.05501550155015502,1.1533440279002624e-05,3.869992011217193e-06,7.772456853150997e-17
0.055025502550255026,1.1533440278973144e-05,3.862678657718488e-06,7.772456853150997e-17
0.05503550355035504,1.153344027901488e-05,3.855378811925768e-06,7.772456853150997e-17
0.055045504550455045,1.1533440279030135e-05,3.848092448840884e-06,7.772456853150997e-17
0.05505550555055506,1.1533440279069658e-05,3.840819543562837e-06,7.772456853150997e-17
0.05506550655065507,1.1533440279019895e-05,3.833560071327289e-06,7.772456853150997e-17
0.055075507550755076,1.1533440279034943e-05,3.826314007204539e-06,7.772456853150997e-17
0.05508550855085509,1.1533440279054166e-05,3.81908132647337e-06,7.772456853150997e-17
0.055095509550955095,1.1533440279079948e-05,3.8118620044335772e-06,7.772456853150997e-17
0.05510551055105511,1.1533440279087447e-05,3.8046560163779002e-06,7.772456853150997e-17
0.05511551155115512,1.1533440279078794e-05,3.797463337705413e-06,7.772456853150997e-17
0.055125512551255126,1.1533440279061914e-05,3.7902839438128575e-06,7.772456853150997e-17
0.05513551355135514,1.1533440279052473e-05,3.783117810193478e-06,7.772456853150997e-17
0.055145514551455145,1.153344027902469e-05,3.775964912380816e-06,7.772456853150997e-17
0.05515551555155516,1.1533440279046243e-05,3.7688252258146553e-06,7.772456853150997e-17
0.05516551655165517,1.1533440279041237e-05,3.7616987262300242e-06,7.772456853150997e-17
0.05517551755175518,1.1533440279050066e-05,3.7545853892121994e-06,7.772456853150997e-17
0.05518551855185519,1.1533440279116204e-05,3.7474851904444775e-06,7.772456853150997e-17
0.055195519551955195,1.153344027910498e-05,3.7403981056119407e-06,7.772456853150997e-17
0.05520552055205521,1.1533440279091035e-05,3.73332411054316e-06,7.772456853150997e-17
0.055215521552155214,1.1533440279085486e-05,3.726263181082863e-06,7.772456853150997e-17
0.05522552255225523,1.1533440279126008e-05,3.7192152930769362e-06,7.772456853150997e-17
0.05523552355235524,1.153344027914976e-05,3.7121804224459363e-06,7.772456853150997e-17
0.055245524552455245,1.1533440279143563e-05,3.705158545080839e-06,7.772456853150997e-17
0.05525552555255526,1.1533440279130036e-05,3.698149637102295e-06,7.772456853150997e-17
0.055265526552655264,1.15334402791849e-05,3.6911536744454294e-06,7.772456853150997e-17
0.05527552755275528,1.1533440279179515e-05,3.684170633276045e-06,7.772456853150997e-17
0.05528552855285529,1.153344027918882e-05,3.6772004896733523e-06,7.772456853150997e-17
0.055295529552955296,1.153344027925273e-05,3.6702432198916498e-06,7.772456853150997e-17
0.05530553055305531,1.1533440279249808e-05,3.663298800061707e-06,7.772456853150997e-17
0.055315531553155314,1.1533440279261203e-05,3.656367206507407e-06,7.772456853150997e-17
0.05532553255325533,1.1533440279270674e-05,3.6494484155160583e-06,7.772456853150997e-17
0.05533553355335534,1.15334402792222e-05,3.6425424034891645e-06,7.772456853150997e-17
0.055345534553455346,1.153344027923584e-05,3.6356491467319937e-06,7.772456853150997e-17
0.05535553555355536,1.1533440279210247e-05,3.628768621773067e-06,7.772456853150997e-17
0.055365536553655365,1.1533440279217177e-05,3.621900805063129e-06,7.772456853150997e-17
0.05537553755375538,1.1533440279248812e-05,3.615045673157875e-06,7.772456853150997e-17
0.05538553855385539,1.1533440279248336e-05,3.608203202644095e-06,7.772456853150997e-17
0.055395539553955396,1.1533440279274227e-05,3.6013733699962846e-06,7.772456853150997e-17
0.05540554055405541,1.1533440279256788e-05,3.5945561519656567e-06,7.772456853150997e-17
0.055415541554155415,1.1533440279235094e-05,3.587751525324092e-06,7.772456853150997e-17
0.05542554255425543,1.1533440279229837e-05,3.5809594667035373e-06,7.772456853150997e-17
0.05543554355435544,1.153344027924497e-05,3.5741799529329383e-06,7.772456853150997e-17
0.055445544554455446,1.1533440279234121e-05,3.5674129608383847e-06,7.772456853150997e-17
0.05545554555455546,1.1533440279235266e-05,3.560658467325749e-06,7.772456853150997e-17
0.055465546554655465,1.1533440279233425e-05,3.5539164492448436e-06,7.772456853150997e-17
0.05547554755475548,1.1533440279242819e-05,3.547186883598012e-06,7.772456853150997e-17
0.05548554855485549,1.1533440279229862e-05,3.540469747416326e-06,7.772456853150997e-17
0.055495549554955496,1.1533440279236811e-05,3.53376501768782e-06,7.772456853150997e-17
0.05550555055505551,1.153344027920044e-05,3.5270726715206815e-06,7.772456853150997e-17
0.055515551555155515,1.1533440279191792e-05,3.5203926860812213e-06,7.772456853150997e-17
0.05552555255525553,1.1533440279227231e-05,3.513725038479721e-06,7.772456853150997e-17
0.05553555355535554,1.153344027923692e-05,3.5070697059347512e-06,7.772456853150997e-17
0.05554555455545555,1.1533440279239346e-05,3.500426665716335e-06,7.772456853150997e-17
0.05555555555555556,1.153344027927284e-05,3.493795895110451e-06,7.772456853150997e-17
0.055565556555655565,1.1533440279248379e-05,3.487177371455507e-06,7.772456853150997e-17
0.05557555755575558,1.1533440279246322e-05,3.4805710721361426e-06,7.772456853150997e-17
0.055585558555855584,1.153344027923908e-05,3.4739769745626927e-06,7.772456853150997e-17
0.0555955595559556,1.1533440279269536e-05,3.467395056221295e-06,7.772456853150997e-17
0.05560556055605561,1.153344027926463e-05,3.460825294598732e-06,7.772456853150997e-17
0.055615561556155615,1.1533440279262626e-05,3.454267667270739e-06,7.772456853150997e-17
0.05562556255625563,1.1533440279296793e-05,3.447722151717833e-06,7.772456853150997e-17
0.055635563556355634,1.1533440279279434e-05,3.4411887257511465e-06,7.772456853150997e-17
0.05564556455645565,1.1533440279323758e-05,3.4346673669327733e-06,7.772456853150997e-17
0.05565556555655566,1.1533440279322153e-05,3.428158052925327e-06,7.772456853150997e-17
0.055665566556655666,1.1533440279333207e-05,3.4216607615789306e-06,7.772456853150997e-17
0.05567556755675568,1.1533440279318349e-05,3.415175470667203e-06,7.772456853150997e-17
0.055685568556855684,1.1533440279300788e-05,3.4087021580096546e-06,7.772456853150997e-17
0.0556955695569557,1.1533440279276293e-05,3.402240801473211e-06,7.772456853150997e-17
0.05570557055705571,1.1533440279305433e-05,3.395791379014452e-06,7.772456853150997e-17
0.055715571557155716,1.1533440279295958e-05,3.3893538685258665e-06,7.772456853150997e-17
0.05572557255725573,1.1533440279291254e-05,3.3829282480911774e-06,7.772456853150997e-17
0.055735573557355735,1.1533440279299926e-05,3.376514495673928e-06,7.772456853150997e-17
0.05574557455745575,1.1533440279321215e-05,3.3701125894322947e-06,7.772456853150997e-17
0.05575557555755576,1.1533440279320966e-05,3.3637225074023526e-06,7.772456853150997e-17
0.055765576557655766,1.1533440279387924e-05,3.3573442277215967e-06,7.772456853150997e-17
0.05577557755775578,1.1533440279390292e-05,3.350977728693427e-06,7.772456853150997e-17
0.055785578557855785,1.1533440279415522e-05,3.3446229885200584e-06,7.772456853150997e-17
0.0557955795579558,1.1533440279435229e-05,3.338279985457348e-06,7.772456853150997e-17
0.05580558055805581,1.1533440279461304e-05,3.331948697862254e-06,7.772456853150997e-17
0.055815581558155816,1.1533440279439762e-05,3.3256291040741786e-06,7.772456853150997e-17
0.05582558255825583,1.153344027942875e-05,3.319321182482039e-06,7.772456853150997e-17
0.055835583558355835,1.1533440279388202e-05,3.3130249115970283e-06,7.772456853150997e-17
0.05584558455845585,1.1533440279387233e-05,3.3067402698389094e-06,7.772456853150997e-17
0.05585558555855586,1.1533440279413021e-05,3.3004672357327574e-06,7.772456853150997e-17
0.055865586558655866,1.1533440279425225e-05,3.294205787789213e-06,7.772456853150997e-17
0.05587558755875588,1.1533440279460742e-05,3.287955904705872e-06,7.772456853150997e-17
0.055885588558855885,1.1533440279473721e-05,3.28171756509296e-06,7.772456853150997e-17
0.0558955895589559,1.1533440279468182e-05,3.2754907476081987e-06,7.772456853150997e-17
0.05590559055905591,1.15334402794652e-05,3.2692754310087068e-06,7.772456853150997e-17
0.05591559155915592,1.1533440279504254e-05,3.2630715940252346e-06,7.772456853150997e-17
0.05592559255925593,1.1533440279491775e-05,3.2568792154014815e-06,7.772456853150997e-17
0.055935593559355935,1.1533440279482031e-05,3.2506982740375947e-06,7.772456853150997e-17
0.05594559455945595,1.1533440279476395e-05,3.244528748815122e-06,7.772456853150997e-17
0.055955595559555954,1.1533440279507823e-05,3.2383706217828256e-06,7.772456853150997e-17
0.05596559655965597,1.1533440279496314e-05,3.2322330639149776e-06,7.772456853150997e-17
0.05597559755975598,1.1533440279512798e-05,3.2261068420782506e-06,7.772456853150997e-17
0.055985598559855985,1.1533440279482908e-05,3.2199919353126396e-06,7.772456853150997e-17
0.055995599559956,1.1533440279520612e-05,3.2138883226625916e-06,7.772456853150997e-17
0.056005600560056004,1.1533440279512282e-05,3.20779598334185e-06,7.772456853150997e-17
0.05601560156015602,1.1533440279523493e-05,3.2017148964774835e-06,7.772456853150997e-17
0.05602560256025603,1.1533440279531315e-05,3.1956450412973142e-06,7.772456853150997e-17
0.056035603560356036,1.153344027953976e-05,3.1895863970887263e-06,7.772456853150997e-17
0.05604560456045605,1.1533440279520462e-05,3.1835389431112087e-06,7.772456853150997e-17
0.056055605560556054,1.1533440279534403e-05,3.1775026587141015e-06,7.772456853150997e-17
0.05606560656065607,1.1533440279514233e-05,3.1714775232429578e-06,7.772456853150997e-17
0.05607560756075608,1.1533440279480562e-05,3.1654635161261997e-06,7.772456853150997e-17
0.056085608560856086,1.1533440279476425e-05,3.159460616809873e-06,7.772456853150997e-17
0.0560956095609561,1.1533440279461916e-05,3.153468804794467e-06,7.772456853150997e-17
0.056105610561056105,1.1533440279477372e-05,3.1474880595932262e-06,7.772456853150997e-17
0.05611561156115612,1.1533440279496029e-05,3.141518360743329e-06,7.772456853150997e-17
0.05612561256125613,1.1533440279500572e-05,3.135559687875849e-06,7.772456853150997e-17
0.056135613561356136,1.1533440279539729e-05,3.1296120206348017e-06,7.772456853150997e-17
0.05614561456145615,1.1533440279579136e-05,3.1236753385968054e-06,7.772456853150997e-17
0.056155615561556155,1.1533440279597934e-05,3.11774962152124e-06,7.772456853150997e-17
0.05616561656165617,1.1533440279625547e-05,3.111834849220406e-06,7.772456853150997e-17
0.05617561756175618,1.1533440279616904e-05,3.1059310014247954e-06,7.772456853150997e-17
0.056185618561856186,1.153344027960666e-05,3.1000380579757695e-06,7.772456853150997e-17
0.0561956195619562,1.1533440279599841e-05,3.0941559987078195e-06,7.772456853150997e-17
0.056205620562056205,1.1533440279582513e-05,3.0882848035482e-06,7.772456853150997e-17
0.05621562156215622,1.1533440279598498e-05,3.0824244524151902e-06,7.772456853150997e-17
0.05622562256225623,1.1533440279630328e-05,3.076574925259621e-06,7.772456853150997e-17
0.056235623562356236,1.1533440279644519e-05,3.070736202174623e-06,7.772456853150997e-17
0.05624562456245625,1.1533440279667031e-05,3.064908263149802e-06,7.772456853150997e-17
0.056255625562556255,1.1533440279724594e-05,3.0590910882348834e-06,7.772456853150997e-17
0.05626562656265627,1.153344027976195e-05,3.053284657561478e-06,7.772456853150997e-17
0.05627562756275628,1.1533440279780773e-05,3.047488951328616e-06,7.772456853150997e-17
0.05628562856285629,1.1533440279812894e-05,3.0417039496702456e-06,7.772456853150997e-17
0.0562956295629563,1.1533440279844166e-05,3.035929632796262e-06,7.772456853150997e-17
0.056305630563056305,1.1533440279879987e-05,3.0301659810807565e-06,7.772456853150997e-17
0.05631563156315632,1.153344027994315e-05,3.0244129747163168e-06,7.772456853150997e-17
0.05632563256325633,1.1533440279991564e-05,3.018670594102273e-06,7.772456853150997e-17
0.05633563356335634,1.1533440279987959e-05,3.0129388195704046e-06,7.772456853150997e-17
0.05634563456345635,1.1533440279969639e-05,3.007217631587718e-06,7.772456853150997e-17
0.056355635563556356,1.1533440280015599e-05,3.0015070106243753e-06,7.772456853150997e-17
0.05636563656365637,1.1533440280014505e-05,2.995806937050506e-06,7.772456853150997e-17
0.056375637563756374,1.1533440279982209e-05,2.9901173914424994e-06,7.772456853150997e-17
0.05638563856385639,1.1533440280016888e-05,2.9844383543718498e-06,7.772456853150997e-17
0.0563956395639564,1.153344028003613e-05,2.9787698064421534e-06,7.772456853150997e-17
0.056405640564056406,1.1533440280058062e-05,2.9731117282193004e-06,7.772456853150997e-17
0.05641564156415642,1.153344028004274e-05,2.9674641004695275e-06,7.772456853150997e-17
0.056425642564256424,1.1533440280077697e-05,2.9618269037848616e-06,7.772456853150997e-17
0.05643564356435644,1.1533440280099123e-05,2.956200118879123e-06,7.772456853150997e-17
0.05644564456445645,1.1533440280121553e-05,2.950583726585072e-06,7.772456853150997e-17
0.056455645564556456,1.1533440280105632e-05,2.944977707694999e-06,7.772456853150997e-17
0.05646564656465647,1.153344028010752e-05,2.9393820431324725e-06,7.772456853150997e-17
0.056475647564756475,1.1533440280119344e-05,2.933796713657497e-06,7.772456853150997e-17
0.05648564856485649,1.1533440280073548e-05,2.9282217002614318e-06,7.772456853150997e-17
0.0564956495649565,1.1533440280127797e-05,2.9226569838225024e-06,7.772456853150997e-17
0.056505650565056506,1.1533440280118639e-05,2.9171025453330464e-06,7.772456853150997e-17
0.05651565156515652,1.1533440280129127e-05,2.911558365835878e-06,7.772456853150997e-17
0.056525652565256525,1.1533440280144089e-05,2.9060244263693005e-06,7.772456853150997e-17
0.05653565356535654,1.1533440280149439e-05,2.900500708021495e-06,7.772456853150997e-17
0.05654565456545655,1.1533440280183281e-05,2.89498719196213e-06,7.772456853150997e-17
0.056555655565556556,1.1533440280183764e-05,2.8894838592722436e-06,7.772456853150997e-17
0.05656565656565657,1.1533440280210266e-05,2.883990691144434e-06,7.772456853150997e-17
0.056575657565756575,1.1533440280193776e-05,2.8785076688264576e-06,7.772456853150997e-17
0.05658565856585659,1.1533440280220667e-05,2.873034773579639e-06,7.772456853150997e-17
0.0565956595659566,1.153344028021813e-05,2.8675719867465165e-06,7.772456853150997e-17
0.056605660566056606,1.1533440280243971e-05,2.862119289596436e-06,7.772456853150997e-17
0.05661566156615662,1.153344028024062e-05,2.8566766634990594e-06,7.772456853150997e-17
0.056625662566256625,1.1533440280306404e-05,2.851244089918541e-06,7.772456853150997e-17
0.05663566356635664,1.1533440280268955e-05,2.845821550241329e-06,7.772456853150997e-17
0.05664566456645665,1.153344028030024e-05,2.8404090259552e-06,7.772456853150997e-17
0.05665566556655666,1.1533440280305945e-05,2.835006498507422e-06,7.772456853150997e-17
0.05666566656665667,1.1533440280256722e-05,2.829613949432028e-06,7.772456853150997e-17
0.056675667566756675,1.153344028025907e-05,2.8242313603642647e-06,7.772456853150997e-17
0.05668566856685669,1.153344028035304e-05,2.8188587128872106e-06,7.772456853150997e-17
0.0566956695669567,1.1533440280404977e-05,2.813495988626881e-06,7.772456853150997e-17
0.05670567056705671,1.1533440280450569e-05,2.8081431692258995e-06,7.772456853150997e-17
0.05671567156715672,1.1533440280473053e-05,2.8028002364267014e-06,7.772456853150997e-17
0.056725672567256726,1.1533440280505902e-05,2.797467172011747e-06,7.772456853150997e-17
0.05673567356735674,1.1533440280512877e-05,2.792143957629669e-06,7.772456853150997e-17
0.056745674567456744,1.1533440280535767e-05,2.7868305752116932e-06,7.772456853150997e-17
0.05675567556755676,1.153344028053733e-05,2.7815270065144157e-06,7.772456853150997e-17
0.05676567656765677,1.153344028058972e-05,2.7762332334357124e-06,7.772456853150997e-17
0.056775677567756776,1.1533440280584636e-05,2.7709492378886945e-06,7.772456853150997e-17
0.05678567856785679,1.1533440280606448e-05,2.7656750018697973e-06,7.772456853150997e-17
0.056795679567956794,1.1533440280590661e-05,2.7604105072620516e-06,7.772456853150997e-17
0.05680568056805681,1.153344028059994e-05,2.755155736149832e-06,7.772456853150997e-17
0.05681568156815682,1.1533440280628326e-05,2.749910670477149e-06,7.772456853150997e-17
0.056825682568256826,1.153344028064542e-05,2.744675292415343e-06,7.772456853150997e-17
0.05683568356835684,1.1533440280635693e-05,2.739449584059713e-06,7.772456853150997e-17
0.056845684568456845,1.1533440280665875e-05,2.7342335274586906e-06,7.772456853150997e-17
0.05685568556855686,1.1533440280710429e-05,2.729027104899687e-06,7.772456853150997e-17
0.05686568656865687,1.1533440280708175e-05,2.7238302985293957e-06,7.772456853150997e-17
0.056875687568756876,1.1533440280703932e-05,2.7186430906066873e-06,7.772456853150997e-17
0.05688568856885689,1.1533440280664213e-05,2.713465463387806e-06,7.772456853150997e-17
0.056895689568956895,1.1533440280644114e-05,2.708297399196122e-06,7.772456853150997e-17
0.05690569056905691,1.1533440280625668e-05,2.703138880347049e-06,7.772456853150997e-17
0.05691569156915692,1.1533440280726871e-05,2.6979898892252014e-06,7.772456853150997e-17
0.056925692569256926,1.1533440280741044e-05,2.692850408234108e-06,7.772456853150997e-17
0.05693569356935694,1.1533440280814055e-05,2.6877204197985845e-06,7.772456853150997e-17
0.056945694569456945,1.153344028080386e-05,2.682599906423538e-06,7.772456853150997e-17
0.05695569556955696,1.1533440280766428e-05,2.677488850546951e-06,7.772456853150997e-17
0.05696569656965697,1.153344028074245e-05,2.672387234742324e-06,7.772456853150997e-17
0.056975697569756976,1.1533440280748957e-05,2.6672950415550577e-06,7.772456853150997e-17
0.05698569856985699,1.1533440280781086e-05,2.6622122535168646e-06,7.772456853150997e-17
0.056995699569956995,1.1533440280793612e-05,2.657138853362149e-06,7.772456853150997e-17
0.05700570057005701,1.1533440280804481e-05,2.6520748237889394e-06,7.772456853150997e-17
0.05701570157015702,1.1533440280817422e-05,2.6470201474214414e-06,7.772456853150997e-17
0.05702570257025703,1.153344028084863e-05,2.6419748068988643e-06,7.772456853150997e-17
0.05703570357035704,1.1533440280867699e-05,2.636938785104345e-06,7.772456853150997e-17
0.057045704570457045,1.1533440280901485e-05,2.6319120648360697e-06,7.772456853150997e-17
0.05705570557055706,1.153344028089878e-05,2.6268946287971412e-06,7.772456853150997e-17
0.05706570657065707,1.1533440280917393e-05,2.6218864599607013e-06,7.772456853150997e-17
0.05707570757075708,1.1533440280913942e-05,2.6168875411205615e-06,7.772456853150997e-17
0.05708570857085709,1.1533440280975985e-05,2.6118978552523636e-06,7.772456853150997e-17
0.057095709570957096,1.1533440280997117e-05,2.606917385197781e-06,7.772456853150997e-17
0.05710571057105711,1.1533440280999665e-05,2.6019461140295418e-06,7.772456853150997e-17
0.057115711571157114,1.1533440281019594e-05,2.5969840247620734e-06,7.772456853150997e-17
0.05712571257125713,1.153344028098043e-05,2.5920311004026588e-06,7.772456853150997e-17
0.05713571357135714,1.1533440281001125e-05,2.5870873240822447e-06,7.772456853150997e-17
0.057145714571457146,1.1533440281040895e-05,2.5821526788061442e-06,7.772456853150997e-17
0.05715571557155716,1.1533440281007104e-05,2.5772271478202163e-06,7.772456853150997e-17
0.057165716571657164,1.1533440280997981e-05,2.572310714228219e-06,7.772456853150997e-17
0.05717571757175718,1.1533440281035657e-05,2.567403361270874e-06,7.772456853150997e-17
0.05718571857185719,1.1533440281064907e-05,2.562505072074171e-06,7.772456853150997e-17
0.057195719571957196,1.1533440281047881e-05,2.557615829957021e-06,7.772456853150997e-17
0.05720572057205721,1.153344028108047e-05,2.5527356182054885e-06,7.772456853150997e-17
0.057215721572157215,1.1533440281093497e-05,2.547864420189569e-06,7.772456853150997e-17
0.05722572257225723,1.153344028107873e-05,2.543002219165382e-06,7.772456853150997e-17
0.05723572357235724,1.1533440281055644e-05,2.5381489985799562e-06,7.772456853150997e-17
0.057245724572457246,1.1533440281091006e-05,2.5333047418158385e-06,7.772456853150997e-17
0.05725572557255726,1.1533440281119215e-05,2.528469432354312e-06,7.772456853150997e-17
0.057265726572657265,1.1533440281154213e-05,2.523643053642724e-06,7.772456853150997e-17
0.05727572757275728,1.153344028117884e-05,2.5188255891940433e-06,7.772456853150997e-17
0.05728572857285729,1.1533440281179283e-05,2.5140170225008287e-06,7.772456853150997e-17
0.057295729572957296,1.1533440281208115e-05,2.5092173372597653e-06,7.772456853150997e-17
0.05730573057305731,1.1533440281243407e-05,2.5044265169417915e-06,7.772456853150997e-17
0.057315731573157315,1.1533440281264639e-05,2.4996445451869854e-06,7.772456853150997e-17
0.05732573257325733,1.153344028130336e-05,2.494871405727406e-06,7.772456853150997e-17
0.05733573357335734,1.1533440281314067e-05,2.4901070821867904e-06,7.772456853150997e-17
0.057345734573457346,1.1533440281337404e-05,2.485351558289447e-06,7.772456853150997e-17
0.05735573557355736,1.1533440281332376e-05,2.4806048177987957e-06,7.772456853150997e-17
0.057365736573657365,1.1533440281379246e-05,2.475866844462165e-06,7.772456853150997e-17
0.05737573757375738,1.1533440281383437e-05,2.4711376220949535e-06,7.772456853150997e-17
0.05738573857385739,1.1533440281445272e-05,2.4664171346157835e-06,7.772456853150997e-17
0.0573957395739574,1.1533440281479689e-05,2.461705365813527e-06,7.772456853150997e-17
0.05740574057405741,1.1533440281501317e-05,2.457002299586675e-06,7.772456853150997e-17
0.057415741574157415,1.1533440281524617e-05,2.452307919829671e-06,7.772456853150997e-17
0.05742574257425743,1.1533440281537478e-05,2.4476222105958372e-06,7.772456853150997e-17
0.05743574357435744,1.15334402815632e-05,2.4429451557730374e-06,7.772456853150997e-17
0.05744574457445745,1.153344028161991e-05,2.438276739395247e-06,7.772456853150997e-17
0.05745574557455746,1.1533440281642417e-05,2.4336169455272486e-06,7.772456853150997e-17
0.057465746574657466,1.153344028167392e-05,2.4289657582918863e-06,7.772456853150997e-17
0.05747574757475748,1.1533440281683964e-05,2.4243231616768342e-06,7.772456853150997e-17
0.057485748574857484,1.1533440281683124e-05,2.4196891399462395e-06,7.772456853150997e-17
0.0574957495749575,1.153344028170974e-05,2.4150636771740977e-06,7.772456853150997e-17
0.05750575057505751,1.15334402817134e-05,2.410446757538696e-06,7.772456853150997e-17
0.057515751575157516,1.1533440281733934e-05,2.4058383653072807e-06,7.772456853150997e-17
0.05752575257525753,1.1533440281753358e-05,2.401238484708385e-06,7.772456853150997e-17
0.057535753575357534,1.1533440281763441e-05,2.3966471001171254e-06,7.772456853150997e-17
0.05754575457545755,1.1533440281764812e-05,2.3920641956802447e-06,7.772456853150997e-17
0.05755575557555756,1.1533440281837094e-05,2.387489755871933e-06,7.772456853150997e-17
0.057565756575657566,1.1533440281868345e-05,2.382923764963007e-06,7.772456853150997e-17
0.05757575757575758,1.1533440281886247e-05,2.3783662074351012e-06,7.772456853150997e-17
0.057585758575857585,1.1533440281908607e-05,2.373817067602017e-06,7.772456853150997e-17
0.0575957595759576,1.1533440281932174e-05,2.3692763299665886e-06,7.772456853150997e-17
0.05760576057605761,1.1533440281930922e-05,2.3647439790432016e-06,7.772456853150997e-17
0.057615761576157616,1.153344028195392e-05,2.3602199993149e-06,7.772456853150997e-17
0.05762576257625763,1.1533440281973109e-05,2.355704375341959e-06,7.772456853150997e-17
0.057635763576357635,1.1533440281994227e-05,2.3511970916384098e-06,7.772456853150997e-17
0.05764576457645765,1.1533440281992647e-05,2.346698132855636e-06,7.772456853150997e-17
0.05765576557655766,1.153344028198532e-05,2.3422074836066983e-06,7.772456853150997e-17
0.057665766576657666,1.1533440281993697e-05,2.337725128506958e-06,7.772456853150997e-17
0.05767576757675768,1.1533440281999257e-05,2.3332510522740762e-06,7.772456853150997e-17
0.057685768576857685,1.1533440281969069e-05,2.3287852396530886e-06,7.772456853150997e-17
0.0576957695769577,1.1533440281918941e-05,2.3243276753241934e-06,7.772456853150997e-17
0.05770577057705771,1.153344028195136e-05,2.3198783440920414e-06,7.772456853150997e-17
0.057715771577157716,1.1533440281981542e-05,2.315437230715733e-06,7.772456853150997e-17
0.05772577257725773,1.1533440282017346e-05,2.311004320033803e-06,7.772456853150997e-17
0.057735773577357735,1.153344028201662e-05,2.306579596802582e-06,7.772456853150997e-17
0.05774577457745775,1.1533440282007583e-05,2.302163046006537e-06,7.772456853150997e-17
0.05775577557755776,1.1533440282022749e-05,2.2977546525525845e-06,7.772456853150997e-17
0.05776577657765777,1.1533440282074323e-05,2.2933544013286734e-06,7.772456853150997e-17
0.05777577757775778,1.1533440282059852e-05,2.288962277369493e-06,7.772456853150997e-17
0.057785778577857785,1.1533440282056565e-05,2.2845782655811315e-06,7.772456853150997e-17
0.0577957795779578,1.1533440282043174e-05,2.280202351016409e-06,7.772456853150997e-17
0.05780578057805781,1.1533440282045339e-05,2.275834518724192e-06,7.772456853150997e-17
0.05781578157815782,1.1533440282094582e-05,2.271474753725393e-06,7.772456853150997e-17
0.05782578257825783,1.1533440282078626e-05,2.2671230411771895e-06,7.772456853150997e-17
0.057835783578357836,1.1533440282148633e-05,2.262779366227073e-06,7.772456853150997e-17
0.05784578457845785,1.1533440282163434e-05,2.258443713938982e-06,7.772456853150997e-17
0.057855785578557854,1.1533440282199477e-05,2.2541160695706557e-06,7.772456853150997e-17
0.05786578657865787,1.1533440282199512e-05,2.249796418314804e-06,7.772456853150997e-17
0.05787578757875788,1.1533440282249242e-05,2.2454847453864198e-06,7.772456853150997e-17
0.057885788578857886,1.1533440282287108e-05,2.241181036072379e-06,7.772456853150997e-17
0.0578957895789579,1.1533440282322703e-05,2.236885275649586e-06,7.772456853150997e-17
0.057905790579057904,1.1533440282319627e-05,2.232597449475288e-06,7.772456853150997e-17
0.05791579157915792,1.1533440282292822e-05,2.228317542855606e-06,7.772456853150997e-17
0.05792579257925793,1.15334402822876e-05,2.224045541159617e-06,7.772456853150997e-17
0.057935793579357936,1.1533440282274761e-05,2.2197814298085825e-06,7.772456853150997e-17
0.05794579457945795,1.1533440282298837e-05,2.2155251942136674e-06,7.772456853150997e-17
0.057955795579557955,1.1533440282345697e-05,2.2112768198344996e-06,7.772456853150997e-17
0.05796579657965797,1.1533440282369324e-05,2.207036292206239e-06,7.772456853150997e-17
0.05797579757975798,1.1533440282329578e-05,2.2028035967522837e-06,7.772456853150997e-17
0.057985798579857986,1.1533440282280928e-05,2.1985787190313686e-06,7.772456853150997e-17
0.057995799579958,1.1533440282269708e-05,2.1943616445956064e-06,7.772456853150997e-17
0.058005800580058005,1.153344028229577e-05,2.190152359015828e-06,7.772456853150997e-17
0.05801580158015802,1.1533440282289918e-05,2.185950848005581e-06,7.772456853150997e-17
0.05802580258025803,1.1533440282287824e-05,2.181757097110308e-06,7.772456853150997e-17
0.058035803580358036,1.1533440282289918e-05,2.1775710920477713e-06,7.772456853150997e-17
0.05804580458045805,1.1533440282267387e-05,2.1733928184388027e-06,7.772456853150997e-17
0.058055805580558055,1.153344028226934e-05,2.1692222620841713e-06,7.772456853150997e-17
0.05806580658065807,1.153344028228255e-05,2.165059408738767e-06,7.772456853150997e-17
0.05807580758075808,1.1533440282257805e-05,2.1609052838407354e-06,7.772456853150997e-17
0.058085808580858087,1.1533440282249008e-05,2.1567675285965083e-06,7.772456853150997e-17
0.0580958095809581,1.1533440282271749e-05,2.152637415711828e-06,7.772456853150997e-17
0.058105810581058105,1.1533440282285893e-05,2.1485149311553745e-06,7.772456853150997e-17
0.05811581158115812,1.153344028225417e-05,2.1444000607972223e-06,7.772456853150997e-17
0.05812581258125813,1.1533440282267265e-05,2.140292790502579e-06,7.772456853150997e-17
0.05813581358135814,1.1533440282300714e-05,2.1361931063018632e-06,7.772456853150997e-17
0.05814581458145815,1.1533440282326388e-05,2.1321009941835714e-06,7.772456853150997e-17
0.058155815581558155,1.153344028233779e-05,2.128016440158626e-06,7.772456853150997e-17
0.05816581658165817,1.1533440282358045e-05,2.123939430212583e-06,7.772456853150997e-17
0.05817581758175818,1.1533440282342019e-05,2.1198699504595402e-06,7.772456853150997e-17
0.05818581858185819,1.1533440282406451e-05,2.1158079869792163e-06,7.772456853150997e-17
0.0581958195819582,1.1533440282433141e-05,2.1117535259221497e-06,7.772456853150997e-17
0.058205820582058206,1.1533440282408913e-05,2.107706553403915e-06,7.772456853150997e-17
0.05821582158215822,1.1533440282444381e-05,2.1036670556281523e-06,7.772456853150997e-17
0.058225822582258224,1.1533440282449208e-05,2.099635018717557e-06,7.772456853150997e-17
0.05823582358235824,1.153344028246434e-05,2.09561042893149e-06,7.772456853150997e-17
0.05824582458245825,1.15334402824513e-05,2.0915932725385e-06,7.772456853150997e-17
0.058255825582558256,1.1533440282479869e-05,2.0875835357288636e-06,7.772456853150997e-17
0.05826582658265827,1.1533440282519557e-05,2.0835812048931533e-06,7.772456853150997e-17
0.058275827582758274,1.1533440282531038e-05,2.079586266352602e-06,7.772456853150997e-17
0.05828582858285829,1.1533440282577589e-05,2.0755987063963477e-06,7.772456853150997e-17
0.0582958295829583,1.15334402826007e-05,2.0716185114239655e-06,7.772456853150997e-17
0.058305830583058306,1.1533440282580435e-05,2.067645667807507e-06,7.772456853150997e-17
0.05831583158315832,1.1533440282574306e-05,2.0636801620344595e-06,7.772456853150997e-17
0.058325832583258325,1.1533440282582297e-05,2.0597219804427133e-06,7.772456853150997e-17
0.05833583358335834,1.1533440282600972e-05,2.0557711095911917e-06,7.772456853150997e-17
0.05834583458345835,1.1533440282635287e-05,2.0518275359355894e-06,7.772456853150997e-17
0.058355835583558356,1.1533440282676094e-05,2.0478912459915404e-06,7.772456853150997e-17
0.05836583658365837,1.1533440282663764e-05,2.043962226385679e-06,7.772456853150997e-17
0.058375837583758375,1.1533440282665853e-05,2.0400404636280435e-06,7.772456853150997e-17
0.05838583858385839,1.1533440282659094e-05,2.0361259443196605e-06,7.772456853150997e-17
0.0583958395839584,1.153344028267271e-05,2.0322186550499714e-06,7.772456853150997e-17
0.058405840584058406,1.1533440282691649e-05,2.0283185824688768e-06,7.772456853150997e-17
0.05841584158415842,1.1533440282700266e-05,2.024425713328497e-06,7.772456853150997e-17
0.058425842584258425,1.1533440282688921e-05,2.020540034218057e-06,7.772456853150997e-17
0.05843584358435844,1.1533440282729288e-05,2.0166615319577978e-06,7.772456853150997e-17
0.05844584458445845,1.153344028272623e-05,2.012790193261161e-06,7.772456853150997e-17
0.058455845584558457,1.1533440282722023e-05,2.008926004871584e-06,7.772456853150997e-17
0.05846584658465847,1.1533440282730478e-05,2.0050689536307494e-06,7.772456853150997e-17
0.058475847584758475,1.153344028278576e-05,2.0012190263020348e-06,7.772456853150997e-17
0.05848584858485849,1.1533440282835485e-05,1.9973762096933965e-06,7.772456853150997e-17
0.0584958495849585,1.1533440282872035e-05,1.9935404907327138e-06,7.772456853150997e-17
0.05850585058505851,1.1533440282894911e-05,1.989711856358739e-06,7.772456853150997e-17
0.05851585158515852,1.1533440282873781e-05,1.985890293432292e-06,7.772456853150997e-17
0.058525852585258525,1.1533440282869768e-05,1.9820757888269687e-06,7.772456853150997e-17
0.05853585358535854,1.1533440282886619e-05,1.978268329559356e-06,7.772456853150997e-17
0.05854585458545855,1.1533440282923434e-05,1.9744679025964464e-06,7.772456853150997e-17
0.05855585558555856,1.1533440282924264e-05,1.970674495047943e-06,7.772456853150997e-17
0.05856585658565857,1.1533440282886351e-05,1.9668880938604665e-06,7.772456853150997e-17
0.058575857585758576,1.1533440282885784e-05,1.963108686073981e-06,7.772456853150997e-17
0.05858585858585859,1.1533440282866481e-05,1.959336258813385e-06,7.772456853150997e-17
0.0585958595859586,1.153344028288475e-05,1.9555707991594455e-06,7.772456853150997e-17
0.05860586058605861,1.1533440282909521e-05,1.9518122943389263e-06,7.772456853150997e-17
0.05861586158615862,1.1533440282928898e-05,1.948060731393094e-06,7.772456853150997e-17
0.058625862586258626,1.1533440282913034e-05,1.9443160975681567e-06,7.772456853150997e-17
0.05863586358635864,1.1533440282963404e-05,1.9405783800762563e-06,7.772456853150997e-17
0.058645864586458644,1.1533440282981671e-05,1.9368475660600582e-06,7.772456853150997e-17
0.05865586558655866,1.1533440283000384e-05,1.9331236427743264e-06,7.772456853150997e-17
0.05866586658665867,1.153344028301371e-05,1.9294065975358913e-06,7.772456853150997e-17
0.058675867586758676,1.153344028298485e-05,1.9256964176646876e-06,7.772456853150997e-17
0.05868586858685869,1.1533440283011636e-05,1.921993090439429e-06,7.772456853150997e-17
0.058695869586958695,1.1533440283016601e-05,1.918296603212217e-06,7.772456853150997e-17
0.05870587058705871,1.1533440282989486e-05,1.9146069433872416e-06,7.772456853150997e-17
0.05871587158715872,1.1533440283010455e-05,1.9109240983110874e-06,7.772456853150997e-17
0.058725872587258726,1.1533440282992124e-05,1.9072480553767455e-06,7.772456853150997e-17
0.05873587358735874,1.1533440283001629e-05,1.903578802080963e-06,7.772456853150997e-17
0.058745874587458745,1.1533440283023074e-05,1.8999163258282011e-06,7.772456853150997e-17
0.05875587558755876,1.1533440283011827e-05,1.8962606141555254e-06,7.772456853150997e-17
0.05876587658765877,1.1533440283015957e-05,1.8926116545199468e-06,7.772456853150997e-17
0.058775877587758776,1.1533440283012197e-05,1.8889694344533254e-06,7.772456853150997e-17
0.05878587858785879,1.1533440282976596e-05,1.8853339415442311e-06,7.772456853150997e-17
0.058795879587958795,1.1533440283008136e-05,1.881705163351847e-06,7.772456853150997e-17
0.05880588058805881,1.1533440283046935e-05,1.8780830874858765e-06,7.772456853150997e-17
0.05881588158815882,1.153344028308959e-05,1.874467701539388e-06,7.772456853150997e-17
0.05882588258825883,1.1533440283102182e-05,1.8708589931568226e-06,7.772456853150997e-17
0.05883588358835884,1.1533440283100723e-05,1.867256949986085e-06,7.772456853150997e-17
0.058845884588458845,1.1533440283106639e-05,1.8636615598111105e-06,7.772456853150997e-17
0.05885588558855886,1.1533440283107059e-05,1.8600728102798877e-06,7.772456853150997e-17
0.05886588658865887,1.1533440283093e-05,1.8564906890976433e-06,7.772456853150997e-17
0.05887588758875888,1.1533440283098248e-05,1.852915184067051e-06,7.772456853150997e-17
0.05888588858885889,1.1533440283137125e-05,1.8493462829972343e-06,7.772456853150997e-17
0.058895889588958895,1.1533440283172235e-05,1.8457839735930543e-06,7.772456853150997e-17
0.05890589058905891,1.1533440283201629e-05,1.8422282437370017e-06,7.772456853150997e-17
0.05891589158915892,1.1533440283153009e-05,1.8386790812261143e-06,7.772456853150997e-17
0.05892589258925893,1.1533440283161906e-05,1.8351364740150393e-06,7.772456853150997e-17
0.05893589358935894,1.1533440283177426e-05,1.8316004099555746e-06,7.772456853150997e-17
0.058945894589458946,1.153344028320966e-05,1.8280708769916392e-06,7.772456853150997e-17
0.05895589558955896,1.15334402832437e-05,1.8245478629900153e-06,7.772456853150997e-17
0.05896589658965897,1.1533440283254589e-05,1.8210313559237415e-06,7.772456853150997e-17
0.05897589758975898,1.1533440283294862e-05,1.8175213438400752e-06,7.772456853150997e-17
0.05898589858985899,1.1533440283297166e-05,1.8140178146941693e-06,7.772456853150997e-17
0.058995899589958996,1.1533440283308353e-05,1.8105207565489652e-06,7.772456853150997e-17
0.05900590059005901,1.1533440283318424e-05,1.8070301574238488e-06,7.772456853150997e-17
0.059015901590159014,1.1533440283304979e-05,1.8035460054130248e-06,7.772456853150997e-17
0.05902590259025903,1.1533440283300527e-05,1.800068288560287e-06,7.772456853150997e-17
0.05903590359035904,1.1533440283339665e-05,1.7965969950216026e-06,7.772456853150997e-17
0.059045904590459046,1.1533440283342253e-05,1.7931321128762897e-06,7.772456853150997e-17
0.05905590559055906,1.1533440283370718e-05,1.7896736303632832e-06,7.772456853150997e-17
0.059065906590659065,1.1533440283385662e-05,1.786221535674562e-06,7.772456853150997e-17
0.05907590759075908,1.1533440283416709e-05,1.7827758169337455e-06,7.772456853150997e-17
0.05908590859085909,1.153344028343928e-05,1.7793364623656527e-06,7.772456853150997e-17
0.059095909590959096,1.1533440283459901e-05,1.7759034602644353e-06,7.772456853150997e-17
0.05910591059105911,1.153344028343421e-05,1.772476798910427e-06,7.772456853150997e-17
0.059115911591159115,1.1533440283421313e-05,1.7690564665087561e-06,7.772456853150997e-17
0.05912591259125913,1.1533440283431075e-05,1.7656424514259987e-06,7.772456853150997e-17
0.05913591359135914,1.1533440283468529e-05,1.7622347420241674e-06,7.772456853150997e-17
0.059145914591459146,1.1533440283458839e-05,1.7588333266114165e-06,7.772456853150997e-17
0.05915591559155916,1.1533440283462146e-05,1.7554381935538235e-06,7.772456853150997e-17
0.059165916591659165,1.1533440283482422e-05,1.7520493312715484e-06,7.772456853150997e-17
0.05917591759175918,1.1533440283495539e-05,1.7486667281806532e-06,7.772456853150997e-17
0.05918591859185919,1.153344028348843e-05,1.7452903727270415e-06,7.772456853150997e-17
0.0591959195919592,1.1533440283503198e-05,1.741920253383693e-06,7.772456853150997e-17
0.05920592059205921,1.153344028352426e-05,1.7385563585956283e-06,7.772456853150997e-17
0.059215921592159215,1.1533440283517148e-05,1.735198676843253e-06,7.772456853150997e-17
0.05922592259225923,1.153344028348903e-05,1.7318471967655916e-06,7.772456853150997e-17
0.05923592359235924,1.1533440283500218e-05,1.728501906816275e-06,7.772456853150997e-17
0.05924592459245925,1.1533440283479477e-05,1.725162795546736e-06,7.772456853150997e-17
0.05925592559255926,1.1533440283509512e-05,1.7218298516194845e-06,7.772456853150997e-17
0.059265926592659265,1.1533440283547782e-05,1.7185030635813587e-06,7.772456853150997e-17
0.05927592759275928,1.1533440283534552e-05,1.7151824200346295e-06,7.772456853150997e-17
0.05928592859285929,1.153344028357343e-05,1.7118679097073329e-06,7.772456853150997e-17
0.0592959295929593,1.1533440283570105e-05,1.7085595212651989e-06,7.772456853150997e-17
0.05930593059305931,1.1533440283581877e-05,1.7052572433242713e-06,7.772456853150997e-17
0.059315931593159316,1.153344028359065e-05,1.7019610646370393e-06,7.772456853150997e-17
0.05932593259325933,1.1533440283592407e-05,1.6986709739768193e-06,7.772456853150997e-17
0.05933593359335934,1.153344028359716e-05,1.6953869600937266e-06,7.772456853150997e-17
0.05934593459345935,1.1533440283616571e-05,1.692109011782106e-06,7.772456853150997e-17
0.05935593559355936,1.153344028362603e-05,1.6888371177604343e-06,7.772456853150997e-17
0.059365936593659366,1.1533440283616206e-05,1.6855712668505038e-06,7.772456853150997e-17
0.05937593759375938,1.1533440283644463e-05,1.6823114480040075e-06,7.772456853150997e-17
0.059385938593859385,1.1533440283658916e-05,1.6790576499788566e-06,7.772456853150997e-17
0.0593959395939594,1.153344028360835e-05,1.6758098616633532e-06,7.772456853150997e-17
0.05940594059405941,1.153344028361551e-05,1.6725680719688856e-06,7.772456853150997e-17
0.059415941594159416,1.153344028365745e-05,1.6693322698651032e-06,7.772456853150997e-17
0.05942594259425943,1.153344028366249e-05,1.666102444236303e-06,7.772456853150997e-17
0.059435943594359435,1.153344028367123e-05,1.6628785840424641e-06,7.772456853150997e-17
0.05944594459445945,1.1533440283661127e-05,1.6596606782190906e-06,7.772456853150997e-17
0.05945594559455946,1.1533440283677499e-05,1.6564487158577042e-06,7.772456853150997e-17
0.059465946594659466,1.1533440283650346e-05,1.6532426860029023e-06,7.772456853150997e-17
0.05947594759475948,1.1533440283692787e-05,1.6500425776861698e-06,7.772456853150997e-17
0.059485948594859485,1.1533440283673741e-05,1.646848379873694e-06,7.772456853150997e-17
0.0594959495949595,1.153344028369721e-05,1.6436600817020008e-06,7.772456853150997e-17
0.05950595059505951,1.1533440283691093e-05,1.6404776722904752e-06,7.772456853150997e-17
0.059515951595159516,1.1533440283725988e-05,1.6373079496676552e-06,7.772456853150997e-17
0.05952595259525953,1.1533440283739408e-05,1.6341477000833855e-06,7.772456853150997e-17
0.059535953595359535,1.1533440283765856e-05,1.63099328742118e-06,7.772456853150997e-17
0.05954595459545955,1.1533440283730807e-05,1.6278447009137434e-06,7.772456853150997e-17
0.05955595559555956,1.153344028370759e-05,1.6247019298071788e-06,7.772456853150997e-17
0.05956595659565957,1.153344028373059e-05,1.6215649633782283e-06,7.772456853150997e-17
0.05957595759575958,1.1533440283747553e-05,1.6184337908649947e-06,7.772456853150997e-17
0.059585958595859585,1.1533440283801563e-05,1.615308401584374e-06,7.772456853150997e-17
0.0595959595959596,1.153344028375701e-05,1.6121887848807126e-06,7.772456853150997e-17
0.05960596059605961,1.1533440283764655e-05,1.609074930065363e-06,7.772456853150997e-17
0.05961596159615962,1.1533440283801731e-05,1.6059668265113187e-06,7.772456853150997e-17
0.05962596259625963,1.153344028378505e-05,1.6028644635961313e-06,7.772456853150997e-17
0.059635963596359635,1.1533440283827371e-05,1.5997678307096884e-06,7.772456853150997e-17
0.05964596459645965,1.1533440283811543e-05,1.596676917246994e-06,7.772456853150997e-17
0.05965596559655966,1.153344028382992e-05,1.5935917127009944e-06,7.772456853150997e-17
0.05966596659665967,1.153344028382831e-05,1.5905122064782033e-06,7.772456853150997e-17
0.05967596759675968,1.1533440283877727e-05,1.5874383880559753e-06,7.772456853150997e-17
0.059685968596859686,1.1533440283851738e-05,1.5843702469584166e-06,7.772456853150997e-17
0.0596959695969597,1.1533440283868755e-05,1.5813077726682876e-06,7.772456853150997e-17
0.05970597059705971,1.1533440283882028e-05,1.5782509547064212e-06,7.772456853150997e-17
0.05971597159715972,1.1533440283915388e-05,1.575199782700474e-06,7.772456853150997e-17
0.05972597259725973,1.1533440283889347e-05,1.572154246158679e-06,7.772456853150997e-17
0.059735973597359736,1.1533440283923174e-05,1.5691143347070553e-06,7.772456853150997e-17
0.05974597459745975,1.1533440283949408e-05,1.5660800378831886e-06,7.772456853150997e-17
0.059755975597559755,1.1533440283942039e-05,1.5630513454178391e-06,7.772456853150997e-17
0.05976597659765977,1.1533440283967738e-05,1.56002824689409e-06,7.772456853150997e-17
0.05977597759775978,1.1533440283940848e-05,1.557010731990316e-06,7.772456853150997e-17
0.059785978597859786,1.1533440283969644e-05,1.5539987904295443e-06,7.772456853150997e-17
0.0597959795979598,1.153344028397968e-05,1.5509924118625033e-06,7.772456853150997e-17
0.059805980598059805,1.1533440283963985e-05,1.547991586038769e-06,7.772456853150997e-17
0.05981598159815982,1.153344028395699e-05,1.5449963026917082e-06,7.772456853150997e-17
0.05982598259825983,1.153344028398312e-05,1.5420065516039622e-06,7.772456853150997e-17
0.059835983598359836,1.153344028400388e-05,1.5390223225364235e-06,7.772456853150997e-17
0.05984598459845985,1.1533440284023039e-05,1.536043605375686e-06,7.772456853150997e-17
0.059855985598559855,1.1533440284042206e-05,1.5330703898615844e-06,7.772456853150997e-17
0.05986598659865987,1.153344028404131e-05,1.5301026657769585e-06,7.772456853150997e-17
0.05987598759875988,1.1533440284058948e-05,1.5271404230784958e-06,7.772456853150997e-17
0.059885988598859886,1.1533440284103441e-05,1.5241836516103987e-06,7.772456853150997e-17
0.0598959895989599,1.1533440284122902e-05,1.5212323412669804e-06,7.772456853150997e-17
0.059905990599059905,1.1533440284148039e-05,1.518286481943913e-06,7.772456853150997e-17
0.05991599159915992,1.1533440284221482e-05,1.515346063583668e-06,7.772456853150997e-17
0.05992599259925993,1.1533440284227814e-05,1.5124110761376717e-06,7.772456853150997e-17
0.05993599359935994,1.1533440284254746e-05,1.509481509581097e-06,7.772456853150997e-17
0.05994599459945995,1.1533440284233269e-05,1.5065573539460768e-06,7.772456853150997e-17
0.059955995599559955,1.1533440284226266e-05,1.5036385991759413e-06,7.772456853150997e-17
0.05996599659965997,1.1533440284237657e-05,1.500725235341881e-06,7.772456853150997e-17
0.05997599759975998,1.1533440284234873e-05,1.4978172523907575e-06,7.772456853150997e-17
0.05998599859985999,1.1533440284275668e-05,1.4949146404443417e-06,7.772456853150997e-17
0.05999599959996,1.153344028423908e-05,1.492017389595828e-06,7.772456853150997e-17
0.060006000600060005,1.1533440284223066e-05,1.4891254899428746e-06,7.772456853150997e-17
0.06001600160016002,1.1533440284235514e-05,1.4862389315828092e-06,7.772456853150997e-17
0.06002600260026003,1.1533440284220902e-05,1.4833577046770186e-06,7.772456853150997e-17
0.06003600360036004,1.1533440284202911e-05,1.4804817993746967e-06,7.772456853150997e-17
0.06004600460046005,1.1533440284237692e-05,1.4776112058160814e-06,7.772456853150997e-17
0.060056005600560056,1.1533440284256252e-05,1.4747459142121694e-06,7.772456853150997e-17
0.06006600660066007,1.153344028427119e-05,1.471885914807205e-06,7.772456853150997e-17
0.06007600760076008,1.1533440284258206e-05,1.4690311977423905e-06,7.772456853150997e-17
0.06008600860086009,1.1533440284294731e-05,1.466181753310628e-06,7.772456853150997e-17
0.0600960096009601,1.1533440284308918e-05,1.463337571752521e-06,7.772456853150997e-17
0.060106010601060106,1.1533440284321211e-05,1.4604986434262821e-06,7.772456853150997e-17
0.06011601160116012,1.153344028431562e-05,1.4576649585350042e-06,7.772456853150997e-17
0.060126012601260125,1.1533440284322497e-05,1.4548365073983372e-06,7.772456853150997e-17
0.06013601360136014,1.1533440284322443e-05,1.4520132804064474e-06,7.772456853150997e-17
0.06014601460146015,1.153344028437466e-05,1.449195267866332e-06,7.772456853150997e-17
0.060156015601560156,1.1533440284372697e-05,1.4463824602323362e-06,7.772456853150997e-17
0.06016601660166017,1.1533440284413984e-05,1.4435748477248368e-06,7.772456853150997e-17
0.060176017601760175,1.1533440284432945e-05,1.4407724208990253e-06,7.772456853150997e-17
0.06018601860186019,1.1533440284462849e-05,1.437975170113439e-06,7.772456853150997e-17
0.0601960196019602,1.1533440284448395e-05,1.4351830857592191e-06,7.772456853150997e-17
0.060206020602060206,1.1533440284494707e-05,1.4323961583662177e-06,7.772456853150997e-17
0.06021602160216022,1.1533440284496007e-05,1.4296143783924586e-06,7.772456853150997e-17
0.060226022602260225,1.1533440284504355e-05,1.4268377363543883e-06,7.772456853150997e-17
0.06023602360236024,1.1533440284537059e-05,1.424066222778644e-06,7.772456853150997e-17
0.06024602460246025,1.1533440284504331e-05,1.421299828126769e-06,7.772456853150997e-17
0.060256025602560256,1.1533440284515773e-05,1.4185385429613732e-06,7.772456853150997e-17
0.06026602660266027,1.1533440284507474e-05,1.4157823578825659e-06,7.772456853150997e-17
0.060276027602760275,1.1533440284489393e-05,1.4130312634933466e-06,7.772456853150997e-17
0.06028602860286029,1.1533440284513232e-05,1.4102852502563398e-06,7.772456853150997e-17
0.0602960296029603,1.1533440284464185e-05,1.4075443089280079e-06,7.772456853150997e-17
0.06030603060306031,1.1533440284454377e-05,1.4048084300707522e-06,7.772456853150997e-17
0.06031603160316032,1.1533440284437284e-05,1.4020776043259944e-06,7.772456853150997e-17
0.060326032603260325,1.1533440284466584e-05,1.3993518224147927e-06,7.772456853150997e-17
0.06033603360336034,1.1533440284481922e-05,1.396631074996024e-06,7.772456853150997e-17
0.06034603460346035,1.153344028452216e-05,1.3939153527410193e-06,7.772456853150997e-17
0.06035603560356036,1.153344028459329e-05,1.3912046464031822e-06,7.772456853150997e-17
0.06036603660366037,1.1533440284624678e-05,1.3884989467011695e-06,7.772456853150997e-17
0.060376037603760375,1.1533440284639686e-05,1.3857982443991826e-06,7.772456853150997e-17
0.06038603860386039,1.1533440284663148e-05,1.3831025302843488e-06,7.772456853150997e-17
0.0603960396039604,1.153344028469517e-05,1.3804117950923665e-06,7.772456853150997e-17
0.06040604060406041,1.1533440284738221e-05,1.377726029647738e-06,7.772456853150997e-17
0.06041604160416042,1.1533440284748543e-05,1.3750452248013458e-06,7.772456853150997e-17
0.060426042604260426,1.1533440284739515e-05,1.3723693713853148e-06,7.772456853150997e-17
0.06043604360436044,1.1533440284765204e-05,1.3696984602065582e-06,7.772456853150997e-17
0.06044604460446045,1.1533440284778413e-05,1.367032482222879e-06,7.772456853150997e-17
0.06045604560456046,1.153344028475709e-05,1.3643714282886457e-06,7.772456853150997e-17
0.06046604660466047,1.1533440284774706e-05,1.36171528920214e-06,7.772456853150997e-17
0.060476047604760476,1.153344028480828e-05,1.3590640559734562e-06,7.772456853150997e-17
0.06048604860486049,1.1533440284804022e-05,1.3564177195288034e-06,7.772456853150997e-17
0.0604960496049605,1.1533440284780424e-05,1.3537762708885873e-06,7.772456853150997e-17
0.06050605060506051,1.1533440284824434e-05,1.3511397009749253e-06,7.772456853150997e-17
0.06051605160516052,1.153344028485757e-05,1.3485080007783397e-06,7.772456853150997e-17
0.060526052605260526,1.1533440284870155e-05,1.34588116127187e-06,7.772456853150997e-17
0.06053605360536054,1.1533440284890604e-05,1.3432591735081198e-06,7.772456853150997e-17
0.060546054605460545,1.153344028491094e-05,1.340642028521173e-06,7.772456853150997e-17
0.06055605560556056,1.1533440284937726e-05,1.338029717376276e-06,7.772456853150997e-17
0.06056605660566057,1.1533440284934626e-05,1.3354226722857225e-06,7.772456853150997e-17
0.060576057605760576,1.153344028494479e-05,1.3328312923481508e-06,7.772456853150997e-17
0.06058605860586059,1.1533440284978816e-05,1.3302446986741293e-06,7.772456853150997e-17
0.060596059605960595,1.1533440285021393e-05,1.3276628823376164e-06,7.772456853150997e-17
0.06060606060606061,1.15334402850376e-05,1.3250858346115892e-06,7.772456853150997e-17
0.06061606160616062,1.1533440285046012e-05,1.322513546609991e-06,7.772456853150997e-17
0.060626062606260626,1.1533440285050051e-05,1.3199460096595454e-06,7.772456853150997e-17
0.06063606360636064,1.1533440285073338e-05,1.317383214952106e-06,7.772456853150997e-17
0.060646064606460645,1.1533440285048387e-05,1.3148251537401158e-06,7.772456853150997e-17
0.06065606560656066,1.1533440285059087e-05,1.3122718171738908e-06,7.772456853150997e-17
0.06066606660666067,1.1533440285087417e-05,1.3097231966006129e-06,7.772456853150997e-17
0.06067606760676068,1.1533440285108429e-05,1.307179283282412e-06,7.772456853150997e-17
0.06068606860686069,1.1533440285104415e-05,1.3046400685523246e-06,7.772456853150997e-17
0.060696069606960695,1.153344028510546e-05,1.3021055437004006e-06,7.772456853150997e-17
0.06070607060706071,1.1533440285105384e-05,1.299575700103569e-06,7.772456853150997e-17
0.06071607160716072,1.1533440285140387e-05,1.2970505290833953e-06,7.772456853150997e-17
0.06072607260726073,1.1533440285145603e-05,1.294530022029741e-06,7.772456853150997e-17
0.06073607360736074,1.153344028513527e-05,1.292014170391739e-06,7.772456853150997e-17
0.060746074607460745,1.1533440285160897e-05,1.2895029654314527e-06,7.772456853150997e-17
0.06075607560756076,1.1533440285215277e-05,1.2869963986592108e-06,7.772456853150997e-17
0.06076607660766077,1.1533440285205007e-05,1.28449446147316e-06,7.772456853150997e-17
0.06077607760776078,1.153344028521936e-05,1.2819971453570537e-06,7.772456853150997e-17
0.06078607860786079,1.1533440285190757e-05,1.279504441762814e-06,7.772456853150997e-17
0.060796079607960796,1.1533440285157255e-05,1.2770163421266941e-06,7.772456853150997e-17
0.06080608060806081,1.1533440285125388e-05,1.2745328379655477e-06,7.772456853150997e-17
0.06081608160816082,1.1533440285169518e-05,1.272053920843623e-06,7.772456853150997e-17
0.06082608260826083,1.1533440285261963e-05,1.2695795822382968e-06,7.772456853150997e-17
0.06083608360836084,1.1533440285225905e-05,1.2671098137054243e-06,7.772456853150997e-17
0.060846084608460846,1.1533440285239041e-05,1.2646446067848749e-06,7.772456853150997e-17
0.06085608560856086,1.153344028526219e-05,1.262183953122504e-06,7.772456853150997e-17
0.06086608660866087,1.1533440285241477e-05,1.2597278442510724e-06,7.772456853150997e-17
0.06087608760876088,1.1533440285245584e-05,1.257276271755777e-06,7.772456853150997e-17
0.06088608860886089,1.1533440285260691e-05,1.2548292273407273e-06,7.772456853150997e-17
0.060896089608960896,1.1533440285269287e-05,1.252386702544225e-06,7.772456853150997e-17
0.06090609060906091,1.1533440285298826e-05,1.2499486891029276e-06,7.772456853150997e-17
0.060916091609160915,1.1533440285308552e-05,1.2475151785832414e-06,7.772456853150997e-17
0.06092609260926093,1.1533440285332665e-05,1.2450861627595412e-06,7.772456853150997e-17
0.06093609360936094,1.1533440285347346e-05,1.2426616332973545e-06,7.772456853150997e-17
0.060946094609460946,1.1533440285379091e-05,1.2402415818616506e-06,7.772456853150997e-17
0.06095609560956096,1.1533440285391253e-05,1.237826000272854e-06,7.772456853150997e-17
0.060966096609660965,1.153344028539585e-05,1.2354148802397078e-06,7.772456853150997e-17
0.06097609760976098,1.15334402854095e-05,1.2330082134963094e-06,7.772456853150997e-17
0.06098609860986099,1.1533440285402437e-05,1.2306059918894237e-06,7.772456853150997e-17
0.060996099609960996,1.1533440285410326e-05,1.2282082071648228e-06,7.772456853150997e-17
0.06100610061006101,1.1533440285401975e-05,1.2258148510665977e-06,7.772456853150997e-17
0.061016101610161015,1.1533440285394978e-05,1.2234259154751614e-06,7.772456853150997e-17
0.06102610261026103,1.1533440285435949e-05,1.2210413922336056e-06,7.772456853150997e-17
0.06103610361036104,1.1533440285448362e-05,1.21866127316799e-06,7.772456853150997e-17
0.06104610461046105,1.1533440285449534e-05,1.216285550131099e-06,7.772456853150997e-17
0.06105610561056106,1.153344028548237e-05,1.2139142150327363e-06,7.772456853150997e-17
0.061066106610661065,1.1533440285485204e-05,1.2115472597472749e-06,7.772456853150997e-17
0.06107610761076108,1.1533440285520253e-05,1.2091846762163488e-06,7.772456853150997e-17
0.06108610861086109,1.1533440285590289e-05,1.2068264563303088e-06,7.772456853150997e-17
0.0610961096109611,1.1533440285634824e-05,1.2044725920867592e-06,7.772456853150997e-17
0.06110611061106111,1.1533440285645409e-05,1.2021230753858138e-06,7.772456853150997e-17
0.061116111611161116,1.153344028569924e-05,1.199777898240423e-06,7.772456853150997e-17
0.06112611261126113,1.1533440285702045e-05,1.1974370525563866e-06,7.772456853150997e-17
0.06113611361136114,1.1533440285737732e-05,1.1951005303901413e-06,7.772456853150997e-17
0.06114611461146115,1.1533440285742085e-05,1.1927683237976825e-06,7.772456853150997e-17
0.06115611561156116,1.1533440285770409e-05,1.1904404247354022e-06,7.772456853150997e-17
0.061166116611661166,1.1533440285772953e-05,1.1881168252753709e-06,7.772456853150997e-17
0.06117611761176118,1.1533440285780148e-05,1.1857975174770974e-06,7.772456853150997e-17
0.06118611861186119,1.153344028579849e-05,1.183482493449149e-06,7.772456853150997e-17
0.0611961196119612,1.1533440285820041e-05,1.181171745195062e-06,7.772456853150997e-17
0.06120612061206121,1.1533440285814358e-05,1.1788652648742164e-06,7.772456853150997e-17
0.061216121612161216,1.1533440285818054e-05,1.1765630446068196e-06,7.772456853150997e-17
0.06122612261226123,1.1533440285812213e-05,1.1742650765477574e-06,7.772456853150997e-17
0.06123612361236124,1.1533440285793817e-05,1.1719713528207972e-06,7.772456853150997e-17
0.06124612461246125,1.1533440285829747e-05,1.1696818655280145e-06,7.772456853150997e-17
0.06125612561256126,1.1533440285860543e-05,1.16739660687939e-06,7.772456853150997e-17
0.061266126612661266,1.1533440285851327e-05,1.1651155691061187e-06,7.772456853150997e-17
0.06127612761276128,1.1533440285912822e-05,1.1628387443934843e-06,7.772456853150997e-17
0.061286128612861285,1.1533440285973705e-05,1.1605661249491208e-06,7.772456853150997e-17
0.0612961296129613,1.1533440286008491e-05,1.1582977029724653e-06,7.772456853150997e-17
0.06130613061306131,1.153344028597642e-05,1.1560334707540392e-06,7.772456853150997e-17
0.061316131613161316,1.1533440285996443e-05,1.1537734205534755e-06,7.772456853150997e-17
0.06132613261326133,1.1533440286003453e-05,1.1515175446775184e-06,7.772456853150997e-17
0.061336133613361335,1.1533440286022496e-05,1.1492658353153944e-06,7.772456853150997e-17
0.06134613461346135,1.1533440286072098e-05,1.1470182848732563e-06,7.772456853150997e-17
0.06135613561356136,1.1533440286085364e-05,1.1447748856210957e-06,7.772456853150997e-17
0.061366136613661366,1.1533440286075935e-05,1.1425356299348847e-06,7.772456853150997e-17
0.06137613761376138,1.1533440286071447e-05,1.1403005100654132e-06,7.772456853150997e-17
0.061386138613861385,1.1533440286065456e-05,1.1380782324084348e-06,7.772456853150997e-17
0.0613961396139614,1.1533440286093853e-05,1.1358636982228281e-06,7.772456853150997e-17
0.06140614061406141,1.1533440286106327e-05,1.1336532542179419e-06,7.772456853150997e-17
0.06141614161416142,1.1533440286141236e-05,1.1314468928142718e-06,7.772456853150997e-17
0.06142614261426143,1.1533440286131316e-05,1.1292446065758445e-06,7.772456853150997e-17
0.061436143614361435,1.1533440286157869e-05,1.1270463879381299e-06,7.772456853150997e-17
0.06144614461446145,1.1533440286140249e-05,1.1248522293893817e-06,7.772456853150997e-17
0.06145614561456146,1.1533440286189151e-05,1.122662123422591e-06,7.772456853150997e-17
0.06146614661466147,1.1533440286188431e-05,1.120476062569511e-06,7.772456853150997e-17
0.06147614761476148,1.1533440286214627e-05,1.1182940392912898e-06,7.772456853150997e-17
0.061486148614861486,1.1533440286187398e-05,1.116116046238565e-06,7.772456853150997e-17
0.0614961496149615,1.1533440286214506e-05,1.113942075916333e-06,7.772456853150997e-17
0.06150615061506151,1.1533440286234904e-05,1.1117721209117892e-06,7.772456853150997e-17
0.06151615161516152,1.1533440286278491e-05,1.1096061737793478e-06,7.772456853150997e-17
0.06152615261526153,1.1533440286319413e-05,1.1074442270858963e-06,7.772456853150997e-17
0.061536153615361536,1.153344028631566e-05,1.1052862734676955e-06,7.772456853150997e-17
0.06154615461546155,1.1533440286332715e-05,1.1031323056005814e-06,7.772456853150997e-17
0.06155615561556156,1.153344028630492e-05,1.1009823160880842e-06,7.772456853150997e-17
0.06156615661566157,1.153344028629387e-05,1.0988362975492124e-06,7.772456853150997e-17
0.06157615761576158,1.1533440286279602e-05,1.096694242708694e-06,7.772456853150997e-17
0.061586158615861586,1.1533440286284151e-05,1.0945561442327376e-06,7.772456853150997e-17
0.0615961596159616,1.1533440286273365e-05,1.0924219947535538e-06,7.772456853150997e-17
0.06160616061606161,1.1533440286375309e-05,1.0902917870644636e-06,7.772456853150997e-17
0.06161616161616162,1.1533440286425389e-05,1.0881655137947957e-06,7.772456853150997e-17
0.06162616261626163,1.1533440286391536e-05,1.0860431677715831e-06,7.772456853150997e-17
0.061636163616361636,1.1533440286411643e-05,1.0839247417133995e-06,7.772456853150997e-17
0.06164616461646165,1.1533440286440849e-05,1.0818102283090122e-06,7.772456853150997e-17
0.061656165616561655,1.1533440286454732e-05,1.0796996204117886e-06,7.772456853150997e-17
0.06166616661666167,1.153344028650215e-05,1.0775929108348545e-06,7.772456853150997e-17
0.06167616761676168,1.1533440286524424e-05,1.0754900923525203e-06,7.772456853150997e-17
0.061686168616861686,1.1533440286584572e-05,1.0733911577026708e-06,7.772456853150997e-17
0.0616961696169617,1.153344028660142e-05,1.0712960997375338e-06,7.772456853150997e-17
0.061706170617061705,1.1533440286606484e-05,1.0692049112915576e-06,7.772456853150997e-17
0.06171617161716172,1.1533440286622768e-05,1.0671175852645374e-06,7.772456853150997e-17
0.06172617261726173,1.1533440286612778e-05,1.0650341145071578e-06,7.772456853150997e-17
0.061736173617361736,1.1533440286690903e-05,1.0629544918967307e-06,7.772456853150997e-17
0.06174617461746175,1.1533440286711801e-05,1.0608787103435048e-06,7.772456853150997e-17
0.061756175617561755,1.1533440286718228e-05,1.058806762725414e-06,7.772456853150997e-17
0.06176617661766177,1.1533440286735775e-05,1.056738642010639e-06,7.772456853150997e-17
0.06177617761776178,1.1533440286749157e-05,1.0546743410474652e-06,7.772456853150997e-17
0.06178617861786179,1.1533440286776353e-05,1.0526138528182626e-06,7.772456853150997e-17
0.0617961796179618,1.1533440286781768e-05,1.0505571702660526e-06,7.772456853150997e-17
0.061806180618061805,1.1533440286787473e-05,1.0485042864376173e-06,7.772456853150997e-17
0.06181618161816182,1.1533440286807251e-05,1.0464551942275418e-06,7.772456853150997e-17
0.06182618261826183,1.1533440286812872e-05,1.0444098866589948e-06,7.772456853150997e-17
0.06183618361836184,1.153344028681539e-05,1.042368356729576e-06,7.772456853150997e-17
0.06184618461846185,1.1533440286812242e-05,1.0403305975144416e-06,7.772456853150997e-17
0.061856185618561856,1.1533440286885373e-05,1.0382966020390044e-06,7.772456853150997e-17
0.06186618661866187,1.1533440286924903e-05,1.0362663633304318e-06,7.772456853150997e-17
0.06187618761876188,1.1533440286930342e-05,1.0342398744411369e-06,7.772456853150997e-17
0.06188618861886189,1.153344028695182e-05,1.032217128462095e-06,7.772456853150997e-17
0.0618961896189619,1.1533440286943597e-05,1.030198118476496e-06,7.772456853150997e-17
0.061906190619061906,1.153344028694413e-05,1.0281828375279798e-06,7.772456853150997e-17
0.06191619161916192,1.1533440286971562e-05,1.026171278834164e-06,7.772456853150997e-17
0.06192619261926193,1.1533440286939228e-05,1.0241634354279506e-06,7.772456853150997e-17
0.06193619361936194,1.1533440286920312e-05,1.0221593004936772e-06,7.772456853150997e-17
0.06194619461946195,1.1533440286922483e-05,1.0201588671714934e-06,7.772456853150997e-17
0.061956195619561956,1.1533440286932792e-05,1.0181621286444315e-06,7.772456853150997e-17
0.06196619661966197,1.1533440286941096e-05,1.0161690780495213e-06,7.772456853150997e-17
0.06197619761976198,1.1533440286924596e-05,1.0141797085948522e-06,7.772456853150997e-17
0.06198619861986199,1.1533440286939192e-05,1.0121940134995695e-06,7.772456853150997e-17
0.061996199619962,1.1533440286920605e-05,1.010211985938382e-06,7.772456853150997e-17
0.062006200620062006,1.1533440286908446e-05,1.0082336191565146e-06,7.772456853150997e-17
0.06201620162016202,1.1533440286905043e-05,1.0062589064171858e-06,7.772456853150997e-17
0.062026202620262025,1.1533440286914194e-05,1.004292887477928e-06,7.772456853150997e-17
0.06203620362036204,1.153344028689932e-05,1.0023390959678306e-06,7.772456853150997e-17
0.06204620462046205,1.153344028689388e-05,1.0003889131646123e-06,7.772456853150997e-17
0.062056205620562056,1.153344028689318e-05,9.984423322786443e-07,7.772456853150997e-17
0.06206620662066207,1.1533440286902007e-05,9.964993466860387e-07,7.772456853150997e-17
0.062076207620762075,1.1533440286884269e-05,9.945599497369628e-07,7.772456853150997e-17
0.06208620862086209,1.1533440286899298e-05,9.926241348041317e-07,7.772456853150997e-17
0.0620962096209621,1.1533440286966175e-05,9.90691895343113e-07,7.772456853150997e-17
0.062106210621062106,1.1533440286988444e-05,9.887632246803497e-07,7.772456853150997e-17
0.06211621162116212,1.1533440287010609e-05,9.868381162960143e-07,7.772456853150997e-17
0.062126212621262125,1.1533440287053924e-05,9.849165635495799e-07,7.772456853150997e-17
0.06213621362136214,1.1533440287054775e-05,9.829985598714437e-07,7.772456853150997e-17
0.06214621462146215,1.1533440287089303e-05,9.810840987113e-07,7.772456853150997e-17
0.06215621562156216,1.1533440287108466e-05,9.791731735947352e-07,7.772456853150997e-17
0.06216621662166217,1.1533440287128241e-05,9.772657778872765e-07,7.772456853150997e-17
0.062176217621762175,1.1533440287177063e-05,9.753619051474233e-07,7.772456853150997e-17
0.06218621862186219,1.153344028719767e-05,9.734615488564824e-07,7.772456853150997e-17
0.0621962196219622,1.1533440287185508e-05,9.715647024914252e-07,7.772456853150997e-17
0.06220622062206221,1.1533440287196306e-05,9.69671359533967e-07,7.772456853150997e-17
0.06221622162216222,1.1533440287214346e-05,9.677815135410605e-07,7.772456853150997e-17
0.062226222622262226,1.153344028725147e-05,9.658951581316503e-07,7.772456853150997e-17
0.06223622362236224,1.1533440287268898e-05,9.640122867767956e-07,7.772456853150997e-17
0.06224622462246225,1.1533440287297336e-05,9.621328930807312e-07,7.772456853150997e-17
0.06225622562256226,1.1533440287324338e-05,9.60256970553903e-07,7.772456853150997e-17
0.06226622662266227,1.153344028736059e-05,9.583845128482842e-07,7.772456853150997e-17
0.062276227622762276,1.1533440287415965e-05,9.56515513546324e-07,7.772456853150997e-17
0.06228622862286229,1.1533440287418977e-05,9.546499663059747e-07,7.772456853150997e-17
0.0622962296229623,1.1533440287441e-05,9.527878647240273e-07,7.772456853150997e-17
0.06230623062306231,1.1533440287487382e-05,9.509292023971316e-07,7.772456853150997e-17
0.06231623162316232,1.153344028748565e-05,9.490739730251358e-07,7.772456853150997e-17
0.062326232623262326,1.1533440287480975e-05,9.472221702512772e-07,7.772456853150997e-17
0.06233623362336234,1.1533440287498076e-05,9.45373787715107e-07,7.772456853150997e-17
0.06234623462346235,1.1533440287530697e-05,9.435288190630856e-07,7.772456853150997e-17
0.06235623562356236,1.1533440287545696e-05,9.416872580871374e-07,7.772456853150997e-17
0.06236623662366237,1.1533440287583008e-05,9.398490984756055e-07,7.772456853150997e-17
0.062376237623762376,1.153344028761824e-05,9.380143339027363e-07,7.772456853150997e-17
0.06238623862386239,1.1533440287618855e-05,9.361829581219006e-07,7.772456853150997e-17
0.062396239623962395,1.1533440287631328e-05,9.343549648945449e-07,7.772456853150997e-17
0.06240624062406241,1.1533440287649797e-05,9.325303478897081e-07,7.772456853150997e-17
0.06241624162416242,1.1533440287666504e-05,9.307091009413377e-07,7.772456853150997e-17
0.062426242624262426,1.1533440287645931e-05,9.288912178504841e-07,7.772456853150997e-17
0.06243624362436244,1.1533440287647823e-05,9.270766923845741e-07,7.772456853150997e-17
0.062446244624462445,1.1533440287700624e-05,9.252655183213082e-07,7.772456853150997e-17
0.06245624562456246,1.153344028769541e-05,9.234576894411611e-07,7.772456853150997e-17
0.06246624662466247,1.1533440287750599e-05,9.216531996139256e-07,7.772456853150997e-17
0.062476247624762477,1.1533440287763587e-05,9.198520426688331e-07,7.772456853150997e-17
0.06248624862486249,1.1533440287787055e-05,9.180542124267151e-07,7.772456853150997e-17
0.062496249624962495,1.1533440287821675e-05,9.162597027530057e-07,7.772456853150997e-17
0.06250625062506251,1.1533440287822854e-05,9.144685074917441e-07,7.772456853150997e-17
0.06251625162516251,1.153344028780095e-05,9.126806205730488e-07,7.772456853150997e-17
0.06252625262526253,1.153344028781794e-05,9.108960358552088e-07,7.772456853150997e-17
0.06253625362536254,1.1533440287828785e-05,9.091147472391024e-07,7.772456853150997e-17
0.06254625462546255,1.1533440287833288e-05,9.073461079136393e-07,7.772456853150997e-17
0.06255625562556257,1.1533440287843759e-05,9.055865715186025e-07,7.772456853150997e-17
0.06256625662566256,1.1533440287875767e-05,9.038302849764933e-07,7.772456853150997e-17
0.06257625762576258,1.1533440287826635e-05,9.020772422469015e-07,7.772456853150997e-17
0.06258625862586259,1.1533440287861323e-05,9.003274373753065e-07,7.772456853150997e-17
0.0625962596259626,1.1533440287841135e-05,8.985808643928704e-07,7.772456853150997e-17
0.0626062606260626,1.153344028787712e-05,8.968375172798689e-07,7.772456853150997e-17
0.06261626162616261,1.1533440287909445e-05,8.950973900967865e-07,7.772456853150997e-17
0.06262626262626263,1.1533440287896112e-05,8.933604769471571e-07,7.772456853150997e-17
0.06263626362636264,1.1533440287897393e-05,8.916267718668048e-07,7.772456853150997e-17
0.06264626462646265,1.153344028791875e-05,8.89896268932146e-07,7.772456853150997e-17
0.06265626562656265,1.1533440287901803e-05,8.881689621718457e-07,7.772456853150997e-17
0.06266626662666266,1.1533440287888423e-05,8.864448457804771e-07,7.772456853150997e-17
0.06267626762676268,1.1533440287920954e-05,8.847239137888469e-07,7.772456853150997e-17
0.06268626862686269,1.1533440287935201e-05,8.830061603427744e-07,7.772456853150997e-17
0.0626962696269627,1.153344028794047e-05,8.812915795504419e-07,7.772456853150997e-17
0.0627062706270627,1.153344028796334e-05,8.795801655110701e-07,7.772456853150997e-17
0.06271627162716271,1.1533440287943985e-05,8.77871912432179e-07,7.772456853150997e-17
0.06272627262726273,1.1533440287961146e-05,8.761668144857667e-07,7.772456853150997e-17
0.06273627362736274,1.153344028795774e-05,8.744648659056351e-07,7.772456853150997e-17
0.06274627462746275,1.1533440287916302e-05,8.727660607781214e-07,7.772456853150997e-17
0.06275627562756275,1.1533440287929804e-05,8.710703932983997e-07,7.772456853150997e-17
0.06276627662766276,1.1533440287945894e-05,8.693778577389393e-07,7.772456853150997e-17
0.06277627762776278,1.1533440287987761e-05,8.676884482779762e-07,7.772456853150997e-17
0.06278627862786279,1.1533440288046676e-05,8.660021590913497e-07,7.772456853150997e-17
0.0627962796279628,1.1533440288044902e-05,8.643189844784929e-07,7.772456853150997e-17
0.0628062806280628,1.153344028807818e-05,8.626389186494535e-07,7.772456853150997e-17
0.06281628162816282,1.1533440288109273e-05,8.609619558909054e-07,7.772456853150997e-17
0.06282628262826283,1.1533440288141818e-05,8.592880904606736e-07,7.772456853150997e-17
0.06283628362836284,1.1533440288175382e-05,8.576173166022745e-07,7.772456853150997e-17
0.06284628462846285,1.1533440288150209e-05,8.559496287076324e-07,7.772456853150997e-17
0.06285628562856285,1.1533440288145145e-05,8.542850210369005e-07,7.772456853150997e-17
0.06286628662866287,1.153344028817099e-05,8.526234878843412e-07,7.772456853150997e-17
0.06287628762876288,1.1533440288163583e-05,8.509650235298702e-07,7.772456853150997e-17
0.06288628862886289,1.153344028816325e-05,8.493096223381954e-07,7.772456853150997e-17
0.0628962896289629,1.1533440288238071e-05,8.476572786113835e-07,7.772456853150997e-17
0.0629062906290629,1.1533440288269081e-05,8.460079867876751e-07,7.772456853150997e-17
0.06291629162916292,1.1533440288285488e-05,8.443617411568559e-07,7.772456853150997e-17
0.06292629262926293,1.1533440288318655e-05,8.427185360925871e-07,7.772456853150997e-17
0.06293629362936294,1.1533440288346315e-05,8.410783660351131e-07,7.772456853150997e-17
0.06294629462946295,1.1533440288351808e-05,8.394412253894159e-07,7.772456853150997e-17
0.06295629562956295,1.1533440288390881e-05,8.378071085596782e-07,7.772456853150997e-17
0.06296629662966297,1.1533440288359698e-05,8.361849709451342e-07,7.772456853150997e-17
0.06297629762976298,1.1533440288374903e-05,8.345739185419021e-07,7.772456853150997e-17
0.06298629862986299,1.1533440288430715e-05,8.329658417288455e-07,7.772456853150997e-17
0.062996299629963,1.1533440288454454e-05,8.313607350230986e-07,7.772456853150997e-17
0.063006300630063,1.1533440288447524e-05,8.297585929631892e-07,7.772456853150997e-17
0.06301630163016302,1.1533440288477157e-05,8.281594100378754e-07,7.772456853150997e-17
0.06302630263026303,1.1533440288487285e-05,8.265631808201844e-07,7.772456853150997e-17
0.06303630363036304,1.1533440288514196e-05,8.249698997950121e-07,7.772456853150997e-17
0.06304630463046305,1.1533440288531316e-05,8.233795615201725e-07,7.772456853150997e-17
0.06305630563056305,1.1533440288524285e-05,8.217921606238704e-07,7.772456853150997e-17
0.06306630663066307,1.1533440288497367e-05,8.20207691584746e-07,7.772456853150997e-17
0.06307630763076308,1.1533440288484438e-05,8.186261490964614e-07,7.772456853150997e-17
0.06308630863086309,1.1533440288442347e-05,8.170475276575008e-07,7.772456853150997e-17
0.0630963096309631,1.1533440288455842e-05,8.15471821956228e-07,7.772456853150997e-17
0.0631063106310631,1.1533440288479503e-05,8.13899026522707e-07,7.772456853150997e-17
0.06311631163116312,1.1533440288482525e-05,8.123291360034902e-07,7.772456853150997e-17
0.06312631263126313,1.1533440288546686e-05,8.107621450770889e-07,7.772456853150997e-17
0.06313631363136314,1.1533440288561211e-05,8.091980483567318e-07,7.772456853150997e-17
0.06314631463146315,1.1533440288583088e-05,8.076368405127366e-07,7.772456853150997e-17
0.06315631563156315,1.1533440288617998e-05,8.060785161689835e-07,7.772456853150997e-17
0.06316631663166317,1.1533440288628792e-05,8.045230701057593e-07,7.772456853150997e-17
0.06317631763176318,1.1533440288637764e-05,8.029704969384812e-07,7.772456853150997e-17
0.06318631863186319,1.15334402886712e-05,8.014207912790584e-07,7.772456853150997e-17
0.0631963196319632,1.153344028866391e-05,7.998739479481856e-07,7.772456853150997e-17
0.0632063206320632,1.1533440288709408e-05,7.983299616133608e-07,7.772456853150997e-17
0.06321632163216322,1.1533440288722822e-05,7.96788826994361e-07,7.772456853150997e-17
0.06322632263226323,1.1533440288718298e-05,7.952505388446695e-07,7.772456853150997e-17
0.06323632363236324,1.1533440288690046e-05,7.937150919220594e-07,7.772456853150997e-17
0.06324632463246325,1.1533440288711178e-05,7.921824809351882e-07,7.772456853150997e-17
0.06325632563256325,1.1533440288729588e-05,7.906527006806827e-07,7.772456853150997e-17
0.06326632663266327,1.1533440288732459e-05,7.891257458980461e-07,7.772456853150997e-17
0.06327632763276328,1.15334402887809e-05,7.876016113471863e-07,7.772456853150997e-17
0.06328632863286329,1.153344028879051e-05,7.86080291881363e-07,7.772456853150997e-17
0.0632963296329633,1.1533440288760845e-05,7.845617822627604e-07,7.772456853150997e-17
0.0633063306330633,1.1533440288779485e-05,7.830469545099563e-07,7.772456853150997e-17
0.06331633163316332,1.1533440288821752e-05,7.815532966132745e-07,7.772456853150997e-17
0.06332633263326333,1.1533440288848686e-05,7.800623975156598e-07,7.772456853150997e-17
0.06333633363336334,1.153344028886913e-05,7.785742520907618e-07,7.772456853150997e-17
0.06334633463346334,1.1533440288896728e-05,7.770888551909668e-07,7.772456853150997e-17
0.06335633563356335,1.153344028891015e-05,7.756062017961824e-07,7.772456853150997e-17
0.06336633663366337,1.1533440288937251e-05,7.741262868721698e-07,7.772456853150997e-17
0.06337633763376338,1.1533440288943164e-05,7.726491053640313e-07,7.772456853150997e-17
0.06338633863386339,1.1533440288948293e-05,7.711746522116837e-07,7.772456853150997e-17
0.06339633963396339,1.1533440288928008e-05,7.697029223225345e-07,7.772456853150997e-17
0.0634063406340634,1.1533440288898396e-05,7.682339106757457e-07,7.772456853150997e-17
0.06341634163416342,1.153344028887144e-05,7.667676123149258e-07,7.772456853150997e-17
0.06342634263426343,1.1533440288857124e-05,7.653040222169029e-07,7.772456853150997e-17
0.06343634363436344,1.153344028891196e-05,7.638431353416296e-07,7.772456853150997e-17
0.06344634463446344,1.1533440288914771e-05,7.623849467207142e-07,7.772456853150997e-17
0.06345634563456345,1.1533440288938327e-05,7.609294512694362e-07,7.772456853150997e-17
0.06346634663466347,1.1533440288963482e-05,7.594766441831548e-07,7.772456853150997e-17
0.06347634763476348,1.1533440288954077e-05,7.580265203729727e-07,7.772456853150997e-17
0.0634863486348635,1.1533440288962913e-05,7.565790749410052e-07,7.772456853150997e-17
0.06349634963496349,1.153344028899837e-05,7.551343028851795e-07,7.772456853150997e-17
0.0635063506350635,1.1533440288984602e-05,7.536921993646909e-07,7.772456853150997e-17
0.06351635163516352,1.1533440289007528e-05,7.522527593482537e-07,7.772456853150997e-17
0.06352635263526353,1.1533440289018312e-05,7.508159779645573e-07,7.772456853150997e-17
0.06353635363536354,1.1533440288981597e-05,7.493818502945226e-07,7.772456853150997e-17
0.06354635463546354,1.153344028897012e-05,7.479503714372713e-07,7.772456853150997e-17
0.06355635563556356,1.1533440288975495e-05,7.465215365193484e-07,7.772456853150997e-17
0.06356635663566357,1.1533440288980575e-05,7.450953406231456e-07,7.772456853150997e-17
0.06357635763576358,1.153344028901453e-05,7.436717789313089e-07,7.772456853150997e-17
0.0635863586358636,1.1533440289025998e-05,7.422508464889508e-07,7.772456853150997e-17
0.06359635963596359,1.153344028906373e-05,7.408469938298864e-07,7.772456853150997e-17
0.0636063606360636,1.1533440289068733e-05,7.394531148657538e-07,7.772456853150997e-17
0.06361636163616362,1.1533440289075123e-05,7.380618103486703e-07,7.772456853150997e-17
0.06362636263626363,1.1533440289060698e-05,7.366730756021392e-07,7.772456853150997e-17
0.06363636363636364,1.1533440289065514e-05,7.352869057827705e-07,7.772456853150997e-17
0.06364636463646364,1.1533440289100666e-05,7.339032962080038e-07,7.772456853150997e-17
0.06365636563656366,1.1533440289077893e-05,7.32522242159472e-07,7.772456853150997e-17
0.06366636663666367,1.1533440289074078e-05,7.311437389184701e-07,7.772456853150997e-17
0.06367636763676368,1.1533440289050557e-05,7.297677817039046e-07,7.772456853150997e-17
0.0636863686368637,1.1533440289070363e-05,7.283943659349916e-07,7.772456853150997e-17
0.06369636963696369,1.1533440289108723e-05,7.270234868225416e-07,7.772456853150997e-17
0.0637063706370637,1.15334402891102e-05,7.256551396992779e-07,7.772456853150997e-17
0.06371637163716372,1.1533440289090563e-05,7.242893199715181e-07,7.772456853150997e-17
0.06372637263726373,1.1533440289126143e-05,7.229260228126405e-07,7.772456853150997e-17
0.06373637363736374,1.1533440289149631e-05,7.215652436783313e-07,7.772456853150997e-17
0.06374637463746374,1.1533440289174246e-05,7.202069779285729e-07,7.772456853150997e-17
0.06375637563756376,1.1533440289176685e-05,7.188512208294323e-07,7.772456853150997e-17
0.06376637663766377,1.153344028919651e-05,7.174979678048287e-07,7.772456853150997e-17
0.06377637763776378,1.1533440289207575e-05,7.161472142563509e-07,7.772456853150997e-17
0.0637863786378638,1.153344028924469e-05,7.147989554848988e-07,7.772456853150997e-17
0.0637963796379638,1.1533440289272676e-05,7.134531869456717e-07,7.772456853150997e-17
0.0638063806380638,1.1533440289288233e-05,7.121099040318745e-07,7.772456853150997e-17
0.06381638163816382,1.1533440289259585e-05,7.107691021635862e-07,7.772456853150997e-17
0.06382638263826383,1.1533440289249625e-05,7.094361641474588e-07,7.772456853150997e-17
0.06383638363836384,1.1533440289298723e-05,7.081251536188851e-07,7.772456853150997e-17
0.06384638463846384,1.1533440289258699e-05,7.068165645670219e-07,7.772456853150997e-17
0.06385638563856386,1.15334402892836e-05,7.055103924225205e-07,7.772456853150997e-17
0.06386638663866387,1.1533440289294057e-05,7.042066327671427e-07,7.772456853150997e-17
0.06387638763876388,1.15334402892881e-05,7.029052811069579e-07,7.772456853150997e-17
0.0638863886388639,1.1533440289331933e-05,7.016063330587756e-07,7.772456853150997e-17
0.0638963896389639,1.1533440289330969e-05,7.003097841632374e-07,7.772456853150997e-17
0.0639063906390639,1.1533440289324759e-05,6.990156299388168e-07,7.772456853150997e-17
0.06391639163916392,1.1533440289354762e-05,6.977238659965279e-07,7.772456853150997e-17
0.06392639263926393,1.1533440289367522e-05,6.964344879645617e-07,7.772456853150997e-17
0.06393639363936394,1.1533440289368516e-05,6.951474913870404e-07,7.772456853150997e-17
0.06394639463946394,1.153344028939709e-05,6.938628718618749e-07,7.772456853150997e-17
0.06395639563956396,1.1533440289408291e-05,6.925806250113684e-07,7.772456853150997e-17
0.06396639663966397,1.1533440289393e-05,6.913007464992918e-07,7.772456853150997e-17
0.06397639763976398,1.1533440289383583e-05,6.900232318790205e-07,7.772456853150997e-17
0.063986398639864,1.1533440289377078e-05,6.887480767900301e-07,7.772456853150997e-17
0.063996399639964,1.153344028935288e-05,6.874752768951667e-07,7.772456853150997e-17
0.064006400640064,1.1533440289406526e-05,6.862048278580978e-07,7.772456853150997e-17
0.06401640164016402,1.1533440289393153e-05,6.849367253497117e-07,7.772456853150997e-17
0.06402640264026403,1.153344028938317e-05,6.836936947771147e-07,7.772456853150997e-17
0.06403640364036405,1.153344028937026e-05,6.824585657691101e-07,7.772456853150997e-17
0.06404640464046404,1.1533440289348733e-05,6.812257180172766e-07,7.772456853150997e-17
0.06405640564056406,1.1533440289340554e-05,6.799951473362663e-07,7.772456853150997e-17
0.06406640664066407,1.1533440289331601e-05,6.787668494756892e-07,7.772456853150997e-17
0.06407640764076408,1.1533440289328845e-05,6.775408202764626e-07,7.772456853150997e-17
0.0640864086408641,1.153344028936024e-05,6.763170555614285e-07,7.772456853150997e-17
0.0640964096409641,1.1533440289401022e-05,6.750955510597968e-07,7.772456853150997e-17
0.06410641064106411,1.1533440289376148e-05,6.738763026866389e-07,7.772456853150997e-17
0.06411641164116412,1.1533440289353853e-05,6.726593062487249e-07,7.772456853150997e-17
0.06412641264126413,1.1533440289352463e-05,6.71444557607823e-07,7.772456853150997e-17
0.06413641364136413,1.1533440289308541e-05,6.702320525504343e-07,7.772456853150997e-17
0.06414641464146414,1.1533440289346463e-05,6.690217870061557e-07,7.772456853150997e-17
0.06415641564156416,1.153344028934402e-05,6.678137568051248e-07,7.772456853150997e-17
0.06416641664166417,1.1533440289356787e-05,6.666079578394234e-07,7.772456853150997e-17
0.06417641764176418,1.1533440289359394e-05,6.65404385955304e-07,7.772456853150997e-17
0.06418641864186418,1.1533440289373473e-05,6.642254088170915e-07,7.772456853150997e-17
0.0641964196419642,1.153344028939341e-05,6.630585432406975e-07,7.772456853150997e-17
0.06420642064206421,1.153344028939057e-05,6.618938328427487e-07,7.772456853150997e-17
0.06421642164216422,1.1533440289395e-05,6.607312737155491e-07,7.772456853150997e-17
0.06422642264226423,1.1533440289389342e-05,6.59570861722712e-07,7.772456853150997e-17
0.06423642364236423,1.153344028940449e-05,6.58412593069073e-07,7.772456853150997e-17
0.06424642464246424,1.1533440289408718e-05,6.572564637000875e-07,7.772456853150997e-17
0.06425642564256426,1.1533440289406914e-05,6.561024696961966e-07,7.772456853150997e-17
0.06426642664266427,1.1533440289422181e-05,6.54950607111791e-07,7.772456853150997e-17
0.06427642764276428,1.1533440289428705e-05,6.538008720001001e-07,7.772456853150997e-17
0.06428642864286428,1.1533440289490972e-05,6.526532604178542e-07,7.772456853150997e-17
0.0642964296429643,1.1533440289543823e-05,6.515077684842451e-07,7.772456853150997e-17
0.06430643064306431,1.153344028957308e-05,6.503643922574289e-07,7.772456853150997e-17
0.06431643164316432,1.1533440289566751e-05,6.492341645809383e-07,7.772456853150997e-17
0.06432643264326433,1.1533440289575763e-05,6.481317521106987e-07,7.772456853150997e-17
0.06433643364336433,1.1533440289592489e-05,6.470313757868771e-07,7.772456853150997e-17
0.06434643464346435,1.1533440289589567e-05,6.459330318573615e-07,7.772456853150997e-17
0.06435643564356436,1.153344028962133e-05,6.44836716605194e-07,7.772456853150997e-17
0.06436643664366437,1.1533440289644266e-05,6.437424261989252e-07,7.772456853150997e-17
0.06437643764376438,1.1533440289665046e-05,6.426501569249982e-07,7.772456853150997e-17
0.06438643864386438,1.1533440289695923e-05,6.415599050943719e-07,7.772456853150997e-17
0.0643964396439644,1.153344028970788e-05,6.404716669068457e-07,7.772456853150997e-17
0.06440644064406441,1.1533440289678573e-05,6.393854386889627e-07,7.772456853150997e-17
0.06441644164416442,1.1533440289703077e-05,6.383012167155816e-07,7.772456853150997e-17
0.06442644264426443,1.1533440289671925e-05,6.372250713216287e-07,7.772456853150997e-17
0.06443644364436443,1.1533440289682674e-05,6.361865186650905e-07,7.772456853150997e-17
0.06444644464446445,1.1533440289716227e-05,6.35149884202063e-07,7.772456853150997e-17
0.06445644564456446,1.1533440289743505e-05,6.341151644013732e-07,7.772456853150997e-17
0.06446644664466447,1.15334402897665e-05,6.330823556994262e-07,7.772456853150997e-17
0.06447644764476448,1.1533440289773888e-05,6.320514545707277e-07,7.772456853150997e-17
0.06448644864486448,1.1533440289783376e-05,6.310224575262393e-07,7.772456853150997e-17
0.0644964496449645,1.1533440289801194e-05,6.299953610102617e-07,7.772456853150997e-17
0.06450645064506451,1.1533440289790068e-05,6.289701615076433e-07,7.772456853150997e-17
0.06451645164516452,1.1533440289828584e-05,6.279468555572482e-07,7.772456853150997e-17
0.06452645264526453,1.1533440289868127e-05,6.269647041291707e-07,7.772456853150997e-17
0.06453645364536453,1.1533440289858586e-05,6.259920745753447e-07,7.772456853150997e-17
0.06454645464546455,1.1533440289856667e-05,6.250212414815048e-07,7.772456853150997e-17
0.06455645564556456,1.1533440289881986e-05,6.240522015436604e-07,7.772456853150997e-17
0.06456645664566457,1.1533440289927897e-05,6.23084951374447e-07,7.772456853150997e-17
0.06457645764576458,1.1533440289893826e-05,6.221194876682445e-07,7.772456853150997e-17
0.06458645864586458,1.1533440289919488e-05,6.211558071979426e-07,7.772456853150997e-17
0.0645964596459646,1.1533440289941541e-05,6.201963776220423e-07,7.772456853150997e-17
0.06460646064606461,1.1533440289951834e-05,6.192887584794365e-07,7.772456853150997e-17
0.06461646164616462,1.1533440289971389e-05,6.183828156713159e-07,7.772456853150997e-17
0.06462646264626463,1.1533440289996771e-05,6.174785461021589e-07,7.772456853150997e-17
0.06463646364636463,1.1533440290000879e-05,6.165759466968211e-07,7.772456853150997e-17
0.06464646464646465,1.1533440289983564e-05,6.156750143853165e-07,7.772456853150997e-17
0.06465646564656466,1.1533440289981314e-05,6.147757461039813e-07,7.772456853150997e-17
0.06466646664666467,1.1533440289961971e-05,6.139079553522932e-07,7.772456853150997e-17
0.06467646764676468,1.1533440289970152e-05,6.130700384884771e-07,7.772456853150997e-17
0.06468646864686468,1.1533440290002507e-05,6.12233669248691e-07,7.772456853150997e-17
0.0646964696469647,1.1533440290011587e-05,6.113988447586868e-07,7.772456853150997e-17
0.06470647064706471,1.1533440290006075e-05,6.10565562158346e-07,7.772456853150997e-17
0.06471647164716472,1.1533440290035621e-05,6.097347599520512e-07,7.772456853150997e-17
0.06472647264726474,1.1533440290027974e-05,6.089679839075494e-07,7.772456853150997e-17
0.06473647364736473,1.1533440290072389e-05,6.082026240607303e-07,7.772456853150997e-17
0.06474647464746475,1.1533440290056473e-05,6.07438677813196e-07,7.772456853150997e-17
0.06475647564756476,1.1533440290058877e-05,6.066761424840706e-07,7.772456853150997e-17
0.06476647664766477,1.1533440290113418e-05,6.059404068776471e-07,7.772456853150997e-17
0.06477647764776479,1.1533440290147243e-05,6.052488420546524e-07,7.772456853150997e-17
0.06478647864786478,1.1533440290112969e-05,6.045585545873281e-07,7.772456853150997e-17
0.0647964796479648,1.1533440290158397e-05,6.038695420091788e-07,7.772456853150997e-17
0.06480648064806481,1.1533440290160673e-05,6.032132668064515e-07,7.772456853150997e-17
0.06481648164816482,1.1533440290227221e-05,6.025987459207005e-07,7.772456853150997e-17
0.06482648264826484,1.1533440290230915e-05,6.019853600611003e-07,7.772456853150997e-17
0.06483648364836483,1.1533440290216827e-05,6.01379607886609e-07,7.772456853150997e-17
0.06484648464846485,1.1533440290178775e-05,6.00842911548977e-07,7.772456853150997e-17
0.06485648564856486,1.153344029017802e-05,6.00307206470833e-07,7.772456853150997e-17
0.06486648664866487,1.153344029018283e-05,5.997893187762579e-07,7.772456853150997e-17
0.06487648764876487,1.1533440290243647e-05,5.993306831312883e-07,7.772456853150997e-17
0.06488648864886488,1.1533440290216173e-05,5.988728945417619e-07,7.772456853150997e-17
0.0648964896489649,1.1533440290205747e-05,5.984723814215898e-07,7.772456853150997e-17
0.06490649064906491,1.153344029020449e-05,5.980899653079957e-07,7.772456853150997e-17
0.06491649164916492,1.1533440290210398e-05,5.977534262527482e-07,7.772456853150997e-17
0.06492649264926492,1.1533440290240577e-05,5.974426479483096e-07,7.772456853150997e-17
0.06493649364936493,1.1533440290203806e-05,5.971843659128499e-07,7.772456853150997e-17
0.06494649464946495,1.1533440290269814e-05,5.969507131457558e-07,7.772456853150997e-17
0.06495649564956496,1.1533440290265106e-05,5.967637057832177e-07,7.772456853150997e-17
0.06496649664966497,1.1533440290275497e-05,5.966157202535624e-07,7.772456853150997e-17
0.06497649764976497,1.1533440290292158e-05,5.965002298221183e-07,7.772456853150997e-17
0.06498649864986498,1.153344029032596e-05,5.964168315127716e-07,7.772456853150997e-17
0.064996499649965,1.1533440290346653e-05,5.963612623378382e-07,7.772456853150997e-17
0.06500650065006501,1.1533440290349359e-05,5.963271576694995e-07,7.772456853150997e-17
0.06501650165016502,1.1533440290345569e-05,5.963077751248113e-07,7.772456853150997e-17
0.06502650265026502,1.1533440290346106e-05,5.962978104458946e-07,7.772456853150997e-17
0.06503650365036504,1.1533440290396518e-05,5.962925714887824e-07,7.772456853150997e-17
0.06504650465046505,1.1533440290408839e-05,5.962896969052026e-07,7.772456853150997e-17
0.06505650565056506,1.1533440290417972e-05,5.962881367667502e-07,7.772456853150997e-17
0.06506650665066507,1.1533440290436122e-05,5.962873552253338e-07,7.772456853150997e-17
0.06507650765076507,1.1533440290443884e-05,5.962869346849707e-07,7.772456853150997e-17
0.06508650865086509,1.1533440290446838e-05,5.962867043582297e-07,7.772456853150997e-17
0.0650965096509651,1.1533440290433772e-05,5.962865796584381e-07,7.772456853150997e-17
0.06510651065106511,1.1533440290423403e-05,5.962865184529242e-07,7.772456853150997e-17
0.06511651165116512,1.1533440290413667e-05,5.96286484723562e-07,7.772456853150997e-17
0.06512651265126512,1.1533440290417414e-05,5.962864662989021e-07,7.772456853150997e-17
0.06513651365136514,1.1533440290441677e-05,5.962864564967714e-07,7.772456853150997e-17
0.06514651465146515,1.1533440290506539e-05,5.962864516022919e-07,7.772456853150997e-17
0.06515651565156516,1.1533440290582374e-05,5.962864488541084e-07,7.772456853150997e-17
0.06516651665166517,1.1533440290566465e-05,5.962864474170581e-07,7.772456853150997e-17
0.06517651765176517,1.153344029058225e-05,5.962864466196482e-07,7.772456853150997e-17
0.06518651865186519,1.1533440290581703e-05,5.962864462768099e-07,7.772456853150997e-17
0.0651965196519652,1.1533440290543627e-05,5.962864461437246e-07,7.772456853150997e-17
0.06520652065206521,1.1533440290531701e-05,5.962864460027487e-07,7.772456853150997e-17
0.06521652165216522,1.1533440290526532e-05,5.962864459492099e-07,7.772456853150997e-17
0.06522652265226522,1.1533440290496857e-05,5.96286445924003e-07,7.772456853150997e-17
0.06523652365236524,1.1533440290536573e-05,5.96286445936558e-07,7.772456853150997e-17
0.06524652465246525,1.153344029058638e-05,5.962864459803553e-07,7.772456853150997e-17
0.06525652565256526,1.1533440290630894e-05,5.962864459788493e-07,7.772456853150997e-17
0.06526652665266527,1.1533440290628344e-05,5.962864460089901e-07,7.772456853150997e-17
0.06527652765276527,1.153344029066996e-05,5.962864460329257e-07,7.772456853150997e-17
0.06528652865286529,1.1533440290679036e-05,5.962864460413486e-07,7.772456853150997e-17
0.0652965296529653,1.1533440290699488e-05,5.962864460935414e-07,7.772456853150997e-17
0.06530653065306531,1.1533440290736807e-05,5.962864461049755e-07,7.772456853150997e-17
0.06531653165316532,1.1533440290760112e-05,5.96286446131006e-07,7.772456853150997e-17
0.06532653265326532,1.1533440290780957e-05,5.96286446125835e-07,7.772456853150997e-17
0.06533653365336534,1.1533440290786038e-05,5.962864461484588e-07,7.772456853150997e-17
0.06534653465346535,1.1533440290774681e-05,5.962864461650321e-07,7.772456853150997e-17
0.06535653565356536,1.1533440290758072e-05,5.962864461597259e-07,7.772456853150997e-17
0.06536653665366537,1.1533440290826203e-05,5.962864462097676e-07,7.772456853150997e-17
0.06537653765376537,1.1533440290853645e-05,5.962864461970965e-07,7.772456853150997e-17
0.06538653865386539,1.1533440290824925e-05,5.962864462882263e-07,7.772456853150997e-17
0.0653965396539654,1.1533440290808811e-05,5.962864463157115e-07,7.772456853150997e-17
0.06540654065406541,1.1533440290797773e-05,5.962864463114486e-07,7.772456853150997e-17
0.06541654165416542,1.15334402908058e-05,5.962864463015598e-07,7.772456853150997e-17
0.06542654265426542,1.153344029085632e-05,5.962864462927242e-07,7.772456853150997e-17
0.06543654365436544,1.1533440290860472e-05,5.962864462527669e-07,7.772456853150997e-17
0.06544654465446545,1.1533440290886559e-05,5.9628644625505e-07,7.772456853150997e-17
0.06545654565456546,1.1533440290867263e-05,5.962864462597351e-07,7.772456853150997e-17
0.06546654665466548,1.1533440290864356e-05,5.962864462981486e-07,7.772456853150997e-17
0.06547654765476547,1.1533440290851446e-05,5.962864462948974e-07,7.772456853150997e-17
0.06548654865486549,1.1533440290862811e-05,5.962864462817106e-07,7.772456853150997e-17
0.0654965496549655,1.153344029085303e-05,5.962864462891155e-07,7.772456853150997e-17
0.06550655065506551,1.1533440290869123e-05,5.962864462529202e-07,7.772456853150997e-17
0.06551655165516553,1.1533440290900469e-05,5.96286446269887e-07,7.772456853150997e-17
0.06552655265526552,1.153344029096382e-05,5.962864462793846e-07,7.772456853150997e-17
0.06553655365536554,1.153344029097677e-05,5.962864462837611e-07,7.772456853150997e-17
0.06554655465546555,1.1533440291013392e-05,5.962864462744886e-07,7.772456853150997e-17
0.06555655565556556,1.153344029103113e-05,5.962864462760447e-07,7.772456853150997e-17
0.06556655665566558,1.1533440291031457e-05,5.962864462499914e-07,7.772456853150997e-17
0.06557655765576557,1.153344029104735e-05,5.962864462444032e-07,7.772456853150997e-17
0.06558655865586559,1.1533440291060966e-05,5.962864462751257e-07,7.772456853150997e-17
0.0655965596559656,1.1533440291096359e-05,5.962864462784389e-07,7.772456853150997e-17
0.06560656065606561,1.1533440291122805e-05,5.962864463247248e-07,7.772456853150997e-17
0.06561656165616563,1.1533440291112278e-05,5.962864463355309e-07,7.772456853150997e-17
0.06562656265626562,1.153344029114313e-05,5.962864463795949e-07,7.772456853150997e-17
0.06563656365636564,1.1533440291167708e-05,5.962864464051152e-07,7.772456853150997e-17
0.06564656465646565,1.1533440291172332e-05,5.962864464558644e-07,7.772456853150997e-17
0.06565656565656566,1.153344029122645e-05,5.962864464388004e-07,7.772456853150997e-17
0.06566656665666566,1.1533440291239497e-05,5.962864464402499e-07,7.772456853150997e-17
0.06567656765676567,1.1533440291229854e-05,5.962864464604208e-07,7.772456853150997e-17
0.06568656865686569,1.1533440291227098e-05,5.962864464741859e-07,7.772456853150997e-17
0.0656965696569657,1.1533440291253371e-05,5.962864464697974e-07,7.772456853150997e-17
0.06570657065706571,1.1533440291259492e-05,5.962864464785049e-07,7.772456853150997e-17
0.06571657165716571,1.1533440291249772e-05,5.962864465285437e-07,7.772456853150997e-17
0.06572657265726572,1.153344029127652e-05,5.962864465691184e-07,7.772456853150997e-17
0.06573657365736574,1.1533440291293179e-05,5.962864465667229e-07,7.772456853150997e-17
0.06574657465746575,1.153344029128506e-05,5.962864465817817e-07,7.772456853150997e-17
0.06575657565756576,1.1533440291325659e-05,5.962864466032737e-07,7.772456853150997e-17
0.06576657665766576,1.1533440291276807e-05,5.962864465950035e-07,7.772456853150997e-17
0.06577657765776578,1.1533440291288125e-05,5.962864465787196e-07,7.772456853150997e-17
0.06578657865786579,1.1533440291235553e-05,5.962864465806164e-07,7.772456853150997e-17
0.0657965796579658,1.1533440291266854e-05,5.962864465828415e-07,7.772456853150997e-17
0.06580658065806581,1.1533440291299706e-05,5.962864465989455e-07,7.772456853150997e-17
0.06581658165816581,1.15334402913068e-05,5.962864466010718e-07,7.772456853150997e-17
0.06582658265826583,1.1533440291343011e-05,5.96286446623839e-07,7.772456853150997e-17
0.06583658365836584,1.1533440291339454e-05,5.9628644667064e-07,7.772456853150997e-17
0.06584658465846585,1.1533440291345425e-05,5.962864467224696e-07,7.772456853150997e-17
0.06585658565856586,1.1533440291357353e-05,5.962864467417134e-07,7.772456853150997e-17
0.06586658665866586,1.1533440291365012e-05,5.962864467256506e-07,7.772456853150997e-17
0.06587658765876588,1.1533440291404795e-05,5.96286446722656e-07,7.772456853150997e-17
0.06588658865886589,1.1533440291419181e-05,5.962864467399191e-07,7.772456853150997e-17
0.0658965896589659,1.1533440291420139e-05,5.962864467442752e-07,7.772456853150997e-17
0.06590659065906591,1.153344029143662e-05,5.962864467952654e-07,7.772456853150997e-17
0.06591659165916591,1.1533440291442743e-05,5.962864468009146e-07,7.772456853150997e-17
0.06592659265926593,1.1533440291423007e-05,5.962864468131527e-07,7.772456853150997e-17
0.06593659365936594,1.1533440291416171e-05,5.96286446822211e-07,7.772456853150997e-17
0.06594659465946595,1.1533440291434377e-05,5.962864468505054e-07,7.772456853150997e-17
0.06595659565956596,1.1533440291448655e-05,5.962864468520616e-07,7.772456853150997e-17
0.06596659665966596,1.1533440291487598e-05,5.962864468687699e-07,7.772456853150997e-17
0.06597659765976598,1.1533440291508428e-05,5.962864468898818e-07,7.772456853150997e-17
0.06598659865986599,1.1533440291550463e-05,5.962864469225349e-07,7.772456853150997e-17
0.065996599659966,1.1533440291512989e-05,5.962864468854536e-07,7.772456853150997e-17
0.06600660066006601,1.1533440291565911e-05,5.962864469181133e-07,7.772456853150997e-17
0.06601660166016601,1.1533440291543284e-05,5.96286446915506e-07,7.772456853150997e-17
0.06602660266026603,1.1533440291516678e-05,5.962864469477733e-07,7.772456853150997e-17
0.06603660366036604,1.1533440291514207e-05,5.962864469827047e-07,7.772456853150997e-17
0.06604660466046605,1.1533440291509994e-05,5.962864470069449e-07,7.772456853150997e-17
0.06605660566056606,1.1533440291573326e-05,5.962864470326759e-07,7.772456853150997e-17
0.06606660666066606,1.1533440291601258e-05,5.962864470505591e-07,7.772456853150997e-17
0.06607660766076608,1.1533440291594563e-05,5.962864470447303e-07,7.772456853150997e-17
0.06608660866086609,1.1533440291606237e-05,5.962864470767706e-07,7.772456853150997e-17
0.0660966096609661,1.1533440291601466e-05,5.962864470861302e-07,7.772456853150997e-17
0.06610661066106611,1.1533440291597367e-05,5.962864471198386e-07,7.772456853150997e-17
0.06611661166116611,1.1533440291582078e-05,5.962864471380252e-07,7.772456853150997e-17
0.06612661266126613,1.1533440291563241e-05,5.962864471576885e-07,7.772456853150997e-17
0.06613661366136614,1.1533440291563592e-05,5.962864471529254e-07,7.772456853150997e-17
0.06614661466146615,1.1533440291603513e-05,5.962864471533039e-07,7.772456853150997e-17
0.06615661566156616,1.1533440291662646e-05,5.96286447166752e-07,7.772456853150997e-17
0.06616661666166616,1.153344029169548e-05,5.962864472137929e-07,7.772456853150997e-17
0.06617661766176618,1.1533440291693495e-05,5.962864472322406e-07,7.772456853150997e-17
0.06618661866186619,1.1533440291729865e-05,5.962864472675859e-07,7.772456853150997e-17
0.0661966196619662,1.1533440291729702e-05,5.962864472546866e-07,7.772456853150997e-17
0.06620662066206622,1.1533440291724708e-05,5.962864472490132e-07,7.772456853150997e-17
0.06621662166216621,1.1533440291733739e-05,5.962864472927673e-07,7.772456853150997e-17
0.06622662266226623,1.1533440291711264e-05,5.962864472705239e-07,7.772456853150997e-17
0.06623662366236624,1.1533440291686564e-05,5.962864472730522e-07,7.772456853150997e-17
0.06624662466246625,1.1533440291709302e-05,5.962864472592306e-07,7.772456853150997e-17
0.06625662566256627,1.153344029175894e-05,5.962864472718897e-07,7.772456853150997e-17
0.06626662666266626,1.1533440291741613e-05,5.962864473067653e-07,7.772456853150997e-17
0.06627662766276628,1.1533440291787834e-05,5.962864473350439e-07,7.772456853150997e-17
0.06628662866286629,1.1533440291825205e-05,5.962864473226561e-07,7.772456853150997e-17
0.0662966296629663,1.1533440291873935e-05,5.962864473716398e-07,7.772456853150997e-17
0.06630663066306632,1.1533440291888458e-05,5.962864473937802e-07,7.772456853150997e-17
0.06631663166316631,1.153344029187865e-05,5.962864473974885e-07,7.772456853150997e-17
0.06632663266326633,1.1533440291923922e-05,5.962864474297665e-07,7.772456853150997e-17
0.06633663366336634,1.15334402919391e-05,5.96286447437992e-07,7.772456853150997e-17
0.06634663466346635,1.1533440291971716e-05,5.962864474343469e-07,7.772456853150997e-17
0.06635663566356637,1.1533440291982047e-05,5.962864474309447e-07,7.772456853150997e-17
0.06636663666366636,1.153344029198144e-05,5.962864474467678e-07,7.772456853150997e-17
0.06637663766376638,1.1533440291986499e-05,5.962864474624142e-07,7.772456853150997e-17
0.06638663866386639,1.1533440291999003e-05,5.962864474593438e-07,7.772456853150997e-17
0.0663966396639664,1.1533440291968697e-05,5.962864474528192e-07,7.772456853150997e-17
0.0664066406640664,1.1533440291999216e-05,5.962864474460751e-07,7.772456853150997e-17
0.06641664166416641,1.1533440292037973e-05,5.962864474771756e-07,7.772456853150997e-17
0.06642664266426643,1.1533440292037502e-05,5.962864474766121e-07,7.772456853150997e-17
0.06643664366436644,1.1533440291995653e-05,5.962864474510946e-07,7.772456853150997e-17
0.06644664466446645,1.1533440292080946e-05,5.962864474869589e-07,7.772456853150997e-17
0.06645664566456645,1.1533440292112419e-05,5.962864475252374e-07,7.772456853150997e-17
0.06646664666466646,1.1533440292171088e-05,5.962864475483392e-07,7.772456853150997e-17
0.06647664766476648,1.1533440292200209e-05,5.962864475278136e-07,7.772456853150997e-17
0.06648664866486649,1.1533440292225094e-05,5.962864475345361e-07,7.772456853150997e-17
0.0664966496649665,1.1533440292245762e-05,5.962864475699872e-07,7.772456853150997e-17
0.0665066506650665,1.153344029226674e-05,5.962864475720609e-07,7.772456853150997e-17
0.06651665166516652,1.1533440292306884e-05,5.962864475512907e-07,7.772456853150997e-17
0.06652665266526653,1.1533440292312146e-05,5.962864475760085e-07,7.772456853150997e-17
0.06653665366536654,1.1533440292343188e-05,5.962864476065593e-07,7.772456853150997e-17
0.06654665466546655,1.1533440292387798e-05,5.962864475948292e-07,7.772456853150997e-17
0.06655665566556655,1.153344029237063e-05,5.962864475926593e-07,7.772456853150997e-17
0.06656665666566657,1.153344029238115e-05,5.96286447607076e-07,7.772456853150997e-17
0.06657665766576658,1.1533440292374387e-05,5.96286447644409e-07,7.772456853150997e-17
0.06658665866586659,1.1533440292431613e-05,5.962864476186506e-07,7.772456853150997e-17
0.0665966596659666,1.1533440292405167e-05,5.962864476387472e-07,7.772456853150997e-17
0.0666066606660666,1.153344029241062e-05,5.962864475946997e-07,7.772456853150997e-17
0.06661666166616662,1.1533440292452789e-05,5.962864476134925e-07,7.772456853150997e-17
0.06662666266626663,1.1533440292465853e-05,5.96286447610779e-07,7.772456853150997e-17
0.06663666366636664,1.1533440292491393e-05,5.962864476368533e-07,7.772456853150997e-17
0.06664666466646665,1.1533440292482718e-05,5.962864476492761e-07,7.772456853150997e-17
0.06665666566656665,1.1533440292459924e-05,5.962864476790049e-07,7.772456853150997e-17
0.06666666666666667,1.153344029248726e-05,5.962864477616429e-07,7.772456853150997e-17
0.06667666766676668,1.1533440292506106e-05,5.962864477963414e-07,7.772456853150997e-17
0.06668666866686669,1.1533440292456936e-05,5.962864478036884e-07,7.772456853150997e-17
0.0666966696669667,1.1533440292423037e-05,5.962864478180636e-07,7.772456853150997e-17
0.0667066706670667,1.1533440292444952e-05,5.962864478102684e-07,7.772456853150997e-17
0.06671667166716672,1.1533440292518202e-05,5.962864478178081e-07,7.772456853150997e-17
0.06672667266726673,1.1533440292579254e-05,5.96286447820323e-07,7.772456853150997e-17
0.06673667366736674,1.15334402925978e-05,5.962864477896011e-07,7.772456853150997e-17
0.06674667466746675,1.1533440292598699e-05,5.962864478170647e-07,7.772456853150997e-17
0.06675667566756675,1.1533440292599093e-05,5.962864478361958e-07,7.772456853150997e-17
0.06676667666766677,1.1533440292596413e-05,5.962864478391652e-07,7.772456853150997e-17
0.06677667766776678,1.1533440292626425e-05,5.962864478576523e-07,7.772456853150997e-17
0.06678667866786679,1.1533440292657816e-05,5.962864478762966e-07,7.772456853150997e-17
0.0667966796679668,1.153344029268485e-05,5.962864478932297e-07,7.772456853150997e-17
0.0668066806680668,1.1533440292703224e-05,5.962864479101667e-07,7.772456853150997e-17
0.06681668166816682,1.153344029274746e-05,5.962864479346066e-07,7.772456853150997e-17
0.06682668266826683,1.1533440292822981e-05,5.962864479691159e-07,7.772456853150997e-17
0.06683668366836684,1.153344029281133e-05,5.962864479742847e-07,7.772456853150997e-17
0.06684668466846685,1.153344029278828e-05,5.96286447984339e-07,7.772456853150997e-17
0.06685668566856685,1.1533440292825487e-05,5.962864480019746e-07,7.772456853150997e-17
0.06686668666866687,1.1533440292833815e-05,5.962864479858907e-07,7.772456853150997e-17
0.06687668766876688,1.15334402928933e-05,5.962864480017039e-07,7.772456853150997e-17
0.06688668866886689,1.153344029287563e-05,5.962864480333889e-07,7.772456853150997e-17
0.0668966896689669,1.1533440292857172e-05,5.962864480538206e-07,7.772456853150997e-17
0.0669066906690669,1.1533440292815842e-05,5.962864480978122e-07,7.772456853150997e-17
0.06691669166916692,1.1533440292831866e-05,5.962864481062757e-07,7.772456853150997e-17
0.06692669266926693,1.1533440292822097e-05,5.96286448114194e-07,7.772456853150997e-17
0.06693669366936694,1.1533440292828895e-05,5.962864481288326e-07,7.772456853150997e-17
0.06694669466946696,1.1533440292866678e-05,5.962864481639108e-07,7.772456853150997e-17
0.06695669566956695,1.153344029289599e-05,5.962864481658736e-07,7.772456853150997e-17
0.06696669666966697,1.1533440292906368e-05,5.96286448186639e-07,7.772456853150997e-17
0.06697669766976698,1.1533440292891135e-05,5.962864481844936e-07,7.772456853150997e-17
0.06698669866986699,1.1533440292882046e-05,5.962864481645061e-07,7.772456853150997e-17
0.066996699669967,1.1533440292835683e-05,5.962864481852188e-07,7.772456853150997e-17
0.067006700670067,1.153344029288644e-05,5.96286448200723e-07,7.772456853150997e-17
0.06701670167016702,1.1533440292858268e-05,5.962864482317297e-07,7.772456853150997e-17
0.06702670267026703,1.153344029286135e-05,5.962864482301786e-07,7.772456853150997e-17
0.06703670367036704,1.1533440292896243e-05,5.962864482316705e-07,7.772456853150997e-17
0.06704670467046706,1.15334402929094e-05,5.962864482424553e-07,7.772456853150997e-17
0.06705670567056705,1.1533440292945372e-05,5.962864482696165e-07,7.772456853150997e-17
0.06706670667066707,1.1533440292957422e-05,5.962864483111165e-07,7.772456853150997e-17
0.06707670767076708,1.1533440292966465e-05,5.962864483318112e-07,7.772456853150997e-17
0.06708670867086709,1.1533440292969941e-05,5.962864483127813e-07,7.772456853150997e-17
0.0670967096709671,1.1533440292985723e-05,5.962864483182782e-07,7.772456853150997e-17
0.0671067106710671,1.1533440292981297e-05,5.962864483208392e-07,7.772456853150997e-17
0.06711671167116712,1.1533440292989455e-05,5.962864483351829e-07,7.772456853150997e-17
0.06712671267126713,1.1533440292964281e-05,5.962864483389642e-07,7.772456853150997e-17
0.06713671367136714,1.1533440292956634e-05,5.96286448379576e-07,7.772456853150997e-17
0.06714671467146714,1.153344029293598e-05,5.962864483766634e-07,7.772456853150997e-17
0.06715671567156715,1.1533440292953507e-05,5.96286448392449e-07,7.772456853150997e-17
0.06716671667166717,1.1533440292953805e-05,5.9628644844846e-07,7.772456853150997e-17
0.06717671767176718,1.1533440292939551e-05,5.962864484660183e-07,7.772456853150997e-17
0.0671867186718672,1.1533440292949861e-05,5.962864484914812e-07,7.772456853150997e-17
0.06719671967196719,1.1533440292934862e-05,5.96286448484383e-07,7.772456853150997e-17
0.0672067206720672,1.1533440292962741e-05,5.962864485323388e-07,7.772456853150997e-17
0.06721672167216722,1.1533440292946187e-05,5.962864485967565e-07,7.772456853150997e-17
0.06722672267226723,1.1533440292959875e-05,5.962864485369779e-07,7.772456853150997e-17
0.06723672367236724,1.1533440292955167e-05,5.962864485013334e-07,7.772456853150997e-17
0.06724672467246724,1.1533440292977756e-05,5.962864484668416e-07,7.772456853150997e-17
0.06725672567256726,1.153344029300006e-05,5.962864485315303e-07,7.772456853150997e-17
0.06726672667266727,1.153344029297233e-05,5.962864485140798e-07,7.772456853150997e-17
0.06727672767276728,1.1533440292998981e-05,5.962864485539742e-07,7.772456853150997e-17
0.0672867286728673,1.1533440293032229e-05,5.962864485548402e-07,7.772456853150997e-17
0.06729672967296729,1.153344029306369e-05,5.962864485733377e-07,7.772456853150997e-17
0.0673067306730673,1.1533440293042793e-05,5.962864485832014e-07,7.772456853150997e-17
0.06731673167316732,1.1533440293040375e-05,5.962864486010194e-07,7.772456853150997e-17
0.06732673267326733,1.15334402930379e-05,5.962864485750945e-07,7.772456853150997e-17
0.06733673367336734,1.1533440293066894e-05,5.962864486159054e-07,7.772456853150997e-17
0.06734673467346734,1.153344029310434e-05,5.962864486050541e-07,7.772456853150997e-17
0.06735673567356736,1.1533440293122043e-05,5.962864486634984e-07,7.772456853150997e-17
0.06736673667366737,1.1533440293132e-05,5.962864486553656e-07,7.772456853150997e-17
0.06737673767376738,1.1533440293118075e-05,5.962864486656386e-07,7.772456853150997e-17
0.0673867386738674,1.1533440293136814e-05,5.962864486420095e-07,7.772456853150997e-17
0.06739673967396739,1.1533440293173705e-05,5.96286448624344e-07,7.772456853150997e-17
0.0674067406740674,1.1533440293187342e-05,5.962864486336377e-07,7.772456853150997e-17
0.06741674167416742,1.1533440293220846e-05,5.962864486732982e-07,7.772456853150997e-17
0.06742674267426743,1.1533440293233216e-05,5.962864486869109e-07,7.772456853150997e-17
0.06743674367436744,1.1533440293256858e-05,5.962864486847232e-07,7.772456853150997e-17
0.06744674467446744,1.1533440293253623e-05,5.962864487065033e-07,7.772456853150997e-17
0.06745674567456746,1.1533440293267763e-05,5.962864487451374e-07,7.772456853150997e-17
0.06746674667466747,1.1533440293296347e-05,5.962864487509052e-07,7.772456853150997e-17
0.06747674767476748,1.1533440293323191e-05,5.96286448766574e-07,7.772456853150997e-17
0.0674867486748675,1.1533440293360696e-05,5.962864487535801e-07,7.772456853150997e-17
0.0674967496749675,1.1533440293418853e-05,5.962864487696708e-07,7.772456853150997e-17
0.0675067506750675,1.1533440293428372e-05,5.96286448787723e-07,7.772456853150997e-17
0.06751675167516752,1.1533440293447675e-05,5.96286448786089e-07,7.772456853150997e-17
0.06752675267526753,1.1533440293469155e-05,5.962864487516013e-07,7.772456853150997e-17
0.06753675367536754,1.153344029342568e-05,5.96286448734885e-07,7.772456853150997e-17
0.06754675467546754,1.153344029344849e-05,5.96286448767087e-07,7.772456853150997e-17
0.06755675567556756,1.1533440293486894e-05,5.962864487962216e-07,7.772456853150997e-17
0.06756675667566757,1.153344029346795e-05,5.962864487968384e-07,7.772456853150997e-17
0.06757675767576758,1.1533440293460397e-05,5.962864488125622e-07,7.772456853150997e-17
0.0675867586758676,1.1533440293507972e-05,5.962864488338416e-07,7.772456853150997e-17
0.0675967596759676,1.1533440293510279e-05,5.962864488498612e-07,7.772456853150997e-17
0.0676067606760676,1.1533440293560396e-05,5.962864488516607e-07,7.772456853150997e-17
0.06761676167616762,1.153344029360894e-05,5.962864488935455e-07,7.772456853150997e-17
0.06762676267626763,1.1533440293590984e-05,5.962864488691845e-07,7.772456853150997e-17
0.06763676367636764,1.1533440293561197e-05,5.96286448881829e-07,7.772456853150997e-17
0.06764676467646764,1.1533440293611101e-05,5.962864489291862e-07,7.772456853150997e-17
0.06765676567656766,1.1533440293607559e-05,5.96286448936745e-07,7.772456853150997e-17
0.06766676667666767,1.1533440293604625e-05,5.962864489636178e-07,7.772456853150997e-17
0.06767676767676768,1.1533440293638e-05,5.962864489795548e-07,7.772456853150997e-17
0.0676867686768677,1.1533440293621547e-05,5.962864490058476e-07,7.772456853150997e-17
0.0676967696769677,1.1533440293612358e-05,5.962864490382712e-07,7.772456853150997e-17
0.0677067706770677,1.1533440293629673e-05,5.962864490288997e-07,7.772456853150997e-17
0.06771677167716772,1.153344029363265e-05,5.962864490135999e-07,7.772456853150997e-17
0.06772677267726773,1.153344029365812e-05,5.962864489950544e-07,7.772456853150997e-17
0.06773677367736775,1.1533440293665374e-05,5.96286448992455e-07,7.772456853150997e-17
0.06774677467746774,1.1533440293661784e-05,5.962864489553942e-07,7.772456853150997e-17
0.06775677567756776,1.1533440293670243e-05,5.962864489740292e-07,7.772456853150997e-17
0.06776677667766777,1.1533440293657046e-05,5.962864489469639e-07,7.772456853150997e-17
0.06777677767776778,1.1533440293654147e-05,5.962864489833608e-07,7.772456853150997e-17
0.0677867786778678,1.1533440293660942e-05,5.962864489784634e-07,7.772456853150997e-17
0.0677967796779678,1.1533440293679589e-05,5.962864490009185e-07,7.772456853150997e-17
0.06780678067806781,1.1533440293688257e-05,5.962864490588417e-07,7.772456853150997e-17
0.06781678167816782,1.1533440293725735e-05,5.962864491031406e-07,7.772456853150997e-17
0.06782678267826783,1.1533440293698286e-05,5.962864491364844e-07,7.772456853150997e-17
0.06783678367836785,1.1533440293710633e-05,5.962864491382256e-07,7.772456853150997e-17
0.06784678467846784,1.1533440293667117e-05,5.962864491719627e-07,7.772456853150997e-17
0.06785678567856786,1.1533440293666941e-05,5.962864492116757e-07,7.772456853150997e-17
0.06786678667866787,1.1533440293671124e-05,5.96286449180511e-07,7.772456853150997e-17
0.06787678767876788,1.153344029371977e-05,5.962864492068046e-07,7.772456853150997e-17
0.0678867886788679,1.1533440293711778e-05,5.962864492127402e-07,7.772456853150997e-17
0.0678967896789679,1.1533440293752378e-05,5.962864492400651e-07,7.772456853150997e-17
0.06790679067906791,1.1533440293792107e-05,5.962864492538505e-07,7.772456853150997e-17
0.06791679167916792,1.153344029381462e-05,5.962864492117253e-07,7.772456853150997e-17
0.06792679267926793,1.1533440293797137e-05,5.962864492003221e-07,7.772456853150997e-17
0.06793679367936793,1.1533440293830786e-05,5.962864492322181e-07,7.772456853150997e-17
0.06794679467946795,1.1533440293850283e-05,5.962864492415184e-07,7.772456853150997e-17
0.06795679567956796,1.1533440293831741e-05,5.962864492783026e-07,7.772456853150997e-17
0.06796679667966797,1.1533440293846273e-05,5.962864492611505e-07,7.772456853150997e-17
0.06797679767976798,1.1533440293865482e-05,5.962864492632359e-07,7.772456853150997e-17
0.06798679867986798,1.1533440293878343e-05,5.962864492435037e-07,7.772456853150997e-17
0.067996799679968,1.1533440293912274e-05,5.962864492730075e-07,7.772456853150997e-17
0.06800680068006801,1.1533440293893934e-05,5.962864492947161e-07,7.772456853150997e-17
0.06801680168016802,1.1533440293881239e-05,5.962864493020222e-07,7.772456853150997e-17
0.06802680268026803,1.1533440293907292e-05,5.962864493180597e-07,7.772456853150997e-17
0.06803680368036803,1.1533440293948552e-05,5.962864493110548e-07,7.772456853150997e-17
0.06804680468046805,1.1533440293944329e-05,5.962864493533954e-07,7.772456853150997e-17
0.06805680568056806,1.1533440293932208e-05,5.962864494041902e-07,7.772456853150997e-17
0.06806680668066807,1.1533440293922623e-05,5.962864493825943e-07,7.772456853150997e-17
0.06807680768076808,1.1533440293965188e-05,5.962864493999087e-07,7.772456853150997e-17
0.06808680868086808,1.1533440293982122e-05,5.962864494002666e-07,7.772456853150997e-17
0.0680968096809681,1.153344029397753e-05,5.962864494059641e-07,7.772456853150997e-17
0.06810681068106811,1.1533440293961105e-05,5.962864494332229e-07,7.772456853150997e-17
0.06811681168116812,1.153344029395284e-05,5.962864494750086e-07,7.772456853150997e-17
0.06812681268126813,1.153344029393106e-05,5.962864495112726e-07,7.772456853150997e-17
0.06813681368136813,1.1533440293958998e-05,5.962864495203991e-07,7.772456853150997e-17
0.06814681468146815,1.1533440293933263e-05,5.962864495314746e-07,7.772456853150997e-17
0.06815681568156816,1.1533440293889673e-05,5.962864495293565e-07,7.772456853150997e-17
0.06816681668166817,1.1533440293886045e-05,5.962864495173931e-07,7.772456853150997e-17
0.06817681768176818,1.1533440293862331e-05,5.962864495582398e-07,7.772456853150997e-17
0.06818681868186818,1.1533440293880612e-05,5.962864495782506e-07,7.772456853150997e-17
0.0681968196819682,1.153344029388327e-05,5.962864495854784e-07,7.772456853150997e-17
0.06820682068206821,1.1533440293883727e-05,5.962864496280757e-07,7.772456853150997e-17
0.06821682168216822,1.153344029395146e-05,5.96286449617829e-07,7.772456853150997e-17
0.06822682268226823,1.1533440293934097e-05,5.962864496230525e-07,7.772456853150997e-17
0.06823682368236823,1.1533440293980697e-05,5.96286449658508e-07,7.772456853150997e-17
0.06824682468246825,1.1533440293956016e-05,5.96286449668289e-07,7.772456853150997e-17
0.06825682568256826,1.153344029393941e-05,5.962864496816863e-07,7.772456853150997e-17
0.06826682668266827,1.1533440293943152e-05,5.962864496611086e-07,7.772456853150997e-17
0.06827682768276828,1.1533440293965329e-05,5.962864496906482e-07,7.772456853150997e-17
0.06828682868286828,1.1533440293949989e-05,5.962864496979066e-07,7.772456853150997e-17
0.0682968296829683,1.1533440293940351e-05,5.962864497136185e-07,7.772456853150997e-17
0.06830683068306831,1.1533440293958837e-05,5.962864497345963e-07,7.772456853150997e-17
0.06831683168316832,1.1533440293990821e-05,5.96286449783232e-07,7.772456853150997e-17
0.06832683268326833,1.1533440294012271e-05,5.962864497842091e-07,7.772456853150997e-17
0.06833683368336833,1.1533440293985764e-05,5.96286449764351e-07,7.772456853150997e-17
0.06834683468346835,1.1533440293990274e-05,5.962864497646692e-07,7.772456853150997e-17
0.06835683568356836,1.1533440293994997e-05,5.96286449794389e-07,7.772456853150997e-17
0.06836683668366837,1.1533440294017425e-05,5.962864497720589e-07,7.772456853150997e-17
0.06837683768376839,1.153344029400866e-05,5.962864498150597e-07,7.772456853150997e-17
0.06838683868386838,1.1533440294038699e-05,5.962864498148532e-07,7.772456853150997e-17
0.0683968396839684,1.1533440294038638e-05,5.962864498368276e-07,7.772456853150997e-17
0.06840684068406841,1.1533440294044353e-05,5.962864498606697e-07,7.772456853150997e-17
0.06841684168416842,1.153344029407724e-05,5.9628644989262e-07,7.772456853150997e-17
0.06842684268426844,1.153344029411384e-05,5.962864499305015e-07,7.772456853150997e-17
0.06843684368436843,1.1533440294135548e-05,5.96286449931781e-07,7.772456853150997e-17
0.06844684468446845,1.153344029413095e-05,5.962864499324868e-07,7.772456853150997e-17
0.06845684568456846,1.1533440294143866e-05,5.962864499382088e-07,7.772456853150997e-17
0.06846684668466847,1.1533440294133136e-05,5.962864499355934e-07,7.772456853150997e-17
0.06847684768476849,1.1533440294115286e-05,5.962864500070604e-07,7.772456853150997e-17
0.06848684868486848,1.1533440294096526e-05,5.962864499610537e-07,7.772456853150997e-17
0.0684968496849685,1.1533440294094181e-05,5.962864499675394e-07,7.772456853150997e-17
0.06850685068506851,1.153344029406929e-05,5.962864499600874e-07,7.772456853150997e-17
0.06851685168516852,1.1533440294096138e-05,5.962864500124558e-07,7.772456853150997e-17
0.06852685268526854,1.1533440294087235e-05,5.96286449995413e-07,7.772456853150997e-17
0.06853685368536853,1.1533440294079322e-05,5.962864500087188e-07,7.772456853150997e-17
0.06854685468546855,1.1533440294061802e-05,5.96286449986844e-07,7.772456853150997e-17
0.06855685568556856,1.1533440294068345e-05,5.962864499972166e-07,7.772456853150997e-17
0.06856685668566857,1.1533440294101637e-05,5.962864500057937e-07,7.772456853150997e-17
0.06857685768576859,1.1533440294127668e-05,5.962864500092193e-07,7.772456853150997e-17
0.06858685868586858,1.15334402941449e-05,5.962864500311938e-07,7.772456853150997e-17
0.0685968596859686,1.1533440294177837e-05,5.96286450051326e-07,7.772456853150997e-17
0.06860686068606861,1.1533440294193358e-05,5.962864500837614e-07,7.772456853150997e-17
0.06861686168616862,1.1533440294214382e-05,5.962864500852093e-07,7.772456853150997e-17
0.06862686268626864,1.1533440294216794e-05,5.962864500864538e-07,7.772456853150997e-17
0.06863686368636863,1.1533440294240133e-05,5.962864500757045e-07,7.772456853150997e-17
0.06864686468646865,1.1533440294271067e-05,5.962864501078477e-07,7.772456853150997e-17
0.06865686568656866,1.1533440294281399e-05,5.962864501306649e-07,7.772456853150997e-17
0.06866686668666867,1.1533440294299778e-05,5.962864501637158e-07,7.772456853150997e-17
0.06867686768676867,1.1533440294316612e-05,5.962864501605276e-07,7.772456853150997e-17
0.06868686868686869,1.1533440294332174e-05,5.962864501723153e-07,7.772456853150997e-17
0.0686968696869687,1.153344029432624e-05,5.962864502319532e-07,7.772456853150997e-17
0.06870687068706871,1.1533440294297372e-05,5.962864502703876e-07,7.772456853150997e-17
0.06871687168716872,1.153344029434395e-05,5.962864503231193e-07,7.772456853150997e-17
0.06872687268726872,1.1533440294339424e-05,5.962864503196395e-07,7.772456853150997e-17
0.06873687368736874,1.1533440294382845e-05,5.962864503324944e-07,7.772456853150997e-17
0.06874687468746875,1.15334402944069e-05,5.962864503538186e-07,7.772456853150997e-17
0.06875687568756876,1.1533440294407561e-05,5.962864503269874e-07,7.772456853150997e-17
0.06876687668766877,1.1533440294430441e-05,5.962864503172767e-07,7.772456853150997e-17
0.06877687768776877,1.1533440294470936e-05,5.962864503382381e-07,7.772456853150997e-17
0.06878687868786879,1.1533440294480723e-05,5.96286450329015e-07,7.772456853150997e-17
0.0687968796879688,1.1533440294482601e-05,5.962864503475188e-07,7.772456853150997e-17
0.06880688068806881,1.1533440294488304e-05,5.962864503937809e-07,7.772456853150997e-17
0.06881688168816882,1.1533440294475036e-05,5.962864503990374e-07,7.772456853150997e-17
0.06882688268826882,1.1533440294485214e-05,5.962864503893324e-07,7.772456853150997e-17
0.06883688368836884,1.1533440294514663e-05,5.962864504257894e-07,7.772456853150997e-17
0.06884688468846885,1.1533440294577459e-05,5.962864504410861e-07,7.772456853150997e-17
0.06885688568856886,1.1533440294593383e-05,5.962864504806657e-07,7.772456853150997e-17
0.06886688668866887,1.1533440294625572e-05,5.962864505114771e-07,7.772456853150997e-17
0.06887688768876887,1.1533440294651576e-05,5.962864504928616e-07,7.772456853150997e-17
0.06888688868886889,1.153344029465319e-05,5.962864505282386e-07,7.772456853150997e-17
0.0688968896889689,1.1533440294643155e-05,5.962864505589211e-07,7.772456853150997e-17
0.06890689068906891,1.1533440294665447e-05,5.962864505859184e-07,7.772456853150997e-17
0.06891689168916892,1.1533440294653799e-05,5.962864506107198e-07,7.772456853150997e-17
0.06892689268926892,1.153344029465899e-05,5.962864506300682e-07,7.772456853150997e-17
0.06893689368936894,1.1533440294724302e-05,5.96286450629463e-07,7.772456853150997e-17
0.06894689468946895,1.153344029473872e-05,5.962864506462652e-07,7.772456853150997e-17
0.06895689568956896,1.1533440294744218e-05,5.962864506552155e-07,7.772456853150997e-17
0.06896689668966897,1.1533440294721702e-05,5.962864506475654e-07,7.772456853150997e-17
0.06897689768976897,1.1533440294740808e-05,5.962864506317862e-07,7.772456853150997e-17
0.06898689868986899,1.1533440294758993e-05,5.962864506471861e-07,7.772456853150997e-17
0.068996899689969,1.1533440294790029e-05,5.962864506765446e-07,7.772456853150997e-17
0.06900690069006901,1.1533440294807954e-05,5.96286450706098e-07,7.772456853150997e-17
0.06901690169016902,1.1533440294835872e-05,5.962864506991924e-07,7.772456853150997e-17
0.06902690269026902,1.1533440294869516e-05,5.962864507193759e-07,7.772456853150997e-17
0.06903690369036904,1.1533440294899494e-05,5.962864507199563e-07,7.772456853150997e-17
0.06904690469046905,1.1533440294917651e-05,5.962864507582866e-07,7.772456853150997e-17
0.06905690569056906,1.1533440294935342e-05,5.962864507636513e-07,7.772456853150997e-17
0.06906690669066907,1.1533440294963972e-05,5.962864507864159e-07,7.772456853150997e-17
0.06907690769076907,1.1533440294971275e-05,5.96286450841014e-07,7.772456853150997e-17
0.06908690869086909,1.1533440294993244e-05,5.962864508288392e-07,7.772456853150997e-17
0.0690969096909691,1.1533440295023102e-05,5.962864508283968e-07,7.772456853150997e-17
0.06910691069106911,1.1533440295043835e-05,5.962864508274947e-07,7.772456853150997e-17
0.06911691169116913,1.1533440295028695e-05,5.962864508237041e-07,7.772456853150997e-17
0.06912691269126912,1.1533440295050144e-05,5.962864508847051e-07,7.772456853150997e-17
0.06913691369136914,1.1533440295062917e-05,5.962864508711591e-07,7.772456853150997e-17
0.06914691469146915,1.1533440295067727e-05,5.962864509190087e-07,7.772456853150997e-17
0.06915691569156916,1.1533440295047534e-05,5.962864509518915e-07,7.772456853150997e-17
0.06916691669166918,1.1533440295025565e-05,5.962864510090558e-07,7.772456853150997e-17
0.06917691769176917,1.153344029499458e-05,5.962864509952896e-07,7.772456853150997e-17
0.06918691869186919,1.1533440295021431e-05,5.962864510116534e-07,7.772456853150997e-17
0.0691969196919692,1.1533440295065526e-05,5.962864509974992e-07,7.772456853150997e-17
0.06920692069206921,1.1533440295120419e-05,5.962864510349966e-07,7.772456853150997e-17
0.06921692169216923,1.1533440295163794e-05,5.962864510577401e-07,7.772456853150997e-17
0.06922692269226922,1.1533440295153362e-05,5.962864510688271e-07,7.772456853150997e-17
0.06923692369236924,1.153344029516084e-05,5.962864510768566e-07,7.772456853150997e-17
0.06924692469246925,1.1533440295164709e-05,5.962864510682553e-07,7.772456853150997e-17
0.06925692569256926,1.153344029513152e-05,5.96286451085281e-07,7.772456853150997e-17
0.06926692669266928,1.1533440295178329e-05,5.962864511020318e-07,7.772456853150997e-17
0.06927692769276927,1.1533440295130653e-05,5.962864511246302e-07,7.772456853150997e-17
0.06928692869286929,1.1533440295127056e-05,5.962864511379205e-07,7.772456853150997e-17
0.0692969296929693,1.1533440295175776e-05,5.962864511766047e-07,7.772456853150997e-17
0.06930693069306931,1.1533440295196059e-05,5.962864511708021e-07,7.772456853150997e-17
0.06931693169316933,1.153344029520582e-05,5.962864512050104e-07,7.772456853150997e-17
0.06932693269326932,1.1533440295203764e-05,5.962864512172018e-07,7.772456853150997e-17
0.06933693369336934,1.153344029523908e-05,5.962864512234243e-07,7.772456853150997e-17
0.06934693469346935,1.1533440295197392e-05,5.962864511883701e-07,7.772456853150997e-17
0.06935693569356936,1.153344029522976e-05,5.962864511568187e-07,7.772456853150997e-17
0.06936693669366938,1.1533440295232148e-05,5.962864511515657e-07,7.772456853150997e-17
0.06937693769376937,1.1533440295243435e-05,5.962864511589996e-07,7.772456853150997e-17
0.06938693869386939,1.1533440295262705e-05,5.962864511679598e-07,7.772456853150997e-17
0.0693969396939694,1.1533440295280061e-05,5.962864512019744e-07,7.772456853150997e-17
0.06940694069406941,1.1533440295254213e-05,5.962864511967972e-07,7.772456853150997e-17
0.06941694169416941,1.1533440295242744e-05,5.962864511509117e-07,7.772456853150997e-17
0.06942694269426943,1.1533440295263559e-05,5.962864511414275e-07,7.772456853150997e-17
0.06943694369436944,1.1533440295262202e-05,5.962864511525873e-07,7.772456853150997e-17
0.06944694469446945,1.1533440295275634e-05,5.962864511487496e-07,7.772456853150997e-17
0.06945694569456946,1.1533440295305792e-05,5.96286451159604e-07,7.772456853150997e-17
0.06946694669466946,1.1533440295271079e-05,5.962864511864217e-07,7.772456853150997e-17
0.06947694769476948,1.1533440295287888e-05,5.962864512286372e-07,7.772456853150997e-17
0.06948694869486949,1.1533440295306226e-05,5.962864511803174e-07,7.772456853150997e-17
0.0694969496949695,1.153344029531346e-05,5.962864512456596e-07,7.772456853150997e-17
0.06950695069506951,1.1533440295356331e-05,5.962864512468987e-07,7.772456853150997e-17
0.06951695169516951,1.1533440295385078e-05,5.962864512458992e-07,7.772456853150997e-17
0.06952695269526953,1.1533440295405762e-05,5.962864512514328e-07,7.772456853150997e-17
0.06953695369536954,1.1533440295364603e-05,5.96286451211786e-07,7.772456853150997e-17
0.06954695469546955,1.1533440295351825e-05,5.962864512034379e-07,7.772456853150997e-17
0.06955695569556956,1.1533440295359814e-05,5.962864512150541e-07,7.772456853150997e-17
0.06956695669566956,1.1533440295399523e-05,5.962864511973915e-07,7.772456853150997e-17
0.06957695769576958,1.153344029542388e-05,5.96286451239176e-07,7.772456853150997e-17
0.06958695869586959,1.1533440295444579e-05,5.962864512622124e-07,7.772456853150997e-17
0.0695969596959696,1.1533440295479315e-05,5.962864512691795e-07,7.772456853150997e-17
0.06960696069606961,1.15334402954801e-05,5.962864513048131e-07,7.772456853150997e-17
0.06961696169616961,1.1533440295521472e-05,5.962864513215565e-07,7.772456853150997e-17
0.06962696269626963,1.1533440295553487e-05,5.962864513485392e-07,7.772456853150997e-17
0.06963696369636964,1.1533440295575169e-05,5.96286451314264e-07,7.772456853150997e-17
0.06964696469646965,1.153344029560947e-05,5.96286451327286e-07,7.772456853150997e-17
0.06965696569656966,1.1533440295618078e-05,5.962864513547471e-07,7.772456853150997e-17
0.06966696669666966,1.1533440295608242e-05,5.962864513275034e-07,7.772456853150997e-17
0.06967696769676968,1.1533440295631373e-05,5.962864513411965e-07,7.772456853150997e-17
0.06968696869686969,1.1533440295636182e-05,5.962864513617451e-07,7.772456853150997e-17
0.0696969696969697,1.1533440295626088e-05,5.962864513881355e-07,7.772456853150997e-17
0.06970697069706971,1.1533440295605417e-05,5.962864513977513e-07,7.772456853150997e-17
0.06971697169716971,1.1533440295556046e-05,5.962864514261662e-07,7.772456853150997e-17
0.06972697269726973,1.1533440295576555e-05,5.962864514320925e-07,7.772456853150997e-17
0.06973697369736974,1.1533440295552651e-05,5.962864514673253e-07,7.772456853150997e-17
0.06974697469746975,1.1533440295529671e-05,5.96286451480716e-07,7.772456853150997e-17
0.06975697569756976,1.1533440295561791e-05,5.962864514611901e-07,7.772456853150997e-17
0.06976697669766976,1.1533440295556705e-05,5.962864514783959e-07,7.772456853150997e-17
0.06977697769776978,1.1533440295563966e-05,5.962864514966514e-07,7.772456853150997e-17
0.06978697869786979,1.1533440295562253e-05,5.962864514862144e-07,7.772456853150997e-17
0.0697969796979698,1.1533440295568896e-05,5.962864515039258e-07,7.772456853150997e-17
0.06980698069806981,1.1533440295580988e-05,5.962864515134162e-07,7.772456853150997e-17
0.06981698169816981,1.1533440295574344e-05,5.962864515236313e-07,7.772456853150997e-17
0.06982698269826983,1.1533440295583688e-05,5.962864515411573e-07,7.772456853150997e-17
0.06983698369836984,1.1533440295565786e-05,5.962864515465247e-07,7.772456853150997e-17
0.06984698469846985,1.1533440295539677e-05,5.962864515381035e-07,7.772456853150997e-17
0.06985698569856987,1.1533440295540503e-05,5.962864515388163e-07,7.772456853150997e-17
0.06986698669866986,1.1533440295562433e-05,5.962864515670331e-07,7.772456853150997e-17
0.06987698769876988,1.1533440295598815e-05,5.962864515438956e-07,7.772456853150997e-17
0.06988698869886989,1.1533440295605334e-05,5.962864515335339e-07,7.772456853150997e-17
0.0698969896989699,1.1533440295624858e-05,5.962864515216138e-07,7.772456853150997e-17
0.06990699069906992,1.1533440295646521e-05,5.962864515534124e-07,7.772456853150997e-17
0.06991699169916991,1.1533440295676345e-05,5.962864515743354e-07,7.772456853150997e-17
0.06992699269926993,1.1533440295682666e-05,5.962864515398628e-07,7.772456853150997e-17
0.06993699369936994,1.1533440295681641e-05,5.962864515778242e-07,7.772456853150997e-17
0.06994699469946995,1.1533440295660001e-05,5.962864515712099e-07,7.772456853150997e-17
0.06995699569956997,1.15334402956712e-05,5.962864516130301e-07,7.772456853150997e-17
0.06996699669966996,1.1533440295665925e-05,5.962864516485879e-07,7.772456853150997e-17
0.06997699769976998,1.1533440295717504e-05,5.962864516681777e-07,7.772456853150997e-17
0.06998699869986999,1.1533440295704794e-05,5.962864516739505e-07,7.772456853150997e-17
0.06999699969997,1.1533440295752217e-05,5.962864516744551e-07,7.772456853150997e-17
0.07000700070007002,1.1533440295794349e-05,5.962864517376493e-07,7.772456853150997e-17
0.07001700170017001,1.1533440295801127e-05,5.962864517731257e-07,7.772456853150997e-17
0.07002700270027003,1.1533440295778604e-05,5.962864517615846e-07,7.772456853150997e-17
0.07003700370037004,1.1533440295777315e-05,5.962864518016261e-07,7.772456853150997e-17
0.07004700470047005,1.1533440295786868e-05,5.962864518207554e-07,7.772456853150997e-17
0.07005700570057007,1.153344029576259e-05,5.962864517839801e-07,7.772456853150997e-17
0.07006700670067006,1.1533440295768743e-05,5.962864517833966e-07,7.772456853150997e-17
0.07007700770077008,1.1533440295805774e-05,5.962864518202688e-07,7.772456853150997e-17
0.07008700870087009,1.1533440295802047e-05,5.962864518137994e-07,7.772456853150997e-17
0.0700970097009701,1.1533440295847371e-05,5.962864518374552e-07,7.772456853150997e-17
0.07010701070107012,1.1533440295830241e-05,5.962864518223702e-07,7.772456853150997e-17
0.07011701170117011,1.15334402958334e-05,5.96286451863976e-07,7.772456853150997e-17
0.07012701270127013,1.1533440295804137e-05,5.962864518741107e-07,7.772456853150997e-17
0.07013701370137014,1.1533440295777566e-05,5.962864519154825e-07,7.772456853150997e-17
0.07014701470147015,1.1533440295801569e-05,5.962864519219586e-07,7.772456853150997e-17
0.07015701570157017,1.153344029584715e-05,5.962864519531025e-07,7.772456853150997e-17
0.07016701670167017,1.1533440295889493e-05,5.962864519975047e-07,7.772456853150997e-17
0.07017701770177018,1.1533440295928024e-05,5.962864520511562e-07,7.772456853150997e-17
0.07018701870187019,1.1533440295936015e-05,5.962864520364534e-07,7.772456853150997e-17
0.0701970197019702,1.1533440295930235e-05,5.962864520125542e-07,7.772456853150997e-17
0.0702070207020702,1.1533440295939029e-05,5.962864520369217e-07,7.772456853150997e-17
0.07021702170217022,1.1533440295926544e-05,5.962864520610705e-07,7.772456853150997e-17
0.07022702270227023,1.1533440295955095e-05,5.962864520762218e-07,7.772456853150997e-17
0.07023702370237024,1.1533440295965907e-05,5.962864521190746e-07,7.772456853150997e-17
0.07024702470247025,1.153344029594938e-05,5.962864520815076e-07,7.772456853150997e-17
0.07025702570257025,1.1533440295939654e-05,5.962864521370662e-07,7.772456853150997e-17
0.07026702670267027,1.153344029597301e-05,5.962864521328277e-07,7.772456853150997e-17
0.07027702770277028,1.153344029603242e-05,5.962864521240016e-07,7.772456853150997e-17
0.07028702870287029,1.153344029605909e-05,5.962864521143e-07,7.772456853150997e-17
0.0702970297029703,1.1533440296079714e-05,5.962864521226093e-07,7.772456853150997e-17
0.0703070307030703,1.1533440296089716e-05,5.962864521325803e-07,7.772456853150997e-17
0.07031703170317032,1.1533440296095371e-05,5.96286452109805e-07,7.772456853150997e-17
0.07032703270327033,1.1533440296111902e-05,5.9628645211989e-07,7.772456853150997e-17
0.07033703370337034,1.1533440296104903e-05,5.962864521660569e-07,7.772456853150997e-17
0.07034703470347035,1.1533440296149835e-05,5.962864521729648e-07,7.772456853150997e-17
0.07035703570357035,1.1533440296132327e-05,5.96286452205514e-07,7.772456853150997e-17
0.07036703670367037,1.1533440296156017e-05,5.962864521991426e-07,7.772456853150997e-17
0.07037703770377038,1.1533440296173062e-05,5.962864522623124e-07,7.772456853150997e-17
0.07038703870387039,1.1533440296158216e-05,5.962864522739922e-07,7.772456853150997e-17
0.0703970397039704,1.1533440296152173e-05,5.962864522987723e-07,7.772456853150997e-17
0.0704070407040704,1.1533440296159359e-05,5.96286452305524e-07,7.772456853150997e-17
0.07041704170417042,1.1533440296148234e-05,5.962864523120376e-07,7.772456853150997e-17
0.07042704270427043,1.1533440296191324e-05,5.962864523658739e-07,7.772456853150997e-17
0.07043704370437044,1.1533440296205868e-05,5.962864524149505e-07,7.772456853150997e-17
0.07044704470447045,1.1533440296244965e-05,5.962864524755926e-07,7.772456853150997e-17
0.07045704570457045,1.1533440296238636e-05,5.962864525223769e-07,7.772456853150997e-17
0.07046704670467047,1.1533440296257806e-05,5.962864525204165e-07,7.772456853150997e-17
0.07047704770477048,1.1533440296232206e-05,5.962864525533791e-07,7.772456853150997e-17
0.07048704870487049,1.1533440296233644e-05,5.962864525676375e-07,7.772456853150997e-17
0.0704970497049705,1.1533440296264237e-05,5.962864525822984e-07,7.772456853150997e-17
0.0705070507050705,1.1533440296268513e-05,5.962864526217467e-07,7.772456853150997e-17
0.07051705170517052,1.1533440296259936e-05,5.962864526073417e-07,7.772456853150997e-17
0.07052705270527053,1.1533440296259063e-05,5.962864526172958e-07,7.772456853150997e-17
0.07053705370537054,1.1533440296232646e-05,5.962864525596376e-07,7.772456853150997e-17
0.07054705470547055,1.1533440296248414e-05,5.962864526010041e-07,7.772456853150997e-17
0.07055705570557055,1.1533440296280307e-05,5.962864526119946e-07,7.772456853150997e-17
0.07056705670567057,1.1533440296280815e-05,5.96286452661959e-07,7.772456853150997e-17
0.07057705770577058,1.1533440296251936e-05,5.962864527154137e-07,7.772456853150997e-17
0.07058705870587059,1.1533440296297398e-05,5.962864527081076e-07,7.772456853150997e-17
0.0705970597059706,1.153344029628702e-05,5.962864527375053e-07,7.772456853150997e-17
0.0706070607060706,1.1533440296280656e-05,5.96286452773167e-07,7.772456853150997e-17
0.07061706170617062,1.1533440296302733e-05,5.962864528027686e-07,7.772456853150997e-17
0.07062706270627063,1.1533440296323755e-05,5.962864528119444e-07,7.772456853150997e-17
0.07063706370637064,1.1533440296293626e-05,5.962864527777498e-07,7.772456853150997e-17
0.07064706470647066,1.1533440296315484e-05,5.962864528112922e-07,7.772456853150997e-17
0.07065706570657065,1.1533440296301774e-05,5.962864528292678e-07,7.772456853150997e-17
0.07066706670667067,1.1533440296312094e-05,5.96286452877474e-07,7.772456853150997e-17
0.07067706770677068,1.1533440296328591e-05,5.962864528417708e-07,7.772456853150997e-17
0.07068706870687069,1.1533440296340102e-05,5.962864528494266e-07,7.772456853150997e-17
0.0706970697069707,1.1533440296372556e-05,5.962864528849514e-07,7.772456853150997e-17
0.0707070707070707,1.1533440296411743e-05,5.962864529014413e-07,7.772456853150997e-17
0.07071707170717072,1.1533440296451265e-05,5.962864528923257e-07,7.772456853150997e-17
0.07072707270727073,1.1533440296487528e-05,5.962864529140968e-07,7.772456853150997e-17
0.07073707370737074,1.1533440296531229e-05,5.96286452946955e-07,7.772456853150997e-17
0.07074707470747076,1.1533440296564681e-05,5.962864529901348e-07,7.772456853150997e-17
0.07075707570757075,1.1533440296547946e-05,5.962864529947555e-07,7.772456853150997e-17
0.07076707670767077,1.15334402965251e-05,5.962864530198836e-07,7.772456853150997e-17
0.07077707770777078,1.15334402965287e-05,5.962864530367536e-07,7.772456853150997e-17
0.07078707870787079,1.1533440296514468e-05,5.96286453045751e-07,7.772456853150997e-17
0.0707970797079708,1.1533440296527112e-05,5.962864530406763e-07,7.772456853150997e-17
0.0708070807080708,1.1533440296566636e-05,5.962864530494465e-07,7.772456853150997e-17
0.07081708170817082,1.1533440296546579e-05,5.96286453052928e-07,7.772456853150997e-17
0.07082708270827083,1.153344029654008e-05,5.962864530551287e-07,7.772456853150997e-17
0.07083708370837084,1.1533440296550253e-05,5.962864530814244e-07,7.772456853150997e-17
0.07084708470847086,1.153344029650918e-05,5.962864531113979e-07,7.772456853150997e-17
0.07085708570857085,1.1533440296526651e-05,5.962864531263666e-07,7.772456853150997e-17
0.07086708670867087,1.1533440296530788e-05,5.962864530963235e-07,7.772456853150997e-17
0.07087708770877088,1.1533440296553673e-05,5.962864530645136e-07,7.772456853150997e-17
0.0708870887088709,1.1533440296537693e-05,5.962864530693436e-07,7.772456853150997e-17
0.0708970897089709,1.1533440296543838e-05,5.962864531069137e-07,7.772456853150997e-17
0.0709070907090709,1.1533440296515565e-05,5.962864531062194e-07,7.772456853150997e-17
0.07091709170917092,1.1533440296589081e-05,5.96286453114469e-07,7.772456853150997e-17
0.07092709270927093,1.1533440296600479e-05,5.962864530990016e-07,7.772456853150997e-17
0.07093709370937094,1.1533440296615903e-05,5.962864531121394e-07,7.772456853150997e-17
0.07094709470947094,1.153344029659203e-05,5.962864531190234e-07,7.772456853150997e-17
0.07095709570957096,1.1533440296603443e-05,5.962864531227535e-07,7.772456853150997e-17
0.07096709670967097,1.1533440296622922e-05,5.962864531682694e-07,7.772456853150997e-17
0.07097709770977098,1.1533440296654474e-05,5.962864531895183e-07,7.772456853150997e-17
0.070987098709871,1.1533440296640501e-05,5.96286453215158e-07,7.772456853150997e-17
0.07099709970997099,1.1533440296611351e-05,5.962864532068581e-07,7.772456853150997e-17
0.071007100710071,1.1533440296627077e-05,5.962864532219755e-07,7.772456853150997e-17
0.07101710171017102,1.1533440296652749e-05,5.962864532560761e-07,7.772456853150997e-17
0.07102710271027103,1.1533440296630843e-05,5.96286453319161e-07,7.772456853150997e-17
0.07103710371037104,1.1533440296644848e-05,5.962864533116428e-07,7.772456853150997e-17
0.07104710471047104,1.1533440296655073e-05,5.962864533490375e-07,7.772456853150997e-17
0.07105710571057106,1.1533440296651641e-05,5.962864533086577e-07,7.772456853150997e-17
0.07106710671067107,1.1533440296678597e-05,5.962864533221374e-07,7.772456853150997e-17
0.07107710771077108,1.153344029676541e-05,5.9628645336211e-07,7.772456853150997e-17
0.0710871087108711,1.1533440296742353e-05,5.962864533888757e-07,7.772456853150997e-17
0.0710971097109711,1.1533440296787129e-05,5.96286453444729e-07,7.772456853150997e-17
0.0711071107110711,1.1533440296822872e-05,5.962864534401083e-07,7.772456853150997e-17
0.07111711171117112,1.1533440296855673e-05,5.962864534689134e-07,7.772456853150997e-17
0.07112711271127113,1.1533440296868768e-05,5.962864534678829e-07,7.772456853150997e-17
0.07113711371137114,1.1533440296939085e-05,5.962864534935433e-07,7.772456853150997e-17
0.07114711471147114,1.1533440296938424e-05,5.962864535083703e-07,7.772456853150997e-17
0.07115711571157116,1.1533440296954342e-05,5.962864535012955e-07,7.772456853150997e-17
0.07116711671167117,1.153344029692651e-05,5.962864535119463e-07,7.772456853150997e-17
0.07117711771177118,1.1533440296951238e-05,5.962864535115992e-07,7.772456853150997e-17
0.0711871187118712,1.153344029696638e-05,5.962864535116602e-07,7.772456853150997e-17
0.0711971197119712,1.1533440296976993e-05,5.962864535346865e-07,7.772456853150997e-17
0.0712071207120712,1.153344029698384e-05,5.96286453543504e-07,7.772456853150997e-17
0.07121712171217122,1.153344029702805e-05,5.962864535439217e-07,7.772456853150997e-17
0.07122712271227123,1.153344029703239e-05,5.962864535118548e-07,7.772456853150997e-17
0.07123712371237124,1.1533440297080057e-05,5.962864535392396e-07,7.772456853150997e-17
0.07124712471247124,1.1533440297102908e-05,5.96286453554348e-07,7.772456853150997e-17
0.07125712571257126,1.1533440297033143e-05,5.962864535522383e-07,7.772456853150997e-17
0.07126712671267127,1.1533440297079205e-05,5.962864535324273e-07,7.772456853150997e-17
0.07127712771277128,1.1533440297089105e-05,5.962864535533086e-07,7.772456853150997e-17
0.0712871287128713,1.1533440297100567e-05,5.962864535895897e-07,7.772456853150997e-17
0.0712971297129713,1.1533440297099008e-05,5.962864536111349e-07,7.772456853150997e-17
0.0713071307130713,1.1533440297128851e-05,5.962864536110017e-07,7.772456853150997e-17
0.07131713171317132,1.153344029712271e-05,5.962864536357966e-07,7.772456853150997e-17
0.07132713271327133,1.1533440297157664e-05,5.962864536659772e-07,7.772456853150997e-17
0.07133713371337135,1.153344029717283e-05,5.962864537037334e-07,7.772456853150997e-17
0.07134713471347134,1.153344029721903e-05,5.962864536933555e-07,7.772456853150997e-17
0.07135713571357136,1.1533440297204196e-05,5.962864536999915e-07,7.772456853150997e-17
0.07136713671367137,1.153344029723307e-05,5.962864537486499e-07,7.772456853150997e-17
0.07137713771377138,1.1533440297213068e-05,5.962864537635163e-07,7.772456853150997e-17
0.0713871387138714,1.153344029723806e-05,5.962864538075715e-07,7.772456853150997e-17
0.0713971397139714,1.1533440297235565e-05,5.962864538115616e-07,7.772456853150997e-17
0.07140714071407141,1.1533440297270241e-05,5.962864538157491e-07,7.772456853150997e-17
0.07141714171417142,1.1533440297283917e-05,5.962864538337974e-07,7.772456853150997e-17
0.07142714271427143,1.1533440297274715e-05,5.96286453823667e-07,7.772456853150997e-17
0.07143714371437145,1.1533440297270322e-05,5.962864538129304e-07,7.772456853150997e-17
0.07144714471447144,1.1533440297289947e-05,5.962864538246905e-07,7.772456853150997e-17
0.07145714571457146,1.1533440297312793e-05,5.962864538358921e-07,7.772456853150997e-17
0.07146714671467147,1.1533440297339617e-05,5.962864538326387e-07,7.772456853150997e-17
0.07147714771477148,1.153344029734745e-05,5.962864538068929e-07,7.772456853150997e-17
0.0714871487148715,1.1533440297386603e-05,5.962864538072869e-07,7.772456853150997e-17
0.0714971497149715,1.1533440297422809e-05,5.962864538454054e-07,7.772456853150997e-17
0.07150715071507151,1.1533440297409334e-05,5.96286453872817e-07,7.772456853150997e-17
0.07151715171517152,1.1533440297441011e-05,5.962864539116042e-07,7.772456853150997e-17
0.07152715271527153,1.1533440297425524e-05,5.962864539044283e-07,7.772456853150997e-17
0.07153715371537155,1.1533440297428035e-05,5.962864539070461e-07,7.772456853150997e-17
0.07154715471547154,1.1533440297426156e-05,5.962864538862797e-07,7.772456853150997e-17
0.07155715571557156,1.1533440297468269e-05,5.962864539234254e-07,7.772456853150997e-17
0.07156715671567157,1.1533440297459997e-05,5.962864539453546e-07,7.772456853150997e-17
0.07157715771577158,1.1533440297498308e-05,5.962864539629452e-07,7.772456853150997e-17
0.0715871587158716,1.1533440297522886e-05,5.962864540429867e-07,7.772456853150997e-17
0.0715971597159716,1.1533440297553094e-05,5.962864540633347e-07,7.772456853150997e-17
0.07160716071607161,1.1533440297572039e-05,5.962864540497295e-07,7.772456853150997e-17
0.07161716171617162,1.1533440297570946e-05,5.962864540542253e-07,7.772456853150997e-17
0.07162716271627163,1.153344029758964e-05,5.962864540637419e-07,7.772456853150997e-17
0.07163716371637165,1.1533440297577882e-05,5.962864539899267e-07,7.772456853150997e-17
0.07164716471647165,1.1533440297591248e-05,5.962864539989153e-07,7.772456853150997e-17
0.07165716571657166,1.1533440297603947e-05,5.962864539909718e-07,7.772456853150997e-17
0.07166716671667167,1.153344029766086e-05,5.962864539966911e-07,7.772456853150997e-17
0.07167716771677168,1.1533440297660959e-05,5.962864540523974e-07,7.772456853150997e-17
0.0716871687168717,1.1533440297673129e-05,5.962864540398011e-07,7.772456853150997e-17
0.0716971697169717,1.1533440297693776e-05,5.962864540904637e-07,7.772456853150997e-17
0.07170717071707171,1.1533440297660261e-05,5.962864540932222e-07,7.772456853150997e-17
0.07171717171717172,1.1533440297684904e-05,5.962864540799313e-07,7.772456853150997e-17
0.07172717271727173,1.1533440297690217e-05,5.962864540813388e-07,7.772456853150997e-17
0.07173717371737173,1.153344029764384e-05,5.962864541047853e-07,7.772456853150997e-17
0.07174717471747175,1.1533440297609483e-05,5.962864541169509e-07,7.772456853150997e-17
0.07175717571757176,1.1533440297616357e-05,5.962864541107804e-07,7.772456853150997e-17
0.07176717671767177,1.1533440297641297e-05,5.962864540977459e-07,7.772456853150997e-17
0.07177717771777178,1.1533440297612829e-05,5.962864540932806e-07,7.772456853150997e-17
0.07178717871787178,1.1533440297599874e-05,5.962864541217344e-07,7.772456853150997e-17
0.0717971797179718,1.153344029763922e-05,5.962864541182319e-07,7.772456853150997e-17
0.07180718071807181,1.1533440297653513e-05,5.962864541371379e-07,7.772456853150997e-17
0.07181718171817182,1.153344029768042e-05,5.962864541538734e-07,7.772456853150997e-17
0.07182718271827183,1.1533440297669909e-05,5.962864541794951e-07,7.772456853150997e-17
0.07183718371837183,1.1533440297665143e-05,5.962864542145046e-07,7.772456853150997e-17
0.07184718471847185,1.15334402976485e-05,5.962864542287018e-07,7.772456853150997e-17
0.07185718571857186,1.1533440297587646e-05,5.962864542394505e-07,7.772456853150997e-17
0.07186718671867187,1.1533440297589139e-05,5.962864543095799e-07,7.772456853150997e-17
0.07187718771877188,1.1533440297635255e-05,5.962864542987989e-07,7.772456853150997e-17
0.07188718871887188,1.1533440297667284e-05,5.962864543085156e-07,7.772456853150997e-17
0.0718971897189719,1.1533440297648983e-05,5.962864542857305e-07,7.772456853150997e-17
0.07190719071907191,1.1533440297636105e-05,5.962864542887504e-07,7.772456853150997e-17
0.07191719171917192,1.1533440297621004e-05,5.962864542993982e-07,7.772456853150997e-17
0.07192719271927193,1.1533440297595815e-05,5.962864543034345e-07,7.772456853150997e-17
0.07193719371937193,1.1533440297657227e-05,5.962864543408411e-07,7.772456853150997e-17
0.07194719471947195,1.1533440297692726e-05,5.962864543523829e-07,7.772456853150997e-17
0.07195719571957196,1.1533440297679153e-05,5.962864543821765e-07,7.772456853150997e-17
0.07196719671967197,1.153344029768502e-05,5.962864544218132e-07,7.772456853150997e-17
0.07197719771977198,1.1533440297697801e-05,5.962864544706913e-07,7.772456853150997e-17
0.07198719871987198,1.15334402976926e-05,5.962864544504228e-07,7.772456853150997e-17
0.071997199719972,1.1533440297729072e-05,5.962864544921611e-07,7.772456853150997e-17
0.07200720072007201,1.1533440297713868e-05,5.962864545107095e-07,7.772456853150997e-17
0.07201720172017202,1.1533440297752557e-05,5.96286454514869e-07,7.772456853150997e-17
0.07202720272027203,1.1533440297752418e-05,5.96286454532412e-07,7.772456853150997e-17
0.07203720372037203,1.153344029776184e-05,5.962864545637688e-07,7.772456853150997e-17
0.07204720472047205,1.153344029774971e-05,5.962864545997712e-07,7.772456853150997e-17
0.07205720572057206,1.1533440297808949e-05,5.962864546175538e-07,7.772456853150997e-17
0.07206720672067207,1.1533440297767056e-05,5.962864546666794e-07,7.772456853150997e-17
0.07207720772077209,1.1533440297758205e-05,5.962864546954078e-07,7.772456853150997e-17
0.07208720872087208,1.153344029776611e-05,5.962864547510697e-07,7.772456853150997e-17
0.0720972097209721,1.1533440297737375e-05,5.962864547256091e-07,7.772456853150997e-17
0.07210721072107211,1.1533440297784468e-05,5.962864547697447e-07,7.772456853150997e-17
0.07211721172117212,1.1533440297807082e-05,5.962864548002743e-07,7.772456853150997e-17
0.07212721272127214,1.1533440297802828e-05,5.962864548207154e-07,7.772456853150997e-17
0.07213721372137213,1.1533440297826395e-05,5.962864548618035e-07,7.772456853150997e-17
0.07214721472147215,1.1533440297847924e-05,5.962864548558418e-07,7.772456853150997e-17
0.07215721572157216,1.1533440297921665e-05,5.962864548581927e-07,7.772456853150997e-17
0.07216721672167217,1.1533440297935938e-05,5.96286454898874e-07,7.772456853150997e-17
0.07217721772177219,1.153344029796498e-05,5.962864548938731e-07,7.772456853150997e-17
0.07218721872187218,1.1533440298029903e-05,5.962864548836643e-07,7.772456853150997e-17
0.0721972197219722,1.1533440298003258e-05,5.962864548972525e-07,7.772456853150997e-17
0.07220722072207221,1.1533440297997251e-05,5.962864549464018e-07,7.772456853150997e-17
0.07221722172217222,1.153344029801724e-05,5.962864549209697e-07,7.772456853150997e-17
0.07222722272227224,1.1533440298054883e-05,5.962864549110566e-07,7.772456853150997e-17
0.07223722372237223,1.153344029804892e-05,5.962864549188095e-07,7.772456853150997e-17
0.07224722472247225,1.1533440298029555e-05,5.96286454890897e-07,7.772456853150997e-17
0.07225722572257226,1.1533440298050087e-05,5.962864548656459e-07,7.772456853150997e-17
0.07226722672267227,1.1533440298066965e-05,5.962864548536314e-07,7.772456853150997e-17
0.07227722772277229,1.1533440298100938e-05,5.96286454845397e-07,7.772456853150997e-17
0.07228722872287228,1.1533440298103628e-05,5.962864548420849e-07,7.772456853150997e-17
0.0722972297229723,1.1533440298132756e-05,5.962864548640287e-07,7.772456853150997e-17
0.07230723072307231,1.1533440298150574e-05,5.962864548809889e-07,7.772456853150997e-17
0.07231723172317232,1.1533440298168874e-05,5.962864548525763e-07,7.772456853150997e-17
0.07232723272327234,1.1533440298158694e-05,5.962864549096721e-07,7.772456853150997e-17
0.07233723372337234,1.1533440298165292e-05,5.962864549173005e-07,7.772456853150997e-17
0.07234723472347235,1.1533440298187173e-05,5.962864549739879e-07,7.772456853150997e-17
0.07235723572357236,1.1533440298219089e-05,5.9628645499928e-07,7.772456853150997e-17
0.07236723672367237,1.1533440298236838e-05,5.962864550160392e-07,7.772456853150997e-17
0.07237723772377239,1.1533440298276547e-05,5.962864550488613e-07,7.772456853150997e-17
0.07238723872387239,1.1533440298294384e-05,5.962864550791229e-07,7.772456853150997e-17
0.0723972397239724,1.153344029828616e-05,5.962864550572214e-07,7.772456853150997e-17
0.07240724072407241,1.1533440298301612e-05,5.962864550615834e-07,7.772456853150997e-17
0.07241724172417242,1.1533440298301951e-05,5.962864550549192e-07,7.772456853150997e-17
0.07242724272427244,1.1533440298332795e-05,5.962864550409601e-07,7.772456853150997e-17
0.07243724372437244,1.153344029839787e-05,5.962864550529468e-07,7.772456853150997e-17
0.07244724472447245,1.1533440298417037e-05,5.962864550782602e-07,7.772456853150997e-17
0.07245724572457246,1.1533440298421095e-05,5.962864550743179e-07,7.772456853150997e-17
0.07246724672467247,1.1533440298456003e-05,5.962864550568156e-07,7.772456853150997e-17
0.07247724772477247,1.153344029846981e-05,5.962864550468813e-07,7.772456853150997e-17
0.07248724872487249,1.1533440298518415e-05,5.962864550775856e-07,7.772456853150997e-17
0.0724972497249725,1.1533440298512793e-05,5.962864551311927e-07,7.772456853150997e-17
0.07250725072507251,1.15334402985385e-05,5.96286455104648e-07,7.772456853150997e-17
0.07251725172517252,1.153344029859331e-05,5.962864551065688e-07,7.772456853150997e-17
0.07252725272527252,1.1533440298607523e-05,5.962864551432283e-07,7.772456853150997e-17
0.07253725372537254,1.153344029864745e-05,5.962864551102204e-07,7.772456853150997e-17
0.07254725472547255,1.1533440298631411e-05,5.962864551440996e-07,7.772456853150997e-17
0.07255725572557256,1.1533440298618924e-05,5.962864551358042e-07,7.772456853150997e-17
0.07256725672567257,1.1533440298629065e-05,5.962864551547745e-07,7.772456853150997e-17
0.07257725772577257,1.1533440298657242e-05,5.962864551700764e-07,7.772456853150997e-17
0.07258725872587259,1.1533440298649282e-05,5.962864552045369e-07,7.772456853150997e-17
0.0725972597259726,1.1533440298631587e-05,5.962864552524341e-07,7.772456853150997e-17
0.07260726072607261,1.1533440298625616e-05,5.962864552800829e-07,7.772456853150997e-17
0.07261726172617262,1.1533440298642709e-05,5.962864553143363e-07,7.772456853150997e-17
0.07262726272627262,1.1533440298675582e-05,5.962864553486085e-07,7.772456853150997e-17
0.07263726372637264,1.1533440298707504e-05,5.962864553701318e-07,7.772456853150997e-17
0.07264726472647265,1.1533440298686182e-05,5.962864553896319e-07,7.772456853150997e-17
0.07265726572657266,1.153344029874048e-05,5.962864553872843e-07,7.772456853150997e-17
0.07266726672667267,1.1533440298764287e-05,5.962864553805422e-07,7.772456853150997e-17
0.07267726772677267,1.1533440298780321e-05,5.962864553818457e-07,7.772456853150997e-17
0.07268726872687269,1.1533440298786659e-05,5.962864554339573e-07,7.772456853150997e-17
0.0726972697269727,1.1533440298783103e-05,5.962864554631056e-07,7.772456853150997e-17
0.07270727072707271,1.1533440298802234e-05,5.962864554576415e-07,7.772456853150997e-17
0.07271727172717272,1.1533440298779063e-05,5.962864555071652e-07,7.772456853150997e-17
0.07272727272727272,1.1533440298769015e-05,5.962864555046e-07,7.772456853150997e-17
0.07273727372737274,1.1533440298789407e-05,5.962864555107679e-07,7.772456853150997e-17
0.07274727472747275,1.1533440298815102e-05,5.962864555523112e-07,7.772456853150997e-17
0.07275727572757276,1.1533440298845978e-05,5.962864555243054e-07,7.772456853150997e-17
0.07276727672767277,1.1533440298869226e-05,5.96286455497869e-07,7.772456853150997e-17
0.07277727772777277,1.1533440298874559e-05,5.962864555093209e-07,7.772456853150997e-17
0.07278727872787279,1.1533440298890703e-05,5.962864555349538e-07,7.772456853150997e-17
0.0727972797279728,1.153344029887067e-05,5.962864554944531e-07,7.772456853150997e-17
0.07280728072807281,1.1533440298841294e-05,5.962864555484474e-07,7.772456853150997e-17
0.07281728172817283,1.1533440298889485e-05,5.962864555330826e-07,7.772456853150997e-17
0.07282728272827282,1.1533440298938518e-05,5.96286455564917e-07,7.772456853150997e-17
0.07283728372837284,1.1533440298955764e-05,5.962864555686973e-07,7.772456853150997e-17
0.07284728472847285,1.153344029901388e-05,5.962864555598852e-07,7.772456853150997e-17
0.07285728572857286,1.1533440299033667e-05,5.962864555557668e-07,7.772456853150997e-17
0.07286728672867288,1.153344029904095e-05,5.962864555676509e-07,7.772456853150997e-17
0.07287728772877287,1.1533440299051084e-05,5.962864555778434e-07,7.772456853150997e-17
0.07288728872887289,1.1533440299063608e-05,5.962864556190506e-07,7.772456853150997e-17
0.0728972897289729,1.1533440299067737e-05,5.962864556455071e-07,7.772456853150997e-17
0.07290729072907291,1.1533440299090257e-05,5.962864556259737e-07,7.772456853150997e-17
0.07291729172917293,1.153344029909032e-05,5.962864555929138e-07,7.772456853150997e-17
0.07292729272927292,1.153344029909302e-05,5.962864556384859e-07,7.772456853150997e-17
0.07293729372937294,1.153344029906899e-05,5.962864556577394e-07,7.772456853150997e-17
0.07294729472947295,1.1533440299086317e-05,5.962864556682738e-07,7.772456853150997e-17
0.07295729572957296,1.153344029905082e-05,5.962864556671713e-07,7.772456853150997e-17
0.07296729672967298,1.15334402990507e-05,5.962864556824617e-07,7.772456853150997e-17
0.07297729772977297,1.1533440299028605e-05,5.962864557202014e-07,7.772456853150997e-17
0.07298729872987299,1.1533440299034384e-05,5.962864556908401e-07,7.772456853150997e-17
0.072997299729973,1.153344029905062e-05,5.962864556964857e-07,7.772456853150997e-17
0.07300730073007301,1.1533440299066498e-05,5.962864556724006e-07,7.772456853150997e-17
0.07301730173017303,1.1533440299081555e-05,5.962864557155534e-07,7.772456853150997e-17
0.07302730273027302,1.1533440299066607e-05,5.962864557520107e-07,7.772456853150997e-17
0.07303730373037304,1.153344029905642e-05,5.962864558008908e-07,7.772456853150997e-17
0.07304730473047305,1.1533440299063801e-05,5.962864557916647e-07,7.772456853150997e-17
0.07305730573057306,1.1533440299082195e-05,5.962864558680587e-07,7.772456853150997e-17
0.07306730673067308,1.1533440299081408e-05,5.962864559216572e-07,7.772456853150997e-17
0.07307730773077308,1.1533440299118777e-05,5.962864559087754e-07,7.772456853150997e-17
0.07308730873087309,1.153344029913269e-05,5.962864559350873e-07,7.772456853150997e-17
0.0730973097309731,1.1533440299112136e-05,5.962864559148698e-07,7.772456853150997e-17
0.07310731073107311,1.1533440299118716e-05,5.962864559392175e-07,7.772456853150997e-17
0.07311731173117313,1.1533440299113326e-05,5.962864559702093e-07,7.772456853150997e-17
0.07312731273127313,1.1533440299080439e-05,5.962864559931312e-07,7.772456853150997e-17
0.07313731373137314,1.1533440299104682e-05,5.962864559895489e-07,7.772456853150997e-17
0.07314731473147315,1.1533440299079908e-05,5.96286456010979e-07,7.772456853150997e-17
0.07315731573157316,1.1533440299072483e-05,5.962864560179087e-07,7.772456853150997e-17
0.07316731673167318,1.1533440299095614e-05,5.9628645604893e-07,7.772456853150997e-17
0.07317731773177318,1.153344029912569e-05,5.962864560526598e-07,7.772456853150997e-17
0.07318731873187319,1.1533440299155621e-05,5.962864560440512e-07,7.772456853150997e-17
0.0731973197319732,1.153344029916194e-05,5.962864560823256e-07,7.772456853150997e-17
0.07320732073207321,1.1533440299207893e-05,5.962864560524279e-07,7.772456853150997e-17
0.07321732173217321,1.1533440299199182e-05,5.962864560978422e-07,7.772456853150997e-17
0.07322732273227323,1.1533440299212996e-05,5.962864560780674e-07,7.772456853150997e-17
0.07323732373237324,1.1533440299222649e-05,5.962864560471667e-07,7.772456853150997e-17
0.07324732473247325,1.1533440299257667e-05,5.962864560807818e-07,7.772456853150997e-17
0.07325732573257326,1.1533440299269906e-05,5.962864560859704e-07,7.772456853150997e-17
0.07326732673267326,1.1533440299275671e-05,5.962864560786383e-07,7.772456853150997e-17
0.07327732773277328,1.1533440299285009e-05,5.962864561265311e-07,7.772456853150997e-17
0.07328732873287329,1.1533440299278551e-05,5.962864561326272e-07,7.772456853150997e-17
0.0732973297329733,1.1533440299269969e-05,5.962864561366954e-07,7.772456853150997e-17
0.07330733073307331,1.1533440299275961e-05,5.96286456119084e-07,7.772456853150997e-17
0.07331733173317331,1.153344029925157e-05,5.962864561675018e-07,7.772456853150997e-17
0.07332733273327333,1.1533440299262627e-05,5.962864561816384e-07,7.772456853150997e-17
0.07333733373337334,1.1533440299257287e-05,5.96286456163692e-07,7.772456853150997e-17
0.07334733473347335,1.1533440299225068e-05,5.962864561534107e-07,7.772456853150997e-17
0.07335733573357336,1.1533440299265619e-05,5.962864561687727e-07,7.772456853150997e-17
0.07336733673367336,1.1533440299299488e-05,5.962864561928133e-07,7.772456853150997e-17
0.07337733773377338,1.1533440299282224e-05,5.962864562060696e-07,7.772456853150997e-17
0.07338733873387339,1.1533440299261524e-05,5.96286456238368e-07,7.772456853150997e-17
0.0733973397339734,1.1533440299250467e-05,5.962864562354779e-07,7.772456853150997e-17
0.07340734073407341,1.1533440299246501e-05,5.962864562500973e-07,7.772456853150997e-17
0.07341734173417341,1.1533440299268817e-05,5.962864562851527e-07,7.772456853150997e-17
0.07342734273427343,1.1533440299272212e-05,5.962864563223884e-07,7.772456853150997e-17
0.07343734373437344,1.1533440299288785e-05,5.962864564081677e-07,7.772456853150997e-17
0.07344734473447345,1.1533440299387056e-05,5.962864564121202e-07,7.772456853150997e-17
0.07345734573457346,1.1533440299373505e-05,5.962864564240623e-07,7.772456853150997e-17
0.07346734673467346,1.1533440299360747e-05,5.962864564814992e-07,7.772456853150997e-17
0.07347734773477348,1.153344029936992e-05,5.962864564583313e-07,7.772456853150997e-17
0.07348734873487349,1.1533440299368352e-05,5.962864564824476e-07,7.772456853150997e-17
0.0734973497349735,1.1533440299368733e-05,5.962864564690629e-07,7.772456853150997e-17
0.07350735073507352,1.1533440299370676e-05,5.962864564753873e-07,7.772456853150997e-17
0.07351735173517351,1.1533440299396011e-05,5.962864565162874e-07,7.772456853150997e-17
0.07352735273527353,1.1533440299451876e-05,5.962864565490709e-07,7.772456853150997e-17
0.07353735373537354,1.153344029952461e-05,5.962864565444355e-07,7.772456853150997e-17
0.07354735473547355,1.1533440299541755e-05,5.962864565755658e-07,7.772456853150997e-17
0.07355735573557357,1.1533440299565526e-05,5.9628645661293e-07,7.772456853150997e-17
0.07356735673567356,1.1533440299531492e-05,5.962864566484402e-07,7.772456853150997e-17
0.07357735773577358,1.1533440299536598e-05,5.962864566659976e-07,7.772456853150997e-17
0.07358735873587359,1.1533440299534731e-05,5.962864566362629e-07,7.772456853150997e-17
0.0735973597359736,1.1533440299545707e-05,5.962864566342509e-07,7.772456853150997e-17
0.07360736073607362,1.1533440299562424e-05,5.962864565904781e-07,7.772456853150997e-17
0.07361736173617361,1.1533440299569124e-05,5.962864565847955e-07,7.772456853150997e-17
0.07362736273627363,1.1533440299577803e-05,5.962864566278789e-07,7.772456853150997e-17
0.07363736373637364,1.153344029957562e-05,5.962864566261933e-07,7.772456853150997e-17
0.07364736473647365,1.153344029959528e-05,5.962864566365444e-07,7.772456853150997e-17
0.07365736573657367,1.1533440299593617e-05,5.962864566532203e-07,7.772456853150997e-17
0.07366736673667366,1.153344029965686e-05,5.96286456617374e-07,7.772456853150997e-17
0.07367736773677368,1.1533440299674129e-05,5.962864566084801e-07,7.772456853150997e-17
0.07368736873687369,1.1533440299708658e-05,5.962864565960847e-07,7.772456853150997e-17
0.0736973697369737,1.153344029973938e-05,5.962864565899579e-07,7.772456853150997e-17
0.07370737073707372,1.153344029980122e-05,5.962864565845952e-07,7.772456853150997e-17
0.07371737173717371,1.1533440299845457e-05,5.962864566256857e-07,7.772456853150997e-17
0.07372737273727373,1.1533440299880499e-05,5.96286456644433e-07,7.772456853150997e-17
0.07373737373737374,1.153344029991045e-05,5.96286456656459e-07,7.772456853150997e-17
0.07374737473747375,1.1533440299953213e-05,5.96286456654821e-07,7.772456853150997e-17
0.07375737573757377,1.1533440299912613e-05,5.962864566712421e-07,7.772456853150997e-17
0.07376737673767376,1.1533440299880514e-05,5.962864566471932e-07,7.772456853150997e-17
0.07377737773777378,1.1533440299826658e-05,5.962864567003759e-07,7.772456853150997e-17
0.07378737873787379,1.1533440299859528e-05,5.962864566745685e-07,7.772456853150997e-17
0.0737973797379738,1.1533440299837391e-05,5.962864566701867e-07,7.772456853150997e-17
0.07380738073807382,1.153344029985898e-05,5.962864566925231e-07,7.772456853150997e-17
0.07381738173817382,1.1533440299904981e-05,5.962864567280457e-07,7.772456853150997e-17
0.07382738273827383,1.1533440299887415e-05,5.962864567105007e-07,7.772456853150997e-17
0.07383738373837384,1.1533440299902364e-05,5.962864567404264e-07,7.772456853150997e-17
0.07384738473847385,1.1533440299928417e-05,5.962864567485467e-07,7.772456853150997e-17
0.07385738573857387,1.1533440299946535e-05,5.962864567527925e-07,7.772456853150997e-17
0.07386738673867387,1.1533440299960428e-05,5.962864567642125e-07,7.772456853150997e-17
0.07387738773877388,1.153344029994201e-05,5.962864567406406e-07,7.772456853150997e-17
0.07388738873887389,1.1533440299947897e-05,5.962864567372005e-07,7.772456853150997e-17
0.0738973897389739,1.1533440299942371e-05,5.962864567996557e-07,7.772456853150997e-17
0.07390739073907392,1.153344030001235e-05,5.962864568010584e-07,7.772456853150997e-17
0.07391739173917392,1.1533440299981023e-05,5.962864568562751e-07,7.772456853150997e-17
0.07392739273927393,1.1533440300001145e-05,5.962864568845264e-07,7.772456853150997e-17
0.07393739373937394,1.1533440300009973e-05,5.962864569099478e-07,7.772456853150997e-17
0.07394739473947395,1.1533440300040457e-05,5.962864569056722e-07,7.772456853150997e-17
0.07395739573957397,1.1533440300026319e-05,5.962864569028254e-07,7.772456853150997e-17
0.07396739673967397,1.1533440299992109e-05,5.962864569402153e-07,7.772456853150997e-17
0.07397739773977398,1.1533440299975217e-05,5.962864569173316e-07,7.772456853150997e-17
0.07398739873987399,1.1533440299980306e-05,5.962864569169503e-07,7.772456853150997e-17
0.073997399739974,1.1533440299981123e-05,5.962864569144766e-07,7.772456853150997e-17
0.074007400740074,1.1533440300011235e-05,5.962864569080487e-07,7.772456853150997e-17
0.07401740174017402,1.153344030000256e-05,5.962864568816379e-07,7.772456853150997e-17
0.07402740274027403,1.1533440300038028e-05,5.962864568542108e-07,7.772456853150997e-17
0.07403740374037404,1.1533440299989803e-05,5.962864568347311e-07,7.772456853150997e-17
0.07404740474047405,1.1533440299983257e-05,5.962864568344166e-07,7.772456853150997e-17
0.07405740574057405,1.1533440299996883e-05,5.962864568768214e-07,7.772456853150997e-17
0.07406740674067407,1.153344030004022e-05,5.962864568712612e-07,7.772456853150997e-17
0.07407740774077408,1.15334403000397e-05,5.962864569142683e-07,7.772456853150997e-17
0.07408740874087409,1.1533440300045743e-05,5.962864569191411e-07,7.772456853150997e-17
0.0740974097409741,1.1533440300074513e-05,5.962864569232535e-07,7.772456853150997e-17
0.0741074107410741,1.1533440300057259e-05,5.962864569645792e-07,7.772456853150997e-17
0.07411741174117412,1.1533440300072365e-05,5.962864569694736e-07,7.772456853150997e-17
0.07412741274127413,1.1533440300073337e-05,5.962864570275887e-07,7.772456853150997e-17
0.07413741374137414,1.1533440300074068e-05,5.96286457074916e-07,7.772456853150997e-17
0.07414741474147415,1.1533440300118906e-05,5.962864570696542e-07,7.772456853150997e-17
0.07415741574157415,1.1533440300117681e-05,5.962864571025436e-07,7.772456853150997e-17
0.07416741674167417,1.1533440300131449e-05,5.96286457118639e-07,7.772456853150997e-17
0.07417741774177418,1.1533440300160938e-05,5.962864571356319e-07,7.772456853150997e-17
0.07418741874187419,1.1533440300182266e-05,5.962864571527047e-07,7.772456853150997e-17
0.0741974197419742,1.1533440300184851e-05,5.962864571749115e-07,7.772456853150997e-17
0.0742074207420742,1.1533440300175549e-05,5.962864572068758e-07,7.772456853150997e-17
0.07421742174217422,1.1533440300178752e-05,5.962864572138752e-07,7.772456853150997e-17
0.07422742274227423,1.1533440300187506e-05,5.962864572218101e-07,7.772456853150997e-17
0.07423742374237424,1.153344030017809e-05,5.962864572502176e-07,7.772456853150997e-17
0.07424742474247426,1.153344030020709e-05,5.962864572577885e-07,7.772456853150997e-17
0.07425742574257425,1.1533440300175034e-05,5.962864572651112e-07,7.772456853150997e-17
0.07426742674267427,1.15334403002159e-05,5.96286457313309e-07,7.772456853150997e-17
0.07427742774277428,1.153344030026207e-05,5.962864572907884e-07,7.772456853150997e-17
0.07428742874287429,1.1533440300294596e-05,5.962864572643487e-07,7.772456853150997e-17
0.0742974297429743,1.153344030034592e-05,5.962864573040021e-07,7.772456853150997e-17
0.0743074307430743,1.1533440300363668e-05,5.962864573298461e-07,7.772456853150997e-17
0.07431743174317432,1.15334403003794e-05,5.962864573203371e-07,7.772456853150997e-17
0.07432743274327433,1.153344030039641e-05,5.962864573093875e-07,7.772456853150997e-17
0.07433743374337434,1.1533440300407699e-05,5.962864573204059e-07,7.772456853150997e-17
0.07434743474347436,1.1533440300438361e-05,5.962864573421736e-07,7.772456853150997e-17
0.07435743574357435,1.1533440300447094e-05,5.962864573227881e-07,7.772456853150997e-17
0.07436743674367437,1.1533440300497206e-05,5.962864573230102e-07,7.772456853150997e-17
0.07437743774377438,1.1533440300544184e-05,5.962864573686944e-07,7.772456853150997e-17
0.07438743874387439,1.1533440300551467e-05,5.962864573577164e-07,7.772456853150997e-17
0.0743974397439744,1.1533440300556561e-05,5.962864573364484e-07,7.772456853150997e-17
0.0744074407440744,1.153344030059167e-05,5.962864573542041e-07,7.772456853150997e-17
0.07441744174417442,1.1533440300605982e-05,5.962864573617125e-07,7.772456853150997e-17
0.07442744274427443,1.1533440300637688e-05,5.96286457357239e-07,7.772456853150997e-17
0.07443744374437444,1.1533440300662567e-05,5.962864573491005e-07,7.772456853150997e-17
0.07444744474447446,1.1533440300685608e-05,5.96286457365613e-07,7.772456853150997e-17
0.07445744574457445,1.1533440300657799e-05,5.962864573617409e-07,7.772456853150997e-17
0.07446744674467447,1.1533440300674124e-05,5.962864573391621e-07,7.772456853150997e-17
0.07447744774477448,1.1533440300688017e-05,5.962864573542673e-07,7.772456853150997e-17
0.0744874487448745,1.1533440300694155e-05,5.962864573375612e-07,7.772456853150997e-17
0.0744974497449745,1.1533440300680386e-05,5.962864573512598e-07,7.772456853150997e-17
0.0745074507450745,1.1533440300715651e-05,5.962864573885485e-07,7.772456853150997e-17
0.07451745174517452,1.1533440300697357e-05,5.962864573819657e-07,7.772456853150997e-17
0.07452745274527453,1.1533440300718489e-05,5.962864573734721e-07,7.772456853150997e-17
0.07453745374537454,1.1533440300732825e-05,5.962864574232946e-07,7.772456853150997e-17
0.07454745474547456,1.1533440300729361e-05,5.962864574782278e-07,7.772456853150997e-17
0.07455745574557456,1.153344030071488e-05,5.962864574948746e-07,7.772456853150997e-17
0.07456745674567457,1.1533440300741882e-05,5.962864575056244e-07,7.772456853150997e-17
0.07457745774577458,1.153344030075708e-05,5.962864574975272e-07,7.772456853150997e-17
0.0745874587458746,1.1533440300764965e-05,5.962864574958919e-07,7.772456853150997e-17
0.0745974597459746,1.1533440300806192e-05,5.96286457539129e-07,7.772456853150997e-17
0.0746074607460746,1.153344030080403e-05,5.962864575321845e-07,7.772456853150997e-17
0.07461746174617462,1.1533440300818196e-05,5.962864575154379e-07,7.772456853150997e-17
0.07462746274627463,1.153344030083751e-05,5.962864575041065e-07,7.772456853150997e-17
0.07463746374637464,1.1533440300850648e-05,5.962864575157686e-07,7.772456853150997e-17
0.07464746474647466,1.1533440300901754e-05,5.962864575468319e-07,7.772456853150997e-17
0.07465746574657466,1.1533440300956393e-05,5.962864575528559e-07,7.772456853150997e-17
0.07466746674667467,1.1533440300956215e-05,5.962864575349306e-07,7.772456853150997e-17
0.07467746774677468,1.1533440300969866e-05,5.962864575538937e-07,7.772456853150997e-17
0.0746874687468747,1.1533440301005677e-05,5.962864575190175e-07,7.772456853150997e-17
0.0746974697469747,1.1533440301032189e-05,5.96286457517928e-07,7.772456853150997e-17
0.0747074707470747,1.1533440300998072e-05,5.962864575100112e-07,7.772456853150997e-17
0.07471747174717472,1.1533440301007722e-05,5.96286457567973e-07,7.772456853150997e-17
0.07472747274727473,1.15334403010158e-05,5.962864575422825e-07,7.772456853150997e-17
0.07473747374737474,1.153344030104249e-05,5.962864575902233e-07,7.772456853150997e-17
0.07474747474747474,1.1533440301036017e-05,5.962864575812733e-07,7.772456853150997e-17
0.07475747574757476,1.1533440301043195e-05,5.962864575989997e-07,7.772456853150997e-17
0.07476747674767477,1.1533440301021201e-05,5.962864576235225e-07,7.772456853150997e-17
0.07477747774777478,1.1533440301033964e-05,5.962864576769353e-07,7.772456853150997e-17
0.0747874787478748,1.1533440301059684e-05,5.962864577054035e-07,7.772456853150997e-17
0.0747974797479748,1.1533440301053017e-05,5.962864577017458e-07,7.772456853150997e-17
0.0748074807480748,1.1533440301030864e-05,5.962864577162754e-07,7.772456853150997e-17
0.07481748174817482,1.1533440301024164e-05,5.962864577507297e-07,7.772456853150997e-17
0.07482748274827483,1.1533440301059824e-05,5.962864578033543e-07,7.772456853150997e-17
0.07483748374837484,1.1533440301088593e-05,5.962864578470342e-07,7.772456853150997e-17
0.07484748474847484,1.1533440301068245e-05,5.962864578391109e-07,7.772456853150997e-17
0.07485748574857486,1.1533440301093333e-05,5.962864577978423e-07,7.772456853150997e-17
0.07486748674867487,1.1533440301135373e-05,5.962864578220943e-07,7.772456853150997e-17
0.07487748774877488,1.1533440301130128e-05,5.962864578357718e-07,7.772456853150997e-17
0.0748874887488749,1.153344030115418e-05,5.962864578334796e-07,7.772456853150997e-17
0.0748974897489749,1.1533440301166215e-05,5.962864578350028e-07,7.772456853150997e-17
0.0749074907490749,1.153344030119218e-05,5.96286457821426e-07,7.772456853150997e-17
0.07491749174917492,1.1533440301171785e-05,5.962864578614271e-07,7.772456853150997e-17
0.07492749274927493,1.1533440301182519e-05,5.962864579120955e-07,7.772456853150997e-17
0.07493749374937494,1.15334403011698e-05,5.962864578929191e-07,7.772456853150997e-17
0.07494749474947494,1.1533440301167347e-05,5.96286457894659e-07,7.772456853150997e-17
0.07495749574957496,1.1533440301191477e-05,5.962864579176142e-07,7.772456853150997e-17
0.07496749674967497,1.1533440301203562e-05,5.962864579147313e-07,7.772456853150997e-17
0.07497749774977498,1.1533440301210584e-05,5.962864579445611e-07,7.772456853150997e-17
0.074987498749875,1.1533440301243429e-05,5.962864579350451e-07,7.772456853150997e-17
0.074997499749975,1.153344030123937e-05,5.962864579667947e-07,7.772456853150997e-17
0.075007500750075,1.1533440301278118e-05,5.962864579591083e-07,7.772456853150997e-17
0.07501750175017502,1.153344030128823e-05,5.962864580008558e-07,7.772456853150997e-17
0.07502750275027503,1.1533440301277025e-05,5.962864579574504e-07,7.772456853150997e-17
0.07503750375037505,1.1533440301307654e-05,5.96286458018075e-07,7.772456853150997e-17
0.07504750475047504,1.1533440301301716e-05,5.962864580216454e-07,7.772456853150997e-17
0.07505750575057506,1.1533440301280385e-05,5.962864580241068e-07,7.772456853150997e-17
0.07506750675067507,1.1533440301319042e-05,5.962864580680645e-07,7.772456853150997e-17
0.07507750775077508,1.1533440301352196e-05,5.962864580921156e-07,7.772456853150997e-17
0.0750875087508751,1.1533440301399242e-05,5.96286458125213e-07,7.772456853150997e-17
0.0750975097509751,1.1533440301417857e-05,5.962864581336975e-07,7.772456853150997e-17
0.07510751075107511,1.1533440301424053e-05,5.962864581304202e-07,7.772456853150997e-17
0.07511751175117512,1.1533440301413615e-05,5.962864581158549e-07,7.772456853150997e-17
0.07512751275127513,1.1533440301422356e-05,5.962864580899838e-07,7.772456853150997e-17
0.07513751375137515,1.153344030143744e-05,5.962864580948372e-07,7.772456853150997e-17
0.07514751475147514,1.1533440301463364e-05,5.962864581386192e-07,7.772456853150997e-17
0.07515751575157516,1.1533440301457144e-05,5.962864581424571e-07,7.772456853150997e-17
0.07516751675167517,1.1533440301488885e-05,5.962864581603371e-07,7.772456853150997e-17
0.07517751775177518,1.1533440301476746e-05,5.96286458175948e-07,7.772456853150997e-17
0.0751875187518752,1.1533440301491875e-05,5.962864582194502e-07,7.772456853150997e-17
0.0751975197519752,1.1533440301505524e-05,5.962864582713232e-07,7.772456853150997e-17
0.07520752075207521,1.1533440301523295e-05,5.962864582827782e-07,7.772456853150997e-17
0.07521752175217522,1.1533440301518032e-05,5.962864582565557e-07,7.772456853150997e-17
0.07522752275227523,1.1533440301519121e-05,5.96286458237246e-07,7.772456853150997e-17
0.07523752375237525,1.1533440301565081e-05,5.962864582639243e-07,7.772456853150997e-17
0.07524752475247524,1.1533440301541823e-05,5.962864582882294e-07,7.772456853150997e-17
0.07525752575257526,1.1533440301510686e-05,5.96286458311853e-07,7.772456853150997e-17
0.07526752675267527,1.1533440301527967e-05,5.962864583769495e-07,7.772456853150997e-17
0.07527752775277528,1.1533440301531915e-05,5.962864583726229e-07,7.772456853150997e-17
0.0752875287528753,1.153344030154373e-05,5.962864584061935e-07,7.772456853150997e-17
0.0752975297529753,1.1533440301555323e-05,5.962864584515849e-07,7.772456853150997e-17
0.07530753075307531,1.1533440301603731e-05,5.962864585023875e-07,7.772456853150997e-17
0.07531753175317532,1.1533440301606748e-05,5.962864585476592e-07,7.772456853150997e-17
0.07532753275327533,1.1533440301595058e-05,5.962864585423407e-07,7.772456853150997e-17
0.07533753375337535,1.1533440301595857e-05,5.962864585133838e-07,7.772456853150997e-17
0.07534753475347535,1.1533440301550609e-05,5.962864585201672e-07,7.772456853150997e-17
0.07535753575357536,1.153344030157628e-05,5.962864585132087e-07,7.772456853150997e-17
0.07536753675367537,1.1533440301598959e-05,5.962864585039734e-07,7.772456853150997e-17
0.07537753775377538,1.1533440301613238e-05,5.962864585100431e-07,7.772456853150997e-17
0.0753875387538754,1.1533440301607605e-05,5.962864585662365e-07,7.772456853150997e-17
0.0753975397539754,1.1533440301642673e-05,5.96286458600717e-07,7.772456853150997e-17
0.07540754075407541,1.1533440301659483e-05,5.962864586031656e-07,7.772456853150997e-17
0.07541754175417542,1.1533440301702189e-05,5.962864586258144e-07,7.772456853150997e-17
0.07542754275427543,1.1533440301666078e-05,5.962864586434681e-07,7.772456853150997e-17
0.07543754375437545,1.15334403016756e-05,5.962864586712327e-07,7.772456853150997e-17
0.07544754475447545,1.1533440301711779e-05,5.962864586624144e-07,7.772456853150997e-17
0.07545754575457546,1.1533440301732155e-05,5.962864587060014e-07,7.772456853150997e-17
0.07546754675467547,1.1533440301763856e-05,5.962864587428989e-07,7.772456853150997e-17
0.07547754775477548,1.153344030178111e-05,5.962864587479892e-07,7.772456853150997e-17
0.07548754875487548,1.1533440301798096e-05,5.962864587954378e-07,7.772456853150997e-17
0.0754975497549755,1.1533440301826584e-05,5.962864587715032e-07,7.772456853150997e-17
0.07550755075507551,1.1533440301843016e-05,5.962864587268776e-07,7.772456853150997e-17
0.07551755175517552,1.1533440301843724e-05,5.962864587304191e-07,7.772456853150997e-17
0.07552755275527553,1.153344030180389e-05,5.962864587401862e-07,7.772456853150997e-17
0.07553755375537553,1.1533440301763675e-05,5.962864587715262e-07,7.772456853150997e-17
0.07554755475547555,1.1533440301825788e-05,5.962864587887155e-07,7.772456853150997e-17
0.07555755575557556,1.1533440301862273e-05,5.962864587946175e-07,7.772456853150997e-17
0.07556755675567557,1.1533440301873284e-05,5.96286458809152e-07,7.772456853150997e-17
0.07557755775577558,1.1533440301883748e-05,5.962864587995105e-07,7.772456853150997e-17
0.07558755875587558,1.1533440301916573e-05,5.962864588214226e-07,7.772456853150997e-17
0.0755975597559756,1.1533440301957965e-05,5.962864588695812e-07,7.772456853150997e-17
0.07560756075607561,1.1533440301973713e-05,5.962864588743712e-07,7.772456853150997e-17
0.07561756175617562,1.1533440302011239e-05,5.962864589017878e-07,7.772456853150997e-17
0.07562756275627563,1.1533440302015277e-05,5.962864589101972e-07,7.772456853150997e-17
0.07563756375637563,1.1533440302019768e-05,5.962864589348659e-07,7.772456853150997e-17
0.07564756475647565,1.1533440302033021e-05,5.962864589417936e-07,7.772456853150997e-17
0.07565756575657566,1.1533440302069601e-05,5.962864589571457e-07,7.772456853150997e-17
0.07566756675667567,1.1533440302107263e-05,5.962864589765328e-07,7.772456853150997e-17
0.07567756775677568,1.1533440302139646e-05,5.962864590151164e-07,7.772456853150997e-17
0.07568756875687568,1.153344030215474e-05,5.962864590262299e-07,7.772456853150997e-17
0.0756975697569757,1.1533440302207694e-05,5.962864590415569e-07,7.772456853150997e-17
0.07570757075707571,1.153344030221547e-05,5.962864590463316e-07,7.772456853150997e-17
0.07571757175717572,1.1533440302250656e-05,5.962864590674185e-07,7.772456853150997e-17
0.07572757275727574,1.1533440302286018e-05,5.962864590808329e-07,7.772456853150997e-17
0.07573757375737573,1.15334403022879e-05,5.962864590817669e-07,7.772456853150997e-17
0.07574757475747575,1.1533440302294222e-05,5.962864590829987e-07,7.772456853150997e-17
0.07575757575757576,1.1533440302268154e-05,5.962864590699846e-07,7.772456853150997e-17
0.07576757675767577,1.1533440302275144e-05,5.962864590798947e-07,7.772456853150997e-17
0.07577757775777579,1.1533440302342161e-05,5.962864591038851e-07,7.772456853150997e-17
0.07578757875787578,1.1533440302383374e-05,5.962864591399132e-07,7.772456853150997e-17
0.0757975797579758,1.1533440302377467e-05,5.962864591365107e-07,7.772456853150997e-17
0.07580758075807581,1.153344030235032e-05,5.962864591116888e-07,7.772456853150997e-17
0.07581758175817582,1.1533440302326696e-05,5.962864591460357e-07,7.772456853150997e-17
0.07582758275827584,1.1533440302381335e-05,5.96286459191443e-07,7.772456853150997e-17
0.07583758375837583,1.1533440302403149e-05,5.962864592054017e-07,7.772456853150997e-17
0.07584758475847585,1.1533440302412978e-05,5.962864592194575e-07,7.772456853150997e-17
0.07585758575857586,1.1533440302395653e-05,5.962864591920502e-07,7.772456853150997e-17
0.07586758675867587,1.1533440302384643e-05,5.962864591930513e-07,7.772456853150997e-17
0.07587758775877589,1.153344030240203e-05,5.962864591782707e-07,7.772456853150997e-17
0.07588758875887588,1.1533440302415263e-05,5.962864591575304e-07,7.772456853150997e-17
0.0758975897589759,1.1533440302391822e-05,5.962864591651282e-07,7.772456853150997e-17
0.07590759075907591,1.1533440302371897e-05,5.962864591674852e-07,7.772456853150997e-17
0.07591759175917592,1.1533440302396644e-05,5.962864591654732e-07,7.772456853150997e-17
0.07592759275927594,1.153344030237644e-05,5.962864592001397e-07,7.772456853150997e-17
0.07593759375937593,1.1533440302386737e-05,5.96286459191383e-07,7.772456853150997e-17
0.07594759475947595,1.1533440302434845e-05,5.962864591763225e-07,7.772456853150997e-17
0.07595759575957596,1.1533440302453302e-05,5.962864591864448e-07,7.772456853150997e-17
0.07596759675967597,1.1533440302492347e-05,5.962864591752725e-07,7.772456853150997e-17
0.07597759775977599,1.1533440302466529e-05,5.962864591667537e-07,7.772456853150997e-17
0.07598759875987598,1.1533440302490895e-05,5.962864592061718e-07,7.772456853150997e-17
0.075997599759976,1.1533440302516377e-05,5.962864591837897e-07,7.772456853150997e-17
0.07600760076007601,1.1533440302525564e-05,5.962864591641023e-07,7.772456853150997e-17
0.07601760176017602,1.1533440302523497e-05,5.962864592020341e-07,7.772456853150997e-17
0.07602760276027604,1.1533440302500332e-05,5.962864592393256e-07,7.772456853150997e-17
0.07603760376037604,1.153344030252e-05,5.962864592393317e-07,7.772456853150997e-17
0.07604760476047605,1.1533440302551993e-05,5.962864592224986e-07,7.772456853150997e-17
0.07605760576057606,1.1533440302582545e-05,5.962864592105345e-07,7.772456853150997e-17
0.07606760676067607,1.15334403026063e-05,5.962864592182756e-07,7.772456853150997e-17
0.07607760776077609,1.1533440302635756e-05,5.962864592591248e-07,7.772456853150997e-17
0.07608760876087609,1.1533440302656154e-05,5.962864592399457e-07,7.772456853150997e-17
0.0760976097609761,1.1533440302621531e-05,5.962864592616878e-07,7.772456853150997e-17
0.07610761076107611,1.1533440302649434e-05,5.962864592513115e-07,7.772456853150997e-17
0.07611761176117612,1.1533440302658682e-05,5.962864592762383e-07,7.772456853150997e-17
0.07612761276127614,1.1533440302651286e-05,5.962864592547745e-07,7.772456853150997e-17
0.07613761376137614,1.153344030267535e-05,5.962864592747813e-07,7.772456853150997e-17
0.07614761476147615,1.153344030264535e-05,5.962864592657578e-07,7.772456853150997e-17
0.07615761576157616,1.1533440302687049e-05,5.962864592595684e-07,7.772456853150997e-17
0.07616761676167617,1.1533440302670825e-05,5.962864592570692e-07,7.772456853150997e-17
0.07617761776177619,1.1533440302697483e-05,5.962864592791206e-07,7.772456853150997e-17
0.07618761876187619,1.1533440302740028e-05,5.962864592948522e-07,7.772456853150997e-17
0.0761976197619762,1.1533440302755027e-05,5.962864592775958e-07,7.772456853150997e-17
0.07620762076207621,1.153344030279297e-05,5.962864593000117e-07,7.772456853150997e-17
0.07621762176217622,1.1533440302821153e-05,5.962864592818284e-07,7.772456853150997e-17
0.07622762276227624,1.1533440302847223e-05,5.962864593166789e-07,7.772456853150997e-17
0.07623762376237624,1.1533440302910506e-05,5.962864593483432e-07,7.772456853150997e-17
0.07624762476247625,1.1533440302893866e-05,5.962864593996354e-07,7.772456853150997e-17
0.07625762576257626,1.1533440302921543e-05,5.962864593626335e-07,7.772456853150997e-17
0.07626762676267627,1.1533440302958442e-05,5.962864593704593e-07,7.772456853150997e-17
0.07627762776277627,1.1533440302971428e-05,5.96286459416533e-07,7.772456853150997e-17
0.07628762876287629,1.1533440302971264e-05,5.962864594119083e-07,7.772456853150997e-17
0.0762976297629763,1.1533440302920444e-05,5.962864594402841e-07,7.772456853150997e-17
0.07630763076307631,1.1533440302928106e-05,5.962864594381906e-07,7.772456853150997e-17
0.07631763176317632,1.1533440302943929e-05,5.962864594800251e-07,7.772456853150997e-17
0.07632763276327632,1.1533440302958218e-05,5.96286459495631e-07,7.772456853150997e-17
0.07633763376337634,1.1533440302967319e-05,5.962864594686445e-07,7.772456853150997e-17
0.07634763476347635,1.1533440302969679e-05,5.962864595802379e-07,7.772456853150997e-17
0.07635763576357636,1.153344030297665e-05,5.962864595913281e-07,7.772456853150997e-17
0.07636763676367637,1.1533440302989579e-05,5.96286459606086e-07,7.772456853150997e-17
0.07637763776377637,1.1533440302977339e-05,5.962864595998374e-07,7.772456853150997e-17
0.07638763876387639,1.1533440303008313e-05,5.962864596754429e-07,7.772456853150997e-17
0.0763976397639764,1.1533440303047695e-05,5.962864596683372e-07,7.772456853150997e-17
0.07640764076407641,1.1533440303071399e-05,5.962864596467011e-07,7.772456853150997e-17
0.07641764176417642,1.1533440303069303e-05,5.962864596794965e-07,7.772456853150997e-17
0.07642764276427642,1.1533440303083779e-05,5.962864596645806e-07,7.772456853150997e-17
0.07643764376437644,1.1533440303104707e-05,5.962864596276496e-07,7.772456853150997e-17
0.07644764476447645,1.153344030312729e-05,5.962864596450959e-07,7.772456853150997e-17
0.07645764576457646,1.1533440303139454e-05,5.962864596362354e-07,7.772456853150997e-17
0.07646764676467648,1.1533440303142975e-05,5.962864596413384e-07,7.772456853150997e-17
0.07647764776477647,1.1533440303106014e-05,5.962864596382168e-07,7.772456853150997e-17
0.07648764876487649,1.15334403030826e-05,5.962864596557972e-07,7.772456853150997e-17
0.0764976497649765,1.1533440303127677e-05,5.962864596843687e-07,7.772456853150997e-17
0.07650765076507651,1.1533440303159707e-05,5.962864597172769e-07,7.772456853150997e-17
0.07651765176517653,1.153344030314772e-05,5.962864597385071e-07,7.772456853150997e-17
0.07652765276527652,1.1533440303129334e-05,5.96286459766737e-07,7.772456853150997e-17
0.07653765376537654,1.1533440303118065e-05,5.962864597292057e-07,7.772456853150997e-17
0.07654765476547655,1.1533440303101951e-05,5.962864597632901e-07,7.772456853150997e-17
0.07655765576557656,1.1533440303097848e-05,5.962864597919454e-07,7.772456853150997e-17
0.07656765676567658,1.1533440303122748e-05,5.9628645980053e-07,7.772456853150997e-17
0.07657765776577657,1.1533440303151575e-05,5.962864598237849e-07,7.772456853150997e-17
0.07658765876587659,1.1533440303154181e-05,5.962864598261193e-07,7.772456853150997e-17
0.0765976597659766,1.1533440303164935e-05,5.962864598249566e-07,7.772456853150997e-17
0.07660766076607661,1.1533440303207036e-05,5.962864597958167e-07,7.772456853150997e-17
0.07661766176617663,1.1533440303207148e-05,5.962864598176326e-07,7.772456853150997e-17
0.07662766276627662,1.1533440303208398e-05,5.962864598141147e-07,7.772456853150997e-17
0.07663766376637664,1.1533440303240555e-05,5.962864598197822e-07,7.772456853150997e-17
0.07664766476647665,1.153344030325456e-05,5.962864598531349e-07,7.772456853150997e-17
0.07665766576657666,1.1533440303236643e-05,5.962864598721656e-07,7.772456853150997e-17
0.07666766676667668,1.1533440303260492e-05,5.962864598771181e-07,7.772456853150997e-17
0.07667766776677667,1.1533440303250082e-05,5.96286459907628e-07,7.772456853150997e-17
0.07668766876687669,1.1533440303204386e-05,5.962864598866885e-07,7.772456853150997e-17
0.0766976697669767,1.1533440303214852e-05,5.962864599163432e-07,7.772456853150997e-17
0.07670767076707671,1.153344030322919e-05,5.962864599144171e-07,7.772456853150997e-17
0.07671767176717673,1.1533440303215504e-05,5.962864599165059e-07,7.772456853150997e-17
0.07672767276727673,1.1533440303209867e-05,5.962864598836936e-07,7.772456853150997e-17
0.07673767376737674,1.1533440303256458e-05,5.962864598661775e-07,7.772456853150997e-17
0.07674767476747675,1.1533440303265959e-05,5.962864598625686e-07,7.772456853150997e-17
0.07675767576757676,1.1533440303305414e-05,5.962864598719271e-07,7.772456853150997e-17
0.07676767676767678,1.1533440303355363e-05,5.96286459855488e-07,7.772456853150997e-17
0.07677767776777678,1.1533440303368582e-05,5.962864598533058e-07,7.772456853150997e-17
0.07678767876787679,1.1533440303418465e-05,5.96286459874865e-07,7.772456853150997e-17
0.0767976797679768,1.1533440303444373e-05,5.962864599398414e-07,7.772456853150997e-17
0.07680768076807681,1.1533440303420146e-05,5.962864599692049e-07,7.772456853150997e-17
0.07681768176817683,1.1533440303447629e-05,5.962864599973e-07,7.772456853150997e-17
0.07682768276827683,1.1533440303430813e-05,5.962864599924441e-07,7.772456853150997e-17
0.07683768376837684,1.1533440303460964e-05,5.962864600347005e-07,7.772456853150997e-17
0.07684768476847685,1.1533440303478718e-05,5.962864600496662e-07,7.772456853150997e-17
0.07685768576857686,1.1533440303487909e-05,5.962864600328437e-07,7.772456853150997e-17
0.07686768676867688,1.1533440303494766e-05,5.962864599954152e-07,7.772456853150997e-17
0.07687768776877688,1.1533440303474756e-05,5.962864600175411e-07,7.772456853150997e-17
0.07688768876887689,1.1533440303488869e-05,5.962864600292431e-07,7.772456853150997e-17
0.0768976897689769,1.1533440303518244e-05,5.962864600381135e-07,7.772456853150997e-17
0.07690769076907691,1.1533440303523718e-05,5.962864600616223e-07,7.772456853150997e-17
0.07691769176917693,1.1533440303479096e-05,5.962864600944527e-07,7.772456853150997e-17
0.07692769276927693,1.1533440303507531e-05,5.962864601650946e-07,7.772456853150997e-17
0.07693769376937694,1.1533440303501481e-05,5.962864601904505e-07,7.772456853150997e-17
0.07694769476947695,1.1533440303489116e-05,5.962864602078301e-07,7.772456853150997e-17
0.07695769576957696,1.1533440303512427e-05,5.962864602440429e-07,7.772456853150997e-17
0.07696769676967698,1.1533440303556318e-05,5.962864602503767e-07,7.772456853150997e-17
0.07697769776977698,1.1533440303606017e-05,5.962864602622403e-07,7.772456853150997e-17
0.07698769876987699,1.1533440303644333e-05,5.962864602929857e-07,7.772456853150997e-17
0.076997699769977,1.153344030364655e-05,5.962864602786606e-07,7.772456853150997e-17
0.07700770077007701,1.1533440303634621e-05,5.962864602946046e-07,7.772456853150997e-17
0.07701770177017701,1.153344030365772e-05,5.962864603390147e-07,7.772456853150997e-17
0.07702770277027703,1.1533440303717004e-05,5.962864603731923e-07,7.772456853150997e-17
0.07703770377037704,1.153344030375588e-05,5.962864604064754e-07,7.772456853150997e-17
0.07704770477047705,1.1533440303778043e-05,5.962864604450245e-07,7.772456853150997e-17
0.07705770577057706,1.1533440303768571e-05,5.962864604367665e-07,7.772456853150997e-17
0.07706770677067706,1.1533440303812937e-05,5.962864604538138e-07,7.772456853150997e-17
0.07707770777077708,1.1533440303830345e-05,5.962864604837905e-07,7.772456853150997e-17
0.07708770877087709,1.1533440303880312e-05,5.96286460487292e-07,7.772456853150997e-17
0.0770977097709771,1.1533440303906743e-05,5.962864605338768e-07,7.772456853150997e-17
0.07710771077107711,1.1533440303922572e-05,5.962864605468335e-07,7.772456853150997e-17
0.07711771177117711,1.1533440303920251e-05,5.962864605925536e-07,7.772456853150997e-17
0.07712771277127713,1.1533440303932997e-05,5.962864606589047e-07,7.772456853150997e-17
0.07713771377137714,1.1533440303936956e-05,5.962864606923245e-07,7.772456853150997e-17
0.07714771477147715,1.1533440303932431e-05,5.962864607622903e-07,7.772456853150997e-17
0.07715771577157716,1.1533440303957468e-05,5.962864607948715e-07,7.772456853150997e-17
0.07716771677167716,1.1533440303997146e-05,5.96286460814167e-07,7.772456853150997e-17
0.07717771777177718,1.1533440304032325e-05,5.962864608336569e-07,7.772456853150997e-17
0.07718771877187719,1.1533440304037157e-05,5.962864608658725e-07,7.772456853150997e-17
0.0771977197719772,1.1533440304048985e-05,5.962864608729843e-07,7.772456853150997e-17
0.07720772077207722,1.1533440304077545e-05,5.96286460909079e-07,7.772456853150997e-17
0.07721772177217721,1.1533440304106451e-05,5.962864609305992e-07,7.772456853150997e-17
0.07722772277227723,1.1533440304146067e-05,5.962864609304181e-07,7.772456853150997e-17
0.07723772377237724,1.1533440304119356e-05,5.96286460943084e-07,7.772456853150997e-17
0.07724772477247725,1.15334403040853e-05,5.962864609084557e-07,7.772456853150997e-17
0.07725772577257727,1.153344030410872e-05,5.962864609169644e-07,7.772456853150997e-17
0.07726772677267726,1.153344030411657e-05,5.962864609367826e-07,7.772456853150997e-17
0.07727772777277728,1.1533440304152697e-05,5.962864609345487e-07,7.772456853150997e-17
0.07728772877287729,1.1533440304135504e-05,5.962864609605787e-07,7.772456853150997e-17
0.0772977297729773,1.1533440304137739e-05,5.962864609942801e-07,7.772456853150997e-17
0.07730773077307732,1.1533440304165042e-05,5.962864610195391e-07,7.772456853150997e-17
0.07731773177317731,1.1533440304153017e-05,5.962864610499353e-07,7.772456853150997e-17
0.07732773277327733,1.1533440304150053e-05,5.96286461055123e-07,7.772456853150997e-17
0.07733773377337734,1.1533440304157793e-05,5.962864610612884e-07,7.772456853150997e-17
0.07734773477347735,1.153344030419602e-05,5.962864611162539e-07,7.772456853150997e-17
0.07735773577357737,1.1533440304142655e-05,5.962864611226166e-07,7.772456853150997e-17
0.07736773677367736,1.15334403041937e-05,5.962864611230137e-07,7.772456853150997e-17
0.07737773777377738,1.1533440304224409e-05,5.96286461103256e-07,7.772456853150997e-17
0.07738773877387739,1.153344030425599e-05,5.962864611161766e-07,7.772456853150997e-17
0.0773977397739774,1.1533440304298514e-05,5.962864611469098e-07,7.772456853150997e-17
0.07740774077407742,1.1533440304289969e-05,5.962864611798204e-07,7.772456853150997e-17
0.07741774177417741,1.1533440304327425e-05,5.962864611721183e-07,7.772456853150997e-17
0.07742774277427743,1.1533440304354128e-05,5.962864611670522e-07,7.772456853150997e-17
0.07743774377437744,1.1533440304361537e-05,5.962864611594567e-07,7.772456853150997e-17
0.07744774477447745,1.153344030436398e-05,5.962864611709671e-07,7.772456853150997e-17
0.07745774577457747,1.1533440304359199e-05,5.962864611981092e-07,7.772456853150997e-17
0.07746774677467747,1.1533440304410112e-05,5.962864612179078e-07,7.772456853150997e-17
0.07747774777477748,1.1533440304440841e-05,5.962864612568405e-07,7.772456853150997e-17
0.07748774877487749,1.1533440304433868e-05,5.9628646124988e-07,7.772456853150997e-17
0.0774977497749775,1.153344030442169e-05,5.962864612645225e-07,7.772456853150997e-17
0.07750775077507752,1.1533440304440319e-05,5.962864612651666e-07,7.772456853150997e-17
0.07751775177517752,1.153344030448692e-05,5.962864612490641e-07,7.772456853150997e-17
0.07752775277527753,1.1533440304439813e-05,5.9628646125823e-07,7.772456853150997e-17
0.07753775377537754,1.1533440304431673e-05,5.962864612465236e-07,7.772456853150997e-17
0.07754775477547755,1.1533440304462159e-05,5.962864612458936e-07,7.772456853150997e-17
0.07755775577557757,1.153344030448642e-05,5.962864612620052e-07,7.772456853150997e-17
0.07756775677567757,1.1533440304429685e-05,5.962864612782655e-07,7.772456853150997e-17
0.07757775777577758,1.153344030444196e-05,5.962864612817431e-07,7.772456853150997e-17
0.07758775877587759,1.153344030451213e-05,5.962864612912698e-07,7.772456853150997e-17
0.0775977597759776,1.1533440304464551e-05,5.962864612934244e-07,7.772456853150997e-17
0.07760776077607762,1.1533440304459432e-05,5.962864612706081e-07,7.772456853150997e-17
0.07761776177617762,1.1533440304519161e-05,5.962864612374984e-07,7.772456853150997e-17
0.07762776277627763,1.1533440304554015e-05,5.962864612650143e-07,7.772456853150997e-17
0.07763776377637764,1.1533440304565404e-05,5.962864613137614e-07,7.772456853150997e-17
0.07764776477647765,1.1533440304574238e-05,5.962864613356111e-07,7.772456853150997e-17
0.07765776577657767,1.1533440304606133e-05,5.962864613791595e-07,7.772456853150997e-17
0.07766776677667767,1.153344030458283e-05,5.962864614424278e-07,7.772456853150997e-17
0.07767776777677768,1.1533440304598882e-05,5.962864614421694e-07,7.772456853150997e-17
0.07768776877687769,1.1533440304610574e-05,5.962864614481493e-07,7.772456853150997e-17
0.0776977697769777,1.1533440304637554e-05,5.962864613961575e-07,7.772456853150997e-17
0.07770777077707772,1.1533440304604552e-05,5.962864614055692e-07,7.772456853150997e-17
0.07771777177717772,1.1533440304628659e-05,5.962864614473955e-07,7.772456853150997e-17
0.07772777277727773,1.153344030464501e-05,5.962864614658837e-07,7.772456853150997e-17
0.07773777377737774,1.1533440304673902e-05,5.962864614676028e-07,7.772456853150997e-17
0.07774777477747775,1.1533440304750863e-05,5.962864614776922e-07,7.772456853150997e-17
0.07775777577757775,1.1533440304762968e-05,5.962864615021054e-07,7.772456853150997e-17
0.07776777677767777,1.1533440304779051e-05,5.962864615385114e-07,7.772456853150997e-17
0.07777777777777778,1.1533440304770025e-05,5.962864615527821e-07,7.772456853150997e-17
0.07778777877787779,1.1533440304794096e-05,5.962864615717084e-07,7.772456853150997e-17
0.0777977797779778,1.1533440304837478e-05,5.962864616229744e-07,7.772456853150997e-17
0.0778077807780778,1.1533440304855692e-05,5.962864616082599e-07,7.772456853150997e-17
0.07781778177817782,1.1533440304850429e-05,5.962864616337587e-07,7.772456853150997e-17
0.07782778277827783,1.1533440304855846e-05,5.962864616759988e-07,7.772456853150997e-17
0.07783778377837784,1.1533440304860852e-05,5.962864616990503e-07,7.772456853150997e-17
0.07784778477847785,1.1533440304884983e-05,5.962864616992431e-07,7.772456853150997e-17
0.07785778577857785,1.1533440304913192e-05,5.962864617392966e-07,7.772456853150997e-17
0.07786778677867787,1.1533440304905884e-05,5.962864617721816e-07,7.772456853150997e-17
0.07787778777877788,1.1533440304903204e-05,5.962864618191707e-07,7.772456853150997e-17
0.07788778877887789,1.1533440304931427e-05,5.962864618727709e-07,7.772456853150997e-17
0.0778977897789779,1.1533440304892628e-05,5.962864618741966e-07,7.772456853150997e-17
0.0779077907790779,1.15334403048934e-05,5.962864618871911e-07,7.772456853150997e-17
0.07791779177917792,1.1533440304918264e-05,5.962864618871615e-07,7.772456853150997e-17
0.07792779277927793,1.15334403049217e-05,5.962864618956893e-07,7.772456853150997e-17
0.07793779377937794,1.1533440304928717e-05,5.962864619021396e-07,7.772456853150997e-17
0.07794779477947796,1.1533440304966011e-05,5.962864619022347e-07,7.772456853150997e-17
0.07795779577957795,1.153344030497731e-05,5.962864618829985e-07,7.772456853150997e-17
0.07796779677967797,1.1533440304980836e-05,5.962864619248821e-07,7.772456853150997e-17
0.07797779777977798,1.1533440305002407e-05,5.962864619576757e-07,7.772456853150997e-17
0.07798779877987799,1.1533440305001307e-05,5.962864619853777e-07,7.772456853150997e-17
0.077997799779978,1.1533440305005407e-05,5.962864619825981e-07,7.772456853150997e-17
0.078007800780078,1.1533440304972827e-05,5.962864619774675e-07,7.772456853150997e-17
0.07801780178017802,1.1533440304995537e-05,5.962864620177009e-07,7.772456853150997e-17
0.07802780278027803,1.1533440305008102e-05,5.962864620310777e-07,7.772456853150997e-17
0.07803780378037804,1.1533440305023938e-05,5.962864620341502e-07,7.772456853150997e-17
0.07804780478047806,1.1533440305034059e-05,5.962864620395107e-07,7.772456853150997e-17
0.07805780578057805,1.1533440305083986e-05,5.962864620264084e-07,7.772456853150997e-17
0.07806780678067807,1.153344030510633e-05,5.962864620701281e-07,7.772456853150997e-17
0.07807780778077808,1.1533440305110553e-05,5.962864620870364e-07,7.772456853150997e-17
0.07808780878087809,1.1533440305129142e-05,5.962864621229638e-07,7.772456853150997e-17
0.0780978097809781,1.1533440305159338e-05,5.962864621581838e-07,7.772456853150997e-17
0.0781078107810781,1.1533440305131659e-05,5.962864622085501e-07,7.772456853150997e-17
0.07811781178117812,1.1533440305077384e-05,5.96286462225376e-07,7.772456853150997e-17
0.07812781278127813,1.1533440305154305e-05,5.96286462251998e-07,7.772456853150997e-17
0.07813781378137814,1.1533440305204792e-05,5.962864622402494e-07,7.772456853150997e-17
0.07814781478147816,1.1533440305173834e-05,5.962864622630957e-07,7.772456853150997e-17
0.07815781578157815,1.1533440305156677e-05,5.962864622979159e-07,7.772456853150997e-17
0.07816781678167817,1.1533440305199423e-05,5.962864623111355e-07,7.772456853150997e-17
0.07817781778177818,1.1533440305227945e-05,5.962864623452173e-07,7.772456853150997e-17
0.0781878187818782,1.1533440305269722e-05,5.962864623657327e-07,7.772456853150997e-17
0.0781978197819782,1.1533440305282466e-05,5.962864623682417e-07,7.772456853150997e-17
0.0782078207820782,1.1533440305337856e-05,5.962864623900694e-07,7.772456853150997e-17
0.07821782178217822,1.1533440305364398e-05,5.962864623669691e-07,7.772456853150997e-17
0.07822782278227823,1.153344030535893e-05,5.962864623844093e-07,7.772456853150997e-17
0.07823782378237824,1.1533440305388246e-05,5.96286462380952e-07,7.772456853150997e-17
0.07824782478247826,1.1533440305439557e-05,5.962864624030532e-07,7.772456853150997e-17
0.07825782578257826,1.1533440305500415e-05,5.962864624075839e-07,7.772456853150997e-17
0.07826782678267827,1.153344030551915e-05,5.962864624022916e-07,7.772456853150997e-17
0.07827782778277828,1.1533440305547171e-05,5.962864624606502e-07,7.772456853150997e-17
0.0782878287828783,1.1533440305591583e-05,5.962864624764531e-07,7.772456853150997e-17
0.0782978297829783,1.1533440305563639e-05,5.962864624953556e-07,7.772456853150997e-17
0.0783078307830783,1.1533440305550119e-05,5.962864624936759e-07,7.772456853150997e-17
0.07831783178317832,1.1533440305543203e-05,5.962864624625118e-07,7.772456853150997e-17
0.07832783278327833,1.1533440305570176e-05,5.96286462512615e-07,7.772456853150997e-17
0.07833783378337834,1.1533440305595465e-05,5.962864625178513e-07,7.772456853150997e-17
0.07834783478347836,1.1533440305595557e-05,5.962864625385128e-07,7.772456853150997e-17
0.07835783578357836,1.1533440305572938e-05,5.96286462555447e-07,7.772456853150997e-17
0.07836783678367837,1.153344030560379e-05,5.962864626033111e-07,7.772456853150997e-17
0.07837783778377838,1.1533440305621896e-05,5.962864625892972e-07,7.772456853150997e-17
0.0783878387838784,1.1533440305605118e-05,5.962864625807518e-07,7.772456853150997e-17
0.0783978397839784,1.1533440305595598e-05,5.962864625915202e-07,7.772456853150997e-17
0.0784078407840784,1.1533440305629758e-05,5.962864625997879e-07,7.772456853150997e-17
0.07841784178417842,1.1533440305675175e-05,5.962864626273019e-07,7.772456853150997e-17
0.07842784278427843,1.153344030566461e-05,5.962864626315623e-07,7.772456853150997e-17
0.07843784378437844,1.153344030565352e-05,5.962864626282637e-07,7.772456853150997e-17
0.07844784478447846,1.153344030569794e-05,5.96286462650954e-07,7.772456853150997e-17
0.07845784578457846,1.1533440305706955e-05,5.962864626723181e-07,7.772456853150997e-17
0.07846784678467847,1.1533440305725544e-05,5.962864626843888e-07,7.772456853150997e-17
0.07847784778477848,1.1533440305725195e-05,5.962864626390609e-07,7.772456853150997e-17
0.0784878487848785,1.1533440305777428e-05,5.96286462661758e-07,7.772456853150997e-17
0.07849784978497851,1.1533440305784325e-05,5.962864626774364e-07,7.772456853150997e-17
0.0785078507850785,1.1533440305804018e-05,5.962864626979277e-07,7.772456853150997e-17
0.07851785178517852,1.153344030575265e-05,5.962864627186593e-07,7.772456853150997e-17
0.07852785278527853,1.153344030578671e-05,5.962864627249894e-07,7.772456853150997e-17
0.07853785378537854,1.15334403058396e-05,5.962864627101567e-07,7.772456853150997e-17
0.07854785478547854,1.1533440305835243e-05,5.962864627335122e-07,7.772456853150997e-17
0.07855785578557856,1.1533440305829246e-05,5.962864627365592e-07,7.772456853150997e-17
0.07856785678567857,1.153344030584487e-05,5.962864627704755e-07,7.772456853150997e-17
0.07857785778577858,1.15334403058408e-05,5.962864627721512e-07,7.772456853150997e-17
0.0785878587858786,1.153344030584799e-05,5.96286462756462e-07,7.772456853150997e-17
0.0785978597859786,1.1533440305829892e-05,5.96286462763012e-07,7.772456853150997e-17
0.0786078607860786,1.1533440305847036e-05,5.962864627391698e-07,7.772456853150997e-17
0.07861786178617862,1.1533440305861942e-05,5.962864627290018e-07,7.772456853150997e-17
0.07862786278627863,1.1533440305896582e-05,5.962864627019844e-07,7.772456853150997e-17
0.07863786378637865,1.1533440305910255e-05,5.962864626984883e-07,7.772456853150997e-17
0.07864786478647864,1.1533440305895557e-05,5.962864627052464e-07,7.772456853150997e-17
0.07865786578657866,1.1533440305876978e-05,5.96286462713416e-07,7.772456853150997e-17
0.07866786678667867,1.1533440305874466e-05,5.962864627204207e-07,7.772456853150997e-17
0.07867786778677868,1.1533440305869032e-05,5.962864627178319e-07,7.772456853150997e-17
0.0786878687868787,1.1533440305883868e-05,5.962864627512788e-07,7.772456853150997e-17
0.0786978697869787,1.1533440305911085e-05,5.962864627441934e-07,7.772456853150997e-17
0.07870787078707871,1.1533440305959019e-05,5.962864627411421e-07,7.772456853150997e-17
0.07871787178717872,1.1533440305989583e-05,5.962864627639513e-07,7.772456853150997e-17
0.07872787278727873,1.1533440306022236e-05,5.962864627397198e-07,7.772456853150997e-17
0.07873787378737875,1.1533440306067098e-05,5.962864627168799e-07,7.772456853150997e-17
0.07874787478747874,1.1533440306059651e-05,5.962864627267628e-07,7.772456853150997e-17
0.07875787578757876,1.1533440306095296e-05,5.962864627322496e-07,7.772456853150997e-17
0.07876787678767877,1.1533440306086465e-05,5.962864627118571e-07,7.772456853150997e-17
0.07877787778777878,1.1533440306047947e-05,5.962864626960245e-07,7.772456853150997e-17
0.0787878787878788,1.1533440306022509e-05,5.962864626982927e-07,7.772456853150997e-17
0.0787978797879788,1.153344030605113e-05,5.962864627177718e-07,7.772456853150997e-17
0.07880788078807881,1.1533440306080229e-05,5.962864627225689e-07,7.772456853150997e-17
0.07881788178817882,1.1533440306052645e-05,5.962864627660161e-07,7.772456853150997e-17
0.07882788278827883,1.1533440306037818e-05,5.962864627908545e-07,7.772456853150997e-17
0.07883788378837885,1.1533440306034882e-05,5.96286462804041e-07,7.772456853150997e-17
0.07884788478847884,1.1533440306001912e-05,5.962864628300834e-07,7.772456853150997e-17
0.07885788578857886,1.1533440306065257e-05,5.962864628254853e-07,7.772456853150997e-17
0.07886788678867887,1.1533440306085342e-05,5.962864628359874e-07,7.772456853150997e-17
0.07887788778877888,1.1533440306102831e-05,5.962864628645e-07,7.772456853150997e-17
0.0788878887888789,1.1533440306122818e-05,5.962864628734903e-07,7.772456853150997e-17
0.0788978897889789,1.1533440306105171e-05,5.9628646287439e-07,7.772456853150997e-17
0.07890789078907891,1.1533440306115242e-05,5.96286462858379e-07,7.772456853150997e-17
0.07891789178917892,1.1533440306125427e-05,5.962864628500658e-07,7.772456853150997e-17
0.07892789278927893,1.1533440306160252e-05,5.962864628490165e-07,7.772456853150997e-17
0.07893789378937895,1.1533440306176245e-05,5.962864628764077e-07,7.772456853150997e-17
0.07894789478947895,1.1533440306188871e-05,5.96286462887943e-07,7.772456853150997e-17
0.07895789578957896,1.1533440306167262e-05,5.962864629154697e-07,7.772456853150997e-17
0.07896789678967897,1.1533440306206447e-05,5.962864629074923e-07,7.772456853150997e-17
0.07897789778977898,1.1533440306220125e-05,5.962864629245757e-07,7.772456853150997e-17
0.078987898789879,1.1533440306173293e-05,5.962864629484329e-07,7.772456853150997e-17
0.078997899789979,1.1533440306212598e-05,5.962864630229505e-07,7.772456853150997e-17
0.07900790079007901,1.1533440306234735e-05,5.962864630559093e-07,7.772456853150997e-17
0.07901790179017902,1.1533440306262948e-05,5.962864630812969e-07,7.772456853150997e-17
0.07902790279027903,1.153344030631367e-05,5.962864630669923e-07,7.772456853150997e-17
0.07903790379037905,1.1533440306301318e-05,5.962864630744024e-07,7.772456853150997e-17
0.07904790479047905,1.1533440306324493e-05,5.962864630599024e-07,7.772456853150997e-17
0.07905790579057906,1.1533440306370565e-05,5.962864630961275e-07,7.772456853150997e-17
0.07906790679067907,1.1533440306400763e-05,5.962864630827855e-07,7.772456853150997e-17
0.07907790779077908,1.1533440306456186e-05,5.962864631070519e-07,7.772456853150997e-17
0.0790879087908791,1.1533440306489258e-05,5.962864630808457e-07,7.772456853150997e-17
0.0790979097909791,1.1533440306491057e-05,5.962864631029298e-07,7.772456853150997e-17
0.07910791079107911,1.1533440306526881e-05,5.962864631191917e-07,7.772456853150997e-17
0.07911791179117912,1.153344030655679e-05,5.962864631473306e-07,7.772456853150997e-17
0.07912791279127913,1.153344030654411e-05,5.962864631433184e-07,7.772456853150997e-17
0.07913791379137915,1.1533440306539799e-05,5.962864631580375e-07,7.772456853150997e-17
0.07914791479147915,1.1533440306579653e-05,5.962864631432387e-07,7.772456853150997e-17
0.07915791579157916,1.1533440306574822e-05,5.96286463137929e-07,7.772456853150997e-17
0.07916791679167917,1.1533440306539482e-05,5.962864631677228e-07,7.772456853150997e-17
0.07917791779177918,1.1533440306581153e-05,5.962864631771892e-07,7.772456853150997e-17
0.0791879187918792,1.1533440306571745e-05,5.962864631648546e-07,7.772456853150997e-17
0.0791979197919792,1.1533440306575369e-05,5.962864631422414e-07,7.772456853150997e-17
0.07920792079207921,1.1533440306564466e-05,5.962864631951779e-07,7.772456853150997e-17
0.07921792179217922,1.1533440306623274e-05,5.962864632239374e-07,7.772456853150997e-17
0.07922792279227923,1.1533440306688902e-05,5.962864632354895e-07,7.772456853150997e-17
0.07923792379237925,1.1533440306723466e-05,5.962864632381244e-07,7.772456853150997e-17
0.07924792479247925,1.1533440306737481e-05,5.96286463222616e-07,7.772456853150997e-17
0.07925792579257926,1.1533440306746836e-05,5.962864632145036e-07,7.772456853150997e-17
0.07926792679267927,1.1533440306766383e-05,5.962864632128702e-07,7.772456853150997e-17
0.07927792779277928,1.1533440306816914e-05,5.962864632252674e-07,7.772456853150997e-17
0.07928792879287928,1.153344030684408e-05,5.96286463271478e-07,7.772456853150997e-17
0.0792979297929793,1.1533440306872185e-05,5.962864632718918e-07,7.772456853150997e-17
0.07930793079307931,1.1533440306891143e-05,5.962864633046333e-07,7.772456853150997e-17
0.07931793179317932,1.15334403069162e-05,5.962864633106549e-07,7.772456853150997e-17
0.07932793279327933,1.1533440306949573e-05,5.962864632928707e-07,7.772456853150997e-17
0.07933793379337933,1.1533440306989693e-05,5.96286463290522e-07,7.772456853150997e-17
0.07934793479347935,1.1533440307001716e-05,5.96286463326392e-07,7.772456853150997e-17
0.07935793579357936,1.1533440307015265e-05,5.962864633432381e-07,7.772456853150997e-17
0.07936793679367937,1.1533440307026006e-05,5.962864633508283e-07,7.772456853150997e-17
0.07937793779377939,1.1533440307034471e-05,5.962864633601692e-07,7.772456853150997e-17
0.07938793879387938,1.15334403070857e-05,5.962864634081068e-07,7.772456853150997e-17
0.0793979397939794,1.1533440307095457e-05,5.962864634065846e-07,7.772456853150997e-17
0.07940794079407941,1.1533440307068405e-05,5.962864634298098e-07,7.772456853150997e-17
0.07941794179417942,1.1533440307069679e-05,5.962864634525026e-07,7.772456853150997e-17
0.07942794279427944,1.153344030707742e-05,5.962864635104421e-07,7.772456853150997e-17
0.07943794379437943,1.1533440307141363e-05,5.962864635929964e-07,7.772456853150997e-17
0.07944794479447945,1.1533440307204652e-05,5.962864635716319e-07,7.772456853150997e-17
0.07945794579457946,1.1533440307210567e-05,5.962864636102046e-07,7.772456853150997e-17
0.07946794679467947,1.1533440307225907e-05,5.962864636388013e-07,7.772456853150997e-17
0.07947794779477949,1.1533440307182924e-05,5.962864636838725e-07,7.772456853150997e-17
0.07948794879487948,1.1533440307203852e-05,5.962864637067507e-07,7.772456853150997e-17
0.0794979497949795,1.1533440307244676e-05,5.962864636973692e-07,7.772456853150997e-17
0.07950795079507951,1.1533440307284622e-05,5.962864637166872e-07,7.772456853150997e-17
0.07951795179517952,1.1533440307298064e-05,5.962864637364455e-07,7.772456853150997e-17
0.07952795279527954,1.1533440307283013e-05,5.962864637515096e-07,7.772456853150997e-17
0.07953795379537953,1.1533440307323374e-05,5.962864637714236e-07,7.772456853150997e-17
0.07954795479547955,1.1533440307325174e-05,5.96286463777198e-07,7.772456853150997e-17
0.07955795579557956,1.1533440307315779e-05,5.962864637769844e-07,7.772456853150997e-17
0.07956795679567957,1.1533440307299055e-05,5.962864638007513e-07,7.772456853150997e-17
0.07957795779577959,1.1533440307290983e-05,5.962864638454749e-07,7.772456853150997e-17
0.07958795879587958,1.1533440307299862e-05,5.962864638364975e-07,7.772456853150997e-17
0.0795979597959796,1.1533440307334451e-05,5.962864638383963e-07,7.772456853150997e-17
0.07960796079607961,1.1533440307365983e-05,5.962864638213732e-07,7.772456853150997e-17
0.07961796179617962,1.1533440307364362e-05,5.962864637955764e-07,7.772456853150997e-17
0.07962796279627964,1.1533440307309887e-05,5.962864638076684e-07,7.772456853150997e-17
0.07963796379637963,1.1533440307307461e-05,5.962864638375222e-07,7.772456853150997e-17
0.07964796479647965,1.153344030731824e-05,5.962864638752223e-07,7.772456853150997e-17
0.07965796579657966,1.1533440307346528e-05,5.962864638791576e-07,7.772456853150997e-17
0.07966796679667967,1.1533440307371463e-05,5.962864638692103e-07,7.772456853150997e-17
0.07967796779677969,1.1533440307391802e-05,5.962864638896241e-07,7.772456853150997e-17
0.07968796879687969,1.1533440307386208e-05,5.962864639022866e-07,7.772456853150997e-17
0.0796979697969797,1.1533440307390574e-05,5.962864639497688e-07,7.772456853150997e-17
0.07970797079707971,1.1533440307424306e-05,5.962864639830477e-07,7.772456853150997e-17
0.07971797179717972,1.1533440307501715e-05,5.962864639913538e-07,7.772456853150997e-17
0.07972797279727974,1.1533440307523407e-05,5.962864639794584e-07,7.772456853150997e-17
0.07973797379737974,1.153344030749864e-05,5.962864640042433e-07,7.772456853150997e-17
0.07974797479747975,1.153344030752775e-05,5.962864640285522e-07,7.772456853150997e-17
0.07975797579757976,1.1533440307528013e-05,5.96286464023762e-07,7.772456853150997e-17
0.07976797679767977,1.1533440307553287e-05,5.96286464039605e-07,7.772456853150997e-17
0.07977797779777979,1.1533440307630565e-05,5.962864640274719e-07,7.772456853150997e-17
0.07978797879787979,1.1533440307639632e-05,5.962864640074915e-07,7.772456853150997e-17
0.0797979797979798,1.1533440307642009e-05,5.962864639936793e-07,7.772456853150997e-17
0.07980798079807981,1.1533440307634626e-05,5.962864640051249e-07,7.772456853150997e-17
0.07981798179817982,1.153344030761497e-05,5.962864640116691e-07,7.772456853150997e-17
0.07982798279827984,1.1533440307640945e-05,5.962864640366162e-07,7.772456853150997e-17
0.07983798379837984,1.1533440307674318e-05,5.962864640376993e-07,7.772456853150997e-17
0.07984798479847985,1.1533440307688399e-05,5.962864640287421e-07,7.772456853150997e-17
0.07985798579857986,1.1533440307708331e-05,5.962864640787177e-07,7.772456853150997e-17
0.07986798679867987,1.1533440307655958e-05,5.962864640798677e-07,7.772456853150997e-17
0.07987798779877989,1.153344030769102e-05,5.96286464013766e-07,7.772456853150997e-17
0.07988798879887989,1.1533440307664452e-05,5.962864640322221e-07,7.772456853150997e-17
0.0798979897989799,1.1533440307734788e-05,5.962864640519378e-07,7.772456853150997e-17
0.07990799079907991,1.1533440307725852e-05,5.962864640744087e-07,7.772456853150997e-17
0.07991799179917992,1.1533440307710696e-05,5.96286464108621e-07,7.772456853150997e-17
0.07992799279927994,1.1533440307726627e-05,5.962864641268266e-07,7.772456853150997e-17
0.07993799379937994,1.1533440307742477e-05,5.962864641316821e-07,7.772456853150997e-17
0.07994799479947995,1.1533440307758301e-05,5.962864641509919e-07,7.772456853150997e-17
0.07995799579957996,1.1533440307760895e-05,5.962864640992964e-07,7.772456853150997e-17
0.07996799679967997,1.1533440307781823e-05,5.962864641094672e-07,7.772456853150997e-17
0.07997799779977999,1.1533440307798408e-05,5.962864641388009e-07,7.772456853150997e-17
0.07998799879987999,1.1533440307823733e-05,5.962864641609685e-07,7.772456853150997e-17
0.07999799979998,1.1533440307857211e-05,5.962864642290958e-07,7.772456853150997e-17
0.08000800080008001,1.1533440307860088e-05,5.962864642433034e-07,7.772456853150997e-17
0.08001800180018002,1.1533440307900804e-05,5.962864642465601e-07,7.772456853150997e-17
0.08002800280028004,1.153344030788321e-05,5.962864642689234e-07,7.772456853150997e-17
0.08003800380038004,1.1533440307880716e-05,5.962864643158359e-07,7.772456853150997e-17
0.08004800480048005,1.153344030788201e-05,5.962864643172266e-07,7.772456853150997e-17
0.08005800580058006,1.1533440307910508e-05,5.962864643177118e-07,7.772456853150997e-17
0.08006800680068007,1.1533440307925023e-05,5.962864643342167e-07,7.772456853150997e-17
0.08007800780078007,1.153344030794897e-05,5.96286464365316e-07,7.772456853150997e-17
0.08008800880088009,1.1533440307944621e-05,5.96286464408541e-07,7.772456853150997e-17
0.0800980098009801,1.1533440307947984e-05,5.962864643962665e-07,7.772456853150997e-17
0.08010801080108011,1.1533440307935026e-05,5.962864644164638e-07,7.772456853150997e-17
0.08011801180118013,1.1533440307995174e-05,5.962864644395641e-07,7.772456853150997e-17
0.08012801280128012,1.153344030801702e-05,5.962864644634105e-07,7.772456853150997e-17
0.08013801380138014,1.1533440308021154e-05,5.962864644777728e-07,7.772456853150997e-17
0.08014801480148015,1.1533440308067318e-05,5.962864644569539e-07,7.772456853150997e-17
0.08015801580158016,1.1533440308080233e-05,5.962864644532953e-07,7.772456853150997e-17
0.08016801680168018,1.1533440308055757e-05,5.962864644391428e-07,7.772456853150997e-17
0.08017801780178017,1.1533440308054251e-05,5.962864644544247e-07,7.772456853150997e-17
0.08018801880188019,1.1533440308034275e-05,5.962864644728368e-07,7.772456853150997e-17
0.0801980198019802,1.1533440307998879e-05,5.962864644592709e-07,7.772456853150997e-17
0.08020802080208021,1.153344030801991e-05,5.96286464499372e-07,7.772456853150997e-17
0.08021802180218023,1.153344030807783e-05,5.962864644910898e-07,7.772456853150997e-17
0.08022802280228022,1.1533440308080694e-05,5.962864644897744e-07,7.772456853150997e-17
0.08023802380238024,1.1533440308029706e-05,5.962864644660881e-07,7.772456853150997e-17
0.08024802480248025,1.1533440308001166e-05,5.962864644909357e-07,7.772456853150997e-17
0.08025802580258026,1.153344030798689e-05,5.96286464454572e-07,7.772456853150997e-17
0.08026802680268028,1.1533440307948735e-05,5.962864645124278e-07,7.772456853150997e-17
0.08027802780278027,1.1533440307990214e-05,5.962864645214227e-07,7.772456853150997e-17
0.08028802880288029,1.153344030802673e-05,5.96286464550586e-07,7.772456853150997e-17
0.0802980298029803,1.1533440308067053e-05,5.962864645712564e-07,7.772456853150997e-17
0.08030803080308031,1.1533440308042977e-05,5.962864645926389e-07,7.772456853150997e-17
0.08031803180318033,1.15334403080736e-05,5.962864646009163e-07,7.772456853150997e-17
0.08032803280328032,1.153344030807532e-05,5.962864645974688e-07,7.772456853150997e-17
0.08033803380338034,1.153344030812796e-05,5.962864646297866e-07,7.772456853150997e-17
0.08034803480348035,1.1533440308194278e-05,5.96286464639392e-07,7.772456853150997e-17
0.08035803580358036,1.1533440308214364e-05,5.962864646727954e-07,7.772456853150997e-17
0.08036803680368038,1.1533440308193622e-05,5.962864646958682e-07,7.772456853150997e-17
0.08037803780378037,1.153344030819208e-05,5.962864647011642e-07,7.772456853150997e-17
0.08038803880388039,1.1533440308191737e-05,5.962864647380654e-07,7.772456853150997e-17
0.0803980398039804,1.153344030819057e-05,5.962864647537571e-07,7.772456853150997e-17
0.08040804080408041,1.1533440308220587e-05,5.962864647743498e-07,7.772456853150997e-17
0.08041804180418043,1.153344030827576e-05,5.962864647861916e-07,7.772456853150997e-17
0.08042804280428043,1.1533440308301419e-05,5.962864647873643e-07,7.772456853150997e-17
0.08043804380438044,1.1533440308306679e-05,5.962864648133255e-07,7.772456853150997e-17
0.08044804480448045,1.1533440308315437e-05,5.962864648365875e-07,7.772456853150997e-17
0.08045804580458046,1.1533440308354184e-05,5.962864648442262e-07,7.772456853150997e-17
0.08046804680468048,1.1533440308379614e-05,5.962864648526895e-07,7.772456853150997e-17
0.08047804780478048,1.1533440308409387e-05,5.962864648734768e-07,7.772456853150997e-17
0.08048804880488049,1.1533440308418935e-05,5.962864648927374e-07,7.772456853150997e-17
0.0804980498049805,1.1533440308419695e-05,5.962864649040248e-07,7.772456853150997e-17
0.08050805080508051,1.1533440308479689e-05,5.962864648963766e-07,7.772456853150997e-17
0.08051805180518053,1.1533440308527592e-05,5.962864649397564e-07,7.772456853150997e-17
0.08052805280528053,1.1533440308514983e-05,5.962864649980243e-07,7.772456853150997e-17
0.08053805380538054,1.1533440308571814e-05,5.962864650225955e-07,7.772456853150997e-17
0.08054805480548055,1.153344030858006e-05,5.962864650352389e-07,7.772456853150997e-17
0.08055805580558056,1.153344030859883e-05,5.962864650025258e-07,7.772456853150997e-17
0.08056805680568058,1.1533440308625612e-05,5.962864650415391e-07,7.772456853150997e-17
0.08057805780578058,1.1533440308643083e-05,5.962864650629192e-07,7.772456853150997e-17
0.08058805880588059,1.1533440308612195e-05,5.962864650955589e-07,7.772456853150997e-17
0.0805980598059806,1.1533440308647464e-05,5.962864651112596e-07,7.772456853150997e-17
0.08060806080608061,1.1533440308700273e-05,5.962864651487458e-07,7.772456853150997e-17
0.08061806180618063,1.1533440308660988e-05,5.962864651478025e-07,7.772456853150997e-17
0.08062806280628063,1.1533440308636774e-05,5.962864651702285e-07,7.772456853150997e-17
0.08063806380638064,1.1533440308596459e-05,5.962864651885681e-07,7.772456853150997e-17
0.08064806480648065,1.1533440308587614e-05,5.962864652346768e-07,7.772456853150997e-17
0.08065806580658066,1.153344030854855e-05,5.962864652508465e-07,7.772456853150997e-17
0.08066806680668068,1.1533440308578322e-05,5.962864652267521e-07,7.772456853150997e-17
0.08067806780678068,1.1533440308601314e-05,5.962864652630803e-07,7.772456853150997e-17
0.08068806880688069,1.1533440308645697e-05,5.962864652889252e-07,7.772456853150997e-17
0.0806980698069807,1.1533440308666671e-05,5.962864653010338e-07,7.772456853150997e-17
0.08070807080708071,1.1533440308641143e-05,5.962864652719924e-07,7.772456853150997e-17
0.08071807180718073,1.1533440308608262e-05,5.962864653016992e-07,7.772456853150997e-17
0.08072807280728073,1.1533440308625016e-05,5.962864653398641e-07,7.772456853150997e-17
0.08073807380738074,1.1533440308689446e-05,5.962864653513711e-07,7.772456853150997e-17
0.08074807480748075,1.1533440308731542e-05,5.962864653600178e-07,7.772456853150997e-17
0.08075807580758076,1.153344030876134e-05,5.962864653682974e-07,7.772456853150997e-17
0.08076807680768078,1.1533440308786765e-05,5.962864653619994e-07,7.772456853150997e-17
0.08077807780778078,1.153344030877966e-05,5.96286465388772e-07,7.772456853150997e-17
0.08078807880788079,1.153344030876541e-05,5.962864653969086e-07,7.772456853150997e-17
0.0807980798079808,1.1533440308766135e-05,5.962864654178974e-07,7.772456853150997e-17
0.08080808080808081,1.15334403087619e-05,5.962864654210673e-07,7.772456853150997e-17
0.08081808180818081,1.1533440308757751e-05,5.962864654127028e-07,7.772456853150997e-17
0.08082808280828083,1.1533440308773318e-05,5.962864654303856e-07,7.772456853150997e-17
0.08083808380838084,1.1533440308796682e-05,5.962864654778937e-07,7.772456853150997e-17
0.08084808480848085,1.153344030879183e-05,5.962864655330602e-07,7.772456853150997e-17
0.08085808580858087,1.1533440308766398e-05,5.962864655869236e-07,7.772456853150997e-17
0.08086808680868086,1.153344030878731e-05,5.962864656129111e-07,7.772456853150997e-17
0.08087808780878088,1.1533440308848287e-05,5.962864656909603e-07,7.772456853150997e-17
0.08088808880888089,1.1533440308878355e-05,5.962864657317085e-07,7.772456853150997e-17
0.0808980898089809,1.1533440308888477e-05,5.962864657259765e-07,7.772456853150997e-17
0.08090809080908092,1.1533440308910707e-05,5.962864657769339e-07,7.772456853150997e-17
0.08091809180918091,1.1533440308958728e-05,5.96286465776462e-07,7.772456853150997e-17
0.08092809280928093,1.1533440308951249e-05,5.962864657836722e-07,7.772456853150997e-17
0.08093809380938094,1.153344030894008e-05,5.962864658030668e-07,7.772456853150997e-17
0.08094809480948095,1.1533440308963746e-05,5.962864658064537e-07,7.772456853150997e-17
0.08095809580958097,1.1533440308942503e-05,5.962864658347432e-07,7.772456853150997e-17
0.08096809680968096,1.1533440308995733e-05,5.962864658770218e-07,7.772456853150997e-17
0.08097809780978098,1.1533440309008685e-05,5.96286465865444e-07,7.772456853150997e-17
0.08098809880988099,1.1533440309032564e-05,5.962864658600306e-07,7.772456853150997e-17
0.080998099809981,1.153344030899649e-05,5.962864658930366e-07,7.772456853150997e-17
0.08100810081008102,1.1533440309013535e-05,5.962864658779468e-07,7.772456853150997e-17
0.08101810181018101,1.1533440309077636e-05,5.962864658792235e-07,7.772456853150997e-17
0.08102810281028103,1.1533440309110464e-05,5.962864659363059e-07,7.772456853150997e-17
0.08103810381038104,1.1533440309138413e-05,5.962864659585736e-07,7.772456853150997e-17
0.08104810481048105,1.153344030916888e-05,5.962864659620593e-07,7.772456853150997e-17
0.08105810581058107,1.1533440309178006e-05,5.962864659962869e-07,7.772456853150997e-17
0.08106810681068106,1.1533440309176514e-05,5.962864660233996e-07,7.772456853150997e-17
0.08107810781078108,1.1533440309187642e-05,5.962864660181807e-07,7.772456853150997e-17
0.08108810881088109,1.1533440309210981e-05,5.962864660335691e-07,7.772456853150997e-17
0.0810981098109811,1.1533440309211224e-05,5.962864660042891e-07,7.772456853150997e-17
0.08110811081108112,1.1533440309192228e-05,5.962864660483322e-07,7.772456853150997e-17
0.08111811181118112,1.1533440309178676e-05,5.962864661072718e-07,7.772456853150997e-17
0.08112811281128113,1.1533440309176785e-05,5.962864661225572e-07,7.772456853150997e-17
0.08113811381138114,1.153344030921017e-05,5.962864661294229e-07,7.772456853150997e-17
0.08114811481148115,1.1533440309235222e-05,5.962864662115061e-07,7.772456853150997e-17
0.08115811581158117,1.1533440309248818e-05,5.962864662140426e-07,7.772456853150997e-17
0.08116811681168117,1.1533440309271372e-05,5.962864662443318e-07,7.772456853150997e-17
0.08117811781178118,1.1533440309274157e-05,5.962864662437876e-07,7.772456853150997e-17
0.08118811881188119,1.1533440309303439e-05,5.96286466250046e-07,7.772456853150997e-17
0.0811981198119812,1.1533440309287279e-05,5.9628646624521e-07,7.772456853150997e-17
0.08120812081208122,1.1533440309304906e-05,5.96286466253581e-07,7.772456853150997e-17
0.08121812181218122,1.153344030932579e-05,5.962864662398734e-07,7.772456853150997e-17
0.08122812281228123,1.1533440309308832e-05,5.962864662396615e-07,7.772456853150997e-17
0.08123812381238124,1.1533440309303428e-05,5.962864662380331e-07,7.772456853150997e-17
0.08124812481248125,1.1533440309312188e-05,5.962864662640889e-07,7.772456853150997e-17
0.08125812581258127,1.1533440309308397e-05,5.962864662803686e-07,7.772456853150997e-17
0.08126812681268127,1.1533440309322578e-05,5.962864662591812e-07,7.772456853150997e-17
0.08127812781278128,1.1533440309331706e-05,5.962864662673352e-07,7.772456853150997e-17
0.08128812881288129,1.1533440309310155e-05,5.962864662876371e-07,7.772456853150997e-17
0.0812981298129813,1.1533440309282629e-05,5.962864663295539e-07,7.772456853150997e-17
0.08130813081308132,1.1533440309348756e-05,5.962864663709273e-07,7.772456853150997e-17
0.08131813181318132,1.1533440309316449e-05,5.962864663855913e-07,7.772456853150997e-17
0.08132813281328133,1.1533440309330586e-05,5.962864663683433e-07,7.772456853150997e-17
0.08133813381338134,1.1533440309327845e-05,5.962864663885481e-07,7.772456853150997e-17
0.08134813481348135,1.1533440309347213e-05,5.962864663969837e-07,7.772456853150997e-17
0.08135813581358137,1.1533440309310537e-05,5.962864664010296e-07,7.772456853150997e-17
0.08136813681368137,1.1533440309359475e-05,5.96286466432715e-07,7.772456853150997e-17
0.08137813781378138,1.1533440309397601e-05,5.962864664261114e-07,7.772456853150997e-17
0.08138813881388139,1.1533440309405587e-05,5.96286466431339e-07,7.772456853150997e-17
0.0813981398139814,1.1533440309421559e-05,5.962864664483043e-07,7.772456853150997e-17
0.08140814081408142,1.1533440309385065e-05,5.962864664537013e-07,7.772456853150997e-17
0.08141814181418142,1.1533440309382345e-05,5.962864664900351e-07,7.772456853150997e-17
0.08142814281428143,1.1533440309433295e-05,5.962864664777627e-07,7.772456853150997e-17
0.08143814381438144,1.1533440309440822e-05,5.962864664707928e-07,7.772456853150997e-17
0.08144814481448145,1.1533440309433074e-05,5.962864664965949e-07,7.772456853150997e-17
0.08145814581458147,1.1533440309433206e-05,5.962864664899286e-07,7.772456853150997e-17
0.08146814681468147,1.1533440309465445e-05,5.962864664816365e-07,7.772456853150997e-17
0.08147814781478148,1.153344030950484e-05,5.962864664952269e-07,7.772456853150997e-17
0.08148814881488149,1.153344030956361e-05,5.962864665105937e-07,7.772456853150997e-17
0.0814981498149815,1.1533440309604867e-05,5.962864665417365e-07,7.772456853150997e-17
0.08150815081508152,1.1533440309618545e-05,5.962864665685251e-07,7.772456853150997e-17
0.08151815181518152,1.1533440309597506e-05,5.962864665859991e-07,7.772456853150997e-17
0.08152815281528153,1.1533440309575461e-05,5.962864665956752e-07,7.772456853150997e-17
0.08153815381538154,1.1533440309626394e-05,5.962864666153577e-07,7.772456853150997e-17
0.08154815481548155,1.1533440309634327e-05,5.962864666456382e-07,7.772456853150997e-17
0.08155815581558155,1.1533440309657791e-05,5.962864666597364e-07,7.772456853150997e-17
0.08156815681568157,1.1533440309703612e-05,5.962864667322012e-07,7.772456853150997e-17
0.08157815781578158,1.1533440309733237e-05,5.962864667690256e-07,7.772456853150997e-17
0.08158815881588159,1.1533440309735066e-05,5.962864668259869e-07,7.772456853150997e-17
0.0815981598159816,1.1533440309729535e-05,5.962864668678083e-07,7.772456853150997e-17
0.0816081608160816,1.1533440309724527e-05,5.962864669019312e-07,7.772456853150997e-17
0.08161816181618162,1.1533440309694366e-05,5.962864669276558e-07,7.772456853150997e-17
0.08162816281628163,1.1533440309681256e-05,5.962864669342138e-07,7.772456853150997e-17
0.08163816381638164,1.153344030971043e-05,5.962864669362352e-07,7.772456853150997e-17
0.08164816481648166,1.1533440309716094e-05,5.962864669626272e-07,7.772456853150997e-17
0.08165816581658165,1.1533440309667297e-05,5.962864669733088e-07,7.772456853150997e-17
0.08166816681668167,1.153344030969808e-05,5.962864669552116e-07,7.772456853150997e-17
0.08167816781678168,1.1533440309647754e-05,5.96286466950481e-07,7.772456853150997e-17
0.08168816881688169,1.1533440309620283e-05,5.962864669579004e-07,7.772456853150997e-17
0.0816981698169817,1.1533440309640624e-05,5.962864669884113e-07,7.772456853150997e-17
0.0817081708170817,1.1533440309715086e-05,5.962864670232542e-07,7.772456853150997e-17
0.08171817181718172,1.153344030977234e-05,5.962864670521315e-07,7.772456853150997e-17
0.08172817281728173,1.1533440309820442e-05,5.96286467092133e-07,7.772456853150997e-17
0.08173817381738174,1.1533440309799287e-05,5.962864670650452e-07,7.772456853150997e-17
0.08174817481748176,1.153344030980136e-05,5.96286467087309e-07,7.772456853150997e-17
0.08175817581758175,1.1533440309825243e-05,5.962864670893064e-07,7.772456853150997e-17
0.08176817681768177,1.1533440309799476e-05,5.962864671100305e-07,7.772456853150997e-17
0.08177817781778178,1.1533440309835621e-05,5.962864671602943e-07,7.772456853150997e-17
0.0817881788178818,1.1533440309880165e-05,5.96286467210863e-07,7.772456853150997e-17
0.0817981798179818,1.1533440309963521e-05,5.962864671893147e-07,7.772456853150997e-17
0.0818081808180818,1.1533440309954172e-05,5.962864672396608e-07,7.772456853150997e-17
0.08181818181818182,1.1533440309988478e-05,5.962864672892362e-07,7.772456853150997e-17
0.08182818281828183,1.1533440310017657e-05,5.962864673154565e-07,7.772456853150997e-17
0.08183818381838184,1.1533440310023088e-05,5.962864673127208e-07,7.772456853150997e-17
0.08184818481848186,1.1533440309998458e-05,5.962864673266176e-07,7.772456853150997e-17
0.08185818581858186,1.1533440310015138e-05,5.96286467318462e-07,7.772456853150997e-17
0.08186818681868187,1.153344031004588e-05,5.962864673141393e-07,7.772456853150997e-17
0.08187818781878188,1.1533440310122094e-05,5.962864672715249e-07,7.772456853150997e-17
0.0818881888188819,1.1533440310150189e-05,5.962864672574692e-07,7.772456853150997e-17
0.0818981898189819,1.1533440310151173e-05,5.962864672225513e-07,7.772456853150997e-17
0.0819081908190819,1.153344031015984e-05,5.962864672036057e-07,7.772456853150997e-17
0.08191819181918192,1.1533440310133165e-05,5.962864672226596e-07,7.772456853150997e-17
0.08192819281928193,1.1533440310117214e-05,5.962864672229691e-07,7.772456853150997e-17
0.08193819381938194,1.1533440310157617e-05,5.962864672578859e-07,7.772456853150997e-17
0.08194819481948196,1.1533440310113634e-05,5.962864672480877e-07,7.772456853150997e-17
0.08195819581958196,1.1533440310131928e-05,5.962864672659936e-07,7.772456853150997e-17
0.08196819681968197,1.153344031018153e-05,5.96286467295171e-07,7.772456853150997e-17
0.08197819781978198,1.1533440310159347e-05,5.962864673367253e-07,7.772456853150997e-17
0.081988198819882,1.1533440310143156e-05,5.962864673542905e-07,7.772456853150997e-17
0.081998199819982,1.1533440310126683e-05,5.962864673308063e-07,7.772456853150997e-17
0.082008200820082,1.153344031017977e-05,5.962864673572767e-07,7.772456853150997e-17
0.08201820182018202,1.1533440310183834e-05,5.962864673785182e-07,7.772456853150997e-17
0.08202820282028203,1.15334403102093e-05,5.962864674166762e-07,7.772456853150997e-17
0.08203820382038204,1.1533440310242207e-05,5.962864674361747e-07,7.772456853150997e-17
0.08204820482048206,1.1533440310214099e-05,5.962864674363153e-07,7.772456853150997e-17
0.08205820582058206,1.1533440310244307e-05,5.962864674641817e-07,7.772456853150997e-17
0.08206820682068207,1.153344031025216e-05,5.962864674613987e-07,7.772456853150997e-17
0.08207820782078208,1.153344031026148e-05,5.962864674885683e-07,7.772456853150997e-17
0.0820882088208821,1.153344031026743e-05,5.962864674767368e-07,7.772456853150997e-17
0.08209820982098211,1.153344031027832e-05,5.962864674939543e-07,7.772456853150997e-17
0.0821082108210821,1.1533440310267779e-05,5.962864675561382e-07,7.772456853150997e-17
0.08211821182118212,1.1533440310237557e-05,5.962864675208266e-07,7.772456853150997e-17
0.08212821282128213,1.153344031024764e-05,5.962864675146606e-07,7.772456853150997e-17
0.08213821382138214,1.1533440310275145e-05,5.962864674891412e-07,7.772456853150997e-17
0.08214821482148216,1.1533440310302988e-05,5.962864674798532e-07,7.772456853150997e-17
0.08215821582158216,1.153344031036984e-05,5.962864675070789e-07,7.772456853150997e-17
0.08216821682168217,1.1533440310436464e-05,5.962864675381735e-07,7.772456853150997e-17
0.08217821782178218,1.1533440310433121e-05,5.962864675555757e-07,7.772456853150997e-17
0.0821882188218822,1.1533440310446327e-05,5.962864675620885e-07,7.772456853150997e-17
0.08219821982198221,1.1533440310489239e-05,5.96286467544315e-07,7.772456853150997e-17
0.0822082208220822,1.1533440310496305e-05,5.962864675445535e-07,7.772456853150997e-17
0.08221822182218222,1.1533440310578618e-05,5.96286467562301e-07,7.772456853150997e-17
0.08222822282228223,1.153344031055289e-05,5.962864675513138e-07,7.772456853150997e-17
0.08223822382238224,1.1533440310586912e-05,5.962864675420826e-07,7.772456853150997e-17
0.08224822482248226,1.1533440310595858e-05,5.962864675626473e-07,7.772456853150997e-17
0.08225822582258226,1.153344031057528e-05,5.962864675579883e-07,7.772456853150997e-17
0.08226822682268227,1.1533440310578845e-05,5.962864675234928e-07,7.772456853150997e-17
0.08227822782278228,1.1533440310591486e-05,5.962864675416595e-07,7.772456853150997e-17
0.0822882288228823,1.1533440310645655e-05,5.962864675891584e-07,7.772456853150997e-17
0.08229822982298231,1.1533440310686018e-05,5.962864676420712e-07,7.772456853150997e-17
0.0823082308230823,1.1533440310698327e-05,5.962864676335355e-07,7.772456853150997e-17
0.08231823182318232,1.1533440310699918e-05,5.962864676904862e-07,7.772456853150997e-17
0.08232823282328233,1.15334403107535e-05,5.962864676695961e-07,7.772456853150997e-17
0.08233823382338235,1.153344031076316e-05,5.962864676632331e-07,7.772456853150997e-17
0.08234823482348234,1.1533440310769099e-05,5.962864676864605e-07,7.772456853150997e-17
0.08235823582358236,1.1533440310722248e-05,5.962864676653455e-07,7.772456853150997e-17
0.08236823682368237,1.1533440310701851e-05,5.962864677155544e-07,7.772456853150997e-17
0.08237823782378238,1.1533440310706071e-05,5.962864677453764e-07,7.772456853150997e-17
0.0823882388238824,1.1533440310698866e-05,5.962864677416051e-07,7.772456853150997e-17
0.0823982398239824,1.1533440310679804e-05,5.96286467748137e-07,7.772456853150997e-17
0.08240824082408241,1.1533440310696135e-05,5.962864677302453e-07,7.772456853150997e-17
0.08241824182418242,1.153344031074871e-05,5.962864677350713e-07,7.772456853150997e-17
0.08242824282428243,1.1533440310782187e-05,5.962864677641103e-07,7.772456853150997e-17
0.08243824382438245,1.1533440310789822e-05,5.962864677942515e-07,7.772456853150997e-17
0.08244824482448244,1.1533440310814683e-05,5.962864678510195e-07,7.772456853150997e-17
0.08245824582458246,1.153344031075127e-05,5.962864678826449e-07,7.772456853150997e-17
0.08246824682468247,1.1533440310719327e-05,5.96286467888951e-07,7.772456853150997e-17
0.08247824782478248,1.1533440310695673e-05,5.962864679465631e-07,7.772456853150997e-17
0.0824882488248825,1.1533440310701595e-05,5.962864679788404e-07,7.772456853150997e-17
0.0824982498249825,1.1533440310706672e-05,5.962864680104783e-07,7.772456853150997e-17
0.08250825082508251,1.1533440310724719e-05,5.962864680121338e-07,7.772456853150997e-17
0.08251825182518252,1.1533440310736513e-05,5.96286468043093e-07,7.772456853150997e-17
0.08252825282528253,1.1533440310788672e-05,5.962864680460187e-07,7.772456853150997e-17
0.08253825382538255,1.153344031081346e-05,5.962864680494662e-07,7.772456853150997e-17
0.08254825482548254,1.1533440310828247e-05,5.962864680203575e-07,7.772456853150997e-17
0.08255825582558256,1.1533440310851622e-05,5.962864680596678e-07,7.772456853150997e-17
0.08256825682568257,1.153344031089233e-05,5.962864680894684e-07,7.772456853150997e-17
0.08257825782578258,1.1533440310827334e-05,5.962864681046887e-07,7.772456853150997e-17
0.0825882588258826,1.15334403108177e-05,5.962864681064278e-07,7.772456853150997e-17
0.0825982598259826,1.1533440310775153e-05,5.962864681273381e-07,7.772456853150997e-17
0.08260826082608261,1.1533440310831103e-05,5.962864681595775e-07,7.772456853150997e-17
0.08261826182618262,1.153344031087557e-05,5.962864681444412e-07,7.772456853150997e-17
0.08262826282628263,1.1533440310880926e-05,5.962864681172428e-07,7.772456853150997e-17
0.08263826382638265,1.1533440310943357e-05,5.96286468130963e-07,7.772456853150997e-17
0.08264826482648265,1.153344031097186e-05,5.962864680965131e-07,7.772456853150997e-17
0.08265826582658266,1.1533440310968133e-05,5.962864681207532e-07,7.772456853150997e-17
0.08266826682668267,1.1533440310980676e-05,5.962864681190372e-07,7.772456853150997e-17
0.08267826782678268,1.1533440310965033e-05,5.962864681033482e-07,7.772456853150997e-17
0.0826882688268827,1.153344031096235e-05,5.96286468111249e-07,7.772456853150997e-17
0.0826982698269827,1.1533440310982253e-05,5.96286468156459e-07,7.772456853150997e-17
0.08270827082708271,1.1533440310938092e-05,5.962864681692104e-07,7.772456853150997e-17
0.08271827182718272,1.1533440310961868e-05,5.962864682163548e-07,7.772456853150997e-17
0.08272827282728273,1.1533440310916008e-05,5.962864682484152e-07,7.772456853150997e-17
0.08273827382738275,1.1533440310904067e-05,5.962864682985427e-07,7.772456853150997e-17
0.08274827482748275,1.153344031092332e-05,5.962864683591676e-07,7.772456853150997e-17
0.08275827582758276,1.1533440310945813e-05,5.962864683627526e-07,7.772456853150997e-17
0.08276827682768277,1.1533440310961087e-05,5.962864683908111e-07,7.772456853150997e-17
0.08277827782778278,1.1533440310964745e-05,5.962864683951084e-07,7.772456853150997e-17
0.0827882788278828,1.1533440310973339e-05,5.962864684071137e-07,7.772456853150997e-17
0.0827982798279828,1.1533440310996554e-05,5.962864684092985e-07,7.772456853150997e-17
0.08280828082808281,1.1533440311072225e-05,5.962864684374835e-07,7.772456853150997e-17
0.08281828182818282,1.1533440311123536e-05,5.96286468443184e-07,7.772456853150997e-17
0.08282828282828283,1.1533440311188736e-05,5.962864684499934e-07,7.772456853150997e-17
0.08283828382838285,1.1533440311221728e-05,5.962864684594198e-07,7.772456853150997e-17
0.08284828482848285,1.153344031122972e-05,5.962864684575831e-07,7.772456853150997e-17
0.08285828582858286,1.1533440311254054e-05,5.962864684561761e-07,7.772456853150997e-17
0.08286828682868287,1.1533440311224138e-05,5.962864684360095e-07,7.772456853150997e-17
0.08287828782878288,1.1533440311220604e-05,5.962864684425913e-07,7.772456853150997e-17
0.0828882888288829,1.1533440311184917e-05,5.962864684755158e-07,7.772456853150997e-17
0.0828982898289829,1.1533440311218866e-05,5.962864685129669e-07,7.772456853150997e-17
0.08290829082908291,1.153344031124563e-05,5.962864685206583e-07,7.772456853150997e-17
0.08291829182918292,1.1533440311269566e-05,5.962864684817404e-07,7.772456853150997e-17
0.08292829282928293,1.1533440311278775e-05,5.962864684976442e-07,7.772456853150997e-17
0.08293829382938295,1.1533440311285878e-05,5.962864685408866e-07,7.772456853150997e-17
0.08294829482948295,1.1533440311323922e-05,5.962864685531925e-07,7.772456853150997e-17
0.08295829582958296,1.1533440311352203e-05,5.96286468573465e-07,7.772456853150997e-17
0.08296829682968297,1.1533440311334818e-05,5.962864685705774e-07,7.772456853150997e-17
0.08297829782978298,1.1533440311365344e-05,5.962864686171422e-07,7.772456853150997e-17
0.082988298829883,1.1533440311409996e-05,5.962864685935583e-07,7.772456853150997e-17
0.082998299829983,1.153344031139949e-05,5.962864686229354e-07,7.772456853150997e-17
0.08300830083008301,1.1533440311373995e-05,5.962864686357935e-07,7.772456853150997e-17
0.08301830183018302,1.1533440311394185e-05,5.962864686304978e-07,7.772456853150997e-17
0.08302830283028304,1.1533440311454441e-05,5.962864686632485e-07,7.772456853150997e-17
0.08303830383038305,1.1533440311517954e-05,5.962864686994756e-07,7.772456853150997e-17
0.08304830483048305,1.1533440311548833e-05,5.962864687157341e-07,7.772456853150997e-17
0.08305830583058306,1.1533440311549668e-05,5.962864687399526e-07,7.772456853150997e-17
0.08306830683068307,1.153344031156935e-05,5.962864687903381e-07,7.772456853150997e-17
0.08307830783078309,1.1533440311595654e-05,5.962864687774766e-07,7.772456853150997e-17
0.08308830883088308,1.153344031164919e-05,5.962864687503305e-07,7.772456853150997e-17
0.0830983098309831,1.1533440311665054e-05,5.962864687824402e-07,7.772456853150997e-17
0.08310831083108311,1.1533440311669512e-05,5.962864687834374e-07,7.772456853150997e-17
0.08311831183118312,1.1533440311700843e-05,5.962864687735969e-07,7.772456853150997e-17
0.08312831283128314,1.1533440311707411e-05,5.962864687350635e-07,7.772456853150997e-17
0.08313831383138313,1.1533440311729622e-05,5.96286468772495e-07,7.772456853150997e-17
0.08314831483148315,1.1533440311749492e-05,5.962864687385158e-07,7.772456853150997e-17
0.08315831583158316,1.1533440311789997e-05,5.962864687507525e-07,7.772456853150997e-17
0.08316831683168317,1.1533440311794393e-05,5.962864687879649e-07,7.772456853150997e-17
0.08317831783178319,1.1533440311887104e-05,5.962864687822562e-07,7.772456853150997e-17
0.08318831883188318,1.1533440311887223e-05,5.96286468821452e-07,7.772456853150997e-17
0.0831983198319832,1.1533440311895778e-05,5.962864688275931e-07,7.772456853150997e-17
0.08320832083208321,1.1533440311878388e-05,5.962864688026556e-07,7.772456853150997e-17
0.08321832183218322,1.1533440311869281e-05,5.962864687850063e-07,7.772456853150997e-17
0.08322832283228324,1.1533440311856088e-05,5.962864688353183e-07,7.772456853150997e-17
0.08323832383238323,1.1533440311798225e-05,5.962864688390083e-07,7.772456853150997e-17
0.08324832483248325,1.1533440311793665e-05,5.962864688679398e-07,7.772456853150997e-17
0.08325832583258326,1.153344031179914e-05,5.962864688959034e-07,7.772456853150997e-17
0.08326832683268327,1.1533440311858112e-05,5.962864688795561e-07,7.772456853150997e-17
0.08327832783278329,1.1533440311922763e-05,5.962864688884857e-07,7.772456853150997e-17
0.08328832883288328,1.1533440311915033e-05,5.962864688850384e-07,7.772456853150997e-17
0.0832983298329833,1.1533440311912837e-05,5.962864689096774e-07,7.772456853150997e-17
0.08330833083308331,1.1533440311894087e-05,5.962864689050326e-07,7.772456853150997e-17
0.08331833183318332,1.1533440311902559e-05,5.962864688677427e-07,7.772456853150997e-17
0.08332833283328334,1.153344031187267e-05,5.962864688615444e-07,7.772456853150997e-17
0.08333833383338334,1.1533440311861918e-05,5.962864688585741e-07,7.772456853150997e-17
0.08334833483348335,1.1533440311872967e-05,5.962864689036766e-07,7.772456853150997e-17
0.08335833583358336,1.1533440311930415e-05,5.962864689394995e-07,7.772456853150997e-17
0.08336833683368337,1.1533440311938954e-05,5.962864689804924e-07,7.772456853150997e-17
0.08337833783378339,1.1533440311947354e-05,5.962864689627391e-07,7.772456853150997e-17
0.08338833883388339,1.1533440311972895e-05,5.962864690132371e-07,7.772456853150997e-17
0.0833983398339834,1.1533440311987965e-05,5.962864690170635e-07,7.772456853150997e-17
0.08340834083408341,1.1533440312006754e-05,5.962864690076111e-07,7.772456853150997e-17
0.08341834183418342,1.1533440311979785e-05,5.962864690431814e-07,7.772456853150997e-17
0.08342834283428344,1.1533440312026123e-05,5.962864690906102e-07,7.772456853150997e-17
0.08343834383438344,1.1533440312020573e-05,5.962864691166352e-07,7.772456853150997e-17
0.08344834483448345,1.153344031199574e-05,5.962864691104196e-07,7.772456853150997e-17
0.08345834583458346,1.153344031201479e-05,5.962864691245426e-07,7.772456853150997e-17
0.08346834683468347,1.153344031200567e-05,5.962864691181543e-07,7.772456853150997e-17
0.08347834783478349,1.1533440312033704e-05,5.962864691802111e-07,7.772456853150997e-17
0.08348834883488349,1.1533440312059958e-05,5.962864691728872e-07,7.772456853150997e-17
0.0834983498349835,1.153344031205524e-05,5.962864691670621e-07,7.772456853150997e-17
0.08350835083508351,1.1533440312097434e-05,5.962864691637204e-07,7.772456853150997e-17
0.08351835183518352,1.1533440312109332e-05,5.962864691773013e-07,7.772456853150997e-17
0.08352835283528354,1.1533440312144477e-05,5.962864691793449e-07,7.772456853150997e-17
0.08353835383538354,1.1533440312195551e-05,5.962864691745693e-07,7.772456853150997e-17
0.08354835483548355,1.153344031219942e-05,5.962864691955757e-07,7.772456853150997e-17
0.08355835583558356,1.1533440312199402e-05,5.962864692041683e-07,7.772456853150997e-17
0.08356835683568357,1.1533440312221001e-05,5.962864692289935e-07,7.772456853150997e-17
0.08357835783578359,1.1533440312230642e-05,5.962864692535703e-07,7.772456853150997e-17
0.08358835883588359,1.1533440312230891e-05,5.962864692587634e-07,7.772456853150997e-17
0.0835983598359836,1.1533440312289938e-05,5.962864692789921e-07,7.772456853150997e-17
0.08360836083608361,1.153344031227381e-05,5.96286469291618e-07,7.772456853150997e-17
0.08361836183618362,1.1533440312305818e-05,5.962864693369541e-07,7.772456853150997e-17
0.08362836283628364,1.1533440312276324e-05,5.962864693360524e-07,7.772456853150997e-17
0.08363836383638364,1.1533440312285006e-05,5.962864693725917e-07,7.772456853150997e-17
0.08364836483648365,1.1533440312206226e-05,5.962864694099567e-07,7.772456853150997e-17
0.08365836583658366,1.1533440312177713e-05,5.962864694142959e-07,7.772456853150997e-17
0.08366836683668367,1.153344031219964e-05,5.962864694015175e-07,7.772456853150997e-17
0.08367836783678369,1.1533440312217772e-05,5.962864694308666e-07,7.772456853150997e-17
0.08368836883688369,1.1533440312242765e-05,5.962864694578719e-07,7.772456853150997e-17
0.0836983698369837,1.1533440312292962e-05,5.962864695255826e-07,7.772456853150997e-17
0.08370837083708371,1.153344031229957e-05,5.962864695437096e-07,7.772456853150997e-17
0.08371837183718372,1.1533440312355805e-05,5.962864695762883e-07,7.772456853150997e-17
0.08372837283728374,1.1533440312431452e-05,5.962864696126311e-07,7.772456853150997e-17
0.08373837383738374,1.153344031247959e-05,5.962864696542385e-07,7.772456853150997e-17
0.08374837483748375,1.1533440312526377e-05,5.962864696684114e-07,7.772456853150997e-17
0.08375837583758376,1.1533440312507063e-05,5.962864697429802e-07,7.772456853150997e-17
0.08376837683768378,1.1533440312503712e-05,5.962864697540429e-07,7.772456853150997e-17
0.08377837783778379,1.1533440312478121e-05,5.962864698155608e-07,7.772456853150997e-17
0.08378837883788379,1.153344031245628e-05,5.962864698135052e-07,7.772456853150997e-17
0.0837983798379838,1.1533440312493105e-05,5.962864698328935e-07,7.772456853150997e-17
0.08380838083808381,1.1533440312479448e-05,5.962864698539978e-07,7.772456853150997e-17
0.08381838183818383,1.1533440312523892e-05,5.962864698782465e-07,7.772456853150997e-17
0.08382838283828382,1.1533440312558737e-05,5.962864698851425e-07,7.772456853150997e-17
0.08383838383838384,1.1533440312560915e-05,5.962864699243731e-07,7.772456853150997e-17
0.08384838483848385,1.1533440312595452e-05,5.962864699304746e-07,7.772456853150997e-17
0.08385838583858386,1.1533440312585291e-05,5.962864699393419e-07,7.772456853150997e-17
0.08386838683868388,1.1533440312618753e-05,5.96286469974553e-07,7.772456853150997e-17
0.08387838783878387,1.1533440312610714e-05,5.962864699738578e-07,7.772456853150997e-17
0.08388838883888389,1.1533440312616442e-05,5.962864700229558e-07,7.772456853150997e-17
0.0838983898389839,1.1533440312635714e-05,5.962864700782114e-07,7.772456853150997e-17
0.08390839083908391,1.1533440312632552e-05,5.962864700973342e-07,7.772456853150997e-17
0.08391839183918393,1.153344031263759e-05,5.962864701067335e-07,7.772456853150997e-17
0.08392839283928392,1.1533440312615092e-05,5.962864701533991e-07,7.772456853150997e-17
0.08393839383938394,1.1533440312637433e-05,5.962864701352726e-07,7.772456853150997e-17
0.08394839483948395,1.1533440312624138e-05,5.96286470154117e-07,7.772456853150997e-17
0.08395839583958396,1.1533440312603889e-05,5.962864701885522e-07,7.772456853150997e-17
0.08396839683968398,1.1533440312646096e-05,5.962864701986328e-07,7.772456853150997e-17
0.08397839783978397,1.1533440312652712e-05,5.962864701746946e-07,7.772456853150997e-17
0.08398839883988399,1.1533440312623631e-05,5.962864702236254e-07,7.772456853150997e-17
0.083998399839984,1.1533440312611866e-05,5.962864702146753e-07,7.772456853150997e-17
0.08400840084008401,1.153344031259536e-05,5.962864702387615e-07,7.772456853150997e-17
0.08401840184018403,1.1533440312603387e-05,5.962864702622058e-07,7.772456853150997e-17
0.08402840284028402,1.1533440312562679e-05,5.962864702907629e-07,7.772456853150997e-17
0.08403840384038404,1.1533440312586799e-05,5.962864703218859e-07,7.772456853150997e-17
0.08404840484048405,1.1533440312590714e-05,5.962864703283717e-07,7.772456853150997e-17
0.08405840584058406,1.1533440312571315e-05,5.962864703570583e-07,7.772456853150997e-17
0.08406840684068408,1.1533440312614185e-05,5.962864704211295e-07,7.772456853150997e-17
0.08407840784078408,1.1533440312669629e-05,5.962864704209924e-07,7.772456853150997e-17
0.08408840884088409,1.1533440312749472e-05,5.962864704351809e-07,7.772456853150997e-17
0.0840984098409841,1.1533440312756467e-05,5.962864704689789e-07,7.772456853150997e-17
0.08410841084108411,1.153344031277324e-05,5.962864704598233e-07,7.772456853150997e-17
0.08411841184118413,1.1533440312802659e-05,5.962864704333737e-07,7.772456853150997e-17
0.08412841284128413,1.1533440312805193e-05,5.962864704523257e-07,7.772456853150997e-17
0.08413841384138414,1.153344031284941e-05,5.962864704460023e-07,7.772456853150997e-17
0.08414841484148415,1.153344031290761e-05,5.96286470520721e-07,7.772456853150997e-17
0.08415841584158416,1.153344031291706e-05,5.962864705277573e-07,7.772456853150997e-17
0.08416841684168418,1.1533440312983512e-05,5.962864705822737e-07,7.772456853150997e-17
0.08417841784178418,1.1533440312976077e-05,5.962864705921966e-07,7.772456853150997e-17
0.08418841884188419,1.1533440312932985e-05,5.962864705771555e-07,7.772456853150997e-17
0.0841984198419842,1.1533440312959673e-05,5.962864705644567e-07,7.772456853150997e-17
0.08420842084208421,1.1533440312984047e-05,5.962864705975251e-07,7.772456853150997e-17
0.08421842184218423,1.1533440312993414e-05,5.962864706014147e-07,7.772456853150997e-17
0.08422842284228423,1.1533440313019104e-05,5.962864705860129e-07,7.772456853150997e-17
0.08423842384238424,1.1533440313011988e-05,5.962864706004549e-07,7.772456853150997e-17
0.08424842484248425,1.153344031303744e-05,5.962864706089835e-07,7.772456853150997e-17
0.08425842584258426,1.1533440313055124e-05,5.962864706110839e-07,7.772456853150997e-17
0.08426842684268428,1.1533440313010053e-05,5.96286470621978e-07,7.772456853150997e-17
0.08427842784278428,1.1533440313031967e-05,5.962864706472999e-07,7.772456853150997e-17
0.08428842884288429,1.1533440313010302e-05,5.962864706390179e-07,7.772456853150997e-17
0.0842984298429843,1.153344031299642e-05,5.962864706467951e-07,7.772456853150997e-17
0.08430843084308431,1.1533440313018478e-05,5.962864706876177e-07,7.772456853150997e-17
0.08431843184318433,1.1533440313043452e-05,5.962864707145296e-07,7.772456853150997e-17
0.08432843284328433,1.1533440313072906e-05,5.962864707027241e-07,7.772456853150997e-17
0.08433843384338434,1.153344031307616e-05,5.962864707164708e-07,7.772456853150997e-17
0.08434843484348435,1.1533440313121848e-05,5.962864707206242e-07,7.772456853150997e-17
0.08435843584358436,1.1533440313062374e-05,5.962864706973748e-07,7.772456853150997e-17
0.08436843684368438,1.1533440313093059e-05,5.962864707336261e-07,7.772456853150997e-17
0.08437843784378438,1.1533440313099054e-05,5.962864707402769e-07,7.772456853150997e-17
0.08438843884388439,1.1533440313134906e-05,5.962864707236546e-07,7.772456853150997e-17
0.0843984398439844,1.1533440313094085e-05,5.962864707768984e-07,7.772456853150997e-17
0.08440844084408441,1.1533440313118888e-05,5.962864707867698e-07,7.772456853150997e-17
0.08441844184418443,1.153344031313351e-05,5.962864708153725e-07,7.772456853150997e-17
0.08442844284428443,1.1533440313134636e-05,5.962864708588582e-07,7.772456853150997e-17
0.08443844384438444,1.1533440313167e-05,5.962864708402841e-07,7.772456853150997e-17
0.08444844484448445,1.1533440313199268e-05,5.962864708642289e-07,7.772456853150997e-17
0.08445844584458446,1.1533440313228554e-05,5.962864708856762e-07,7.772456853150997e-17
0.08446844684468448,1.1533440313232196e-05,5.962864708684264e-07,7.772456853150997e-17
0.08447844784478448,1.1533440313195055e-05,5.962864709004284e-07,7.772456853150997e-17
0.08448844884488449,1.153344031317184e-05,5.962864709447117e-07,7.772456853150997e-17
0.0844984498449845,1.1533440313172438e-05,5.962864709985205e-07,7.772456853150997e-17
0.08450845084508452,1.1533440313175975e-05,5.962864710339575e-07,7.772456853150997e-17
0.08451845184518453,1.1533440313142302e-05,5.962864710355221e-07,7.772456853150997e-17
0.08452845284528453,1.1533440313173346e-05,5.962864710557127e-07,7.772456853150997e-17
0.08453845384538454,1.1533440313160811e-05,5.962864710502397e-07,7.772456853150997e-17
0.08454845484548455,1.153344031318983e-05,5.962864710845457e-07,7.772456853150997e-17
0.08455845584558457,1.1533440313228977e-05,5.962864711301315e-07,7.772456853150997e-17
0.08456845684568458,1.153344031330725e-05,5.96286471105196e-07,7.772456853150997e-17
0.08457845784578458,1.1533440313365265e-05,5.96286471159411e-07,7.772456853150997e-17
0.08458845884588459,1.153344031334811e-05,5.962864711635713e-07,7.772456853150997e-17
0.0845984598459846,1.1533440313335329e-05,5.962864711548419e-07,7.772456853150997e-17
0.08460846084608462,1.1533440313346562e-05,5.962864711532903e-07,7.772456853150997e-17
0.08461846184618461,1.1533440313273909e-05,5.962864711347419e-07,7.772456853150997e-17
0.08462846284628463,1.1533440313278878e-05,5.962864711151341e-07,7.772456853150997e-17
0.08463846384638464,1.1533440313298329e-05,5.962864711167077e-07,7.772456853150997e-17
0.08464846484648465,1.1533440313306321e-05,5.962864710888207e-07,7.772456853150997e-17
0.08465846584658467,1.1533440313335307e-05,5.962864710636232e-07,7.772456853150997e-17
0.08466846684668466,1.1533440313302669e-05,5.962864710583613e-07,7.772456853150997e-17
0.08467846784678468,1.1533440313317768e-05,5.96286471089004e-07,7.772456853150997e-17
0.08468846884688469,1.1533440313317389e-05,5.96286471078214e-07,7.772456853150997e-17
0.0846984698469847,1.1533440313340342e-05,5.962864711401267e-07,7.772456853150997e-17
0.08470847084708472,1.1533440313385373e-05,5.962864711609017e-07,7.772456853150997e-17
0.08471847184718471,1.1533440313390584e-05,5.962864712143595e-07,7.772456853150997e-17
0.08472847284728473,1.1533440313432133e-05,5.96286471281592e-07,7.772456853150997e-17
0.08473847384738474,1.1533440313459685e-05,5.962864712716854e-07,7.772456853150997e-17
0.08474847484748475,1.1533440313502936e-05,5.962864712902701e-07,7.772456853150997e-17
0.08475847584758477,1.1533440313513089e-05,5.962864713213278e-07,7.772456853150997e-17
0.08476847684768476,1.153344031352187e-05,5.962864713351226e-07,7.772456853150997e-17
0.08477847784778478,1.1533440313540299e-05,5.962864714207016e-07,7.772456853150997e-17
0.08478847884788479,1.1533440313487193e-05,5.962864714249123e-07,7.772456853150997e-17
0.0847984798479848,1.153344031352033e-05,5.962864714551488e-07,7.772456853150997e-17
0.08480848084808482,1.1533440313471205e-05,5.962864714383185e-07,7.772456853150997e-17
0.08481848184818482,1.1533440313497956e-05,5.96286471463698e-07,7.772456853150997e-17
0.08482848284828483,1.1533440313506743e-05,5.962864715071698e-07,7.772456853150997e-17
0.08483848384838484,1.1533440313496392e-05,5.962864715142518e-07,7.772456853150997e-17
0.08484848484848485,1.1533440313530148e-05,5.962864715965766e-07,7.772456853150997e-17
0.08485848584858487,1.1533440313507814e-05,5.962864716234013e-07,7.772456853150997e-17
0.08486848684868487,1.153344031353388e-05,5.962864716517479e-07,7.772456853150997e-17
0.08487848784878488,1.1533440313540623e-05,5.962864716503745e-07,7.772456853150997e-17
0.08488848884888489,1.153344031356276e-05,5.962864716682611e-07,7.772456853150997e-17
0.0848984898489849,1.1533440313565373e-05,5.962864716763921e-07,7.772456853150997e-17
0.08490849084908492,1.1533440313558402e-05,5.96286471648721e-07,7.772456853150997e-17
0.08491849184918492,1.1533440313566383e-05,5.962864716241873e-07,7.772456853150997e-17
0.08492849284928493,1.1533440313561243e-05,5.962864716470635e-07,7.772456853150997e-17
0.08493849384938494,1.1533440313539037e-05,5.962864716714737e-07,7.772456853150997e-17
0.08494849484948495,1.153344031352805e-05,5.962864716783871e-07,7.772456853150997e-17
0.08495849584958497,1.1533440313534094e-05,5.962864716560896e-07,7.772456853150997e-17
0.08496849684968497,1.15334403135869e-05,5.962864716812866e-07,7.772456853150997e-17
0.08497849784978498,1.1533440313639487e-05,5.962864717073846e-07,7.772456853150997e-17
0.08498849884988499,1.1533440313689973e-05,5.962864716892288e-07,7.772456853150997e-17
0.084998499849985,1.1533440313751883e-05,5.962864717025309e-07,7.772456853150997e-17
0.08500850085008502,1.1533440313729037e-05,5.962864717310821e-07,7.772456853150997e-17
0.08501850185018502,1.1533440313784992e-05,5.962864717065798e-07,7.772456853150997e-17
0.08502850285028503,1.1533440313827033e-05,5.962864717214838e-07,7.772456853150997e-17
0.08503850385038504,1.1533440313800375e-05,5.962864717522823e-07,7.772456853150997e-17
0.08504850485048505,1.1533440313819979e-05,5.962864718143198e-07,7.772456853150997e-17
0.08505850585058507,1.1533440313849491e-05,5.962864717791361e-07,7.772456853150997e-17
0.08506850685068507,1.1533440313851919e-05,5.962864718322892e-07,7.772456853150997e-17
0.08507850785078508,1.1533440313864799e-05,5.962864718721697e-07,7.772456853150997e-17
0.08508850885088509,1.1533440313857633e-05,5.962864719085996e-07,7.772456853150997e-17
0.0850985098509851,1.1533440313886454e-05,5.962864718933295e-07,7.772456853150997e-17
0.08510851085108512,1.1533440313922031e-05,5.962864719529954e-07,7.772456853150997e-17
0.08511851185118512,1.1533440313938342e-05,5.96286471983766e-07,7.772456853150997e-17
0.08512851285128513,1.1533440313964629e-05,5.962864720185876e-07,7.772456853150997e-17
0.08513851385138514,1.1533440313982132e-05,5.962864720986267e-07,7.772456853150997e-17
0.08514851485148515,1.1533440313994205e-05,5.962864721346927e-07,7.772456853150997e-17
0.08515851585158517,1.1533440314043938e-05,5.962864721441591e-07,7.772456853150997e-17
0.08516851685168517,1.1533440314061146e-05,5.962864721410207e-07,7.772456853150997e-17
0.08517851785178518,1.1533440314059586e-05,5.96286472179106e-07,7.772456853150997e-17
0.08518851885188519,1.15334403140902e-05,5.962864721812244e-07,7.772456853150997e-17
0.0851985198519852,1.153344031408858e-05,5.962864722058405e-07,7.772456853150997e-17
0.08520852085208522,1.153344031408924e-05,5.962864722527761e-07,7.772456853150997e-17
0.08521852185218522,1.1533440314145243e-05,5.962864722628515e-07,7.772456853150997e-17
0.08522852285228523,1.1533440314173493e-05,5.962864722870865e-07,7.772456853150997e-17
0.08523852385238524,1.1533440314220468e-05,5.96286472300532e-07,7.772456853150997e-17
0.08524852485248526,1.1533440314237055e-05,5.962864722623952e-07,7.772456853150997e-17
0.08525852585258527,1.1533440314213341e-05,5.962864723017237e-07,7.772456853150997e-17
0.08526852685268527,1.1533440314194817e-05,5.962864723338297e-07,7.772456853150997e-17
0.08527852785278528,1.1533440314181403e-05,5.962864723269706e-07,7.772456853150997e-17
0.08528852885288529,1.1533440314178366e-05,5.962864723561127e-07,7.772456853150997e-17
0.0852985298529853,1.153344031418846e-05,5.962864723815907e-07,7.772456853150997e-17
0.08530853085308532,1.1533440314210392e-05,5.962864723649463e-07,7.772456853150997e-17
0.08531853185318532,1.1533440314227366e-05,5.962864723851301e-07,7.772456853150997e-17
0.08532853285328533,1.1533440314235395e-05,5.962864724010074e-07,7.772456853150997e-17
0.08533853385338534,1.1533440314231837e-05,5.962864724131565e-07,7.772456853150997e-17
0.08534853485348536,1.1533440314244497e-05,5.962864724465032e-07,7.772456853150997e-17
0.08535853585358535,1.1533440314221361e-05,5.962864724019586e-07,7.772456853150997e-17
0.08536853685368537,1.1533440314202003e-05,5.962864724056631e-07,7.772456853150997e-17
0.08537853785378538,1.1533440314244846e-05,5.962864724007628e-07,7.772456853150997e-17
0.08538853885388539,1.1533440314268207e-05,5.962864724150645e-07,7.772456853150997e-17
0.0853985398539854,1.1533440314259715e-05,5.962864724594243e-07,7.772456853150997e-17
0.0854085408540854,1.153344031430789e-05,5.962864724549437e-07,7.772456853150997e-17
0.08541854185418542,1.1533440314382394e-05,5.962864724710942e-07,7.772456853150997e-17
0.08542854285428543,1.1533440314381985e-05,5.96286472462971e-07,7.772456853150997e-17
0.08543854385438544,1.1533440314427007e-05,5.962864724571285e-07,7.772456853150997e-17
0.08544854485448546,1.1533440314423448e-05,5.962864724961092e-07,7.772456853150997e-17
0.08545854585458545,1.1533440314434837e-05,5.962864725025371e-07,7.772456853150997e-17
0.08546854685468547,1.1533440314432157e-05,5.962864725204567e-07,7.772456853150997e-17
0.08547854785478548,1.1533440314452357e-05,5.962864725407844e-07,7.772456853150997e-17
0.0854885488548855,1.1533440314397788e-05,5.962864725755846e-07,7.772456853150997e-17
0.0854985498549855,1.1533440314370473e-05,5.962864725655333e-07,7.772456853150997e-17
0.0855085508550855,1.1533440314380703e-05,5.96286472537076e-07,7.772456853150997e-17
0.08551855185518552,1.1533440314373725e-05,5.962864725133958e-07,7.772456853150997e-17
0.08552855285528553,1.1533440314391078e-05,5.962864725348154e-07,7.772456853150997e-17
0.08553855385538554,1.1533440314399688e-05,5.962864725483322e-07,7.772456853150997e-17
0.08554855485548556,1.1533440314457548e-05,5.962864725923178e-07,7.772456853150997e-17
0.08555855585558556,1.1533440314478402e-05,5.962864725733513e-07,7.772456853150997e-17
0.08556855685568557,1.1533440314490597e-05,5.962864725796045e-07,7.772456853150997e-17
0.08557855785578558,1.1533440314436365e-05,5.962864725404864e-07,7.772456853150997e-17
0.0855885588558856,1.1533440314437036e-05,5.962864724980302e-07,7.772456853150997e-17
0.0855985598559856,1.1533440314439738e-05,5.962864725180115e-07,7.772456853150997e-17
0.0856085608560856,1.1533440314462908e-05,5.962864725371039e-07,7.772456853150997e-17
0.08561856185618562,1.1533440314446318e-05,5.962864726043328e-07,7.772456853150997e-17
0.08562856285628563,1.1533440314461873e-05,5.962864726465514e-07,7.772456853150997e-17
0.08563856385638564,1.153344031450764e-05,5.96286472634634e-07,7.772456853150997e-17
0.08564856485648566,1.1533440314574054e-05,5.962864726355617e-07,7.772456853150997e-17
0.08565856585658566,1.1533440314576107e-05,5.962864726938661e-07,7.772456853150997e-17
0.08566856685668567,1.1533440314626583e-05,5.962864727093434e-07,7.772456853150997e-17
0.08567856785678568,1.153344031464527e-05,5.962864726836665e-07,7.772456853150997e-17
0.0856885688568857,1.153344031464477e-05,5.962864726677583e-07,7.772456853150997e-17
0.0856985698569857,1.1533440314650354e-05,5.962864726664565e-07,7.772456853150997e-17
0.0857085708570857,1.1533440314629661e-05,5.962864726887184e-07,7.772456853150997e-17
0.08571857185718572,1.153344031465686e-05,5.96286472716536e-07,7.772456853150997e-17
0.08572857285728573,1.153344031469115e-05,5.962864726976212e-07,7.772456853150997e-17
0.08573857385738574,1.1533440314709415e-05,5.962864727259591e-07,7.772456853150997e-17
0.08574857485748576,1.1533440314707924e-05,5.96286472770792e-07,7.772456853150997e-17
0.08575857585758576,1.1533440314692821e-05,5.962864727776203e-07,7.772456853150997e-17
0.08576857685768577,1.1533440314720736e-05,5.962864727646341e-07,7.772456853150997e-17
0.08577857785778578,1.1533440314723677e-05,5.962864728066641e-07,7.772456853150997e-17
0.0857885788578858,1.153344031475505e-05,5.962864728056676e-07,7.772456853150997e-17
0.08579857985798581,1.1533440314817482e-05,5.962864727908542e-07,7.772456853150997e-17
0.0858085808580858,1.1533440314850645e-05,5.962864727839813e-07,7.772456853150997e-17
0.08581858185818582,1.1533440314841931e-05,5.962864727885907e-07,7.772456853150997e-17
0.08582858285828583,1.1533440314853324e-05,5.962864727809461e-07,7.772456853150997e-17
0.08583858385838584,1.153344031491346e-05,5.962864727867719e-07,7.772456853150997e-17
0.08584858485848586,1.1533440314919804e-05,5.962864728233957e-07,7.772456853150997e-17
0.08585858585858586,1.1533440314929276e-05,5.96286472862645e-07,7.772456853150997e-17
0.08586858685868587,1.1533440314960463e-05,5.962864728732902e-07,7.772456853150997e-17
0.08587858785878588,1.1533440314993884e-05,5.962864728695258e-07,7.772456853150997e-17
0.0858885888588859,1.1533440314963289e-05,5.962864728717445e-07,7.772456853150997e-17
0.08589858985898591,1.1533440315008563e-05,5.9628647283568e-07,7.772456853150997e-17
0.0859085908590859,1.1533440315002513e-05,5.962864728370953e-07,7.772456853150997e-17
0.08591859185918592,1.153344031502841e-05,5.962864728933386e-07,7.772456853150997e-17
0.08592859285928593,1.1533440315055231e-05,5.962864729377919e-07,7.772456853150997e-17
0.08593859385938594,1.1533440315104657e-05,5.96286472958005e-07,7.772456853150997e-17
0.08594859485948596,1.1533440315103996e-05,5.962864729867528e-07,7.772456853150997e-17
0.08595859585958596,1.153344031511003e-05,5.962864730057457e-07,7.772456853150997e-17
0.08596859685968597,1.153344031512263e-05,5.962864729999341e-07,7.772456853150997e-17
0.08597859785978598,1.1533440315085822e-05,5.962864729638196e-07,7.772456853150997e-17
0.085988598859886,1.1533440315110993e-05,5.962864729725973e-07,7.772456853150997e-17
0.08599859985998601,1.1533440315144149e-05,5.96286472985972e-07,7.772456853150997e-17
0.086008600860086,1.1533440315156597e-05,5.962864729977401e-07,7.772456853150997e-17
0.08601860186018602,1.1533440315157727e-05,5.962864730231134e-07,7.772456853150997e-17
0.08602860286028603,1.153344031514003e-05,5.962864730533873e-07,7.772456853150997e-17
0.08603860386038605,1.153344031510341e-05,5.9628647308217e-07,7.772456853150997e-17
0.08604860486048606,1.1533440315081198e-05,5.962864730817408e-07,7.772456853150997e-17
0.08605860586058606,1.1533440315084579e-05,5.962864730879942e-07,7.772456853150997e-17
0.08606860686068607,1.1533440315058458e-05,5.962864730638763e-07,7.772456853150997e-17
0.08607860786078608,1.1533440315068616e-05,5.962864730848898e-07,7.772456853150997e-17
0.0860886088608861,1.1533440315043932e-05,5.962864731147381e-07,7.772456853150997e-17
0.08609860986098611,1.1533440315063898e-05,5.962864731602849e-07,7.772456853150997e-17
0.08610861086108611,1.1533440315069924e-05,5.96286473221335e-07,7.772456853150997e-17
0.08611861186118612,1.153344031504412e-05,5.962864732303829e-07,7.772456853150997e-17
0.08612861286128613,1.15334403150327e-05,5.962864732190561e-07,7.772456853150997e-17
0.08613861386138615,1.1533440315070806e-05,5.962864732834927e-07,7.772456853150997e-17
0.08614861486148614,1.1533440315064204e-05,5.96286473313818e-07,7.772456853150997e-17
0.08615861586158616,1.1533440315124869e-05,5.962864733423085e-07,7.772456853150997e-17
0.08616861686168617,1.153344031516598e-05,5.962864733745905e-07,7.772456853150997e-17
0.08617861786178618,1.1533440315187378e-05,5.962864733552243e-07,7.772456853150997e-17
0.0861886188618862,1.1533440315187726e-05,5.96286473371289e-07,7.772456853150997e-17
0.0861986198619862,1.1533440315158013e-05,5.962864733367405e-07,7.772456853150997e-17
0.08620862086208621,1.1533440315158891e-05,5.962864733545173e-07,7.772456853150997e-17
0.08621862186218622,1.1533440315181768e-05,5.962864733613414e-07,7.772456853150997e-17
0.08622862286228623,1.1533440315201405e-05,5.962864734127809e-07,7.772456853150997e-17
0.08623862386238625,1.1533440315159377e-05,5.962864734166024e-07,7.772456853150997e-17
0.08624862486248625,1.1533440315160812e-05,5.962864734235303e-07,7.772456853150997e-17
0.08625862586258626,1.1533440315184373e-05,5.962864734312525e-07,7.772456853150997e-17
0.08626862686268627,1.153344031517626e-05,5.96286473430875e-07,7.772456853150997e-17
0.08627862786278628,1.1533440315189675e-05,5.962864734685799e-07,7.772456853150997e-17
0.0862886288628863,1.153344031521635e-05,5.962864734951059e-07,7.772456853150997e-17
0.0862986298629863,1.1533440315242576e-05,5.96286473494641e-07,7.772456853150997e-17
0.08630863086308631,1.1533440315216067e-05,5.962864734799243e-07,7.772456853150997e-17
0.08631863186318632,1.1533440315199059e-05,5.962864735091539e-07,7.772456853150997e-17
0.08632863286328633,1.1533440315170665e-05,5.962864735543345e-07,7.772456853150997e-17
0.08633863386338635,1.1533440315203489e-05,5.96286473498116e-07,7.772456853150997e-17
0.08634863486348635,1.1533440315195312e-05,5.962864735022277e-07,7.772456853150997e-17
0.08635863586358636,1.1533440315230423e-05,5.962864735137635e-07,7.772456853150997e-17
0.08636863686368637,1.1533440315288113e-05,5.962864735566787e-07,7.772456853150997e-17
0.08637863786378638,1.1533440315317947e-05,5.962864735670535e-07,7.772456853150997e-17
0.0863886388638864,1.1533440315310173e-05,5.962864736214578e-07,7.772456853150997e-17
0.0863986398639864,1.1533440315299939e-05,5.9628647361858e-07,7.772456853150997e-17
0.08640864086408641,1.1533440315356988e-05,5.96286473587659e-07,7.772456853150997e-17
0.08641864186418642,1.1533440315412257e-05,5.962864736084819e-07,7.772456853150997e-17
0.08642864286428643,1.153344031542439e-05,5.962864736071861e-07,7.772456853150997e-17
0.08643864386438645,1.1533440315399392e-05,5.962864736431836e-07,7.772456853150997e-17
0.08644864486448645,1.1533440315391991e-05,5.96286473610944e-07,7.772456853150997e-17
0.08645864586458646,1.153344031544323e-05,5.962864736413119e-07,7.772456853150997e-17
0.08646864686468647,1.153344031548239e-05,5.962864736850762e-07,7.772456853150997e-17
0.08647864786478648,1.1533440315533439e-05,5.96286473682006e-07,7.772456853150997e-17
0.0864886488648865,1.1533440315510755e-05,5.962864737017304e-07,7.772456853150997e-17
0.0864986498649865,1.153344031557088e-05,5.962864737171052e-07,7.772456853150997e-17
0.08650865086508651,1.1533440315603788e-05,5.962864737126744e-07,7.772456853150997e-17
0.08651865186518652,1.1533440315646441e-05,5.962864737313257e-07,7.772456853150997e-17
0.08652865286528653,1.1533440315658932e-05,5.962864737607098e-07,7.772456853150997e-17
0.08653865386538655,1.1533440315700004e-05,5.962864737186693e-07,7.772456853150997e-17
0.08654865486548655,1.153344031572641e-05,5.962864737229272e-07,7.772456853150997e-17
0.08655865586558656,1.1533440315747726e-05,5.962864737208414e-07,7.772456853150997e-17
0.08656865686568657,1.1533440315738641e-05,5.962864737231127e-07,7.772456853150997e-17
0.08657865786578658,1.153344031575041e-05,5.962864737371869e-07,7.772456853150997e-17
0.0865886588658866,1.1533440315759939e-05,5.962864737776386e-07,7.772456853150997e-17
0.0865986598659866,1.1533440315736059e-05,5.962864738111495e-07,7.772456853150997e-17
0.08660866086608661,1.1533440315757047e-05,5.962864737953095e-07,7.772456853150997e-17
0.08661866186618662,1.1533440315778883e-05,5.962864738111309e-07,7.772456853150997e-17
0.08662866286628663,1.153344031578954e-05,5.962864738444693e-07,7.772456853150997e-17
0.08663866386638665,1.15334403157944e-05,5.96286473888332e-07,7.772456853150997e-17
0.08664866486648665,1.1533440315800347e-05,5.96286473914705e-07,7.772456853150997e-17
0.08665866586658666,1.1533440315784689e-05,5.962864739375902e-07,7.772456853150997e-17
0.08666866686668667,1.1533440315788258e-05,5.962864739455358e-07,7.772456853150997e-17
0.08667866786678669,1.1533440315761822e-05,5.96286473964594e-07,7.772456853150997e-17
0.0866886688668867,1.1533440315805912e-05,5.962864739806013e-07,7.772456853150997e-17
0.0866986698669867,1.1533440315809827e-05,5.962864739858638e-07,7.772456853150997e-17
0.08670867086708671,1.1533440315829585e-05,5.962864740029146e-07,7.772456853150997e-17
0.08671867186718672,1.1533440315865559e-05,5.962864739964646e-07,7.772456853150997e-17
0.08672867286728674,1.15334403158833e-05,5.962864739797321e-07,7.772456853150997e-17
0.08673867386738675,1.1533440315881322e-05,5.962864739860832e-07,7.772456853150997e-17
0.08674867486748675,1.1533440315903507e-05,5.962864739948763e-07,7.772456853150997e-17
0.08675867586758676,1.1533440315887543e-05,5.96286474039862e-07,7.772456853150997e-17
0.08676867686768677,1.1533440315956977e-05,5.962864740401745e-07,7.772456853150997e-17
0.08677867786778679,1.1533440316018802e-05,5.962864741013569e-07,7.772456853150997e-17
0.0867886788678868,1.1533440316095716e-05,5.962864741346706e-07,7.772456853150997e-17
0.0867986798679868,1.1533440316044852e-05,5.962864741430907e-07,7.772456853150997e-17
0.08680868086808681,1.1533440316035224e-05,5.962864741463675e-07,7.772456853150997e-17
0.08681868186818682,1.153344031605471e-05,5.962864741517023e-07,7.772456853150997e-17
0.08682868286828684,1.1533440316096485e-05,5.962864741925658e-07,7.772456853150997e-17
0.08683868386838685,1.1533440316112928e-05,5.962864741916539e-07,7.772456853150997e-17
0.08684868486848685,1.1533440316133712e-05,5.96286474181074e-07,7.772456853150997e-17
0.08685868586858686,1.1533440316139016e-05,5.962864742247151e-07,7.772456853150997e-17
0.08686868686868687,1.153344031613861e-05,5.962864742450114e-07,7.772456853150997e-17
0.08687868786878689,1.1533440316139254e-05,5.962864742858839e-07,7.772456853150997e-17
0.08688868886888688,1.1533440316141368e-05,5.962864743084004e-07,7.772456853150997e-17
0.0868986898689869,1.1533440316173924e-05,5.962864743572392e-07,7.772456853150997e-17
0.08690869086908691,1.1533440316221441e-05,5.962864743567116e-07,7.772456853150997e-17
0.08691869186918692,1.1533440316234912e-05,5.962864743561036e-07,7.772456853150997e-17
0.08692869286928694,1.1533440316259598e-05,5.962864744111237e-07,7.772456853150997e-17
0.08693869386938693,1.1533440316286614e-05,5.962864744330888e-07,7.772456853150997e-17
0.08694869486948695,1.153344031626792e-05,5.962864743831559e-07,7.772456853150997e-17
0.08695869586958696,1.1533440316254462e-05,5.962864743594169e-07,7.772456853150997e-17
0.08696869686968697,1.1533440316283891e-05,5.962864743835527e-07,7.772456853150997e-17
0.08697869786978699,1.1533440316277535e-05,5.962864744404145e-07,7.772456853150997e-17
0.08698869886988699,1.1533440316279156e-05,5.962864744852266e-07,7.772456853150997e-17
0.086998699869987,1.1533440316325154e-05,5.962864744905324e-07,7.772456853150997e-17
0.08700870087008701,1.1533440316365667e-05,5.962864745046694e-07,7.772456853150997e-17
0.08701870187018702,1.1533440316407638e-05,5.962864745376514e-07,7.772456853150997e-17
0.08702870287028704,1.1533440316423877e-05,5.962864745705318e-07,7.772456853150997e-17
0.08703870387038704,1.1533440316402101e-05,5.962864745430455e-07,7.772456853150997e-17
0.08704870487048705,1.15334403163856e-05,5.962864745470071e-07,7.772456853150997e-17
0.08705870587058706,1.1533440316419193e-05,5.962864745491132e-07,7.772456853150997e-17
0.08706870687068707,1.1533440316439591e-05,5.96286474552832e-07,7.772456853150997e-17
0.08707870787078709,1.153344031643507e-05,5.962864745427806e-07,7.772456853150997e-17
0.08708870887088709,1.1533440316469142e-05,5.96286474559356e-07,7.772456853150997e-17
0.0870987098709871,1.1533440316478273e-05,5.962864745620329e-07,7.772456853150997e-17
0.08710871087108711,1.1533440316475756e-05,5.962864745691712e-07,7.772456853150997e-17
0.08711871187118712,1.1533440316510457e-05,5.962864745430186e-07,7.772456853150997e-17
0.08712871287128714,1.1533440316546563e-05,5.962864745648145e-07,7.772456853150997e-17
0.08713871387138714,1.1533440316571884e-05,5.962864745579008e-07,7.772456853150997e-17
0.08714871487148715,1.1533440316549958e-05,5.962864745865658e-07,7.772456853150997e-17
0.08715871587158716,1.15334403165572e-05,5.96286474645194e-07,7.772456853150997e-17
0.08716871687168717,1.15334403165966e-05,5.962864746827497e-07,7.772456853150997e-17
0.08717871787178719,1.1533440316615879e-05,5.962864746456832e-07,7.772456853150997e-17
0.08718871887188719,1.1533440316576536e-05,5.962864746507534e-07,7.772456853150997e-17
0.0871987198719872,1.1533440316563541e-05,5.962864746562325e-07,7.772456853150997e-17
0.08720872087208721,1.153344031655668e-05,5.962864746785223e-07,7.772456853150997e-17
0.08721872187218722,1.1533440316598296e-05,5.962864747249921e-07,7.772456853150997e-17
0.08722872287228724,1.1533440316617432e-05,5.962864747462234e-07,7.772456853150997e-17
0.08723872387238724,1.1533440316668996e-05,5.962864747255126e-07,7.772456853150997e-17
0.08724872487248725,1.1533440316682112e-05,5.96286474751396e-07,7.772456853150997e-17
0.08725872587258726,1.1533440316688783e-05,5.962864747905322e-07,7.772456853150997e-17
0.08726872687268727,1.1533440316732134e-05,5.962864748124181e-07,7.772456853150997e-17
0.08727872787278729,1.1533440316773451e-05,5.962864748578084e-07,7.772456853150997e-17
0.08728872887288729,1.1533440316810104e-05,5.962864748807404e-07,7.772456853150997e-17
0.0872987298729873,1.1533440316885598e-05,5.962864748814032e-07,7.772456853150997e-17
0.08730873087308731,1.1533440316948155e-05,5.962864748622129e-07,7.772456853150997e-17
0.08731873187318732,1.1533440317008677e-05,5.962864748814255e-07,7.772456853150997e-17
0.08732873287328734,1.1533440316984094e-05,5.962864748886238e-07,7.772456853150997e-17
0.08733873387338734,1.1533440316973322e-05,5.962864749443461e-07,7.772456853150997e-17
0.08734873487348735,1.1533440317015165e-05,5.962864749352603e-07,7.772456853150997e-17
0.08735873587358736,1.1533440317077034e-05,5.962864749464349e-07,7.772456853150997e-17
0.08736873687368737,1.153344031709703e-05,5.962864749922424e-07,7.772456853150997e-17
0.08737873787378739,1.1533440317049121e-05,5.962864750076612e-07,7.772456853150997e-17
0.08738873887388739,1.1533440317030015e-05,5.962864750121243e-07,7.772456853150997e-17
0.0873987398739874,1.1533440316976964e-05,5.962864750465045e-07,7.772456853150997e-17
0.08740874087408741,1.1533440316946669e-05,5.962864750742342e-07,7.772456853150997e-17
0.08741874187418743,1.1533440316879164e-05,5.962864750841583e-07,7.772456853150997e-17
0.08742874287428744,1.1533440316866752e-05,5.962864751380338e-07,7.772456853150997e-17
0.08743874387438744,1.1533440316880995e-05,5.962864751750873e-07,7.772456853150997e-17
0.08744874487448745,1.1533440316888668e-05,5.962864752019574e-07,7.772456853150997e-17
0.08745874587458746,1.153344031691255e-05,5.962864752544425e-07,7.772456853150997e-17
0.08746874687468748,1.1533440316878036e-05,5.962864752775599e-07,7.772456853150997e-17
0.08747874787478749,1.1533440316915827e-05,5.962864753133776e-07,7.772456853150997e-17
0.08748874887488749,1.1533440316882838e-05,5.962864753394118e-07,7.772456853150997e-17
0.0874987498749875,1.1533440316940887e-05,5.962864753174375e-07,7.772456853150997e-17
0.08750875087508751,1.153344031694474e-05,5.962864753223015e-07,7.772456853150997e-17
0.08751875187518753,1.1533440316929856e-05,5.962864753623854e-07,7.772456853150997e-17
0.08752875287528754,1.1533440316929385e-05,5.962864753655242e-07,7.772456853150997e-17
0.08753875387538754,1.1533440316901697e-05,5.962864753943407e-07,7.772456853150997e-17
0.08754875487548755,1.1533440316941495e-05,5.962864754212487e-07,7.772456853150997e-17
0.08755875587558756,1.1533440316999373e-05,5.962864754241192e-07,7.772456853150997e-17
0.08756875687568758,1.1533440317037146e-05,5.962864754339238e-07,7.772456853150997e-17
0.08757875787578759,1.1533440317075474e-05,5.962864754341135e-07,7.772456853150997e-17
0.08758875887588759,1.1533440317142205e-05,5.962864754624923e-07,7.772456853150997e-17
0.0875987598759876,1.1533440317216415e-05,5.962864754772992e-07,7.772456853150997e-17
0.08760876087608761,1.1533440317204325e-05,5.962864754587416e-07,7.772456853150997e-17
0.08761876187618763,1.1533440317179403e-05,5.962864754623356e-07,7.772456853150997e-17
0.08762876287628762,1.1533440317242512e-05,5.962864754207396e-07,7.772456853150997e-17
0.08763876387638764,1.153344031726253e-05,5.962864754400278e-07,7.772456853150997e-17
0.08764876487648765,1.1533440317273151e-05,5.962864754568712e-07,7.772456853150997e-17
0.08765876587658766,1.1533440317244957e-05,5.962864754906263e-07,7.772456853150997e-17
0.08766876687668768,1.153344031728313e-05,5.962864754765507e-07,7.772456853150997e-17
0.08767876787678767,1.1533440317307082e-05,5.962864755034611e-07,7.772456853150997e-17
0.08768876887688769,1.1533440317329669e-05,5.962864754908954e-07,7.772456853150997e-17
0.0876987698769877,1.1533440317307343e-05,5.962864755300854e-07,7.772456853150997e-17
0.08770877087708771,1.1533440317295659e-05,5.962864755102363e-07,7.772456853150997e-17
0.08771877187718773,1.1533440317307854e-05,5.962864755298229e-07,7.772456853150997e-17
0.08772877287728773,1.1533440317298369e-05,5.962864754980749e-07,7.772456853150997e-17
0.08773877387738774,1.1533440317295621e-05,5.962864755529307e-07,7.772456853150997e-17
0.08774877487748775,1.153344031728945e-05,5.962864755556003e-07,7.772456853150997e-17
0.08775877587758776,1.1533440317312094e-05,5.962864755704343e-07,7.772456853150997e-17
0.08776877687768778,1.1533440317409452e-05,5.96286475578584e-07,7.772456853150997e-17
0.08777877787778778,1.1533440317480791e-05,5.962864755853891e-07,7.772456853150997e-17
0.08778877887788779,1.1533440317539187e-05,5.962864755887872e-07,7.772456853150997e-17
0.0877987798779878,1.1533440317550346e-05,5.962864756083786e-07,7.772456853150997e-17
0.08780878087808781,1.1533440317560272e-05,5.962864756376372e-07,7.772456853150997e-17
0.08781878187818783,1.1533440317593538e-05,5.962864756643062e-07,7.772456853150997e-17
0.08782878287828783,1.153344031760704e-05,5.962864756639344e-07,7.772456853150997e-17
0.08783878387838784,1.1533440317665255e-05,5.962864756482562e-07,7.772456853150997e-17
0.08784878487848785,1.1533440317687718e-05,5.962864756744762e-07,7.772456853150997e-17
0.08785878587858786,1.153344031767989e-05,5.962864756635076e-07,7.772456853150997e-17
0.08786878687868788,1.1533440317661102e-05,5.962864757369924e-07,7.772456853150997e-17
0.08787878787878788,1.1533440317660775e-05,5.962864757479271e-07,7.772456853150997e-17
0.08788878887888789,1.153344031764787e-05,5.962864757392059e-07,7.772456853150997e-17
0.0878987898789879,1.153344031766847e-05,5.962864757378778e-07,7.772456853150997e-17
0.08790879087908791,1.1533440317690312e-05,5.962864757283795e-07,7.772456853150997e-17
0.08791879187918793,1.1533440317674884e-05,5.96286475748529e-07,7.772456853150997e-17
0.08792879287928793,1.1533440317658185e-05,5.962864757608442e-07,7.772456853150997e-17
0.08793879387938794,1.153344031766151e-05,5.962864758108586e-07,7.772456853150997e-17
0.08794879487948795,1.1533440317690586e-05,5.962864758287595e-07,7.772456853150997e-17
0.08795879587958796,1.153344031768519e-05,5.962864758401194e-07,7.772456853150997e-17
0.08796879687968798,1.1533440317659908e-05,5.962864758482708e-07,7.772456853150997e-17
0.08797879787978798,1.1533440317637179e-05,5.962864758566797e-07,7.772456853150997e-17
0.08798879887988799,1.1533440317614224e-05,5.962864758553317e-07,7.772456853150997e-17
0.087998799879988,1.15334403176157e-05,5.962864758912144e-07,7.772456853150997e-17
0.08800880088008801,1.1533440317645973e-05,5.962864758955358e-07,7.772456853150997e-17
0.08801880188018803,1.1533440317651487e-05,5.962864759166443e-07,7.772456853150997e-17
0.08802880288028803,1.1533440317620934e-05,5.962864759218712e-07,7.772456853150997e-17
0.08803880388038804,1.1533440317621021e-05,5.962864759031256e-07,7.772456853150997e-17
0.08804880488048805,1.1533440317664536e-05,5.962864759205334e-07,7.772456853150997e-17
0.08805880588058806,1.153344031773313e-05,5.962864759678817e-07,7.772456853150997e-17
0.08806880688068808,1.1533440317698143e-05,5.962864759718242e-07,7.772456853150997e-17
0.08807880788078808,1.1533440317671814e-05,5.962864760220048e-07,7.772456853150997e-17
0.08808880888088809,1.153344031768356e-05,5.962864760140187e-07,7.772456853150997e-17
0.0880988098809881,1.1533440317720378e-05,5.962864760806697e-07,7.772456853150997e-17
0.08810881088108811,1.1533440317725902e-05,5.962864760868614e-07,7.772456853150997e-17
0.08811881188118813,1.1533440317766114e-05,5.96286476077551e-07,7.772456853150997e-17
0.08812881288128813,1.1533440317715972e-05,5.962864761066536e-07,7.772456853150997e-17
0.08813881388138814,1.1533440317729187e-05,5.962864761261113e-07,7.772456853150997e-17
0.08814881488148815,1.1533440317733285e-05,5.962864761481009e-07,7.772456853150997e-17
0.08815881588158817,1.153344031771712e-05,5.962864761552658e-07,7.772456853150997e-17
0.08816881688168818,1.1533440317733861e-05,5.962864761340978e-07,7.772456853150997e-17
0.08817881788178818,1.1533440317729358e-05,5.962864761332809e-07,7.772456853150997e-17
0.08818881888188819,1.1533440317731853e-05,5.962864761533346e-07,7.772456853150997e-17
0.0881988198819882,1.1533440317718814e-05,5.962864761323171e-07,7.772456853150997e-17
0.08820882088208822,1.1533440317723986e-05,5.962864761176349e-07,7.772456853150997e-17
0.08821882188218823,1.1533440317735702e-05,5.962864761058609e-07,7.772456853150997e-17
0.08822882288228823,1.1533440317717637e-05,5.962864761094156e-07,7.772456853150997e-17
0.08823882388238824,1.1533440317705958e-05,5.962864761164438e-07,7.772456853150997e-17
0.08824882488248825,1.153344031776668e-05,5.962864761263946e-07,7.772456853150997e-17
0.08825882588258827,1.1533440317808898e-05,5.962864760989188e-07,7.772456853150997e-17
0.08826882688268828,1.1533440317802545e-05,5.962864760795671e-07,7.772456853150997e-17
0.08827882788278828,1.1533440317783304e-05,5.962864760866203e-07,7.772456853150997e-17
0.08828882888288829,1.1533440317794171e-05,5.962864761166942e-07,7.772456853150997e-17
0.0882988298829883,1.1533440317804736e-05,5.962864761185413e-07,7.772456853150997e-17
0.08830883088308832,1.1533440317873308e-05,5.962864761191634e-07,7.772456853150997e-17
0.08831883188318833,1.1533440317913417e-05,5.962864761324291e-07,7.772456853150997e-17
0.08832883288328833,1.1533440317976986e-05,5.962864761535096e-07,7.772456853150997e-17
0.08833883388338834,1.1533440317953681e-05,5.962864761732174e-07,7.772456853150997e-17
0.08834883488348835,1.1533440317965884e-05,5.962864761726728e-07,7.772456853150997e-17
0.08835883588358837,1.1533440317970949e-05,5.962864761834971e-07,7.772456853150997e-17
0.08836883688368838,1.1533440318012918e-05,5.962864761408267e-07,7.772456853150997e-17
0.08837883788378838,1.1533440318040685e-05,5.962864761214032e-07,7.772456853150997e-17
0.08838883888388839,1.1533440318038268e-05,5.962864761535444e-07,7.772456853150997e-17
0.0883988398839884,1.1533440318047353e-05,5.962864761394723e-07,7.772456853150997e-17
0.08840884088408842,1.1533440318024242e-05,5.962864761767823e-07,7.772456853150997e-17
0.08841884188418841,1.153344031803451e-05,5.962864761931675e-07,7.772456853150997e-17
0.08842884288428843,1.1533440318089566e-05,5.962864762163961e-07,7.772456853150997e-17
0.08843884388438844,1.153344031815368e-05,5.962864762027367e-07,7.772456853150997e-17
0.08844884488448845,1.15334403181359e-05,5.962864762243014e-07,7.772456853150997e-17
0.08845884588458847,1.1533440318128199e-05,5.962864762464393e-07,7.772456853150997e-17
0.08846884688468847,1.15334403181343e-05,5.962864763011448e-07,7.772456853150997e-17
0.08847884788478848,1.1533440318196702e-05,5.962864762931631e-07,7.772456853150997e-17
0.08848884888488849,1.153344031821512e-05,5.962864763256295e-07,7.772456853150997e-17
0.0884988498849885,1.15334403181944e-05,5.962864763099022e-07,7.772456853150997e-17
0.08850885088508852,1.1533440318193017e-05,5.962864763430877e-07,7.772456853150997e-17
0.08851885188518852,1.1533440318196177e-05,5.962864763361596e-07,7.772456853150997e-17
0.08852885288528853,1.1533440318233102e-05,5.962864763241776e-07,7.772456853150997e-17
0.08853885388538854,1.1533440318288574e-05,5.962864763300205e-07,7.772456853150997e-17
0.08854885488548855,1.153344031833368e-05,5.962864763482923e-07,7.772456853150997e-17
0.08855885588558857,1.1533440318311732e-05,5.962864763759388e-07,7.772456853150997e-17
0.08856885688568857,1.153344031831784e-05,5.9628647639772e-07,7.772456853150997e-17
0.08857885788578858,1.153344031832241e-05,5.962864764267782e-07,7.772456853150997e-17
0.08858885888588859,1.1533440318373594e-05,5.962864764140149e-07,7.772456853150997e-17
0.0885988598859886,1.153344031839845e-05,5.962864764295173e-07,7.772456853150997e-17
0.08860886088608862,1.1533440318434442e-05,5.962864764653136e-07,7.772456853150997e-17
0.08861886188618862,1.1533440318420925e-05,5.962864764852933e-07,7.772456853150997e-17
0.08862886288628863,1.1533440318411072e-05,5.962864765109002e-07,7.772456853150997e-17
0.08863886388638864,1.1533440318424437e-05,5.962864765259218e-07,7.772456853150997e-17
0.08864886488648865,1.1533440318491301e-05,5.962864765309055e-07,7.772456853150997e-17
0.08865886588658867,1.15334403185217e-05,5.962864765291639e-07,7.772456853150997e-17
0.08866886688668867,1.1533440318536674e-05,5.962864765245405e-07,7.772456853150997e-17
0.08867886788678868,1.1533440318514974e-05,5.962864765285857e-07,7.772456853150997e-17
0.08868886888688869,1.15334403185188e-05,5.962864765818645e-07,7.772456853150997e-17
0.0886988698869887,1.1533440318517676e-05,5.962864765522771e-07,7.772456853150997e-17
0.08870887088708872,1.1533440318542462e-05,5.962864765842209e-07,7.772456853150997e-17
0.08871887188718872,1.153344031856003e-05,5.962864765777885e-07,7.772456853150997e-17
0.08872887288728873,1.1533440318581971e-05,5.962864766154455e-07,7.772456853150997e-17
0.08873887388738874,1.153344031859504e-05,5.962864766518688e-07,7.772456853150997e-17
0.08874887488748875,1.1533440318650657e-05,5.962864766300935e-07,7.772456853150997e-17
0.08875887588758877,1.1533440318687286e-05,5.962864766651977e-07,7.772456853150997e-17
0.08876887688768877,1.153344031873859e-05,5.96286476707487e-07,7.772456853150997e-17
0.08877887788778878,1.1533440318761781e-05,5.962864767094724e-07,7.772456853150997e-17
0.08878887888788879,1.1533440318792852e-05,5.962864767368556e-07,7.772456853150997e-17
0.0887988798879888,1.1533440318802811e-05,5.962864767924528e-07,7.772456853150997e-17
0.08880888088808882,1.1533440318774038e-05,5.962864767719655e-07,7.772456853150997e-17
0.08881888188818882,1.1533440318806779e-05,5.962864768007578e-07,7.772456853150997e-17
0.08882888288828883,1.1533440318804246e-05,5.962864768317241e-07,7.772456853150997e-17
0.08883888388838884,1.1533440318797797e-05,5.962864768138373e-07,7.772456853150997e-17
0.08884888488848885,1.1533440318781676e-05,5.962864767789565e-07,7.772456853150997e-17
0.08885888588858887,1.1533440318792727e-05,5.962864768019616e-07,7.772456853150997e-17
0.08886888688868887,1.1533440318822012e-05,5.962864768081901e-07,7.772456853150997e-17
0.08887888788878888,1.153344031879433e-05,5.962864767623565e-07,7.772456853150997e-17
0.08888888888888889,1.1533440318789845e-05,5.962864767286304e-07,7.772456853150997e-17
0.0888988898889889,1.153344031881391e-05,5.962864767771127e-07,7.772456853150997e-17
0.08890889088908892,1.1533440318877696e-05,5.962864767703922e-07,7.772456853150997e-17
0.08891889188918892,1.1533440318876225e-05,5.962864768015635e-07,7.772456853150997e-17
0.08892889288928893,1.1533440318875517e-05,5.96286476785421e-07,7.772456853150997e-17
0.08893889388938894,1.1533440318851966e-05,5.962864768120945e-07,7.772456853150997e-17
0.08894889488948896,1.1533440318840487e-05,5.962864768236849e-07,7.772456853150997e-17
0.08895889588958897,1.153344031884326e-05,5.962864768246629e-07,7.772456853150997e-17
0.08896889688968897,1.1533440318861833e-05,5.962864768318575e-07,7.772456853150997e-17
0.08897889788978898,1.1533440318833227e-05,5.96286476808998e-07,7.772456853150997e-17
0.08898889888988899,1.1533440318813035e-05,5.96286476878607e-07,7.772456853150997e-17
0.088998899889989,1.1533440318795886e-05,5.962864769012777e-07,7.772456853150997e-17
0.08900890089008902,1.1533440318822092e-05,5.962864768794824e-07,7.772456853150997e-17
0.08901890189018902,1.1533440318856466e-05,5.962864768301576e-07,7.772456853150997e-17
0.08902890289028903,1.1533440318903747e-05,5.962864768582254e-07,7.772456853150997e-17
0.08903890389038904,1.1533440318929504e-05,5.962864768246771e-07,7.772456853150997e-17
0.08904890489048906,1.1533440318958193e-05,5.962864768337158e-07,7.772456853150997e-17
0.08905890589058907,1.1533440319007363e-05,5.962864768269984e-07,7.772456853150997e-17
0.08906890689068907,1.1533440319059278e-05,5.962864768182054e-07,7.772456853150997e-17
0.08907890789078908,1.1533440319109696e-05,5.96286476792021e-07,7.772456853150997e-17
0.08908890889088909,1.1533440319130491e-05,5.962864767993369e-07,7.772456853150997e-17
0.0890989098909891,1.1533440319132783e-05,5.962864767828713e-07,7.772456853150997e-17
0.08910891089108912,1.1533440319138389e-05,5.962864767732227e-07,7.772456853150997e-17
0.08911891189118912,1.1533440319172792e-05,5.962864767727164e-07,7.772456853150997e-17
0.08912891289128913,1.1533440319193929e-05,5.962864767754597e-07,7.772456853150997e-17
0.08913891389138914,1.1533440319226823e-05,5.962864767898976e-07,7.772456853150997e-17
0.08914891489148916,1.1533440319290823e-05,5.962864767836854e-07,7.772456853150997e-17
0.08915891589158915,1.1533440319330423e-05,5.962864767861439e-07,7.772456853150997e-17
0.08916891689168917,1.1533440319321441e-05,5.962864767709249e-07,7.772456853150997e-17
0.08917891789178918,1.1533440319339966e-05,5.962864767916682e-07,7.772456853150997e-17
0.0891889188918892,1.1533440319330203e-05,5.962864768048059e-07,7.772456853150997e-17
0.0891989198919892,1.1533440319307826e-05,5.962864768306892e-07,7.772456853150997e-17
0.0892089208920892,1.1533440319301732e-05,5.962864768517154e-07,7.772456853150997e-17
0.08921892189218922,1.1533440319257036e-05,5.962864768816435e-07,7.772456853150997e-17
0.08922892289228923,1.1533440319280745e-05,5.962864768789612e-07,7.772456853150997e-17
0.08923892389238924,1.1533440319274468e-05,5.962864768852307e-07,7.772456853150997e-17
0.08924892489248926,1.1533440319217471e-05,5.962864769166706e-07,7.772456853150997e-17
0.08925892589258926,1.1533440319161493e-05,5.962864769420025e-07,7.772456853150997e-17
0.08926892689268927,1.1533440319136525e-05,5.96286476968131e-07,7.772456853150997e-17
0.08927892789278928,1.1533440319078951e-05,5.96286477005555e-07,7.772456853150997e-17
0.0892889288928893,1.1533440319102043e-05,5.962864769801428e-07,7.772456853150997e-17
0.0892989298929893,1.1533440319142858e-05,5.962864769994417e-07,7.772456853150997e-17
0.0893089308930893,1.1533440319167876e-05,5.962864770158934e-07,7.772456853150997e-17
0.08931893189318932,1.1533440319184191e-05,5.96286477060804e-07,7.772456853150997e-17
0.08932893289328933,1.1533440319178433e-05,5.962864771235422e-07,7.772456853150997e-17
0.08933893389338934,1.1533440319151675e-05,5.962864771749944e-07,7.772456853150997e-17
0.08934893489348936,1.153344031917158e-05,5.96286477174108e-07,7.772456853150997e-17
0.08935893589358936,1.1533440319164794e-05,5.962864771760925e-07,7.772456853150997e-17
0.08936893689368937,1.1533440319237461e-05,5.962864771665754e-07,7.772456853150997e-17
0.08937893789378938,1.1533440319308476e-05,5.962864772084286e-07,7.772456853150997e-17
0.0893889388938894,1.153344031938212e-05,5.962864772437508e-07,7.772456853150997e-17
0.08939893989398941,1.1533440319473712e-05,5.962864772722316e-07,7.772456853150997e-17
0.0894089408940894,1.153344031946946e-05,5.962864772866598e-07,7.772456853150997e-17
0.08941894189418942,1.1533440319503111e-05,5.962864773047875e-07,7.772456853150997e-17
0.08942894289428943,1.153344031956552e-05,5.962864773242203e-07,7.772456853150997e-17
0.08943894389438944,1.153344031962545e-05,5.962864773482126e-07,7.772456853150997e-17
0.08944894489448946,1.1533440319625135e-05,5.962864773836438e-07,7.772456853150997e-17
0.08945894589458946,1.1533440319648626e-05,5.962864773309344e-07,7.772456853150997e-17
0.08946894689468947,1.1533440319653576e-05,5.962864773127201e-07,7.772456853150997e-17
0.08947894789478948,1.1533440319706819e-05,5.962864773351703e-07,7.772456853150997e-17
0.0894889488948895,1.15334403197678e-05,5.962864773237369e-07,7.772456853150997e-17
0.08949894989498951,1.1533440319820711e-05,5.962864773575977e-07,7.772456853150997e-17
0.0895089508950895,1.153344031980511e-05,5.962864773814091e-07,7.772456853150997e-17
0.08951895189518952,1.153344031980327e-05,5.962864773826674e-07,7.772456853150997e-17
0.08952895289528953,1.1533440319764417e-05,5.962864773798538e-07,7.772456853150997e-17
0.08953895389538954,1.1533440319744619e-05,5.962864774238932e-07,7.772456853150997e-17
0.08954895489548956,1.1533440319773145e-05,5.962864774738376e-07,7.772456853150997e-17
0.08955895589558956,1.1533440319806933e-05,5.962864774809274e-07,7.772456853150997e-17
0.08956895689568957,1.1533440319797835e-05,5.962864774794775e-07,7.772456853150997e-17
0.08957895789578958,1.1533440319822558e-05,5.962864774762387e-07,7.772456853150997e-17
0.0895889588958896,1.1533440319860927e-05,5.962864774700513e-07,7.772456853150997e-17
0.08959895989598961,1.1533440319865909e-05,5.962864775452274e-07,7.772456853150997e-17
0.0896089608960896,1.1533440319849288e-05,5.962864775773602e-07,7.772456853150997e-17
0.08961896189618962,1.1533440319864637e-05,5.962864775958602e-07,7.772456853150997e-17
0.08962896289628963,1.153344031979708e-05,5.962864776107411e-07,7.772456853150997e-17
0.08963896389638965,1.1533440319785908e-05,5.962864776503086e-07,7.772456853150997e-17
0.08964896489648966,1.1533440319818389e-05,5.962864776611211e-07,7.772456853150997e-17
0.08965896589658966,1.1533440319793416e-05,5.96286477709255e-07,7.772456853150997e-17
0.08966896689668967,1.1533440319801653e-05,5.962864776785773e-07,7.772456853150997e-17
0.08967896789678968,1.1533440319827008e-05,5.962864777045645e-07,7.772456853150997e-17
0.0896889688968897,1.1533440319803333e-05,5.962864777073345e-07,7.772456853150997e-17
0.08969896989698971,1.1533440319846608e-05,5.962864777424336e-07,7.772456853150997e-17
0.08970897089708971,1.1533440319837906e-05,5.96286477721378e-07,7.772456853150997e-17
0.08971897189718972,1.153344031985212e-05,5.962864777593622e-07,7.772456853150997e-17
0.08972897289728973,1.1533440319859644e-05,5.962864778039665e-07,7.772456853150997e-17
0.08973897389738975,1.1533440319830276e-05,5.962864777951021e-07,7.772456853150997e-17
0.08974897489748976,1.1533440319859553e-05,5.962864777736213e-07,7.772456853150997e-17
0.08975897589758976,1.1533440319924944e-05,5.96286477775145e-07,7.772456853150997e-17
0.08976897689768977,1.1533440319962818e-05,5.962864777909879e-07,7.772456853150997e-17
0.08977897789778978,1.1533440319988187e-05,5.962864778451368e-07,7.772456853150997e-17
0.0897889788978898,1.1533440319976455e-05,5.962864778429839e-07,7.772456853150997e-17
0.08979897989798981,1.1533440319981485e-05,5.962864778463822e-07,7.772456853150997e-17
0.08980898089808981,1.153344031999363e-05,5.962864778589399e-07,7.772456853150997e-17
0.08981898189818982,1.1533440320013215e-05,5.962864779057977e-07,7.772456853150997e-17
0.08982898289828983,1.1533440320044014e-05,5.962864779406169e-07,7.772456853150997e-17
0.08983898389838985,1.1533440320074594e-05,5.962864778872939e-07,7.772456853150997e-17
0.08984898489848986,1.1533440320115684e-05,5.962864778648286e-07,7.772456853150997e-17
0.08985898589858986,1.1533440320115353e-05,5.962864778843619e-07,7.772456853150997e-17
0.08986898689868987,1.1533440320065373e-05,5.96286477865825e-07,7.772456853150997e-17
0.08987898789878988,1.1533440320069185e-05,5.962864778951905e-07,7.772456853150997e-17
0.0898889888988899,1.1533440320072393e-05,5.962864779172655e-07,7.772456853150997e-17
0.0898989898989899,1.153344032012591e-05,5.962864779536193e-07,7.772456853150997e-17
0.08990899089908991,1.1533440320124669e-05,5.962864779911159e-07,7.772456853150997e-17
0.08991899189918992,1.1533440320142306e-05,5.962864780066713e-07,7.772456853150997e-17
0.08992899289928993,1.1533440320138494e-05,5.962864780277046e-07,7.772456853150997e-17
0.08993899389938995,1.153344032010277e-05,5.962864780336386e-07,7.772456853150997e-17
0.08994899489948995,1.1533440320088672e-05,5.962864780563838e-07,7.772456853150997e-17
0.08995899589958996,1.1533440320039932e-05,5.962864780635575e-07,7.772456853150997e-17
0.08996899689968997,1.1533440320021365e-05,5.962864780675619e-07,7.772456853150997e-17
0.08997899789978998,1.1533440320056117e-05,5.962864780702194e-07,7.772456853150997e-17
0.08998899889989,1.1533440320082582e-05,5.962864781313577e-07,7.772456853150997e-17
0.08999899989999,1.1533440320090755e-05,5.96286478098753e-07,7.772456853150997e-17
0.09000900090009001,1.1533440320104037e-05,5.962864781143937e-07,7.772456853150997e-17
0.09001900190019002,1.1533440320113068e-05,5.96286478097789e-07,7.772456853150997e-17
0.09002900290029003,1.1533440320158244e-05,5.962864781064409e-07,7.772456853150997e-17
0.09003900390039005,1.15334403201968e-05,5.962864781272243e-07,7.772456853150997e-17
0.09004900490049005,1.1533440320267326e-05,5.962864781237378e-07,7.772456853150997e-17
0.09005900590059006,1.1533440320301208e-05,5.962864781564005e-07,7.772456853150997e-17
0.09006900690069007,1.1533440320329414e-05,5.962864781673109e-07,7.772456853150997e-17
0.09007900790079008,1.1533440320363344e-05,5.962864781457327e-07,7.772456853150997e-17
0.0900890089008901,1.1533440320369636e-05,5.962864781654235e-07,7.772456853150997e-17
0.0900990099009901,1.1533440320360105e-05,5.962864782160176e-07,7.772456853150997e-17
0.09010901090109011,1.1533440320411786e-05,5.962864782405371e-07,7.772456853150997e-17
0.09011901190119012,1.1533440320445872e-05,5.962864782396518e-07,7.772456853150997e-17
0.09012901290129013,1.1533440320513313e-05,5.962864782941062e-07,7.772456853150997e-17
0.09013901390139015,1.153344032054054e-05,5.962864783233732e-07,7.772456853150997e-17
0.09014901490149015,1.1533440320594296e-05,5.962864783848086e-07,7.772456853150997e-17
0.09015901590159016,1.1533440320630592e-05,5.962864784397053e-07,7.772456853150997e-17
0.09016901690169017,1.1533440320656126e-05,5.962864784032525e-07,7.772456853150997e-17
0.09017901790179018,1.1533440320720848e-05,5.962864784406759e-07,7.772456853150997e-17
0.0901890189018902,1.1533440320759449e-05,5.962864785097105e-07,7.772456853150997e-17
0.0901990199019902,1.1533440320768089e-05,5.962864785059254e-07,7.772456853150997e-17
0.09020902090209021,1.1533440320816742e-05,5.962864784700029e-07,7.772456853150997e-17
0.09021902190219022,1.1533440320824308e-05,5.962864784712002e-07,7.772456853150997e-17
0.09022902290229023,1.1533440320861984e-05,5.962864785221501e-07,7.772456853150997e-17
0.09023902390239025,1.153344032084729e-05,5.962864785099654e-07,7.772456853150997e-17
0.09024902490249025,1.153344032082494e-05,5.962864784991825e-07,7.772456853150997e-17
0.09025902590259026,1.1533440320794018e-05,5.962864785280155e-07,7.772456853150997e-17
0.09026902690269027,1.1533440320793071e-05,5.962864785648619e-07,7.772456853150997e-17
0.09027902790279028,1.1533440320841593e-05,5.962864785720983e-07,7.772456853150997e-17
0.0902890289028903,1.1533440320872303e-05,5.962864786554864e-07,7.772456853150997e-17
0.0902990299029903,1.1533440320888674e-05,5.9628647863108e-07,7.772456853150997e-17
0.09030903090309031,1.153344032088692e-05,5.962864786593117e-07,7.772456853150997e-17
0.09031903190319032,1.1533440320860322e-05,5.962864786525381e-07,7.772456853150997e-17
0.09032903290329033,1.1533440320897736e-05,5.96286478637922e-07,7.772456853150997e-17
0.09033903390339035,1.1533440320914326e-05,5.962864786358065e-07,7.772456853150997e-17
0.09034903490349035,1.1533440320904205e-05,5.962864786318172e-07,7.772456853150997e-17
0.09035903590359036,1.1533440320901725e-05,5.962864786475692e-07,7.772456853150997e-17
0.09036903690369037,1.153344032095925e-05,5.962864786245069e-07,7.772456853150997e-17
0.09037903790379039,1.1533440320911549e-05,5.962864786345233e-07,7.772456853150997e-17
0.0903890389038904,1.1533440320880246e-05,5.96286478633516e-07,7.772456853150997e-17
0.0903990399039904,1.1533440320873106e-05,5.962864786468875e-07,7.772456853150997e-17
0.09040904090409041,1.1533440320832472e-05,5.962864786551703e-07,7.772456853150997e-17
0.09041904190419042,1.1533440320836526e-05,5.962864786777265e-07,7.772456853150997e-17
0.09042904290429044,1.1533440320853317e-05,5.962864786978937e-07,7.772456853150997e-17
0.09043904390439045,1.1533440320882584e-05,5.962864786857675e-07,7.772456853150997e-17
0.09044904490449045,1.1533440320914932e-05,5.962864787172214e-07,7.772456853150997e-17
0.09045904590459046,1.1533440320915711e-05,5.962864786699747e-07,7.772456853150997e-17
0.09046904690469047,1.153344032086537e-05,5.962864787029893e-07,7.772456853150997e-17
0.09047904790479049,1.1533440320847261e-05,5.96286478693903e-07,7.772456853150997e-17
0.0904890489048905,1.1533440320808414e-05,5.962864787398548e-07,7.772456853150997e-17
0.0904990499049905,1.1533440320809885e-05,5.96286478761009e-07,7.772456853150997e-17
0.09050905090509051,1.1533440320807915e-05,5.962864787882137e-07,7.772456853150997e-17
0.09051905190519052,1.1533440320859202e-05,5.962864788065953e-07,7.772456853150997e-17
0.09052905290529054,1.1533440320919833e-05,5.962864788528502e-07,7.772456853150997e-17
0.09053905390539055,1.1533440320934075e-05,5.962864788528073e-07,7.772456853150997e-17
0.09054905490549055,1.1533440320964536e-05,5.962864789145059e-07,7.772456853150997e-17
0.09055905590559056,1.1533440320973584e-05,5.962864789019145e-07,7.772456853150997e-17
0.09056905690569057,1.1533440320976037e-05,5.962864789280193e-07,7.772456853150997e-17
0.09057905790579059,1.1533440320995051e-05,5.962864789319623e-07,7.772456853150997e-17
0.0905890589058906,1.1533440320960138e-05,5.962864789325515e-07,7.772456853150997e-17
0.0905990599059906,1.1533440320964245e-05,5.962864789444299e-07,7.772456853150997e-17
0.09060906090609061,1.1533440320965314e-05,5.962864789771293e-07,7.772456853150997e-17
0.09061906190619062,1.1533440320957335e-05,5.962864790056377e-07,7.772456853150997e-17
0.09062906290629064,1.1533440321003369e-05,5.962864790405554e-07,7.772456853150997e-17
0.09063906390639065,1.1533440320999932e-05,5.962864790363354e-07,7.772456853150997e-17
0.09064906490649065,1.1533440321077081e-05,5.962864790112424e-07,7.772456853150997e-17
0.09065906590659066,1.1533440321168093e-05,5.962864790027477e-07,7.772456853150997e-17
0.09066906690669067,1.153344032119789e-05,5.962864790304997e-07,7.772456853150997e-17
0.09067906790679069,1.1533440321188778e-05,5.962864790167061e-07,7.772456853150997e-17
0.09068906890689069,1.1533440321221922e-05,5.962864790686913e-07,7.772456853150997e-17
0.0906990699069907,1.1533440321171319e-05,5.962864790841368e-07,7.772456853150997e-17
0.09070907090709071,1.153344032117591e-05,5.96286479118619e-07,7.772456853150997e-17
0.09071907190719072,1.1533440321186167e-05,5.962864791575071e-07,7.772456853150997e-17
0.09072907290729074,1.1533440321161488e-05,5.962864791638763e-07,7.772456853150997e-17
0.09073907390739074,1.1533440321173646e-05,5.962864791638743e-07,7.772456853150997e-17
0.09074907490749075,1.153344032112987e-05,5.962864791598397e-07,7.772456853150997e-17
0.09075907590759076,1.1533440321096563e-05,5.962864792027335e-07,7.772456853150997e-17
0.09076907690769077,1.1533440321083058e-05,5.962864792174343e-07,7.772456853150997e-17
0.09077907790779079,1.1533440321099556e-05,5.962864792393387e-07,7.772456853150997e-17
0.09078907890789079,1.1533440321077127e-05,5.962864792325158e-07,7.772456853150997e-17
0.0907990799079908,1.1533440321091266e-05,5.962864792768973e-07,7.772456853150997e-17
0.09080908090809081,1.1533440321112645e-05,5.962864792802403e-07,7.772456853150997e-17
0.09081908190819082,1.1533440321126426e-05,5.962864792927646e-07,7.772456853150997e-17
0.09082908290829084,1.1533440321084701e-05,5.96286479333413e-07,7.772456853150997e-17
0.09083908390839084,1.1533440321099477e-05,5.962864793337941e-07,7.772456853150997e-17
0.09084908490849085,1.1533440321129343e-05,5.962864793150797e-07,7.772456853150997e-17
0.09085908590859086,1.153344032114913e-05,5.962864792726486e-07,7.772456853150997e-17
0.09086908690869087,1.1533440321207646e-05,5.962864792965196e-07,7.772456853150997e-17
0.09087908790879089,1.1533440321245853e-05,5.962864793145978e-07,7.772456853150997e-17
0.09088908890889089,1.1533440321286319e-05,5.962864793004176e-07,7.772456853150997e-17
0.0908990899089909,1.1533440321300412e-05,5.962864793239974e-07,7.772456853150997e-17
0.09090909090909091,1.1533440321315533e-05,5.9628647935085e-07,7.772456853150997e-17
0.09091909190919092,1.1533440321314435e-05,5.962864793945359e-07,7.772456853150997e-17
0.09092909290929094,1.1533440321331915e-05,5.962864793644372e-07,7.772456853150997e-17
0.09093909390939094,1.1533440321334598e-05,5.962864793556065e-07,7.772456853150997e-17
0.09094909490949095,1.1533440321284608e-05,5.962864793395384e-07,7.772456853150997e-17
0.09095909590959096,1.1533440321312014e-05,5.96286479342133e-07,7.772456853150997e-17
0.09096909690969097,1.1533440321334605e-05,5.962864793789428e-07,7.772456853150997e-17
0.09097909790979099,1.1533440321384888e-05,5.962864793816545e-07,7.772456853150997e-17
0.09098909890989099,1.153344032137416e-05,5.962864793975842e-07,7.772456853150997e-17
0.090999099909991,1.153344032134699e-05,5.962864794092212e-07,7.772456853150997e-17
0.09100910091009101,1.1533440321296995e-05,5.96286479427222e-07,7.772456853150997e-17
0.09101910191019102,1.1533440321314022e-05,5.962864794629122e-07,7.772456853150997e-17
0.09102910291029104,1.1533440321316212e-05,5.962864794748592e-07,7.772456853150997e-17
0.09103910391039104,1.1533440321306763e-05,5.962864794899752e-07,7.772456853150997e-17
0.09104910491049105,1.1533440321366792e-05,5.962864795269361e-07,7.772456853150997e-17
0.09105910591059106,1.153344032136167e-05,5.962864795563964e-07,7.772456853150997e-17
0.09106910691069107,1.1533440321398268e-05,5.962864795491361e-07,7.772456853150997e-17
0.09107910791079109,1.1533440321391475e-05,5.96286479542589e-07,7.772456853150997e-17
0.09108910891089109,1.1533440321409098e-05,5.962864795325815e-07,7.772456853150997e-17
0.0910991099109911,1.1533440321440604e-05,5.962864795821265e-07,7.772456853150997e-17
0.09110911091109111,1.1533440321508221e-05,5.962864795730121e-07,7.772456853150997e-17
0.09111911191119113,1.1533440321524025e-05,5.962864796232929e-07,7.772456853150997e-17
0.09112911291129114,1.1533440321515345e-05,5.962864796361409e-07,7.772456853150997e-17
0.09113911391139114,1.1533440321535497e-05,5.962864796516833e-07,7.772456853150997e-17
0.09114911491149115,1.1533440321562013e-05,5.962864796778018e-07,7.772456853150997e-17
0.09115911591159116,1.1533440321604508e-05,5.962864796813763e-07,7.772456853150997e-17
0.09116911691169118,1.1533440321628339e-05,5.962864797229733e-07,7.772456853150997e-17
0.09117911791179119,1.1533440321651236e-05,5.96286479738523e-07,7.772456853150997e-17
0.09118911891189119,1.1533440321677643e-05,5.9628647979116e-07,7.772456853150997e-17
0.0911991199119912,1.1533440321722871e-05,5.962864797567654e-07,7.772456853150997e-17
0.09120912091209121,1.1533440321752309e-05,5.962864797708323e-07,7.772456853150997e-17
0.09121912191219123,1.1533440321804403e-05,5.962864798017808e-07,7.772456853150997e-17
0.09122912291229124,1.153344032184179e-05,5.962864797994772e-07,7.772456853150997e-17
0.09123912391239124,1.153344032190466e-05,5.962864798108846e-07,7.772456853150997e-17
0.09124912491249125,1.1533440321894671e-05,5.96286479791219e-07,7.772456853150997e-17
0.09125912591259126,1.1533440321935991e-05,5.962864798440073e-07,7.772456853150997e-17
0.09126912691269128,1.1533440321998043e-05,5.962864798747413e-07,7.772456853150997e-17
0.09127912791279129,1.1533440322004904e-05,5.962864798643554e-07,7.772456853150997e-17
0.09128912891289129,1.1533440322030712e-05,5.962864799107037e-07,7.772456853150997e-17
0.0912991299129913,1.1533440322098952e-05,5.962864799330798e-07,7.772456853150997e-17
0.09130913091309131,1.1533440322170238e-05,5.962864799676477e-07,7.772456853150997e-17
0.09131913191319133,1.1533440322204489e-05,5.962864799973813e-07,7.772456853150997e-17
0.09132913291329134,1.1533440322250273e-05,5.962864799939358e-07,7.772456853150997e-17
0.09133913391339134,1.1533440322281232e-05,5.962864800057199e-07,7.772456853150997e-17
0.09134913491349135,1.1533440322283028e-05,5.962864800441851e-07,7.772456853150997e-17
0.09135913591359136,1.1533440322280835e-05,5.962864800435015e-07,7.772456853150997e-17
0.09136913691369138,1.1533440322308625e-05,5.962864800366227e-07,7.772456853150997e-17
0.09137913791379139,1.15334403223118e-05,5.962864800355208e-07,7.772456853150997e-17
0.09138913891389139,1.153344032228889e-05,5.96286480092329e-07,7.772456853150997e-17
0.0913991399139914,1.1533440322270134e-05,5.962864800909055e-07,7.772456853150997e-17
0.09140914091409141,1.1533440322249056e-05,5.962864800868613e-07,7.772456853150997e-17
0.09141914191419143,1.1533440322262052e-05,5.962864800676205e-07,7.772456853150997e-17
0.09142914291429143,1.1533440322227132e-05,5.962864800552218e-07,7.772456853150997e-17
0.09143914391439144,1.1533440322217467e-05,5.962864800712554e-07,7.772456853150997e-17
0.09144914491449145,1.153344032218862e-05,5.962864800585851e-07,7.772456853150997e-17
0.09145914591459146,1.1533440322178892e-05,5.96286480079136e-07,7.772456853150997e-17
0.09146914691469148,1.153344032218499e-05,5.962864800906602e-07,7.772456853150997e-17
0.09147914791479148,1.1533440322236422e-05,5.962864801098238e-07,7.772456853150997e-17
0.09148914891489149,1.1533440322247916e-05,5.962864801411573e-07,7.772456853150997e-17
0.0914991499149915,1.1533440322241357e-05,5.962864801051163e-07,7.772456853150997e-17
0.09150915091509151,1.1533440322240869e-05,5.962864801389268e-07,7.772456853150997e-17
0.09151915191519153,1.1533440322224304e-05,5.962864801361602e-07,7.772456853150997e-17
0.09152915291529153,1.1533440322241765e-05,5.96286480130296e-07,7.772456853150997e-17
0.09153915391539154,1.1533440322207896e-05,5.962864801416859e-07,7.772456853150997e-17
0.09154915491549155,1.1533440322174838e-05,5.962864801087797e-07,7.772456853150997e-17
0.09155915591559156,1.1533440322179381e-05,5.962864801360871e-07,7.772456853150997e-17
0.09156915691569158,1.1533440322200535e-05,5.962864801464607e-07,7.772456853150997e-17
0.09157915791579158,1.153344032219949e-05,5.962864801524732e-07,7.772456853150997e-17
0.09158915891589159,1.1533440322231557e-05,5.962864801637941e-07,7.772456853150997e-17
0.0915991599159916,1.1533440322266629e-05,5.962864802094416e-07,7.772456853150997e-17
0.09160916091609161,1.1533440322301684e-05,5.962864802162393e-07,7.772456853150997e-17
0.09161916191619163,1.1533440322264106e-05,5.962864801927454e-07,7.772456853150997e-17
0.09162916291629163,1.1533440322258677e-05,5.962864802033123e-07,7.772456853150997e-17
0.09163916391639164,1.153344032228178e-05,5.962864801977141e-07,7.772456853150997e-17
0.09164916491649165,1.1533440322265238e-05,5.962864802203412e-07,7.772456853150997e-17
0.09165916591659166,1.1533440322269951e-05,5.962864802591464e-07,7.772456853150997e-17
0.09166916691669168,1.1533440322297071e-05,5.962864802512216e-07,7.772456853150997e-17
0.09167916791679168,1.1533440322324097e-05,5.96286480235418e-07,7.772456853150997e-17
0.09168916891689169,1.1533440322315086e-05,5.962864802470434e-07,7.772456853150997e-17
0.0916991699169917,1.1533440322366315e-05,5.962864802877775e-07,7.772456853150997e-17
0.09170917091709171,1.1533440322375203e-05,5.962864802995541e-07,7.772456853150997e-17
0.09171917191719173,1.1533440322419435e-05,5.962864803038257e-07,7.772456853150997e-17
0.09172917291729173,1.1533440322436967e-05,5.962864802938016e-07,7.772456853150997e-17
0.09173917391739174,1.1533440322462651e-05,5.962864803115652e-07,7.772456853150997e-17
0.09174917491749175,1.1533440322502722e-05,5.962864803018443e-07,7.772456853150997e-17
0.09175917591759176,1.1533440322472226e-05,5.962864802994383e-07,7.772456853150997e-17
0.09176917691769178,1.1533440322487725e-05,5.96286480306702e-07,7.772456853150997e-17
0.09177917791779178,1.1533440322491774e-05,5.9628648031965e-07,7.772456853150997e-17
0.09178917891789179,1.1533440322517634e-05,5.962864803362689e-07,7.772456853150997e-17
0.0917991799179918,1.1533440322590472e-05,5.962864803266885e-07,7.772456853150997e-17
0.09180918091809182,1.1533440322593116e-05,5.96286480320836e-07,7.772456853150997e-17
0.09181918191819183,1.1533440322601566e-05,5.962864803100726e-07,7.772456853150997e-17
0.09182918291829183,1.153344032261755e-05,5.962864803147488e-07,7.772456853150997e-17
0.09183918391839184,1.1533440322626654e-05,5.962864803536018e-07,7.772456853150997e-17
0.09184918491849185,1.1533440322634727e-05,5.962864803842755e-07,7.772456853150997e-17
0.09185918591859187,1.1533440322653842e-05,5.962864804174278e-07,7.772456853150997e-17
0.09186918691869188,1.153344032265886e-05,5.962864804255415e-07,7.772456853150997e-17
0.09187918791879188,1.1533440322651756e-05,5.962864805109148e-07,7.772456853150997e-17
0.09188918891889189,1.1533440322615197e-05,5.962864805301807e-07,7.772456853150997e-17
0.0918991899189919,1.1533440322561459e-05,5.962864805410184e-07,7.772456853150997e-17
0.09190919091909192,1.1533440322573196e-05,5.962864805283709e-07,7.772456853150997e-17
0.09191919191919193,1.1533440322586706e-05,5.962864805527573e-07,7.772456853150997e-17
0.09192919291929193,1.153344032262991e-05,5.962864805484354e-07,7.772456853150997e-17
0.09193919391939194,1.1533440322683412e-05,5.96286480545608e-07,7.772456853150997e-17
0.09194919491949195,1.1533440322671082e-05,5.962864805467337e-07,7.772456853150997e-17
0.09195919591959197,1.1533440322720652e-05,5.962864805532056e-07,7.772456853150997e-17
0.09196919691969198,1.153344032271768e-05,5.962864805285001e-07,7.772456853150997e-17
0.09197919791979198,1.1533440322723456e-05,5.962864805182486e-07,7.772456853150997e-17
0.09198919891989199,1.1533440322703235e-05,5.962864805454937e-07,7.772456853150997e-17
0.091999199919992,1.153344032269757e-05,5.96286480592224e-07,7.772456853150997e-17
0.09200920092009202,1.1533440322725343e-05,5.962864805666136e-07,7.772456853150997e-17
0.09201920192019203,1.1533440322772585e-05,5.962864805875054e-07,7.772456853150997e-17
0.09202920292029203,1.15334403228092e-05,5.962864805668866e-07,7.772456853150997e-17
0.09203920392039204,1.1533440322818357e-05,5.96286480551213e-07,7.772456853150997e-17
0.09204920492049205,1.1533440322845193e-05,5.962864805347535e-07,7.772456853150997e-17
0.09205920592059207,1.153344032286718e-05,5.962864805577347e-07,7.772456853150997e-17
0.09206920692069208,1.1533440322893301e-05,5.962864806044466e-07,7.772456853150997e-17
0.09207920792079208,1.1533440322893601e-05,5.962864806133439e-07,7.772456853150997e-17
0.09208920892089209,1.1533440322852437e-05,5.962864806055194e-07,7.772456853150997e-17
0.0920992099209921,1.1533440322859025e-05,5.962864806059711e-07,7.772456853150997e-17
0.09210921092109212,1.1533440322855078e-05,5.962864805824568e-07,7.772456853150997e-17
0.09211921192119213,1.1533440322906108e-05,5.96286480627662e-07,7.772456853150997e-17
0.09212921292129213,1.1533440322927382e-05,5.962864806143438e-07,7.772456853150997e-17
0.09213921392139214,1.1533440322945622e-05,5.962864806491045e-07,7.772456853150997e-17
0.09214921492149215,1.153344032298422e-05,5.962864806924756e-07,7.772456853150997e-17
0.09215921592159217,1.1533440322999826e-05,5.962864807011933e-07,7.772456853150997e-17
0.09216921692169217,1.1533440323041932e-05,5.96286480719363e-07,7.772456853150997e-17
0.09217921792179218,1.1533440323062194e-05,5.962864807376932e-07,7.772456853150997e-17
0.09218921892189219,1.1533440323050031e-05,5.962864807116303e-07,7.772456853150997e-17
0.0921992199219922,1.1533440323079926e-05,5.962864807455759e-07,7.772456853150997e-17
0.09220922092209222,1.1533440323079347e-05,5.962864807258919e-07,7.772456853150997e-17
0.09221922192219222,1.153344032307295e-05,5.962864807413793e-07,7.772456853150997e-17
0.09222922292229223,1.1533440323079942e-05,5.962864807492463e-07,7.772456853150997e-17
0.09223922392239224,1.1533440323102415e-05,5.962864807549847e-07,7.772456853150997e-17
0.09224922492249225,1.1533440323155636e-05,5.962864807578703e-07,7.772456853150997e-17
0.09225922592259227,1.1533440323174049e-05,5.962864807562357e-07,7.772456853150997e-17
0.09226922692269227,1.1533440323184847e-05,5.962864807749413e-07,7.772456853150997e-17
0.09227922792279228,1.1533440323217096e-05,5.96286480796144e-07,7.772456853150997e-17
0.09228922892289229,1.1533440323219231e-05,5.962864808305634e-07,7.772456853150997e-17
0.0922992299229923,1.1533440323270282e-05,5.962864808465558e-07,7.772456853150997e-17
0.09230923092309232,1.1533440323269613e-05,5.962864808441413e-07,7.772456853150997e-17
0.09231923192319232,1.1533440323281197e-05,5.962864808850897e-07,7.772456853150997e-17
0.09232923292329233,1.1533440323318119e-05,5.96286480908266e-07,7.772456853150997e-17
0.09233923392339234,1.15334403233827e-05,5.962864809437321e-07,7.772456853150997e-17
0.09234923492349235,1.1533440323384587e-05,5.962864809743474e-07,7.772456853150997e-17
0.09235923592359237,1.1533440323390291e-05,5.962864809454398e-07,7.772456853150997e-17
0.09236923692369237,1.1533440323364538e-05,5.96286480954339e-07,7.772456853150997e-17
0.09237923792379238,1.1533440323309023e-05,5.962864809555762e-07,7.772456853150997e-17
0.09238923892389239,1.1533440323291415e-05,5.962864809729655e-07,7.772456853150997e-17
0.0923992399239924,1.1533440323318525e-05,5.962864810082497e-07,7.772456853150997e-17
0.09240924092409242,1.1533440323295574e-05,5.962864810305969e-07,7.772456853150997e-17
0.09241924192419242,1.1533440323319518e-05,5.962864810019017e-07,7.772456853150997e-17
0.09242924292429243,1.1533440323332749e-05,5.962864809894003e-07,7.772456853150997e-17
0.09243924392439244,1.1533440323338698e-05,5.962864810314028e-07,7.772456853150997e-17
0.09244924492449245,1.1533440323369916e-05,5.962864810253989e-07,7.772456853150997e-17
0.09245924592459247,1.153344032341938e-05,5.962864809883933e-07,7.772456853150997e-17
0.09246924692469247,1.1533440323423376e-05,5.962864810125737e-07,7.772456853150997e-17
0.09247924792479248,1.1533440323408622e-05,5.962864810083962e-07,7.772456853150997e-17
0.09248924892489249,1.1533440323419666e-05,5.96286481022957e-07,7.772456853150997e-17
0.0924992499249925,1.1533440323417357e-05,5.962864810669773e-07,7.772456853150997e-17
0.09250925092509252,1.1533440323397406e-05,5.96286481067949e-07,7.772456853150997e-17
0.09251925192519252,1.1533440323379935e-05,5.962864810701144e-07,7.772456853150997e-17
0.09252925292529253,1.1533440323384702e-05,5.962864810691305e-07,7.772456853150997e-17
0.09253925392539254,1.1533440323369142e-05,5.962864810806819e-07,7.772456853150997e-17
0.09254925492549256,1.1533440323363848e-05,5.962864810640824e-07,7.772456853150997e-17
0.09255925592559257,1.1533440323415217e-05,5.962864810734597e-07,7.772456853150997e-17
0.09256925692569257,1.153344032348012e-05,5.962864811136619e-07,7.772456853150997e-17
0.09257925792579258,1.1533440323592024e-05,5.962864811214032e-07,7.772456853150997e-17
0.09258925892589259,1.1533440323632668e-05,5.962864811595632e-07,7.772456853150997e-17
0.0925992599259926,1.1533440323653578e-05,5.962864811619647e-07,7.772456853150997e-17
0.09260926092609262,1.1533440323692204e-05,5.962864811871712e-07,7.772456853150997e-17
0.09261926192619262,1.1533440323724886e-05,5.962864811926023e-07,7.772456853150997e-17
0.09262926292629263,1.1533440323744447e-05,5.962864811984222e-07,7.772456853150997e-17
0.09263926392639264,1.1533440323768315e-05,5.9628648125548e-07,7.772456853150997e-17
0.09264926492649266,1.1533440323798044e-05,5.962864812637126e-07,7.772456853150997e-17
0.09265926592659267,1.1533440323843728e-05,5.962864813076199e-07,7.772456853150997e-17
0.09266926692669267,1.1533440323878153e-05,5.962864813458316e-07,7.772456853150997e-17
0.09267926792679268,1.1533440323927872e-05,5.962864813074735e-07,7.772456853150997e-17
0.09268926892689269,1.153344032400131e-05,5.962864812961039e-07,7.772456853150997e-17
0.0926992699269927,1.1533440324035698e-05,5.962864812858338e-07,7.772456853150997e-17
0.09270927092709272,1.1533440324040187e-05,5.962864812895207e-07,7.772456853150997e-17
0.09271927192719272,1.1533440324084206e-05,5.962864813090179e-07,7.772456853150997e-17
0.09272927292729273,1.1533440324144047e-05,5.962864813520306e-07,7.772456853150997e-17
0.09273927392739274,1.153344032417629e-05,5.962864813378116e-07,7.772456853150997e-17
0.09274927492749276,1.1533440324164764e-05,5.962864813421482e-07,7.772456853150997e-17
0.09275927592759277,1.153344032422922e-05,5.962864813506631e-07,7.772456853150997e-17
0.09276927692769277,1.1533440324335915e-05,5.962864813735458e-07,7.772456853150997e-17
0.09277927792779278,1.153344032439629e-05,5.962864813351792e-07,7.772456853150997e-17
0.0927892789278928,1.153344032441314e-05,5.962864813437836e-07,7.772456853150997e-17
0.0927992799279928,1.1533440324452685e-05,5.962864813436486e-07,7.772456853150997e-17
0.09280928092809282,1.1533440324485925e-05,5.962864813538763e-07,7.772456853150997e-17
0.09281928192819282,1.153344032449861e-05,5.962864813389848e-07,7.772456853150997e-17
0.09282928292829283,1.1533440324512976e-05,5.962864813227762e-07,7.772456853150997e-17
0.09283928392839284,1.1533440324520777e-05,5.962864813598527e-07,7.772456853150997e-17
0.09284928492849286,1.1533440324557192e-05,5.96286481393471e-07,7.772456853150997e-17
0.09285928592859287,1.153344032453413e-05,5.96286481387601e-07,7.772456853150997e-17
0.09286928692869287,1.1533440324549008e-05,5.962864813824522e-07,7.772456853150997e-17
0.09287928792879288,1.1533440324563547e-05,5.962864813975388e-07,7.772456853150997e-17
0.0928892889288929,1.153344032456605e-05,5.962864814373466e-07,7.772456853150997e-17
0.0928992899289929,1.1533440324584236e-05,5.962864814206957e-07,7.772456853150997e-17
0.09290929092909292,1.1533440324620554e-05,5.962864814148422e-07,7.772456853150997e-17
0.09291929192919292,1.1533440324586097e-05,5.962864814292149e-07,7.772456853150997e-17
0.09292929292929293,1.1533440324571695e-05,5.962864814562173e-07,7.772456853150997e-17
0.09293929392939294,1.1533440324508652e-05,5.962864814497587e-07,7.772456853150997e-17
0.09294929492949296,1.1533440324530264e-05,5.962864814106372e-07,7.772456853150997e-17
0.09295929592959296,1.1533440324536242e-05,5.962864814408057e-07,7.772456853150997e-17
0.09296929692969297,1.1533440324575925e-05,5.96286481482754e-07,7.772456853150997e-17
0.09297929792979298,1.1533440324603996e-05,5.962864814700082e-07,7.772456853150997e-17
0.092989298929893,1.1533440324629947e-05,5.962864814452763e-07,7.772456853150997e-17
0.092999299929993,1.1533440324617728e-05,5.962864814790099e-07,7.772456853150997e-17
0.093009300930093,1.1533440324596286e-05,5.962864814690127e-07,7.772456853150997e-17
0.09301930193019302,1.153344032457671e-05,5.962864814505794e-07,7.772456853150997e-17
0.09302930293029303,1.1533440324532403e-05,5.962864814532124e-07,7.772456853150997e-17
0.09303930393039304,1.1533440324554204e-05,5.96286481434962e-07,7.772456853150997e-17
0.09304930493049306,1.153344032454106e-05,5.962864814272774e-07,7.772456853150997e-17
0.09305930593059306,1.1533440324528971e-05,5.962864814268512e-07,7.772456853150997e-17
0.09306930693069307,1.1533440324465952e-05,5.962864814212305e-07,7.772456853150997e-17
0.09307930793079308,1.1533440324421682e-05,5.962864814617166e-07,7.772456853150997e-17
0.0930893089308931,1.1533440324387987e-05,5.962864814743939e-07,7.772456853150997e-17
0.09309930993099311,1.1533440324434218e-05,5.962864814854777e-07,7.772456853150997e-17
0.0931093109310931,1.1533440324384133e-05,5.96286481466732e-07,7.772456853150997e-17
0.09311931193119312,1.1533440324385824e-05,5.962864814921278e-07,7.772456853150997e-17
0.09312931293129313,1.1533440324409954e-05,5.962864815075864e-07,7.772456853150997e-17
0.09313931393139314,1.1533440324400278e-05,5.962864815285786e-07,7.772456853150997e-17
0.09314931493149316,1.1533440324400115e-05,5.962864815450403e-07,7.772456853150997e-17
0.09315931593159316,1.153344032439781e-05,5.962864815409303e-07,7.772456853150997e-17
0.09316931693169317,1.1533440324363944e-05,5.96286481510205e-07,7.772456853150997e-17
0.09317931793179318,1.1533440324337077e-05,5.962864814710416e-07,7.772456853150997e-17
0.0931893189318932,1.1533440324294514e-05,5.962864814738712e-07,7.772456853150997e-17
0.09319931993199321,1.1533440324258827e-05,5.962864814633205e-07,7.772456853150997e-17
0.0932093209320932,1.1533440324216814e-05,5.962864814760318e-07,7.772456853150997e-17
0.09321932193219322,1.1533440324230016e-05,5.962864815217965e-07,7.772456853150997e-17
0.09322932293229323,1.1533440324262972e-05,5.962864815321968e-07,7.772456853150997e-17
0.09323932393239324,1.1533440324238469e-05,5.962864815553031e-07,7.772456853150997e-17
0.09324932493249326,1.1533440324252972e-05,5.962864815457317e-07,7.772456853150997e-17
0.09325932593259326,1.153344032425153e-05,5.962864815814775e-07,7.772456853150997e-17
0.09326932693269327,1.153344032422795e-05,5.962864815882307e-07,7.772456853150997e-17
0.09327932793279328,1.1533440324216622e-05,5.962864815829155e-07,7.772456853150997e-17
0.0932893289328933,1.15334403242558e-05,5.962864816411883e-07,7.772456853150997e-17
0.09329932993299331,1.1533440324271857e-05,5.96286481635529e-07,7.772456853150997e-17
0.0933093309330933,1.1533440324341385e-05,5.962864816239196e-07,7.772456853150997e-17
0.09331933193319332,1.1533440324346005e-05,5.962864816668335e-07,7.772456853150997e-17
0.09332933293329333,1.1533440324341382e-05,5.962864816582173e-07,7.772456853150997e-17
0.09333933393339335,1.1533440324342095e-05,5.962864816612467e-07,7.772456853150997e-17
0.09334933493349336,1.1533440324359488e-05,5.962864816903491e-07,7.772456853150997e-17
0.09335933593359336,1.1533440324331314e-05,5.962864817155856e-07,7.772456853150997e-17
0.09336933693369337,1.153344032430669e-05,5.962864817631865e-07,7.772456853150997e-17
0.09337933793379338,1.1533440324307521e-05,5.962864818121932e-07,7.772456853150997e-17
0.0933893389338934,1.1533440324333764e-05,5.962864818286764e-07,7.772456853150997e-17
0.09339933993399341,1.1533440324333222e-05,5.962864818406653e-07,7.772456853150997e-17
0.09340934093409341,1.1533440324366864e-05,5.962864818666206e-07,7.772456853150997e-17
0.09341934193419342,1.1533440324377464e-05,5.96286481837975e-07,7.772456853150997e-17
0.09342934293429343,1.153344032442032e-05,5.962864818496238e-07,7.772456853150997e-17
0.09343934393439345,1.1533440324446033e-05,5.96286481842238e-07,7.772456853150997e-17
0.09344934493449346,1.1533440324499006e-05,5.962864818576547e-07,7.772456853150997e-17
0.09345934593459346,1.1533440324552634e-05,5.962864818376756e-07,7.772456853150997e-17
0.09346934693469347,1.1533440324586706e-05,5.962864818638459e-07,7.772456853150997e-17
0.09347934793479348,1.1533440324614692e-05,5.962864818862314e-07,7.772456853150997e-17
0.0934893489348935,1.1533440324600782e-05,5.962864819206736e-07,7.772456853150997e-17
0.09349934993499351,1.1533440324638245e-05,5.962864819345846e-07,7.772456853150997e-17
0.09350935093509351,1.1533440324643144e-05,5.962864819855886e-07,7.772456853150997e-17
0.09351935193519352,1.1533440324700946e-05,5.962864820093887e-07,7.772456853150997e-17
0.09352935293529353,1.1533440324679316e-05,5.962864820057057e-07,7.772456853150997e-17
0.09353935393539355,1.1533440324708029e-05,5.962864820432602e-07,7.772456853150997e-17
0.09354935493549356,1.1533440324709541e-05,5.962864820481238e-07,7.772456853150997e-17
0.09355935593559356,1.1533440324733457e-05,5.962864820630493e-07,7.772456853150997e-17
0.09356935693569357,1.1533440324780076e-05,5.962864820665533e-07,7.772456853150997e-17
0.09357935793579358,1.153344032484832e-05,5.96286482103886e-07,7.772456853150997e-17
0.0935893589358936,1.1533440324935935e-05,5.962864821095809e-07,7.772456853150997e-17
0.09359935993599361,1.1533440325005876e-05,5.962864821640433e-07,7.772456853150997e-17
0.09360936093609361,1.1533440325002767e-05,5.962864821804116e-07,7.772456853150997e-17
0.09361936193619362,1.1533440325041356e-05,5.962864822165276e-07,7.772456853150997e-17
0.09362936293629363,1.1533440325085968e-05,5.962864822856583e-07,7.772456853150997e-17
0.09363936393639365,1.1533440325077892e-05,5.962864823064705e-07,7.772456853150997e-17
0.09364936493649366,1.153344032514512e-05,5.962864823375988e-07,7.772456853150997e-17
0.09365936593659366,1.153344032515575e-05,5.96286482354743e-07,7.772456853150997e-17
0.09366936693669367,1.1533440325219565e-05,5.962864823511412e-07,7.772456853150997e-17
0.09367936793679368,1.1533440325217317e-05,5.962864823666882e-07,7.772456853150997e-17
0.0936893689368937,1.1533440325148714e-05,5.962864824090766e-07,7.772456853150997e-17
0.0936993699369937,1.1533440325165955e-05,5.962864824091282e-07,7.772456853150997e-17
0.09370937093709371,1.1533440325152552e-05,5.962864823836165e-07,7.772456853150997e-17
0.09371937193719372,1.153344032513455e-05,5.962864824122071e-07,7.772456853150997e-17
0.09372937293729373,1.1533440325201524e-05,5.962864824089974e-07,7.772456853150997e-17
0.09373937393739375,1.1533440325211407e-05,5.96286482429218e-07,7.772456853150997e-17
0.09374937493749375,1.1533440325249066e-05,5.962864824527562e-07,7.772456853150997e-17
0.09375937593759376,1.153344032528516e-05,5.962864824544667e-07,7.772456853150997e-17
0.09376937693769377,1.1533440325315595e-05,5.962864824501808e-07,7.772456853150997e-17
0.09377937793779378,1.1533440325357613e-05,5.962864824814958e-07,7.772456853150997e-17
0.0937893789378938,1.1533440325350744e-05,5.962864824976011e-07,7.772456853150997e-17
0.0937993799379938,1.1533440325358938e-05,5.962864825483446e-07,7.772456853150997e-17
0.09380938093809381,1.153344032536652e-05,5.962864825480278e-07,7.772456853150997e-17
0.09381938193819382,1.1533440325360249e-05,5.96286482542346e-07,7.772456853150997e-17
0.09382938293829383,1.1533440325363376e-05,5.962864825493563e-07,7.772456853150997e-17
0.09383938393839385,1.1533440325337564e-05,5.962864825884873e-07,7.772456853150997e-17
0.09384938493849385,1.1533440325342065e-05,5.962864826001282e-07,7.772456853150997e-17
0.09385938593859386,1.1533440325358347e-05,5.96286482636646e-07,7.772456853150997e-17
0.09386938693869387,1.1533440325340991e-05,5.962864826646395e-07,7.772456853150997e-17
0.09387938793879388,1.1533440325383676e-05,5.962864826761276e-07,7.772456853150997e-17
0.0938893889388939,1.1533440325402709e-05,5.962864826650559e-07,7.772456853150997e-17
0.0938993899389939,1.1533440325425964e-05,5.962864826907251e-07,7.772456853150997e-17
0.09390939093909391,1.153344032545756e-05,5.962864826669062e-07,7.772456853150997e-17
0.09391939193919392,1.1533440325502695e-05,5.962864827088526e-07,7.772456853150997e-17
0.09392939293929393,1.1533440325500462e-05,5.962864826997443e-07,7.772456853150997e-17
0.09393939393939395,1.1533440325479344e-05,5.962864826733485e-07,7.772456853150997e-17
0.09394939493949395,1.153344032551978e-05,5.962864827190219e-07,7.772456853150997e-17
0.09395939593959396,1.15334403255437e-05,5.962864826918353e-07,7.772456853150997e-17
0.09396939693969397,1.1533440325517794e-05,5.96286482739891e-07,7.772456853150997e-17
0.09397939793979398,1.1533440325540074e-05,5.962864827466416e-07,7.772456853150997e-17
0.093989398939894,1.1533440325580473e-05,5.962864827680806e-07,7.772456853150997e-17
0.093999399939994,1.1533440325594494e-05,5.962864827544044e-07,7.772456853150997e-17
0.09400940094009401,1.1533440325642796e-05,5.96286482739504e-07,7.772456853150997e-17
0.09401940194019402,1.1533440325616812e-05,5.962864827377999e-07,7.772456853150997e-17
0.09402940294029404,1.1533440325613614e-05,5.962864827225642e-07,7.772456853150997e-17
0.09403940394039405,1.1533440325627071e-05,5.962864827467847e-07,7.772456853150997e-17
0.09404940494049405,1.1533440325695203e-05,5.962864827504951e-07,7.772456853150997e-17
0.09405940594059406,1.1533440325699459e-05,5.962864827306449e-07,7.772456853150997e-17
0.09406940694069407,1.1533440325712732e-05,5.962864827280249e-07,7.772456853150997e-17
0.09407940794079409,1.1533440325743577e-05,5.962864826954678e-07,7.772456853150997e-17
0.0940894089408941,1.1533440325801943e-05,5.962864827111776e-07,7.772456853150997e-17
0.0940994099409941,1.1533440325796214e-05,5.96286482735739e-07,7.772456853150997e-17
0.09410941094109411,1.1533440325814198e-05,5.962864827347576e-07,7.772456853150997e-17
0.09411941194119412,1.153344032579623e-05,5.962864827326336e-07,7.772456853150997e-17
0.09412941294129414,1.1533440325798033e-05,5.962864827856621e-07,7.772456853150997e-17
0.09413941394139415,1.1533440325780049e-05,5.962864827853665e-07,7.772456853150997e-17
0.09414941494149415,1.153344032579733e-05,5.96286482801078e-07,7.772456853150997e-17
0.09415941594159416,1.1533440325788046e-05,5.962864828105185e-07,7.772456853150997e-17
0.09416941694169417,1.1533440325799981e-05,5.962864828270082e-07,7.772456853150997e-17
0.09417941794179419,1.153344032581646e-05,5.962864828559268e-07,7.772456853150997e-17
0.0941894189418942,1.1533440325852045e-05,5.962864828993671e-07,7.772456853150997e-17
0.0941994199419942,1.1533440325845574e-05,5.962864829002519e-07,7.772456853150997e-17
0.09420942094209421,1.153344032585874e-05,5.962864828879545e-07,7.772456853150997e-17
0.09421942194219422,1.1533440325929401e-05,5.962864829185979e-07,7.772456853150997e-17
0.09422942294229424,1.1533440325878452e-05,5.962864829553471e-07,7.772456853150997e-17
0.09423942394239425,1.1533440325855582e-05,5.962864829970875e-07,7.772456853150997e-17
0.09424942494249425,1.153344032585356e-05,5.962864830205508e-07,7.772456853150997e-17
0.09425942594259426,1.1533440325858787e-05,5.962864830191719e-07,7.772456853150997e-17
0.09426942694269427,1.153344032583051e-05,5.962864830366902e-07,7.772456853150997e-17
0.09427942794279429,1.1533440325834745e-05,5.96286483035854e-07,7.772456853150997e-17
0.0942894289428943,1.1533440325779881e-05,5.962864830715883e-07,7.772456853150997e-17
0.0942994299429943,1.1533440325779112e-05,5.962864830591013e-07,7.772456853150997e-17
0.09430943094309431,1.1533440325719872e-05,5.962864830602244e-07,7.772456853150997e-17
0.09431943194319432,1.1533440325680146e-05,5.962864830690843e-07,7.772456853150997e-17
0.09432943294329434,1.1533440325638835e-05,5.962864830589196e-07,7.772456853150997e-17
0.09433943394339435,1.1533440325657497e-05,5.962864830764818e-07,7.772456853150997e-17
0.09434943494349435,1.1533440325639726e-05,5.962864830407796e-07,7.772456853150997e-17
0.09435943594359436,1.153344032561706e-05,5.962864830420166e-07,7.772456853150997e-17
0.09436943694369437,1.1533440325650961e-05,5.962864830429016e-07,7.772456853150997e-17
0.09437943794379439,1.1533440325664185e-05,5.962864830381037e-07,7.772456853150997e-17
0.0943894389438944,1.153344032566435e-05,5.962864830754056e-07,7.772456853150997e-17
0.0943994399439944,1.1533440325654585e-05,5.962864831125388e-07,7.772456853150997e-17
0.09440944094409441,1.1533440325696713e-05,5.962864830672001e-07,7.772456853150997e-17
0.09441944194419442,1.1533440325706718e-05,5.962864830770187e-07,7.772456853150997e-17
0.09442944294429444,1.1533440325747216e-05,5.962864830984579e-07,7.772456853150997e-17
0.09443944394439445,1.1533440325749755e-05,5.962864831532007e-07,7.772456853150997e-17
0.09444944494449445,1.1533440325803781e-05,5.962864831765081e-07,7.772456853150997e-17
0.09445944594459446,1.1533440325815892e-05,5.962864831461966e-07,7.772456853150997e-17
0.09446944694469447,1.1533440325875257e-05,5.962864831461512e-07,7.772456853150997e-17
0.09447944794479449,1.1533440325913397e-05,5.962864831984507e-07,7.772456853150997e-17
0.09448944894489449,1.1533440325932206e-05,5.962864831883847e-07,7.772456853150997e-17
0.0944994499449945,1.1533440325918064e-05,5.962864831938906e-07,7.772456853150997e-17
0.09450945094509451,1.1533440325917702e-05,5.962864832146578e-07,7.772456853150997e-17
0.09451945194519452,1.1533440325925994e-05,5.962864832540484e-07,7.772456853150997e-17
0.09452945294529454,1.153344032591565e-05,5.962864832258514e-07,7.772456853150997e-17
0.09453945394539454,1.1533440325906384e-05,5.962864832232357e-07,7.772456853150997e-17
0.09454945494549455,1.1533440325916961e-05,5.962864832226848e-07,7.772456853150997e-17
0.09455945594559456,1.1533440325903612e-05,5.962864832262661e-07,7.772456853150997e-17
0.09456945694569457,1.153344032594717e-05,5.962864832385836e-07,7.772456853150997e-17
0.09457945794579459,1.1533440325956227e-05,5.962864832052669e-07,7.772456853150997e-17
0.09458945894589459,1.1533440325950006e-05,5.962864832254471e-07,7.772456853150997e-17
0.0945994599459946,1.1533440325953135e-05,5.962864832353009e-07,7.772456853150997e-17
0.09460946094609461,1.153344032598442e-05,5.962864832485187e-07,7.772456853150997e-17
0.09461946194619462,1.1533440325983711e-05,5.962864832498918e-07,7.772456853150997e-17
0.09462946294629464,1.153344032598541e-05,5.962864832795753e-07,7.772456853150997e-17
0.09463946394639464,1.1533440325978173e-05,5.962864833238309e-07,7.772456853150997e-17
0.09464946494649465,1.1533440325971477e-05,5.962864833408032e-07,7.772456853150997e-17
0.09465946594659466,1.1533440325986386e-05,5.962864833197384e-07,7.772456853150997e-17
0.09466946694669467,1.1533440326044635e-05,5.962864832889232e-07,7.772456853150997e-17
0.09467946794679469,1.1533440326058253e-05,5.962864833252168e-07,7.772456853150997e-17
0.09468946894689469,1.1533440326079441e-05,5.962864833379024e-07,7.772456853150997e-17
0.0946994699469947,1.153344032606988e-05,5.962864833958019e-07,7.772456853150997e-17
0.09470947094709471,1.1533440326093592e-05,5.96286483428736e-07,7.772456853150997e-17
0.09471947194719472,1.153344032612727e-05,5.962864834552966e-07,7.772456853150997e-17
0.09472947294729474,1.1533440326176631e-05,5.962864834730257e-07,7.772456853150997e-17
0.09473947394739474,1.153344032616461e-05,5.962864835019012e-07,7.772456853150997e-17
0.09474947494749475,1.1533440326139552e-05,5.962864834629634e-07,7.772456853150997e-17
0.09475947594759476,1.1533440326138223e-05,5.962864834995773e-07,7.772456853150997e-17
0.09476947694769478,1.1533440326136675e-05,5.962864834987955e-07,7.772456853150997e-17
0.09477947794779479,1.1533440326175335e-05,5.962864835081691e-07,7.772456853150997e-17
0.09478947894789479,1.1533440326153175e-05,5.962864835297692e-07,7.772456853150997e-17
0.0947994799479948,1.1533440326119582e-05,5.962864835547151e-07,7.772456853150997e-17
0.09480948094809481,1.1533440326100497e-05,5.962864835396126e-07,7.772456853150997e-17
0.09481948194819483,1.1533440326101879e-05,5.962864835515138e-07,7.772456853150997e-17
0.09482948294829484,1.1533440326115865e-05,5.96286483587816e-07,7.772456853150997e-17
0.09483948394839484,1.1533440326141091e-05,5.962864836061069e-07,7.772456853150997e-17
0.09484948494849485,1.153344032617273e-05,5.962864836510008e-07,7.772456853150997e-17
0.09485948594859486,1.153344032620913e-05,5.96286483709145e-07,7.772456853150997e-17
0.09486948694869488,1.1533440326279246e-05,5.962864837757424e-07,7.772456853150997e-17
0.09487948794879489,1.1533440326339666e-05,5.962864837499386e-07,7.772456853150997e-17
0.09488948894889489,1.1533440326404681e-05,5.962864837434207e-07,7.772456853150997e-17
0.0948994899489949,1.1533440326437973e-05,5.962864837180296e-07,7.772456853150997e-17
0.09490949094909491,1.1533440326430926e-05,5.962864837350031e-07,7.772456853150997e-17
0.09491949194919493,1.1533440326416767e-05,5.962864837287986e-07,7.772456853150997e-17
0.09492949294929494,1.1533440326459469e-05,5.962864837317576e-07,7.772456853150997e-17
0.09493949394939494,1.1533440326465652e-05,5.962864837719942e-07,7.772456853150997e-17
0.09494949494949495,1.153344032649461e-05,5.962864837613724e-07,7.772456853150997e-17
0.09495949594959496,1.153344032648168e-05,5.962864837447228e-07,7.772456853150997e-17
0.09496949694969498,1.1533440326500887e-05,5.96286483728279e-07,7.772456853150997e-17
0.09497949794979499,1.153344032649642e-05,5.962864837276882e-07,7.772456853150997e-17
0.09498949894989499,1.1533440326472349e-05,5.962864837201238e-07,7.772456853150997e-17
0.094999499949995,1.1533440326514921e-05,5.962864837324185e-07,7.772456853150997e-17
0.09500950095009501,1.1533440326525121e-05,5.962864837215357e-07,7.772456853150997e-17
0.09501950195019503,1.1533440326566366e-05,5.962864836985678e-07,7.772456853150997e-17
0.09502950295029504,1.1533440326597537e-05,5.962864837331222e-07,7.772456853150997e-17
0.09503950395039504,1.1533440326665598e-05,5.962864837083749e-07,7.772456853150997e-17
0.09504950495049505,1.1533440326750159e-05,5.962864837156304e-07,7.772456853150997e-17
0.09505950595059506,1.1533440326750547e-05,5.962864836944603e-07,7.772456853150997e-17
0.09506950695069508,1.1533440326773342e-05,5.962864837006233e-07,7.772456853150997e-17
0.09507950795079509,1.1533440326812324e-05,5.962864837301027e-07,7.772456853150997e-17
0.09508950895089509,1.1533440326830619e-05,5.962864836880996e-07,7.772456853150997e-17
0.0950995099509951,1.1533440326829267e-05,5.962864836525877e-07,7.772456853150997e-17
0.09510951095109511,1.1533440326885827e-05,5.962864836800369e-07,7.772456853150997e-17
0.09511951195119513,1.1533440326895769e-05,5.962864836769725e-07,7.772456853150997e-17
0.09512951295129514,1.153344032686297e-05,5.962864837010696e-07,7.772456853150997e-17
0.09513951395139514,1.153344032685648e-05,5.962864837662316e-07,7.772456853150997e-17
0.09514951495149515,1.1533440326872647e-05,5.962864837522664e-07,7.772456853150997e-17
0.09515951595159516,1.1533440326854854e-05,5.962864837533381e-07,7.772456853150997e-17
0.09516951695169518,1.1533440326845242e-05,5.962864837707369e-07,7.772456853150997e-17
0.09517951795179519,1.153344032686666e-05,5.962864837935327e-07,7.772456853150997e-17
0.09518951895189519,1.1533440326872833e-05,5.962864837975213e-07,7.772456853150997e-17
0.0951995199519952,1.1533440326838754e-05,5.96286483779414e-07,7.772456853150997e-17
0.09520952095209521,1.1533440326850802e-05,5.962864837708744e-07,7.772456853150997e-17
0.09521952195219523,1.1533440326871563e-05,5.962864837771876e-07,7.772456853150997e-17
0.09522952295229523,1.1533440326839778e-05,5.96286483773537e-07,7.772456853150997e-17
0.09523952395239524,1.1533440326843924e-05,5.962864837734052e-07,7.772456853150997e-17
0.09524952495249525,1.1533440326858459e-05,5.962864837730733e-07,7.772456853150997e-17
0.09525952595259526,1.153344032686162e-05,5.962864837790153e-07,7.772456853150997e-17
0.09526952695269528,1.1533440326885708e-05,5.962864837701445e-07,7.772456853150997e-17
0.09527952795279528,1.1533440326903026e-05,5.962864837594609e-07,7.772456853150997e-17
0.09528952895289529,1.1533440326894194e-05,5.962864837484906e-07,7.772456853150997e-17
0.0952995299529953,1.1533440326932344e-05,5.962864838003057e-07,7.772456853150997e-17
0.09530953095309531,1.1533440326964162e-05,5.962864838389802e-07,7.772456853150997e-17
0.09531953195319533,1.1533440326955786e-05,5.962864838366021e-07,7.772456853150997e-17
0.09532953295329533,1.1533440326933384e-05,5.962864838504984e-07,7.772456853150997e-17
0.09533953395339534,1.153344032695561e-05,5.96286483840295e-07,7.772456853150997e-17
0.09534953495349535,1.1533440326929288e-05,5.962864838492395e-07,7.772456853150997e-17
0.09535953595359536,1.1533440326958272e-05,5.962864838675958e-07,7.772456853150997e-17
0.09536953695369538,1.1533440326968238e-05,5.962864838881041e-07,7.772456853150997e-17
0.09537953795379538,1.1533440326958668e-05,5.962864839139664e-07,7.772456853150997e-17
0.09538953895389539,1.1533440327028104e-05,5.962864839261099e-07,7.772456853150997e-17
0.0953995399539954,1.153344032704316e-05,5.962864839344515e-07,7.772456853150997e-17
0.09540954095409541,1.1533440327040969e-05,5.962864839233608e-07,7.772456853150997e-17
0.09541954195419543,1.1533440327024552e-05,5.962864839202196e-07,7.772456853150997e-17
0.09542954295429543,1.1533440327082506e-05,5.962864839134173e-07,7.772456853150997e-17
0.09543954395439544,1.1533440327128153e-05,5.962864839397626e-07,7.772456853150997e-17
0.09544954495449545,1.1533440327085858e-05,5.962864840080722e-07,7.772456853150997e-17
0.09545954595459546,1.1533440327092337e-05,5.962864840295074e-07,7.772456853150997e-17
0.09546954695469548,1.153344032707151e-05,5.962864840111995e-07,7.772456853150997e-17
0.09547954795479548,1.1533440327076477e-05,5.962864840086631e-07,7.772456853150997e-17
0.09548954895489549,1.1533440327040039e-05,5.962864840279834e-07,7.772456853150997e-17
0.0954995499549955,1.1533440327012858e-05,5.962864840553133e-07,7.772456853150997e-17
0.09550955095509552,1.153344032700721e-05,5.962864840641314e-07,7.772456853150997e-17
0.09551955195519553,1.1533440327003042e-05,5.962864841034809e-07,7.772456853150997e-17
0.09552955295529553,1.1533440326980523e-05,5.962864841045911e-07,7.772456853150997e-17
0.09553955395539554,1.1533440326986029e-05,5.962864841088232e-07,7.772456853150997e-17
0.09554955495549555,1.1533440327014526e-05,5.96286484125396e-07,7.772456853150997e-17
0.09555955595559557,1.1533440327040435e-05,5.962864841542778e-07,7.772456853150997e-17
0.09556955695569558,1.1533440327043097e-05,5.962864841400273e-07,7.772456853150997e-17
0.09557955795579558,1.1533440327053465e-05,5.9628648416317e-07,7.772456853150997e-17
0.09558955895589559,1.1533440327078511e-05,5.96286484143095e-07,7.772456853150997e-17
0.0955995599559956,1.1533440327072667e-05,5.96286484115344e-07,7.772456853150997e-17
0.09560956095609562,1.1533440327100653e-05,5.962864841655876e-07,7.772456853150997e-17
0.09561956195619563,1.1533440327076287e-05,5.962864842038169e-07,7.772456853150997e-17
0.09562956295629563,1.1533440327071259e-05,5.962864842586687e-07,7.772456853150997e-17
0.09563956395639564,1.1533440327083909e-05,5.962864842550863e-07,7.772456853150997e-17
0.09564956495649565,1.1533440327088552e-05,5.96286484264935e-07,7.772456853150997e-17
0.09565956595659567,1.1533440327103463e-05,5.962864843216575e-07,7.772456853150997e-17
0.09566956695669568,1.1533440327073417e-05,5.962864843178222e-07,7.772456853150997e-17
0.09567956795679568,1.153344032707271e-05,5.962864843502024e-07,7.772456853150997e-17
0.09568956895689569,1.1533440327062106e-05,5.962864843646402e-07,7.772456853150997e-17
0.0956995699569957,1.1533440327062743e-05,5.962864843809753e-07,7.772456853150997e-17
0.09570957095709572,1.1533440327076385e-05,5.962864843468116e-07,7.772456853150997e-17
0.09571957195719573,1.1533440327100656e-05,5.96286484355546e-07,7.772456853150997e-17
0.09572957295729573,1.1533440327105698e-05,5.962864844095681e-07,7.772456853150997e-17
0.09573957395739574,1.1533440327075408e-05,5.962864843794643e-07,7.772456853150997e-17
0.09574957495749575,1.1533440327123889e-05,5.96286484431303e-07,7.772456853150997e-17
0.09575957595759577,1.1533440327119023e-05,5.962864844371734e-07,7.772456853150997e-17
0.09576957695769578,1.1533440327098683e-05,5.962864844330544e-07,7.772456853150997e-17
0.09577957795779578,1.1533440327107356e-05,5.962864844302895e-07,7.772456853150997e-17
0.09578957895789579,1.153344032711109e-05,5.962864844515881e-07,7.772456853150997e-17
0.0957995799579958,1.1533440327116048e-05,5.962864844630805e-07,7.772456853150997e-17
0.09580958095809582,1.1533440327167111e-05,5.962864844800608e-07,7.772456853150997e-17
0.09581958195819583,1.153344032716866e-05,5.962864844899816e-07,7.772456853150997e-17
0.09582958295829583,1.1533440327133616e-05,5.962864845044387e-07,7.772456853150997e-17
0.09583958395839584,1.1533440327134095e-05,5.962864844957981e-07,7.772456853150997e-17
0.09584958495849585,1.153344032713222e-05,5.962864845377314e-07,7.772456853150997e-17
0.09585958595859587,1.1533440327108745e-05,5.962864845569976e-07,7.772456853150997e-17
0.09586958695869588,1.1533440327107382e-05,5.96286484600272e-07,7.772456853150997e-17
0.09587958795879588,1.1533440327146569e-05,5.962864846017746e-07,7.772456853150997e-17
0.09588958895889589,1.1533440327173531e-05,5.962864846137895e-07,7.772456853150997e-17
0.0958995899589959,1.153344032719741e-05,5.962864846115608e-07,7.772456853150997e-17
0.09590959095909592,1.1533440327237586e-05,5.962864846216446e-07,7.772456853150997e-17
0.09591959195919593,1.1533440327289956e-05,5.962864846713704e-07,7.772456853150997e-17
0.09592959295929593,1.153344032735456e-05,5.962864846548629e-07,7.772456853150997e-17
0.09593959395939594,1.1533440327381248e-05,5.962864846418629e-07,7.772456853150997e-17
0.09594959495949595,1.1533440327403762e-05,5.962864846869906e-07,7.772456853150997e-17
0.09595959595959597,1.153344032742327e-05,5.962864846535867e-07,7.772456853150997e-17
0.09596959695969597,1.1533440327447845e-05,5.962864846165695e-07,7.772456853150997e-17
0.09597959795979598,1.1533440327454982e-05,5.962864846193778e-07,7.772456853150997e-17
0.09598959895989599,1.153344032743831e-05,5.962864846542219e-07,7.772456853150997e-17
0.095999599959996,1.1533440327456112e-05,5.962864846617057e-07,7.772456853150997e-17
0.09600960096009602,1.1533440327473481e-05,5.962864846666267e-07,7.772456853150997e-17
0.09601960196019602,1.1533440327553299e-05,5.962864847124656e-07,7.772456853150997e-17
0.09602960296029603,1.1533440327568596e-05,5.962864847515086e-07,7.772456853150997e-17
0.09603960396039604,1.1533440327568068e-05,5.962864847544203e-07,7.772456853150997e-17
0.09604960496049605,1.1533440327568112e-05,5.962864847778728e-07,7.772456853150997e-17
0.09605960596059607,1.1533440327571281e-05,5.962864847734202e-07,7.772456853150997e-17
0.09606960696069607,1.1533440327578474e-05,5.962864847564066e-07,7.772456853150997e-17
0.09607960796079608,1.153344032760211e-05,5.962864848151731e-07,7.772456853150997e-17
0.09608960896089609,1.153344032765824e-05,5.962864848187605e-07,7.772456853150997e-17
0.0960996099609961,1.1533440327669869e-05,5.962864848259153e-07,7.772456853150997e-17
0.09610961096109612,1.1533440327632921e-05,5.962864848307127e-07,7.772456853150997e-17
0.09611961196119612,1.1533440327604507e-05,5.962864848293931e-07,7.772456853150997e-17
0.09612961296129613,1.1533440327607102e-05,5.96286484829356e-07,7.772456853150997e-17
0.09613961396139614,1.153344032762024e-05,5.962864848650958e-07,7.772456853150997e-17
0.09614961496149615,1.1533440327655442e-05,5.962864848825421e-07,7.772456853150997e-17
0.09615961596159617,1.1533440327713903e-05,5.962864849090277e-07,7.772456853150997e-17
0.09616961696169617,1.1533440327724057e-05,5.962864849036585e-07,7.772456853150997e-17
0.09617961796179618,1.1533440327719981e-05,5.962864848921999e-07,7.772456853150997e-17
0.09618961896189619,1.1533440327747777e-05,5.962864849313208e-07,7.772456853150997e-17
0.0961996199619962,1.1533440327748663e-05,5.962864849357594e-07,7.772456853150997e-17
0.09620962096209622,1.1533440327778482e-05,5.962864849762925e-07,7.772456853150997e-17
0.09621962196219622,1.1533440327767044e-05,5.962864849898979e-07,7.772456853150997e-17
0.09622962296229623,1.1533440327812262e-05,5.962864850168058e-07,7.772456853150997e-17
0.09623962396239624,1.1533440327873536e-05,5.962864849937293e-07,7.772456853150997e-17
0.09624962496249626,1.1533440327864915e-05,5.962864850182192e-07,7.772456853150997e-17
0.09625962596259627,1.1533440327835127e-05,5.962864850432126e-07,7.772456853150997e-17
0.09626962696269627,1.1533440327830815e-05,5.962864850544127e-07,7.772456853150997e-17
0.09627962796279628,1.1533440327854388e-05,5.962864850685505e-07,7.772456853150997e-17
0.09628962896289629,1.1533440327871514e-05,5.962864850331158e-07,7.772456853150997e-17
0.0962996299629963,1.1533440327882932e-05,5.962864850161951e-07,7.772456853150997e-17
0.09630963096309632,1.1533440327898256e-05,5.962864850196199e-07,7.772456853150997e-17
0.09631963196319632,1.1533440327921092e-05,5.962864850747114e-07,7.772456853150997e-17
0.09632963296329633,1.1533440327932961e-05,5.962864851343002e-07,7.772456853150997e-17
0.09633963396339634,1.1533440327952212e-05,5.962864851409014e-07,7.772456853150997e-17
0.09634963496349636,1.153344032795572e-05,5.962864851492627e-07,7.772456853150997e-17
0.09635963596359637,1.1533440327987022e-05,5.962864851561495e-07,7.772456853150997e-17
0.09636963696369637,1.1533440327999397e-05,5.962864851738624e-07,7.772456853150997e-17
0.09637963796379638,1.1533440327965255e-05,5.962864851775176e-07,7.772456853150997e-17
0.09638963896389639,1.1533440327965185e-05,5.962864851796699e-07,7.772456853150997e-17
0.0963996399639964,1.1533440327957894e-05,5.962864851584676e-07,7.772456853150997e-17
0.09640964096409642,1.153344032790761e-05,5.962864851289141e-07,7.772456853150997e-17
0.09641964196419642,1.153344032785036e-05,5.962864851696247e-07,7.772456853150997e-17
0.09642964296429643,1.1533440327806966e-05,5.962864851849888e-07,7.772456853150997e-17
0.09643964396439644,1.1533440327787305e-05,5.962864851894693e-07,7.772456853150997e-17
0.09644964496449646,1.1533440327796572e-05,5.962864852428738e-07,7.772456853150997e-17
0.09645964596459647,1.1533440327774429e-05,5.962864852791723e-07,7.772456853150997e-17
0.09646964696469647,1.1533440327815518e-05,5.962864853629921e-07,7.772456853150997e-17
0.09647964796479648,1.153344032784032e-05,5.962864853696432e-07,7.772456853150997e-17
0.0964896489648965,1.1533440327852945e-05,5.962864853625622e-07,7.772456853150997e-17
0.0964996499649965,1.1533440327863365e-05,5.962864853713985e-07,7.772456853150997e-17
0.09650965096509652,1.1533440327943816e-05,5.96286485379599e-07,7.772456853150997e-17
0.09651965196519652,1.153344032797169e-05,5.962864853863754e-07,7.772456853150997e-17
0.09652965296529653,1.1533440328048759e-05,5.96286485384125e-07,7.772456853150997e-17
0.09653965396539654,1.1533440328089291e-05,5.962864854302401e-07,7.772456853150997e-17
0.09654965496549656,1.1533440328119213e-05,5.962864854500926e-07,7.772456853150997e-17
0.09655965596559657,1.153344032814545e-05,5.962864854929143e-07,7.772456853150997e-17
0.09656965696569657,1.1533440328185638e-05,5.9628648549956e-07,7.772456853150997e-17
0.09657965796579658,1.1533440328206256e-05,5.962864854950136e-07,7.772456853150997e-17
0.0965896589658966,1.1533440328217828e-05,5.962864854881462e-07,7.772456853150997e-17
0.0965996599659966,1.1533440328266356e-05,5.962864855288765e-07,7.772456853150997e-17
0.09660966096609662,1.1533440328293778e-05,5.962864854855975e-07,7.772456853150997e-17
0.09661966196619662,1.1533440328328207e-05,5.962864855236864e-07,7.772456853150997e-17
0.09662966296629663,1.153344032835745e-05,5.962864855306542e-07,7.772456853150997e-17
0.09663966396639664,1.1533440328374477e-05,5.962864855722171e-07,7.772456853150997e-17
0.09664966496649666,1.1533440328333325e-05,5.96286485537626e-07,7.772456853150997e-17
0.09665966596659667,1.1533440328310665e-05,5.962864855777619e-07,7.772456853150997e-17
0.09666966696669667,1.1533440328295532e-05,5.962864855894458e-07,7.772456853150997e-17
0.09667966796679668,1.1533440328259292e-05,5.962864855856797e-07,7.772456853150997e-17
0.0966896689668967,1.1533440328228072e-05,5.962864856084634e-07,7.772456853150997e-17
0.0966996699669967,1.153344032822454e-05,5.962864856401364e-07,7.772456853150997e-17
0.09670967096709672,1.1533440328244347e-05,5.962864856615701e-07,7.772456853150997e-17
0.09671967196719672,1.153344032821029e-05,5.962864856488919e-07,7.772456853150997e-17
0.09672967296729673,1.1533440328158192e-05,5.96286485640151e-07,7.772456853150997e-17
0.09673967396739674,1.153344032811968e-05,5.962864856639547e-07,7.772456853150997e-17
0.09674967496749676,1.153344032809957e-05,5.962864856620906e-07,7.772456853150997e-17
0.09675967596759676,1.1533440328093067e-05,5.962864856438106e-07,7.772456853150997e-17
0.09676967696769677,1.1533440328126933e-05,5.962864856371035e-07,7.772456853150997e-17
0.09677967796779678,1.1533440328131863e-05,5.962864856346588e-07,7.772456853150997e-17
0.0967896789678968,1.1533440328139686e-05,5.962864856704393e-07,7.772456853150997e-17
0.09679967996799681,1.1533440328172693e-05,5.962864857121918e-07,7.772456853150997e-17
0.0968096809680968,1.1533440328236742e-05,5.962864857159313e-07,7.772456853150997e-17
0.09681968196819682,1.1533440328274158e-05,5.96286485763598e-07,7.772456853150997e-17
0.09682968296829683,1.1533440328310306e-05,5.962864858063202e-07,7.772456853150997e-17
0.09683968396839684,1.153344032835179e-05,5.962864857761034e-07,7.772456853150997e-17
0.09684968496849686,1.1533440328412185e-05,5.962864858085423e-07,7.772456853150997e-17
0.09685968596859686,1.1533440328460915e-05,5.962864858383121e-07,7.772456853150997e-17
0.09686968696869687,1.1533440328517932e-05,5.962864858685891e-07,7.772456853150997e-17
0.09687968796879688,1.1533440328580662e-05,5.962864858702791e-07,7.772456853150997e-17
0.0968896889688969,1.153344032864273e-05,5.962864858551775e-07,7.772456853150997e-17
0.09689968996899691,1.1533440328649542e-05,5.96286485901927e-07,7.772456853150997e-17
0.0969096909690969,1.1533440328662876e-05,5.962864858914909e-07,7.772456853150997e-17
0.09691969196919692,1.1533440328679764e-05,5.962864859146523e-07,7.772456853150997e-17
0.09692969296929693,1.153344032870329e-05,5.962864859317153e-07,7.772456853150997e-17
0.09693969396939695,1.1533440328684603e-05,5.962864859478358e-07,7.772456853150997e-17
0.09694969496949696,1.1533440328679914e-05,5.962864859808985e-07,7.772456853150997e-17
0.09695969596959696,1.1533440328705121e-05,5.962864860350915e-07,7.772456853150997e-17
0.09696969696969697,1.153344032870288e-05,5.962864860346716e-07,7.772456853150997e-17
0.09697969796979698,1.1533440328725714e-05,5.962864860332721e-07,7.772456853150997e-17
0.096989698969897,1.1533440328722377e-05,5.962864860339881e-07,7.772456853150997e-17
0.09699969996999701,1.1533440328733656e-05,5.962864860292136e-07,7.772456853150997e-17
0.09700970097009701,1.1533440328762843e-05,5.962864860100347e-07,7.772456853150997e-17
0.09701970197019702,1.1533440328827948e-05,5.962864860124009e-07,7.772456853150997e-17
0.09702970297029703,1.1533440328867152e-05,5.962864860461801e-07,7.772456853150997e-17
0.09703970397039705,1.153344032887627e-05,5.9628648603833e-07,7.772456853150997e-17
0.09704970497049706,1.1533440328927894e-05,5.962864860452525e-07,7.772456853150997e-17
0.09705970597059706,1.153344032897672e-05,5.962864860105893e-07,7.772456853150997e-17
0.09706970697069707,1.1533440329052218e-05,5.962864860048724e-07,7.772456853150997e-17
0.09707970797079708,1.153344032912559e-05,5.962864860170644e-07,7.772456853150997e-17
0.0970897089708971,1.1533440329181047e-05,5.962864859961384e-07,7.772456853150997e-17
0.09709970997099711,1.1533440329243734e-05,5.96286485982989e-07,7.772456853150997e-17
0.09710971097109711,1.1533440329224037e-05,5.962864859646221e-07,7.772456853150997e-17
0.09711971197119712,1.153344032928417e-05,5.96286486005856e-07,7.772456853150997e-17
0.09712971297129713,1.1533440329304627e-05,5.962864860192285e-07,7.772456853150997e-17
0.09713971397139715,1.153344032935e-05,5.962864860613977e-07,7.772456853150997e-17
0.09714971497149716,1.1533440329386508e-05,5.962864860341673e-07,7.772456853150997e-17
0.09715971597159716,1.1533440329389341e-05,5.962864860443765e-07,7.772456853150997e-17
0.09716971697169717,1.1533440329394304e-05,5.962864860326756e-07,7.772456853150997e-17
0.09717971797179718,1.1533440329426424e-05,5.962864860220832e-07,7.772456853150997e-17
0.0971897189718972,1.1533440329504675e-05,5.96286486027025e-07,7.772456853150997e-17
0.09719971997199721,1.1533440329533287e-05,5.962864860247553e-07,7.772456853150997e-17
0.09720972097209721,1.1533440329554914e-05,5.962864860277735e-07,7.772456853150997e-17
0.09721972197219722,1.1533440329585771e-05,5.962864860530097e-07,7.772456853150997e-17
0.09722972297229723,1.153344032956006e-05,5.962864860782255e-07,7.772456853150997e-17
0.09723972397239725,1.1533440329588888e-05,5.962864860706654e-07,7.772456853150997e-17
0.09724972497249726,1.1533440329622224e-05,5.962864861108187e-07,7.772456853150997e-17
0.09725972597259726,1.1533440329647808e-05,5.962864861375208e-07,7.772456853150997e-17
0.09726972697269727,1.153344032963991e-05,5.962864861953002e-07,7.772456853150997e-17
0.09727972797279728,1.153344032964343e-05,5.96286486197278e-07,7.772456853150997e-17
0.0972897289728973,1.1533440329666961e-05,5.962864862101222e-07,7.772456853150997e-17
0.09729972997299731,1.1533440329664989e-05,5.962864862385791e-07,7.772456853150997e-17
0.09730973097309731,1.1533440329638365e-05,5.962864862605801e-07,7.772456853150997e-17
0.09731973197319732,1.1533440329691376e-05,5.962864863180358e-07,7.772456853150997e-17
0.09732973297329733,1.1533440329720632e-05,5.962864862970641e-07,7.772456853150997e-17
0.09733973397339735,1.1533440329755064e-05,5.962864863205578e-07,7.772456853150997e-17
0.09734973497349736,1.1533440329812298e-05,5.962864863646599e-07,7.772456853150997e-17
0.09735973597359736,1.153344032983422e-05,5.962864863435192e-07,7.772456853150997e-17
0.09736973697369737,1.1533440329874504e-05,5.962864863165826e-07,7.772456853150997e-17
0.09737973797379738,1.1533440329919456e-05,5.962864863325763e-07,7.772456853150997e-17
0.0973897389738974,1.1533440329983496e-05,5.962864863341374e-07,7.772456853150997e-17
0.09739973997399741,1.153344033001879e-05,5.962864863057559e-07,7.772456853150997e-17
0.09740974097409741,1.1533440330053776e-05,5.962864863238776e-07,7.772456853150997e-17
0.09741974197419742,1.1533440330060835e-05,5.962864863592559e-07,7.772456853150997e-17
0.09742974297429743,1.1533440330077233e-05,5.962864863707401e-07,7.772456853150997e-17
0.09743974397439745,1.1533440330098326e-05,5.962864863736435e-07,7.772456853150997e-17
0.09744974497449746,1.153344033008316e-05,5.962864863967484e-07,7.772456853150997e-17
0.09745974597459746,1.1533440330090586e-05,5.96286486370014e-07,7.772456853150997e-17
0.09746974697469747,1.1533440330103515e-05,5.962864863725893e-07,7.772456853150997e-17
0.09747974797479748,1.1533440330137429e-05,5.962864864276096e-07,7.772456853150997e-17
0.0974897489748975,1.1533440330170522e-05,5.962864864479152e-07,7.772456853150997e-17
0.0974997499749975,1.1533440330173629e-05,5.962864864401826e-07,7.772456853150997e-17
0.09750975097509751,1.1533440330164263e-05,5.962864864799333e-07,7.772456853150997e-17
0.09751975197519752,1.1533440330158174e-05,5.962864864755834e-07,7.772456853150997e-17
0.09752975297529753,1.1533440330195139e-05,5.962864864751167e-07,7.772456853150997e-17
0.09753975397539755,1.1533440330197612e-05,5.962864865213278e-07,7.772456853150997e-17
0.09754975497549755,1.1533440330237412e-05,5.962864865388121e-07,7.772456853150997e-17
0.09755975597559756,1.1533440330190112e-05,5.962864866032613e-07,7.772456853150997e-17
0.09756975697569757,1.1533440330159788e-05,5.962864865946331e-07,7.772456853150997e-17
0.09757975797579758,1.1533440330174991e-05,5.96286486642708e-07,7.772456853150997e-17
0.0975897589758976,1.1533440330160603e-05,5.962864866479951e-07,7.772456853150997e-17
0.0975997599759976,1.1533440330147295e-05,5.962864866452328e-07,7.772456853150997e-17
0.09760976097609761,1.1533440330141682e-05,5.962864866466778e-07,7.772456853150997e-17
0.09761976197619762,1.1533440330145633e-05,5.962864866340061e-07,7.772456853150997e-17
0.09762976297629763,1.1533440330161228e-05,5.962864867007029e-07,7.772456853150997e-17
0.09763976397639765,1.1533440330136371e-05,5.962864866670766e-07,7.772456853150997e-17
0.09764976497649765,1.1533440330140723e-05,5.962864866649153e-07,7.772456853150997e-17
0.09765976597659766,1.1533440330137786e-05,5.962864866637073e-07,7.772456853150997e-17
0.09766976697669767,1.1533440330178835e-05,5.962864867035109e-07,7.772456853150997e-17
0.09767976797679769,1.1533440330178525e-05,5.96286486753647e-07,7.772456853150997e-17
0.0976897689768977,1.1533440330203028e-05,5.962864867610605e-07,7.772456853150997e-17
0.0976997699769977,1.153344033021298e-05,5.962864867534714e-07,7.772456853150997e-17
0.09770977097709771,1.1533440330220197e-05,5.962864867318653e-07,7.772456853150997e-17
0.09771977197719772,1.1533440330289717e-05,5.962864867174319e-07,7.772456853150997e-17
0.09772977297729774,1.1533440330343728e-05,5.962864867475286e-07,7.772456853150997e-17
0.09773977397739775,1.1533440330396189e-05,5.962864867443407e-07,7.772456853150997e-17
0.09774977497749775,1.1533440330408867e-05,5.962864867466402e-07,7.772456853150997e-17
0.09775977597759776,1.1533440330414085e-05,5.96286486733525e-07,7.772456853150997e-17
0.09776977697769777,1.153344033043072e-05,5.96286486726875e-07,7.772456853150997e-17
0.09777977797779779,1.1533440330456414e-05,5.962864867726914e-07,7.772456853150997e-17
0.0977897789778978,1.1533440330443656e-05,5.96286486804727e-07,7.772456853150997e-17
0.0977997799779978,1.1533440330490155e-05,5.962864867782349e-07,7.772456853150997e-17
0.09780978097809781,1.1533440330516222e-05,5.962864868014609e-07,7.772456853150997e-17
0.09781978197819782,1.1533440330520657e-05,5.962864868260927e-07,7.772456853150997e-17
0.09782978297829784,1.1533440330569857e-05,5.962864868456468e-07,7.772456853150997e-17
0.09783978397839785,1.1533440330567604e-05,5.962864868767781e-07,7.772456853150997e-17
0.09784978497849785,1.153344033056089e-05,5.962864868752001e-07,7.772456853150997e-17
0.09785978597859786,1.1533440330528527e-05,5.962864868367245e-07,7.772456853150997e-17
0.09786978697869787,1.1533440330526723e-05,5.962864868749422e-07,7.772456853150997e-17
0.09787978797879789,1.153344033045795e-05,5.962864868879377e-07,7.772456853150997e-17
0.0978897889788979,1.153344033046543e-05,5.962864869240873e-07,7.772456853150997e-17
0.0978997899789979,1.1533440330418403e-05,5.962864869166571e-07,7.772456853150997e-17
0.09790979097909791,1.1533440330308426e-05,5.962864868926519e-07,7.772456853150997e-17
0.09791979197919792,1.153344033032347e-05,5.962864868936376e-07,7.772456853150997e-17
0.09792979297929794,1.1533440330277106e-05,5.962864868646347e-07,7.772456853150997e-17
0.09793979397939795,1.1533440330259882e-05,5.962864868791756e-07,7.772456853150997e-17
0.09794979497949795,1.153344033020636e-05,5.962864869154565e-07,7.772456853150997e-17
0.09795979597959796,1.1533440330235545e-05,5.96286486884615e-07,7.772456853150997e-17
0.09796979697969797,1.153344033021438e-05,5.962864868830602e-07,7.772456853150997e-17
0.09797979797979799,1.1533440330159285e-05,5.96286486882478e-07,7.772456853150997e-17
0.097989798979898,1.1533440330158018e-05,5.962864868537759e-07,7.772456853150997e-17
0.097999799979998,1.1533440330150156e-05,5.962864868505348e-07,7.772456853150997e-17
0.09800980098009801,1.1533440330151223e-05,5.962864869040553e-07,7.772456853150997e-17
0.09801980198019802,1.153344033017609e-05,5.962864869113839e-07,7.772456853150997e-17
0.09802980298029804,1.1533440330179421e-05,5.962864868923858e-07,7.772456853150997e-17
0.09803980398039805,1.1533440330250733e-05,5.962864869098894e-07,7.772456853150997e-17
0.09804980498049805,1.153344033026828e-05,5.96286486903173e-07,7.772456853150997e-17
0.09805980598059806,1.1533440330284673e-05,5.962864868925122e-07,7.772456853150997e-17
0.09806980698069807,1.1533440330291961e-05,5.962864868997997e-07,7.772456853150997e-17
0.09807980798079809,1.1533440330335719e-05,5.962864869311026e-07,7.772456853150997e-17
0.0980898089808981,1.1533440330357049e-05,5.962864869537176e-07,7.772456853150997e-17
0.0980998099809981,1.1533440330373085e-05,5.962864869500388e-07,7.772456853150997e-17
0.09810981098109811,1.153344033036943e-05,5.962864869411495e-07,7.772456853150997e-17
0.09811981198119812,1.1533440330372743e-05,5.962864870062107e-07,7.772456853150997e-17
0.09812981298129814,1.153344033038836e-05,5.962864870236651e-07,7.772456853150997e-17
0.09813981398139815,1.1533440330437614e-05,5.962864870810843e-07,7.772456853150997e-17
0.09814981498149815,1.1533440330418784e-05,5.962864871403608e-07,7.772456853150997e-17
0.09815981598159816,1.1533440330434378e-05,5.962864871815851e-07,7.772456853150997e-17
0.09816981698169817,1.1533440330443063e-05,5.962864871775535e-07,7.772456853150997e-17
0.09817981798179819,1.1533440330418274e-05,5.962864871796341e-07,7.772456853150997e-17
0.0981898189818982,1.1533440330440168e-05,5.962864871924533e-07,7.772456853150997e-17
0.0981998199819982,1.1533440330473269e-05,5.962864872363721e-07,7.772456853150997e-17
0.09820982098209821,1.1533440330428112e-05,5.962864872288566e-07,7.772456853150997e-17
0.09821982198219822,1.1533440330447673e-05,5.962864872818859e-07,7.772456853150997e-17
0.09822982298229824,1.1533440330447903e-05,5.962864872603647e-07,7.772456853150997e-17
0.09823982398239824,1.1533440330442611e-05,5.962864873234231e-07,7.772456853150997e-17
0.09824982498249825,1.1533440330403258e-05,5.962864873233656e-07,7.772456853150997e-17
0.09825982598259826,1.153344033039592e-05,5.962864873662177e-07,7.772456853150997e-17
0.09826982698269827,1.1533440330364035e-05,5.96286487409257e-07,7.772456853150997e-17
0.09827982798279829,1.1533440330397649e-05,5.96286487405877e-07,7.772456853150997e-17
0.09828982898289829,1.153344033041948e-05,5.962864874123055e-07,7.772456853150997e-17
0.0982998299829983,1.1533440330447798e-05,5.962864874571162e-07,7.772456853150997e-17
0.09830983098309831,1.153344033047092e-05,5.962864874610109e-07,7.772456853150997e-17
0.09831983198319832,1.1533440330475012e-05,5.962864874643295e-07,7.772456853150997e-17
0.09832983298329834,1.1533440330495393e-05,5.962864875057197e-07,7.772456853150997e-17
0.09833983398339834,1.15334403305792e-05,5.9628648747468e-07,7.772456853150997e-17
0.09834983498349835,1.15334403306141e-05,5.96286487488185e-07,7.772456853150997e-17
0.09835983598359836,1.153344033065104e-05,5.962864874948463e-07,7.772456853150997e-17
0.09836983698369837,1.1533440330682779e-05,5.962864875136723e-07,7.772456853150997e-17
0.09837983798379839,1.1533440330734646e-05,5.962864875103055e-07,7.772456853150997e-17
0.09838983898389839,1.1533440330795715e-05,5.962864875196219e-07,7.772456853150997e-17
0.0983998399839984,1.153344033082656e-05,5.962864874869829e-07,7.772456853150997e-17
0.09840984098409841,1.153344033084768e-05,5.962864874972567e-07,7.772456853150997e-17
0.09841984198419843,1.153344033091421e-05,5.962864875170454e-07,7.772456853150997e-17
0.09842984298429844,1.1533440330887947e-05,5.962864875380415e-07,7.772456853150997e-17
0.09843984398439844,1.1533440330905494e-05,5.962864875434262e-07,7.772456853150997e-17
0.09844984498449845,1.1533440330909004e-05,5.962864875666831e-07,7.772456853150997e-17
0.09845984598459846,1.1533440330907371e-05,5.962864875681178e-07,7.772456853150997e-17
0.09846984698469848,1.1533440330968803e-05,5.962864875594555e-07,7.772456853150997e-17
0.09847984798479849,1.1533440331000641e-05,5.962864875810911e-07,7.772456853150997e-17
0.09848984898489849,1.1533440330988534e-05,5.962864875451016e-07,7.772456853150997e-17
0.0984998499849985,1.1533440330997645e-05,5.962864875502031e-07,7.772456853150997e-17
0.09850985098509851,1.1533440330978822e-05,5.96286487545925e-07,7.772456853150997e-17
0.09851985198519853,1.1533440330972147e-05,5.962864875329603e-07,7.772456853150997e-17
0.09852985298529854,1.1533440330945942e-05,5.962864875158865e-07,7.772456853150997e-17
0.09853985398539854,1.1533440330917514e-05,5.96286487542291e-07,7.772456853150997e-17
0.09854985498549855,1.1533440330929079e-05,5.96286487495771e-07,7.772456853150997e-17
0.09855985598559856,1.1533440330935791e-05,5.962864875084799e-07,7.772456853150997e-17
0.09856985698569858,1.153344033094601e-05,5.962864874927719e-07,7.772456853150997e-17
0.09857985798579859,1.1533440330890688e-05,5.962864875025039e-07,7.772456853150997e-17
0.09858985898589859,1.1533440330902965e-05,5.9628648751352e-07,7.772456853150997e-17
0.0985998599859986,1.153344033093045e-05,5.962864875190528e-07,7.772456853150997e-17
0.09860986098609861,1.1533440331003964e-05,5.96286487528114e-07,7.772456853150997e-17
0.09861986198619863,1.1533440331043435e-05,5.962864875307478e-07,7.772456853150997e-17
0.09862986298629864,1.1533440331094237e-05,5.962864874981444e-07,7.772456853150997e-17
0.09863986398639864,1.1533440331183768e-05,5.962864875349042e-07,7.772456853150997e-17
0.09864986498649865,1.1533440331240543e-05,5.962864875279104e-07,7.772456853150997e-17
0.09865986598659866,1.1533440331278146e-05,5.962864874901164e-07,7.772456853150997e-17
0.09866986698669868,1.153344033130872e-05,5.962864874633501e-07,7.772456853150997e-17
0.09867986798679869,1.153344033135257e-05,5.962864874396398e-07,7.772456853150997e-17
0.09868986898689869,1.1533440331401366e-05,5.96286487436834e-07,7.772456853150997e-17
0.0986998699869987,1.1533440331468043e-05,5.962864874474817e-07,7.772456853150997e-17
0.09870987098709871,1.1533440331541275e-05,5.962864874492994e-07,7.772456853150997e-17
0.09871987198719873,1.1533440331581898e-05,5.962864874819763e-07,7.772456853150997e-17
0.09872987298729874,1.1533440331674288e-05,5.962864874783426e-07,7.772456853150997e-17
0.09873987398739874,1.1533440331734394e-05,5.96286487498726e-07,7.772456853150997e-17
0.09874987498749875,1.1533440331782295e-05,5.962864875021784e-07,7.772456853150997e-17
0.09875987598759876,1.1533440331873445e-05,5.962864875079878e-07,7.772456853150997e-17
0.09876987698769878,1.1533440331953005e-05,5.962864875748726e-07,7.772456853150997e-17
0.09877987798779879,1.1533440332005255e-05,5.962864876024952e-07,7.772456853150997e-17
0.09878987898789879,1.1533440332041411e-05,5.962864876159431e-07,7.772456853150997e-17
0.0987998799879988,1.1533440332110983e-05,5.962864876231156e-07,7.772456853150997e-17
0.09880988098809881,1.1533440332156611e-05,5.96286487662578e-07,7.772456853150997e-17
0.09881988198819883,1.1533440332212744e-05,5.962864876407449e-07,7.772456853150997e-17
0.09882988298829884,1.153344033221701e-05,5.962864876008816e-07,7.772456853150997e-17
0.09883988398839884,1.153344033225589e-05,5.962864876198492e-07,7.772456853150997e-17
0.09884988498849885,1.1533440332235353e-05,5.962864876328409e-07,7.772456853150997e-17
0.09885988598859886,1.1533440332243439e-05,5.962864876042411e-07,7.772456853150997e-17
0.09886988698869888,1.1533440332207152e-05,5.962864876207737e-07,7.772456853150997e-17
0.09887988798879889,1.1533440332238106e-05,5.962864876414337e-07,7.772456853150997e-17
0.09888988898889889,1.1533440332271167e-05,5.962864876457878e-07,7.772456853150997e-17
0.0988998899889989,1.1533440332294513e-05,5.962864876346781e-07,7.772456853150997e-17
0.09890989098909891,1.1533440332313466e-05,5.962864876525936e-07,7.772456853150997e-17
0.09891989198919893,1.1533440332347398e-05,5.962864876334991e-07,7.772456853150997e-17
0.09892989298929894,1.1533440332319541e-05,5.962864876456615e-07,7.772456853150997e-17
0.09893989398939894,1.1533440332335167e-05,5.962864876465086e-07,7.772456853150997e-17
0.09894989498949895,1.1533440332324173e-05,5.962864876559473e-07,7.772456853150997e-17
0.09895989598959896,1.1533440332351754e-05,5.962864876233724e-07,7.772456853150997e-17
0.09896989698969898,1.153344033233744e-05,5.962864876523219e-07,7.772456853150997e-17
0.09897989798979899,1.1533440332336428e-05,5.962864876693528e-07,7.772456853150997e-17
0.09898989898989899,1.1533440332349946e-05,5.962864876732804e-07,7.772456853150997e-17
0.098999899989999,1.153344033236996e-05,5.962864876764598e-07,7.772456853150997e-17
0.09900990099009901,1.153344033237285e-05,5.962864876762548e-07,7.772456853150997e-17
0.09901990199019903,1.1533440332401166e-05,5.962864876509031e-07,7.772456853150997e-17
0.09902990299029903,1.1533440332420958e-05,5.962864876701992e-07,7.772456853150997e-17
0.09903990399039904,1.1533440332464873e-05,5.962864877119618e-07,7.772456853150997e-17
0.09904990499049905,1.1533440332499065e-05,5.962864876990015e-07,7.772456853150997e-17
0.09905990599059906,1.153344033258841e-05,5.962864877496791e-07,7.772456853150997e-17
0.09906990699069908,1.1533440332625649e-05,5.962864877966677e-07,7.772456853150997e-17
0.09907990799079908,1.1533440332656098e-05,5.962864878153736e-07,7.772456853150997e-17
0.09908990899089909,1.1533440332685119e-05,5.962864878192517e-07,7.772456853150997e-17
0.0990999099909991,1.1533440332683157e-05,5.962864878365944e-07,7.772456853150997e-17
0.09910991099109911,1.1533440332717393e-05,5.962864878669934e-07,7.772456853150997e-17
0.09911991199119913,1.1533440332769483e-05,5.96286487856026e-07,7.772456853150997e-17
0.09912991299129913,1.1533440332794791e-05,5.962864878696192e-07,7.772456853150997e-17
0.09913991399139914,1.1533440332813617e-05,5.962864878880075e-07,7.772456853150997e-17
0.09914991499149915,1.1533440332846585e-05,5.962864879793083e-07,7.772456853150997e-17
0.09915991599159917,1.153344033290161e-05,5.962864879941701e-07,7.772456853150997e-17
0.09916991699169918,1.1533440332891378e-05,5.962864879924855e-07,7.772456853150997e-17
0.09917991799179918,1.1533440332941889e-05,5.962864879951597e-07,7.772456853150997e-17
0.09918991899189919,1.1533440332930645e-05,5.962864880265945e-07,7.772456853150997e-17
0.0991999199919992,1.1533440332917055e-05,5.962864880526481e-07,7.772456853150997e-17
0.09920992099209922,1.1533440332913792e-05,5.962864880932492e-07,7.772456853150997e-17
0.09921992199219923,1.1533440332911375e-05,5.962864880875545e-07,7.772456853150997e-17
0.09922992299229923,1.1533440332895198e-05,5.962864881302505e-07,7.772456853150997e-17
0.09923992399239924,1.1533440332901956e-05,5.962864881405486e-07,7.772456853150997e-17
0.09924992499249925,1.1533440332900089e-05,5.962864881628475e-07,7.772456853150997e-17
0.09925992599259927,1.1533440332902319e-05,5.962864881588136e-07,7.772456853150997e-17
0.09926992699269928,1.1533440332867165e-05,5.962864881765479e-07,7.772456853150997e-17
0.09927992799279928,1.153344033288297e-05,5.962864881908361e-07,7.772456853150997e-17
0.09928992899289929,1.1533440332922026e-05,5.962864881631153e-07,7.772456853150997e-17
0.0992999299929993,1.153344033291306e-05,5.962864881883721e-07,7.772456853150997e-17
0.09930993099309932,1.1533440332931924e-05,5.962864881454566e-07,7.772456853150997e-17
0.09931993199319933,1.1533440332933706e-05,5.962864882029595e-07,7.772456853150997e-17
0.09932993299329933,1.1533440332963398e-05,5.962864881859294e-07,7.772456853150997e-17
0.09933993399339934,1.1533440332961626e-05,5.962864881636118e-07,7.772456853150997e-17
0.09934993499349935,1.153344033293913e-05,5.962864882271461e-07,7.772456853150997e-17
0.09935993599359937,1.1533440332937406e-05,5.962864882705578e-07,7.772456853150997e-17
0.09936993699369938,1.153344033292774e-05,5.962864882987552e-07,7.772456853150997e-17
0.09937993799379938,1.1533440332926073e-05,5.962864883397684e-07,7.772456853150997e-17
0.09938993899389939,1.1533440332962587e-05,5.96286488319086e-07,7.772456853150997e-17
0.0993999399939994,1.153344033299033e-05,5.962864882860726e-07,7.772456853150997e-17
0.09940994099409942,1.1533440333020114e-05,5.962864882748309e-07,7.772456853150997e-17
0.09941994199419943,1.1533440333028631e-05,5.962864882589659e-07,7.772456853150997e-17
0.09942994299429943,1.1533440333057115e-05,5.962864882650816e-07,7.772456853150997e-17
0.09943994399439944,1.1533440333025082e-05,5.962864882882455e-07,7.772456853150997e-17
0.09944994499449945,1.1533440333031366e-05,5.962864883129705e-07,7.772456853150997e-17
0.09945994599459947,1.1533440333021615e-05,5.962864883553117e-07,7.772456853150997e-17
0.09946994699469948,1.153344033301866e-05,5.962864883573233e-07,7.772456853150997e-17
0.09947994799479948,1.1533440332981702e-05,5.96286488370341e-07,7.772456853150997e-17
0.09948994899489949,1.1533440332972409e-05,5.962864883768551e-07,7.772456853150997e-17
0.0994999499949995,1.1533440333008762e-05,5.962864883866574e-07,7.772456853150997e-17
0.09950995099509952,1.1533440333006043e-05,5.962864884243571e-07,7.772456853150997e-17
0.09951995199519953,1.1533440333040996e-05,5.962864884537364e-07,7.772456853150997e-17
0.09952995299529953,1.1533440333047363e-05,5.962864884811958e-07,7.772456853150997e-17
0.09953995399539954,1.1533440333051542e-05,5.962864885160595e-07,7.772456853150997e-17
0.09954995499549955,1.1533440333068747e-05,5.96286488476604e-07,7.772456853150997e-17
0.09955995599559957,1.1533440333099308e-05,5.9628648848095e-07,7.772456853150997e-17
0.09956995699569958,1.1533440333110795e-05,5.962864884752804e-07,7.772456853150997e-17
0.09957995799579958,1.1533440333139274e-05,5.962864884887192e-07,7.772456853150997e-17
0.09958995899589959,1.1533440333140076e-05,5.962864885053678e-07,7.772456853150997e-17
0.0995999599959996,1.153344033315481e-05,5.962864885485014e-07,7.772456853150997e-17
0.09960996099609962,1.1533440333187325e-05,5.962864885558012e-07,7.772456853150997e-17
0.09961996199619963,1.1533440333206934e-05,5.962864885969038e-07,7.772456853150997e-17
0.09962996299629963,1.153344033322133e-05,5.962864886153048e-07,7.772456853150997e-17
0.09963996399639964,1.1533440333241147e-05,5.962864885382912e-07,7.772456853150997e-17
0.09964996499649965,1.1533440333227901e-05,5.962864885276576e-07,7.772456853150997e-17
0.09965996599659967,1.1533440333232463e-05,5.962864885460281e-07,7.772456853150997e-17
0.09966996699669968,1.1533440333246173e-05,5.962864886068537e-07,7.772456853150997e-17
0.09967996799679968,1.15334403332391e-05,5.96286488665038e-07,7.772456853150997e-17
0.09968996899689969,1.153344033323755e-05,5.962864886810946e-07,7.772456853150997e-17
0.0996999699969997,1.153344033326998e-05,5.962864886916115e-07,7.772456853150997e-17
0.09970997099709972,1.1533440333269096e-05,5.962864887120328e-07,7.772456853150997e-17
0.09971997199719973,1.153344033326333e-05,5.9628648870931e-07,7.772456853150997e-17
0.09972997299729973,1.153344033322082e-05,5.962864886655548e-07,7.772456853150997e-17
0.09973997399739974,1.153344033316036e-05,5.962864886818245e-07,7.772456853150997e-17
0.09974997499749975,1.1533440333169654e-05,5.962864887044001e-07,7.772456853150997e-17
0.09975997599759977,1.1533440333165175e-05,5.962864887290396e-07,7.772456853150997e-17
0.09976997699769977,1.1533440333129178e-05,5.962864887287767e-07,7.772456853150997e-17
0.09977997799779978,1.1533440333121915e-05,5.96286488742961e-07,7.772456853150997e-17
0.09978997899789979,1.1533440333105466e-05,5.962864887317669e-07,7.772456853150997e-17
0.0997999799979998,1.153344033310289e-05,5.96286488752382e-07,7.772456853150997e-17
0.09980998099809982,1.153344033308695e-05,5.962864887482352e-07,7.772456853150997e-17
0.09981998199819982,1.1533440333081261e-05,5.962864887827621e-07,7.772456853150997e-17
0.09982998299829983,1.153344033310657e-05,5.962864887639145e-07,7.772456853150997e-17
0.09983998399839984,1.15334403331493e-05,5.962864887854906e-07,7.772456853150997e-17
0.09984998499849985,1.15334403331622e-05,5.962864888421729e-07,7.772456853150997e-17
0.09985998599859987,1.1533440333175114e-05,5.962864888091203e-07,7.772456853150997e-17
0.09986998699869987,1.15334403331689e-05,5.962864888283688e-07,7.772456853150997e-17
0.09987998799879988,1.1533440333175936e-05,5.962864888198605e-07,7.772456853150997e-17
0.09988998899889989,1.1533440333202937e-05,5.962864888142744e-07,7.772456853150997e-17
0.0998999899989999,1.1533440333216414e-05,5.962864888185523e-07,7.772456853150997e-17
0.09990999099909992,1.1533440333176459e-05,5.962864888343438e-07,7.772456853150997e-17
0.09991999199919992,1.1533440333161238e-05,5.962864888293692e-07,7.772456853150997e-17
0.09992999299929993,1.1533440333187826e-05,5.962864888506641e-07,7.772456853150997e-17
0.09993999399939994,1.1533440333266865e-05,5.962864888496194e-07,7.772456853150997e-17
0.09994999499949996,1.1533440333267217e-05,5.96286488841546e-07,7.772456853150997e-17
0.09995999599959997,1.1533440333255521e-05,5.962864888434765e-07,7.772456853150997e-17
0.09996999699969997,1.1533440333247098e-05,5.962864888904644e-07,7.772456853150997e-17
0.09997999799979998,1.1533440333266112e-05,5.962864889456356e-07,7.772456853150997e-17
0.09998999899989999,1.1533440333235385e-05,5.962864889268048e-07,7.772456853150997e-17
0.1,1.1533440333201582e-05,5.962864889007554e-07,7.772456853150997e-17
