t, h, w, c
0.0,1.0082643200000005,0.48452616000000104,0.06782479999999826
1e-05,0.999864320000001,0.496926160000001,0.06159619999999868
2e-05,0.9770643200000011,0.46972616000000106,0.04064735999999697
3.0000000000000004e-05,0.938664320000001,0.44812616000000105,0.06044619999999752
4e-05,0.9077921600000008,0.40692680000000114,0.048536439999997086
5e-05,0.8882025200000008,0.3853268000000012,0.06744323999999968
6.000000000000001e-05,0.8638025200000008,0.3489268000000014,0.05584927999999944
7.000000000000001e-05,0.8454025200000006,0.32892680000000146,0.05478311999999892
8e-05,0.813002520000001,0.3189268000000014,0.06254456000000042
9e-05,0.780202520000001,0.29652680000000126,0.05501615999999875
0.0001,0.7530025200000017,0.2857725200000015,0.05672472000000051
0.00011,0.7282025200000019,0.2585725200000016,0.04303695999999557
0.00012000000000000002,0.7106137200000018,0.25777252000000117,0.04350699999999684
0.00013000000000000002,0.684202520000002,0.23697252000000088,0.0402381599999966
0.00014000000000000001,0.6650025200000018,0.22802240000000057,0.04485067999999686
0.00015000000000000001,0.635802520000002,0.21486884000000045,0.05525419999999713
0.00016,0.6098856000000017,0.20565776000000038,0.044697679999997096
0.00017,0.6010137200000019,0.20656032000000019,0.05382683999999816
0.00018,0.574613720000002,0.2075659199999998,0.035441399999997444
0.00019,0.5622744000000018,0.1968570400000002,0.03203068000000163
0.0002,0.5502137200000021,0.1914662000000007,0.051224920000002075
0.00021,0.5306856000000016,0.1823315999999995,0.03618828000000217
0.00022,0.5093093200000013,0.1711644399999996,0.03928392000000144
0.00023,0.5053812000000012,0.17974995999999982,0.030397320000003128
0.00024000000000000003,0.4790856000000017,0.1712230799999989,0.030928280000002747
0.00025,0.47978120000000096,0.16842307999999898,0.03542112000000314
0.00026000000000000003,0.46010932000000176,0.16151939999999876,0.055550559999999055
0.00027,0.4440060400000008,0.15753123999999866,0.04513456000000355
0.00028000000000000003,0.44919620000000143,0.14872087999999833,0.03534820000000463
0.00029,0.43789292000000174,0.1485353599999984,0.03976491999999949
0.00030000000000000003,0.4142210400000015,0.14813387999999844,0.05117504000000448
0.00031,0.3882929200000008,0.1534029599999983,0.038249360000003056
0.00032,0.3794929200000012,0.14547171999999872,0.038790360000002994
0.00033000000000000005,0.3738929200000011,0.1407193999999986,0.05384780000000113
0.00034,0.35869292000000097,0.1474558399999987,0.034301320000002376
0.00035000000000000005,0.3496060400000011,0.1346161199999988,0.037953799999998664
0.00036,0.33960604000000116,0.13517087999999838,0.0451633599999997
0.00037000000000000005,0.32742104000000133,0.1344742799999985,0.040519320000002815
0.00038,0.3154798800000002,0.13957087999999832,0.047435720000003526
0.00039000000000000005,0.3074929200000006,0.13298535999999792,0.038115879999999526
0.0004,0.29646235999999915,0.12940295999999832,0.060913280000003046
0.00041000000000000005,0.2921138399999995,0.12787531999999843,0.05130604000000248
0.00042,0.2920530399999997,0.13084387999999877,0.053446440000003634
0.00043000000000000004,0.27817547999999925,0.13214111999999886,0.05653380000000248
0.00044,0.2692623599999993,0.13757091999999874,0.034072280000002154
0.00045000000000000004,0.26622695999999907,0.13429127999999896,0.03251408000000229
0.00046,0.27182695999999945,0.12705923999999855,0.04057252000000219
0.00047000000000000004,0.25439047999999914,0.12698687999999855,0.03235080000000208
0.00048000000000000007,0.2512425999999991,0.1217311199999985,0.035713680000003384
0.0004900000000000001,0.24166299999999855,0.12122783999999849,0.05015492000000254
0.0005,0.2476425999999992,0.11719327999999839,0.03790568000000293
0.00051,0.2445144799999988,0.11719327999999832,0.046895520000003243
0.0005200000000000001,0.23745171999999948,0.11834539999999805,0.05117768000000368
0.0005300000000000001,0.22731383999999874,0.11473319999999809,0.04595804000000315
0.00054,0.22444851999999957,0.10868999999999837,0.046880480000004165
0.00055,0.22811447999999834,0.10929443999999788,0.04752844000000371
0.0005600000000000001,0.217569679999998,0.10794755999999815,0.04666876000000423
0.0005700000000000001,0.21508323999999812,0.10489127999999803,0.05051932000000507
0.00058,0.22773515999999863,0.1044017599999984,0.054140720000003174
0.00059,0.22246299999999833,0.10035523999999804,0.057446560000000514
0.0006000000000000001,0.22417611999999834,0.0986905599999976,0.048335520000002796
0.0006100000000000001,0.23057611999999839,0.09951123999999799,0.046533520000002986
0.00062,0.21996903999999812,0.09920175999999811,0.03370008000000271
0.00063,0.20823631999999875,0.09915027999999788,0.041117600000000226
0.00064,0.2134935999999981,0.0962560799999979,0.03998132000000167
0.0006500000000000001,0.208462999999998,0.09933239999999748,0.039079640000003434
0.0006600000000000001,0.21006299999999817,0.0959075599999979,0.04304900000000372
0.00067,0.2106733199999982,0.09729931999999748,0.051507599999998335
0.00068,0.20702119999999782,0.09846723999999792,0.040631080000002165
0.0006900000000000001,0.1951296399999986,0.09853799999999806,0.040809759999997
0.0007000000000000001,0.1919970399999987,0.09489915999999769,0.04568440000000057
0.00071,0.17686235999999725,0.09311363999999794,0.046326119999998756
0.00072,0.17601311999999938,0.09464127999999765,0.04143316000000068
0.0007300000000000001,0.16342823999999923,0.09286803999999817,0.044010320000001026
0.0007400000000000001,0.16062175999999906,0.09019491999999785,0.03400103999999813
0.00075,0.1523392799999981,0.09619119999999798,0.03198092000000008
0.00076,0.15403147999999775,0.09542123999999813,0.035493399999998905
0.0007700000000000001,0.1417087199999965,0.0950381599999978,0.04873667999999757
0.0007800000000000001,0.14767259999999785,0.09516691999999786,0.05772027999999787
0.00079,0.1407817599999977,0.09771491999999779,0.03745323999999739
0.0008,0.1441049199999982,0.09548827999999777,0.04734543999999725
0.0008100000000000001,0.15088560000000012,0.09218727999999793,0.03983300000000319
0.0008200000000000001,0.1389151199999993,0.08970404000000255,0.039274760000001546
0.0008300000000000001,0.13640243999999863,0.08804159999999785,0.02534224000000009
0.00084,0.1359767599999981,0.08741247999999738,0.03922908000000405
0.0008500000000000001,0.1262530399999989,0.08913631999999794,0.046459160000003934
0.0008600000000000001,0.11824595999999737,0.09555727999999786,0.033745560000003894
0.0008700000000000001,0.12402247999999737,0.08908339999999768,0.038886919999999055
0.00088,0.11475007999999745,0.08614995999999805,0.045083040000000074
0.0008900000000000001,0.11876639999999689,0.08874079999999783,0.05258647999999965
0.0009000000000000001,0.11067307999999618,0.08782319999999758,0.05415164000000012
0.0009100000000000001,0.11836639999999714,0.08593631999999804,0.03816968000000322
0.00092,0.10412715999999829,0.08548931999999733,0.03832707999999949
0.00093,0.11815331999999816,0.08117563999999769,0.048923600000003446
0.0009400000000000001,0.10953127999999815,0.08694407999999783,0.04395752000000357
0.0009500000000000001,0.09559283999999788,0.08365387999999713,0.04759320000000309
0.0009600000000000001,0.10051899999999835,0.0792527599999977,0.046913399999998995
0.00097,0.0835251999999978,0.0784639599999974,0.03820935999999838
0.0009800000000000002,0.08576111999999851,0.07809931999999735,0.05645340000000352
0.00099,0.08796639999999617,0.07678619999999765,0.04125560000000374
0.001,0.08509235999999797,0.07878535999999771,0.055234960000000784
0.00101,0.08787307999999579,0.07753451999999757,0.041407719999999794
0.00102,0.09025051999999799,0.08449799999999753,0.0460436400000004
0.00103,0.08887371999999738,0.08534027999999776,0.04681128000000273
0.0010400000000000001,0.09605979999999832,0.07859191999999719,0.03238204000000283
0.0010500000000000002,0.09520831999999817,0.08466779999999714,0.045134640000000656
0.0010600000000000002,0.10130611999999951,0.08502207999999706,0.05274003999999925
0.00107,0.09303875999999928,0.07776451999999763,0.04751319999999809
0.00108,0.0978285599999983,0.0785474399999975,0.054349039999999536
0.00109,0.09431487999999784,0.08329215999999717,0.046425599999998624
0.0011,0.09825531999999898,0.07905179999999741,0.04214468000000266
0.00111,0.08085475999999789,0.07963731999999757,0.046501800000003084
0.0011200000000000001,0.06936111999999853,0.07627695999999827,0.03547292000000135
0.0011300000000000001,0.07393491999999854,0.08088763999999753,0.03215368000000318
0.0011400000000000002,0.0809827999999988,0.07855279999999744,0.03990235999999895
0.0011500000000000002,0.06837727999999736,0.07915671999999732,0.040128520000002575
0.00116,0.06808864000000006,0.07978155999999685,0.05071676000000154
0.00117,0.06823239999999689,0.08089211999999717,0.0382512799999979
0.00118,0.06490483999999835,0.08353451999999763,0.05722860000000182
0.00119,0.061338479999997156,0.08563779999999727,0.03873152000000427
0.0012000000000000001,0.0689663199999987,0.07832883999999764,0.048126720000000685
0.0012100000000000001,0.0718939600000003,0.08557371999999787,0.04287760000000213
0.0012200000000000002,0.06709887999999907,0.07746727999999797,0.024536199999997805
0.0012300000000000002,0.06452151999999821,0.08605395999999793,0.038384640000001524
0.00124,0.06954635999999863,0.08305343999999801,0.04265972000000159
0.00125,0.06716256000000329,0.08637631999999767,0.028859359999998772
0.00126,0.07223827999999938,0.08775531999999747,0.03582803999999656
0.00127,0.05431016000000061,0.08136067999999705,0.0422366399999973
0.00128,0.05932044000000102,0.07897171999999739,0.048658360000001594
0.0012900000000000001,0.05269424000000385,0.08210967999999756,0.04369764000000108
0.0013000000000000002,0.05059744000000293,0.08433631999999758,0.037574719999998625
0.0013100000000000002,0.052565920000002486,0.0892376799999976,0.039231120000002354
0.0013200000000000002,0.05957100000000242,0.08567843999999732,0.024567400000002074
0.00133,0.053319119999997944,0.08543911999999773,0.040910159999996754
0.00134,0.06318759999999836,0.08491543999999739,0.03958707999999746
0.00135,0.053185679999996925,0.08690427999999777,0.04518376000000295
0.00136,0.05035672000000029,0.08485279999999772,0.03655892000000157
0.0013700000000000001,0.0443094399999985,0.08401631999999785,0.03901364000000198
0.0013800000000000002,0.03911455999999878,0.08568091999999781,0.037969160000000425
0.0013900000000000002,0.04808791999999928,0.08128091999999791,0.04591147999999815
0.0014000000000000002,0.05554595999999857,0.08679147999999745,0.02615267999999929
0.00141,0.04135979999999917,0.09205267999999743,0.04800375999999738
0.00142,0.05853100000000022,0.09178063999999742,0.04253503999999828
0.00143,0.05275267999999965,0.08560276000000228,0.04987807999999817
0.00144,0.04645160000000062,0.089570439999997,0.03525479999999791
0.0014500000000000001,0.046207360000004576,0.08877043999999709,0.03935775999999764
0.0014600000000000001,0.052416520000000126,0.0845917999999978,0.03868043999999912
0.0014700000000000002,0.056351880000001256,0.08592591999999791,0.022508960000003284
0.0014800000000000002,0.04764515999999784,0.08514027999999749,0.04742976000000245
0.0014900000000000002,0.03895627999999801,0.08157051999999762,0.038892359999998745
0.0015,0.04652080000000288,0.08861571999999768,0.0485405599999999
0.00151,0.042439680000003255,0.07755427999999763,0.028448120000000878
0.00152,0.04601568000000382,0.0806240399999972,0.04024503999999803
0.0015300000000000001,0.05135972000000323,0.08517007999999686,0.046129999999998915
0.0015400000000000001,0.042185719999999254,0.07741247999999752,0.055213080000001684
0.0015500000000000002,0.040662640000002234,0.07948483999999785,0.04401964000000148
0.0015600000000000002,0.05265311999999924,0.07748435999999762,0.036735799999998923
0.0015700000000000002,0.04304272000000357,0.08902259999999745,0.05298351999999695
0.00158,0.06582404000000298,0.08165411999999732,0.03443400000000136
0.00159,0.049608119999998465,0.08768947999999792,0.040136320000000746
0.0016,0.04610724000000339,0.08467447999999696,0.038972960000000674
0.00161,0.06403572000000328,0.08288275999999718,0.020632720000002987
0.0016200000000000001,0.05601756000000223,0.08572747999999816,0.03051228000000261
0.0016300000000000002,0.06678252000000517,0.08612747999999776,0.047604640000003313
0.0016400000000000002,0.051495360000005146,0.08269735999999726,0.03795824000000355
0.0016500000000000002,0.05186136000000529,0.08640991999999739,0.03673867999999845
0.0016600000000000002,0.04772896000000095,0.08567531999999711,0.04273300000000276
0.00167,0.04657344000000211,0.09152283999999769,0.04680987999999931
0.00168,0.0460403999999988,0.08811291999999782,0.03378768000000164
0.00169,0.04672848000000316,0.08579339999999715,0.038459480000003654
0.0017000000000000001,0.0512753199999972,0.08809731999999712,0.039012679999998745
0.0017100000000000001,0.06102448000000143,0.076602359999998,0.0450638000000025
0.0017200000000000002,0.04556380000000186,0.07707195999999746,0.03743216000000283
0.0017300000000000002,0.05672623999999705,0.07777519999999784,0.03845271999999804
0.0017400000000000002,0.05652947999999816,0.09097075999999818,0.031180959999997367
0.00175,0.052552760000001746,0.08374359999999817,0.05095191999999822
0.00176,0.04483955999999899,0.08639547999999748,0.039269319999998054
0.00177,0.05821311999999723,0.07705995999999751,0.04614096000000035
0.0017800000000000001,0.05062363999999712,0.07647743999999912,0.043913280000000644
0.0017900000000000001,0.03741983999999746,0.07700599999999681,0.03415504000000358
0.0018000000000000002,0.03550887999999805,0.08249259999999765,0.04796975999999898
0.0018100000000000002,0.0434899599999978,0.09102067999999794,0.03707416000000054
0.0018200000000000002,0.033179000000003386,0.08457495999999812,0.03336260000000103
0.0018300000000000002,0.03964399999999725,0.08625915999999814,0.049690920000002727
0.00184,0.03995832000000021,0.08156107999999783,0.04082788000000229
0.00185,0.04365088000000264,0.07747895999999697,0.04103236000000262
0.00186,0.05752024000000189,0.08326447999999763,0.038453440000003204
0.0018700000000000001,0.057484880000001674,0.07952511999999785,0.031960799999999526
0.0018800000000000002,0.0412314400000023,0.08705807999999798,0.04915371999999804
0.0018900000000000002,0.03453232000000194,0.09037455999999802,0.040874879999998136
0.0019000000000000002,0.043935080000004116,0.08720231999999797,0.03434351999999703
0.0019100000000000002,0.040840400000003156,0.08679115999999826,0.04042767999999858
0.0019200000000000003,0.04852436000000221,0.0863008799999981,0.040418599999999305
0.00193,0.047563760000001155,0.08363911999999725,0.04592615999999838
0.00194,0.04471396000000168,0.08646303999999758,0.03974828000000219
0.0019500000000000001,0.03781012000000126,0.08504359999999737,0.03959920000000413
0.0019600000000000004,0.028689719999995214,0.08642743999999927,0.031408840000000396
0.00197,0.034245720000000576,0.08491879999999742,0.03387179999999846
0.00198,0.03138140000000151,0.07795083999999727,0.034407399999999796
0.00199,0.039384400000002324,0.0851985199999969,0.0453601599999967
0.002,0.04049567999999704,0.08927307999999702,0.04588432
0.00201,0.03351500000000188,0.08010759999999736,0.043463160000002006
0.00202,0.0367077200000032,0.07928043999999727,0.05372904000000226
0.00203,0.05139275999999912,0.07968179999999757,0.03519771999999736
0.00204,0.04402695999999944,0.07924624000000212,0.03236712000000026
0.00205,0.04912328000000041,0.07649723999999747,0.0420327599999972
0.00206,0.039754159999999095,0.08046215999999833,0.0442697200000003
0.0020700000000000002,0.04237132000000367,0.07601575999999707,0.04308436000000061
0.0020800000000000003,0.025013040000000913,0.07384059999999697,0.04221619999999775
0.0020900000000000003,0.03601436000000549,0.07583303999999677,0.03311444000000464
0.0021000000000000003,0.039570160000003095,0.07734363999999691,0.040629839999999175
0.0021100000000000003,0.036839920000005195,0.0728993599999976,0.03598075999999975
0.0021200000000000004,0.04034052000000455,0.07255083999999737,0.029827440000001978
0.0021300000000000004,0.050469080000002636,0.07205279999999747,0.03540963999999743
0.00214,0.061828280000003684,0.07695415999999755,0.04503335999999936
0.00215,0.047717720000002115,0.07563191999999741,0.02996611999999725
0.00216,0.04807712000000328,0.07074967999999711,0.03937259999999999
0.00217,0.054367000000003905,0.06965279999999784,0.0299144799999982
0.00218,0.04069260000000504,0.0715600399999971,0.026948639999996547
0.00219,0.045337600000003746,0.07906220000000073,0.041150639999998344
0.0022,0.03926988000000327,0.08556395999999716,0.044955160000001076
0.00221,0.042796520000004515,0.07536031999999727,0.037478920000003836
0.00222,0.04078408000000375,0.07432959999999744,0.038250080000003274
0.00223,0.03399236000000535,0.08247363999999743,0.03857852000000247
0.0022400000000000002,0.04061548000000576,0.0717507999999976,0.052437200000002425
0.0022500000000000003,0.0352488800000008,0.0723047999999983,0.04561672000000165
0.0022600000000000003,0.03816176000000485,0.07300539999999767,0.045838039999999795
0.0022700000000000003,0.035312840000004925,0.07646223999999657,0.03435528000000324
0.0022800000000000003,0.04363856000000527,0.08247159999999742,0.040312839999997054
0.0022900000000000004,0.04064476000000518,0.07539591999999679,0.04221863999999827
0.0023000000000000004,0.05015564000000561,0.07096115999999703,0.032513359999996945
0.00231,0.05756520000000453,0.08034943999999905,0.037751440000001184
0.00232,0.06147788000000449,0.08123107999999674,0.040865959999999334
0.00233,0.04889044000000427,0.07993187999999898,0.04127227999999748
0.00234,0.034141920000004176,0.07393467999999741,0.05476287999999944
0.00235,0.03724907999999959,0.07829535999999762,0.04181256000000177
0.00236,0.0618130800000004,0.08008255999999717,0.0540625999999974
0.00237,0.03983979999999995,0.08063131999999937,0.055467879999997464
0.00238,0.03514896000000295,0.07395803999999895,0.044756959999997854
0.00239,0.04002476000000459,0.07984627999999705,0.025847520000000044
0.0024000000000000002,0.035613160000002884,0.080442959999997,0.0433477199999989
0.0024100000000000002,0.04063112000000282,0.08563579999999711,0.040423559999997145
0.0024200000000000003,0.03920656000000484,0.07826367999999789,0.04223291999999823
0.0024300000000000003,0.036272840000004976,0.07726143999999756,0.03094027999999651
0.0024400000000000003,0.03981648000000428,0.07081295999999775,0.042627999999999555
0.0024500000000000004,0.05163884000000317,0.07298071999999749,0.05922679999999728
0.0024600000000000004,0.04754972000000371,0.07136111999999802,0.03712351999999736
0.0024700000000000004,0.03734780000000409,0.07573531999999795,0.03425123999999779
0.00248,0.06592756000000502,0.07159091999999774,0.04783552000000186
0.00249,0.048670200000004875,0.07820027999999699,0.058095240000001026
0.0025,0.05718616000000455,0.0775035599999976,0.04422567999999768
0.00251,0.0689231600000046,0.07363911999999694,0.04154795999999735
0.00252,0.05005312000000418,0.07418863999999704,0.031244599999998367
0.00253,0.044676840000003555,0.06966391999999713,0.03008868000000172
0.00254,0.04227884000000321,0.06914043999999679,0.03461108000000263
0.00255,0.04190992000000386,0.06927827999999678,0.02903184000000342
0.00256,0.04061832000000438,0.07092975999999715,0.025233360000002127
0.0025700000000000002,0.0359628400000042,0.07565739999999714,0.044838959999997964
0.0025800000000000003,0.03348848000000166,0.07354043999999696,0.03473724000000219
0.0025900000000000003,0.03575944000000336,0.07740479999999729,0.04281184000000285
0.0026000000000000003,0.04299300000000044,0.07688323999999676,0.04812083999999729
0.0026100000000000003,0.044480519999999656,0.07440227999999675,0.037658760000001956
0.0026200000000000004,0.041564120000004284,0.07817743999999742,0.04307696000000313
0.0026300000000000004,0.030090799999997024,0.07162647999999745,0.05721852000000529
0.0026400000000000004,0.040564600000003066,0.069950799999997,0.043551120000002504
0.00265,0.044076000000001184,0.06884295999999686,0.0345001600000029
0.00266,0.053091400000003425,0.06865659999999696,0.0313316400000031
0.00267,0.03665688000000439,0.06732995999999665,0.046894880000000486
0.00268,0.03956188000000393,0.06588107999999741,0.04747519999999862
0.00269,0.039951080000003754,0.06617071999999666,0.037397799999998524
0.0027,0.06384839999999992,0.0704155999999969,0.030791679999998624
0.00271,0.05153275999999934,0.06656959999999733,0.03314812000000196
0.00272,0.04870616000000208,0.07190323999999686,0.04570416000000106
0.0027300000000000002,0.050577520000000896,0.07044363999999753,0.05167136000000196
0.0027400000000000002,0.03852048000000056,0.06673375999999719,0.04314976000000223
0.0027500000000000003,0.04951631999999933,0.06414699999999722,0.04661716000000293
0.0027600000000000003,0.04848175999999691,0.06412719999999757,0.03767167999999833
0.0027700000000000003,0.04862995999999679,0.0683101999999973,0.029199280000001382
0.0027800000000000004,0.03444584000000017,0.07302519999999729,0.041104039999998135
0.0027900000000000004,0.035310960000002126,0.06836447999999733,0.03361660000000158
0.0028000000000000004,0.04244344000000419,0.07066647999999756,0.04127496000000325
0.0028100000000000004,0.02839696000000463,0.07602247999999726,0.046017880000000934
0.00282,0.04560732000000227,0.06888267999999893,0.03964400000000141
0.00283,0.03130304000000376,0.07951856000000136,0.04333884000000271
0.00284,0.036053920000003965,0.07101179999999688,0.040786680000001366
0.00285,0.04648796000000422,0.07626631999999661,0.03984904000000222
0.00286,0.03319928000000336,0.07242219999999704,0.04235176000000208
0.00287,0.05053692000000462,0.07283663999999665,0.03972672000000156
0.00288,0.04435396000000341,0.06949899999999691,0.041460520000003
0.00289,0.044269600000005085,0.0662378399999964,0.035716960000003885
0.0029000000000000002,0.042201920000003085,0.06884803999999657,0.029326799999996423
0.0029100000000000003,0.03777884000000355,0.06815083999999655,0.035456240000004524
0.0029200000000000003,0.03789340000000434,0.06461083999999671,0.029331840000004116
0.0029300000000000003,0.054032640000005475,0.06578183999999694,0.04496804000000324
0.0029400000000000003,0.05633168000000567,0.07313947999999701,0.05351488000000222
0.0029500000000000004,0.050653480000005226,0.07001047999999885,0.046103240000003584
0.0029600000000000004,0.040656800000004725,0.0716887999999968,0.03625840000000261
0.0029700000000000004,0.03461712000000301,0.07014395999999609,0.0485126000000017
0.0029800000000000004,0.0324629200000032,0.0710178799999981,0.032512240000001864
0.00299,0.04196988000000322,0.06869355999999723,0.05102075999999995
0.003,0.03615944000000034,0.0722164399999971,0.04058536000000044
0.00301,0.04176587999999857,0.0660063999999967,0.03908864000000403
0.00302,0.05334051999999901,0.05953451999999657,0.050755680000004244
0.00303,0.04848703999999829,0.06489931999999607,0.04050316000000034
0.00304,0.05707419999999859,0.071919799999997,0.04045312000000393
0.00305,0.04800000000000278,0.06478475999999679,0.036160960000004044
0.0030600000000000002,0.038581199999998955,0.07096003999999682,0.026083760000000563
0.0030700000000000002,0.03882528000000388,0.0770373999999977,0.036214280000002146
0.0030800000000000003,0.04942612000000336,0.0708615599999967,0.04016748000000269
0.0030900000000000003,0.05382388000000602,0.07734427999999667,0.034047399999998854
0.0031000000000000003,0.05204848000000355,0.07207191999999689,0.02945800000000398
0.0031100000000000004,0.06379024000000508,0.06349359999999696,0.035733560000003134
0.0031200000000000004,0.052654920000005365,0.06968411999999839,0.04511140000000226
0.0031300000000000004,0.046875360000004786,0.064874239999997,0.045796760000002684
0.0031400000000000004,0.04716368000000346,0.06986451999999782,0.037743920000000014
0.0031500000000000005,0.044829120000003754,0.06723451999999747,0.04532760000000021
0.00316,0.0650284800000035,0.0685952799999968,0.052810080000000044
0.00317,0.05741908000000363,0.06444295999999675,0.04754716000000002
0.00318,0.04716251999999881,0.06424827999999674,0.044871440000003995
0.00319,0.04636299999999877,0.06586747999999686,0.04791248000000402
0.0032,0.040024799999999784,0.06255003999999872,0.05673888000000496
0.00321,0.04623840000000402,0.07053443999999746,0.045593400000005405
0.00322,0.05036536000000356,0.06986335999999665,0.03793680000000162
0.0032300000000000002,0.0620404400000043,0.06379119999999709,0.04385240000000026
0.0032400000000000003,0.05855108000000278,0.06582687999999702,0.04804420000000388
0.0032500000000000003,0.04930200000000218,0.06510183999999687,0.04410000000000357
0.0032600000000000003,0.053439239999999805,0.06299627999999924,0.040995200000002445
0.0032700000000000003,0.05758780000000467,0.06447699999999702,0.042573600000000864
0.0032800000000000004,0.056812280000004725,0.06316923999999652,0.04306564000000251
0.0032900000000000004,0.06945380000000467,0.06830155999999689,0.0341164799999995
0.0033000000000000004,0.05625192000000604,0.06750035999999714,0.044830720000004314
0.0033100000000000004,0.05258920000000534,0.06177511999999745,0.029955440000000055
0.0033200000000000005,0.0489400800000041,0.06416423999999954,0.05595003999999942
0.00333,0.05621184000000384,0.061405279999997175,0.04434024000000131
0.00334,0.05696124000000362,0.06047511999999674,0.04385296000000075
0.00335,0.05268628000000329,0.06472987999999699,0.05276572000000035
0.00336,0.05301416000000218,0.06787839999999683,0.04024936000000319
0.00337,0.03860528000000313,0.06462979999999664,0.033053000000002886
0.00338,0.04167276000000563,0.06600443999999654,0.03598104000000378
0.0033900000000000002,0.056906680000004546,0.07119611999999732,0.04009092000000492
0.0034000000000000002,0.04367396000000424,0.06598303999999935,0.053145200000004916
0.0034100000000000003,0.03931068000000489,0.06120891999999707,0.04631760000000289
0.0034200000000000003,0.04080392000000066,0.059939760000000196,0.051132680000003816
0.0034300000000000003,0.031744760000002176,0.06710559999999754,0.06553064000000401
0.0034400000000000003,0.06603588000000268,0.06198831999999897,0.06141840000000223
0.0034500000000000004,0.05119060000000217,0.06740815999999805,0.058377240000002426
0.0034600000000000004,0.02751800000000237,0.08082091999999845,0.05167411999999789
0.0034700000000000004,0.04703620000000265,0.07199619999999761,0.04540696000000352
0.0034800000000000005,0.03058944000000155,0.07272119999999717,0.06884788000000025
0.0034900000000000005,0.04807544000000262,0.07020255999999708,0.055709400000000686
0.0035,0.038498640000002624,0.06612503999999694,0.04996995999999975
0.00351,0.0434782400000046,0.06922895999999716,0.04618571999999777
0.00352,0.050453920000004975,0.06635655999999658,0.04167024000000342
0.00353,0.047750120000003865,0.06980119999999629,0.04514868000000326
0.00354,0.04086464000000319,0.06274383999999637,0.04081856000000314
0.00355,0.03899712000000336,0.061089599999996524,0.035429520000004426
0.0035600000000000002,0.038042880000003075,0.06228091999999734,0.0361908800000008
0.0035700000000000003,0.043180520000004614,0.0669162399999969,0.040429360000004334
0.0035800000000000003,0.03385452000000423,0.06356147999999706,0.05591708000000374
0.0035900000000000003,0.04010924000000405,0.06593043999999718,0.0324154800000044
0.0036000000000000003,0.04078744000000338,0.06753043999999671,0.047531120000004826
0.0036100000000000004,0.03993296000000193,0.06680231999999736,0.058067760000004215
0.0036200000000000004,0.03092264000000283,0.06276435999999738,0.023287680000002347
0.0036300000000000004,0.033581679999998885,0.05927363999999719,0.03176480000000234
0.0036400000000000004,0.04083227999999896,0.06715455999999692,0.053287560000004695
0.0036500000000000005,0.03428572000000277,0.06157671999999718,0.04699264000000369
0.0036600000000000005,0.04221952000000279,0.05946971999999736,0.04527476000000074
0.00367,0.04565988000000258,0.06064699999999682,0.05287608000000026
0.00368,0.038728040000005196,0.059759999999996934,0.04205816000000335
0.00369,0.045528600000002244,0.06368811999999646,0.03621496000000319
0.0037,0.037780880000003444,0.06373959999999697,0.03905980000000344
0.00371,0.0432410800000037,0.06528811999999676,0.05025388000000318
0.00372,0.05623760000000348,0.06580987999999692,0.030136680000002
0.0037300000000000002,0.04657488000000293,0.05666327999999694,0.03233820000000139
0.0037400000000000003,0.05097348000000316,0.06338491999999672,0.033994960000002475
0.0037500000000000003,0.04190768000000248,0.05761083999999722,0.03157140000000402
0.0037600000000000003,0.037671840000002725,0.05951923999999719,0.03890935999999882
0.0037700000000000003,0.05024232000000398,0.061292839999996594,0.04711308000000043
0.0037800000000000004,0.04289472000000314,0.06111087999999718,0.02353052000000007
0.0037900000000000004,0.04146360000000381,0.06843079999999628,0.04946340000000458
0.0038000000000000004,0.049522480000005115,0.05580259999999636,0.027722320000003114
0.0038100000000000005,0.049920880000003845,0.06083651999999734,0.031588439999999884
0.0038200000000000005,0.046378520000003,0.07073067999999674,0.03797368000000026
0.0038300000000000005,0.04494796000000133,0.06394771999999674,0.02934303999999829
0.0038400000000000005,0.04067012000000267,0.062730679999997,0.037942840000002996
0.00385,0.027427800000005154,0.06973243999999908,0.02985363999999732
0.00386,0.03533644000000255,0.08183943999999932,0.024850279999998094
0.00387,0.04209363999999925,0.06729859999999653,0.030962520000000167
0.00388,0.03907468000000046,0.06552387999999681,0.03720983999999921
0.0038900000000000002,0.04046360000000055,0.06575251999999905,0.04610575999999978
0.0039000000000000003,0.03818784000000135,0.06956463999999825,0.03389367999999596
0.00391,0.03432208000000321,0.08297027999999872,0.04341151999999572
0.003920000000000001,0.03773876000000146,0.069907799999997,0.0343223999999984
0.00393,0.04113195999999693,0.07085607999999745,0.04574235999999858
0.00394,0.04636860000000058,0.07149483999999777,0.0320630399999976
0.00395,0.03215603999999581,0.0664663999999996,0.0400923999999964
0.00396,0.028592320000002436,0.06120531999999657,0.05561996000000213
0.0039700000000000004,0.03740256000000495,0.06297543999999956,0.0390433999999994
0.00398,0.03607872000000477,0.06669887999999947,0.03293988000000286
0.0039900000000000005,0.03805424000000471,0.0660505199999967,0.047538039999997506
0.004,0.045418840000003645,0.06925127999999867,0.04636288000000167
0.0040100000000000005,0.03004340000000517,0.06862487999999631,0.04558891999999764
0.00402,0.0446958000000057,0.07750623999999841,0.04671267999999993
0.004030000000000001,0.030487120000003892,0.06959955999999945,0.03278487999999791
0.00404,0.038080840000004244,0.06227943999999987,0.050700759999999345
0.004050000000000001,0.051767239999998,0.05375299999999656,0.04667059999999781
0.00406,0.0459830400000017,0.06200171999999721,0.03999115999999791
0.004070000000000001,0.04435980000000068,0.05478027999999662,0.038365960000002246
0.00408,0.03497903999999767,0.062193839999996704,0.03626440000000291
0.004090000000000001,0.05793612000000057,0.053605799999996685,0.04058631999999846
0.0041,0.059630559999997786,0.06569936000000168,0.05398028000000239
0.00411,0.03667467999999817,0.06425331999999762,0.04644387999999837
0.00412,0.05373800000000146,0.06143899999999731,0.05204868000000071
0.00413,0.031747760000003934,0.056991399999996833,0.05299900000000076
0.0041400000000000005,0.03291740000000247,0.07036807999999696,0.04779732000000042
0.00415,0.04748288000000165,0.06596779999999645,0.05334092000000014
0.0041600000000000005,0.04933604000000325,0.061014720000001035,0.050073400000000594
0.00417,0.03475167999999897,0.061267679999996695,0.03505719999999979
0.0041800000000000006,0.041495439999999516,0.05665987999999678,0.03846104000000324
0.00419,0.03493684000000227,0.05612203999999709,0.03539096000000129
0.004200000000000001,0.041023000000003744,0.06148079999999698,0.03755160000000249
0.00421,0.042679280000003414,0.05909435999999696,0.044032560000000484
0.004220000000000001,0.034807640000000535,0.0673079999999968,0.028490520000000793
0.00423,0.04079772000000529,0.07321619999999687,0.03019836000000434
0.004240000000000001,0.03790228000000433,0.07311607999999682,0.03544968000000279
0.00425,0.04060020000000404,0.07478075999999699,0.03608908000000276
0.004260000000000001,0.04369668000000441,0.062332399999997345,0.04333968000000471
0.00427,0.0415992400000053,0.05826303999999717,0.04914604000000405
0.00428,0.04273712000000273,0.06221155999999735,0.03636764000000426
0.00429,0.041874680000003606,0.05673239999999658,0.04713568000000362
0.0043,0.0381306000000041,0.06488603999999921,0.04392448000000365
0.0043100000000000005,0.03248512000000359,0.0583953999999965,0.05515596000000449
0.00432,0.045189600000005256,0.06249991999999695,0.05742692000000223
0.0043300000000000005,0.036171760000004265,0.06539323999999658,0.041580640000003624
0.00434,0.04501087999999988,0.06487215999999688,0.046592160000000146
0.004350000000000001,0.05173643999999991,0.0606247199999967,0.041720239999998916
0.00436,0.04044380000000381,0.07054583999999703,0.03766952000000256
0.004370000000000001,0.04810908000000067,0.06005203999999859,0.041829560000001896
0.00438,0.03747604000000481,0.05824223999999866,0.03119864000000118
0.004390000000000001,0.041319920000000565,0.06856087999999669,0.04154939999999943
0.0044,0.04400863999999996,0.0609889999999965,0.04503603999999826
0.004410000000000001,0.0556108800000048,0.05879663999999626,0.04115323999999981
0.00442,0.06022372000000297,0.056021719999999046,0.05187295999999767
0.004430000000000001,0.04641844000000298,0.06303815999999655,0.05610907999999967
0.00444,0.056798440000005515,0.06240623999999737,0.06165547999999859
0.00445,0.06670044000000565,0.06255075999999662,0.04941435999999889
0.00446,0.06855128000000571,0.057152039999996504,0.057770039999998024
0.00447,0.05772680000000554,0.060185159999997316,0.06322128000000013
0.0044800000000000005,0.0514863200000058,0.05880635999999685,0.04608188000000374
0.00449,0.03559300000000476,0.05627839999999699,0.040214080000003566
0.0045000000000000005,0.042162800000002165,0.06085803999999659,0.04678091999999999
0.00451,0.03685416000000033,0.07194491999999676,0.043470960000003396
0.004520000000000001,0.04987363999999919,0.06774675999999638,0.030760440000001377
0.00453,0.06800624000000353,0.07144283999999644,0.032736160000000084
0.004540000000000001,0.03970556000000363,0.0696428399999966,0.028856719999998604
0.00455,0.05271492000000004,0.06953995999999672,0.03785699999999853
0.004560000000000001,0.05878472000000296,0.05990807999999663,0.04386843999999804
0.00457,0.04951216000000184,0.06957435999999706,0.03407415999999935
0.004580000000000001,0.051583600000002304,0.0636930799999966,0.0368554800000019
0.00459,0.054618280000003426,0.06524587999999683,0.0435952400000004
0.004600000000000001,0.047889680000003654,0.07806167999999707,0.04237607999999811
0.00461,0.060681400000003986,0.06898167999999713,0.042973120000002744
0.00462,0.05981476000000578,0.0679702799999989,0.03780708000000282
0.0046300000000000004,0.058347000000006005,0.06486299999999669,0.041560880000001445
0.00464,0.05163364000000562,0.058177439999996965,0.048142840000002456
0.0046500000000000005,0.05221480000000551,0.055284719999997026,0.046012360000000224
0.00466,0.03505272000000444,0.06282271999999615,0.052243200000000226
0.0046700000000000005,0.038235560000002965,0.05224355999999651,0.04736323999999592
0.00468,0.052881840000005086,0.05965863999999762,0.04875907999999774
0.004690000000000001,0.050643080000004455,0.05684775999999628,0.04127284000000212
0.0047,0.044265320000003,0.05856527999999653,0.051069440000003796
0.004710000000000001,0.04173280000000479,0.06639375999999707,0.04866832000000295
0.00472,0.04134164000000352,0.061202279999997014,0.055586399999998405
0.004730000000000001,0.04741764000000409,0.0579449199999968,0.05122543999999809
0.00474,0.04355484000000196,0.06088447999999855,0.04564775999999903
0.004750000000000001,0.06503720000000418,0.051071919999996995,0.0414395199999982
0.00476,0.043330560000004105,0.05645155999999716,0.039697840000002246
0.004770000000000001,0.034593240000002454,0.059260839999999156,0.04459127999999677
0.00478,0.036244760000003914,0.05659199999999687,0.042977479999997424
0.00479,0.035017240000002704,0.07367736000000136,0.0378581199999962
0.0048000000000000004,0.048562160000000014,0.06208083999999633,0.03622747999999703
0.00481,0.049843919999999174,0.05795499999999832,0.030900960000001514
0.0048200000000000005,0.037379920000004854,0.062439119999996996,0.039884680000001824
0.00483,0.043177200000005356,0.06122767999999749,0.028995560000001325
0.0048400000000000006,0.05153396000000367,0.06135371999999722,0.03979756000000089
0.00485,0.0432775200000051,0.05520783999999628,0.030311839999999406
0.004860000000000001,0.03871316000000335,0.058273799999996635,0.04388560000000079
0.00487,0.04837464000000317,0.05984759999999944,0.038775319999999704
0.004880000000000001,0.03639988000000322,0.05593567999999654,0.054152399999998824
0.00489,0.03202852000000351,0.056190919999996425,0.0486937600000031
0.004900000000000001,0.038143200000002354,0.053546639999996565,0.04482431999999885
0.00491,0.048257160000004407,0.05062911999999706,0.03882435999999906
0.004920000000000001,0.03996092000000067,0.05083355999999707,0.05011496000000279
0.00493,0.04512496000000073,0.050063519999996725,0.03932204000000365
0.004940000000000001,0.04991580000000056,0.07177523999999741,0.032360119999998986
0.00495,0.03544456000000414,0.0496256399999969,0.03935020000000324
0.00496,0.039964600000000045,0.06184987999999627,0.036013000000002036
0.0049700000000000005,0.04112536000000452,0.0574478799999965,0.03178384000000127
0.00498,0.04922404000000346,0.05562003999999679,0.040526040000001824
0.0049900000000000005,0.054002320000004454,0.06154683999999732,0.03402988000000282
0.005,0.048523959999999366,0.05915343999999708,0.03113976000000283
0.0050100000000000006,0.04421840000000001,0.0544210799999973,0.044844200000002415
0.00502,0.044597000000003925,0.06012739999999921,0.05924232000000156
0.005030000000000001,0.045874079999999366,0.05031427999999725,0.04653524000000072
0.00504,0.03423812000000364,0.05584487999999899,0.03542348000000143
0.005050000000000001,0.05538352000000339,0.05161399999999639,0.03514011999999813
0.00506,0.058932040000003294,0.054302559999996496,0.032237119999999043
0.005070000000000001,0.043575960000002925,0.053983919999998776,0.02191952000000031
0.00508,0.034956080000003845,0.05066276000000133,0.04069499999999904
0.005090000000000001,0.04054300000000077,0.05364343999999656,0.023734719999997246
0.0051,0.03474164000000418,0.0569503599999965,0.03385751999999744
0.005110000000000001,0.03677232000000115,0.054247719999996315,0.04182307999999797
0.00512,0.03478415999999861,0.057722839999997534,0.02860591999999784
0.00513,0.041762080000000104,0.06487971999999684,0.03667147999999732
0.0051400000000000005,0.04780316000000057,0.05978891999999609,0.041725799999997024
0.00515,0.04697060000000014,0.061842959999996595,0.03888419999999672
0.0051600000000000005,0.04172080000000096,0.05734315999999644,0.05111527999999722
0.00517,0.0384706800000032,0.054922279999996645,0.05155579999999738
0.005180000000000001,0.04105312000000289,0.05935731999999655,0.040107239999998295
0.00519,0.030057040000002463,0.057102559999996284,0.03951083999999726
0.005200000000000001,0.047358400000001966,0.05790291999999635,0.042239159999997146
0.00521,0.04298288000000372,0.05348099999999644,0.030999519999996616
0.005220000000000001,0.03436220000000101,0.06950764000000083,0.04765383999999747
0.00523,0.035273120000004245,0.060804359999996414,0.04314868000000182
0.005240000000000001,0.044191920000002174,0.06334659999999659,0.0325796400000018
0.00525,0.04697828000000076,0.06557995999999619,0.04239092000000158
0.005260000000000001,0.027473840000000048,0.05854319999999592,0.03828072000000008
0.00527,0.03158064000000409,0.06808279999999631,0.040190040000002036
0.005280000000000001,0.033185880000002874,0.06328307999999651,0.03494683999999686
0.00529,0.04144528000000257,0.0530164799999964,0.047783680000002104
0.0053,0.036880720000003156,0.05986831999999671,0.04103644000000398
0.0053100000000000005,0.03361815999999815,0.05356915999999607,0.05039436000000448
0.00532,0.037593679999999866,0.04973959999999648,0.050299320000005074
0.0053300000000000005,0.035860680000003656,0.05511467999999683,0.06666892000000048
0.00534,0.04587796000000194,0.057628239999998096,0.03918528000000184
0.005350000000000001,0.038328120000003754,0.060766359999998514,0.03611404000000245
0.00536,0.040487280000003956,0.05843019999999825,0.03140083999999877
0.005370000000000001,0.03978484000000281,0.05592511999999615,0.03025632000000242
0.00538,0.038573039999999205,0.06277003999999574,0.032851320000002536
0.005390000000000001,0.052817319999998974,0.050071079999996104,0.03822751999999706
0.0054,0.027915919999997887,0.048977519999996416,0.04035008000000014
0.005410000000000001,0.061956439999999245,0.0513886799999973,0.029022639999998077
0.00542,0.039737040000000313,0.0589938000000013,0.02500959999999716
0.005430000000000001,0.043587039999999244,0.05394588000000079,0.04159684000000258
0.00544,0.045238519999999414,0.055355600000000525,0.04560099999999924
0.005450000000000001,0.04853975999999935,0.058218999999996274,0.04068927999999616
0.0054600000000000004,0.05258315999999933,0.06406476000000154,0.05395531999999891
0.00547,0.05511555999999901,0.05963899999999674,0.04001567999999938
0.0054800000000000005,0.05069659999999774,0.0663875199999971,0.04775967999999895
0.00549,0.05140808000000204,0.06137367999999954,0.039417319999998035
0.0055000000000000005,0.052848360000004375,0.05331243999999847,0.036707599999996676
0.00551,0.05007884000000209,0.0540421999999963,0.03640383999999993
0.005520000000000001,0.04779616000000029,0.05662695999999643,0.0428778000000004
0.00553,0.04163151999999871,0.05877099999999809,0.0307967199999989
0.005540000000000001,0.03794080000000415,0.05244295999999619,0.034188160000002056
0.00555,0.057956000000000854,0.05810919999999762,0.03248928000000214
0.005560000000000001,0.05605979999999984,0.05391987999999586,0.038897600000004154
0.00557,0.03696200000000446,0.05207567999999808,0.048825920000001286
0.005580000000000001,0.048202280000004184,0.04866779999999606,0.039882240000001644
0.00559,0.035562000000000614,0.04483251999999652,0.04932360000000375
0.005600000000000001,0.04080184000000453,0.06304311999999677,0.03727544000000443
0.00561,0.039375199999999444,0.059654400000001634,0.03201044000000199
0.005620000000000001,0.04200191999999697,0.053274159999996816,0.03016316000000205
0.0056300000000000005,0.053658280000002403,0.05537707999999844,0.044617080000001856
0.00564,0.04201912000000379,0.05510947999999622,0.04214552000000144
0.0056500000000000005,0.03291679999999802,0.05412867999999837,0.05371256000000371
0.00566,0.043183079999996356,0.0510591199999982,0.04818492000000385
0.0056700000000000006,0.03389600000000191,0.05302683999999664,0.038819600000003465
0.00568,0.03823924000000244,0.0622268399999968,0.042096760000003446
0.005690000000000001,0.03654680000000281,0.051826599999997044,0.05594551999999899
0.0057,0.04849067999999895,0.0474685999999962,0.05324860000000293
0.005710000000000001,0.036615439999997425,0.07088007999999674,0.046230400000002635
0.00572,0.03974116000000027,0.06593687999999763,0.043090399999998995
0.005730000000000001,0.04936280000000144,0.06626607999999697,0.04084028000000079
0.00574,0.04750639999999988,0.05739751999999732,0.041981120000003085
0.005750000000000001,0.03914204000000171,0.05397567999999656,0.039406720000003566
0.00576,0.03544464000000133,0.061541759999998176,0.0460841200000008
0.005770000000000001,0.03725659999999714,0.05325227999999773,0.056463440000003355
0.00578,0.04173692000000304,0.05982611999999688,0.05284015999999949
0.005790000000000001,0.05076708000000138,0.050626119999996534,0.03236976000000334
0.0058000000000000005,0.07200435999999809,0.04733947999999746,0.05166468000000354
0.00581,0.06108543999999817,0.04449767999999777,0.04535692000000292
0.0058200000000000005,0.04760955999999716,0.038657719999996766,0.050263200000003345
0.00583,0.05490575999999771,0.042011639999996374,0.04652588000000292
0.005840000000000001,0.04543323999999785,0.04914867999999681,0.039203040000001126
0.00585,0.05197003999999781,0.047177119999998275,0.04600872000000197
0.005860000000000001,0.04440947999999852,0.05215231999999798,0.04448416000000122
0.00587,0.045095879999998464,0.07031492000000027,0.03249396000000368
0.005880000000000001,0.046163560000002005,0.05332851999999629,0.04711152000000414
0.00589,0.045993439999996506,0.058360559999996335,0.051694840000001935
0.005900000000000001,0.04915376000000268,0.062187160000000984,0.044697760000003105
0.00591,0.061299200000002475,0.05183764000000251,0.03383208000000266
0.005920000000000001,0.03023804000000147,0.05624860000000178,0.03126328000000263
0.00593,0.05825072000000249,0.046945600000001905,0.03588916000000259
0.005940000000000001,0.05788932000000215,0.04416816000000145,0.035648760000001764
0.00595,0.04387524000000213,0.042570159999997734,0.044742680000002914
0.005960000000000001,0.04567508000000236,0.0433872800000006,0.04455624000000323
0.0059700000000000005,0.035201639999999645,0.050748399999998306,0.048332880000002305
0.00598,0.032667000000001584,0.05774843999999808,0.051790880000002176
0.0059900000000000005,0.0373988400000032,0.04222307999999742,0.04889020000000217
0.006,0.042497600000000496,0.05458275999999789,0.03889456000000306
0.006010000000000001,0.042099319999998254,0.04146527999999713,0.042523639999998884
0.00602,0.0421250400000031,0.04317187999999676,0.04197568000000161
0.006030000000000001,0.03246008000000063,0.041746999999998,0.042525439999999234
0.00604,0.023708279999998017,0.0497729599999978,0.040098639999996806
0.006050000000000001,0.043009360000005055,0.050140760000002164,0.042807999999996335
0.00606,0.04520440000000002,0.04447411999999776,0.03905932000000088
0.006070000000000001,0.035073759999999524,0.04268935999999611,0.04378184000000178
0.00608,0.03187603999999729,0.04712911999999792,0.04534172000000216
0.006090000000000001,0.03074880000000227,0.0484189599999993,0.04368384000000169
0.0061,0.041071520000003484,0.04734923999999855,0.04524980000000254
0.006110000000000001,0.04616987999999723,0.048679599999997186,0.045562599999999384
0.0061200000000000004,0.0344085600000027,0.04482931999999923,0.04711100000000141
0.006130000000000001,0.0322413199999977,0.046411079999999307,0.03747471999999789
0.0061400000000000005,0.03371935999999749,0.0542445199999996,0.04061584000000363
0.00615,0.04702920000000226,0.049490639999996845,0.038874240000002544
0.0061600000000000005,0.04592260000000194,0.051235919999998575,0.03495316000000242
0.00617,0.03869095999999743,0.05405291999999913,0.048315199999999406
0.006180000000000001,0.03361884000000382,0.04878951999999766,0.025939080000004066
0.00619,0.02962848000000385,0.0604786799999973,0.028607800000000936
0.006200000000000001,0.03286088000000126,0.036063239999996145,0.029938119999997244
0.00621,0.02605532000000417,0.037502199999996655,0.03977075999999965
0.006220000000000001,0.0396860400000039,0.04019756000000146,0.02833071999999872
0.00623,0.05070296000000392,0.04953856000000129,0.03785431999999718
0.006240000000000001,0.04378352000000437,0.053100560000002024,0.04504371999999966
0.00625,0.04070460000000268,0.04788523999999637,0.03574291999999793
0.006260000000000001,0.046725440000002526,0.04539571999999627,0.042636239999998
0.00627,0.04973800000000134,0.03286443999999631,0.041224599999997606
0.006280000000000001,0.043844680000001905,0.040373279999996486,0.046717480000001754
0.0062900000000000005,0.027839120000004415,0.04455079999999602,0.03764739999999802
0.006300000000000001,0.035531240000003565,0.045392639999998805,0.05145123999999722
0.0063100000000000005,0.03967759999999874,0.0502037599999987,0.050415359999998355
0.00632,0.047692519999998906,0.05682039999999624,0.03642591999999776
0.0063300000000000006,0.053097959999999715,0.05412675999999678,0.04822959999999957
0.00634,0.03726251999999813,0.05154179999999652,0.04443252000000013
0.006350000000000001,0.0487627999999989,0.03769155999999772,0.04106992000000271
0.00636,0.0390403600000027,0.05546831999999893,0.04005391999999918
0.006370000000000001,0.037332160000003015,0.046701399999998124,0.029499000000001396
0.00638,0.03608160000000397,0.05041464000000286,0.04378219999999733
0.006390000000000001,0.035470080000004636,0.056443080000000596,0.04723467999999724
0.0064,0.03416528000000327,0.05413680000000125,0.03720127999999792
0.006410000000000001,0.0454524000000032,0.04916547999999568,0.05406875999999824
0.00642,0.03272496000000406,0.03369959999999574,0.05693044000000252
0.006430000000000001,0.038158039999998845,0.041564159999995895,0.05041060000000326
0.00644,0.05208775999999729,0.04900659999999703,0.047886199999999185
0.006450000000000001,0.045590359999996825,0.03758299999999715,0.04152927999999827
0.0064600000000000005,0.04494148000000051,0.04005359999999648,0.0477564399999983
0.006470000000000001,0.05088500000000332,0.045149999999999135,0.044659360000003
0.0064800000000000005,0.05447780000000356,0.043966719999998766,0.05552587999999944
0.00649,0.04154499999999961,0.05158675999999929,0.0530354000000025
0.006500000000000001,0.032531280000003514,0.04172883999999597,0.049412960000002455
0.00651,0.03589323999999871,0.03482079999999817,0.04307532000000146
0.006520000000000001,0.040068640000004575,0.041508039999996964,0.04030492000000169
0.00653,0.04900444000000005,0.04359679999999781,0.052804760000002095
0.006540000000000001,0.044701119999998803,0.04094219999999829,0.04334051999999696
0.00655,0.04271916000000393,0.04573583999999986,0.0463759199999971
0.006560000000000001,0.04764516000000449,0.0473551999999999,0.03607495999999936
0.00657,0.05961432000000452,0.03572235999999703,0.037068760000003906
0.006580000000000001,0.051951720000003185,0.04010907999999645,0.03629235999999923
0.00659,0.05900812000000411,0.05219736000000132,0.04012151999999922
0.006600000000000001,0.04940312000000441,0.05460115999999877,0.04165116000000274
0.00661,0.05563164000000425,0.04625359999999669,0.06751660000000234
0.006620000000000001,0.06414200000000171,0.05342832000000358,0.04551404000000465
0.0066300000000000005,0.04890964000000413,0.05871215999999823,0.06711424000000146
0.006640000000000001,0.05152356000000369,0.06098759999999828,0.050394680000004875
0.0066500000000000005,0.043421799999999296,0.04638115999999791,0.04139976000000265
0.00666,0.04615008000000025,0.05359951999999794,0.05222280000000138
0.006670000000000001,0.03445471999999888,0.041316239999996264,0.049800040000003036
0.00668,0.04847659999999965,0.04677971999999569,0.04577132000000037
0.006690000000000001,0.04157659999999933,0.04680632000000033,0.05349340000000163
0.0067,0.03318211999999715,0.03841247999999662,0.04339000000000155
0.006710000000000001,0.046000399999999476,0.044522679999996144,0.04129388000000103
0.00672,0.033389359999998744,0.03819503999999621,0.04174496000000048
0.006730000000000001,0.03878540000000046,0.04005228000000058,0.0302253599999993
0.00674,0.04517504000000062,0.04720391999999802,0.041786519999998224
0.006750000000000001,0.032593400000000126,0.04815971999999604,0.022970760000000236
0.00676,0.0407560000000028,0.048535919999996964,0.029864280000000337
0.006770000000000001,0.045217600000004556,0.05653663999999853,0.03732980000000003
0.0067800000000000004,0.041533120000003254,0.04911507999999711,0.030465119999998302
0.006790000000000001,0.024481200000002878,0.047486839999997456,0.03145004000000135
0.0068000000000000005,0.03496268000000366,0.0356839199999969,0.05510055999999841
0.006810000000000001,0.03449968000000405,0.04066803999999757,0.03683863999999779
0.0068200000000000005,0.03518084000000062,0.05047703999999746,0.039180880000000216
0.00683,0.03971224000000219,0.04366999999999724,0.03958688000000278
0.006840000000000001,0.038752479999999166,0.040094559999997,0.03809016000000485
0.00685,0.04404924000000269,0.0458756800000008,0.04446072000000316
0.006860000000000001,0.04057247999999837,0.04532247999999747,0.05728572000000184
0.00687,0.03413267999999944,0.053711880000000316,0.043732600000000565
0.006880000000000001,0.03651192000000228,0.05276783999999937,0.03230036000000304
0.00689,0.0397569199999956,0.041008039999996006,0.04822611999999959
0.006900000000000001,0.039132280000002566,0.04417875999999601,0.03470916000000258
0.00691,0.044849840000002465,0.05031579999999639,0.03313940000000121
0.006920000000000001,0.039079440000002345,0.0447041199999967,0.051726080000003366
0.00693,0.04791815999999883,0.04659652000000065,0.05522948000000246
0.006940000000000001,0.05035059999999975,0.03260183999999578,0.05414467999999805
0.0069500000000000004,0.05279647999999845,0.042232839999996566,0.049873439999997986
0.006960000000000001,0.05808464000000028,0.051601519999996376,0.0459546799999976
0.0069700000000000005,0.037704879999997616,0.05783864000000113,0.04306495999999764
0.006980000000000001,0.04267071999999904,0.04205319999999641,0.05158095999999758
0.0069900000000000006,0.054890399999996946,0.03783188000000059,0.04643555999999686
0.007,0.05831027999999976,0.04791403999999921,0.04708959999999875
0.007010000000000001,0.042168079999997755,0.05093887999999926,0.05246407999999997
0.00702,0.0456606400000006,0.04658676000000167,0.03885459999999742
0.007030000000000001,0.03896060000000094,0.052467000000003476,0.04606379999999734
0.00704,0.034255280000002865,0.048683959999998215,0.037828639999996916
0.007050000000000001,0.03547624000000278,0.04869988000000309,0.047966039999998426
0.00706,0.03561580000000016,0.05627411999999774,0.031031920000000837
0.007070000000000001,0.03800608000000343,0.04982264000000127,0.044432519999997346
0.00708,0.04927616000000167,0.05243107999999564,0.048497960000000076
0.007090000000000001,0.030903479999997513,0.0435715999999964,0.05663059999999933
0.0071,0.044585319999997486,0.054633040000001694,0.05375399999999879
0.007110000000000001,0.03586260000000293,0.047370680000000956,0.04819759999999832
0.0071200000000000005,0.036573639999999484,0.04906887999999634,0.055623279999999505
0.007130000000000001,0.03423140000000437,0.04911184000000113,0.037175999999998356
0.0071400000000000005,0.0404705599999992,0.044962559999996904,0.059398519999999295
0.007150000000000001,0.05220556000000456,0.0456245199999963,0.04991231999999998
0.0071600000000000006,0.03172068000000188,0.0495662799999974,0.03759151999999898
0.00717,0.03808275999999928,0.046637280000000024,0.040374240000001546
0.007180000000000001,0.047660680000000316,0.05075487999999926,0.0246053200000018
0.00719,0.03366980000000005,0.05210503999999835,0.047952320000002956
0.007200000000000001,0.03456888000000464,0.04582991999999936,0.036515040000001116
0.00721,0.031035440000002967,0.043302439999996896,0.03370479999999819
0.007220000000000001,0.05021892000000283,0.053027160000003605,0.03905087999999777
0.00723,0.028377560000002692,0.03755439999999727,0.03488583999999842
0.007240000000000001,0.033614200000001614,0.038309199999997386,0.05325275999999854
0.00725,0.03502600000000306,0.04687731999999832,0.036330279999997404
0.007260000000000001,0.04721076000000394,0.04243631999999731,0.041043680000001366
0.00727,0.037984600000001464,0.03450127999999719,0.04309595999999812
0.007280000000000001,0.034696759999999875,0.033623199999996106,0.04675219999999866
0.0072900000000000005,0.04966944000000498,0.033375879999997735,0.03671408000000157
0.007300000000000001,0.03764460000000371,0.03981800000000244,0.035181679999998265
0.0073100000000000005,0.04580388000000288,0.04455008000000151,0.03137215999999651
0.007320000000000001,0.051633880000004094,0.043961559999997644,0.03438087999999818
0.007330000000000001,0.04643856000000516,0.04734947999999679,0.034490959999999696
0.00734,0.04302036000000192,0.04118031999999831,0.03495160000000213
0.007350000000000001,0.04312360000000128,0.052157639999995876,0.06465160000000342
0.00736,0.03867300000000429,0.04744707999999756,0.052208040000001454
0.007370000000000001,0.037683000000004144,0.03887871999999725,0.045839640000003075
0.00738,0.034094920000004976,0.0420100799999976,0.0342627600000018
0.007390000000000001,0.041451800000003654,0.04051840000000137,0.04068492000000148
0.0074,0.04188908000000228,0.042162839999996114,0.04267003999999784
0.007410000000000001,0.042927000000002345,0.04714900000000103,0.03404172000000197
0.00742,0.03186612000000506,0.049333600000002316,0.049008440000004
0.007430000000000001,0.0407843600000043,0.060544800000002896,0.05136068000000316
0.00744,0.04727740000000439,0.04365023999999816,0.04780204000000356
0.007450000000000001,0.04758408000000399,0.03881191999999638,0.05207064000000103
0.0074600000000000005,0.04750224000000439,0.05115775999999724,0.05000880000000247
0.007470000000000001,0.05256660000000375,0.03758539999999703,0.04493616000000253
0.0074800000000000005,0.05319556000000391,0.047498759999998565,0.04715004000000373
0.007490000000000001,0.04446352000000468,0.040406879999996294,0.03309436000000294
0.007500000000000001,0.04115524000000534,0.05445747999999919,0.036581599999998785
0.00751,0.03411220000000357,0.0497193999999964,0.04655715999999915
0.007520000000000001,0.03571512000000493,0.039832999999997,0.038142480000002574
0.00753,0.04957576000000335,0.05297092000000261,0.052077680000003575
0.007540000000000001,0.05151984000000307,0.057036600000002775,0.05906636000000222
0.00755,0.0320944400000021,0.044134319999997555,0.05285032000000251
0.007560000000000001,0.03235272000000466,0.041853359999996474,0.03374028000000319
0.00757,0.050801680000000175,0.044794199999996544,0.029179840000002698
0.007580000000000001,0.036623159999999724,0.04140083999999646,0.0404223999999968
0.00759,0.04111444000000419,0.04736255999999806,0.04522567999999558
0.007600000000000001,0.04062944000000345,0.04750607999999647,0.04360991999999988
0.0076100000000000004,0.0623828000000004,0.050081999999996726,0.042563079999997866
0.007620000000000001,0.04476736000000448,0.04810651999999665,0.04851340000000159
0.0076300000000000005,0.046155640000004175,0.057767919999998724,0.03493847999999786
0.007640000000000001,0.055637560000004097,0.04735471999999723,0.04130063999999684
0.0076500000000000005,0.05401204000000562,0.03708911999999729,0.044509960000000064
0.007660000000000001,0.05751532000000454,0.04872623999999735,0.05160760000000365
0.007670000000000001,0.0429621600000027,0.048731800000002094,0.04221176000000224
0.007680000000000001,0.03473444000000375,0.04789736000000136,0.04007035999999732
0.007690000000000001,0.040023960000002266,0.05206972000000215,0.03213123999999541
0.0077,0.03836536000000281,0.04315127999999623,0.04301875999999594
0.007710000000000001,0.041967600000003276,0.04806972000000191,0.05040011999999872
0.00772,0.05388528000000415,0.04837067999999819,0.039916080000000236
0.007730000000000001,0.03204355999999901,0.06197340000000238,0.05084044000000052
0.00774,0.0274680800000019,0.04357147999999677,0.042951599999998376
0.007750000000000001,0.0583639200000015,0.03570875999999626,0.028769640000001147
0.00776,0.05257060000000376,0.06095447999999818,0.03926075999999859
0.007770000000000001,0.05149012000000323,0.05233527999999758,0.04090612000000179
0.0077800000000000005,0.04791116000000116,0.039129639999996066,0.047854919999997685
0.007790000000000001,0.04687188000000273,0.04064631999999596,0.04889119999999801
0.0078000000000000005,0.047521919999998115,0.045525519999998085,0.04504795999999616
0.007810000000000001,0.054751520000003204,0.05261100000000007,0.05473479999999681
0.00782,0.04802384000000135,0.053586720000002426,0.041269719999997394
0.00783,0.04491335999999958,0.050676639999997504,0.060894039999997436
0.007840000000000001,0.06282184000000082,0.04868819999999608,0.05173975999999648
0.007850000000000001,0.061666320000002564,0.05625728000000422,0.05792823999999918
0.00786,0.0663491600000026,0.048771560000003114,0.03959119999999925
0.00787,0.05432492000000229,0.05120711999999824,0.0548219199999999
0.00788,0.057248800000002605,0.0641639999999997,0.04757483999999942
0.007890000000000001,0.056256120000002095,0.06833075999999846,0.059888600000000174
0.0079,0.06360972000000235,0.0609927999999993,0.04337011999999812
0.00791,0.06008020000000218,0.050945320000001064,0.04291419999999833
0.00792,0.05508396000000211,0.04766359999999619,0.04527224000000073
0.007930000000000001,0.04492096000000231,0.04254523999999828,0.03979579999999603
0.007940000000000001,0.03561271999999998,0.04351179999999885,0.050026239999996044
0.00795,0.03935320000000263,0.05048035999999912,0.03530799999999705
0.00796,0.05624331999999764,0.06631815999999983,0.04544539999999703
0.007970000000000001,0.04791996000000223,0.05328047999999896,0.03788799999999601
0.007980000000000001,0.050775120000000784,0.06406339999999905,0.042170719999997025
0.00799,0.05103728000000035,0.04304208000000076,0.03843851999999713
0.008,0.048955919999998654,0.05644151999999836,0.05044167999999962
0.008010000000000001,0.04077827999999774,0.05635899999999857,0.052707880000000054
0.008020000000000001,0.05368456000000459,0.051072319999998984,0.04951203999999697
0.00803,0.05082200000000351,0.04767583999999865,0.03970427999999576
0.00804,0.0569835999999998,0.039409919999998655,0.0508119999999967
0.00805,0.0418750000000029,0.0377808399999966,0.048333359999996564
0.008060000000000001,0.04536080000000261,0.03803852000000172,0.053594599999996544
0.00807,0.04871148000000104,0.058001079999997956,0.0495076799999966
0.00808,0.042073239999999325,0.049344599999999406,0.0493187999999965
0.00809,0.04109415999999906,0.04308727999999799,0.04887047999999713
0.008100000000000001,0.04138612000000414,0.05379683999999653,0.05475424000000158
0.008110000000000001,0.04172076000000335,0.06061683999999906,0.04209355999999589
0.00812,0.03722899999999957,0.05792823999999881,0.048913920000000805
0.00813,0.04226488000000254,0.05412887999999621,0.055411359999997904
0.008140000000000001,0.04099028000000005,0.04867707999999612,0.04972108000000125
0.008150000000000001,0.05287876000000152,0.04805607999999678,0.040692360000001336
0.00816,0.05325560000000324,0.06051523999999649,0.04276127999999706
0.00817,0.03798296000000273,0.053449879999997486,0.04093023999999782
0.008180000000000002,0.034649280000003516,0.053283199999996464,0.04880180000000262
0.008190000000000001,0.03709808000000223,0.038351959999996514,0.044229040000001815
0.0082,0.04044844000000201,0.036633640000000384,0.04024055999999762
0.00821,0.03561976000000014,0.041320840000001344,0.03850052000000038
0.00822,0.03101787999999915,0.03840035999999647,0.04350663999999708
0.008230000000000001,0.029403360000002342,0.05028447999999752,0.04021031999999841
0.00824,0.029332600000003244,0.05957539999999819,0.04241407999999828
0.00825,0.0375087600000037,0.04438443999999713,0.03379384000000227
0.00826,0.037603200000004035,0.048166919999996484,0.04223939999999826
0.008270000000000001,0.026867200000001246,0.046678639999996496,0.034013879999997915
0.008280000000000001,0.033244679999997764,0.05194667999999615,0.04283096000000195
0.00829,0.04576392000000339,0.04264575999999558,0.04697535999999838
0.0083,0.03970152000000267,0.03746731999999618,0.045264680000002847
0.008310000000000001,0.048135560000003706,0.055200359999996736,0.05260828000000203
0.008320000000000001,0.04028592000000248,0.0458774400000008,0.040262080000001595
0.00833,0.036555360000002764,0.04675003999999577,0.044988879999997754
0.00834,0.04190859999999874,0.047990999999998084,0.05585960000000153
0.008350000000000002,0.04051568000000306,0.06147339999999828,0.02830871999999691
0.008360000000000001,0.043711599999998525,0.054764679999997734,0.043331040000003346
0.00837,0.03797480000000037,0.05174455999999794,0.041054600000000566
0.00838,0.04452127999999788,0.06800279999999789,0.033884040000000684
0.00839,0.04550600000000269,0.04478219999999764,0.04161868000000073
0.008400000000000001,0.05580211999999834,0.04069687999999768,0.04712992000000055
0.00841,0.04097240000000011,0.04974552000000086,0.03897275999999644
0.00842,0.03335472000000437,0.0496685999999972,0.03699988000000105
0.00843,0.03944088000000239,0.054269799999997585,0.03400391999999784
0.008440000000000001,0.03487511999999927,0.051325960000001024,0.027574199999995424
0.008450000000000001,0.047506440000000025,0.06048416000000073,0.04018223999999821
0.00846,0.04782419999999997,0.051894759999997354,0.049697559999998385
0.00847,0.04975868000000214,0.06414984000000262,0.043232720000000516
0.008480000000000001,0.04590180000000379,0.050113719999996795,0.02557231999999829
0.008490000000000001,0.028998920000000143,0.05171135999999789,0.03782960000000126
0.0085,0.04329548000000083,0.05807776000000295,0.035211599999997456
0.00851,0.03587028000000165,0.05156231999999818,0.027527959999996927
0.008520000000000002,0.039842520000001075,0.04367228000000271,0.0413299200000005
0.008530000000000001,0.041395880000000315,0.05321156000000111,0.03381756
0.00854,0.025482759999996378,0.046348559999997194,0.04631655999999683
0.00855,0.03327300000000368,0.04704431999999645,0.05156795999999729
0.00856,0.03147188000000272,0.05753512000000056,0.04022772000000087
0.008570000000000001,0.038394480000002125,0.04746408000000144,0.03977024000000096
0.00858,0.05694128000000339,0.05267740000000069,0.042824159999996926
0.00859,0.03569304000000225,0.04513331999999844,0.03458328000000033
0.0086,0.04792308000000291,0.05358099999999845,0.047766440000001
0.008610000000000001,0.03665312000000244,0.05917395999999841,0.03555924000000079
0.008620000000000001,0.033362839999997174,0.05973363999999862,0.04203416000000092
0.00863,0.04333563999999921,0.046410239999996016,0.054053760000001276
0.00864,0.03521275999999881,0.0469531999999981,0.04218332000000095
0.008650000000000001,0.03325328000000195,0.05358523999999833,0.03838532000000218
0.008660000000000001,0.02989224000000013,0.04458727999999754,0.03728791999999796
0.00867,0.019525319999997792,0.054365719999996454,0.03276248000000065
0.00868,0.0345281999999981,0.05252179999999755,0.04842704000000156
0.008690000000000002,0.022556559999997467,0.054469919999998534,0.04088239999999905
0.008700000000000001,0.02025003999999751,0.0460750399999968,0.06279771999999845
0.00871,0.0257120799999991,0.04420192000000064,0.046289359999997934
0.00872,0.035221120000001896,0.055263519999997235,0.03386315999999928
0.00873,0.04531448000000172,0.05475335999999777,0.052299439999999746
0.008740000000000001,0.03329439999999847,0.050160399999997086,0.03961043999999841
0.00875,0.037214600000003525,0.05347139999999757,0.04554156000000397
0.00876,0.047501719999999,0.07133983999999836,0.0513889199999986
0.00877,0.038645519999998865,0.05260691999999698,0.04389491999999812
0.008780000000000001,0.04138348000000367,0.06159899999999832,0.042724320000000246
0.008790000000000001,0.03486079999999885,0.053823839999998374,0.029329359999999048
0.0088,0.03729903999999831,0.054456319999996464,0.03156271999999903
0.00881,0.025630840000004,0.056190079999998616,0.05464943999999755
0.008820000000000001,0.03662383999999863,0.04285135999999868,0.03096031999999717
0.008830000000000001,0.053785200000001976,0.042991399999996766,0.04336423999999699
0.00884,0.028396800000001124,0.04240999999999777,0.03519524000000261
0.00885,0.030484240000000804,0.04277043999999891,0.048741239999997556
0.008860000000000002,0.03954759999999893,0.0359294399999961,0.055374919999997975
0.008870000000000001,0.03429064000000219,0.04898431999999856,0.04608467999999704
0.00888,0.0445728000000024,0.03587799999999676,0.04880720000000098
0.00889,0.036424080000003675,0.04140823999999766,0.03323408000000107
0.0089,0.047812760000001404,0.04502527999999824,0.035032079999997155
0.008910000000000001,0.03157120000000377,0.04734015999999704,0.043762959999997436
0.00892,0.030106200000001818,0.04406783999999579,0.04102340000000174
0.00893,0.048906759999997405,0.059046599999997326,0.031982439999997093
0.00894,0.04020271999999923,0.048477839999996296,0.045696919999996824
0.008950000000000001,0.04944468000000004,0.04463175999999689,0.05734123999999795
0.008960000000000001,0.031599560000003364,0.04997323999999644,0.047387199999997395
0.00897,0.0415896400000035,0.04546272000000105,0.048104119999997336
0.00898,0.026363839999999472,0.04445807999999615,0.058761279999997515
0.008990000000000001,0.03360336000000333,0.05418507999999658,0.048414680000000834
0.009000000000000001,0.04430008000000405,0.04140247999999687,0.04044359999999597
0.00901,0.04092920000000029,0.03845759999999585,0.0372401599999958
0.00902,0.04279584000000542,0.04740563999999601,0.04215759999999587
0.009030000000000002,0.04083068000000511,0.04188339999999572,0.048287199999998635
0.009040000000000001,0.057636320000003,0.04849727999999692,0.04419131999999908
0.00905,0.03603616000000376,0.045818479999996276,0.04350219999999871
0.00906,0.04770344000000266,0.054441520000001575,0.03538139999999667
0.00907,0.040984680000001716,0.04423679999999782,0.033679119999999105
0.009080000000000001,0.04474332000000383,0.03931551999999622,0.02839503999999883
0.00909,0.07116888000000261,0.052574239999997587,0.03930884000000391
0.0091,0.03742676000000261,0.048027239999997653,0.04319320000000334
0.00911,0.03339944000000239,0.06082108000000022,0.03399724000000469
0.009120000000000001,0.050866120000002554,0.061327159999998826,0.040416679999997505
0.009130000000000001,0.055734200000001816,0.05641428,0.04871075999999841
0.00914,0.05088703999999671,0.07035980000000051,0.038385240000002825
0.00915,0.04687583999999736,0.04641315999999622,0.04286060000000149
0.009160000000000001,0.04751384000000295,0.04218787999999624,0.03745432000000332
0.009170000000000001,0.030780520000001643,0.03946911999999657,0.037794480000003426
0.00918,0.051119399999997726,0.04334323999999666,0.04541416000000006
0.00919,0.04370784000000237,0.057583679999998645,0.054359640000003304
0.009200000000000002,0.03944512000000176,0.05061899999999969,0.05062120000000302
0.009210000000000001,0.041328760000001505,0.04191599999999644,0.04257340000000021
0.00922,0.039497200000001315,0.04112483999999597,0.045421360000000556
0.00923,0.04568704000000207,0.034882359999997774,0.03233975999999911
0.00924,0.05405944000000148,0.04334279999999607,0.05209392000000111
0.009250000000000001,0.052157560000001775,0.035098119999996916,0.05056775999999961
0.009260000000000001,0.04106056000000144,0.04036771999999708,0.041580959999997884
0.00927,0.035963800000001975,0.050824439999998895,0.034038919999997766
0.00928,0.045661960000001445,0.04227303999999689,0.04077484000000342
0.009290000000000001,0.04340788000000209,0.049402759999997437,0.053567320000000904
0.009300000000000001,0.04293372000000476,0.04583415999999717,0.03211371999999513
0.00931,0.04642524000000031,0.05343947999999811,0.04210371999999605
0.00932,0.05102751999999909,0.05060771999999901,0.04377055999999765
0.009330000000000001,0.04873776000000393,0.02956343999999815,0.04507171999999783
0.009340000000000001,0.04801044000000248,0.031522639999996015,0.04876891999999821
0.00935,0.034776920000002494,0.04137195999999916,0.04899535999999895
0.00936,0.03524395999999917,0.0394800399999977,0.03725463999999946
0.009370000000000002,0.04964912000000273,0.047110759999997066,0.030053200000000717
0.009380000000000001,0.05650560000000076,0.03774979999999824,0.0390376000000031
0.00939,0.041847800000003064,0.03283635999999595,0.04405496000000251
0.0094,0.05304780000000305,0.0356460399999963,0.04986368000000115
0.00941,0.050716479999998634,0.032056439999996945,0.04795512000000284
0.009420000000000001,0.04256627999999767,0.033812359999995496,0.05395627999999881
0.009430000000000001,0.03202551999999671,0.057242159999999515,0.0396373200000042
0.00944,0.05499380000000288,0.04463019999999919,0.03039696000000252
0.00945,0.05110452000000402,0.0433729999999978,0.0465682400000027
0.009460000000000001,0.03585016000000332,0.05061920000000073,0.029883520000002203
0.009470000000000001,0.038315679999998686,0.0421016799999979,0.04237304000000113
0.00948,0.03931068000000392,0.044594879999995465,0.035731240000002176
0.00949,0.044151000000002966,0.05020435999999736,0.027579799999997937
0.009500000000000001,0.04181052000000306,0.0541313999999959,0.022645279999997332
0.009510000000000001,0.036368920000002074,0.0429313999999958,0.04792463999999926
0.00952,0.04117784000000078,0.048452079999996754,0.0422591599999978
0.00953,0.03583268000000251,0.04544087999999608,0.041460679999999875
0.009540000000000002,0.04297856000000314,0.041924159999997566,0.032707039999998674
0.009550000000000001,0.031355680000001954,0.039233119999998296,0.043900599999998444
0.00956,0.02203188000000117,0.04475231999999822,0.04386183999999879
0.00957,0.03262200000000023,0.036651839999996834,0.047431599999999775
0.00958,0.03605092000000178,0.05546779999999964,0.04225551999999786
0.009590000000000001,0.036464000000003716,0.042099119999998096,0.03867627999999778
0.009600000000000001,0.02537180000000332,0.043829559999997554,0.04773939999999561
0.00961,0.047482480000003234,0.04393312000000071,0.05032304000000223
0.00962,0.05378548000000341,0.03713179999999709,0.046810719999999584
0.009630000000000001,0.04215692000000306,0.04741267999999698,0.05045464000000165
0.009640000000000001,0.0406782800000024,0.04404611999999841,0.05005271999999915
0.00965,0.0415105600000035,0.054342879999998824,0.05226287999999927
0.00966,0.04971684000000313,0.046688079999998376,0.04996099999999906
0.009670000000000002,0.05385152000000228,0.042460679999998724,0.04675984000000097
0.009680000000000001,0.04524896000000225,0.04846015999999868,0.0549743199999978
0.00969,0.03307388000000332,0.03475548000000226,0.03757755999999831
0.0097,0.029930960000003223,0.06670140000000266,0.045604959999998265
0.009710000000000002,0.03617096000000153,0.05989300000000238,0.04333315999999784
0.009720000000000001,0.03674644000000296,0.05331168000000191,0.04398407999999845
0.00973,0.03853420000000258,0.0525522800000009,0.040377319999997094
0.00974,0.033082199999999784,0.042701960000001,0.029421520000000853
0.00975,0.04752963999999879,0.042905200000001205,0.051720599999999575
0.009760000000000001,0.030023399999999124,0.05305952000000134,0.03806535999999794
0.009770000000000001,0.03278284000000372,0.03449936000000051,0.0360110799999969
0.00978,0.0317400000000001,0.03284015999999642,0.02893959999999827
0.00979,0.03522699999999945,0.04570379999999844,0.036183119999999465
0.009800000000000001,0.05476439999999917,0.04512735999999771,0.02519291999999626
0.009810000000000001,0.04533779999999673,0.049649319999999976,0.0484405600000018
0.00982,0.03497612000000315,0.039133719999997395,0.04430643999999908
0.00983,0.042530960000003906,0.048876439999998585,0.037246919999996214
0.009840000000000002,0.04181163999999872,0.05224763999999611,0.03327256000000046
0.009850000000000001,0.06213056000000231,0.0424739200000025,0.04057352000000113
0.00986,0.05344700000000065,0.05417119999999919,0.0377690400000003
0.00987,0.03883363999999877,0.05485803999999882,0.035720240000001485
0.009880000000000002,0.037694440000002716,0.05918375999999837,0.057119399999997184
0.009890000000000001,0.03643828000000491,0.06070431999999752,0.05096668000000145
0.0099,0.03468108000000422,0.04649987999999787,0.028244679999997142
0.00991,0.03406756000000358,0.04667255999999912,0.04294519999999777
0.00992,0.046976960000001705,0.04731544000000233,0.05873695999999784
0.009930000000000001,0.022432320000001994,0.06096424000000256,0.05567171999999765
0.009940000000000001,0.03336723999999737,0.04869364000000206,0.05278863999999774
0.00995,0.04443876000000241,0.04594580000000135,0.043335239999998054
0.00996,0.0476300400000029,0.03599623999999488,0.0511313999999973
0.009970000000000001,0.05908188000000161,0.04291384000000069,0.05636764000000223
0.009980000000000001,0.04113743999999829,0.04822679999999648,0.04218368000000254
0.00999,0.036121159999997876,0.06130891999999688,0.031065199999996834
0.01,0.035663399999999866,0.05624035999999692,0.04939156000000041
0.010010000000000002,0.0342968800000026,0.05272387999999748,0.052873960000000525
0.010020000000000001,0.03421427999999891,0.04982707999999643,0.04847144000000087
0.01003,0.03422052000000276,0.051021399999997566,0.03985896000000025
0.01004,0.03413188000000436,0.0470993999999971,0.05159512000000365
0.010050000000000002,0.026991240000002414,0.0471703200000001,0.04236055999999816
0.010060000000000001,0.044258799999998474,0.044528319999998144,0.04481548000000381
0.01007,0.035184519999997006,0.03900035999999644,0.04239632000000222
0.01008,0.04301572000000079,0.04626375999999687,0.035534519999998786
0.01009,0.02848759999999711,0.04677167999999637,0.03598044000000002
0.010100000000000001,0.035352039999997704,0.052444079999997936,0.028725479999999564
0.010110000000000001,0.04458947999999904,0.0487504000000009,0.03970500000000194
0.01012,0.048740719999999155,0.04960307999999756,0.03531451999999747
0.01013,0.05541796000000084,0.042594759999996304,0.03408859999999792
0.010140000000000001,0.04217687999999858,0.052361159999998914,0.04170424000000295
0.010150000000000001,0.04987475999999847,0.040871799999997106,0.036934360000002685
0.01016,0.06341156000000059,0.049406760000000896,0.04760647999999761
0.01017,0.050497920000001785,0.05474876000000098,0.04283111999999862
0.010180000000000002,0.04046844000000017,0.04257031999999627,0.04831883999999864
0.010190000000000001,0.048055039999998266,0.05495867999999838,0.03728288000000236
0.0102,0.03883323999999766,0.039351720000000756,0.042192999999998704
0.01021,0.05420543999999804,0.04238759999999612,0.0486847200000002
0.010220000000000002,0.043433120000002635,0.042165959999996026,0.0390400000000031
0.010230000000000001,0.03452215999999996,0.04654999999999642,0.04495924000000329
0.01024,0.0565432399999972,0.05365475999999835,0.037028280000001385
0.01025,0.03828367999999881,0.05460963999999882,0.03297464000000211
0.01026,0.037475480000000755,0.04951263999999764,0.04576112000000473
0.010270000000000001,0.03460903999999831,0.051502920000000625,0.05006252000000327
0.010280000000000001,0.027607160000002774,0.04320719999999753,0.04924676000000384
0.01029,0.03884676000000189,0.038523320000000943,0.04111032000000194
0.0103,0.041862720000003364,0.04298088000000077,0.0369360800000032
0.010310000000000001,0.04529772000000351,0.04473047999999595,0.034960760000002596
0.010320000000000001,0.041878160000003814,0.044713279999996344,0.030444239999998835
0.01033,0.043095280000000825,0.05311424000000092,0.031751239999999195
0.01034,0.0486845200000036,0.04623531999999603,0.02962099999999968
0.010350000000000002,0.03741236000000295,0.04670287999999778,0.02962276000000051
0.010360000000000001,0.04117800000000266,0.04448479999999647,0.038790560000003894
0.01037,0.04630328000000317,0.05143876000000052,0.03849055999999946
0.01038,0.046120280000004274,0.04304523999999764,0.03536799999999854
0.010390000000000002,0.04728372000000332,0.05163023999999779,0.03266791999999895
0.010400000000000001,0.04054076000000153,0.03372723999999966,0.024937480000001108
0.01041,0.033368760000002724,0.051455799999997644,0.02273207999999866
0.01042,0.036346920000002995,0.04428455999999738,0.040842279999996706
0.01043,0.040913560000005005,0.04296163999999654,0.04360636000000262
0.010440000000000001,0.036903159999998866,0.045818799999998445,0.038823279999997726
0.010450000000000001,0.041586720000001326,0.055992399999996736,0.03940188000000194
0.01046,0.03783347999999787,0.04587291999999723,0.04175084000000264
0.01047,0.04561812000000211,0.039247039999997554,0.05158064000000265
0.010480000000000001,0.04366272000000238,0.03616119999999632,0.03691340000000003
0.010490000000000001,0.04828428000000174,0.04657344000000125,0.031171880000004898
0.0105,0.04181239999999997,0.038560039999998894,0.042623160000002616
0.01051,0.03652119999999911,0.04244276000000201,0.045545800000000025
0.010520000000000002,0.05569792000000193,0.042953559999996095,0.04535647999999787
0.010530000000000001,0.044386720000000046,0.04789255999999661,0.07169124000000278
0.01054,0.041027440000001934,0.04749255999999643,0.05830520000000346
0.01055,0.04582368000000359,0.03801235999999673,0.05476428000000185
0.010560000000000002,0.05133560000000282,0.05679575999999689,0.06835184000000294
0.010570000000000001,0.05445108000000318,0.06374619999999934,0.0522958400000027
0.01058,0.052260800000003875,0.043890919999998466,0.046578200000001575
0.01059,0.059210000000004565,0.04251503999999982,0.044567720000002566
0.0106,0.03964616000000454,0.03768707999999582,0.04391252000000275
0.010610000000000001,0.040212760000003095,0.046580719999999735,0.0473854800000031
0.010620000000000001,0.041218600000002874,0.05107751999999828,0.04090783999999715
0.01063,0.053111680000003526,0.0409480799999984,0.03504015999999927
0.01064,0.04020204000000072,0.047084719999996756,0.04691216000000203
0.010650000000000001,0.04645016000000209,0.05218400000000174,0.039426920000002266
0.010660000000000001,0.038104040000002955,0.043879680000000906,0.046158799999998
0.01067,0.028494080000001958,0.05229176000000243,0.036154480000001744
0.01068,0.044766960000001306,0.04949775999999727,0.043155999999999195
0.010690000000000002,0.034614720000001584,0.04474115999999718,0.03891176000000266
0.010700000000000001,0.03474603999999903,0.03804283999999651,0.04912200000000264
0.01071,0.03411008000000327,0.03829783999999714,0.0486412000000031
0.01072,0.031602720000001576,0.0452135599999971,0.048736440000001637
0.010730000000000002,0.03293936000000297,0.04675419999999762,0.037470440000002214
0.010740000000000001,0.04153195999999993,0.05057567999999723,0.03585724000000145
0.010750000000000001,0.03798144000000198,0.04978539999999829,0.04380480000000241
0.01076,0.048351680000002145,0.04063655999999553,0.03888384000000238
0.01077,0.04929604000000254,0.04901643999999662,0.03880323999999807
0.010780000000000001,0.04455923999999796,0.0377196400000011,0.03194584000000142
0.010790000000000001,0.05499527999999924,0.04009415999999849,0.03916212000000107
0.0108,0.040708999999998906,0.0419442000000011,0.0373820799999977
0.01081,0.040364400000003076,0.044345239999999383,0.04213187999999837
0.010820000000000001,0.05664232000000177,0.036234159999998024,0.04822359999999994
0.010830000000000001,0.05167424000000317,0.036228799999998784,0.04549220000000226
0.01084,0.048972080000003713,0.0340282799999992,0.03277764000000232
0.01085,0.03813076000000265,0.03803391999999714,0.04093216000000208
0.010860000000000002,0.04535947999999904,0.0387934399999998,0.03557472000000155
0.010870000000000001,0.06800652000000172,0.053871799999998964,0.04351904000000188
0.01088,0.05274687999999901,0.0445981200000016,0.04023576000000158
0.01089,0.0377370399999981,0.042454119999999276,0.03143512000000024
0.010900000000000002,0.04959215999999945,0.04728424000000162,0.04352264000000113
0.010910000000000001,0.04691088000000052,0.0323816399999982,0.03605868000000206
0.010920000000000001,0.04720504000000164,0.04791379999999932,0.03944944000000178
0.01093,0.04791872000000142,0.03079959999999784,0.03310216000000266
0.01094,0.0389653200000023,0.03905627999999838,0.020991040000003503
0.010950000000000001,0.03900008000000223,0.047990720000001943,0.033929040000004615
0.010960000000000001,0.03830899999999538,0.05824628000000116,0.040085200000002284
0.01097,0.03064711999999717,0.04738580000000077,0.03692756000000411
0.01098,0.03934023999999816,0.05162715999999553,0.04325271999999883
0.010990000000000002,0.03510256000000105,0.04261435999999609,0.055029200000003886
0.011000000000000001,0.040119400000001984,0.034810560000000344,0.04350516000000227
0.01101,0.03436623999999662,0.0379630800000009,0.03662740000000162
0.01102,0.04285016000000256,0.04385711999999536,0.03520736000000245
0.011030000000000002,0.032580440000002354,0.035322279999998006,0.04581292000000416
0.011040000000000001,0.03846771999999826,0.04719580000000182,0.03818820000000392
0.01105,0.03302743999999715,0.03174363999999791,0.040222640000002745
0.01106,0.04132947999999717,0.05377488000000234,0.03327068000000356
0.011070000000000002,0.03060840000000127,0.03676955999999693,0.04277696000000032
0.011080000000000001,0.05215260000000286,0.03555971999999551,0.035474920000000534
0.011090000000000001,0.03386236000000053,0.044667880000001395,0.04064104000000062
0.0111,0.05239612000000407,0.03961356000000135,0.037739840000003536
0.01111,0.027666760000000665,0.03924908000000313,0.04273020000000274
0.011120000000000001,0.04173624000000222,0.041273360000003534,0.040354920000001904
0.011130000000000001,0.03961343999999898,0.04221171999999916,0.04865884000000187
0.01114,0.028134120000003367,0.03801496000000104,0.0369056800000021
0.01115,0.027474600000002593,0.04205611999999852,0.05925372000000349
0.011160000000000002,0.0331157200000017,0.03836727999999888,0.06606008000000375
0.011170000000000001,0.022337080000003676,0.033079360000002576,0.0386755200000049
0.01118,0.03339064000000138,0.03594744000000213,0.036430400000005
0.01119,0.03241748000000221,0.04831716000000163,0.07032456000000117
0.011200000000000002,0.02215264000000366,0.04388920000000226,0.03678352000000113
0.011210000000000001,0.05186560000000049,0.040109560000001494,0.051930080000004195
0.01122,0.036163080000002734,0.03640075999999852,0.04205368000000181
0.01123,0.03322955999999914,0.0522751200000012,0.03750044000000205
0.011240000000000002,0.04162676000000355,0.03530471999999718,0.035467399999997914
0.011250000000000001,0.04118420000000193,0.03572348000000034,0.03966996000000335
0.011260000000000001,0.03316300000000076,0.04769391999999886,0.053399079999999474
0.01127,0.04598492000000185,0.04152955999999892,0.04955728000000059
0.01128,0.05628044000000033,0.035415680000003495,0.04564735999999928
0.011290000000000001,0.041690320000001384,0.048580160000002565,0.04680671999999944
0.011300000000000001,0.02600692000000381,0.03095552000000092,0.024057399999997592
0.01131,0.03694304000000278,0.03514252000000217,0.02647319999999794
0.01132,0.029699440000003904,0.054568959999997654,0.029360279999997102
0.011330000000000002,0.0372070800000034,0.039512159999997486,0.03960183999999745
0.011340000000000001,0.02902904000000077,0.03889244000000186,0.04901795999999807
0.01135,0.03622468000000412,0.034793520000000945,0.04339403999999839
0.01136,0.04147964000000396,0.038438279999998215,0.03865787999999874
0.011370000000000002,0.032293400000004885,0.03540772000000121,0.03365583999999702
0.011380000000000001,0.052270120000000114,0.03848492000000329,0.043602599999998
0.01139,0.032085760000005625,0.03586816000000296,0.03875171999999818
0.0114,0.04715120000000336,0.045176680000001065,0.03261931999999747
0.011410000000000002,0.03304488000000419,0.029680759999996375,0.03545855999999705
0.011420000000000001,0.04653244000000436,0.04667315999999916,0.0331469999999988
0.011430000000000001,0.04236688000000357,0.04787431999999859,0.04511011999999711
0.01144,0.062460880000000815,0.03966119999999653,0.026318399999996536
0.01145,0.040424080000001104,0.03427783999999882,0.05495188000000123
0.011460000000000001,0.03478764000000525,0.04042283999999589,0.03935171999999844
0.011470000000000001,0.03929380000000417,0.045176759999997394,0.03448047999999997
0.01148,0.027218760000003995,0.04137339999999864,0.04050664000000218
0.01149,0.04282324000000381,0.046910839999998045,0.04205499999999786
0.011500000000000002,0.042836880000003436,0.040980439999998286,0.025079399999998746
0.011510000000000001,0.038287520000004724,0.0383518799999997,0.04009507999999757
0.01152,0.04486220000000444,0.03312067999999844,0.03101304000000409
0.01153,0.038167720000004866,0.02876163999999872,0.040192999999996856
0.011540000000000002,0.04649148000000185,0.030756079999998614,0.03207047999999879
0.011550000000000001,0.0473109999999986,0.043767159999998806,0.042709360000000564
0.01156,0.03681184000000267,0.031406400000002554,0.035635479999999824
0.01157,0.05505596000000229,0.04177971999999926,0.03658571999999996
0.011580000000000002,0.0448100800000023,0.041740559999999455,0.048302719999998855
0.011590000000000001,0.05466256000000137,0.033555120000001486,0.03610819999999922
0.011600000000000001,0.04534844000000367,0.052353520000001395,0.04757431999999758
0.01161,0.03658488000000363,0.04697388000000138,0.034709919999995474
0.01162,0.05035836000000345,0.04258436000000094,0.038463799999996925
0.011630000000000001,0.04237159999999897,0.03816027999999735,0.027010959999994862
0.011640000000000001,0.039759520000003726,0.03499403999999887,0.044176520000000975
0.01165,0.024285680000001874,0.03463496000000101,0.03518851999999588
0.01166,0.04665672000000341,0.040064479999998036,0.03892355999999514
0.011670000000000002,0.033328520000003095,0.05045060000000451,0.04857668000000082
0.011680000000000001,0.05086072000000245,0.02891128000000042,0.025657439999995448
0.01169,0.03487320000000284,0.04775224000000037,0.026942999999998028
0.0117,0.05914472000000411,0.0392346399999986,0.042711039999998715
0.011710000000000002,0.05682380000000409,0.03732035999999829,0.030821239999996315
0.011720000000000001,0.05174892000000497,0.03771015999999688,0.04062599999999843
0.01173,0.05722164000000357,0.02839323999999934,0.04218215999999967
0.01174,0.04121040000000435,0.04302795999999867,0.034381040000000064
0.011750000000000002,0.04333400000000183,0.05805524000000293,0.04433971999999854
0.011760000000000001,0.041618520000003205,0.050473959999998284,0.036645719999998716
0.011770000000000001,0.04424052000000164,0.031080399999997354,0.027803759999995865
0.01178,0.034923240000002236,0.035751159999997735,0.026713679999996697
0.01179,0.03940807999999891,0.04114512000000182,0.04454856000000267
0.011800000000000001,0.03993207999999807,0.0330562399999971,0.04180311999999913
0.011810000000000001,0.03956651999999853,0.03197652000000112,0.04188003999999921
0.01182,0.04106928000000315,0.021262879999997094,0.03928407999999889
0.01183,0.04496236000000238,0.025451279999997807,0.04013239999999888
0.011840000000000002,0.038043959999998544,0.03735520000000322,0.03967992000000097
0.011850000000000001,0.023455600000001613,0.03441940000000256,0.03468335999999734
0.01186,0.03838227999999965,0.036895520000001,0.05240772000000285
0.01187,0.04090075999999752,0.04017155999999733,0.05398847999999858
0.011880000000000002,0.03558203999999823,0.03355563999999628,0.04706500000000228
0.011890000000000001,0.0435961599999991,0.03615019999999819,0.049165679999998525
0.0119,0.044398360000000525,0.033848919999997645,0.04846367999999834
0.01191,0.03545408000000362,0.04633751999999813,0.0548995600000018
0.011920000000000002,0.04820088000000198,0.03683871999999743,0.051292480000000765
0.011930000000000001,0.052648320000004065,0.05462287999999967,0.039018200000002154
0.011940000000000001,0.03326908000000271,0.03811135999999909,0.03772659999999591
0.01195,0.031801920000004535,0.04430079999999959,0.05497200000000138
0.01196,0.04181728000000078,0.04477979999999834,0.05297311999999798
0.011970000000000001,0.03619976000000369,0.04006427999999748,0.049194159999996566
0.011980000000000001,0.03766156000000337,0.042029599999999764,0.04476291999999686
0.01199,0.037888040000002905,0.02709668000000487,0.06203019999999775
0.012,0.03367099999999773,0.04998964000000391,0.07246303999999824
0.012010000000000002,0.04181740000000295,0.04089408000000027,0.05786671999999862
0.012020000000000001,0.04804348000000114,0.03457132000000408,0.040572679999996655
0.01203,0.04097376000000262,0.02729856000000361,0.04518271999999668
0.01204,0.03833919999999916,0.03671708000000344,0.048403399999996335
0.012050000000000002,0.03852696000000196,0.036830560000001226,0.036920400000001456
0.012060000000000001,0.03437083999999814,0.03535148000000174,0.04666400000000112
0.01207,0.029851360000001836,0.03700759999999855,0.03957583999999864
0.01208,0.04912128000000077,0.04636948000000016,0.05212063999999968
0.012090000000000002,0.04461600000000041,0.04403451999999924,0.0598136400000026
0.012100000000000001,0.06285524000000016,0.03620776000000257,0.06218836000000301
0.012110000000000001,0.037148040000005184,0.030029759999998143,0.04662211999999756
0.01212,0.03972408000000495,0.039961680000001436,0.047525399999996755
0.01213,0.05963720000000391,0.030559120000001556,0.0473741600000013
0.012140000000000001,0.054188160000003385,0.06738276000000254,0.04486888000000373
0.012150000000000001,0.0482971200000035,0.031160400000001538,0.051484080000001396
0.01216,0.04318628000000347,0.04783735999999872,0.060585200000001956
0.01217,0.03264080000000532,0.04623843999999761,0.048528919999998234
0.012180000000000002,0.047136600000000466,0.04124307999999981,0.036519879999995994
0.012190000000000001,0.04823283999999982,0.03458871999999769,0.04472896000000029
0.0122,0.03630063999999741,0.033522999999997576,0.03597311999999893
0.01221,0.06340039999999762,0.039775320000000065,0.04285016000000051
0.012220000000000002,0.04850676000000174,0.047536879999999386,0.04214135999999688
0.012230000000000001,0.030876640000001655,0.03906471999999926,0.03584955999999678
0.012240000000000001,0.042803680000003556,0.037601119999999204,0.046678000000000726
0.01225,0.025521560000003406,0.0289245599999958,0.03804508000000022
0.012260000000000002,0.03718308000000397,0.04232199999999857,0.038627440000000596
0.012270000000000001,0.03131108000000208,0.04608467999999971,0.04562828000000402
0.012280000000000001,0.036398240000001345,0.03737056000000261,0.02324503999999806
0.01229,0.03870072000000104,0.04764643999999848,0.029100879999996426
0.0123,0.042495440000000044,0.04938143999999986,0.034288759999998725
0.012310000000000001,0.03448227999999848,0.046169080000004435,0.03899463999999697
0.012320000000000001,0.04290980000000128,0.03750888000000382,0.041150359999995785
0.01233,0.042504720000001044,0.03814912000000182,0.041756640000002274
0.01234,0.048679079999998,0.05693420000000452,0.042346600000000074
0.012350000000000002,0.03364387999999828,0.03965116000000289,0.03691864000000047
0.012360000000000001,0.05372823999999898,0.052895560000001285,0.02811087999999592
0.01237,0.05197268000000311,0.04994488000000356,0.033233119999998964
0.01238,0.03633392000000279,0.05100819999999899,0.051265559999998406
0.012390000000000002,0.03930811999999953,0.043005480000004176,0.044028839999998556
0.012400000000000001,0.04588415999999937,0.05164995999999893,0.040796599999997366
0.012410000000000001,0.03863827999999838,0.039157239999999434,0.04381847999999669
0.01242,0.03177635999999681,0.03928727999999931,0.06119575999999858
0.012430000000000002,0.04889092000000191,0.04003220000000036,0.04581199999999906
0.012440000000000001,0.042387359999999444,0.04245747999999964,0.034068039999995636
0.012450000000000001,0.05723843999999908,0.030421639999998765,0.024993959999996578
0.01246,0.03922319999999895,0.035603760000003294,0.038777479999998234
0.01247,0.03813752000000416,0.029800279999996418,0.025855719999998573
0.012480000000000002,0.053463199999999586,0.03663031999999717,0.03563972000000056
0.012490000000000001,0.04391488000000131,0.049574280000000095,0.040371440000001105
0.0125,0.04331816000000026,0.0395642000000006,0.04168588000000389
0.01251,0.0499915600000027,0.036386199999995976,0.04695864000000237
0.012520000000000002,0.03197247999999985,0.03792435999999855,0.041937080000002715
0.012530000000000001,0.04704743999999936,0.042846080000000474,0.050319920000001885
0.01254,0.044617999999999394,0.038887999999997154,0.04984479999999892
0.01255,0.039513160000004995,0.041031199999998796,0.05026459999999879
0.012560000000000002,0.032721040000002706,0.03538131999999927,0.03722067999999876
0.012570000000000001,0.03863339999999852,0.048918679999999604,0.04418219999999987
0.012580000000000001,0.03902460000000346,0.03850935999999895,0.028175360000002682
0.01259,0.03431863999999856,0.038175519999996695,0.03543307999999786
0.012600000000000002,0.042894199999997856,0.03892379999999867,0.025108240000002183
0.012610000000000001,0.053757079999998084,0.040588360000002335,0.04671364000000331
0.012620000000000001,0.04879804000000168,0.04735160000000061,0.03682672000000052
0.01263,0.06375360000000205,0.03637103999999832,0.03028087999999843
0.01264,0.02533416000000261,0.049744799999998666,0.03216064000000224
0.012650000000000002,0.03008108000000022,0.07226539999999952,0.03510820000000116
0.012660000000000001,0.030484320000002632,0.05552023999999893,0.03681252000000188
0.01267,0.043168080000002884,0.05373847999999953,0.03477508000000335
0.01268,0.0504502800000026,0.0327224000000026,0.03870380000000357
0.012690000000000002,0.05457548000000274,0.035766679999998545,0.03155972000000114
0.012700000000000001,0.03312648000000188,0.04445723999999907,0.03387923999999911
0.01271,0.051516960000000916,0.049036960000003293,0.03968264000000005
0.01272,0.04700408000000284,0.03888715999999731,0.01713347999999918
0.012730000000000002,0.03721771999999672,0.03523535999999665,0.03356688000000211
0.012740000000000001,0.03942483999999988,0.04115487999999661,0.03502179999999847
0.012750000000000001,0.043024839999999794,0.042212400000000636,0.05043844000000392
0.01276,0.047265000000002215,0.03220512000000114,0.0427255599999999
0.012770000000000002,0.05617271999999828,0.044708320000001495,0.03917919999999825
0.012780000000000001,0.040205800000002415,0.039998480000000745,0.02488840000000088
0.012790000000000001,0.04594411999999763,0.03930531999999921,0.030110200000000704
0.0128,0.036331479999997716,0.034763639999997445,0.040985720000000475
0.01281,0.047442879999997786,0.03379539999999541,0.03870347999999934
0.012820000000000002,0.04651695999999572,0.039181599999995806,0.025943960000003527
0.012830000000000001,0.05114715999999914,0.051335480000000516,0.046438400000000365
0.01284,0.06354627999999958,0.04384291999999868,0.04164815999999778
0.01285,0.05745975999999792,0.04086432000000036,0.03507639999999844
0.012860000000000002,0.06516523999999553,0.052761479999999875,0.04108896000000024
0.012870000000000001,0.05941579999999632,0.041057359999999384,0.03582692000000011
0.01288,0.06512975999999626,0.03173771999999863,0.04360863999999735
0.01289,0.06388259999999717,0.027266200000002593,0.033854080000000696
0.012900000000000002,0.04643547999999751,0.043008319999997484,0.033895800000000934
0.012910000000000001,0.052487039999999874,0.02888375999999728,0.02573475999999996
0.012920000000000001,0.05654695999999956,0.02673388000000169,0.025225319999999354
0.01293,0.06445851999999656,0.04538167999999919,0.03306912000000327
0.012940000000000002,0.05225940000000226,0.038725399999999,0.035396120000002536
0.012950000000000001,0.04571903999999919,0.03547627999999898,0.032618039999998835
0.012960000000000001,0.03734487999999946,0.029460039999997974,0.0371211599999973
0.01297,0.04362595999999789,0.04485064000000335,0.04227167999999963
0.01298,0.05123659999999811,0.03936159999999593,0.04226908000000074
0.012990000000000002,0.046168839999998594,0.03220080000000153,0.052770479999999335
0.013000000000000001,0.03985443999999793,0.034548559999997404,0.038616759999996836
0.01301,0.045437799999997884,0.04170527999999662,0.03587771999999964
0.01302,0.03501251999999835,0.048338079999997605,0.04064176000000008
0.013030000000000002,0.06352235999999721,0.03781331999999671,0.0576727600000022
0.013040000000000001,0.04369267999999811,0.050126119999997124,0.04434712000000193
0.01305,0.05626919999999796,0.053838039999995695,0.049866600000002204
0.01306,0.04251735999999803,0.04682311999999642,0.030985840000003356
0.013070000000000002,0.03252123999999846,0.041595999999997066,0.043470120000001534
0.013080000000000001,0.04276127999999695,0.044418679999997976,0.035461559999997706
0.013090000000000001,0.04033923999999714,0.04055939999999942,0.04332255999999994
0.0131,0.050643439999997486,0.03439283999999682,0.04180484000000197
0.013110000000000002,0.0487774799999973,0.051693040000002084,0.03279135999999946
0.013120000000000001,0.04817835999999892,0.039425160000000764,0.02697416000000368
0.013130000000000001,0.04137183999999869,0.03718295999999615,0.0492299200000007
0.01314,0.0351494800000014,0.041238159999999496,0.05462427999999876
0.01315,0.05055624000000303,0.04402479999999898,0.03677799999999806
0.013160000000000002,0.047814120000002985,0.044774519999997285,0.03812980000000033
0.013170000000000001,0.05841476000000218,0.035284920000003,0.042550399999998406
0.01318,0.0416036400000007,0.051890680000001466,0.06592651999999818
0.01319,0.03848223999999884,0.026156439999996794,0.039114800000000116
0.013200000000000002,0.03848311999999676,0.034312920000000434,0.03698351999999943
0.013210000000000001,0.03273923999999934,0.045955400000002006,0.02764111999999654
0.01322,0.0409266399999984,0.0396547599999958,0.041787999999999596
0.01323,0.04219875999999786,0.03212359999999823,0.03383900000000266
0.013240000000000002,0.03496111999999787,0.040773360000001896,0.040945799999999886
0.013250000000000001,0.04201983999999616,0.03950335999999726,0.03419152000000362
0.013260000000000001,0.05185131999999731,0.047938199999997384,0.04893952000000286
0.01327,0.04206635999999632,0.04444015999999732,0.03665439999999917
0.013280000000000002,0.04878823999999793,0.03039751999999875,0.03228996000000126
0.013290000000000001,0.038369799999997664,0.03911708000000181,0.03247520000000341
0.013300000000000001,0.04590623999999976,0.03890720000000096,0.03847772000000309
0.01331,0.05146599999999947,0.04507087999999954,0.03688764000000222
0.01332,0.052363719999998885,0.0406059200000024,0.04292428000000031
0.013330000000000002,0.051996559999998485,0.040969799999998315,0.04290595999999939
0.013340000000000001,0.04443671999999723,0.040340039999997634,0.040643999999999444
0.01335,0.04387147999999706,0.03894191999999826,0.04798327999999937
0.01336,0.0380347599999972,0.04250035999999761,0.03695571999999962
0.013370000000000002,0.046224279999998084,0.0357112799999957,0.03848551999999767
0.013380000000000001,0.039296599999998474,0.03133299999999771,0.038422919999996794
0.01339,0.055422959999997475,0.03540088000000034,0.04222460000000078
0.0134,0.038106079999999765,0.03795552000000006,0.037146999999998986
0.013410000000000002,0.04823727999999981,0.03998099999999566,0.03862351999999939
0.013420000000000001,0.04449943999999952,0.0465245599999979,0.040840479999997785
0.013430000000000001,0.046686600000004276,0.041262759999998476,0.028992239999998125
0.01344,0.04327287999999793,0.03432207999999576,0.03548296000000014
0.013450000000000002,0.05177987999999974,0.040652639999997436,0.03901532000000306
0.013460000000000001,0.03643668000000203,0.048868679999999096,0.024320040000002586
0.013470000000000001,0.0344583999999995,0.033775959999998766,0.028601079999998225
0.01348,0.027805840000001893,0.03944831999999734,0.025267959999997598
0.01349,0.03631464000000008,0.051371919999998704,0.032495599999999375
0.013500000000000002,0.03642780000000436,0.0354404399999973,0.05098704000000068
0.013510000000000001,0.04114523999999985,0.042055399999997495,0.032664599999999586
0.01352,0.030300520000003474,0.04746807999999867,0.04699963999999807
0.01353,0.027276040000003433,0.05013603999999707,0.04582564000000241
0.013540000000000002,0.03324140000000146,0.0590970799999978,0.04188040000000129
0.013550000000000001,0.036445360000001654,0.03903140000000164,0.03612451999999745
0.013560000000000001,0.03340384000000242,0.03575687999999811,0.0342904400000007
0.01357,0.028395200000004638,0.04181128000000319,0.050418000000001885
0.013580000000000002,0.03330823999999997,0.048648919999996106,0.032391960000001455
0.013590000000000001,0.03830248000000375,0.044650360000001325,0.021711319999997432
0.013600000000000001,0.030928840000001716,0.035230479999996615,0.03351923999999753
0.01361,0.03614920000000159,0.036894279999999086,0.03957183999999701
0.013620000000000002,0.03344231999999915,0.05036731999999725,0.038585839999996804
0.013630000000000001,0.027959719999999116,0.042061439999997584,0.0347592000000014
0.013640000000000001,0.04105559999999985,0.04452839999999895,0.0281525199999973
0.01365,0.028071999999999087,0.04676127999999809,0.03803952000000045
0.01366,0.043247880000001834,0.04725223999999728,0.04372200000000344
0.013670000000000002,0.04019920000000134,0.03949255999999728,0.04353680000000377
0.013680000000000001,0.03247356000000396,0.04079255999999845,0.045096040000003806
0.01369,0.03955548000000304,0.04184995999999815,0.0334399200000035
0.0137,0.03743396000000358,0.05085959999999891,0.05273284000000397
0.013710000000000002,0.03723248000000305,0.045937120000003176,0.06230800000000357
0.013720000000000001,0.04726167999999949,0.044382559999998523,0.040628440000003256
0.013730000000000001,0.026782479999999605,0.04102631999999834,0.04751968000000455
0.01374,0.02740083999999861,0.03603884000000155,0.046339680000002464
0.013750000000000002,0.03739000000000267,0.03059343999999728,0.04492640000000416
0.013760000000000001,0.039712479999999425,0.02672059999999832,0.02997684000000248
0.013770000000000001,0.04899496000000411,0.03876975999999787,0.033772720000002636
0.01378,0.03519539999999897,0.03927815999999762,0.04043984000000318
0.013790000000000002,0.04247495999999817,0.030531559999996384,0.044460120000000915
0.013800000000000002,0.026003680000004567,0.04152451999999599,0.03690148000000352
0.013810000000000001,0.04326828000000407,0.03362819999999746,0.041648640000001694
0.01382,0.051745360000002114,0.03431523999999803,0.0355952000000025
0.01383,0.048489560000002374,0.030643959999998818,0.051066440000002204
0.013840000000000002,0.02969211999999928,0.047403640000000496,0.041641720000001534
0.013850000000000001,0.043874679999998396,0.038503800000003065,0.0313076400000018
0.01386,0.050350840000001465,0.0310811199999981,0.03603240000000252
0.01387,0.053967520000002586,0.03146559999999979,0.0380997200000018
0.013880000000000002,0.03685543999999723,0.026103599999998273,0.04247676000000168
0.013890000000000001,0.04689111999999829,0.046733039999999317,0.04327495999999681
0.013900000000000001,0.0400432399999993,0.04085919999999954,0.03701500000000356
0.01391,0.03899600000000319,0.05710180000000125,0.030906520000002307
0.013920000000000002,0.04220284000000515,0.057258439999999064,0.04331683999999978
0.013930000000000001,0.04778788000000036,0.039625720000002224,0.05172475999999912
0.013940000000000001,0.039222600000004444,0.04438280000000059,0.0383687599999985
0.01395,0.03605651999999925,0.05184952000000081,0.03794671999999658
0.013960000000000002,0.03568323999999983,0.04220991999999723,0.04363836000000251
0.013970000000000002,0.041256119999999424,0.047070519999997805,0.038394680000002644
0.013980000000000001,0.047936919999998016,0.05278679999999826,0.03631332000000242
0.01399,0.04786955999999923,0.06055623999999735,0.047425880000001974
0.014,0.043114719999999204,0.05933075999999846,0.055564360000001894
0.014010000000000002,0.034693839999999095,0.053746959999998546,0.03851563999999933
0.014020000000000001,0.04000835999999985,0.0472770399999982,0.04093716000000185
0.01403,0.044226520000004294,0.04662508000000204,0.03704364000000187
0.01404,0.051610920000003765,0.049267080000001906,0.05515519999999945
0.014050000000000002,0.05592820000000409,0.05903784000000284,0.0667641600000003
0.014060000000000001,0.05604832000000376,0.05568947999999897,0.04389515999999946
0.014070000000000001,0.0456916000000036,0.040209039999997656,0.05267199999999997
0.01408,0.041933800000004094,0.054367279999998595,0.05122471999999762
0.014090000000000002,0.036125920000004,0.05883171999999879,0.04339844000000253
0.014100000000000001,0.04517704000000075,0.05035971999999858,0.0371893600000021
0.014110000000000001,0.04385740000000084,0.045753920000003785,0.048167280000001915
0.01412,0.03752492000000329,0.06490960000000363,0.03983868000000352
0.014130000000000002,0.038869560000002946,0.04639056000000256,0.033883359999998586
0.014140000000000002,0.033680839999998366,0.05292092000000342,0.050265400000003305
0.014150000000000001,0.04293688000000334,0.042679920000002314,0.046774440000001846
0.01416,0.05241384000000355,0.03947792000000173,0.04319384000000276
0.01417,0.05295244000000294,0.03349080000000291,0.03272456000000122
0.014180000000000002,0.05978872000000328,0.03497572000000065,0.030570360000002045
0.014190000000000001,0.048648560000003845,0.03429956000000142,0.03679900000000358
0.0142,0.04961348000000254,0.0412225599999989,0.03027923999999907
0.01421,0.05099396000000314,0.0360555599999967,0.04260371999999943
0.014220000000000002,0.04096148000000177,0.035559679999997935,0.04270560000000415
0.014230000000000001,0.03453428000000492,0.04700035999999814,0.0329264399999994
0.014240000000000001,0.03816684000000395,0.05280867999999861,0.0410777200000047
0.01425,0.051655280000001816,0.04041839999999914,0.05160640000000157
0.014260000000000002,0.040240760000003005,0.05334459999999962,0.045274160000001624
0.014270000000000001,0.033203399999999626,0.049330159999999665,0.027276160000003814
0.014280000000000001,0.0360654800000006,0.05233931999999688,0.035185320000004176
0.01429,0.031667080000000535,0.038872079999998206,0.03206487999999821
0.014300000000000002,0.040814600000004364,0.03287187999999956,0.041290520000000955
0.014310000000000002,0.039426040000004825,0.04160711999999875,0.03931668000000395
0.014320000000000001,0.040826920000004124,0.03779087999999782,0.0386485200000023
0.01433,0.03749096000000229,0.03367024000000185,0.036645000000003584
0.01434,0.047137040000000754,0.04844700000000105,0.038696160000001104
0.014350000000000002,0.031513960000002936,0.05234372000000148,0.03765072000000192
0.014360000000000001,0.04539999999999911,0.0504238400000022,0.03359452000000227
0.01437,0.058291800000002246,0.036552160000001506,0.03558184000000025
0.01438,0.0452260800000037,0.04581504000000168,0.03406872000000295
0.014390000000000002,0.0523542399999994,0.026962439999996764,0.03910988000000448
0.014400000000000001,0.06283251999999778,0.041656519999998906,0.03404416000000134
0.014410000000000001,0.04280736000000354,0.034331520000001094,0.03457228000000033
0.01442,0.04624664000000386,0.03178768000000205,0.03649099999999786
0.014430000000000002,0.046336560000003406,0.047079680000002906,0.04651208000000397
0.014440000000000001,0.048806000000003055,0.03461820000000138,0.04108835999999873
0.014450000000000001,0.04593948000000488,0.04017760000000224,0.05337848000000285
0.01446,0.03189556000000183,0.047927920000001935,0.054406240000004075
0.014470000000000002,0.04697880000000268,0.044957720000003414,0.04966655999999906
0.014480000000000002,0.032501159999998176,0.025322920000001695,0.04288776000000369
0.014490000000000001,0.04804560000000512,0.023019639999997923,0.04169308000000335
0.0145,0.04757396000000115,0.030762239999997044,0.042223319999999266
0.01451,0.04433336000000395,0.04236139999999713,0.0411937199999999
0.014520000000000002,0.0480642000000028,0.024822799999996852,0.04971612000000056
0.014530000000000001,0.04216836000000137,0.030397600000001666,0.023032519999998977
0.01454,0.03394924000000532,0.03748388000000323,0.039729360000001206
0.01455,0.046589480000003264,0.03350104000000192,0.03736135999999872
0.014560000000000002,0.04390992000000262,0.03419787999999837,0.04063091999999936
0.014570000000000001,0.04894152000000524,0.044949439999998134,0.03925380000000003
0.014580000000000001,0.048572200000000315,0.04536863999999889,0.028782519999997654
0.01459,0.044737000000003406,0.031043879999998865,0.030715679999998954
0.014600000000000002,0.04402667999999876,0.038409759999998856,0.052201800000000007
0.014610000000000001,0.05979216000000307,0.04471983999999669,0.0357567599999989
0.014620000000000001,0.053711760000004,0.043211079999997286,0.043542480000004026
0.01463,0.04666100000000322,0.05043828000000084,0.04727908000000469
0.014640000000000002,0.04851664000000364,0.04424235999999903,0.03494988000000358
0.014650000000000002,0.04308664000000331,0.044598919999996496,0.04137984000000315
0.014660000000000001,0.05482980000000289,0.03899259999999959,0.04298484000000567
0.01467,0.05772660000000315,0.04055779999999678,0.028486160000003605
0.01468,0.04751752000000328,0.04310519999999635,0.03669448000000374
0.014690000000000002,0.05261832000000338,0.04396172000000096,0.05133532000000221
0.014700000000000001,0.04865136000000385,0.03567495999999796,0.03630863999999854
0.01471,0.04776719999999957,0.030959399999997046,0.04684632000000193
0.01472,0.04634820000000487,0.03321987999999825,0.03615724000000083
0.014730000000000002,0.05406004000000518,0.0355807599999976,0.04353200000000326
0.014740000000000001,0.04929020000000524,0.04530956000000206,0.044437680000002124
0.014750000000000001,0.03853748000000059,0.04157335999999745,0.0511817999999993
0.01476,0.04516916000000435,0.036304519999998106,0.03664748000000054
0.014770000000000002,0.053931920000000716,0.03559827999999655,0.03880964000000195
0.014780000000000001,0.041420600000005484,0.0532848000000004,0.028708680000002006
0.014790000000000001,0.04955024000000068,0.04621127999999633,0.06226680000000306
0.0148,0.04762032000000079,0.04610791999999944,0.04360000000000289
0.014810000000000002,0.04710120000000515,0.04971159999999759,0.03207784000000152
0.014820000000000002,0.04820884000000015,0.039275319999997435,0.04453360000000176
0.014830000000000001,0.05296367999999797,0.031492879999999016,0.04003768000000151
0.01484,0.04361311999999922,0.035241039999996115,0.047103760000002846
0.01485,0.04645472000000399,0.02593551999999673,0.0411763600000008
0.014860000000000002,0.05095963999999899,0.03117779999999841,0.03608264000000066
0.014870000000000001,0.039886360000000606,0.043020759999997625,0.04841744000000414
0.01488,0.038797840000000104,0.04496747999999918,0.04898124000000211
0.01489,0.042184200000004606,0.03875464000000069,0.02636387999999947
0.014900000000000002,0.04947532000000506,0.04804739999999818,0.038675159999997315
0.014910000000000001,0.04339452000000511,0.049606959999996265,0.03563440000000131
0.014920000000000001,0.045535680000003624,0.04582363999999975,0.027267399999997867
0.01493,0.055229760000000384,0.04333455999999948,0.03710487999999899
0.014940000000000002,0.03990788000000467,0.03790296000000065,0.03399643999999951
0.014950000000000001,0.04276500000000009,0.04319639999999764,0.03667915999999746
0.014960000000000001,0.05685708000000354,0.04779739999999806,0.04341764000000147
0.01497,0.04350096000000262,0.04177035999999757,0.04334075999999783
0.014980000000000002,0.05271008000000359,0.04799383999999974,0.0471487599999999
0.014990000000000002,0.05561608000000291,0.0557259599999988,0.03417631999999898
0.015000000000000001,0.06672552000000259,0.058877679999999606,0.03841656000000381
0.01501,0.0458350400000048,0.03304247999999916,0.058603279999998606
0.01502,0.0392927200000029,0.04922559999999948,0.02815579999999885
0.015030000000000002,0.039625400000004585,0.041365159999999304,0.03935559999999616
0.015040000000000001,0.03692292000000491,0.04703699999999754,0.037821240000003475
0.015050000000000001,0.04086712000000532,0.04294955999999987,0.03556404000000102
0.01506,0.06268864000000565,0.0403503599999986,0.05509348000000379
0.015070000000000002,0.05272188000000499,0.05153348000000038,0.044316200000003386
0.015080000000000001,0.04574364000000354,0.03977651999999953,0.04559676000000335
0.015090000000000001,0.045780880000005436,0.061974719999999574,0.04378432000000183
0.0151,0.0560102000000005,0.027847279999998486,0.03971120000000182
0.015110000000000002,0.0566345600000006,0.036627119999997966,0.03628128000000283
0.015120000000000001,0.04820328000000554,0.034981599999998586,0.03821740000000495
0.015130000000000001,0.04657960000000519,0.04127308000000374,0.035143320000005036
0.01514,0.056715600000005174,0.0493778399999962,0.04161804000000481
0.015150000000000002,0.058671000000005205,0.04528391999999981,0.04325848000000263
0.015160000000000002,0.05544964000000543,0.04533355999999818,0.034946520000003624
0.015170000000000001,0.048756560000005014,0.048246319999999454,0.03524560000000395
0.01518,0.04928768000000488,0.041267399999998726,0.040980960000004334
0.01519,0.04767804000000541,0.04460867999999826,0.034515999999999256
0.015200000000000002,0.04705456000000465,0.040443999999998335,0.04227476000000211
0.015210000000000001,0.04385456000000484,0.05981323999999745,0.04639776000000318
0.015220000000000001,0.044460680000003305,0.06349307999999976,0.04589020000000304
0.01523,0.03811164000000569,0.06426567999999773,0.047736080000002665
0.015240000000000002,0.03680976000000386,0.05706895999999688,0.04028340000000472
0.015250000000000001,0.05062496000000051,0.053627079999998814,0.036703960000004705
0.015260000000000001,0.046334920000003416,0.04421943999999742,0.0352151199999998
0.01527,0.04261812000000411,0.045364759999997784,0.04689359999999966
0.015280000000000002,0.04960492000000537,0.05891787999999888,0.029633879999997097
0.015290000000000002,0.042046360000005334,0.036343559999998304,0.04614816000000231
0.015300000000000001,0.04491660000000473,0.037191159999995636,0.03710195999999945
0.01531,0.0574507600000048,0.04192487999999798,0.03790276000000168
0.015320000000000002,0.04311128000000373,0.04042467999999776,0.04717636000000164
0.015330000000000002,0.04256176000000444,0.05119651999999963,0.04085708000000281
0.015340000000000001,0.05990616000000484,0.04283416000000364,0.032577960000001245
0.01535,0.04569024000000445,0.039006519999999316,0.04220812000000275
0.015360000000000002,0.05678696000000447,0.040303919999999445,0.05658752000000257
0.015370000000000002,0.0437630800000041,0.04245767999999645,0.0503088000000038
0.015380000000000001,0.051245800000005066,0.054776559999997754,0.03282984000000392
0.015390000000000001,0.06362616000000411,0.049531560000001196,0.04153800000000386
0.0154,0.050130040000003755,0.0437917199999964,0.03254736000000376
0.015410000000000002,0.04677644000000402,0.06213411999999754,0.03568216000000196
0.015420000000000001,0.05515872000000389,0.05260515999999748,0.0367882800000029
0.015430000000000001,0.046470400000004936,0.04497259999999728,0.04987016000000382
0.01544,0.05055272000000536,0.05760096000000175,0.04614720000000216
0.015450000000000002,0.04066696000000479,0.05059424000000235,0.04898276000000514
0.015460000000000002,0.049800200000004825,0.053042880000002915,0.05465240000000469
0.015470000000000001,0.047124160000004585,0.05165596000000249,0.03554384000000377
0.01548,0.05002444000000458,0.05079468000000239,0.032617440000004536
0.015490000000000002,0.054183960000003896,0.06494592000000254,0.03502256000000397
0.015500000000000002,0.04910732000000396,0.04901392000000196,0.026622240000004266
0.015510000000000001,0.051822560000005555,0.041338080000001776,0.042590880000003724
0.01552,0.03890748000000426,0.047770320000002205,0.05763224000000183
0.015530000000000002,0.04319548000000546,0.044998679999998105,0.04775772000000324
0.015540000000000002,0.05786948000000482,0.048468880000001116,0.04287484000000081
0.015550000000000001,0.05378880000000518,0.03503608000000066,0.04456628000000029
0.015560000000000001,0.048018360000003674,0.03379804000000167,0.038358080000003174
0.01557,0.04628548000000521,0.039535240000000374,0.039337720000002435
0.015580000000000002,0.058788040000003206,0.037998199999997415,0.044690480000001594
0.015590000000000001,0.048774880000002685,0.04328391999999599,0.04047096000000046
0.015600000000000001,0.05296980000000515,0.04063579999999578,0.04930404000000403
0.01561,0.04862212000000388,0.04280352000000086,0.03642832000000396
0.015620000000000002,0.04412032000000422,0.03628667999999632,0.03830124000000224
0.01563,0.04842100000000152,0.04236759999999841,0.03775928000000116
0.01564,0.04880524000000434,0.048731399999998655,0.03565928000000012
0.01565,0.036184280000006015,0.03864196000000034,0.03859623999999846
0.01566,0.030927760000004204,0.02351595999999607,0.03740884000000225
0.01567,0.02854156000000486,0.03711187999999798,0.030755039999998186
0.015680000000000003,0.048935120000003364,0.026396079999995766,0.03549171999999854
0.015690000000000003,0.05514208000000369,0.04720900000000097,0.02357799999999706
0.015700000000000002,0.0570084800000029,0.049629560000001946,0.029786760000002334
0.015710000000000002,0.04799743999999966,0.050269759999997284,0.0427885999999995
0.01572,0.044244559999999794,0.03932255999999687,0.03875768000000311
0.01573,0.03593076000000351,0.039321879999997054,0.04051856000000214
0.01574,0.04054200000000428,0.03200128000000145,0.02961824000000129
0.01575,0.041712040000004426,0.0453855599999978,0.046971000000003114
0.01576,0.04111564000000387,0.03279596000000297,0.042712960000002395
0.015770000000000003,0.050660800000003864,0.03066440000000105,0.04271272000000375
0.015780000000000002,0.04882020000000094,0.02825188000000268,0.052611600000002194
0.015790000000000002,0.043055160000001064,0.0452261999999989,0.03832547999999867
0.0158,0.047967479999999924,0.0513262799999993,0.04247728000000278
0.01581,0.03150572000000299,0.04066508000000072,0.042135039999998014
0.01582,0.05169440000000017,0.046489599999998736,0.034525000000001506
0.01583,0.06651595999999892,0.03886939999999789,0.04295224000000225
0.01584,0.04917600000000013,0.027491680000001448,0.029343080000003047
0.015850000000000003,0.03754219999999812,0.032176520000000736,0.03416643999999745
0.015860000000000003,0.03580655999999752,0.05218760000000153,0.03600864000000237
0.015870000000000002,0.041153880000000094,0.040963120000002747,0.04823432000000253
0.015880000000000002,0.029913360000001783,0.0391973200000015,0.0467896399999978
0.01589,0.04157963999999802,0.04308156000000247,0.04375459999999829
0.0159,0.03534392000000394,0.0366577599999985,0.033291319999997744
0.01591,0.04408688000000589,0.04863063999999762,0.044539000000001015
0.01592,0.04207052000000546,0.04520827999999908,0.05436624000000124
0.01593,0.0353859600000038,0.03643136000000016,0.03519192000000066
0.015940000000000003,0.047287400000005385,0.04617583999999877,0.039214840000003526
0.015950000000000002,0.03958260000000512,0.049058239999999004,0.039571679999999144
0.015960000000000002,0.045901760000004455,0.05255103999999879,0.04436188000000191
0.01597,0.04559336000000399,0.05607863999999893,0.027970200000000743
0.01598,0.03251496000000198,0.041140319999997614,0.04781699999999816
0.01599,0.03961164000000509,0.04254647999999807,0.03869855999999794
0.016,0.046273280000004274,0.0523728399999981,0.04084032000000176
0.01601,0.04667484000000442,0.04144499999999711,0.031712040000002155
0.016020000000000003,0.05279328000000058,0.0553085599999967,0.028717600000002126
0.016030000000000003,0.04399356000000477,0.05787331999999785,0.03536096000000183
0.016040000000000002,0.04149088000000487,0.05333699999999759,0.04182644000000257
0.016050000000000002,0.048870720000005315,0.05623259999999858,0.04365440000000266
0.01606,0.0446735200000054,0.06617651999999859,0.038310280000004804
0.01607,0.041555800000000795,0.05765699999999689,0.04385880000000457
0.01608,0.052222800000002366,0.05254195999999786,0.04886004000000036
0.01609,0.042427920000004955,0.05504575999999776,0.04249420000000137
0.0161,0.05176576000000518,0.060184399999997834,0.05612395999999896
0.016110000000000003,0.04631556000000554,0.0581843999999976,0.035335239999998644
0.016120000000000002,0.04598744000000535,0.046804759999997794,0.05706444000000019
0.016130000000000002,0.04913192000000399,0.04455843999999851,0.05562676000000029
0.01614,0.05189200000000506,0.04875551999999905,0.040722160000003504
0.01615,0.04560192000000393,0.03817687999999812,0.04615204000000271
0.01616,0.03852176000000578,0.04319543999999688,0.0496437599999991
0.01617,0.05723480000000331,0.04353095999999796,0.03433103999999831
0.01618,0.05143880000000317,0.040970599999997054,0.045002280000001844
0.016190000000000003,0.04605644000000424,0.039131960000000264,0.04465756000000071
0.016200000000000003,0.04587344000000492,0.047176440000001665,0.04076087999999891
0.016210000000000002,0.03864488000000535,0.046504080000001356,0.03864784000000431
0.016220000000000002,0.039220520000005046,0.048524640000002145,0.03974476000000373
0.01623,0.04381308000000494,0.04535175999999655,0.038114679999998756
0.01624,0.05681976000000509,0.037181079999996036,0.0412772799999983
0.01625,0.045998800000004995,0.05115031999999615,0.043723920000002685
0.01626,0.04335012000000505,0.04897139999999567,0.04074975999999797
0.01627,0.04856596000000548,0.05167019999999698,0.029374679999998952
0.016280000000000003,0.04072604000000468,0.0510388399999976,0.03154047999999592
0.016290000000000002,0.05042564000000548,0.044171559999995835,0.0340120799999986
0.016300000000000002,0.04339492000000536,0.038567359999998815,0.040145999999999876
0.01631,0.03867048000000502,0.052353879999999936,0.03370267999999884
0.01632,0.04003520000000339,0.05454887999999825,0.028135200000004554
0.01633,0.04950076000000497,0.06172383999999993,0.03538431999999739
0.01634,0.03722800000000484,0.04688431999999801,0.052263920000001754
0.01635,0.03865976000000447,0.04741855999999839,0.038404040000000236
0.016360000000000003,0.05311124000000519,0.06519619999999911,0.035138919999998124
0.016370000000000003,0.03628568000000272,0.04711131999999759,0.032959280000002165
0.016380000000000002,0.039695280000001845,0.052805039999996535,0.027463640000002447
0.016390000000000002,0.04298820000000382,0.03741567999999618,0.026240080000002212
0.0164,0.05227044000000372,0.045299160000002114,0.036559920000001876
0.01641,0.03746572000000159,0.052141560000002744,0.03115948000000158
0.01642,0.04584000000000472,0.048219560000001736,0.03200191999999735
0.01643,0.03902792000000382,0.061246720000004515,0.030148439999998788
0.01644,0.03713500000000537,0.05622479999999964,0.029432039999996714
0.016450000000000003,0.04065168000000617,0.05586987999999917,0.04339155999999797
0.016460000000000002,0.04422743999999933,0.049139600000000117,0.03165111999999719
0.016470000000000002,0.05038651999999991,0.050293999999996813,0.041301840000001505
0.01648,0.049621360000004465,0.047746959999998694,0.026994960000000408
0.01649,0.03577348000000414,0.041710999999998055,0.02827831999999769
0.0165,0.04027608000000099,0.03991603999999777,0.05298651999999783
0.01651,0.04200236000000345,0.04996615999999694,0.04954167999999814
0.01652,0.03942720000000388,0.04932747999999815,0.04062719999999536
0.016530000000000003,0.044093440000000025,0.047215999999996275,0.03856019999999696
0.016540000000000003,0.05138552000000031,0.05278963999999798,0.039074679999999126
0.016550000000000002,0.05288856000000375,0.05087983999999938,0.03862659999999844
0.016560000000000002,0.05179536000000356,0.06005831999999885,0.044708880000001894
0.01657,0.046649600000004156,0.05940659999999661,0.04363256000000176
0.01658,0.05412499999999932,0.04955455999999899,0.044033960000004244
0.01659,0.06710432,0.0516636399999988,0.04345480000000397
0.0166,0.047102560000003194,0.04158240000000104,0.05662160000000189
0.01661,0.05500875999999992,0.044499999999997084,0.043170040000002234
0.016620000000000003,0.04654619999999952,0.04633559999999802,0.04552552000000273
0.016630000000000002,0.04671244000000036,0.044322839999997386,0.04202251999999619
0.016640000000000002,0.04700475999999775,0.04281907999999846,0.04544908000000236
0.01665,0.04462216000000267,0.0440031600000013,0.05100799999999715
0.01666,0.05020980000000185,0.048694480000001386,0.05823771999999831
0.01667,0.052060600000002684,0.03807911999999617,0.03941707999999936
0.01668,0.04600692000000378,0.04391863999999913,0.045509800000000135
0.01669,0.054997520000004546,0.04116267999999741,0.030486479999996603
0.016700000000000003,0.046036760000004236,0.042159279999997815,0.035943799999999325
0.016710000000000003,0.03798408000000406,0.04692587999999812,0.045257800000000056
0.016720000000000002,0.03687424000000497,0.04206380000000184,0.03752644000000432
0.016730000000000002,0.04718804000000457,0.04508196000000112,0.047006079999999145
0.01674,0.036936440000004664,0.042961280000000636,0.039328560000001546
0.01675,0.045613960000003714,0.04565976000000151,0.0621850400000014
0.01676,0.034704000000002885,0.05634896000000241,0.05160988000000138
0.01677,0.044768079999999336,0.037455160000003686,0.039407920000001935
0.01678,0.050439720000001485,0.03230144000000142,0.04256191999999925
0.016790000000000003,0.03713300000000084,0.04539700000000165,0.04801240000000397
0.016800000000000002,0.039887240000003946,0.03926720000000187,0.04938664000000215
0.016810000000000002,0.038333480000003486,0.03990779999999745,0.04058092000000033
0.01682,0.037904440000004126,0.035690760000000904,0.042176400000001675
0.01683,0.03405363999999911,0.050131599999998014,0.041630600000001614
0.01684,0.03527020000000302,0.04188183999999788,0.03654480000000158
0.01685,0.049781640000001424,0.046957399999998095,0.049151960000000536
0.01686,0.0429478399999986,0.037779319999997424,0.040939759999997945
0.016870000000000003,0.041109680000004825,0.036418999999998085,0.0276763599999963
0.016880000000000003,0.04938352000000418,0.04447155999999703,0.04144415999999717
0.016890000000000002,0.03695920000000518,0.04477403999999729,0.034960959999996925
0.016900000000000002,0.04209792000000378,0.03948080000000257,0.02933724000000338
0.01691,0.03755440000000412,0.055213640000001896,0.03560539999999717
0.01692,0.03467988000000489,0.05087992000000161,0.03945287999999696
0.01693,0.042331440000003946,0.05095319999999735,0.03028763999999641
0.01694,0.03895728000000528,0.038325040000001455,0.029145439999997254
0.01695,0.04497016000000403,0.042274359999997485,0.03533323999999763
0.016960000000000003,0.03925188000000425,0.05808595999999807,0.039985199999998076
0.016970000000000002,0.04167556000000512,0.049461519999997434,0.046189719999997866
0.016980000000000002,0.05150000000000376,0.03514211999999682,0.030210359999998042
0.01699,0.04637236000000401,0.036481799999996706,0.035997240000002005
0.017,0.03603548000000364,0.03354807999999637,0.03344876000000179
0.01701,0.050868440000000625,0.0566037999999979,0.042967199999998894
0.01702,0.04077832000000359,0.04484827999999697,0.04126155999999793
0.01703,0.04799624000000325,0.041133999999997777,0.03687175999999907
0.017040000000000003,0.03720380000000291,0.046329440000002324,0.04076867999999831
0.017050000000000003,0.04567808000000393,0.039893119999997624,0.04011019999999948
0.017060000000000002,0.031064880000005173,0.04850739999999814,0.04070199999999758
0.017070000000000002,0.03811084000000318,0.040675960000001336,0.04476859999999662
0.01708,0.03933844000000364,0.04523363999999932,0.03658703999999795
0.01709,0.03553275999999864,0.04603363999999945,0.05670376000000144
0.0171,0.04275260000000434,0.05634155999999991,0.039023920000002425
0.01711,0.05224812000000386,0.05556863999999901,0.0356050799999963
0.01712,0.048590960000000516,0.04969059999999984,0.039973560000000886
0.017130000000000003,0.04702452000000028,0.042256240000000805,0.04969724000000106
0.017140000000000002,0.05327864000000292,0.056424200000001416,0.0488034399999974
0.017150000000000002,0.04611488000000539,0.052216639999997504,0.0414086799999961
0.01716,0.053221080000005506,0.0543430799999992,0.04038835999999625
0.01717,0.05317532000000326,0.05022979999999653,0.0476875999999984
0.01718,0.054547440000004103,0.04965715999999628,0.03942119999999878
0.01719,0.05220744000000544,0.05412803999999778,0.03888387999999771
0.0172,0.05312340000000485,0.0487942399999965,0.04071559999999657
0.017210000000000003,0.051193000000005755,0.05421663999999739,0.037451879999998224
0.017220000000000003,0.054750600000005624,0.046966239999996814,0.032650079999996376
0.017230000000000002,0.06449448000000449,0.04296831999999644,0.035122799999996006
0.017240000000000002,0.05767144000000517,0.050522800000001956,0.036204599999998845
0.01725,0.057331440000004556,0.04338331999999791,0.03357111999999815
0.01726,0.04472060000000398,0.04257211999999789,0.04232507999999845
0.01727,0.05334632000000045,0.04611943999999743,0.04781899999999961
0.01728,0.042060640000000434,0.062050039999999,0.04254099999999915
0.01729,0.05832148000000059,0.06582727999999811,0.03722287999999855
0.017300000000000003,0.042006240000002124,0.07138656000000175,0.04972516000000399
0.017310000000000002,0.038316119999999995,0.058550840000002415,0.05642319999999865
0.017320000000000002,0.045622999999999296,0.050253760000001244,0.031176040000002476
0.01733,0.052649320000000985,0.04870971999999714,0.027233639999998845
0.01734,0.04260327999999922,0.05123803999999707,0.026990439999998506
0.01735,0.044070480000004394,0.04533063999999606,0.03186615999999868
0.01736,0.05067024000000468,0.04673984000000147,0.04163568000000152
0.01737,0.04355296000000026,0.037812319999996374,0.026759719999996684
0.017380000000000003,0.051653240000004805,0.04931160000000081,0.027935839999997544
0.017390000000000003,0.0556521200000038,0.04699931999999858,0.05361619999999936
0.017400000000000002,0.05424352000000484,0.041340119999996636,0.034353400000001505
0.017410000000000002,0.06239620000000402,0.043540359999995705,0.038677519999998
0.01742,0.0475618,0.043259360000000927,0.04303939999999878
0.01743,0.04697232000000554,0.04490676000000003,0.04429416000000044
0.01744,0.04725880000000512,0.039582880000000716,0.04444071999999728
0.01745,0.04464520000000006,0.04152516000000043,0.025457479999996188
0.01746,0.05526108000000531,0.04115159999999583,0.03809775999999785
0.017470000000000003,0.05041096000000437,0.03799811999999578,0.04357256000000191
0.017480000000000002,0.04819312000000478,0.03934220000000052,0.04231115999999892
0.017490000000000002,0.03854972000000562,0.04586724000000077,0.04040951999999874
0.0175,0.04608580000000551,0.043443120000000314,0.027868759999998157
0.01751,0.04500760000000397,0.037627639999996125,0.025903159999996296
0.01752,0.052996640000005056,0.054602080000001225,0.026806919999997108
0.01753,0.050838640000004626,0.05382640000000085,0.033304960000002444
0.01754,0.05651164000000249,0.03922967999999611,0.03415203999999729
0.017550000000000003,0.052090400000004526,0.039551359999998245,0.047675279999998495
0.017560000000000003,0.045014280000002724,0.03422751999999767,0.03476079999999704
0.017570000000000002,0.05492640000000066,0.041136079999998035,0.03258424000000084
0.017580000000000002,0.04603944000000477,0.04546851999999886,0.06136144000000227
0.01759,0.04964424000000264,0.05604459999999824,0.03697064000000177
0.0176,0.06917876000000303,0.04639627999999758,0.03648604000000175
0.01761,0.06371664000000103,0.04477720000000172,0.03558920000000275
0.01762,0.035807999999999895,0.050547200000001624,0.03658284000000196
0.01763,0.046261640000000645,0.04886088000000188,0.034541479999999784
0.017640000000000003,0.0461152000000006,0.035623720000001406,0.04641887999999945
0.017650000000000002,0.052860920000002594,0.05004516000000246,0.04807232000000328
0.017660000000000002,0.05041524000000227,0.04576224000000209,0.03996256000000053
0.01767,0.04599052000000513,0.053677920000001815,0.033863000000001975
0.01768,0.03860436000000337,0.06208432000000033,0.044155159999999624
0.01769,0.0479460400000027,0.04253564000000066,0.03922756000000402
0.0177,0.03881996000000434,0.04532832000000218,0.03817359999999941
0.01771,0.04849508000000456,0.04076312000000228,0.0338979199999992
0.017720000000000003,0.03632576000000421,0.043410000000000885,0.03265279999999941
0.017730000000000003,0.04780240000000458,0.03471952000000088,0.037074519999998
0.017740000000000002,0.04288476000000364,0.040519680000001584,0.030637839999997335
0.017750000000000002,0.04951016000000503,0.04021715999999726,0.027741239999997124
0.01776,0.04706788000000364,0.041020919999995506,0.029148879999995925
0.01777,0.052582240000004304,0.04211708000000065,0.030838199999996017
0.01778,0.04052080000000505,0.044024599999996625,0.042525799999998525
0.01779,0.04617732000000456,0.05047147999999605,0.03983207999999705
0.0178,0.035612840000003775,0.05328459999999828,0.0330207999999983
0.017810000000000003,0.03619860000000417,0.04853147999999708,0.040613280000003284
0.017820000000000003,0.044998000000003965,0.056729119999996316,0.029773000000003054
0.017830000000000002,0.04509120000000389,0.05335583999999602,0.03673012000000103
0.01784,0.04115119999999896,0.053397399999998395,0.0350091600000014
0.01785,0.04319143999999956,0.06384411999999805,0.0410670799999976
0.01786,0.04748408000000289,0.04561251999999678,0.04020408000000224
0.01787,0.04980839999999797,0.0391606800000018,0.03835884000000272
0.01788,0.05343384000000247,0.04949123999999789,0.03412028000000261
0.017890000000000003,0.062336040000003805,0.051463959999998254,0.03973239999999819
0.017900000000000003,0.05085236000000452,0.04268971999999811,0.037175600000001
0.017910000000000002,0.05186736000000487,0.04485456000000082,0.04806803999999847
0.017920000000000002,0.04304808000000461,0.04054163999999886,0.051454399999998984
0.01793,0.05432140000000111,0.04122471999999692,0.06563551999999852
0.01794,0.05378292000000505,0.047954239999996914,0.05566943999999831
0.01795,0.06246176000000552,0.04698235999999738,0.058606679999999085
0.01796,0.03788660000000506,0.05793055999999766,0.04057935999999864
0.01797,0.03677104000000516,0.04643995999999822,0.04008071999999883
0.017980000000000003,0.04093512000000486,0.03452415999999798,0.04132775999999821
0.017990000000000003,0.04955348000000549,0.051360799999999,0.04415467999999487
0.018000000000000002,0.0509220400000047,0.04110927999999716,0.037404199999997015
0.01801,0.042962440000004785,0.051121479999998436,0.04957899999999828
0.01802,0.051627600000002466,0.04901295999999723,0.05030791999999771
0.01803,0.05160228000000277,0.050163719999997504,0.0428683999999983
0.01804,0.05026564000000585,0.04609183999999777,0.046307919999997844
0.01805,0.04280140000000584,0.04824403999999763,0.03318091999999826
0.018060000000000003,0.044616680000002504,0.04687300000000222,0.048207199999999145
0.018070000000000003,0.048410120000002346,0.05480723999999944,0.041181400000002845
0.018080000000000002,0.04604408000000349,0.04289259999999813,0.03914951999999816
0.018090000000000002,0.05411876000000389,0.03473959999999625,0.04239744000000298
0.0181,0.040907560000005276,0.0389816799999962,0.03380639999999992
0.01811,0.044687080000005555,0.03870388000000006,0.04165291999999813
0.01812,0.050074080000004365,0.03672135999999709,0.03983188000000233
0.01813,0.05040872000000512,0.03128448000000171,0.02921199999999677
0.01814,0.05428748000000567,0.04052359999999678,0.04086608000000215
0.018150000000000003,0.06694872000000358,0.041529599999996634,0.04119540000000176
0.018160000000000003,0.04554864000000617,0.03841111999999883,0.04087272000000153
0.018170000000000002,0.05086148000000491,0.03956443999999939,0.057437160000004955
0.01818,0.05026924000000424,0.04975635999999748,0.04655212000000361
0.01819,0.06549416000000399,0.054387799999996066,0.042833800000003634
0.0182,0.05245728000000403,0.04057787999999613,0.04326936000000114
0.01821,0.05397144000000318,0.034201799999995945,0.03846684000000052
0.01822,0.05553132000000567,0.0429179600000017,0.048092880000001996
0.018230000000000003,0.05175896000000375,0.043867719999999305,0.0356037600000016
0.018240000000000003,0.05808696000000413,0.04411467999999759,0.04786196000000192
0.018250000000000002,0.05666660000000369,0.034022599999997745,0.0514802799999974
0.018260000000000002,0.06576824000000382,0.03794007999999788,0.04517935999999709
0.01827,0.06303484000000359,0.05704864000000059,0.039882479999997916
0.01828,0.057310760000003326,0.05184484000000005,0.05691491999999882
0.01829,0.05163544000000309,0.037019679999998154,0.04182391999999722
0.0183,0.04887084000000534,0.043494359999996964,0.041413639999997844
0.01831,0.053464480000005296,0.043576599999996836,0.048604560000001164
0.018320000000000003,0.05773196000000461,0.04661543999999857,0.04164063999999653
0.018330000000000003,0.0598066000000045,0.04696056000000253,0.0510576800000018
0.018340000000000002,0.043536600000002694,0.057769359999997744,0.05343292000000264
0.01835,0.04729316000000358,0.04956683999999725,0.03630440000000211
0.01836,0.048285920000002834,0.04891887999999954,0.030188280000003287
0.01837,0.06556240000000216,0.04464195999999783,0.03750356000000021
0.01838,0.040748400000001996,0.051871999999999995,0.025325800000003448
0.01839,0.04396976000000082,0.051284119999999114,0.03891360000000235
0.018400000000000003,0.04916508000000296,0.043216679999999195,0.03690548000000264
0.018410000000000003,0.04568708000000339,0.04618695999999742,0.057874680000003585
0.018420000000000002,0.05115892000000344,0.057637520000001455,0.03974740000000273
0.018430000000000002,0.05408600000000288,0.03327332000000048,0.03490196000000268
0.01844,0.04873283999999856,0.04380123999999687,0.023896280000001498
0.01845,0.04825688000000207,0.040018359999997255,0.03381292000000116
0.01846,0.04567051999999793,0.04907135999999791,0.03509200000000109
0.01847,0.04990588000000248,0.044831079999997206,0.04362592000000325
0.01848,0.05905352000000194,0.056416279999997584,0.03494775999999933
0.018490000000000003,0.04407640000000043,0.03920899999999759,0.034836159999998374
0.018500000000000003,0.05086547999999835,0.04571191999999601,0.045811880000000665
0.018510000000000002,0.0547315599999997,0.04731843999999814,0.03604008000000311
0.018520000000000002,0.05875359999999961,0.040308519999998085,0.042451239999999134
0.01853,0.0561524799999992,0.044116159999997365,0.036441840000000246
0.01854,0.0589368000000023,0.048028519999997,0.03440544000000405
0.01855,0.03956840000000037,0.04801876000000184,0.03503567999999988
0.01856,0.04450556000000264,0.04830483999999742,0.05377779999999939
0.018570000000000003,0.06495147999999853,0.05274075999999904,0.04194587999999889
0.018580000000000003,0.053324839999998305,0.049160679999997556,0.0363362000000004
0.018590000000000002,0.06392087999999879,0.042015199999997616,0.042759640000003755
0.018600000000000002,0.059324200000000604,0.04660703999999947,0.06600380000000268
0.01861,0.05151671999999694,0.047248639999997025,0.054802640000002595
0.01862,0.05771548000000061,0.04393499999999732,0.04362764000000211
0.01863,0.05081887999999827,0.04709736000000161,0.036838880000004785
0.01864,0.04982975999999739,0.037194719999996975,0.04980544000000146
0.01865,0.047404400000001894,0.035300879999996815,0.04025024000000015
0.018660000000000003,0.044197959999999294,0.04748680000000137,0.030689320000003625
0.018670000000000003,0.04610223999999827,0.0434484399999983,0.03086896000000365
0.018680000000000002,0.04897811999999913,0.038838400000003576,0.03164716000000193
0.018690000000000002,0.04431251999999894,0.046098799999999274,0.03425736000000079
0.0187,0.05252056000000223,0.032798599999998145,0.04022740000000125
0.01871,0.04851263999999841,0.03626107999999776,0.024859280000002197
0.01872,0.050575799999999324,0.04541635999999855,0.03359260000000209
0.01873,0.050619279999997616,0.06352703999999999,0.04343024000000105
0.018740000000000003,0.05519503999999905,0.052129199999999314,0.04649524000000233
0.018750000000000003,0.04361772000000193,0.05700551999999845,0.033766120000004084
0.018760000000000002,0.051188279999999586,0.06952931999999923,0.04108415999999765
0.018770000000000002,0.045630680000000465,0.055230679999999414,0.03459691999999811
0.01878,0.046589960000000825,0.06233735999999935,0.04343111999999796
0.01879,0.045685800000004294,0.0601698799999996,0.03300292000000002
0.0188,0.05275972000000072,0.047867839999998565,0.04269559999999626
0.01881,0.05336180000000324,0.04685051999999767,0.042602679999996104
0.01882,0.05389932000000464,0.045986520000003604,0.05597436000000074
0.018830000000000003,0.055586480000004254,0.04486896000000293,0.04234143999999948
0.018840000000000003,0.04447532000000426,0.05619704000000317,0.03625224000000205
0.018850000000000002,0.0556639200000022,0.06714284000000453,0.02592140000000352
0.018860000000000002,0.0447369200000031,0.06481696000000449,0.030604920000002526
0.01887,0.05097792000000382,0.061504080000004,0.02408648000000389
0.01888,0.04136196000000392,0.06990980000000324,0.03419488000000248
0.01889,0.04782524000000528,0.05486672000000344,0.04346960000000393
0.0189,0.04044308000000309,0.04750608000000357,0.03795923999999952
0.018910000000000003,0.045388920000001096,0.05384196000000361,0.04539019999999997
0.018920000000000003,0.046884840000005666,0.046225240000002665,0.0360978800000007
0.018930000000000002,0.04763496000000472,0.040561919999998114,0.026272080000004527
0.018940000000000002,0.051756560000003976,0.050495640000001535,0.05214252000000066
0.01895,0.0432430400000034,0.03920115999999739,0.03561955999999943
0.01896,0.042834400000005116,0.027241919999995146,0.038485080000000164
0.01897,0.05567372000000516,0.04315447999999722,0.032611720000000524
0.01898,0.03668056000000527,0.04712055999999834,0.036039640000002135
0.01899,0.047942200000005514,0.05460195999999713,0.04118419999999993
0.019000000000000003,0.045730400000005354,0.045242759999997356,0.031287039999999225
0.019010000000000003,0.03698400000000596,0.0489870000000014,0.029206759999999
0.019020000000000002,0.045075400000004956,0.05102495999999749,0.041353639999998124
0.019030000000000002,0.04390836000000583,0.04483691999999766,0.0493851199999986
0.01904,0.03999700000000483,0.04152415999999736,0.03997819999999899
0.01905,0.04737764000000299,0.042370559999998406,0.03681143999999947
0.01906,0.05062128000000386,0.0527452399999983,0.04662127999999805
0.01907,0.05635692000000489,0.04667667999999705,0.048776599999996235
0.019080000000000003,0.041998160000004094,0.05021987999999858,0.042959599999999626
0.019090000000000003,0.050290400000005765,0.051760639999999254,0.03243959999999666
0.019100000000000002,0.04921056000000557,0.04823511999999722,0.03519272000000153
0.019110000000000002,0.040797080000005446,0.04988791999999856,0.02695643999999954
0.01912,0.044817760000005494,0.05873392000000094,0.03536428000000096
0.01913,0.044960080000005356,0.058790119999999814,0.041897319999999454
0.01914,0.04645364000000529,0.05689788000000034,0.045770879999999514
0.01915,0.07229976000000278,0.04969068000000007,0.03508423999999937
0.01916,0.0697921600000033,0.04970399999999949,0.03294511999999869
0.019170000000000003,0.056615240000002655,0.037785720000002875,0.044883999999998446
0.019180000000000003,0.06315804000000554,0.04361983999999972,0.053514039999998486
0.019190000000000002,0.06176304000000042,0.05640184000000164,0.054908119999996195
0.019200000000000002,0.052973800000005206,0.03203067999999762,0.036916719999996746
0.01921,0.053942240000005554,0.03996823999999631,0.034171439999997485
0.01922,0.056720920000004844,0.042876200000002564,0.022724359999996398
0.01923,0.04587324000000528,0.040638040000002915,0.03032880000000001
0.01924,0.0340002400000042,0.04267144000000263,0.045324880000001774
0.019250000000000003,0.04657096000000057,0.03948264000000248,0.03366919999999913
0.019260000000000003,0.0509782800000005,0.04316059999999918,0.04042747999999683
0.019270000000000002,0.04128056000000495,0.03264200000000055,0.044581360000002505
0.019280000000000002,0.040158840000004,0.04007703999999822,0.041886480000002
0.01929,0.03970064000000561,0.04009827999999785,0.042891320000002287
0.0193,0.037133360000003585,0.03671568000000033,0.03733020000000385
0.01931,0.03968256000000378,0.04233531999999898,0.028155000000002907
0.01932,0.03849368000000447,0.04491392000000252,0.04360652000000448
0.01933,0.044999440000002305,0.0385803999999973,0.05452100000000383
0.019340000000000003,0.03961780000000538,0.05801263999999812,0.04925992000000053
0.019350000000000003,0.03868000000000035,0.04820783999999729,0.0367573599999992
0.019360000000000002,0.034379400000002315,0.0408510799999955,0.041245999999998964
0.019370000000000002,0.03670076000000474,0.048124439999996146,0.04466248000000062
0.01938,0.03682487999999908,0.053448560000000776,0.03966528000000083
0.01939,0.042996400000004556,0.045798719999997135,0.04326743999999862
0.0194,0.03968948000000383,0.04384379999999546,0.03139719999999878
0.01941,0.04232072000000464,0.03615251999999668,0.03173388000000251
0.019420000000000003,0.04657440000000333,0.043891199999996945,0.038718400000001166
0.019430000000000003,0.04226416000000366,0.05708759999999753,0.04072988000000208
0.019440000000000002,0.03886368000000433,0.057604079999997206,0.0397326399999992
0.019450000000000002,0.050442720000005055,0.054814239999996975,0.042738599999999974
0.01946,0.04795080000000068,0.04006775999999554,0.058593039999999555
0.01947,0.05825740000000021,0.0494501199999993,0.04306496000000052
0.01948,0.04432936000000417,0.04524955999999718,0.03606379999999932
0.01949,0.059468719999999864,0.04800020000000028,0.03770855999999994
0.0195,0.047848920000002466,0.047938560000001296,0.03340371999999745
0.019510000000000003,0.040964560000005375,0.05801140000000077,0.037814400000004786
0.019520000000000003,0.045999920000005176,0.0444596000000014,0.041488440000003526
0.019530000000000002,0.04436888000000401,0.039437999999997364,0.040931320000001895
0.019540000000000002,0.043533160000003554,0.03889476000000144,0.04501684000000389
0.01955,0.043885320000004197,0.039933279999995824,0.030617680000000053
0.01956,0.05110540000000433,0.039400520000000425,0.04773516000000059
0.01957,0.06259288000000181,0.0364393999999971,0.03846167999999936
0.01958,0.044141879999998364,0.03750059999999883,0.03363919999999994
0.019590000000000003,0.049330679999998774,0.04579779999999662,0.025859439999997777
0.019600000000000003,0.04177684000000267,0.05469099999999782,0.049100240000002494
0.019610000000000002,0.04546344000000353,0.04638959999999934,0.059751640000001834
0.019620000000000002,0.049430040000003644,0.06024132000000004,0.044946680000003576
0.01963,0.04407876000000319,0.05957451999999999,0.03931675999999916
0.01964,0.04175116000000314,0.04397919999999808,0.041635200000002114
0.01965,0.04538728000000201,0.05104648000000024,0.0454135199999973
0.01966,0.03936192000000448,0.043852399999995975,0.03862783999999705
0.01967,0.03588660000000521,0.04058016000000002,0.04344896000000398
0.019680000000000003,0.04633028000000263,0.04907428000000014,0.047466599999999255
0.019690000000000003,0.03464836000000352,0.05930012000000102,0.05797659999999997
0.019700000000000002,0.040751160000002104,0.04010560000000237,0.057156559999999634
0.019710000000000002,0.051346560000003594,0.034054239999999854,0.05553804000000472
0.01972,0.05386888000000573,0.04177144000000104,0.05900631999999992
0.01973,0.04355668000000502,0.050094800000001584,0.03446399999999965
0.01974,0.03584480000000462,0.04503951999999993,0.04647724000000078
0.01975,0.036829720000004916,0.04792200000000304,0.026873280000001346
0.019760000000000003,0.0499700800000003,0.04332863999999917,0.0421215199999993
0.019770000000000003,0.044652280000004214,0.03904608000000381,0.04062139999999974
0.019780000000000002,0.03492140000000496,0.036126520000003125,0.045550799999999
0.019790000000000002,0.03200620000000419,0.04652604000000086,0.0363744000000023
0.0198,0.038640880000004756,0.05003380000000101,0.035555440000004955
0.01981,0.03778484000000082,0.0425228799999977,0.04334044000000485
0.01982,0.04162196000000548,0.042008000000002495,0.04158208000000429
0.01983,0.03863848000000556,0.06756708000000132,0.040356600000004496
0.01984,0.05497756000000127,0.04924920000000126,0.032849959999998096
0.019850000000000003,0.04778132000000538,0.056878480000003236,0.04132048000000186
0.019860000000000003,0.05611028000000493,0.036780000000002346,0.045367000000001954
0.019870000000000002,0.03947400000000542,0.05575156000000079,0.04353347999999998
0.019880000000000002,0.043114840000005775,0.05410484000000094,0.03863291999999916
0.01989,0.04094268000000567,0.05180512000000036,0.06034815999999972
0.0199,0.04889312000000457,0.03835232000000351,0.0680547200000012
0.01991,0.04788740000000538,0.03292528000000196,0.04826616000000073
0.01992,0.04380548000000252,0.033915319999999624,0.030386959999999238
0.019930000000000003,0.04188156000000347,0.04085660000000182,0.030424880000001684
0.019940000000000003,0.04505380000000362,0.03343999999999701,0.03385760000000321
0.019950000000000002,0.044706480000004815,0.042590400000000764,0.04928040000000068
0.019960000000000002,0.04369364000000571,0.03674747999999778,0.04489583999999995
0.01997,0.06527660000000061,0.036383640000001806,0.04612384000000431
0.01998,0.043351600000003,0.03546560000000136,0.03281072000000427
0.01999,0.05250092000000528,0.03991412000000115,0.03599227999999963
0.02,0.050720320000004704,0.04140095999999803,0.04396007999999935
0.02001,0.0537225600000036,0.04558812000000096,0.036694759999999584
0.020020000000000003,0.057768560000005444,0.03404336000000129,0.045828440000000484
0.020030000000000003,0.06493968000000179,0.04632659999999888,0.040310600000003964
0.020040000000000002,0.057014280000005545,0.023803520000000068,0.05435800000000053
0.020050000000000002,0.06393084000000349,0.025103240000000703,0.048348480000004246
0.02006,0.0504738800000049,0.029363400000003564,0.03124223999999875
0.02007,0.053089720000003185,0.034201559999999,0.04883456000000334
0.02008,0.04346416000000516,0.03930615999999652,0.04204268000000188
0.02009,0.06337176000000369,0.03677055999999579,0.05700460000000001
0.020100000000000003,0.04735676000000331,0.04525191999999796,0.05181728000000136
0.020110000000000003,0.050275280000003336,0.04228803999999567,0.04746219999999978
0.020120000000000002,0.03895944000000519,0.03836147999999712,0.049222360000000034
0.020130000000000002,0.03908052000000296,0.027929839999996164,0.04035455999999803
0.02014,0.053769320000004124,0.03337139999999899,0.04277100000000374
0.02015,0.04912652000000571,0.034835799999999466,0.03927812000000338
0.02016,0.04714768000000588,0.05103959999999922,0.041989560000004075
0.02017,0.052205880000003105,0.051186719999997014,0.04470727999999859
0.02018,0.04550188000000321,0.055235239999997576,0.04971175999999874
0.020190000000000003,0.05264772000000314,0.05262379999999966,0.052235399999999196
0.020200000000000003,0.04776772000000195,0.05293679999999832,0.03767552000000335
0.020210000000000002,0.04902468000000378,0.04595055999999828,0.04363656000000408
0.020220000000000002,0.05817828000000476,0.04454719999999975,0.04313983999999907
0.02023,0.048420840000002206,0.03911599999999895,0.04209312000000315
0.02024,0.04084608000000257,0.04078275999999683,0.03435095999999591
0.02025,0.03395192000000471,0.04593000000000182,0.04254219999999707
0.02026,0.03680456000000354,0.042593440000002064,0.04759591999999799
0.020270000000000003,0.04371052000000472,0.03826048000000395,0.04483220000000216
0.020280000000000003,0.04657400000000403,0.04244992000000098,0.04322772000000318
0.020290000000000002,0.047477280000003626,0.050876640000001444,0.044690839999999024
0.020300000000000002,0.03369320000000401,0.04926924000000288,0.044523039999997016
0.02031,0.0408750800000007,0.04084908000000084,0.04609747999999847
0.02032,0.045305679999998516,0.045470640000002276,0.051596999999998276
0.02033,0.048845199999998826,0.047607280000002,0.05215051999999826
0.02034,0.049869400000005525,0.05124860000000245,0.05648935999999609
0.02035,0.05516768000000484,0.05120772000000222,0.045416319999997685
0.020360000000000003,0.04057184000000477,0.04119803999999818,0.04661855999999717
0.020370000000000003,0.04101064000000446,0.06148428000000007,0.051100279999998235
0.020380000000000002,0.05079836000000156,0.04891708000000149,0.04288923999999884
0.020390000000000002,0.056565439999997386,0.03622143999999559,0.04822379999999738
0.0204,0.05611376000000275,0.03640251999999615,0.04546487999999906
0.02041,0.054468559999999666,0.046935959999998764,0.04185852000000031
0.02042,0.03590836000000332,0.03552484000000258,0.041205159999997
0.02043,0.04616464000000307,0.046091680000001314,0.04615688000000051
0.020440000000000003,0.03759900000000306,0.04620972000000063,0.03706508000000121
0.020450000000000003,0.04723096000000211,0.039910680000000455,0.03860396000000168
0.020460000000000002,0.05235824000000253,0.03285040000000177,0.05955115999999923
0.020470000000000002,0.04091904000000449,0.036479200000003785,0.06403591999999939
0.02048,0.03988440000000524,0.029382440000003854,0.059391759999996796
0.02049,0.039038240000004366,0.030455000000004114,0.053693479999998794
0.0205,0.0569364000000018,0.03752484000000134,0.04570684000000213
0.02051,0.04109751999999921,0.04017900000000237,0.03456531999999977
0.02052,0.039110480000003785,0.05468643999999787,0.041835480000002076
0.020530000000000003,0.04137292000000372,0.036838519999999375,0.04308719999999775
0.020540000000000003,0.030448320000003744,0.03438420000000187,0.03993227999999905
0.020550000000000002,0.046339320000003306,0.03233044000000406,0.027700640000002896
0.020560000000000002,0.04792504000000127,0.042565840000001916,0.044873880000003585
0.02057,0.03867328000000156,0.0425443600000025,0.05377668000000391
0.02058,0.048011239999999504,0.025606399999999065,0.04275940000000411
0.02059,0.041889559999999576,0.028288240000000252,0.050458559999999014
0.0206,0.03661232000000454,0.03474180000000191,0.03913515999999749
0.020610000000000003,0.04293652000000315,0.03396127999999682,0.044628519999998104
0.020620000000000003,0.036765120000004155,0.03286967999999694,0.058135799999999474
0.020630000000000003,0.030292160000005026,0.044163719999998144,0.041936759999998956
0.020640000000000002,0.029490080000004148,0.02708552000000136,0.0459974799999985
0.02065,0.02902976000000059,0.04617212000000032,0.05142603999999937
0.02066,0.043532400000002164,0.027859799999999754,0.040983799999997995
0.02067,0.030736480000005485,0.03347092000000065,0.036763519999998065
0.02068,0.04187572000000346,0.04682500000000075,0.04261867999999794
0.02069,0.04322388000000326,0.03944251999999969,0.046691840000003364
0.020700000000000003,0.05298908000000156,0.03360859999999966,0.04801223999999783
0.020710000000000003,0.04310772000000321,0.03556780000000003,0.03236888000000271
0.020720000000000002,0.047291640000003125,0.04039319999999683,0.026407719999997335
0.020730000000000002,0.041610600000002614,0.04115183999999818,0.03727427999999966
0.02074,0.04540760000000043,0.026297359999997674,0.04462544000000059
0.02075,0.04006344000000105,0.023468119999997025,0.04250571999999944
0.02076,0.04511184000000541,0.033825039999998634,0.03233100000000066
0.02077,0.04098024000000072,0.03451203999999887,0.03210032000000042
0.020780000000000003,0.03551455999999827,0.050361799999998694,0.03976728000000111
0.020790000000000003,0.0441838799999999,0.050931279999998545,0.05037780000000074
0.020800000000000003,0.05664860000000013,0.02379120000000021,0.037188160000000386
0.020810000000000002,0.040775720000004935,0.026268759999999364,0.032667519999998056
0.02082,0.0383154400000011,0.039592079999999606,0.04052651999999913
0.02083,0.04436956000000079,0.032850320000002216,0.030410720000002625
0.02084,0.03921184000000006,0.03382220000000193,0.05060704000000232
0.02085,0.04327155999999905,0.024882879999997394,0.03666735999999888
0.02086,0.04127076000000052,0.032442600000000356,0.030363479999996522
0.020870000000000003,0.0460633199999992,0.021891439999998024,0.04383452000000067
0.020880000000000003,0.054019199999999656,0.021568159999998438,0.03384476000000108
0.020890000000000002,0.04733231999999943,0.03865480000000319,0.03309088000000245
0.020900000000000002,0.04969419999999937,0.03575840000000326,0.041317360000002176
0.02091,0.03127200000000242,0.052245320000003356,0.047431199999997974
0.02092,0.051491920000002335,0.04346360000000431,0.031811200000002704
0.02093,0.043310440000002275,0.05285960000000436,0.036102919999997596
0.02094,0.05117080000000072,0.05294408000000395,0.03873544000000214
0.020950000000000003,0.055999560000000906,0.03246339999999943,0.03501191999999886
0.020960000000000003,0.03217164000000076,0.0559659199999993,0.044647999999998265
0.020970000000000003,0.029039880000003,0.0462065199999995,0.03872831999999999
0.020980000000000002,0.045102599999998993,0.024766240000002934,0.04408627999999737
0.02099,0.07003075999999987,0.041956400000001906,0.03292364000000328
0.021,0.04756147999999894,0.03367767999999915,0.04565552000000504
0.02101,0.04442188000000005,0.02363483999999697,0.03547632000000299
0.02102,0.030331040000003633,0.03206219999999982,0.043476600000002974
0.02103,0.03419984000000136,0.047237559999999075,0.04291692000000329
0.021040000000000003,0.04658996000000141,0.04380839999999879,0.04476719999999857
0.021050000000000003,0.026974480000002975,0.04473248000000292,0.04861311999999833
0.021060000000000002,0.04853764000000364,0.02700232000000091,0.03636667999999823
0.021070000000000002,0.04062419999999841,0.03784432000000197,0.04998787999999875
0.02108,0.051124919999998596,0.05905587999999842,0.049403679999998694
0.02109,0.03819951999999919,0.05540043999999803,0.06195720000000108
0.0211,0.04851859999999988,0.043582599999996766,0.052581760000000984
0.02111,0.033151960000003144,0.04341995999999953,0.04784811999999923
0.021120000000000003,0.03840516000000263,0.050545120000000526,0.04937423999999718
0.021130000000000003,0.0419676400000033,0.0508687999999997,0.0460943999999973
0.021140000000000003,0.05033580000000226,0.04668343999999787,0.039484639999997025
0.021150000000000002,0.0419072000000039,0.053191560000001664,0.025392160000003692
0.02116,0.03631096000000508,0.032809639999999224,0.04706895999999908
0.02117,0.04050128000000273,0.03529787999999899,0.03650279999999948
0.02118,0.043426600000003666,0.04427924000000136,0.04006568000000468
0.02119,0.042865559999998804,0.05431484000000201,0.04244452000000448
0.0212,0.039616840000003976,0.03979704000000231,0.04179520000000264
0.021210000000000003,0.041786320000003166,0.02489972000000439,0.03935364
0.021220000000000003,0.04076532000000539,0.042362200000001494,0.04205452000000023
0.021230000000000002,0.03525232000000523,0.03490996000000506,0.03207416000000271
0.021240000000000002,0.046312200000003606,0.02626424000000467,0.03988756000000393
0.02125,0.04037416000000122,0.027843560000000843,0.03330047999999929
0.02126,0.04878640000000397,0.0461304800000023,0.05702872000000019
0.02127,0.05720916000000164,0.042916640000002663,0.041053199999997056
0.02128,0.04535300000000294,0.04259048000000218,0.030541560000001276
0.021290000000000003,0.048394279999999984,0.036100280000001934,0.028714999999999512
0.021300000000000003,0.0427774400000001,0.03579115999999607,0.029873919999997618
0.021310000000000003,0.048735760000000544,0.041154280000002444,0.032315319999996886
0.021320000000000002,0.04011419999999925,0.0408853200000017,0.033156439999998635
0.021330000000000002,0.05142811999999942,0.043111400000001875,0.034503799999997704
0.02134,0.04763379999999742,0.03913184000000079,0.03607219999999895
0.02135,0.04621931999999729,0.049444240000002845,0.03820095999999871
0.02136,0.04218235999999726,0.0372185600000029,0.04215203999999661
0.02137,0.05471252000000215,0.036419519999997464,0.030108879999999706
0.021380000000000003,0.057743080000003874,0.03526619999999974,0.04107183999999894
0.021390000000000003,0.04647120000000385,0.033754559999997956,0.03818151999999948
0.021400000000000002,0.04877904000000396,0.044734079999997775,0.04716044000000165
0.021410000000000002,0.04250740000000526,0.048377079999998296,0.04318512000000338
0.02142,0.04635616000000299,0.04851108000000312,0.05638512000000399
0.02143,0.042957080000005525,0.047504439999998115,0.04818756000000108
0.02144,0.05318920000000118,0.050046759999999364,0.05533383999999873
0.02145,0.040263960000000674,0.03758231999999646,0.044030839999999134
0.021460000000000003,0.04202720000000004,0.04413559999999817,0.06268479999999936
0.021470000000000003,0.038068960000004384,0.03948856000000266,0.04863255999999581
0.021480000000000003,0.044650720000002975,0.043486959999998194,0.05833655999999786
0.021490000000000002,0.051522160000003696,0.040225639999998335,0.0467385199999993
0.021500000000000002,0.053166480000002354,0.03922188000000092,0.036981760000000155
0.02151,0.0693932400000048,0.0422166400000032,0.028502439999996906
0.02152,0.048796040000004426,0.06008303999999918,0.03561255999999992
0.02153,0.048262240000000074,0.07032512000000118,0.045654959999999065
0.02154,0.04319488000000329,0.04398227999999758,0.0482594000000012
0.021550000000000003,0.044335480000000274,0.03003791999999786,0.043371800000002014
0.021560000000000003,0.05321384000000483,0.04897631999999788,0.04303168000000182
0.021570000000000002,0.0437482400000036,0.051005799999997964,0.040360160000000214
0.021580000000000002,0.03209748000000491,0.03918259999999767,0.04090011999999727
0.02159,0.03828619999999937,0.04594879999999753,0.049547879999999184
0.0216,0.04875764000000441,0.03855939999999661,0.044940359999996515
0.02161,0.05337464000000496,0.0417024400000018,0.04057347999999751
0.02162,0.03828104000000012,0.05269796000000127,0.04477527999999949
0.021630000000000003,0.045983320000002756,0.03211031999999709,0.0440170799999988
0.021640000000000003,0.039849599999997945,0.04121887999999752,0.038194159999998305
0.021650000000000003,0.035895080000003764,0.0436339200000002,0.03352447999999808
0.021660000000000002,0.03344968000000266,0.05063707999999858,0.044464719999999014
0.021670000000000002,0.037179279999998614,0.0465359599999983,0.03136744000000016
0.02168,0.041225880000001075,0.04113651999999736,0.05047896000000151
0.02169,0.046502680000000386,0.03843003999999906,0.043801399999997825
0.0217,0.0446562800000028,0.04689532000000226,0.04489643999999809
0.02171,0.04591244000000463,0.03750539999999737,0.05128299999999987
0.021720000000000003,0.04257811999999901,0.040983879999998606,0.04297559999999924
0.021730000000000003,0.04047840000000239,0.055530840000002434,0.0397279199999992
0.021740000000000002,0.047524920000003586,0.05527067999999751,0.027298720000003922
0.021750000000000002,0.04779360000000294,0.05592475999999708,0.03645395999999895
0.02176,0.035367480000004343,0.054550599999997694,0.029930279999998977
0.02177,0.0458454800000026,0.05011855999999704,0.04559000000000485
0.02178,0.044761560000002885,0.053665479999998704,0.04096159999999966
0.02179,0.03472228000000085,0.04727215999999861,0.03820823999999922
0.021800000000000003,0.03645991999999787,0.053905799999998796,0.050704359999999934
0.021810000000000003,0.055396839999997546,0.051886639999998894,0.040347720000003584
0.021820000000000003,0.05303631999999833,0.04944415999999757,0.05107004000000032
0.021830000000000002,0.05724511999999954,0.05132003999999835,0.037655080000004996
0.021840000000000002,0.029806559999999236,0.04807536000000305,0.04806888000000428
0.02185,0.0386744400000027,0.0491296000000038,0.03437148000000277
0.02186,0.03869104000000458,0.0591638400000013,0.037060079999999246
0.02187,0.04185516000000221,0.04305552000000126,0.04336640000000055
0.02188,0.04063255999999945,0.03560340000000347,0.040806800000001156
0.021890000000000003,0.04782184000000388,0.051802919999997046,0.031206160000000045
0.021900000000000003,0.04238843999999892,0.05543208000000076,0.03413316000000416
0.021910000000000002,0.05118876000000124,0.04281856000000108,0.04574932000000363
0.021920000000000002,0.04964500000000074,0.03964852000000068,0.03777103999999943
0.02193,0.03730624000000246,0.03968228000000179,0.03248436000000502
0.02194,0.05443084000000235,0.04949635999999746,0.03332648000000373
0.02195,0.05075900000000357,0.03698160000000299,0.03126068000000077
0.02196,0.057413360000002835,0.02793268000000203,0.032253800000003156
0.021970000000000003,0.045956679999998,0.03511587999999806,0.0425805600000031
0.021980000000000003,0.036405679999997886,0.03527663999999782,0.03633304000000209
0.021990000000000003,0.03695035999999947,0.04350656000000094,0.042735160000003124
0.022000000000000002,0.03711092000000294,0.029180439999996536,0.03820424000000242
0.022010000000000002,0.028138680000002934,0.03489547999999744,0.028941680000001718
0.02202,0.033201520000000886,0.03719056000000156,0.04227528000000386
0.02203,0.041895520000001116,0.04608827999999837,0.03278328000000448
0.02204,0.029769400000004453,0.042719839999997664,0.04744696000000383
0.02205,0.050366680000001926,0.0464643999999979,0.04530224000000398
0.022060000000000003,0.037802200000004366,0.03920615999999745,0.048628839999999125
0.022070000000000003,0.045488360000004203,0.04166767999999997,0.0519774400000035
0.022080000000000002,0.05338556000000407,0.04566840000000216,0.0376898000000025
0.022090000000000002,0.04370592000000386,0.04161300000000122,0.04596271999999955
0.0221,0.040475480000003526,0.03334900000000132,0.05243256000000105
0.02211,0.03338024000000466,0.030150360000000705,0.05200880000000164
0.02212,0.03019008000000223,0.033612079999998594,0.03454648000000529
0.02213,0.04338252000000177,0.04622063999999751,0.027579240000003842
0.022140000000000003,0.04044720000000302,0.04024447999999902,0.057494720000002685
0.022150000000000003,0.04627712000000366,0.036375479999995894,0.0342870000000032
0.022160000000000003,0.028748960000003987,0.036712639999997285,0.03925700000000353
0.022170000000000002,0.033986000000003666,0.044749639999997266,0.029315839999998906
0.022180000000000002,0.03666912000000181,0.03329132000000216,0.020644440000001592
0.02219,0.023116360000004225,0.05978891999999857,0.03441548000000172
0.0222,0.03385824000000236,0.04246828000000341,0.036282320000003886
0.02221,0.04439128000000329,0.0379672400000027,0.040456040000002275
0.02222,0.04180664000000176,0.0410556000000034,0.03477800000000243
0.022230000000000003,0.035685840000001155,0.04179864000000276,0.02886623999999739
0.022240000000000003,0.03749920000000218,0.024420800000005474,0.037913640000003336
0.022250000000000002,0.04309756000000385,0.031978600000001633,0.03988864000000362
0.022260000000000002,0.04794312000000509,0.042266760000003005,0.03869840000000286
0.02227,0.056303000000004495,0.04088984000000267,0.03456872000000215
0.02228,0.056142120000005395,0.037987240000002254,0.02793896000000301
0.02229,0.044104240000000315,0.036058760000003534,0.027652600000002442
0.0223,0.04610288000000321,0.056819920000000364,0.028696160000002226
0.022310000000000003,0.058985600000003996,0.03677516000000297,0.04283791999999907
0.022320000000000003,0.0430211600000046,0.045419280000002234,0.045816839999998867
0.022330000000000003,0.04576744000000526,0.0363104800000031,0.0449757199999984
0.022340000000000002,0.043244560000004706,0.044186800000002996,0.04920631999999884
0.022350000000000002,0.049510560000004894,0.04260664000000333,0.051958159999997255
0.02236,0.043581120000004143,0.03570203999999803,0.039583800000001466
0.02237,0.05260408000000296,0.03261527999999846,0.04143148000000214
0.02238,0.05120444000000366,0.03999743999999764,0.037384600000003064
0.02239,0.048525840000003304,0.04411680000000035,0.02811924000000106
0.022400000000000003,0.05395964000000452,0.04571740000000106,0.02251495999999705
0.022410000000000003,0.037154960000004476,0.04041579999999761,0.03539827999999841
0.022420000000000002,0.043039360000002615,0.0463417599999982,0.04115819999999641
0.022430000000000002,0.03667012000000229,0.03936424000000039,0.04321095999999827
0.02244,0.038177639999999805,0.02801084000000515,0.03446119999999751
0.02245,0.03938028000000201,0.0318122000000032,0.032300199999997836
0.02246,0.045118920000003754,0.04860568000000211,0.030956439999997615
0.02247,0.045458640000003075,0.04865220000000451,0.03995251999999791
0.022480000000000003,0.025965480000002053,0.035370320000001794,0.04284115999999734
0.022490000000000003,0.04796411999999978,0.03540236000000349,0.04067180000000144
0.022500000000000003,0.02564312000000368,0.03486391999999948,0.040322560000002006
0.022510000000000002,0.059063440000000154,0.03428084000000047,0.040843240000003465
0.022520000000000002,0.03321320000000095,0.0366672800000003,0.05958059999999913
0.02253,0.04483244000000167,0.03402620000000192,0.049892959999998855
0.02254,0.05036456000000216,0.0401697600000039,0.04615563999999991
0.02255,0.04412531999999664,0.048355239999999876,0.040520520000000664
0.02256,0.03669287999999972,0.03705163999999895,0.054990000000000164
0.022570000000000003,0.036490159999999085,0.024208640000003518,0.04464479999999972
0.022580000000000003,0.023701320000001986,0.030075920000002622,0.03402892000000226
0.022590000000000002,0.030749280000000757,0.027988360000002765,0.04750271999999946
0.022600000000000002,0.029965399999999386,0.03462759999999672,0.03404943999999917
0.02261,0.03434607999999832,0.04313367999999788,0.02986415999999774
0.02262,0.05719535999999965,0.04889383999999807,0.030469960000002967
0.02263,0.03318539999999949,0.04534867999999832,0.04214492000000152
0.02264,0.06201048000000074,0.03617719999999927,0.02702871999999923
0.022650000000000003,0.06564456000000159,0.038619919999999246,0.04453896000000369
0.022660000000000003,0.03492944000000266,0.05131844000000263,0.04260851999999924
0.022670000000000003,0.04088367999999977,0.04150647999999773,0.03967868000000429
0.022680000000000002,0.029698319999996604,0.04431455999999695,0.04665780000000203
0.022690000000000002,0.03666475999999714,0.04516603999999957,0.0336212400000023
0.0227,0.02752520000000205,0.0484076799999987,0.034813919999999464
0.02271,0.040444600000000615,0.0498668400000012,0.036540519999999535
0.02272,0.03340880000000185,0.03817352000000071,0.03871739999999765
0.02273,0.03320880000000145,0.04831900000000149,0.049870440000000786
0.022740000000000003,0.045928119999998636,0.029367839999996433,0.035210200000002814
0.022750000000000003,0.03453939999999831,0.043307439999998,0.03743304000000381
0.022760000000000002,0.041902559999997736,0.04807031999999794,0.04501264000000422
0.022770000000000002,0.04100283999999841,0.045846359999997546,0.05460148000000338
0.02278,0.027943080000002157,0.03830011999999784,0.042076960000003945
0.02279,0.03911588000000304,0.042867439999996614,0.03749144000000396
0.0228,0.04338140000000221,0.03627367999999858,0.03866187999999913
0.02281,0.041950960000002604,0.04431472000000158,0.0479735599999991
0.022820000000000003,0.045343879999999816,0.049011320000001614,0.04689455999999907
0.022830000000000003,0.03950224000000472,0.04484715999999793,0.05382544000000199
0.022840000000000003,0.05598760000000394,0.04871015999999795,0.037008000000000346
0.022850000000000002,0.03364304000000247,0.04007383999999795,0.037869960000000584
0.022860000000000002,0.0424668400000048,0.04803427999999852,0.03634852000000042
0.02287,0.040974080000001044,0.04309052000000063,0.038915440000000585
0.02288,0.0362512400000041,0.027666559999996357,0.021822159999999115
0.02289,0.04341344000000062,0.03211908000000102,0.05094327999999975
0.0229,0.03963604000000322,0.05449515999999773,0.03389148000000197
0.022910000000000003,0.0416181200000041,0.03269040000000137,0.03891420000000013
0.022920000000000003,0.048507040000001014,0.03562323999999765,0.04850900000000392
0.022930000000000002,0.048377400000001104,0.02082524000000378,0.04233028000000427
0.022940000000000002,0.05130079999999968,0.035983159999996885,0.03876688000000401
0.02295,0.04058204000000092,0.027338799999998272,0.04639236000000457
0.02296,0.03170652000000201,0.03985112000000416,0.040300000000004464
0.02297,0.03522940000000075,0.03757680000000289,0.038157880000004814
0.02298,0.03356772000000086,0.03718908000000388,0.04702872000000477
0.022990000000000003,0.03252180000000436,0.032569399999999075,0.050629160000000895
0.023000000000000003,0.052187759999998626,0.03794696000000311,0.02542376000000444
0.023010000000000003,0.04356664000000401,0.030251040000002345,0.03387011999999993
0.023020000000000002,0.04635764000000379,0.0313940400000004,0.02128052000000333
0.023030000000000002,0.04380536000000061,0.03617403999999873,0.03078731999999871
0.02304,0.05091936000000031,0.02660199999999892,0.03803363999999923
0.02305,0.04733444000000234,0.03178459999999651,0.03625968000000352
0.02306,0.059246159999997626,0.051563240000001724,0.048802320000001
0.02307,0.044501520000001266,0.05839872000000155,0.03292827999999851
0.023080000000000003,0.03981216000000285,0.039927640000001235,0.04517460000000249
0.023090000000000003,0.03765100000000144,0.028686280000000893,0.037503760000004785
0.023100000000000002,0.034934959999998204,0.04216780000000091,0.041119360000004955
0.023110000000000002,0.052171839999997395,0.04114640000000105,0.038128720000004036
0.02312,0.033030720000000215,0.03289367999999912,0.03671616000000249
0.02313,0.02513960000000031,0.0397382000000022,0.03518224000000334
0.02314,0.044537759999997505,0.035073720000002424,0.03397880000000472
0.02315,0.03922291999999795,0.035305440000004726,0.04332320000000338
0.023160000000000004,0.03702659999999984,0.0362316000000054,0.03743440000000297
0.023170000000000003,0.04525551999999803,0.04316864000000394,0.06624739999999812
0.023180000000000003,0.04500876000000128,0.04967620000000409,0.06288439999999818
0.023190000000000002,0.03544256000000466,0.04945772000000506,0.049158559999998325
0.023200000000000002,0.04567156000000071,0.04998304000000468,0.049751039999998824
0.02321,0.032863360000003915,0.05777968000000498,0.03789083999999831
0.02322,0.03088708000000337,0.04512372000000431,0.04086607999999949
0.02323,0.035826840000002205,0.05137000000000227,0.030276239999998775
0.02324,0.031658360000003966,0.03885808000000321,0.038463120000001245
0.023250000000000003,0.05197040000000347,0.04326756000000103,0.029508040000003594
0.023260000000000003,0.04057104000000451,0.05537167999999905,0.05023580000000118
0.023270000000000002,0.0413384800000046,0.04760635999999846,0.05029903999999904
0.023280000000000002,0.03373507999999943,0.050219879999999814,0.033428599999998074
0.02329,0.039689160000004005,0.028387239999999255,0.026734280000004294
0.0233,0.039455440000003686,0.03808595999999922,0.040951040000004164
0.02331,0.04870072000000484,0.03429200000000075,0.037926000000003665
0.02332,0.04784068000000246,0.04479607999999839,0.034150640000003195
0.023330000000000004,0.03357736000000473,0.03447500000000038,0.03680916000000191
0.023340000000000003,0.03852860000000275,0.03695292000000239,0.026605400000004102
0.023350000000000003,0.0474695600000026,0.05272636000000322,0.0385331999999996
0.023360000000000002,0.04564308000000457,0.042580320000001406,0.026452520000001093
0.023370000000000002,0.04210036000000411,0.044642160000002463,0.03696876000000522
0.02338,0.050569720000003836,0.04166436000000166,0.035988680000000065
0.02339,0.050505760000004014,0.031279359999998195,0.05076940000000071
0.0234,0.050981920000005426,0.04332304000000187,0.0580769599999987
0.02341,0.05041256000000346,0.044716440000003285,0.04478928000000043
0.023420000000000003,0.04879116000000406,0.05035748000000128,0.046660600000002384
0.023430000000000003,0.06483852000000458,0.042090960000003105,0.042838840000001474
0.023440000000000003,0.05301476000000386,0.041294640000003775,0.048565840000004745
0.023450000000000002,0.049562360000003865,0.05419132000000419,0.05420232000000525
0.02346,0.05904268000000411,0.038558280000001686,0.05280596000000435
0.02347,0.04011912000000491,0.04295936000000165,0.04244840000000421
0.02348,0.04702764000000315,0.044925400000001184,0.0429357600000041
0.02349,0.03993420000000223,0.04607507999999873,0.03579144000000328
0.023500000000000004,0.037812719999999814,0.04031544000000169,0.04010312000000344
0.023510000000000003,0.04663716000000221,0.04761343999999776,0.0369578000000046
0.023520000000000003,0.05217823999999914,0.06056155999999777,0.04064740000000404
0.023530000000000002,0.05269884000000543,0.05649003999999812,0.0403477600000039
0.023540000000000002,0.056328040000000794,0.03913999999999639,0.04545364000000349
0.02355,0.04231831999999983,0.03474499999999709,0.0348035200000033
0.02356,0.05933980000000302,0.04752891999999849,0.040855480000004565
0.02357,0.05806392000000331,0.0551295199999996,0.03603780000000486
0.02358,0.057268320000004085,0.055601879999999805,0.03532008000000403
0.023590000000000003,0.05056696000000088,0.04545367999999964,0.022941520000003556
0.023600000000000003,0.04025276000000219,0.04870279999999878,0.037749200000003924
0.023610000000000003,0.04185808000000398,0.060315919999999114,0.04109744000000296
0.023620000000000002,0.04259135999999978,0.049472679999998756,0.03739960000000479
0.02363,0.039596920000003255,0.03659307999999851,0.04449632000000518
0.02364,0.03836364000000455,0.051159519999999445,0.05299256000000412
0.02365,0.03827932000000454,0.055943880000003575,0.051612800000003525
0.02366,0.05286952000000492,0.05023892000000046,0.04348052000000054
0.023670000000000004,0.044122240000003275,0.04063087999999877,0.04800660000000253
0.023680000000000003,0.04083460000000258,0.055130599999998774,0.044699880000002336
0.023690000000000003,0.041202320000000216,0.03209228000000108,0.0426450799999986
0.023700000000000002,0.03196464000000327,0.0510102800000008,0.03445055999999853
0.023710000000000002,0.032203160000003436,0.04332928000000086,0.04092680000000325
0.02372,0.050425720000005406,0.0548407199999987,0.04509535999999763
0.02373,0.04249732000000365,0.05166311999999648,0.04215436000000271
0.02374,0.043559920000001834,0.05022191999999704,0.05036812000000068
0.02375,0.05223956000000473,0.0323350399999959,0.0519719200000006
0.023760000000000003,0.04789584000000444,0.03552863999999679,0.04952108000000486
0.023770000000000003,0.03901364000000168,0.045278000000001546,0.051326800000004766
0.023780000000000003,0.0437649200000022,0.05440171999999761,0.04445872000000468
0.023790000000000002,0.034734720000005256,0.03373695999999841,0.052067160000004074
0.0238,0.044625680000003734,0.04321091999999771,0.049086440000005276
0.02381,0.0464002400000035,0.0418412799999993,0.04716320000000381
0.02382,0.03680908000000543,0.045150480000001256,0.048996800000002325
0.02383,0.05202807999999993,0.05327952000000074,0.04587832000000354
0.023840000000000004,0.046468159999999696,0.04605548000000108,0.03800012000000015
0.023850000000000003,0.04461020000000295,0.02879840000000096,0.04087568000000262
0.023860000000000003,0.03656384000000052,0.0365865599999967,0.037193719999999084
0.023870000000000002,0.03349792000000491,0.036737480000002876,0.02857436000000001
0.023880000000000002,0.04527180000000407,0.029865600000003222,0.04684267999999983
0.02389,0.04718176000000392,0.023420399999996733,0.0394914400000019
0.0239,0.03729787999999861,0.04833367999999909,0.0348393200000034
0.02391,0.04386875999999872,0.04170603999999789,0.039668520000003954
0.02392,0.03657907999999943,0.03498143999999778,0.04276595999999943
0.023930000000000003,0.030994279999998674,0.03739175999999805,0.05497280000000442
0.023940000000000003,0.03642708000000047,0.03843680000000175,0.041909000000000446
0.023950000000000003,0.037350520000002836,0.04265000000000077,0.053276080000001044
0.023960000000000002,0.04357060000000266,0.03696687999999822,0.048031520000000105
0.02397,0.03677864000000357,0.040962720000000695,0.03338783999999844
0.02398,0.04848688000000329,0.034516760000001125,0.04096415999999957
0.02399,0.038640520000001455,0.05264524000000148,0.04389387999999851
0.024,0.0458862400000015,0.03602588000000282,0.04237991999999855
0.024010000000000004,0.04793748000000505,0.0322457600000014,0.04086275999999572
0.024020000000000003,0.04425636000000496,0.025180279999997165,0.041597559999998604
0.024030000000000003,0.0459248000000042,0.04163687999999889,0.04300739999999694
0.024040000000000002,0.0505093599999993,0.029567120000003434,0.05341891999999932
0.024050000000000002,0.035040880000003695,0.038420639999999354,0.05683135999999979
0.02406,0.04034019999999897,0.04362748000000014,0.04697467999999997
0.02407,0.042933160000000505,0.027550840000004125,0.05785708000000298
0.02408,0.04014332000000488,0.030892839999998093,0.04168616000000339
0.02409,0.044379760000004015,0.03241384000000233,0.04687976000000412
0.024100000000000003,0.04867348000000335,0.04240804000000124,0.0324978399999994
0.024110000000000003,0.05406200000000297,0.03154272000000204,0.03680840000000121
0.024120000000000003,0.05127384000000395,0.04985740000000249,0.03189395999999734
0.024130000000000002,0.042376800000005196,0.045074200000002305,0.02925551999999768
0.02414,0.04395720000000467,0.03863776000000387,0.03681360000000208
0.02415,0.049497960000000375,0.025096559999999154,0.043953160000003114
0.02416,0.047562080000004815,0.035996000000002436,0.04177368000000335
0.02417,0.04674872000000583,0.04536608000000352,0.03813240000000326
0.024180000000000004,0.04891732000000347,0.03849711999999884,0.04108096000000367
0.024190000000000003,0.054239560000003156,0.03606392000000188,0.027943920000002682
0.024200000000000003,0.0413252400000052,0.035733639999998464,0.0388746800000045
0.024210000000000002,0.04305236000000484,0.04237135999999822,0.039574680000004095
0.024220000000000002,0.042973640000000805,0.05034031999999797,0.04854352000000316
0.02423,0.045471199999999906,0.04509859999999801,0.030134160000002495
0.02424,0.043355200000003986,0.03780151999999933,0.03872712000000323
0.02425,0.04285080000000063,0.04335127999999656,0.03874324000000189
0.02426,0.04351072000000509,0.032847159999998196,0.05122580000000457
0.024270000000000003,0.04189564000000463,0.034977119999997974,0.045856480000004356
0.024280000000000003,0.040234800000004796,0.04498659999999591,0.032569360000005494
0.024290000000000003,0.039033440000003534,0.03945360000000053,0.03129048000000308
0.024300000000000002,0.04028844000000413,0.0399878000000009,0.05699324000000239
0.024310000000000002,0.046835520000000914,0.029742439999997056,0.03374664000000396
0.02432,0.03746939999999854,0.038699880000001526,0.0507555199999994
0.02433,0.04101624000000041,0.024509639999995912,0.04777664000000018
0.02434,0.052089040000003056,0.035587440000002725,0.031137999999999392
0.024350000000000004,0.040061800000003325,0.03583480000000278,0.04264591999999973
0.024360000000000003,0.049238400000003624,0.04958335999999938,0.04384160000000038
0.024370000000000003,0.04075780000000388,0.04947003999999945,0.0387853600000007
0.024380000000000002,0.05727292000000341,0.04964419999999954,0.05020000000000003
0.024390000000000002,0.04885004000000316,0.04516988000000361,0.041148040000000836
0.0244,0.03930768000000261,0.050280040000004224,0.04004820000000321
0.02441,0.0361066400000052,0.055747320000004284,0.032980080000002854
0.02442,0.05321823999999989,0.05905468000000491,0.04524992000000135
0.02443,0.046089880000004566,0.055034840000004304,0.03353968000000151
0.024440000000000003,0.03160068000000558,0.0539087200000048,0.0561800799999996
0.024450000000000003,0.03875688000000551,0.05346020000000408,0.04939851999999844
0.024460000000000003,0.039599600000001754,0.052292560000004276,0.06148671999999751
0.024470000000000002,0.052334400000002924,0.03784080000000379,0.04719328000000135
0.024480000000000002,0.041576080000001465,0.03203552000000286,0.039341520000003675
0.02449,0.030503160000003384,0.034063880000003564,0.03830115999999562
0.0245,0.03704516000000444,0.049392640000004276,0.04043836000000272
0.02451,0.04097100000000271,0.03574387999999947,0.03188768000000471
0.024520000000000004,0.042074760000004124,0.046197680000000046,0.03099119999999949
0.024530000000000003,0.04196752000000014,0.050827640000001714,0.045242879999999014
0.024540000000000003,0.0404001600000001,0.042502640000003485,0.04028912000000291
0.024550000000000002,0.04225600000000457,0.04947839999999824,0.028886120000002635
0.024560000000000002,0.03351511999999978,0.04412543999999585,0.032835039999998754
0.02457,0.03962756000000018,0.05500791999999878,0.044792160000000775
0.02458,0.03887535999999936,0.03497195999999556,0.04395063999999927
0.02459,0.049399199999998006,0.04346359999999876,0.058315799999999716
0.0246,0.03621408000000511,0.04590455999999839,0.036525200000000244
0.024610000000000003,0.03842428000000072,0.046944919999999404,0.04455224000000197
0.024620000000000003,0.03714291999999864,0.03956803999999763,0.04323520000000404
0.024630000000000003,0.033077799999999706,0.04044019999999777,0.03170883999999991
0.024640000000000002,0.04264783999999849,0.03740923999999733,0.035484240000002595
0.024650000000000002,0.04489287999999871,0.04109539999999841,0.029346080000004264
0.02466,0.047805639999999865,0.04841996000000269,0.0318098799999993
0.02467,0.051251920000003476,0.03629815999999807,0.03872303999999926
0.02468,0.0548826400000028,0.03458835999999897,0.0298775200000028
0.024690000000000004,0.046313200000003905,0.043804399999998536,0.03950328000000374
0.024700000000000003,0.03981520000000471,0.043340280000003235,0.0467132000000034
0.024710000000000003,0.038166520000004055,0.03457420000000308,0.048837520000003555
0.024720000000000002,0.03174492000000313,0.039188040000002165,0.0515409200000023
0.024730000000000002,0.04348847999999927,0.04069603999999817,0.04994872000000316
0.02474,0.04337816000000283,0.04666379999999769,0.04742248000000337
0.02475,0.045457720000001804,0.04274279999999754,0.031455920000005085
0.02476,0.04860212000000255,0.0341911199999985,0.04963383999999754
0.02477,0.0514006399999986,0.03155903999999869,0.05838860000000346
0.024780000000000003,0.043977680000005515,0.03803848000000381,0.050280360000003715
0.024790000000000003,0.03544432000000568,0.04605972000000145,0.052317919999998914
0.024800000000000003,0.039542560000001094,0.044138160000004714,0.053735480000003305
0.024810000000000002,0.04689188000000202,0.03458299999999866,0.04268440000000324
0.024820000000000002,0.04285232000000614,0.02853132000000426,0.03328848000000271
0.02483,0.0443111200000054,0.033037720000003656,0.03939156000000333
0.02484,0.0391729200000055,0.03924748000000017,0.029230960000002745
0.02485,0.042879200000004856,0.04361368000000057,0.039065320000001555
0.024860000000000004,0.04465352000000424,0.040640599999998354,0.0390509200000034
0.024870000000000003,0.040920600000004706,0.05126488000000245,0.039133160000003796
0.024880000000000003,0.041722440000006154,0.05054152000000292,0.038082040000002586
0.024890000000000002,0.03202856000000538,0.04987672000000294,0.039199200000002675
0.024900000000000002,0.04678072000000545,0.03450160000000174,0.033829560000003735
0.02491,0.05189956000000508,0.05179975999999845,0.032990280000000274
0.02492,0.04724960000000356,0.05246571999999885,0.0426854800000049
0.02493,0.04080304000000575,0.037564920000002305,0.054595800000002526
0.02494,0.03886116000000379,0.034722039999997435,0.040997400000002994
0.024950000000000003,0.03766260000000391,0.034728800000002884,0.04073472000000053
0.024960000000000003,0.03508720000000526,0.04381544000000344,0.04811672000000474
0.024970000000000003,0.04998948000000253,0.04584588000000253,0.047521360000000845
0.024980000000000002,0.05027756000000463,0.06122475999999901,0.0372865600000002
0.024990000000000002,0.04285060000000325,0.04582671999999857,0.04518131999999906
0.025,0.037537600000005465,0.049774399999998435,0.040221839999999655
0.02501,0.03944964000000456,0.049594439999997374,0.039560920000002546
0.02502,0.042250240000005074,0.048832320000001844,0.0402288800000054
0.025030000000000004,0.047096080000005,0.04045640000000287,0.04291168000000443
0.025040000000000003,0.04332460000000563,0.045265960000002554,0.03472172000000407
0.025050000000000003,0.03902260000000502,0.0293107600000023,0.03985392000000319
0.025060000000000002,0.04777476000000365,0.04764632000000154,0.03777172000000515
0.025070000000000002,0.05146596000000306,0.039879960000001644,0.03942716000000071
0.02508,0.06207020000000308,0.0450230000000034,0.04288488000000523
0.02509,0.04747264000000525,0.04270672000000366,0.04392219999999978
0.0251,0.04133139999999997,0.036317400000004725,0.047956200000003064
0.02511,0.06265032000000034,0.036050519999999114,0.05879912000000361
0.025120000000000003,0.05389016000000311,0.03173643999999774,0.03326760000000332
0.025130000000000003,0.049912680000001965,0.04032695999999833,0.057278160000003756
0.025140000000000003,0.0538046800000059,0.03725103999999849,0.049535640000003184
0.025150000000000002,0.0457323200000057,0.037896160000000165,0.04654312000000075
0.025160000000000002,0.050333600000003725,0.05415543999999792,0.05924032000000097
0.02517,0.042029680000003414,0.034177239999999214,0.056543600000000645
0.02518,0.04946188000000257,0.03533063999999702,0.037556080000004724
0.02519,0.039056040000004795,0.056438959999999434,0.04680944000000183
0.025200000000000004,0.049322239999999566,0.042924239999997865,0.04150828000000428
0.025210000000000003,0.04932108000000041,0.04723923999999749,0.03494380000000333
0.025220000000000003,0.04318843999999973,0.03787684000000019,0.04061956000000381
0.025230000000000002,0.04626976000000086,0.056826400000001755,0.04948664000000362
0.025240000000000002,0.04430103999999922,0.04624172000000143,0.05189300000000376
0.02525,0.03898384000000443,0.03215656000000104,0.05488300000000399
0.02526,0.056501600000000304,0.039714800000001826,0.054560160000003875
0.02527,0.03904676000000453,0.0486500800000024,0.04961084000000371
0.02528,0.03323340000000389,0.058788200000004835,0.0460568800000032
0.025290000000000003,0.03082244000000489,0.0411244400000034,0.041558600000004935
0.025300000000000003,0.04188800000000369,0.035897960000003525,0.04190976000000418
0.025310000000000003,0.029942800000003673,0.03289372000000344,0.039466880000003264
0.025320000000000002,0.0321508400000004,0.05242048000000374,0.05328108000000489
0.025330000000000002,0.03620208000000495,0.03358127999999892,0.04914200000000498
0.02534,0.04023436000000294,0.038060240000000876,0.04188752000000515
0.02535,0.04655812000000221,0.03295175999999626,0.04127260000000335
0.02536,0.044024840000005235,0.03268507999999583,0.04020699999999997
0.025370000000000004,0.040306560000003884,0.045908799999999125,0.03799155999999915
0.025380000000000003,0.03390796000000373,0.03596147999999714,0.04642656000000403
0.025390000000000003,0.046757280000003315,0.05954964000000017,0.047534320000004376
0.025400000000000002,0.04462028000000479,0.05060279999999733,0.044032720000002586
0.025410000000000002,0.03808708000000431,0.06500279999999754,0.04542860000000286
0.02542,0.036151599999999735,0.058381720000002184,0.043009840000003643
0.02543,0.050323280000002815,0.06098271999999716,0.04693552000000451
0.02544,0.040182960000002294,0.048582719999997005,0.04609356000000447
0.02545,0.04348632000000368,0.04614591999999749,0.04784376000000207
0.025460000000000003,0.04448256000000132,0.04849651999999852,0.0420196000000034
0.025470000000000003,0.05060780000000008,0.04046511999999844,0.05148356000000344
0.025480000000000003,0.04021584000000264,0.04342223999999887,0.047645240000002954
0.025490000000000002,0.04772388000000307,0.052312280000001155,0.048792440000002525
0.025500000000000002,0.05640472000000282,0.034180760000003634,0.03647348000000472
0.02551,0.06957520000000328,0.04430747999999926,0.04130152000000334
0.02552,0.049348000000002924,0.040248439999998886,0.05034048000000333
0.02553,0.044671800000003016,0.037612039999999555,0.05073780000000439
0.025540000000000004,0.04813148000000299,0.04757027999999804,0.05990212000000445
0.025550000000000003,0.041398560000003644,0.04367439999999882,0.04789164000000379
0.025560000000000003,0.03767108000000269,0.049812080000000904,0.04464924000000239
0.025570000000000002,0.04333776000000308,0.04560295999999916,0.04037452000000313
0.025580000000000002,0.040027520000003106,0.035285319999998635,0.038193920000003274
0.02559,0.04151140000000279,0.024803199999998075,0.04548240000000196
0.0256,0.03341376000000409,0.02154968000000432,0.03991172000000025
0.02561,0.04460436000000332,0.03237692000000168,0.048167519999999714
0.02562,0.05066303999999837,0.04256528000000099,0.05245555999999773
0.025630000000000003,0.0411363600000029,0.03445771999999602,0.04820903999999985
0.025640000000000003,0.04960584000000429,0.040483279999999136,0.04374260000000081
0.025650000000000003,0.041325839999998185,0.03805523999999871,0.0482562400000004
0.025660000000000002,0.04202687999999844,0.04287808000000033,0.044869719999999336
0.025670000000000002,0.03904000000000283,0.05575403999999892,0.04792755999999966
0.02568,0.03592163999999705,0.038275799999998465,0.047850600000005475
0.02569,0.04451052000000024,0.04801843999999864,0.04587500000000521
0.0257,0.047056840000003534,0.02408007999999802,0.052100360000001324
0.025710000000000004,0.04626488000000273,0.026201319999998734,0.05906879999999909
0.025720000000000003,0.04665635999999891,0.025319960000000828,0.04721799999999968
0.025730000000000003,0.051163359999998125,0.030114319999997415,0.05197207999999844
0.025740000000000002,0.04693252000000347,0.04395951999999703,0.04515720000000068
0.025750000000000002,0.05173252000000349,0.04168192000000266,0.039644960000004364
0.02576,0.06174392000000224,0.038482479999999236,0.04780587999999944
0.02577,0.06583567999999844,0.035885640000003015,0.047529720000003856
0.02578,0.053004839999998284,0.032569000000001964,0.03796580000000264
0.02579,0.05466979999999776,0.04121692000000153,0.04998247999999875
0.025800000000000003,0.05437968000000213,0.03737512000000251,0.036249359999998045
0.025810000000000003,0.051921360000002977,0.046008120000002546,0.03946931999999836
0.025820000000000003,0.0534196400000033,0.04709456000000468,0.047501479999999534
0.025830000000000002,0.058690639999997886,0.06427864000000387,0.04072732000000444
0.025840000000000002,0.04564648000000315,0.058632520000004566,0.04033396000000064
0.02585,0.0394868400000008,0.04370240000000251,0.03270756000000502
0.02586,0.04211479999999736,0.04580304000000191,0.04791248000000304
0.02587,0.03717332000000424,0.039259960000005326,0.04687728000000339
0.025880000000000004,0.046951240000003246,0.04615596000000313,0.038866720000005274
0.025890000000000003,0.060674320000003217,0.051833200000004125,0.04596320000000501
0.025900000000000003,0.04724696000000352,0.04348688000000475,0.05032844000000545
0.025910000000000002,0.04699236000000372,0.042802680000003215,0.0428317200000048
0.025920000000000002,0.052533320000003526,0.05872944000000445,0.06105308000000361
0.02593,0.05413736000000227,0.0582570800000043,0.04631036000000284
0.02594,0.06632372000000251,0.04884508000000088,0.04476724000000243
0.02595,0.05321580000000211,0.02593924000000304,0.04200464000000206
0.02596,0.0557335600000011,0.04257680000000206,0.045482440000002324
0.025970000000000003,0.041636160000004724,0.0490016400000027,0.04636344000000317
0.025980000000000003,0.046610880000002006,0.038586480000005356,0.03558832000000342
0.025990000000000003,0.034705960000002985,0.046686320000004555,0.03397984000000542
0.026000000000000002,0.04261372000000003,0.03959372000000309,0.04367964000000424
0.026010000000000002,0.047426680000003454,0.04085612000000453,0.054665400000003084
0.02602,0.050284000000003576,0.046605240000004045,0.05731256000000499
0.02603,0.04041548000000307,0.04349684000000344,0.04399304000000425
0.02604,0.04309572000000303,0.04071615999999848,0.052833840000005024
0.026050000000000004,0.04798688000000464,0.0461170799999995,0.0489222000000054
0.026060000000000003,0.04901920000000187,0.05550315999999961,0.050868600000004656
0.026070000000000003,0.04222868000000389,0.03692144000000344,0.04750576000000577
0.026080000000000002,0.05054732000000225,0.03482440000000223,0.05096560000000546
0.026090000000000002,0.041806880000005216,0.035872039999999224,0.053892400000005114
0.0261,0.05597032000000435,0.05242107999999953,0.04228572000000608
0.02611,0.0554601600000003,0.07489692000000014,0.053471240000003736
0.02612,0.05819928000000543,0.06043183999999948,0.04345088000000609
0.02613,0.061034320000004756,0.05216287999999989,0.05401736000000527
0.026140000000000004,0.04473872000000564,0.04191091999999719,0.044638480000000966
0.026150000000000003,0.03665736000000389,0.05142915999999944,0.04907220000000052
0.026160000000000003,0.03826140000000359,0.04017227999999935,0.04607500000000051
0.026170000000000002,0.04143812000000225,0.03496467999999668,0.044670880000000794
0.026180000000000002,0.03460192000000333,0.03325788000000289,0.03679076000000521
0.02619,0.027258040000005302,0.026728839999998158,0.04568656000000521
0.0262,0.027045640000005314,0.03688012000000106,0.0541802399999995
0.02621,0.03222304000000503,0.03353723999999747,0.041057239999999925
0.026220000000000004,0.02785000000000498,0.04425556000000243,0.042351640000003875
0.026230000000000003,0.043918280000002356,0.037061280000002424,0.04600400000000423
0.026240000000000003,0.04376376000000186,0.05310092000000182,0.0359285600000053
0.026250000000000002,0.058803280000002754,0.04754767999999708,0.04945344000000137
0.026260000000000002,0.05149044000000286,0.048149159999998796,0.05270876000000157
0.02627,0.0541556800000024,0.0486830400000019,0.05306948000000282
0.02628,0.05244348000000223,0.05526828000000283,0.043412240000005
0.02629,0.04800224000000427,0.04316784000000225,0.0479337200000036
0.0263,0.04026316000000259,0.049110079999996996,0.045923040000002795
0.026310000000000004,0.04631008000000316,0.03985459999999976,0.04343444000000453
0.026320000000000003,0.053992320000003105,0.05361759999999847,0.04772060000000352
0.026330000000000003,0.05330976000000202,0.04551231999999854,0.04579060000000339
0.026340000000000002,0.057006360000002476,0.04746188000000213,0.03701672000000504
0.026350000000000002,0.04359528000000179,0.05671668000000244,0.04537452000000386
0.02636,0.04777676000000354,0.05025684000000361,0.04762976000000341
0.02637,0.056317440000003625,0.039942840000002616,0.04061528000000345
0.02638,0.04041211999999679,0.04470532000000274,0.04289104000000321
0.026390000000000004,0.0398603200000025,0.033228880000003694,0.0421874400000048
0.026400000000000003,0.043011000000002415,0.03822872000000014,0.04651668000000519
0.026410000000000003,0.04216980000000387,0.047949960000004316,0.04806368000000279
0.026420000000000003,0.03773524000000261,0.04979336000000261,0.03601464000000334
0.026430000000000002,0.04907551999999909,0.054971720000002416,0.04759404000000525
0.02644,0.04191027999999859,0.06657172000000289,0.041931040000005096
0.02645,0.0419212799999981,0.05450323999999964,0.047886360000002084
0.02646,0.04397536000000006,0.047491159999999165,0.04483504000000451
0.02647,0.03596292000000231,0.032824279999996805,0.041603280000003184
0.026480000000000004,0.0399048399999982,0.04768592000000198,0.043785000000005105
0.026490000000000003,0.040485799999998545,0.03137948000000146,0.04713296000000519
0.026500000000000003,0.05796091999999774,0.040104960000001744,0.04620556000000576
0.026510000000000002,0.05040307999999903,0.03513183999999762,0.05770224000000531
0.026520000000000002,0.05171847999999966,0.036894600000001304,0.05119408000000415
0.02653,0.04250536000000317,0.03495820000000216,0.05076428000000383
0.02654,0.04911332000000118,0.02619416000000343,0.03559396000000332
0.02655,0.051099560000002466,0.038125919999999446,0.03810180000000359
0.026560000000000004,0.04717316000000248,0.03735063999999594,0.043900680000001115
0.026570000000000003,0.04486344000000204,0.037005640000002074,0.04032460000000438
0.026580000000000003,0.040996320000001946,0.045278680000003305,0.05962632000000462
0.026590000000000003,0.0321110799999992,0.04389900000000347,0.0552962400000043
0.026600000000000002,0.039995760000001594,0.04351767999999916,0.05442772000000405
0.02661,0.048406280000001474,0.03348407999999698,0.043915600000004155
0.02662,0.04212152000000289,0.04053524000000245,0.043816160000003754
0.02663,0.054387560000003554,0.021599519999997957,0.03999768000000528
0.02664,0.04731720000000504,0.035430760000001234,0.04654444000000388
0.026650000000000004,0.03756420000000319,0.039813320000002775,0.044440240000003274
0.026660000000000003,0.040876200000004935,0.03720352000000233,0.044281760000004805
0.026670000000000003,0.048368240000002706,0.04514079999999783,0.040224000000005464
0.026680000000000002,0.06756096000000361,0.0359893199999987,0.04425808000000429
0.026690000000000002,0.04610128000000307,0.03255044000000284,0.05079432000000513
0.0267,0.048051000000003036,0.033117999999997795,0.054366640000003276
0.02671,0.04039084000000254,0.043813599999997475,0.04897808000000461
0.02672,0.03368887999999832,0.02760179999999789,0.03365644000000313
0.026730000000000004,0.03984788000000257,0.037498959999998575,0.06699692000000297
0.026740000000000003,0.04129675999999989,0.05750823999999989,0.06810636000000206
0.026750000000000003,0.04273511999999814,0.05763220000000085,0.0480856400000038
0.026760000000000003,0.05453039999999837,0.04717480000000049,0.04504980000000458
0.026770000000000002,0.04868499999999673,0.03231660000000308,0.06011632000000363
0.02678,0.053202000000000596,0.04254512000000316,0.06115664000000355
0.02679,0.03999359999999799,0.03755656000000286,0.06172608000000264
0.0268,0.03665196000000044,0.04579404000000444,0.052757520000005755
0.02681,0.05772036000000046,0.042299880000003336,0.05149780000000553
0.026820000000000004,0.04995331999999914,0.05674180000000352,0.05194812000000424
0.026830000000000003,0.055367839999997344,0.04199548000000309,0.04362596000000353
0.026840000000000003,0.04992240000000077,0.055180760000000925,0.03839828000000329
0.026850000000000002,0.03357183999999831,0.03892643999999872,0.04244488000000066
0.026860000000000002,0.03958215999999812,0.03577312000000383,0.03573908000000031
0.02687,0.04677904000000028,0.04275064000000085,0.037062320000004985
0.02688,0.045977239999998275,0.041559119999999956,0.054930399999999845
0.02689,0.03976252000000128,0.04645688000000351,0.0421580400000008
0.026900000000000004,0.03958456000000338,0.029557519999999976,0.05873604000000164
0.026910000000000003,0.03352816000000552,0.03399096000000068,0.043667760000000784
0.026920000000000003,0.031641040000004325,0.04470508000000251,0.03737688000000215
0.026930000000000003,0.04540667999999994,0.045810760000002365,0.043680280000002555
0.026940000000000002,0.03444856000000002,0.03799172000000153,0.028961640000004365
0.02695,0.041864679999999974,0.04273692000000162,0.048330760000002984
0.02696,0.03924720000000296,0.04597032000000175,0.04564272000000395
0.02697,0.03343336000000455,0.04229275999999703,0.04567892000000464
0.02698,0.036773280000003454,0.040473439999998535,0.0418168000000045
0.026990000000000004,0.03284652000000293,0.042893000000001846,0.03564844000000537
0.027000000000000003,0.03138136000000379,0.03989188000000281,0.03615960000000175
0.027010000000000003,0.03716163999999714,0.03288744000000489,0.036236919999998535
0.027020000000000002,0.03940936000000072,0.0338757599999999,0.044634320000001636
0.027030000000000002,0.050122720000003194,0.04241884000000212,0.049032719999999114
0.02704,0.04405684000000574,0.03277368000000173,0.05271551999999706
0.02705,0.03493296000000437,0.03834216000000085,0.04151156000000068
0.02706,0.030008160000004676,0.04196884000000398,0.027363000000000182
0.027070000000000004,0.03680904000000312,0.03681564000000408,0.02822056000000306
0.027080000000000003,0.03530296000000382,0.037240800000003266,0.032597480000000005
0.027090000000000003,0.05089948000000379,0.04275900000000384,0.029606680000004104
0.027100000000000003,0.047104360000002475,0.04295500000000469,0.04509424000000052
0.027110000000000002,0.03321044000000389,0.057250200000004046,0.04038348000000225
0.027120000000000002,0.0331234800000041,0.044810080000004165,0.03489460000000291
0.02713,0.025068319999998676,0.04631836000000254,0.04399456000000291
0.02714,0.033861400000003365,0.05833504000000301,0.04738332000000199
0.02715,0.02908299999999929,0.052393000000002424,0.05312224000000359
0.027160000000000004,0.03260672000000188,0.04633128000000497,0.038030560000004696
0.027170000000000003,0.045772360000002704,0.04754728000000411,0.046469199999999135
0.027180000000000003,0.037796280000002,0.03464884000000385,0.052066279999999195
0.027190000000000002,0.03551235999999827,0.04023120000000005,0.050566840000001965
0.027200000000000002,0.041867880000004895,0.040722520000005584,0.04117892000000226
0.02721,0.0288222400000017,0.039927560000001174,0.03847375999999782
0.02722,0.027813200000005638,0.03059868000000503,0.04821208000000244
0.02723,0.033736000000002896,0.026028640000004898,0.061687320000003085
0.027240000000000004,0.03457940000000411,0.03310352000000199,0.049167479999998105
0.027250000000000003,0.0362385600000051,0.04618016000000219,0.04893476000000212
0.027260000000000003,0.038663240000004685,0.028433680000001935,0.06571652000000133
0.027270000000000003,0.03848296000000556,0.03952812000000313,0.05746780000000291
0.027280000000000002,0.0412676000000041,0.035459399999999926,0.05576452000000324
0.027290000000000002,0.044234120000000814,0.03706055999999833,0.06271820000000398
0.0273,0.04581459999999997,0.02995216000000336,0.07306064000000356
0.02731,0.03608572,0.03427331999999758,0.06185276000000255
0.02732,0.044280679999998074,0.03468432000000298,0.054345200000002446
0.027330000000000004,0.03582075999999982,0.043715400000002444,0.05074683999999863
0.027340000000000003,0.038958120000002344,0.04396607999999656,0.06696684
0.027350000000000003,0.03535048000000157,0.05021363999999676,0.06120499999999882
0.027360000000000002,0.04836396000000207,0.043076119999998545,0.05783583999999798
0.027370000000000002,0.04208704000000411,0.04336032000000265,0.055560799999999286
0.02738,0.03848715999999835,0.04665667999999961,0.05793351999999835
0.02739,0.02715592000000515,0.028736720000004237,0.050275640000003466
0.0274,0.045822520000002934,0.04008284000000044,0.05181267999999894
0.027410000000000004,0.03518172000000179,0.05495144000000328,0.046992119999999374
0.027420000000000003,0.03784600000000286,0.043555560000003185,0.06613039999999881
0.027430000000000003,0.03573912000000305,0.036878920000003354,0.06209928000000306
0.027440000000000003,0.03822872000000167,0.0453221200000042,0.04618800000000298
0.027450000000000002,0.05357855999999832,0.04086192000000137,0.05001307999999885
0.027460000000000002,0.05477219999999896,0.04405236000000366,0.04543376000000087
0.02747,0.05033307999999908,0.02750972000000404,0.04174092000000279
0.02748,0.03407636000000026,0.040888640000000157,0.04590664000000265
0.02749,0.03759448000000439,0.035823319999999784,0.03919591999999907
0.027500000000000004,0.05500184000000276,0.030602479999999474,0.03928544000000414
0.027510000000000003,0.040505319999999144,0.037533319999999926,0.038322320000001464
0.027520000000000003,0.04448340000000069,0.038586479999999916,0.034299440000004476
0.027530000000000002,0.04909267999999954,0.035072639999996075,0.03425400000000266
0.027540000000000002,0.044476359999999174,0.03827440000000082,0.04241308000000426
0.02755,0.05400976000000046,0.045726880000001247,0.039607960000001934
0.02756,0.05535919999999864,0.05725144000000219,0.03750688000000424
0.02757,0.05113664000000053,0.040874560000000316,0.038080400000004073
0.027580000000000004,0.04320783999999829,0.041105800000001406,0.04350196000000497
0.027590000000000003,0.059665239999998565,0.06555467999999853,0.0360436000000031
0.027600000000000003,0.04729516,0.057286519999997454,0.04089608000000405
0.027610000000000003,0.05769692000000319,0.05782491999999836,0.03380884000000341
0.027620000000000002,0.05529692000000298,0.07215643999999952,0.03544212000000374
0.027630000000000002,0.04317800000000279,0.05384335999999784,0.03048344000000449
0.02764,0.041485720000000746,0.05832391999999843,0.03970236000000373
0.02765,0.05798200000000281,0.06891223999999758,0.036214560000005204
0.02766,0.049600760000003075,0.0545885599999974,0.04140803999999777
0.027670000000000004,0.0383663600000021,0.046588559999997156,0.04511648000000326
0.027680000000000003,0.04054076000000379,0.05281319999999752,0.033599320000003645
0.027690000000000003,0.03371328000000238,0.044341600000001445,0.04078071999999808
0.027700000000000002,0.03549008000000336,0.04212667999999712,0.04600712000000033
0.027710000000000002,0.036973600000000634,0.04309183999999733,0.03994936000000263
0.02772,0.042655160000000636,0.03738984000000286,0.03666204000000391
0.02773,0.05192520000000461,0.044813239999998686,0.04755460000000259
0.02774,0.0488074000000031,0.04557704000000092,0.03559536000000271
0.027750000000000004,0.050331520000003155,0.043362560000000584,0.036102280000004414
0.027760000000000003,0.031374440000003216,0.03555652000000103,0.047418080000004914
0.027770000000000003,0.03047948000000446,0.05162867999999735,0.043459280000005464
0.027780000000000003,0.027480559999997795,0.04979923999999859,0.03846512000000579
0.027790000000000002,0.03168088,0.05846855999999861,0.0539141600000005
0.027800000000000002,0.042618480000004094,0.05323691999999816,0.04265476000000441
0.02781,0.036099439999999296,0.037220919999997215,0.049003960000005106
0.02782,0.0465002400000001,0.03709395999999837,0.04788715999999997
0.02783,0.04521408000000306,0.046185560000001756,0.03468383999999884
0.027840000000000004,0.04399076000000365,0.054384840000001385,0.046291640000002215
0.027850000000000003,0.034815600000004006,0.041874000000002784,0.03637788000000328
0.027860000000000003,0.03911924000000361,0.0382964799999974,0.03461776000000283
0.027870000000000002,0.03936308000000388,0.043593640000003264,0.038011160000003194
0.027880000000000002,0.04134504000000417,0.0374398399999988,0.0340824399999993
0.02789,0.036550320000003134,0.03311551999999958,0.04318800000000223
0.0279,0.04920736000000372,0.040287800000004016,0.03753784000000473
0.02791,0.03525260000000393,0.04452652000000342,0.029917199999998537
0.027920000000000004,0.03257124000000204,0.045637839999998965,0.04204139999999942
0.027930000000000003,0.05927495999999991,0.03746092000000224,0.04601911999999947
0.027940000000000003,0.041582640000000164,0.041662439999998954,0.03969936000000408
0.027950000000000003,0.03912087999999844,0.04681543999999925,0.04685816000000294
0.027960000000000002,0.033461080000003814,0.028996959999998136,0.038997720000001596
0.027970000000000002,0.03880808000000377,0.03422275999999861,0.036130520000003684
0.02798,0.04044360000000265,0.03799019999999535,0.05022324000000206
0.02799,0.04004788000000244,0.04636248000000082,0.04338772000000238
0.028,0.03434588000000249,0.041751760000000575,0.05548648000000055
0.028010000000000004,0.038978760000004734,0.04272320000000165,0.036364920000003145
0.028020000000000003,0.030562320000003078,0.055677360000001196,0.0359468400000048
0.028030000000000003,0.04136923999999773,0.04391128000000059,0.048778560000000366
0.028040000000000002,0.04586700000000252,0.030242480000000314,0.04252692000000407
0.028050000000000002,0.031537240000003124,0.046726720000003774,0.04837748000000285
0.02806,0.05309588000000432,0.04325947999999959,0.04714212000000283
0.02807,0.03241184000000243,0.027883799999998723,0.03273172000000467
0.02808,0.04691084000000158,0.03332156000000369,0.039582360000002634
0.028090000000000004,0.04798035999999802,0.03730124000000038,0.043120120000004834
0.028100000000000003,0.06686524000000121,0.038777599999997296,0.05472196000000483
0.028110000000000003,0.05013940000000301,0.049854920000002724,0.04241796000000519
0.028120000000000003,0.04299235999999863,0.043229200000001064,0.05239916000000557
0.028130000000000002,0.049083360000000555,0.0333156000000005,0.034373520000005535
0.028140000000000002,0.03405255999999872,0.02942232000000139,0.05713448000000419
0.02815,0.037494039999998945,0.02909112000000126,0.04849032000000467
0.02816,0.04633535999999767,0.04027676000000137,0.03968936000000399
0.02817,0.03962140000000151,0.032652680000001696,0.045860120000004896
0.028180000000000004,0.0376922800000005,0.026980479999998228,0.056609400000005694
0.028190000000000003,0.04603760000000429,0.036072920000000855,0.04588584000000563
0.028200000000000003,0.04667328000000405,0.03018407999999686,0.04828432000000466
0.028210000000000002,0.03971344000000364,0.04136387999999657,0.04312612000000597
0.028220000000000002,0.04338963999999847,0.04427883999999572,0.046429360000004624
0.02823,0.03721104000000236,0.04204292000000143,0.053888840000005205
0.02824,0.041487520000003345,0.04814815999999915,0.052913800000004306
0.02825,0.03548996000000281,0.042803039999999966,0.050476480000005056
0.028260000000000004,0.04591452000000191,0.0410928000000006,0.04612996000000234
0.028270000000000003,0.05460724000000199,0.029474720000002223,0.04716264000000416
0.028280000000000003,0.0463972400000018,0.03215144000000263,0.05006420000000439
0.028290000000000003,0.04021844000000158,0.03788596000000285,0.04279708000000456
0.028300000000000002,0.04151735999999778,0.037104879999999896,0.04100768000000411
0.028310000000000002,0.03438555999999887,0.04289019999999908,0.037135840000004236
0.02832,0.03755047999999858,0.05830364000000079,0.05044920000000435
0.02833,0.042921680000000254,0.03905752000000014,0.05747660000000503
0.02834,0.04919495999999987,0.04447447999999834,0.05119452000000506
0.028350000000000004,0.050677560000003764,0.03946875999999797,0.05657716000000379
0.028360000000000003,0.03766711999999955,0.032749079999997294,0.04639200000000346
0.028370000000000003,0.04299803999999888,0.043128679999999454,0.05737364000000332
0.028380000000000002,0.0400300799999986,0.03601307999999563,0.04286324000000263
0.028390000000000002,0.028030960000003803,0.03720892000000049,0.04968480000000234
0.0284,0.03912024000000195,0.03135800000000295,0.0437144400000013
0.02841,0.0525551200000018,0.02632539999999724,0.04502364000000142
0.02842,0.03771331999999855,0.04562576000000008,0.05319748000000184
0.028430000000000004,0.040460360000002395,0.02405796000000239,0.04703072000000234
0.028440000000000003,0.03643820000000187,0.034549880000001885,0.05138808000000245
0.028450000000000003,0.04678647999999832,0.034536720000001936,0.04120844000000217
0.028460000000000003,0.04644851999999862,0.04490175999999824,0.039839319999998665
0.028470000000000002,0.034242920000003285,0.042823679999999434,0.05318812000000265
0.028480000000000002,0.04412352000000354,0.04822363999999925,0.040905319999999475
0.02849,0.02985748000000318,0.043186679999999006,0.04745940000000347
0.0285,0.04023992000000331,0.04911876000000417,0.0383527200000039
0.02851,0.03939532000000273,0.05675931999999925,0.05014152000000367
0.028520000000000004,0.0436603600000016,0.04520748000000405,0.038088560000004
0.028530000000000003,0.047304240000000164,0.048657199999999734,0.039956400000000156
0.028540000000000003,0.050789679999998734,0.03936164000000376,0.04066048000000142
0.028550000000000002,0.030438519999999147,0.04123920000000179,0.04915080000000106
0.028560000000000002,0.04091667999999806,0.041292679999998756,0.03493548000000497
0.02857,0.03681408000000213,0.053167399999998484,0.032945960000003965
0.02858,0.04569560000000153,0.053430919999996766,0.04028136000000385
0.02859,0.055757640000001864,0.04665743999999838,0.022900440000004837
0.028600000000000004,0.039826679999998824,0.05317407999999874,0.05364332000000166
0.028610000000000003,0.03602127999999819,0.05144199999999723,0.05498356000000313
0.028620000000000003,0.0265049999999961,0.04613568000000221,0.047410080000004906
0.028630000000000003,0.04019104000000071,0.04875607999999768,0.050882800000003496
0.028640000000000002,0.04507292000000014,0.0506331199999963,0.035924400000005546
0.028650000000000002,0.044786320000000435,0.049924759999997216,0.041079920000004315
0.02866,0.040586679999998265,0.035753759999998455,0.045028240000005104
0.02867,0.037185719999999575,0.035598799999999736,0.05716016000000469
0.02868,0.0398223999999991,0.03683151999999964,0.04603784000000525
0.028690000000000004,0.039022559999999575,0.03218859999999976,0.040438920000004444
0.028700000000000003,0.03900640000000196,0.04276200000000351,0.04117564000000306
0.028710000000000003,0.05220292000000334,0.05663016000000403,0.037716600000002945
0.028720000000000002,0.03817864000000188,0.030313679999999774,0.05608484000000483
0.028730000000000002,0.03784592000000364,0.0401004000000034,0.062140840000000024
0.02874,0.037564920000001514,0.027972479999996136,0.05005076000000473
0.02875,0.026607360000000496,0.03064943999999837,0.04674272000000061
0.02876,0.022588000000001846,0.03292064000000177,0.04213388000000506
0.028770000000000004,0.03784388000000366,0.03935163999999834,0.0423420400000046
0.028780000000000003,0.0461360000000019,0.03399788000000063,0.040065880000005126
0.028790000000000003,0.05064264000000099,0.025100800000005103,0.051208040000004174
0.028800000000000003,0.04257748000000091,0.03197227999999841,0.04214816000000422
0.028810000000000002,0.03396784000000306,0.034161200000000794,0.039984120000004966
0.028820000000000002,0.06035156000000182,0.04397379999999971,0.03873264000000306
0.02883,0.04900176000000419,0.027279560000003464,0.037996840000005354
0.02884,0.02759512000000263,0.03757372000000403,0.036552720000003695
0.02885,0.046588360000003375,0.036618880000003656,0.05541984000000428
0.028860000000000004,0.042019600000001205,0.03646563999999996,0.04477936000000478
0.028870000000000003,0.03340596000000331,0.02012239999999799,0.0423972400000019
0.028880000000000003,0.046822120000001,0.03500892000000498,0.039898960000003675
0.028890000000000002,0.041786559999998876,0.0461081600000031,0.035530760000003846
0.028900000000000002,0.04264260000000344,0.05317812000000284,0.0478390000000018
0.02891,0.041151599999998116,0.04626152000000086,0.04571444000000185
0.02892,0.05604787999999951,0.03412660000000038,0.05067440000000093
0.02893,0.05118588000000188,0.049812240000003546,0.041860520000002906
0.028940000000000004,0.044140480000003354,0.043130480000001,0.04458844000000198
0.028950000000000004,0.04047732000000067,0.02777379999999864,0.03735904000000343
0.028960000000000003,0.050355960000000234,0.03434520000000247,0.0379316000000036
0.028970000000000003,0.04558560000000304,0.02829048000000059,0.037553720000003815
0.028980000000000002,0.05054395999999968,0.04012164000000261,0.03909684000000409
0.028990000000000002,0.06142395999999948,0.032123200000001885,0.04216328000000084
0.029,0.04823623999999923,0.045697320000004024,0.03837828000000088
0.02901,0.036568959999997964,0.032917480000004586,0.041964640000003384
0.02902,0.050051359999998685,0.042115199999999506,0.036471480000003595
0.029030000000000004,0.06048768000000321,0.03614523999999945,0.047082800000005295
0.029040000000000003,0.05364547999999855,0.039662840000001504,0.030483440000005278
0.029050000000000003,0.057476199999998666,0.03226956000000148,0.04362732000000381
0.029060000000000002,0.05303435999999877,0.029937800000000927,0.04433716000000335
0.029070000000000002,0.040903599999998,0.029721920000002885,0.037358440000005294
0.02908,0.03189923999999861,0.02805984000000116,0.03618368000000544
0.02909,0.040810679999999155,0.02785064000000247,0.0470709200000031
0.0291,0.03807331999999834,0.03194008000000233,0.038999000000003246
0.029110000000000004,0.0330924799999955,0.02116687999999798,0.03780424000000088
0.029120000000000004,0.03227339999999799,0.03569080000000087,0.03510164000000294
0.029130000000000003,0.04960823999999911,0.05570551999999797,0.04495100000000197
0.029140000000000003,0.039868120000000944,0.050251119999995986,0.03582755999999807
0.029150000000000002,0.03513740000000085,0.06393167999999896,0.04574624000000202
0.029160000000000002,0.06631324000000209,0.04102023999999688,0.046918319999999666
0.02917,0.043873080000002965,0.05770751999999975,0.03638348000000495
0.02918,0.0466042800000033,0.04222935999999618,0.03844080000000294
0.02919,0.036477400000001915,0.049610559999998034,0.035322120000001594
0.029200000000000004,0.03960060000000109,0.03413004000000262,0.048659080000004094
0.029210000000000003,0.026061920000002382,0.03447475999999961,0.04052108000000028
0.029220000000000003,0.04173172000000222,0.02849960000000186,0.047712920000004204
0.029230000000000003,0.03648503999999645,0.03994544000000381,0.03617747999999987
0.029240000000000002,0.027008959999997733,0.034061600000003966,0.038145359999999955
0.02925,0.05434111999999985,0.03466467999999598,0.03941776000000039
0.02926,0.0376127199999963,0.037950320000000676,0.03721940000000056
0.02927,0.04395727999999923,0.034174839999998236,0.0414496400000003
0.029280000000000004,0.029476519999997265,0.047808560000000895,0.04338208000000158
0.029290000000000004,0.04176871999999718,0.045367439999999835,0.041519320000001365
0.029300000000000003,0.03879755999999949,0.027196560000003527,0.03684415999999954
0.029310000000000003,0.029064240000000456,0.05027412000000252,0.05489088000000285
0.029320000000000002,0.0320169200000028,0.04137800000000526,0.047674960000002084
0.029330000000000002,0.03802939999999958,0.03729832000000256,0.03355536000000424
0.02934,0.045918279999998875,0.04245572000000227,0.04787924000000056
0.02935,0.047708399999997486,0.0469956400000046,0.041511960000002256
0.02936,0.04101435999999755,0.04098688000000018,0.04353615999999859
0.029370000000000004,0.04379332000000042,0.054324720000000735,0.043955560000002135
0.029380000000000003,0.04699948000000262,0.04925952000000086,0.04466984000000429
0.029390000000000003,0.05291296000000178,0.04213704000000461,0.04012152000000351
0.029400000000000003,0.039097719999997824,0.042223320000003915,0.04695731999999726
0.029410000000000002,0.0381069999999983,0.04324708000000285,0.037520160000003425
0.02942,0.039753639999999334,0.055005999999999486,0.04680248000000335
0.02943,0.0350297599999999,0.043951240000004804,0.03801352000000514
0.02944,0.03632816000000098,0.0356289600000018,0.037392080000003214
0.029450000000000004,0.04062664000000307,0.03708664000000328,0.04999471999999932
0.029460000000000004,0.05233912000000464,0.038602879999998604,0.03726563999999773
0.029470000000000003,0.030832919999998803,0.05285124000000377,0.039444280000002135
0.029480000000000003,0.041102880000003686,0.051501120000003675,0.029992999999998854
0.029490000000000002,0.03385991999999933,0.03844532000000059,0.06041104000000012
0.029500000000000002,0.04067692000000237,0.03622960000000349,0.03833972000000006
0.02951,0.04727300000000199,0.046599480000003905,0.033372879999999265
0.02952,0.03474559999999899,0.04209320000000265,0.03949003999999986
0.02953,0.04157611999999928,0.04920820000000506,0.04736428000000341
0.029540000000000004,0.04062555999999929,0.06360864000000088,0.043040280000000056
0.029550000000000003,0.03973367999999936,0.05999780000000251,0.041496440000000225
0.029560000000000003,0.045208879999999604,0.05744860000000298,0.05452208000000053
0.029570000000000003,0.0568747999999983,0.05759520000000158,0.0353993200000002
0.029580000000000002,0.048474559999995157,0.03619084000000549,0.042451439999999924
0.02959,0.039834920000001314,0.035018160000002005,0.03961383999999918
0.0296,0.03768563999999544,0.033935399999998374,0.041860879999999455
0.02961,0.02858199999999878,0.02368699999999908,0.0552222399999988
0.029620000000000004,0.030489079999999166,0.028824440000003247,0.04134559999999824
0.029630000000000004,0.043089920000000656,0.02571528000000033,0.03236084000000303
0.029640000000000003,0.04463995999999687,0.023868920000000068,0.03796112000000031
0.029650000000000003,0.03928235999999725,0.04021415999999952,0.02743420000000487
0.029660000000000002,0.04250215999999792,0.05077191999999915,0.045412320000004544
0.029670000000000002,0.05671271999999985,0.023236599999999445,0.043010280000004286
0.02968,0.045747520000000146,0.043357200000001074,0.05255908000000126
0.02969,0.040698399999997636,0.04957892000000165,0.04644912000000115
0.0297,0.04239767999999801,0.04411380000000128,0.052961120000002124
0.029710000000000004,0.03247804000000425,0.04131504000000243,0.047894880000003734
0.029720000000000003,0.044277800000002594,0.06130555999999842,0.04431600000000263
0.029730000000000003,0.03604368000000328,0.04818127999999814,0.03736439999999822
0.029740000000000003,0.04444451999999999,0.03754787999999714,0.050377239999998005
0.029750000000000002,0.04964747999999999,0.042845240000002296,0.04683031999999785
0.02976,0.054865120000003785,0.032250960000000245,0.05199888000000453
0.02977,0.042270679999999956,0.044931039999999915,0.03968407999999951
0.02978,0.033585680000002185,0.037667159999998034,0.033936280000002594
0.029790000000000004,0.03473724000000081,0.040239680000003976,0.05130927999999979
0.029800000000000004,0.04238879999999766,0.033255720000004416,0.04969807999999987
0.029810000000000003,0.047772760000000594,0.04933700000000026,0.049253039999998825
0.029820000000000003,0.03371943999999814,0.04974168000000092,0.045245999999998614
0.029830000000000002,0.04531768000000054,0.053358640000000804,0.051246479999998734
0.029840000000000002,0.03545524000000229,0.0363013200000033,0.052135799999997394
0.02985,0.04721791999999856,0.034079120000002655,0.043206000000001264
0.02986,0.04347592000000277,0.031090399999999727,0.032602560000001835
0.02987,0.034461480000003736,0.03225740000000355,0.030709799999998153
0.029880000000000004,0.034086320000002605,0.03460052000000389,0.04815187999999814
0.029890000000000003,0.027952439999999266,0.04651796000000403,0.049351879999998564
0.029900000000000003,0.0352080399999979,0.0415670400000021,0.050063720000003274
0.029910000000000003,0.03518856000000365,0.03321632000000226,0.03419120000000156
0.029920000000000002,0.044080680000000136,0.04814188000000268,0.0415522800000031
0.029930000000000002,0.054365040000003306,0.033841800000002885,0.04219276000000262
0.02994,0.04092368000000404,0.030429640000001645,0.04590012000000362
0.02995,0.04655080000000357,0.03249196000000449,0.027877200000002583
0.029960000000000004,0.04492908000000444,0.04531664000000185,0.031901600000002535
0.029970000000000004,0.044400320000004094,0.0524244400000025,0.028842680000002587
0.029980000000000003,0.03955984000000056,0.035409920000001205,0.04407520000000204
0.029990000000000003,0.042045200000005216,0.04196916000000178,0.04319188000000294
0.030000000000000002,0.04323148000000102,0.0407832800000011,0.04297096000000225
0.030010000000000002,0.04660700000000055,0.06452232000000215,0.041144520000004056
0.03002,0.03979056000000076,0.040446159999999606,0.04295580000000297
0.03003,0.04927704000000316,0.04070540000000214,0.03857824000000488
0.03004,0.0358095199999986,0.027783439999999857,0.0346351200000046
0.030050000000000004,0.03129972000000019,0.03431263999999701,0.053099120000003865
0.030060000000000003,0.03749216000000316,0.03750692000000061,0.05199304000000046
0.030070000000000003,0.04939548000000361,0.03988184000000175,0.04715628000000083
0.030080000000000003,0.04886008000000348,0.03194012000000204,0.047766240000004095
0.030090000000000002,0.04082676000000216,0.029099120000003018,0.046181520000003716
0.030100000000000002,0.035174600000004407,0.04023764000000172,0.037469880000005146
0.03011,0.04866075999999796,0.038716319999998805,0.046346920000003025
0.03012,0.04984880000000167,0.04039320000000287,0.057457280000000124
0.030130000000000004,0.03491815999999847,0.036701600000002714,0.04295919999999898
0.030140000000000004,0.029221320000001473,0.03509943999999964,0.0276461600000049
0.030150000000000003,0.02588111999999818,0.03791655999999972,0.04904304000000027
0.030160000000000003,0.035460240000003855,0.03403975999999906,0.046396080000000686
0.030170000000000002,0.02870031999999862,0.03803595999999939,0.051628560000004035
0.030180000000000002,0.025903799999999946,0.04379351999999958,0.04133063999999898
0.03019,0.04730215999999943,0.041735440000001484,0.040890720000004904
0.0302,0.04787808000000026,0.0433277999999995,0.03966860000000081
0.03021,0.04835271999999981,0.038833559999998914,0.04111640000000004
0.030220000000000004,0.041969879999999064,0.026715920000000073,0.04603452000000307
0.030230000000000003,0.03459008000000192,0.04326491999999962,0.03745656000000483
0.030240000000000003,0.042959440000001584,0.04634731999999991,0.04795792000000469
0.030250000000000003,0.033470280000000276,0.041426879999999056,0.042251360000000265
0.030260000000000002,0.03918419999999974,0.03194019999999907,0.03463932000000486
0.030270000000000002,0.031890879999999046,0.03485275999999933,0.04042303999999954
0.03028,0.0296809599999994,0.04410843999999903,0.0397840400000024
0.03029,0.05895668000000337,0.035463039999998565,0.0471203600000006
0.030300000000000004,0.04581848000000488,0.03654535999999795,0.036181039999999796
0.030310000000000004,0.052098000000004335,0.034180680000001726,0.04832736000000451
0.030320000000000003,0.05109548000000275,0.03729196000000207,0.05268788000000432
0.030330000000000003,0.03247820000000133,0.03936820000000004,0.043520120000004395
0.030340000000000002,0.029381399999998538,0.036267079999996545,0.04338464000000028
0.030350000000000002,0.026192919999998593,0.030662719999999453,0.03154908000000239
0.03036,0.04567644000000016,0.04273568000000136,0.05094688000000221
0.03037,0.044988720000004305,0.04145783999999974,0.037685440000003366
0.03038,0.04980408000000066,0.03755435999999777,0.05394676000000394
0.030390000000000004,0.0377571999999992,0.03374444000000082,0.0523938000000027
0.030400000000000003,0.03922876000000406,0.031189560000003193,0.03897740000000468
0.030410000000000003,0.04461064000000458,0.04852439999999953,0.04266687999999921
0.030420000000000003,0.032788719999999515,0.031147319999998136,0.0526929999999975
0.030430000000000002,0.03540200000000223,0.041044039999998755,0.03514467999999958
0.030440000000000002,0.044393319999998,0.04084456000000406,0.03304979999999952
0.03045,0.04051179999999961,0.03903503999999897,0.028911840000000043
0.03046,0.029998599999997714,0.02700127999999669,0.044764080000000685
0.030470000000000004,0.03680760000000452,0.04211751999999662,0.04169019999999855
0.030480000000000004,0.03581828000000405,0.04330904000000183,0.041398960000003905
0.030490000000000003,0.05175120000000333,0.0344092000000013,0.037520400000004235
0.030500000000000003,0.03932132000000072,0.032051039999998344,0.04536212000000467
0.030510000000000002,0.03573128000000083,0.039375400000000775,0.049860960000000565
0.030520000000000002,0.053706080000005665,0.02679159999999693,0.046990120000003265
0.03053,0.04535660000000522,0.04130712000000267,0.03601040000000207
0.03054,0.03992020000000442,0.036525119999997725,0.034446640000004324
0.03055,0.056763320000000124,0.03225331999999781,0.04797648000000266
0.030560000000000004,0.04179464000000583,0.04388923999999798,0.038898880000003404
0.030570000000000003,0.042151839999999885,0.052497759999999234,0.04280016000000217
0.030580000000000003,0.06015967999999989,0.04301740000000413,0.03808196000000271
0.030590000000000003,0.032270520000002384,0.03286268000000403,0.04490624000000103
0.030600000000000002,0.047655880000004036,0.045825639999998495,0.04492440000000207
0.030610000000000002,0.03430948000000296,0.047627159999999454,0.04734308000000345
0.03062,0.04109452000000196,0.03375144000000072,0.035040960000003334
0.03063,0.050085440000002424,0.041412760000002866,0.032455560000003145
0.030640000000000004,0.03327068000000082,0.038342119999997724,0.04231184000000325
0.030650000000000004,0.03567712000000331,0.03857464000000134,0.034520799999999165
0.030660000000000003,0.035773800000002964,0.03433939999999967,0.03694099999999878
0.030670000000000003,0.044140040000001365,0.04812523999999948,0.05674160000000119
0.030680000000000002,0.03392804000000335,0.0497929199999989,0.049369120000003625
0.030690000000000002,0.0390286000000021,0.05523380000000011,0.05576219999999741
0.0307,0.04205440000000512,0.050474800000000014,0.04413112000000438
0.03071,0.031084240000004582,0.053720239999999,0.043112720000001804
0.030720000000000004,0.03616252000000402,0.038147559999998984,0.06209092000000372
0.030730000000000004,0.03614492000000445,0.032701520000002725,0.04965624000000283
0.030740000000000003,0.04225640000000461,0.04062952000000209,0.04595480000000064
0.030750000000000003,0.04020216000000191,0.03703892000000232,0.04005952000000335
0.030760000000000003,0.033900560000004375,0.04477887999999847,0.04207296000000447
0.030770000000000002,0.04138020000000423,0.03261372000000388,0.04154436000000279
0.030780000000000002,0.04675984000000424,0.04215407999999856,0.03882827999999766
0.03079,0.0496320000000045,0.03389796000000293,0.0324148000000019
0.0308,0.054959120000003046,0.03549468000000389,0.02791551999999771
0.030810000000000004,0.043914120000002624,0.03763631999999866,0.03374812000000377
0.030820000000000004,0.03894872000000405,0.04261284000000205,0.042785879999998375
0.030830000000000003,0.04019076000000473,0.044466400000002924,0.03496999999999852
0.030840000000000003,0.06334652000000503,0.03736624000000257,0.05540636000000272
0.030850000000000002,0.05388644000000512,0.040330039999998644,0.040486880000003896
0.030860000000000002,0.05877232000000287,0.027283920000002633,0.03755496000000409
0.03087,0.0682028800000052,0.030616760000002456,0.032926720000003615
0.03088,0.046575480000003694,0.04486939999999973,0.04005208000000419
0.030890000000000004,0.05780744000000366,0.02513128000000301,0.048795360000003694
0.030900000000000004,0.03249376000000506,0.049419039999999435,0.03700984000000279
0.030910000000000003,0.04197596000000512,0.06758344000000004,0.03951916000000577
0.030920000000000003,0.04943456000000511,0.0552310799999999,0.038122720000003676
0.030930000000000003,0.04397764000000067,0.03309523999999939,0.041270040000002714
0.030940000000000002,0.04483124000000365,0.04297760000000298,0.044557240000003974
0.030950000000000002,0.04827156000000426,0.031084080000002807,0.034517800000001854
0.03096,0.04999200000000542,0.031172920000000586,0.02791556000000287
0.03097,0.03825976000000484,0.036845040000002625,0.027169360000004025
0.030980000000000004,0.03747512000000446,0.03187372000000106,0.03457676000000325
0.030990000000000004,0.039256800000005705,0.029676280000003188,0.03687063999999858
0.031000000000000003,0.0459484400000053,0.03569580000000226,0.04381923999999836
0.031010000000000003,0.057131480000005466,0.031152920000000358,0.02961512000000303
0.031020000000000002,0.05172360000000554,0.03779844000000305,0.04489048000000409
0.031030000000000002,0.04110760000000444,0.03221331999999828,0.04085508000000246
0.03104,0.04352204000000431,0.033173240000002685,0.04041204000000257
0.03105,0.04258204000000507,0.034874439999998466,0.031638880000003734
0.031060000000000004,0.03476924000000447,0.045880120000000066,0.039513960000004074
0.031070000000000004,0.04367620000000422,0.04432275999999734,0.046337160000003944
0.031080000000000003,0.023298480000003684,0.04787536000000281,0.04372268000000377
0.031090000000000003,0.040655240000003014,0.040247040000002336,0.040484840000003346
0.031100000000000003,0.03716868000000487,0.04685928000000368,0.03171620000000482
0.031110000000000002,0.03627148000000406,0.03770060000000277,0.03210704000000346
0.031120000000000002,0.047911760000000206,0.02730407999999808,0.04488520000000366
0.03113,0.03685815999999926,0.029335600000001714,0.03238240000000318
0.03114,0.04076948000000329,0.05995904000000207,0.0415680400000033
0.031150000000000004,0.03095388000000378,0.043948680000001634,0.03741716000000372
0.031160000000000004,0.041126760000002115,0.04233035999999859,0.04601287999999946
0.031170000000000003,0.04635328000000214,0.05254160000000288,0.032760720000003615
0.031180000000000003,0.05248700000000112,0.049294759999997426,0.035333880000001656
0.031190000000000002,0.051373440000002206,0.03377767999999596,0.041283480000003675
0.031200000000000002,0.04651172000000196,0.04400375999999712,0.024642759999998966
0.03121,0.034478400000001956,0.035936759999996744,0.03764520000000394
0.03122,0.049968160000001906,0.0426880800000023,0.04733564000000281
0.031230000000000004,0.03851740000000158,0.032571959999997076,0.06531484000000254
0.031240000000000004,0.04420496000000203,0.029759440000001774,0.04289208000000286
0.03125,0.03609108000000144,0.028236159999995673,0.06649156000000347
0.03126,0.04593395999999699,0.03566724000000203,0.04572496000000162
0.03127,0.040045359999997136,0.033455159999997604,0.056113600000003386
0.03128,0.06155292000000052,0.056554760000001085,0.05743992000000182
0.031290000000000005,0.036465639999996684,0.05217304000000163,0.052397600000003985
0.0313,0.04215955999999894,0.02900903999999765,0.05168564000000338
0.031310000000000004,0.047944800000003035,0.029829519999998843,0.05553560000000484
0.03132,0.04577512000000125,0.046320759999996935,0.054457200000004015
0.031330000000000004,0.045723680000001043,0.03637727999999716,0.06307972000000447
0.03134,0.03517799999999876,0.04533343999999881,0.06776868000000373
0.03135,0.04053947999999829,0.028864039999998613,0.050438600000004254
0.031360000000000006,0.04099932000000391,0.03532399999999856,0.04656524000000303
0.03137,0.03670404000000472,0.030953759999998026,0.04221804000000381
0.031380000000000005,0.04462292000000496,0.03169459999999711,0.038796760000003615
0.03139,0.03334352000000401,0.030652639999996394,0.039740120000002745
0.031400000000000004,0.02803008000000361,0.045210360000001656,0.049495200000002224
0.03141,0.04142788000000522,0.03029831999999572,0.053675960000003436
0.031420000000000003,0.032471240000000734,0.04351128000000064,0.05522304000000278
0.03143,0.0416462799999993,0.03871080000000096,0.047507240000001914
0.03144,0.03837391999999897,0.03788279999999875,0.04828552000000021
0.031450000000000006,0.04537276000000312,0.05206815999999819,0.042210240000004375
0.03146,0.051947080000003344,0.03438171999999802,0.04470027999999887
0.031470000000000005,0.03132440000000008,0.03286511999999711,0.04292688000000351
0.03148,0.03249764000000126,0.047187040000000645,0.04773324000000425
0.031490000000000004,0.030366160000002557,0.035979999999999596,0.05029048000000387
0.0315,0.038358880000004536,0.044848920000002755,0.03707652000000479
0.03151,0.05040416000000241,0.04540232000000147,0.04013284000000518
0.03152,0.04722064000000289,0.03984340000000272,0.05283068000000427
0.03153,0.032738320000001375,0.04382072000000183,0.04887580000000261
0.031540000000000006,0.029443600000000028,0.03848284000000445,0.03752868000000241
0.03155,0.042092679999997495,0.05546283999999947,0.036361880000004794
0.031560000000000005,0.04054924000000175,0.039260039999999156,0.042445840000002844
0.03157,0.040419879999998645,0.044615880000004035,0.03158684000000303
0.031580000000000004,0.025120600000001634,0.03229740000000245,0.03979884000000269
0.03159,0.029822519999999058,0.04844276000000388,0.039100360000001846
0.0316,0.04365592000000188,0.044990480000002823,0.04554988000000251
0.03161,0.05059388000000307,0.043381840000003856,0.04794268000000273
0.03162,0.041831680000002563,0.045330359999998474,0.05459627999999844
0.031630000000000005,0.04307547999999931,0.02244651999999815,0.048531080000003536
0.03164,0.05542332000000045,0.03346759999999782,0.0566932400000034
0.031650000000000005,0.0656803600000044,0.03822551999999901,0.05140204000000001
0.03166,0.05442856000000532,0.03208003999999812,0.04520452000000388
0.031670000000000004,0.055660320000003885,0.02890023999999794,0.04139608000000461
0.03168,0.04686064000000219,0.03634524000000164,0.03637627999999993
0.03169,0.03786816000000327,0.04053076000000193,0.04090731999999996
0.031700000000000006,0.042118960000003904,0.04919436000000179,0.03668548000000208
0.03171,0.05164396000000205,0.035707159999999516,0.045306319999997305
0.031720000000000005,0.04213800000000182,0.04735891999999853,0.046615039999998255
0.03173,0.04702716000000319,0.04761016000000023,0.055047959999998314
0.031740000000000004,0.035566840000003326,0.04964411999999843,0.043223000000002246
0.03175,0.057801280000002286,0.04046391999999993,0.051197880000001535
0.031760000000000004,0.04866660000000131,0.033596399999996675,0.03461708000000433
0.03177,0.03251748000000515,0.04069147999999596,0.04016656000000093
0.03178,0.03908500000000301,0.046440799999996195,0.03181220000000271
0.031790000000000006,0.042177160000000546,0.0512568799999963,0.03740248000000182
0.0318,0.05091227999999983,0.05015939999999857,0.05305368000000138
0.031810000000000005,0.04145152000000365,0.04258055999999634,0.04125004000000351
0.03182,0.03896043999999998,0.06411775999999939,0.04710320000000411
0.031830000000000004,0.06082196000000157,0.04715943999999771,0.03659792000000032
0.03184,0.05819868000000536,0.038707759999995706,0.052597920000000783
0.03185,0.05439804000000502,0.04715279999999682,0.04530415999999973
0.03186,0.04694160000000509,0.0422848799999965,0.049409440000002386
0.03187,0.04515232000000471,0.04806360000000121,0.04662500000000283
0.031880000000000006,0.05242956000000006,0.049185199999997126,0.052698800000001135
0.03189,0.04617952000000446,0.03415995999999655,0.047120040000005164
0.031900000000000005,0.03714656000000462,0.03697555999999767,0.03911272000000548
0.03191,0.04882956000000505,0.04473172000000128,0.042849240000002446
0.031920000000000004,0.04593500000000421,0.03799643999999959,0.03402040000000343
0.03193,0.04910524000000074,0.03708395999999907,0.03578112000000419
0.03194,0.028553760000002704,0.044753319999998695,0.02842924000000418
0.03195,0.037823440000004586,0.04976995999999629,0.029736880000002897
0.03196,0.03802776000000255,0.044418440000001565,0.045211280000004954
0.031970000000000005,0.03982432000000394,0.05278143999999865,0.04102036000000355
0.03198,0.04889080000000445,0.041107999999998326,0.05592844000000425
0.031990000000000005,0.04851624000000535,0.04452971999999853,0.0533882
0.032,0.054834280000006,0.04373983999999653,0.05922024000000025
0.032010000000000004,0.03936388000000345,0.03544703999999584,0.036400639999999165
0.03202,0.04310484000000436,0.03991588000000114,0.03177908000000364
0.03203,0.055152759999999384,0.04183048000000106,0.048623200000000345
0.032040000000000006,0.04571635999999891,0.04372071999999635,0.03583468
0.03205,0.059247880000000266,0.05109291999999736,0.033696159999998206
0.032060000000000005,0.05554920000000003,0.047977080000000276,0.04218364000000474
0.03207,0.05814187999999743,0.04004991999999906,0.03949120000000446
0.032080000000000004,0.036576680000002186,0.04644599999999818,0.033127880000005466
0.03209,0.033206680000004485,0.03336935999999739,0.041173520000003454
0.032100000000000004,0.037790800000002504,0.03747579999999684,0.041394640000002786
0.03211,0.04624980000000481,0.06409648000000225,0.051348480000002895
0.03212,0.050101280000004904,0.04294919999999674,0.03410856000000304
0.032130000000000006,0.05635024000000373,0.041483080000000276,0.03737660000000024
0.03214,0.04704808000000412,0.048914079999996044,0.03920128000000285
0.032150000000000005,0.04920440000000403,0.03224631999999746,0.045623360000000224
0.03216,0.03856176000000435,0.03946096000000042,0.04159240000000156
0.032170000000000004,0.03472536000000051,0.04493183999999835,0.03668232000000258
0.03218,0.040081400000004645,0.030909000000001064,0.041337600000003534
0.03219,0.0447049600000045,0.0393966799999986,0.04769788000000267
0.0322,0.04391812000000448,0.028275039999997094,0.035635800000000675
0.03221,0.043803360000004114,0.024202319999998813,0.04460072000000011
0.032220000000000006,0.04858280000000486,0.032436200000002434,0.05243700000000452
0.03223,0.03755164000000278,0.03322948000000274,0.039531200000005345
0.032240000000000005,0.04852260000000499,0.035518280000003656,0.04378120000000441
0.03225,0.0337502800000014,0.03499720000000288,0.05539208000000494
0.032260000000000004,0.051242240000005226,0.0492654399999994,0.041142240000003244
0.03227,0.05150416000000431,0.046976880000003544,0.04307024000000368
0.03228,0.05672988000000501,0.045346359999999065,0.051038720000003666
0.03229,0.039568920000004316,0.03788739999999835,0.03713360000000314
0.0323,0.02932596000000539,0.043070519999999606,0.03090980000000452
0.032310000000000005,0.04525960000000297,0.037591919999998995,0.042377320000000905
0.03232,0.04485436000000397,0.039770480000002835,0.04786388000000024
0.032330000000000005,0.04399348000000229,0.048425080000002986,0.040766560000003886
0.03234,0.04316964000000326,0.048760759999999764,0.056382320000002366
0.032350000000000004,0.05287424000000359,0.047033799999998405,0.04131508000000476
0.03236,0.03655756000000406,0.044961719999998664,0.06291356000000148
0.03237,0.03631944000000104,0.03232739999999584,0.04801892000000336
0.032380000000000006,0.04806140000000133,0.03062676000000201,0.040077400000003933
0.03239,0.0495529200000027,0.043611519999998294,0.04617724000000412
0.032400000000000005,0.03881372000000216,0.036042879999998716,0.04093748000000381
0.03241,0.03296108000000358,0.03854208000000391,0.03662760000000355
0.032420000000000004,0.03031320000000145,0.047795280000001994,0.04355264000000293
0.03243,0.04326396000000093,0.04682640000000351,0.04604619999999882
0.032440000000000004,0.05289424000000368,0.047680040000003567,0.04576428000000524
0.03245,0.06043696000000434,0.042918599999998926,0.055449800000005045
0.03246,0.04777944000000398,0.036505360000003075,0.048383120000005345
0.032470000000000006,0.049334160000004665,0.05172004000000011,0.05193164000000543
0.03248,0.04632508000000468,0.029297879999998767,0.03841464000000469
0.032490000000000005,0.040490640000003415,0.03646455999999684,0.0323734800000048
0.0325,0.04331548000000365,0.03295323999999801,0.04579776000000294
0.032510000000000004,0.041068840000002854,0.03892484000000047,0.04825944000000235
0.03252,0.04922888000000071,0.03920840000000134,0.037889480000004305
0.03253,0.03210344000000442,0.04193083999999675,0.06709056000000214
0.03254,0.03260396000000502,0.04358932000000204,0.04992308000000175
0.03255,0.04575992000000046,0.03303279999999755,0.0510696800000016
0.032560000000000006,0.035950200000004436,0.049542560000001644,0.03151228000000188
0.03257,0.04095632000000252,0.04337139999999673,0.04243452000000263
0.032580000000000005,0.03543312000000269,0.042554319999996745,0.046875920000002395
0.03259,0.04182016000000328,0.042718360000000954,0.04465748000000389
0.032600000000000004,0.05345495999999865,0.037172039999997235,0.04188135999999908
0.03261,0.04506579999999987,0.03933940000000193,0.03169616000000302
0.03262,0.049383199999997594,0.05275232000000211,0.042907720000002904
0.03263,0.05924304000000011,0.03500876000000155,0.03630416000000312
0.03264,0.05510851999999958,0.05060252000000352,0.033870480000004595
0.032650000000000005,0.05852155999999773,0.04315323999999768,0.04594988000000287
0.03266,0.041124119999999056,0.03882432000000167,0.04010532000000386
0.032670000000000005,0.036521279999999885,0.04918331999999759,0.040640400000004025
0.03268,0.04057395999999781,0.0426431600000012,0.04543848000000174
0.032690000000000004,0.03774191999999749,0.03993540000000007,0.04557144000000036
0.0327,0.04178035999999684,0.03109348000000155,0.046665080000003564
0.03271,0.042383039999998075,0.03377563999999679,0.044752360000003225
0.032720000000000006,0.05072503999999799,0.043744520000002014,0.04217568000000293
0.03273,0.03913075999999955,0.05204707999999695,0.04942896000000288
0.032740000000000005,0.03393032000000199,0.037424519999997054,0.05174544000000332
0.03275,0.04051604000000104,0.039603039999996766,0.0489846000000033
0.032760000000000004,0.0388698800000026,0.048247520000003215,0.045420600000003045
0.03277,0.03962880000000269,0.035308240000000206,0.0502297200000034
0.032780000000000004,0.029141120000004246,0.05181700000000255,0.045729200000002745
0.03279,0.04168236000000484,0.04625460000000329,0.05970524000000224
0.0328,0.04208044000000527,0.044913879999998185,0.050183000000002254
0.032810000000000006,0.03762428000000514,0.03951312000000393,0.045930160000003994
0.03282,0.04291832000000565,0.04229476000000164,0.0460432800000039
0.032830000000000005,0.0430260400000014,0.03855440000000092,0.041763359999999736
0.03284,0.04350848000000441,0.03313444000000026,0.059019400000000256
0.032850000000000004,0.04464436000000503,0.05082864000000054,0.04063520000000143
0.03286,0.033410720000004675,0.038148399999998056,0.03818280000000481
0.03287,0.05278816000000413,0.03494491999999897,0.04058280000000489
0.03288,0.04266140000000508,0.04132627999999717,0.045822320000004614
0.03289,0.05283984000000428,0.0539542799999978,0.03690332000000592
0.032900000000000006,0.0358700800000032,0.05213668000000106,0.034449600000005416
0.03291,0.047477280000003626,0.03822811999999672,0.04246840000000501
0.032920000000000005,0.036167400000002806,0.0423300399999965,0.03925968000000461
0.03293,0.023916480000005347,0.05546520000000144,0.05291444000000489
0.032940000000000004,0.0382852400000055,0.04273936000000016,0.04583320000000543
0.03295,0.038553239999999184,0.047026000000000075,0.05284903999999958
0.03296,0.028047200000001948,0.040478519999997804,0.048006960000004775
0.03297,0.04513440000000203,0.03176064000000067,0.047649720000005426
0.03298,0.042805280000004,0.023769679999996858,0.04598720000000528
0.032990000000000005,0.03831904000000439,0.027079720000000848,0.03824944000000547
0.033,0.03177248000000284,0.0409191200000005,0.04804312000000532
0.033010000000000005,0.045919400000004156,0.02726959999999655,0.046730359999999416
0.03302,0.05037791999999972,0.047054439999996686,0.03961124000000479
0.033030000000000004,0.03552472000000273,0.030043919999996116,0.052787240000004024
0.03304,0.031768759999999154,0.027588839999998754,0.04451080000000496
0.03305,0.02653372000000408,0.03814347999999758,0.0528109600000047
0.033060000000000006,0.04091964000000376,0.036282840000002856,0.03886664000000375
0.03307,0.027194680000005203,0.04149044000000288,0.04443612000000527
0.033080000000000005,0.03516312000000534,0.060611440000003756,0.037027760000005544
0.03309,0.04247756000000129,0.04306192000000208,0.04429712000000521
0.033100000000000004,0.05586988000000174,0.05384212000000266,0.03370304000000445
0.03311,0.04341296000000055,0.03467972000000266,0.04788516000000249
0.033120000000000004,0.02813080000000464,0.04370388000000308,0.04641280000000214
0.03313,0.04169412000000008,0.05112400000000334,0.03914932000000475
0.03314,0.03323408000000215,0.051596120000002535,0.04328320000000351
0.033150000000000006,0.03322239999999835,0.04596675999999871,0.0573680800000038
0.03316,0.024977840000002156,0.0472729199999986,0.03566704000000334
0.033170000000000005,0.03403152000000038,0.03787048000000334,0.039388320000004404
0.03318,0.026359160000000086,0.03701944000000095,0.03652044000000293
0.033190000000000004,0.02956944000000328,0.027128400000002984,0.03877640000000329
0.0332,0.03513144000000307,0.03853511999999714,0.04232760000000455
0.03321,0.03629592000000046,0.043774080000000895,0.047318200000001504
0.03322,0.060707759999999576,0.043111239999998247,0.04638924000000497
0.03323,0.05023968000000352,0.0408601999999993,0.04361112000000552
0.033240000000000006,0.05364196000000495,0.05004303999999782,0.04494620000000549
0.03325,0.051673240000002646,0.037545079999999904,0.05155472000000555
0.033260000000000005,0.047479560000005375,0.0487200800000036,0.05381032000000575
0.03327,0.0475160000000037,0.039920040000004056,0.03645792000000045
0.033280000000000004,0.04885368000000301,0.039173439999997645,0.0552350800000049
0.03329,0.036654520000003,0.048256679999997,0.054379080000005235
0.0333,0.039885720000002976,0.04679671999999844,0.038686640000005254
0.03331,0.04349648000000285,0.044066759999998,0.04567952000000182
0.03332,0.037030480000002974,0.04145192000000059,0.04506612000000399
0.033330000000000005,0.03572995999999996,0.05090836000000073,0.030631120000004796
0.03334,0.03859635999999591,0.05180243999999748,0.03681744000000408
0.033350000000000005,0.04165811999999959,0.05124703999999944,0.044881000000004334
0.03336,0.048684279999999386,0.056647839999999505,0.04210992000000341
0.033370000000000004,0.05498443999999941,0.04416503999999578,0.038517680000003746
0.03338,0.04363623999999878,0.04566067999999601,0.02633116000000475
0.03339,0.03974403999999913,0.035318399999995906,0.04078236000000246
0.033400000000000006,0.04247159999999939,0.05013851999999902,0.038060959999997646
0.03341,0.044065679999999864,0.058248759999996486,0.03759915999999721
0.033420000000000005,0.04851719999999839,0.04280119999999993,0.03707707999999878
0.03343,0.05245879999999954,0.03644899999999643,0.04150472000000003
0.033440000000000004,0.039803880000002394,0.03651367999999657,0.046568480000004756
0.03345,0.03694167999999807,0.04725487999999668,0.05143880000000037
0.033460000000000004,0.04490015999999899,0.041362240000001396,0.06325360000000511
0.03347,0.046213959999998014,0.033286759999996245,0.046608440000002666
0.03348,0.04015152000000146,0.044585159999998125,0.030219519999997498
0.033490000000000006,0.04873531999999917,0.03122075999999713,0.04025312000000091
0.0335,0.041858960000002235,0.04198603999999657,0.05268036000000162
0.033510000000000005,0.05190287999999936,0.040888279999998035,0.040714040000002734
0.03352,0.0372715599999988,0.03240395999999769,0.041892080000003294
0.033530000000000004,0.04788752000000326,0.029470439999998255,0.041177960000002956
0.03354,0.049524199999998485,0.03841727999999573,0.041017360000001064
0.03355,0.054290599999997934,0.03558867999999992,0.04191448000000409
0.03356,0.05576188000000161,0.05237728000000207,0.03704060000000152
0.03357,0.04746599999999867,0.060026680000002955,0.045455920000002384
0.033580000000000006,0.05416303999999974,0.04078811999999959,0.05061876000000147
0.03359,0.05374503999999942,0.02870487999999812,0.04671548000000135
0.033600000000000005,0.04862635999999659,0.046031320000000646,0.0381833600000023
0.03361,0.04425624000000068,0.03782640000000211,0.036379840000005756
0.033620000000000004,0.053471399999998497,0.048207680000004145,0.039327120000005836
0.03363,0.04410480000000043,0.033885000000002316,0.037593920000005485
0.03364,0.04166004000000002,0.05163680000000272,0.038842800000000656
0.03365,0.0479178399999986,0.0471972399999978,0.0464281200000052
0.03366,0.04796412000000114,0.05416367999999941,0.04517284000000088
0.033670000000000005,0.04551751999999873,0.03491319999999885,0.059958240000004666
0.03368,0.040107640000002796,0.0414713199999984,0.03329096000000249
0.033690000000000005,0.043164320000002476,0.04183259999999859,0.045062000000004314
0.0337,0.05417908000000343,0.039934240000004076,0.03917004000000283
0.033710000000000004,0.04536028000000341,0.04576179999999805,0.04667492000000258
0.03372,0.04518404000000537,0.04203151999999912,0.029595520000002838
0.03373,0.04453132000000534,0.03649403999999931,0.030010320000003875
0.033740000000000006,0.04527480000000503,0.05588852000000249,0.04379656000000272
0.03375,0.051475800000001716,0.04832612000000284,0.038162600000000844
0.033760000000000005,0.040685680000004894,0.032113440000002234,0.03956028000000345
0.03377,0.04230772000000473,0.034670959999998904,0.03948844000000474
0.033780000000000004,0.03746084000000536,0.0460038799999972,0.036161200000005125
0.03379,0.04011116000000471,0.05466195999999955,0.0414914000000035
0.033800000000000004,0.03419988000000324,0.05204039999999956,0.04963036000000489
0.03381,0.03836951999999754,0.032670519999998,0.05492376000000437
0.03382,0.04911388000000056,0.03143820000000192,0.04704340000000214
0.033830000000000006,0.02827984000000289,0.03566860000000374,0.04742040000000193
0.03384,0.043591760000004344,0.046055600000002035,0.043550640000003096
0.033850000000000005,0.03347496000000505,0.03625032000000072,0.03662360000000247
0.03386,0.04501804000000538,0.024014079999997866,0.029181440000003275
0.033870000000000004,0.05482388000000479,0.037526359999999134,0.05084344000000328
0.03388,0.044419280000005765,0.03762603999999734,0.05840740000000283
0.03389,0.046358240000002986,0.04035643999999827,0.04666536000000431
0.0339,0.044348400000004735,0.03355952000000172,0.040037760000003454
0.03391,0.042716480000005275,0.04016075999999926,0.05047932000000419
0.033920000000000006,0.04797152000000346,0.04212459999999728,0.06039100000000459
0.03393,0.049892440000005187,0.038981479999995974,0.04094924000000287
0.033940000000000005,0.07373860000000124,0.03200164000000038,0.050712480000003626
0.03395,0.04388412000000592,0.03804743999999922,0.03748308000000417
0.033960000000000004,0.05181140000000519,0.035206519999998166,0.05553464000000005
0.03397,0.04851252000000098,0.04123183999999899,0.03961492000000161
0.03398,0.0385764400000053,0.03730660000000256,0.051328520000001376
0.03399,0.03165704000000488,0.038373760000002144,0.040087839999998445
0.034,0.036373480000005474,0.050182240000002015,0.034255999999998434
0.034010000000000006,0.039865280000004485,0.02983179999999601,0.03489360000000412
0.03402,0.04778356000000486,0.036134960000002006,0.03728012000000426
0.034030000000000005,0.045890960000005455,0.03636448000000227,0.04022860000000042
0.03404,0.045421000000002855,0.03410080000000249,0.04485280000000356
0.034050000000000004,0.042983360000004404,0.04254644000000347,0.03749032000000361
0.03406,0.04603192000000373,0.037377399999999554,0.04101891999999944
0.03407,0.033825800000003486,0.04510475999999886,0.035952520000004255
0.034080000000000006,0.04533444000000445,0.046459919999998385,0.05716739999999989
0.03409,0.036717760000004686,0.029855559999996773,0.03917907999999953
0.034100000000000005,0.04277356000000466,0.04159696000000182,0.02880040000000274
0.03411,0.0600889200000024,0.04465675999999847,0.0437841200000038
0.034120000000000004,0.05570568000000315,0.048059039999995966,0.05095352000000036
0.03413,0.045348200000004536,0.04119920000000134,0.03908884000000002
0.034140000000000004,0.039623600000000356,0.03685304000000071,0.037939919999999634
0.03415,0.04852900000000443,0.04578443999999808,0.04463920000000487
0.03416,0.054800760000003855,0.04256336000000014,0.042439920000003704
0.034170000000000006,0.049662760000002665,0.03967383999999716,0.03822268000000058
0.03418,0.038707440000003715,0.04855607999999802,0.036669560000000816
0.034190000000000005,0.031542640000002675,0.04888252000000189,0.02843852000000526
0.0342,0.0378893999999992,0.047309679999997106,0.039032720000001145
0.034210000000000004,0.029001600000004853,0.035641399999997374,0.041157400000002654
0.03422,0.03350484000000097,0.04131548000000162,0.039900640000003776
0.034230000000000003,0.03738576000000521,0.04023800000000216,0.03832936000000522
0.03424,0.032258600000004065,0.05088244000000284,0.0533410800000009
0.03425,0.04795072000000437,0.04838308000000144,0.04070484000000385
0.034260000000000006,0.038857960000003446,0.05233039999999804,0.04496164000000453
0.03427,0.04232280000000307,0.04067819999999914,0.045164080000000204
0.034280000000000005,0.03754080000000442,0.0589232000000013,0.03235844000000526
0.03429,0.04003560000000517,0.042600639999999704,0.04367348000000484
0.034300000000000004,0.039894919999999466,0.054273799999999935,0.03508644000000225
0.03431,0.031274880000001816,0.057034079999999085,0.042078600000004546
0.03432,0.033531880000003275,0.06416939999999897,0.03138956000000524
0.03433,0.028975520000004477,0.06110440000000052,0.034234359999999686
0.03434,0.04969544000000363,0.04429543999999839,0.03862540000000286
0.034350000000000006,0.02814120000000288,0.044414080000000744,0.03867356000000329
0.03436,0.03337732000000208,0.05452511999999758,0.04507080000000147
0.034370000000000005,0.03425568000000504,0.04992819999999796,0.029766559999999415
0.03438,0.03901356000000276,0.03568192000000171,0.04686996000000034
0.034390000000000004,0.03267300000000311,0.04678879999999765,0.0397043599999991
0.0344,0.03403260000000266,0.043345440000002115,0.042839760000003384
0.03441,0.04003484000000001,0.03587295999999801,0.04033184000000284
0.034420000000000006,0.057326520000000915,0.04136543999999636,0.041227440000003314
0.03443,0.049679320000002025,0.04347307999999857,0.038110600000004075
0.034440000000000005,0.03928812000000378,0.05483735999999599,0.044058000000003615
0.03445,0.0510303200000051,0.04039599999999785,0.04339804000000296
0.034460000000000005,0.0409658400000044,0.04404931999999677,0.048854159999999036
0.03447,0.04225668000000294,0.044307080000000665,0.04429855999999958
0.034480000000000004,0.04130324000000309,0.05682976000000202,0.035967559999999746
0.03449,0.043567640000004355,0.03677208000000089,0.05696291999999961
0.0345,0.03029300000000517,0.03470164000000234,0.050137720000004216
0.034510000000000006,0.046407880000004516,0.035564320000002154,0.05645548000000447
0.03452,0.05923443999999985,0.05135360000000212,0.05154764000000379
0.034530000000000005,0.050162519999999745,0.03710587999999634,0.06219383999999982
0.03454,0.04298288000000047,0.045824959999997215,0.04681727999999955
0.034550000000000004,0.04859828000000348,0.04305991999999645,0.05446592000000002
0.03456,0.04207848000000031,0.04282099999999787,0.0425723999999979
0.034570000000000004,0.03529108000000359,0.046131360000002855,0.0442637999999992
0.03458,0.04398735999999962,0.0537655199999986,0.0499443200000019
0.03459,0.0400386799999995,0.03653075999999812,0.04504192000000414
0.034600000000000006,0.039450080000003065,0.04424639999999781,0.051228880000003786
0.03461,0.04361487999999848,0.04763083999999763,0.04360163999999991
0.034620000000000005,0.05562380000000351,0.03245035999999875,0.033029960000003154
0.03463,0.04259616000000213,0.03318211999999651,0.04236620000000326
0.034640000000000004,0.042024880000000805,0.03737992000000069,0.04655375999999825
0.03465,0.038475680000002885,0.03756023999999817,0.0486917599999995
0.03466,0.03549456000000313,0.03806743999999707,0.041482040000002024
0.03467,0.044397680000002875,0.04612011999999669,0.040835159999999655
0.03468,0.04491904000000391,0.03745219999999616,0.04583972000000479
0.034690000000000006,0.04535216000000218,0.03766455999999689,0.048205520000005164
0.0347,0.04790624000000331,0.03482767999999671,0.04404936000000081
0.034710000000000005,0.05388048000000529,0.04170024000000167,0.05243987999999873
0.03472,0.03838240000000492,0.0325816799999972,0.05383636000000336
0.034730000000000004,0.03951320000000041,0.05456068000000381,0.04292596000000031
0.03474,0.04666924000000342,0.042178000000002845,0.04405884000000404
0.03475,0.04583019999999947,0.04440744000000303,0.04121876000000071
0.034760000000000006,0.03818379999999784,0.03366128000000297,0.046543879999999815
0.03477,0.03624775999999869,0.028680359999996876,0.04134544000000205
0.034780000000000005,0.03718787999999873,0.03873323999999602,0.043137479999999846
0.03479,0.05146752000000423,0.04197267999999739,0.05121847999999963
0.034800000000000005,0.05024384000000052,0.03496835999999692,0.056505119999998986
0.03481,0.050254000000003775,0.050272399999997344,0.03876328000000056
0.034820000000000004,0.03985952000000455,0.036535039999997146,0.05286163999999977
0.03483,0.044543480000001336,0.043210519999997636,0.044909319999998226
0.03484,0.04660931999999949,0.03475903999999729,0.03245332000000021
0.034850000000000006,0.03736224000000524,0.027154319999995537,0.041497319999999824
0.03486,0.04912148000000081,0.034246319999995015,0.041098679999999346
0.034870000000000005,0.03965116000000289,0.041274119999998346,0.032905920000002885
0.03488,0.04737724000000098,0.037432599999997804,0.04145088000000344
0.034890000000000004,0.04719883999999971,0.04434559999999882,0.027211399999995858
0.0349,0.05116279999999879,0.04273135999999743,0.03395184000000148
0.034910000000000004,0.04624015999999872,0.039125399999995585,0.04399636000000142
0.03492,0.05348611999999912,0.03967099999999858,0.03314695999999833
0.03493,0.04468704000000066,0.042384479999995534,0.03338751999999915
0.034940000000000006,0.0420018399999989,0.05596975999999795,0.04421356000000311
0.03495,0.04889699999999873,0.042270159999998586,0.05396092000000305
0.034960000000000005,0.04368347999999903,0.04694223999999819,0.046262360000003
0.03497,0.054049959999999224,0.04079715999999707,0.04532036000000209
0.034980000000000004,0.03955311999999728,0.04266843999999703,0.038664479999997475
0.03499,0.03671756000000188,0.04263979999999747,0.04530412000000209
0.035,0.0417061200000043,0.04661039999999811,0.03937124000000296
0.03501,0.03567052000000059,0.04529283999999864,0.052002760000002465
0.03502,0.06094128000000004,0.03518983999999779,0.03421224000000307
0.035030000000000006,0.05385775999999995,0.03388572000000043,0.03839944000000164
0.03504,0.04270100000000065,0.04434751999999768,0.03683288000000248
0.035050000000000005,0.030614840000004667,0.041514279999997496,0.041130080000003275
0.03506,0.03702356000000409,0.040830600000002513,0.022318880000003056
0.035070000000000004,0.03573632000000456,0.03706816000000198,0.034328239999998615
0.03508,0.04133852000000191,0.040026559999999475,0.05011580000000289
0.03509,0.04465671999999925,0.051316159999999514,0.042273999999997126
0.035100000000000006,0.04473011999999968,0.06334080000000386,0.030827519999997863
0.03511,0.04135300000000429,0.045489480000002816,0.03801295999999976
0.035120000000000005,0.04525656000000049,0.0566381600000035,0.03585647999999955
0.03513,0.03932884000000239,0.03582404000000196,0.04135331999999821
0.035140000000000005,0.043938480000000314,0.044878000000003186,0.029619239999997757
0.03515,0.04633439999999973,0.0442841200000006,0.04000840000000098
0.035160000000000004,0.037139760000003415,0.04906019999999925,0.04085436000000132
0.03517,0.04297816000000392,0.04279331999999748,0.043574800000002904
0.03518,0.03787888000000417,0.045803840000000956,0.03763652000000482
0.035190000000000006,0.04967500000000229,0.05691007999999985,0.05625892000000003
0.0352,0.044793639999999635,0.04743343999999896,0.029094359999996853
0.035210000000000005,0.03896215999999811,0.04368832000000291,0.0327440399999972
0.03522,0.041471280000004516,0.051746760000003826,0.04026512000000158
0.035230000000000004,0.042244880000002476,0.036678239999999564,0.04869664000000165
0.03524,0.04296264000000224,0.04739755999999641,0.048110559999998276
0.035250000000000004,0.03704844000000006,0.035713359999999826,0.041884519999997975
0.03526,0.04514892000000413,0.03681343999999807,0.061281159999998516
0.03527,0.047372120000000344,0.03991015999999858,0.0405830000000026
0.035280000000000006,0.06388343999999896,0.0439912799999982,0.05972824000000131
0.03529,0.0572298399999993,0.0445701599999991,0.04245111999999857
0.035300000000000005,0.05471736000000126,0.042744839999999056,0.04119144000000035
0.03531,0.05442908000000093,0.04335619999999962,0.04419551999999935
0.035320000000000004,0.053787319999997946,0.035651039999999135,0.04452347999999864
0.03533,0.0537971599999986,0.025865880000002287,0.04606875999999863
0.03534,0.03851836000000321,0.037023719999996554,0.03241423999999854
0.03535,0.05526639999999881,0.03244535999999707,0.04421604000000202
0.03536,0.044896959999997745,0.03979475999999634,0.04862143999999855
0.035370000000000006,0.050776320000002144,0.04498191999999791,0.05211619999999929
0.03538,0.047620800000003426,0.04068500000000024,0.042916400000000056
0.035390000000000005,0.044287600000003084,0.039874959999998585,0.05107656000000068
0.0354,0.04568544000000421,0.03620831999999962,0.04560035999999925
0.035410000000000004,0.044873799999999756,0.04234836000000346,0.03839331999999883
0.03542,0.03619796000000512,0.03918391999999877,0.030171319999998253
0.03543,0.03944472000000064,0.03462207999999933,0.048889600000001796
0.035440000000000006,0.04164396000000447,0.04154075999999629,0.05310244000000346
0.03545,0.04156856000000095,0.04824856000000243,0.044396720000002055
0.035460000000000005,0.052160000000001684,0.04322295999999676,0.051597200000002175
0.03547,0.049342440000003616,0.03672571999999767,0.04649387999999969
0.035480000000000005,0.032398960000004744,0.03525823999999913,0.04486735999999911
0.03549,0.048925040000000954,0.04019696000000158,0.038997440000002215
0.035500000000000004,0.0448377999999998,0.03852847999999763,0.03826311999999811
0.03551,0.04286436000000441,0.0493627599999988,0.037752879999996436
0.03552,0.04335668000000405,0.0420348400000008,0.03387368000000433
0.035530000000000006,0.0548820000000035,0.033387239999997986,0.03690516000000083
0.03554,0.04213940000000392,0.04849011999999705,0.027066720000004194
0.035550000000000005,0.049006800000001814,0.04764475999999848,0.044472280000001925
0.03556,0.042152080000003894,0.05335936000000084,0.03378443999999831
0.035570000000000004,0.04842096000000406,0.04842587999999694,0.03633315999999587
0.03558,0.04502164000000289,0.04135335999999621,0.0407078399999994
0.035590000000000004,0.048994280000003755,0.03408719999999753,0.052952919999998974
0.0356,0.03336260000000086,0.03654187999999584,0.03247155999999651
0.03561,0.037182800000005185,0.04043707999999733,0.031290719999998926
0.035620000000000006,0.05358780000000419,0.04118463999999802,0.048522800000000525
0.03563,0.05080080000000075,0.05413987999999872,0.055290199999999935
0.035640000000000005,0.04259600000000428,0.03752827999999837,0.04322424000000348
0.03565,0.05041720000000382,0.035695119999996895,0.052656280000003754
0.035660000000000004,0.05146608000000439,0.03734719999999578,0.04021768000000224
0.03567,0.043373560000002406,0.03812527999999714,0.0418068800000022
0.03568,0.036399000000001416,0.04072039999999638,0.037380040000002224
0.03569,0.037655200000005225,0.039348479999998534,0.041073240000000705
0.0357,0.054987240000002595,0.04638183999999632,0.03637379999999754
0.035710000000000006,0.03665264000000372,0.04188159999999671,0.0349532400000021
0.03572,0.039190000000004416,0.04879667999999818,0.05014932000000119
0.035730000000000005,0.04698220000000482,0.0538180799999985,0.03081019999999604
0.03574,0.03908784000000446,0.05631207999999922,0.047322080000001356
0.035750000000000004,0.04441664000000314,0.05783511999999934,0.04251259999999716
0.03576,0.05761172000000399,0.054403199999999804,0.03818963999999725
0.03577,0.05130048000000471,0.04376224000000039,0.04601331999999737
0.035780000000000006,0.041540960000004186,0.05105020000000389,0.05760659999999763
0.03579,0.04750020000000291,0.0632089200000021,0.053822439999997584
0.035800000000000005,0.04453164000000427,0.05940268000000268,0.04378760000000009
0.03581,0.04811048000000422,0.054670760000002816,0.03505655999999804
0.035820000000000005,0.05857516000000416,0.039061760000001014,0.04332403999999862
0.03583,0.051108040000005156,0.04525484000000154,0.043626319999999726
0.035840000000000004,0.04599308000000207,0.04456704000000457,0.04717015999999924
0.03585,0.051972000000005174,0.04015176000000412,0.04964475999999711
0.03586,0.05122060000000049,0.03342904000000267,0.047406879999995724
0.035870000000000006,0.043184600000000885,0.03640240000000046,0.06117287999999712
0.03588,0.04727672000000542,0.04324155999999674,0.059306039999998166
0.035890000000000005,0.04943616000000397,0.03496127999999908,0.04641659999999642
0.0359,0.04939512000000558,0.06075088000000146,0.04592759999999724
0.035910000000000004,0.05263868000000543,0.05537727999999917,0.04050603999999598
0.03592,0.052365480000005606,0.052039800000000025,0.04150863999999874
0.035930000000000004,0.07667508000000565,0.04189576000000089,0.028809319999995843
0.03594,0.06265044000000597,0.030750360000000077,0.03303016
0.03595,0.051947120000005745,0.041758160000002625,0.03450811999999855
0.035960000000000006,0.06093424000000458,0.04998912000000286,0.05912184000000458
0.03597,0.05847700000000559,0.036662560000000434,0.0505006000000048
0.035980000000000005,0.05535164000000529,0.059404000000001206,0.04245216000000417
0.03599,0.05269644000000567,0.04636312000000115,0.03066644000000386
0.036000000000000004,0.06031672000000397,0.04266016000000126,0.030987360000004783
0.03601,0.04191696000000428,0.047090600000000676,0.0426548000000001
0.03602,0.04608092000000393,0.036747000000002895,0.03719412000000377
0.03603,0.03719392000000394,0.05219312000000166,0.047485760000001785
0.03604,0.035525639999999574,0.03895188000000219,0.02542276000000211
0.036050000000000006,0.03926636000000446,0.04726976000000206,0.041472560000004564
0.03606,0.045783720000002866,0.03722491999999693,0.035448920000001376
0.036070000000000005,0.04095368000000233,0.04163196000000065,0.033680000000002236
0.03608,0.0438249600000045,0.04130291999999844,0.045931840000002964
0.036090000000000004,0.04421232000000321,0.04326635999999913,0.04363452000000323
0.0361,0.04103420000000566,0.04670527999999892,0.033610120000004226
0.03611,0.043595880000004306,0.0453087599999984,0.040075440000000156
0.036120000000000006,0.03858248000000458,0.055413239999998656,0.04054536000000206
0.03613,0.05216764000000209,0.05225679999999912,0.040820160000004026
0.036140000000000005,0.037624720000004885,0.03235347999999633,0.041812760000004244
0.03615,0.036278120000004285,0.04333172,0.04207800000000309
0.036160000000000005,0.04939283999999982,0.03554791999999867,0.03598840000000446
0.03617,0.045225440000000866,0.05235515999999869,0.04319755999999861
0.036180000000000004,0.04911152000000456,0.03836295999999926,0.03681764000000294
0.03619,0.04950032000000452,0.030337799999997177,0.04379596000000321
0.0362,0.05359000000000419,0.04609332000000179,0.031076000000005204
0.036210000000000006,0.049927840000005504,0.03476787999999609,0.034080560000001606
0.03622,0.04407908000000447,0.0295884000000033,0.030312080000002215
0.036230000000000005,0.053232080000004706,0.03400948000000285,0.03592876000000228
0.03624,0.03841292000000426,0.043981879999997704,0.05470168000000286
0.036250000000000004,0.0583596800000041,0.04729403999999697,0.05083508000000308
0.03626,0.05773484000000405,0.055675200000001916,0.03823396000000289
0.036270000000000004,0.053726599999999694,0.04234352000000099,0.04357484000000385
0.03628,0.051889840000004246,0.0618207200000005,0.04709268000000307
0.03629,0.06422020000000059,0.056107080000000406,0.042206880000003166
0.036300000000000006,0.05345996000000092,0.039151599999997275,0.0458195600000033
0.03631,0.041342480000004504,0.043807279999996056,0.03703747999999816
0.036320000000000005,0.05144332000000505,0.06284903999999852,0.032352039999998555
0.03633,0.049088600000000183,0.03906983999999658,0.04118803999999868
0.036340000000000004,0.03463576000000363,0.050965879999997625,0.0494791200000007
0.03635,0.041639079999999114,0.05413811999999726,0.0398374799999983
0.03636,0.05148456000000041,0.05964259999999957,0.043342040000000484
0.03637,0.049216320000001264,0.04962011999999786,0.03450415999999992
0.03638,0.055152520000000316,0.04817091999999633,0.03198304000000051
0.036390000000000006,0.04498168000000024,0.0617400399999972,0.04571724000000351
0.0364,0.06213471999999996,0.04572643999999647,0.033945359999999244
0.036410000000000005,0.04646051999999992,0.036596959999997764,0.04997971999999992
0.03642,0.03654328000000368,0.047568759999996796,0.04006083999999853
0.036430000000000004,0.04748876000000011,0.03976208000000121,0.033651879999999176
0.03644,0.04901919999999962,0.043240319999999575,0.048448079999999207
0.03645,0.05257571999999879,0.05223843999999739,0.04791423999999924
0.036460000000000006,0.050140040000005236,0.060784959999999395,0.04484215999999634
0.03647,0.05212251999999907,0.04892992000000268,0.04132087999999713
0.036480000000000005,0.0416392800000036,0.05004767999999863,0.030329519999995842
0.03649,0.04483303999999932,0.05025564000000191,0.03711003999999941
0.036500000000000005,0.041793599999998994,0.04218935999999691,0.04707855999999627
0.03651,0.05597532000000008,0.038393919999996286,0.05134071999999654
0.036520000000000004,0.05966348000000054,0.038158719999996725,0.03907183999999729
0.03653,0.04059683999999969,0.04566663999999687,0.0398041999999965
0.03654,0.03859752000000004,0.049854759999996535,0.03912436000000138
0.036550000000000006,0.03606420000000222,0.05695759999999755,0.042033080000002415
0.03656,0.04990556000000091,0.06384183999999661,0.03440244000000322
0.036570000000000005,0.04706440000000318,0.05208783999999594,0.03368552000000253
0.03658,0.05122979999999855,0.044324839999995834,0.03866540000000073
0.036590000000000004,0.04715547999999801,0.04755735999999672,0.03093035999999845
0.0366,0.04308892000000342,0.05297595999999761,0.04256972000000278
0.036610000000000004,0.04193531999999962,0.05786283999999714,0.0342820799999994
0.03662,0.05499144000000062,0.06550359999999705,0.04605139999999774
0.03663,0.05039088000000019,0.057941199999997514,0.04995667999999963
0.036640000000000006,0.04357804000000287,0.04227915999999726,0.043385799999999024
0.03665,0.048485320000004425,0.054652119999997216,0.04773919999999705
0.036660000000000005,0.04675516000000306,0.05443891999999715,0.039763879999997434
0.03667,0.04538532000000076,0.04860715999999772,0.025434479999997223
0.036680000000000004,0.039004480000004865,0.052720959999998776,0.021711000000002558
0.03669,0.04472360000000403,0.05048495999999892,0.032167119999999445
0.0367,0.04486544000000416,0.05484383999999871,0.0384160000000013
0.03671,0.03309864000000184,0.06549355999999747,0.037275360000003685
0.03672,0.03846083999999752,0.05198495999999894,0.04132544000000206
0.036730000000000006,0.027454360000004542,0.04861875999999801,0.0400296800000009
0.03674,0.028865320000002876,0.047484439999998296,0.050087800000004117
0.036750000000000005,0.031556520000004584,0.04319799999999806,0.05183676000000382
0.03676,0.0373374400000034,0.04665491999999821,0.048914440000004916
0.036770000000000004,0.04380248000000025,0.05230475999999903,0.03197576000000162
0.03678,0.030066800000004983,0.05161979999999881,0.024530839999998895
0.03679,0.03578983999999943,0.03296751999999754,0.04918607999999903
0.036800000000000006,0.029993000000003867,0.034258359999997635,0.041974160000003556
0.03681,0.03834232000000573,0.036987639999996984,0.04091115999999988
0.036820000000000006,0.036523520000003806,0.04228447999999724,0.03142320000000374
0.03683,0.04377312000000063,0.03402935999999735,0.033520399999999215
0.036840000000000005,0.040726799999998446,0.03494607999999717,0.04170255999999915
0.03685,0.043895919999997514,0.040533159999997535,0.05005855999999961
0.036860000000000004,0.04125300000000037,0.04731023999999747,0.047381120000000734
0.03687,0.04182068000000151,0.056555360000002386,0.029535160000004387
0.03688,0.036287160000002545,0.04771056000000256,0.02879656000000232
0.036890000000000006,0.029541880000003934,0.050023320000001426,0.040620800000003815
0.0369,0.03300311999999976,0.05669684000000162,0.051447360000002995
0.036910000000000005,0.045686120000000496,0.04886392000000095,0.07030612000000164
0.03692,0.03850548000000042,0.05152416000000101,0.06067388000000087
0.036930000000000004,0.03319235999999814,0.03807283999999579,0.023099960000002612
0.03694,0.03704236000000425,0.02942587999999653,0.03817056000000352
0.036950000000000004,0.04592804000000464,0.04327023999999676,0.026947520000000197
0.03696,0.06615780000000376,0.045197799999998546,0.030730559999999
0.03697,0.0368938800000043,0.053219600000001574,0.030720360000002903
0.036980000000000006,0.05187260000000404,0.037017119999997655,0.02660704000000384
0.03699,0.06058956000000376,0.03166376000000084,0.038736279999999
0.037000000000000005,0.04214947999999824,0.0565098800000015,0.03060723999999887
0.03701,0.05610099999999875,0.0465495200000027,0.04075099999999933
0.037020000000000004,0.04595592000000064,0.03226775999999523,0.026143679999997293
0.03703,0.04681164000000301,0.038836559999999014,0.042438840000002684
0.037040000000000003,0.05059824000000123,0.04183279999999975,0.03177084000000157
0.03705,0.05024312000000393,0.05188623999999779,0.030678119999997887
0.03706,0.042635319999999054,0.047904600000002226,0.03207884000000206
0.037070000000000006,0.031228080000002954,0.03935072000000291,0.03469751999999973
0.03708,0.04048892000000336,0.0539021599999975,0.02895531999999755
0.037090000000000005,0.032371759999999236,0.042682839999997405,0.043139919999999
0.0371,0.050748759999997374,0.04315435999999751,0.03514812000000365
0.037110000000000004,0.041480360000003484,0.03808287999999688,0.027703160000004154
0.03712,0.044643760000002704,0.03797979999999661,0.03667983999999975
0.03713,0.030002640000004174,0.04528287999999703,0.049984240000000124
0.037140000000000006,0.03155639999999914,0.05427931999999814,0.04466368000000391
0.03715,0.026639680000000165,0.05476259999999652,0.04931468000000224
0.037160000000000006,0.032352520000004215,0.04152507999999836,0.04765084000000181
0.03717,0.03825892000000303,0.04366207999999851,0.050255320000002386
0.037180000000000005,0.0410179600000001,0.03738543999999679,0.05645472000000217
0.03719,0.03129704000000453,0.04456479999999764,0.04364572000000288
0.037200000000000004,0.03537272000000415,0.049269719999996096,0.038809880000002336
0.03721,0.03459796000000346,0.047782599999998135,0.05125516000000039
0.03722,0.05219748000000366,0.04795043999999805,0.048802480000001175
0.037230000000000006,0.04087404000000324,0.05549491999999757,0.0341036800000026
0.03724,0.04048455999999858,0.046053960000002156,0.03527356000000292
0.037250000000000005,0.03270568000000407,0.042189839999997,0.032806080000004685
0.03726,0.03679715999999915,0.05196023999999637,0.05215816000000323
0.037270000000000005,0.03789528000000275,0.04416667999999671,0.05230836000000147
0.03728,0.04854523999999821,0.04497795999999745,0.04736759999999887
0.037290000000000004,0.04220667999999928,0.04245931999999852,0.030949360000004433
0.0373,0.03592315999999947,0.04989179999999915,0.03482680000000255
0.03731,0.048070800000003466,0.040044519999995386,0.0549049600000008
0.037320000000000006,0.0408122400000028,0.04440207999999625,0.042177840000002624
0.03733,0.034947160000003724,0.0478744799999963,0.04365344000000101
0.037340000000000005,0.03657076000000352,0.05642168000000052,0.034589359999999965
0.03735,0.03804384000000487,0.06579880000000166,0.03334656000000096
0.037360000000000004,0.03662828000000107,0.04441192000000017,0.04908307999999665
0.03737,0.0394444400000039,0.0456730799999969,0.03739183999999744
0.037380000000000004,0.03996560000000342,0.04298191999999591,0.03938483999999813
0.03739,0.035586880000003714,0.04218047999999748,0.04003575999999834
0.0374,0.03807844000000375,0.04420143999999836,0.04371907999999776
0.037410000000000006,0.03951708000000247,0.046158999999999235,0.04380083999999986
0.03742,0.04692268000000301,0.04339059999999807,0.0354946399999972
0.037430000000000005,0.052558239999998466,0.04299847999999841,0.04544719999999794
0.03744,0.047034719999998455,0.04801719999999982,0.044605759999998294
0.037450000000000004,0.03649475999999797,0.03947380000000008,0.030174480000000697
0.03746,0.028354800000002792,0.031462759999997474,0.0295442399999971
0.03747,0.04175840000000325,0.03700272000000137,0.02609703999999744
0.037480000000000006,0.04133644000000358,0.05105840000000164,0.022986279999999915
0.03749,0.04591624000000172,0.031976279999998414,0.026925599999996372
0.037500000000000006,0.0362550400000035,0.032974799999997514,0.03624607999999612
0.03751,0.03591999999999817,0.03845392000000193,0.047587040000000934
0.037520000000000005,0.03362608000000285,0.05282987999999816,0.04261984000000298
0.03753,0.04100212000000115,0.06046648000000308,0.04056392000000295
0.037540000000000004,0.03929040000000411,0.04860932000000307,0.037068200000000655
0.03755,0.022974319999999198,0.04722495999999843,0.03914944000000272
0.03756,0.036430799999999076,0.05720047999999851,0.05247620000000072
0.037570000000000006,0.0447149999999993,0.035358359999997674,0.05077103999999828
0.03758,0.05587436000000011,0.043300160000002,0.04641723999999899
0.037590000000000005,0.05337036000000003,0.033360680000000094,0.04416035999999896
0.0376,0.053045879999999726,0.03512428000000156,0.04341579999999913
0.037610000000000005,0.04764044000000352,0.033004359999996326,0.050997159999998924
0.03762,0.046063600000004486,0.04655492000000077,0.046398120000003255
0.037630000000000004,0.029768240000004307,0.047423919999998246,0.034960960000003545
0.03764,0.03698884000000186,0.053307159999999465,0.03836208000000212
0.03765,0.03541072000000407,0.04123615999999711,0.03602167999999828
0.037660000000000006,0.04996312000000217,0.04418211999999736,0.03626923999999777
0.03767,0.04445940000000335,0.038592439999998784,0.033040359999997236
0.037680000000000005,0.04226540000000018,0.04406451999999818,0.05199267999999905
0.03769,0.0435671200000029,0.05303948000000277,0.03476523999999723
0.037700000000000004,0.03876504000000271,0.03753632000000288,0.04487524000000075
0.03771,0.049238120000002945,0.037829159999999154,0.046974279999996975
0.037720000000000004,0.046930040000003274,0.058384200000001774,0.038688479999999116
0.03773,0.04077184000000258,0.05517984000000143,0.02573303999999682
0.03774,0.03095224000000082,0.040896759999998505,0.0476065600000026
0.037750000000000006,0.03961908000000287,0.036747080000001126,0.045871280000000944
0.03776,0.049418559999999265,0.037226479999997154,0.028222239999997064
0.037770000000000005,0.0403849199999969,0.053190319999998056,0.039009560000001595
0.03778,0.03691991999999749,0.03412335999999697,0.0317004800000038
0.037790000000000004,0.04808952000000027,0.030444559999996047,0.03644060000000005
0.0378,0.043349759999998884,0.03724324000000176,0.04178771999999977
0.03781,0.03314688000000018,0.049350800000002845,0.044020840000002115
0.037820000000000006,0.04831016000000063,0.0500637200000036,0.0380256000000036
0.03783,0.037325080000003334,0.048342360000002284,0.03697152000000454
0.037840000000000006,0.043378280000002614,0.0468079199999986,0.053230920000004026
0.03785,0.02321348000000254,0.028957000000002772,0.03792832000000419
0.037860000000000005,0.031948520000001215,0.03436716000000227,0.02860715999999838
0.03787,0.047574440000003784,0.040899440000002216,0.050077079999998636
0.037880000000000004,0.050713999999999225,0.036942360000001936,0.03536792000000094
0.03789,0.04841400000000393,0.040944520000000845,0.044688839999998106
0.0379,0.018133280000002805,0.0386401999999992,0.0431703599999996
0.037910000000000006,0.03859572000000157,0.03926303999999896,0.04132644000000435
0.03792,0.02708899999999814,0.03241975999999827,0.035916120000003
0.037930000000000005,0.03643335999999732,0.04068527999999654,0.0452411599999979
0.03794,0.033508799999997285,0.050730600000002554,0.04766415999999878
0.037950000000000005,0.027343199999998107,0.04391524000000184,0.05595867999999802
0.03796,0.032947879999999596,0.03626295999999768,0.04854351999999916
0.037970000000000004,0.033861160000002534,0.04096627999999798,0.04681623999999755
0.03798,0.05206488000000344,0.0544153600000037,0.04904207999999849
0.03799,0.042666720000002864,0.04025652000000265,0.056352999999998564
0.038000000000000006,0.03624620000000235,0.034025440000000975,0.0348820799999982
0.03801,0.04282696000000415,0.043553160000002575,0.03141499999999763
0.038020000000000005,0.040166720000005415,0.052566320000003296,0.02697263999999711
0.03803,0.02795248000000378,0.05206960000000169,0.02933863999999702
0.038040000000000004,0.04599820000000405,0.04068768000000253,0.03905107999999809
0.03805,0.03154824000000428,0.03493144000000269,0.026887879999999944
0.038060000000000004,0.028382760000004316,0.04168767999999969,0.03873856000000048
0.03807,0.027093920000002457,0.04358247999999935,0.033466400000000424
0.03808,0.0302998000000049,0.03779623999999871,0.040203999999997186
0.038090000000000006,0.05207580000000034,0.03472907999999894,0.04648091999999831
0.0381,0.03400160000000304,0.03947912000000216,0.056298639999998006
0.038110000000000005,0.03355620000000188,0.03730975999999908,0.05665211999999782
0.03812,0.024883479999999375,0.027169759999999096,0.03258715999999763
0.038130000000000004,0.03575312000000041,0.035448120000000534,0.03551151999999791
0.03814,0.04955540000000069,0.04667984000000187,0.041012000000002824
0.03815,0.04726320000000058,0.028613839999996622,0.030364640000001778
0.038160000000000006,0.037892639999999665,0.04031664000000205,0.03858820000000076
0.03817,0.06482764000000116,0.043720199999998335,0.025249759999996884
0.038180000000000006,0.04481856000000102,0.03982784000000306,0.03386355999999604
0.03819,0.03373668000000023,0.03966356000000314,0.033658039999995594
0.038200000000000005,0.04238335999999961,0.04043091999999761,0.04949291999999779
0.03821,0.0333567999999975,0.04441547999999679,0.046553759999999424
0.038220000000000004,0.038146960000001826,0.04682135999999768,0.03405904000000106
0.03823,0.04218540000000015,0.03819719999999719,0.02756195999999759
0.03824,0.036773639999995465,0.04476367999999656,0.041215199999999626
0.038250000000000006,0.044098760000000944,0.04085859999999642,0.051703639999998205
0.03826,0.035028360000002035,0.03888015999999651,0.04760919999999848
0.038270000000000005,0.03121548000000197,0.048485439999996334,0.0499597200000005
0.03828,0.03638079999999921,0.057334600000000034,0.04915263999999952
0.038290000000000005,0.03673819999999868,0.0396815199999963,0.02999743999999955
0.0383,0.04188979999999801,0.03697627999999604,0.04672084000000283
0.038310000000000004,0.041713760000003805,0.03621739999999727,0.04432476000000312
0.03832,0.028610719999999375,0.03185540000000215,0.056549919999998685
0.03833,0.053038839999999705,0.04262740000000199,0.04632436000000331
0.038340000000000006,0.03862359999999695,0.03745843999999701,0.04960692000000465
0.03835,0.03160727999999953,0.04844171999999749,0.05560692000000453
0.038360000000000005,0.038900959999999596,0.036694479999997746,0.050521280000001355
0.03837,0.0428329199999983,0.044534759999996815,0.0454130000000029
0.038380000000000004,0.05029575999999993,0.06197583999999994,0.042515039999998276
0.03839,0.04335155999999826,0.043658360000000646,0.03880708000000321
0.038400000000000004,0.04196188000000214,0.02761891999999633,0.04540368000000308
0.03841,0.03235348000000058,0.047678879999999285,0.04783044000000293
0.03842,0.03154404000000259,0.04823375999999626,0.05537364000000145
0.038430000000000006,0.03738632000000477,0.04329835999999782,0.046897040000001576
0.03844,0.03461796000000422,0.053598839999997136,0.03869580000000412
0.038450000000000005,0.04438536000000375,0.053175279999996924,0.04289023999999989
0.03846,0.038575600000001535,0.03508395999999676,0.039523000000001966
0.038470000000000004,0.04017500000000386,0.03591523999999699,0.03489939999999831
0.03848,0.0547760400000018,0.031107559999996204,0.04337583999999906
0.03849,0.03877972000000331,0.043953719999997205,0.04394444000000324
0.038500000000000006,0.044726720000004314,0.04814867999999741,0.05214759999999905
0.03851,0.04102148000000397,0.03635027999999601,0.06192023999999931
0.038520000000000006,0.04315368000000052,0.0441555199999956,0.05936084000000345
0.03853,0.03465412000000065,0.03517031999999822,0.050802560000004035
0.038540000000000005,0.03801216000000377,0.027904999999996308,0.054617720000003166
0.03855,0.046932720000003966,0.03364660000000202,0.0502889200000031
0.038560000000000004,0.045833120000004016,0.03542860000000207,0.04719632000000323
0.03857,0.030447239999997985,0.0430121199999971,0.040888520000002516
0.03858,0.040903959999998955,0.0387030400000017,0.05012824000000069
0.038590000000000006,0.03163211999999814,0.04235348000000244,0.04362724000000246
0.0386,0.04180272000000254,0.049437560000002344,0.03458812000000397
0.038610000000000005,0.04776488000000321,0.05676119999999913,0.04404496000000203
0.03862,0.04789504000000371,0.0423828000000018,0.038322119999996254
0.038630000000000005,0.04359640000000355,0.0507974400000021,0.046209479999997284
0.03864,0.02940787999999931,0.03060320000000033,0.037035679999997684
0.038650000000000004,0.049338680000002834,0.040220240000003585,0.0533566799999992
0.03866,0.040428200000001385,0.03991432000000324,0.05387103999999822
0.03867,0.0286784400000024,0.03764812000000066,0.051346999999997485
0.038680000000000006,0.0389763200000003,0.04628968000000223,0.047061239999998214
0.03869,0.035258720000003206,0.04287908000000255,0.04118727999999686
0.038700000000000005,0.038840799999999176,0.044602360000000854,0.0418707999999988
0.03871,0.04207648000000339,0.05025444000000135,0.03810943999999731
0.038720000000000004,0.028891000000003227,0.029326320000001144,0.038590119999999443
0.03873,0.03939799999999952,0.031764799999995784,0.05741156000000047
0.038740000000000004,0.037038479999996814,0.04291907999999565,0.03331223999999627
0.03875,0.048748679999999024,0.040744240000000743,0.038076079999997195
0.03876,0.04525580000000109,0.035761359999995586,0.04417719999999895
0.038770000000000006,0.04753864000000196,0.041760879999995365,0.03884615999999865
0.03878,0.04244136000000319,0.036844239999997495,0.037918519999999005
0.038790000000000005,0.03680296000000242,0.035080439999997694,0.05279763999999706
0.0388,0.03023468000000338,0.03695376000000221,0.04278779999999655
0.038810000000000004,0.02951043999999991,0.03654515999999632,0.0444095999999966
0.03882,0.030186119999995514,0.03853691999999995,0.03779911999999952
0.03883,0.03234763999999928,0.030462599999998063,0.03484044000000032
0.038840000000000006,0.04240816000000098,0.037762279999998746,0.04206407999999724
0.03885,0.043336960000003776,0.042546839999999926,0.04758132000000251
0.038860000000000006,0.032855720000004814,0.025669959999996904,0.05049912000000215
0.03887,0.04603076000000295,0.041125240000001895,0.03954152000000191
0.038880000000000005,0.03498279999999827,0.045917719999997476,0.037650439999998564
0.03889,0.047393760000004476,0.03607096000000102,0.0593753200000033
0.038900000000000004,0.03803432000000536,0.027570079999998835,0.050557240000002286
0.03891,0.033999600000004224,0.03946863999999822,0.029552679999996962
0.03892,0.03554240000000519,0.04141099999999822,0.03194375999999606
0.038930000000000006,0.031393679999999334,0.037880480000000535,0.04639255999999805
0.03894,0.045655200000002574,0.03763823999999913,0.03849068000000309
0.038950000000000005,0.03852608000000363,0.0427999599999976,0.04706151999999855
0.03896,0.029205600000002573,0.04502708000000264,0.047383400000002254
0.038970000000000005,0.025409760000003542,0.03919048000000184,0.061716840000002264
0.03898,0.034484320000000325,0.06170272000000213,0.05104267999999752
0.038990000000000004,0.03362968000000525,0.05727800000000233,0.04761788000000179
0.039,0.03735704000000467,0.04863480000000092,0.050906280000004626
0.03901,0.03618576000000281,0.05078112000000276,0.0449255600000039
0.039020000000000006,0.0430111200000041,0.05733840000000317,0.058960320000003646
0.03903,0.04708288000000404,0.053286400000001795,0.037237999999999695
0.039040000000000005,0.049536480000004976,0.0634860400000036,0.04623155999999986
0.03905,0.03893044000000275,0.06012028000000356,0.038746359999999064
0.039060000000000004,0.04013496000000382,0.060394160000003375,0.05024384000000422
0.03907,0.04263648000000495,0.05912148000000301,0.049030640000004455
0.039080000000000004,0.039079840000003196,0.05028879999999859,0.04938856000000338
0.03909,0.030477640000002235,0.04227044000000321,0.03835295999999919
0.0391,0.035710280000004625,0.055420880000003475,0.050488360000000794
0.039110000000000006,0.035924880000000214,0.04306143999999889,0.0508254000000045
0.03912,0.047043080000003075,0.043605040000003044,0.0388759600000033
0.039130000000000005,0.03985272000000129,0.04845432000000131,0.04367388000000031
0.03914,0.03446592000000301,0.0406551999999973,0.03819640000000307
0.039150000000000004,0.038313280000004196,0.05007352000000282,0.04673511999999808
0.03916,0.03048268000000369,0.04108100000000349,0.028194039999998893
0.03917,0.03131756000000544,0.04149520000000063,0.021961200000001974
0.039180000000000006,0.038792000000000396,0.04090968000000052,0.042576200000000335
0.03919,0.047736040000002256,0.036009960000001576,0.046602320000000905
0.039200000000000006,0.0407372000000042,0.037315959999998476,0.028768399999996315
0.03921,0.028841560000004363,0.046883160000001776,0.02894716000000009
0.039220000000000005,0.04371796000000402,0.03654796000000112,0.028960600000000433
0.03923,0.03298300000000464,0.03470416000000272,0.04217763999999817
0.039240000000000004,0.03074160000000259,0.02561840000000082,0.03982515999999862
0.03925,0.032237360000004295,0.04094220000000208,0.038288079999999156
0.03926,0.037057240000004495,0.03228755999999581,0.03915475999999963
0.039270000000000006,0.04868976000000478,0.03260903999999926,0.0499672799999988
0.03928,0.04304824000000359,0.03456923999999625,0.040963119999998694
0.039290000000000005,0.05203360000000338,0.04948308000000181,0.05186015999999856
0.0393,0.05130808000000249,0.035777080000001904,0.035738839999998134
0.039310000000000005,0.044447919999999023,0.03483160000000126,0.027430400000001673
0.03932,0.04906852000000391,0.034524920000000396,0.04289472000000135
0.039330000000000004,0.037710000000003616,0.03434011999999563,0.052136560000001775
0.03934,0.03651184000000435,0.034774479999995424,0.035267439999998366
0.03935,0.03755584000000373,0.051845919999996916,0.038699279999999
0.039360000000000006,0.0503620400000056,0.043382359999997885,0.03783831999999861
0.03937,0.04137760000000315,0.04981431999999771,0.0369034399999987
0.039380000000000005,0.037433200000005135,0.06143095999999889,0.04451351999999727
0.03939,0.03383416000000366,0.05572215999999847,0.027970400000002373
0.039400000000000004,0.04652080000000569,0.047078279999997315,0.03017515999999768
0.03941,0.037786280000005376,0.0455999599999981,0.04040747999999865
0.039420000000000004,0.045540040000004826,0.04216943999999765,0.04816379999999776
0.03943,0.032366439999998976,0.04880039999999808,0.057489799999998904
0.03944,0.05323040000000484,0.03517527999999834,0.04851031999999738
0.039450000000000006,0.04672920000000501,0.03815659999999539,0.04323268000000248
0.03946,0.036943760000002816,0.0370895199999987,0.038093919999998546
0.039470000000000005,0.05451088000000188,0.039027160000000664,0.030504279999999665
0.03948,0.05308572000000101,0.04444828000000072,0.04270531999999669
0.039490000000000004,0.04640823999999926,0.0442822000000018,0.03618323999999657
0.0395,0.028810000000003985,0.034347639999998805,0.04500639999999777
0.03951,0.036432440000002383,0.03208875999999606,0.03671595999999761
0.039520000000000007,0.0396784800000003,0.044288360000000616,0.049744959999997285
0.03953,0.04105020000000189,0.041541759999996944,0.04967083999999894
0.039540000000000006,0.043512120000000744,0.03477004000000073,0.046699919999997494
0.03955,0.06494204000000071,0.02857600000000057,0.05042031999999889
0.039560000000000005,0.04815500000000031,0.036203839999996414,0.03194359999999685
0.03957,0.040252760000003523,0.044490759999998145,0.04493051999999761
0.039580000000000004,0.030920079999998244,0.025575039999999133,0.04126723999999708
0.03959,0.030049560000001477,0.03634035999999625,0.033272799999997785
0.0396,0.03097824000000252,0.049559480000004506,0.03856843999999663
0.039610000000000006,0.03694916000000025,0.053800720000002626,0.047301679999997195
0.03962,0.0273712399999988,0.045116240000003215,0.051727239999998634
0.039630000000000006,0.03897732000000243,0.04088688000000236,0.04330875999999958
0.03964,0.045182880000002916,0.03854839999999827,0.03426196000000388
0.039650000000000005,0.041463880000003527,0.04035959999999918,0.034013519999999034
0.03966,0.036880400000001715,0.03946884000000192,0.03607967999999998
0.039670000000000004,0.02833403999999861,0.03741728000000287,0.03959755999999893
0.03968,0.04559656000000076,0.04748847999999759,0.04148911999999656
0.03969,0.035884079999999256,0.06327875999999781,0.03373731999999814
0.039700000000000006,0.030085479999998527,0.052515679999997684,0.030701119999998243
0.03971,0.035786359999998685,0.04254171999999736,0.04515503999999939
0.039720000000000005,0.02908620000000403,0.03839643999999714,0.04258719999999998
0.03973,0.028295560000003783,0.03709524000000007,0.041346520000004154
0.039740000000000004,0.023635640000000013,0.04686535999999798,0.04289755999999829
0.03975,0.041535880000003286,0.05250463999999713,0.059213760000005056
0.039760000000000004,0.03279644000000441,0.04239444000000195,0.05526168000000454
0.03977,0.04536688000000023,0.0389442399999982,0.05818604000000484
0.03978,0.0682711200000007,0.040940239999998705,0.05299067999999937
0.039790000000000006,0.037460160000000006,0.043957040000000905,0.04158735999999869
0.0398,0.030309640000003902,0.05111043999999681,0.06152355999999667
0.039810000000000005,0.042799439999997475,0.05292267999999897,0.05217595999999633
0.03982,0.027479040000001467,0.03613207999999699,0.049350679999996726
0.039830000000000004,0.028928239999999165,0.04498436000000114,0.04908983999999611
0.03984,0.04231688000000385,0.03918787999999818,0.04211987999999564
0.039850000000000003,0.042566880000001965,0.03918504000000171,0.04563315999999695
0.03986000000000001,0.04434216000000037,0.04781584000000223,0.04388383999999625
0.03987,0.03677768000000005,0.05012824000000126,0.056588959999997246
0.039880000000000006,0.03300668000000156,0.048158280000001046,0.04219795999999714
0.03989,0.03488816000000328,0.03661660000000125,0.04382287999999587
0.039900000000000005,0.04553360000000276,0.02916608000000005,0.037646480000001536
0.03991,0.042410800000001574,0.0377365199999986,0.035466879999998174
0.039920000000000004,0.04850475999999862,0.037060080000002556,0.03628908000000228
0.03993,0.047843200000002466,0.04377615999999821,0.047941520000002694
0.03994,0.04262571999999967,0.05587344000000183,0.047436240000002246
0.039950000000000006,0.03717252000000329,0.057332239999999646,0.041234799999997684
0.03996,0.03636800000000026,0.04322739999999676,0.059243799999999784
0.039970000000000006,0.036778680000002235,0.044766600000000795,0.04893591999999981
0.03998,0.045642079999999634,0.03880736000000024,0.051686439999998945
0.039990000000000005,0.0444750000000002,0.05144772000000177,0.045468279999996614
0.04,0.05898443999999995,0.03258619999999741,0.037503479999998916
0.040010000000000004,0.050000639999996585,0.03655656000000049,0.03324711999999537
0.04002,0.04284583999999648,0.02926819999999794,0.034944959999998304
0.04003,0.051640199999998984,0.03871959999999731,0.04625111999999771
0.040040000000000006,0.04854544000000205,0.0455848799999984,0.040167599999996924
0.04005,0.029799759999997805,0.05629451999999914,0.04289711999999734
0.040060000000000005,0.042395280000002034,0.03942967999999945,0.05162503999999745
0.04007,0.03951804000000271,0.03786439999999834,0.057622079999998105
0.040080000000000005,0.03532136000000393,0.03715952000000227,0.052792319999995924
0.04009,0.04198695999999776,0.029112600000000797,0.042314279999995735
0.040100000000000004,0.051722400000000834,0.044591639999997906,0.051512199999998586
0.04011,0.03019892000000267,0.0339072799999975,0.039550759999998096
0.04012,0.04096668000000094,0.04188619999999765,0.0386172000000024
0.040130000000000006,0.038129920000003356,0.040042799999999094,0.047440599999997904
0.04014,0.03446291999999859,0.02187488000000164,0.04734215999999791
0.040150000000000005,0.03388284000000148,0.032932039999999496,0.044240999999998414
0.04016,0.047423160000002296,0.046285119999998056,0.05161707999999923
0.040170000000000004,0.04889732000000184,0.03285395999999771,0.039067479999995866
0.04018,0.03820940000000451,0.031240439999996844,0.05139983999999796
0.040190000000000003,0.027456919999995687,0.03597608000000002,0.044967479999998256
0.04020000000000001,0.03820456000000035,0.045304920000001664,0.04772356
0.04021,0.0561884400000012,0.03220059999999717,0.033081680000001834
0.040220000000000006,0.05525556000000045,0.039318199999996924,0.047856399999998425
0.04023,0.07484028000000106,0.032705199999998935,0.04510567999999651
0.040240000000000005,0.06061412000000108,0.0407095199999981,0.04890716000000158
0.04025,0.0546205200000008,0.04575983999999775,0.03476527999999626
0.040260000000000004,0.05759244000000089,0.0430323199999977,0.03661784000000177
0.04027,0.05164568000000026,0.04670487999999817,0.050305679999998874
0.04028,0.0436391200000008,0.038438599999997616,0.04299223999999717
0.040290000000000006,0.030605280000000772,0.0377263999999975,0.04716800000000161
0.0403,0.044820000000001296,0.035464839999997576,0.04725480000000243
0.040310000000000006,0.042065839999999285,0.03675392000000361,0.03643083999999891
0.04032,0.035534640000004926,0.037972479999998573,0.04601011999999833
0.040330000000000005,0.03603287999999969,0.033467839999999124,0.039258640000001656
0.04034,0.03448548000000513,0.04485143999999754,0.04240552000000192
0.040350000000000004,0.038103239999999976,0.026889679999998944,0.051452199999997575
0.04036,0.03700263999999954,0.04249960000000416,0.03661883999999719
0.04037,0.030716000000001235,0.038315360000001374,0.05097983999999739
0.040380000000000006,0.0377220800000004,0.03673551999999725,0.03751224000000172
0.04039,0.0424857200000046,0.05621760000000167,0.04518956000000153
0.040400000000000005,0.035194200000004304,0.02748695999999961,0.0500142400000017
0.04041,0.03606244000000414,0.050687919999999866,0.05719624000000126
0.040420000000000005,0.03442472000000445,0.05411076000000183,0.04230708000000255
0.04043,0.04080528000000385,0.048309160000000496,0.03556879999999932
0.040440000000000004,0.03530696000000194,0.038429640000001895,0.03457132000000031
0.04045,0.06249700000000297,0.04823512000000178,0.03924428000000137
0.04046,0.05398512000000252,0.07011396000000245,0.03189379999999691
0.040470000000000006,0.05377784000000208,0.06716399999999816,0.036819759999997155
0.04048,0.04039136000000287,0.0572317200000023,0.052225479999997305
0.040490000000000005,0.04500367999999958,0.04554239999999833,0.04424339999999874
0.0405,0.04649067999999805,0.0563495199999976,0.04165399999999794
0.040510000000000004,0.047450720000003596,0.060317879999998464,0.04117735999999798
0.04052,0.056612400000003955,0.05948947999999833,0.03914579999999667
0.040530000000000004,0.04860832000000428,0.05435720000000193,0.034686159999998044
0.04054000000000001,0.055643959999999854,0.06246704000000244,0.03856051999999799
0.04055,0.04956264000000525,0.05316824000000214,0.03519059999999619
0.040560000000000006,0.053374560000002805,0.04840312000000189,0.0666635599999995
0.04057,0.054984440000002396,0.059085520000001994,0.04061571999999743
0.040580000000000005,0.0687870800000038,0.03968912000000173,0.051752719999996706
0.04059,0.05662968000000365,0.041089799999999635,0.04044783999999566
0.040600000000000004,0.05216708000000225,0.04988992000000415,0.053537759999998054
0.04061,0.06062524000000164,0.0523264399999998,0.03840675999999573
0.04062,0.04954244000000306,0.050445000000000996,0.04671903999999693
0.040630000000000006,0.044898879999998205,0.041818919999999635,0.044805959999997466
0.04064,0.04018139999999881,0.04708400000000004,0.04094904000000135
0.040650000000000006,0.04125287999999787,0.039617040000003004,0.04042288000000059
0.04066,0.032337639999996635,0.03254724000000138,0.03320159999999723
0.040670000000000005,0.0470658399999977,0.034233719999997664,0.03879707999999553
0.04068,0.026126079999997748,0.04180856000000264,0.0359087999999957
0.040690000000000004,0.043651160000002596,0.034161679999998626,0.040848959999997936
0.0407,0.036050480000001724,0.04480832000000299,0.03230691999999709
0.04071,0.034615680000003535,0.039153560000003945,0.03298567999999772
0.040720000000000006,0.029687440000004558,0.03343984000000345,0.04017531999999776
0.04073,0.03141575999999953,0.041769840000003194,0.03297447999999771
0.040740000000000005,0.023355359999999027,0.04411328000000007,0.04190323999999821
0.04075,0.040620480000002734,0.046988200000000535,0.03365311999999594
0.040760000000000005,0.03187492000000099,0.04019656000000445,0.03685499999999657
0.04077,0.044163840000001245,0.048976760000002936,0.028956920000000483
0.040780000000000004,0.0345337200000028,0.04648807999999943,0.031075799999998672
0.04079,0.04216864000000091,0.02636136000000398,0.0378269600000013
0.0408,0.03656639999999906,0.027240240000002882,0.020593800000000526
0.040810000000000006,0.038039560000000146,0.06068671999999941,0.03064575999999807
0.04082,0.04549123999999934,0.04953620000000007,0.03624368000000183
0.040830000000000005,0.021485560000004178,0.04788124000000031,0.046362440000004126
0.04084,0.0448437600000002,0.04620239999999952,0.06056967999999862
0.040850000000000004,0.032588040000003614,0.04917443999999924,0.039128959999997194
0.04086,0.026845679999999754,0.04189371999999847,0.04411115999999849
0.040870000000000004,0.0423694400000025,0.05386448000000093,0.03759036000000287
0.04088000000000001,0.025094880000000763,0.04009704000000247,0.03582236000000121
0.04089,0.027531840000003808,0.055929800000001875,0.03716123999999549
0.040900000000000006,0.03709176000000261,0.04102195999999986,0.03436523999999496
0.04091,0.046187440000004354,0.04871024000000139,0.03412967999999571
0.040920000000000005,0.04131980000000305,0.058732360000001115,0.044631280000001196
0.04093,0.03587216000000428,0.04736228000000365,0.02878851999999568
0.040940000000000004,0.04167260000000437,0.05094136000000081,0.04235091999999678
0.04095,0.026206320000002965,0.03746548000000306,0.037051199999996766
0.04096,0.03540655999999996,0.05416468000000032,0.03965087999999924
0.040970000000000006,0.03243323999999542,0.0402744000000006,0.05728780000000049
0.04098,0.029473480000002415,0.05413232000000139,0.044514639999998655
0.040990000000000006,0.029809320000000153,0.053475760000003016,0.04195119999999738
0.041,0.024495800000003076,0.058295480000001336,0.039593039999997866
0.041010000000000005,0.04568643999999749,0.043884200000003586,0.039577280000001026
0.04102,0.04967664000000222,0.03029064000000405,0.05435636000000069
0.041030000000000004,0.044563079999997326,0.03297316000000305,0.0421720000000027
0.04104,0.0254619600000032,0.03979524000000302,0.0412231600000016
0.04105,0.04513116000000381,0.045561280000003763,0.03392039999999792
0.041060000000000006,0.0344475999999997,0.030917760000002386,0.027531040000000825
0.04107,0.04190083999999961,0.04321392000000541,0.027516079999997754
0.041080000000000005,0.025756480000002614,0.059774920000005234,0.030843040000000762
0.04109,0.028305839999999416,0.04134372000000326,0.04017627999999665
0.041100000000000005,0.04218416000000244,0.057068120000002234,0.0519761199999983
0.04111,0.04439460000000171,0.05590888000000202,0.055016639999998354
0.041120000000000004,0.036015520000002285,0.040653760000004195,0.036468759999996214
0.04113000000000001,0.034277119999999876,0.04574048000000419,0.04307575999999884
0.04114,0.03793155999999983,0.044548960000003364,0.052631879999999735
0.041150000000000006,0.0417248800000019,0.04236480000000253,0.030016399999998188
0.04116,0.04692456000000248,0.04189183999999813,0.04633503999999821
0.041170000000000005,0.043873120000004415,0.028697199999999246,0.034597879999996056
0.04118,0.04395444000000442,0.030999080000003575,0.0352101599999981
0.041190000000000004,0.04388188000000373,0.03513680000000464,0.050906199999999145
0.0412,0.05107076000000274,0.03486911999999995,0.037588799999996134
0.041210000000000004,0.04254780000000056,0.028017999999999127,0.030420559999995943
0.04122000000000001,0.04180944000000074,0.029039159999999602,0.03314448000000178
0.04123,0.04330976000000496,0.04159799999999754,0.030031759999996067
0.041240000000000006,0.05225828000000526,0.03891136000000236,0.04235143999999802
0.04125,0.05122396000000572,0.03838196000000258,0.037381079999999865
0.041260000000000005,0.05594856000000535,0.028268640000000934,0.03795051999999666
0.04127,0.04262812000000563,0.03318796000000004,0.027389279999996595
0.041280000000000004,0.04049384000000317,0.03564731999999973,0.032099119999995936
0.04129,0.04564928000000144,0.0322385600000002,0.06037636000000206
0.0413,0.04231124000000297,0.027240760000002254,0.04172192000000127
0.041310000000000006,0.04265371999999851,0.04706112000000206,0.04460208000000152
0.04132,0.05777131999999874,0.04327796000000298,0.04115639999999897
0.041330000000000006,0.050562319999997836,0.04153708000000282,0.04083115999999838
0.04134,0.039797399999998116,0.03579840000000171,0.04055187999999883
0.041350000000000005,0.04749504000000341,0.05239256000000242,0.041938680000000284
0.04136,0.04341103999999946,0.03698380000000316,0.02123611999999597
0.041370000000000004,0.0422740000000016,0.04185920000000385,0.02853504000000081
0.04138,0.037828480000005216,0.04261904000000413,0.03651131999999918
0.04139,0.05022352000000346,0.05214648000000089,0.045498079999998886
0.041400000000000006,0.05019100000000271,0.03819712000000494,0.04555351999999606
0.04141,0.04968432000000034,0.04157928000000514,0.042660199999995645
0.041420000000000005,0.049259160000000225,0.04476272000000429,0.04863419999999606
0.04143,0.05214720000000259,0.04343980000000541,0.05345399999999598
0.041440000000000005,0.03181636000000588,0.04542820000000226,0.056855519999997675
0.04145,0.0416974000000034,0.03408987999999849,0.060168759999997753
0.041460000000000004,0.03940848000000373,0.05262175999999954,0.03915759999999736
0.04147000000000001,0.06337084000000302,0.06285944000000011,0.04301155999999681
0.04148,0.05546988000000356,0.04366031999999926,0.04417719999999754
0.041490000000000006,0.06167624000000281,0.041998279999999014,0.037440439999999624
0.0415,0.03860952000000002,0.056322200000000364,0.049571399999997066
0.041510000000000005,0.02875712000000002,0.04650520000000283,0.043176199999996716
0.04152,0.03327587999999985,0.059230199999998026,0.0468213199999966
0.041530000000000004,0.045014680000000834,0.05701572000000312,0.04773059999999809
0.04154,0.04024900000000502,0.051802120000002824,0.043431040000001885
0.041550000000000004,0.03442428000000447,0.04761739999999793,0.04611063999999821
0.04156000000000001,0.05112467999999735,0.03892308000000282,0.040839279999997466
0.04157,0.03355312000000264,0.04829148000000385,0.044385639999999234
0.041580000000000006,0.04121928000000193,0.04249548000000275,0.044690959999996664
0.04159,0.04833704000000163,0.04258460000000339,0.04944300000000095
0.041600000000000005,0.039654479999998965,0.051803520000003475,0.04790987999999674
0.04161,0.04951335999999931,0.03536920000000238,0.04333451999999886
0.041620000000000004,0.05069156000000284,0.037227400000003595,0.04167451999999673
0.04163,0.03577600000000294,0.039033720000002305,0.048206920000001756
0.04164,0.05155328000000237,0.030255160000003868,0.03947003999999557
0.041650000000000006,0.050731919999997085,0.03446587999999968,0.04079488000000129
0.04166,0.05601319999999801,0.04835444000000346,0.04336867999999781
0.041670000000000006,0.0498059200000022,0.04456695999999958,0.0432109599999965
0.04168,0.045063640000003145,0.03949359999999777,0.04702619999999737
0.041690000000000005,0.03466672000000036,0.04051443999999947,0.059735399999996226
0.0417,0.033495039999998526,0.04662563999999953,0.06359427999999662
0.041710000000000004,0.035779600000000515,0.04624771999999977,0.05459071999999692
0.04172,0.04156815999999851,0.04634611999999948,0.05121943999999839
0.04173,0.04080944000000487,0.0438965199999969,0.050610919999996395
0.041740000000000006,0.03984868000000534,0.032130599999998295,0.04209831999999817
0.04175,0.042368640000004294,0.03936412000000108,0.05514279999999684
0.041760000000000005,0.04065468000000443,0.05968928000000253,0.039377199999996594
0.04177,0.041082280000001734,0.04489060000000335,0.0508836399999986
0.041780000000000005,0.061587880000002045,0.040410479999998736,0.05529920000000022
0.04179,0.06068460000000245,0.0536776800000036,0.038061319999998476
0.041800000000000004,0.053987880000002084,0.041070440000002116,0.036614839999996214
0.04181000000000001,0.038480560000003994,0.04698748000000265,0.046662119999998725
0.04182,0.045773000000003644,0.03440388000000418,0.04152459999999882
0.041830000000000006,0.03438108000000465,0.05285404000000296,0.044871159999998196
0.04184,0.03898952000000424,0.05020271999999802,0.045485679999997926
0.041850000000000005,0.04268584000000454,0.04985892000000188,0.05448071999999697
0.04186,0.040549280000003254,0.04660744000000152,0.04480771999999644
0.041870000000000004,0.036013520000004504,0.0466060800000038,0.049016519999997406
0.04188,0.047813000000003124,0.05362775999999967,0.03838135999999739
0.041890000000000004,0.03181620000000418,0.04779216000000006,0.05251172000000064
0.04190000000000001,0.04968452000000162,0.040470159999999714,0.06847888000000116
0.04191,0.04485972000000109,0.04757887999999992,0.044270000000000996
0.041920000000000006,0.037116480000000916,0.04614699999999864,0.05814544000000211
0.04193,0.046292680000001446,0.0509485999999989,0.04913899999999604
0.041940000000000005,0.03929068000000547,0.060064399999997437,0.040020359999997875
0.04195,0.05604432000000463,0.04783907999999944,0.04318631999999674
0.041960000000000004,0.04493884000000449,0.052027439999998946,0.04315379999999612
0.04197,0.04812144000000366,0.05657528000000061,0.04315039999999747
0.04198,0.04808908000000378,0.04511804000000203,0.04138699999999632
0.041990000000000006,0.034449200000004,0.04843495999999944,0.04968351999999644
0.042,0.05071424000000272,0.061869079999998265,0.04116687999999627
0.042010000000000006,0.04729851999999918,0.053131719999997495,0.04182719999999615
0.04202,0.030378319999999355,0.04922527999999765,0.04982659999999886
0.042030000000000005,0.029221880000003263,0.05115759999999799,0.037937839999996226
0.04204,0.03601231999999785,0.04255631999999963,0.03738995999999645
0.042050000000000004,0.028140239999999764,0.04267795999999924,0.041168240000001737
0.04206,0.03580539999999851,0.05419511999999924,0.03760776000000306
0.04207,0.04698400000000063,0.04161763999999964,0.05113519999999949
0.042080000000000006,0.02816247999999836,0.05294120000000018,0.06140903999999906
0.04209,0.042724080000003065,0.047786279999999993,0.03945591999999762
0.042100000000000005,0.03648596000000034,0.04735520000000441,0.0415185999999999
0.04211,0.03559460000000297,0.04652751999999928,0.05321248000000045
0.042120000000000005,0.03981803999999699,0.06393532000000024,0.04413044000000207
0.04213,0.04738267999999802,0.05778616000000324,0.050185959999997594
0.042140000000000004,0.04388904000000238,0.05345931999999891,0.047040639999997094
0.04215000000000001,0.03737712000000132,0.06196436000000377,0.056280440000000966
0.04216,0.04023828000000152,0.048447720000003455,0.042029480000000216
0.042170000000000006,0.03314731999999834,0.0459236000000038,0.058023599999999044
0.04218,0.027940479999996163,0.045302760000004355,0.05474564000000276
0.042190000000000005,0.03648012000000036,0.054422000000002635,0.04538099999999751
0.0422,0.042394279999997314,0.04081771999999807,0.05823579999999757
0.042210000000000004,0.027682239999998293,0.041454919999998154,0.04676488000000198
0.04222,0.03192404000000281,0.045176199999997155,0.05073396000000285
0.042230000000000004,0.03874712000000323,0.03611691999999587,0.0414730000000002
0.04224000000000001,0.048503000000002836,0.043003439999997936,0.04509404000000336
0.04225,0.030743400000002554,0.028605119999997406,0.05264287999999848
0.042260000000000006,0.03438571999999928,0.03635311999999733,0.03582083999999998
0.04227,0.028356719999998368,0.02933303999999725,0.043828400000000246
0.042280000000000005,0.025114639999999726,0.04180672000000022,0.04110955999999557
0.04229,0.03346284000000016,0.038966879999999135,0.04930456000000149
0.042300000000000004,0.043007839999999235,0.03734607999999606,0.05629447999999649
0.04231,0.045184800000000795,0.03645559999999683,0.04532355999999587
0.04232,0.046563560000000524,0.05003435999999934,0.04107007999999804
0.042330000000000007,0.04175655999999993,0.043099639999998364,0.03941799999999832
0.04234,0.034487839999999194,0.0376743199999999,0.051163679999998685
0.042350000000000006,0.029721920000004443,0.037653679999997525,0.04581647999999672
0.04236,0.03934356000000355,0.03371644000000226,0.04256224000000082
0.042370000000000005,0.04721160000000306,0.0321152000000022,0.043435600000000296
0.04238,0.03944116000000351,0.03226935999999827,0.039662839999997486
0.042390000000000004,0.03506036000000362,0.05315691999999975,0.040224119999998656
0.0424,0.023522880000003105,0.04091839999999906,0.04173243999999816
0.04241,0.042447280000001385,0.04730443999999724,0.051410959999995655
0.042420000000000006,0.04552143999999831,0.04291367999999703,0.05114663999999806
0.04243,0.046692759999998605,0.040261639999999405,0.04414979999999808
0.042440000000000005,0.0498166000000037,0.03453535999999928,0.0641987999999991
0.04245,0.05454643999999948,0.048641360000005136,0.05414707999999862
0.042460000000000005,0.028971640000001644,0.03523296000000419,0.052072039999998765
0.04247,0.02943392000000388,0.03549363999999972,0.03759795999999807
0.042480000000000004,0.03731636000000297,0.04872851999999872,0.042187839999998686
0.04249000000000001,0.04414496000000261,0.05775671999999833,0.05414383999999889
0.0425,0.04339971999999889,0.0437290399999971,0.056399519999997975
0.042510000000000006,0.03866571999999886,0.04420464000000035,0.043466919999997446
0.04252,0.04199840000000344,0.04070327999999763,0.043588999999998046
0.042530000000000005,0.06421960000000111,0.033111360000001235,0.04798351999999939
0.04254,0.04362299999999895,0.0306394399999982,0.04341459999999795
0.042550000000000004,0.04745076000000368,0.04446399999999807,0.058420960000003505
0.04256,0.06422463999999996,0.0344300799999983,0.060359439999999744
0.042570000000000004,0.05651672000000372,0.04691455999999805,0.05710455999999791
0.04258000000000001,0.0609730400000029,0.08091455999999883,0.06225780000000309
0.04259,0.056984399999999574,0.050297159999998294,0.060370920000003006
0.042600000000000006,0.053278919999999036,0.05168923999999896,0.04654011999999635
0.04261,0.05270736000000055,0.053025639999995856,0.04807731999999694
0.042620000000000005,0.05693107999999841,0.046990879999996044,0.05382727999999626
0.04263,0.0470634400000009,0.0467820399999969,0.05095511999999655
0.042640000000000004,0.052641800000001994,0.04716751999999551,0.05201667999999613
0.04265,0.055200640000002105,0.043575479999996204,0.04796691999999626
0.042660000000000003,0.05063651999999781,0.04082263999999589,0.04524735999999763
0.04267000000000001,0.04595104000000332,0.03227616000000093,0.046446199999999514
0.04268,0.031213599999998204,0.03707463999999731,0.058158079999998294
0.042690000000000006,0.03402416000000295,0.047248759999996955,0.04912471999999628
0.0427,0.045268880000003245,0.04364187999999766,0.050963239999996204
0.042710000000000005,0.052317760000003107,0.041395039999999814,0.04519527999999632
0.04272,0.0366655199999993,0.047857160000000516,0.04335335999999714
0.042730000000000004,0.059637919999999546,0.05598971999999784,0.042270439999997474
0.04274,0.04107152000000366,0.04154579999999879,0.048385679999997516
0.04275,0.0403640000000038,0.040479680000000476,0.046736719999997574
0.042760000000000006,0.049405439999999905,0.05161795999999729,0.045924439999996625
0.04277,0.044138639999998404,0.06505547999999814,0.051467199999996535
0.042780000000000006,0.03973863999999819,0.04458727999999872,0.05247635999999676
0.04279,0.03443447999999985,0.03645371999999597,0.06695571999999621
0.042800000000000005,0.05311984000000241,0.0487897199999992,0.0682106799999964
0.04281,0.060976120000001764,0.053824799999999,0.05989423999999633
0.042820000000000004,0.04521392000000203,0.044520439999999176,0.05093899999999671
0.04283000000000001,0.05482316000000223,0.04594267999999922,0.05373899999999657
0.04284,0.05343764000000226,0.03640799999999781,0.06421475999999947
0.042850000000000006,0.051610640000002685,0.03814272000000102,0.05788923999999687
0.04286,0.04128696000000296,0.05638420000000221,0.050157679999996936
0.042870000000000005,0.05009948000000236,0.043079200000001566,0.0516295199999972
0.04288,0.045500840000001326,0.025520559999997222,0.05532691999999766
0.042890000000000005,0.04326355999999949,0.028668799999999012,0.058957039999997934
0.0429,0.04888927999999903,0.035738200000001975,0.0534237199999988
0.042910000000000004,0.04540280000000097,0.03867495999999664,0.044684719999996486
0.04292000000000001,0.03387356000000275,0.032240199999998706,0.0468643599999966
0.04293,0.03793372000000411,0.03464548000000189,0.04686599999999577
0.042940000000000006,0.049324520000002176,0.03789828000000041,0.047672879999997114
0.04295,0.04351120000000481,0.032530119999997505,0.051770279999996574
0.042960000000000005,0.03170208000000461,0.038150679999998036,0.04709267999999604
0.04297,0.043233680000002855,0.038793639999998436,0.056225079999998054
0.042980000000000004,0.03850536000000007,0.027791160000000148,0.04888743999999642
0.04299,0.033132879999996485,0.043897320000002314,0.053462519999998036
0.043000000000000003,0.024202039999998943,0.04134148000000198,0.05317475999999811
0.04301000000000001,0.04071532000000404,0.04188959999999714,0.0516885999999965
0.04302,0.03190596000000424,0.061387880000003316,0.04985655999999665
0.043030000000000006,0.033490080000003836,0.05099068000000233,0.0558030799999963
0.04304,0.04770359999999939,0.029818520000002825,0.0566491600000015
0.043050000000000005,0.038971800000001285,0.03948416000000287,0.04808948000000126
0.04306,0.028895480000003214,0.04680068000000225,0.05038415999999657
0.043070000000000004,0.03750856000000329,0.03227000000000304,0.05242519999999635
0.04308,0.04219591999999838,0.0333442400000019,0.047964639999996256
0.04309,0.022349679999998734,0.03286291999999885,0.060144999999998214
0.043100000000000006,0.035319599999996294,0.04209304000000072,0.047543879999997915
0.04311,0.027550479999996193,0.03977900000000276,0.04977091999999615
0.043120000000000006,0.0370590399999991,0.028735759999998035,0.0345462399999957
0.04313,0.04161868000000163,0.03182399999999884,0.04387147999999868
0.043140000000000005,0.03394847999999653,0.029035719999998464,0.04058283999999846
0.04315,0.0431288799999999,0.04355903999999691,0.05775207999999648
0.043160000000000004,0.03822683999999783,0.033161799999999526,0.03856375999999606
0.04317000000000001,0.04003247999999962,0.03282783999999748,0.0484146799999963
0.04318,0.031173599999997303,0.053613120000001756,0.054201679999996075
0.043190000000000006,0.03890291999999837,0.03967504000000146,0.04458671999999589
0.0432,0.029695640000002178,0.03525811999999867,0.06359399999999857
0.043210000000000005,0.027091280000004044,0.04100272000000284,0.049403919999999
0.04322,0.03707968000000423,0.04014208000000251,0.050489919999995386
0.043230000000000005,0.033434279999999324,0.048727600000002896,0.049423879999998956
0.04324,0.0417674000000004,0.05043900000000214,0.0497319199999971
0.043250000000000004,0.04313320000000109,0.048867000000002145,0.04628443999999615
0.04326000000000001,0.04055880000000457,0.0399606000000007,0.05227143999999982
0.04327,0.04487300000000382,0.04075939999999997,0.045469279999998884
0.043280000000000006,0.04487904000000319,0.04350587999999872,0.05011727999999697
0.04329,0.052386840000003675,0.042188240000000335,0.04448315999999721
0.043300000000000005,0.052631960000003516,0.05877367999999847,0.039176759999995966
0.04331,0.03625792000000409,0.05289755999999804,0.03918491999999842
0.043320000000000004,0.05567408000000075,0.038897559999997236,0.04087867999999888
0.04333,0.05339712000000538,0.03628895999999733,0.037463919999997215
0.043340000000000004,0.04862712000000373,0.04310291999999874,0.04002839999999593
0.04335000000000001,0.06901335999999819,0.04982127999999871,0.050484920000001744
0.04336,0.04557931999999851,0.038445639999999344,0.033262959999996206
0.043370000000000006,0.052540200000002354,0.03643527999999881,0.043567759999996736
0.04338,0.05691556000000333,0.048346800000002965,0.04402787999999719
0.043390000000000005,0.0406025199999983,0.0365455599999986,0.03878455999999602
0.0434,0.04608500000000355,0.039938120000002256,0.038964559999996394
0.043410000000000004,0.056642160000002786,0.049308840000003344,0.03851499999999859
0.04342,0.048575400000001795,0.055452560000002,0.042883479999998114
0.04343,0.05256515999999859,0.057564400000002305,0.04175256000000119
0.043440000000000006,0.04171292000000216,0.04270264000000286,0.04014539999999683
0.04345,0.03912428000000552,0.023692360000003153,0.04239687999999673
0.043460000000000006,0.053071919999999266,0.022166799999999834,0.03867811999999881
0.04347,0.04998648000000294,0.024669559999999986,0.05798335999999956
0.043480000000000005,0.056520479999998735,0.029649560000000033,0.04067247999999974
0.04349,0.04586531999999923,0.026455960000004004,0.0359249600000012
0.043500000000000004,0.05214516000000209,0.0254653600000029,0.05032496000000146
0.04351000000000001,0.06701399999999873,0.030858360000002524,0.04914060000000444
0.04352,0.046757079999998515,0.033745919999999256,0.04830339999999894
0.043530000000000006,0.036319239999996984,0.04900992000000188,0.06314484000000269
0.04354,0.026686840000000968,0.0305983600000016,0.04677443999999957
0.043550000000000005,0.037935840000003156,0.030230760000000963,0.038954119999999814
0.04356,0.03944968000000343,0.040540439999999026,0.03687819999999703
0.043570000000000005,0.03639859999999762,0.044634560000003584,0.03830815999999731
0.04358,0.04538403999999856,0.05156924000000301,0.044376679999997476
0.043590000000000004,0.03405180000000254,0.03384940000000289,0.0409703199999974
0.04360000000000001,0.03461904000000201,0.03875016000000362,0.04217831999999979
0.04361,0.030691560000000197,0.03809696000000315,0.047924039999999314
0.043620000000000006,0.036794919999996456,0.03003992000000313,0.048854319999997245
0.04363,0.036382640000002686,0.05195908000000327,0.04565491999999735
0.043640000000000005,0.03733659999999655,0.04489035999999766,0.04149011999999612
0.04365,0.0355959999999981,0.049077760000002454,0.04370919999999725
0.043660000000000004,0.03743063999999752,0.047295160000002175,0.04060559999999668
0.04367,0.03650827999999837,0.03570659999999867,0.0510410000000026
0.043680000000000004,0.030166479999997584,0.03398444000000475,0.03493635999999737
0.04369000000000001,0.048209119999999404,0.04896424000000126,0.03518079999999687
0.0437,0.03877151999999852,0.04018844000000318,0.04226727999999859
0.043710000000000006,0.03973271999999967,0.05387104000000315,0.0416892799999962
0.04372,0.04900791999999905,0.03874487999999855,0.03652403999999548
0.043730000000000005,0.04155847999999819,0.05767324000000299,0.03395627999999654
0.04374,0.04564999999999914,0.053289400000003255,0.05466563999999723
0.043750000000000004,0.03939203999999805,0.06510416000000327,0.051500399999997115
0.04376,0.031123039999997066,0.04340935999999882,0.05367067999999786
0.04377,0.033948720000002645,0.04061856000000463,0.04286067999999629
0.043780000000000006,0.029519119999997043,0.034403600000002345,0.037131319999996866
0.04379,0.0274326399999984,0.034913359999999845,0.03638931999999702
0.043800000000000006,0.033309199999997874,0.03516783999999983,0.03889987999999727
0.04381,0.04489584000000228,0.036118400000002895,0.0492659599999978
0.043820000000000005,0.037486800000003685,0.034775480000002086,0.04718551999999789
0.04383,0.025898760000002314,0.03708168000000403,0.04442327999999673
0.043840000000000004,0.043567760000002655,0.03607464000000144,0.045969839999998416
0.04385000000000001,0.035258320000002744,0.03683836000000201,0.039385120000001106
0.04386,0.04107364000000355,0.050591080000002835,0.03173275999999591
0.043870000000000006,0.031740400000003006,0.04089684000000339,0.0538903599999973
0.04388,0.026126280000001063,0.03920300000000196,0.05280151999999829
0.043890000000000005,0.03448880000000269,0.037509999999999454,0.04532195999999707
0.0439,0.034847400000002395,0.036325160000002944,0.04560299999999691
0.043910000000000005,0.032939160000000633,0.029690880000003236,0.04198183999999888
0.04392,0.04028584000000157,0.035096679999998937,0.047032680000001166
0.043930000000000004,0.0326412000000022,0.04963128000000335,0.04291463999999798
0.04394000000000001,0.026701920000001607,0.0400298400000016,0.032775039999995835
0.04395,0.03408011999999987,0.041061720000002744,0.056317839999996955
0.043960000000000006,0.04848111999999813,0.0411778799999995,0.04399343999999638
0.04397,0.03586263999999806,0.034660960000002156,0.038861919999996886
0.043980000000000005,0.04863364000000273,0.05262232000000323,0.05655391999999776
0.04399,0.04475480000000303,0.05628916000000207,0.03931519999999645
0.044000000000000004,0.0342551600000016,0.06388168000000333,0.04060059999999545
0.04401,0.027382920000004765,0.046537120000002236,0.0418777999999983
0.044020000000000004,0.02656260000000294,0.052095199999999786,0.03760991999999816
0.04403000000000001,0.03205464000000313,0.033909040000003436,0.039970080000000616
0.04404,0.04577320000000183,0.047515920000003015,0.03149135999999545
0.044050000000000006,0.030659800000001253,0.04640584000000291,0.033066639999995866
0.04406,0.031863719999999804,0.045445880000000057,0.046322839999997464
0.044070000000000005,0.03961184000000259,0.036942440000004004,0.040488439999997496
0.04408,0.035924480000001924,0.04157760000000386,0.0445042799999986
0.044090000000000004,0.05225808000000228,0.03887412000000406,0.04443900000000015
0.0441,0.038224720000001614,0.04658352000000574,0.046892039999999593
0.04411,0.03593088000000386,0.044364920000005234,0.04332275999999927
0.044120000000000006,0.034530280000003175,0.0353600400000018,0.0457693999999971
0.04413,0.032228360000004216,0.026855160000002997,0.049785519999998626
0.044140000000000006,0.03346904000000414,0.03705236000000421,0.03638652000000058
0.04415,0.05649908000000235,0.03262360000000353,0.04315783999999709
0.044160000000000005,0.051073080000002,0.04230072000000276,0.041903839999998034
0.04417,0.04092903999999707,0.031953440000004794,0.045673040000002316
0.044180000000000004,0.030663279999998926,0.04117536000000447,0.05412052000000264
0.04419000000000001,0.031336879999999366,0.03318208000000362,0.057174720000004155
0.0442,0.043306200000001065,0.03827600000000483,0.03533963999999624
0.044210000000000006,0.03984771999999869,0.037224880000000245,0.037386399999996156
0.04422,0.04307699999999784,0.04363300000000356,0.054015159999997626
0.044230000000000005,0.04212384000000224,0.03465367999999944,0.05289583999999695
0.04424,0.02750463999999819,0.04183460000000468,0.04668399999999604
0.044250000000000005,0.021416479999999252,0.0393885999999997,0.04761123999999643
0.04426,0.0443414000000022,0.053902280000001156,0.04059079999999688
0.044270000000000004,0.03310572000000134,0.04504304000000056,0.04436111999999712
0.04428000000000001,0.03953431999999914,0.03770036000000516,0.06001407999999838
0.04429,0.04334455999999715,0.03638740000000263,0.0657129200000019
0.044300000000000006,0.03252151999999835,0.03918515999999999,0.047320120000001936
0.04431,0.024602199999998367,0.04623555999999963,0.0426720000000013
0.044320000000000005,0.04430624000000052,0.037467839999997074,0.04200311999999605
0.04433,0.030603640000002274,0.04916895999999782,0.04494351999999684
0.044340000000000004,0.036142800000002785,0.04892847999999851,0.05609435999999821
0.04435,0.034861959999999276,0.04466063999999904,0.05277903999999652
0.044360000000000004,0.03442703999999873,0.03844568000000384,0.036714519999996566
0.04437000000000001,0.03646632000000314,0.0478917600000011,0.05488975999999818
0.04438,0.044695480000001266,0.04432216000000389,0.05113343999999777
0.044390000000000006,0.04066916000000091,0.06855784000000144,0.047126119999997544
0.0444,0.03679788000000234,0.061567040000003896,0.04737684000000135
0.044410000000000005,0.031079800000001,0.05096019999999965,0.050313120000001224
0.04442,0.029227600000002702,0.052553360000000215,0.040305119999995975
0.044430000000000004,0.04104140000000064,0.04344783999999879,0.049850039999996494
0.04444,0.02467031999999904,0.042863000000000255,0.04181216000000059
0.04445,0.03705084000000193,0.03281907999999874,0.04046299999999704
0.044460000000000006,0.03475619999999907,0.04754396000000179,0.04381515999999599
0.04447,0.05439999999999957,0.040331600000002035,0.043506399999997
0.044480000000000006,0.04117307999999785,0.051810920000002494,0.037268559999996335
0.04449,0.04266951999999803,0.0354311999999974,0.0350078799999974
0.044500000000000005,0.031955599999998176,0.04424239999999719,0.03617363999999722
0.04451,0.033770839999996506,0.0500976399999995,0.03235431999999585
0.044520000000000004,0.045751120000003316,0.04129595999999687,0.050478840000002315
0.04453000000000001,0.03443191999999911,0.03886363999999669,0.04248764000000233
0.04454,0.0261197199999983,0.036588360000003144,0.05135959999999785
0.044550000000000006,0.04678912000000368,0.041029400000001694,0.049043839999999256
0.04456,0.03742063999999995,0.038358040000004624,0.057101719999999384
0.044570000000000005,0.04292300000000491,0.027566040000001464,0.044849719999996124
0.04458,0.04427559999999965,0.037517000000001875,0.03859595999999573
0.044590000000000005,0.0326457199999975,0.038609760000001554,0.0493808399999988
0.0446,0.04474155999999707,0.04872464000000035,0.05637535999999867
0.044610000000000004,0.03801947999999851,0.041023799999998244,0.040983679999999266
0.04462000000000001,0.03409992000000224,0.04942379999999846,0.04168251999999774
0.04463,0.041091000000002535,0.039387360000004305,0.04609408000000036
0.044640000000000006,0.04253612000000209,0.04007183999999817,0.031673359999997056
0.04465,0.02736360000000033,0.045671759999999936,0.03798911999999825
0.044660000000000005,0.03989908000000249,0.04160767999999891,0.04771975999999848
0.04467,0.029908000000000348,0.05460059999999856,0.04654563999999909
0.044680000000000004,0.052317999999999344,0.047959440000000755,0.05143051999999917
0.04469,0.047236319999997105,0.047637919999998515,0.0557472800000038
0.044700000000000004,0.03157139999999789,0.03664988000000002,0.0518657999999999
0.04471000000000001,0.039252760000000365,0.03364580000000233,0.04496108000000039
0.04472,0.048288959999998084,0.030691200000003367,0.05103756000000373
0.044730000000000006,0.052353320000000605,0.05046056000000179,0.05997716000000374
0.04474,0.04160944000000349,0.03262428000000085,0.04812224000000112
0.044750000000000005,0.04621880000000184,0.030030320000002348,0.04836927999999743
0.04476,0.0397662000000034,0.0310146000000032,0.058885959999998044
0.044770000000000004,0.03799244000000257,0.034884119999998395,0.04264983999999665
0.04478,0.03020603999999725,0.035300799999998946,0.039958959999997386
0.04479,0.03645732000000189,0.03180144000000391,0.04933171999999819
0.044800000000000006,0.034537800000001756,0.03907700000000069,0.05043879999999688
0.04481,0.047140559999997556,0.033386600000002514,0.03734447999999742
0.044820000000000006,0.04562015999999824,0.0361954800000044,0.0469796000000007
0.04483,0.03187715999999621,0.03188312000000034,0.04006376000000133
0.044840000000000005,0.03747340000000194,0.04201451999999881,0.039588159999996576
0.04485,0.039612920000001266,0.029997440000002082,0.03473047999999746
0.044860000000000004,0.04082452000000097,0.04588908000000252,0.04839276000000073
0.04487000000000001,0.04999108000000175,0.030347880000003307,0.03075152000000313
0.04488,0.02360796000000261,0.04410603999999863,0.03573884000000097
0.044890000000000006,0.03401544000000292,0.037199159999999766,0.0457587600000024
0.0449,0.03656639999999842,0.04294420000000326,0.03239356000000072
0.044910000000000005,0.032183080000003236,0.051855840000002346,0.03714648000000116
0.04492,0.04697312000000255,0.05162724000000312,0.03223772000000232
0.044930000000000005,0.03754988000000507,0.0520996000000032,0.03811987999999634
0.04494,0.0339216400000046,0.04375779999999745,0.03269227999999697
0.044950000000000004,0.044087560000002406,0.04531927999999898,0.0379072400000006
0.04496000000000001,0.04720859999999801,0.03967396000000262,0.04618084000000272
0.04497,0.03402360000000197,0.035402919999998866,0.05501576000000034
0.044980000000000006,0.04604636000000191,0.03760288000000258,0.03331419999999883
0.04499,0.03874136000000395,0.04605460000000192,0.04740624000000163
0.045000000000000005,0.0402354400000042,0.0482186,0.051408800000003696
0.04501,0.041934880000004185,0.04357276000000138,0.03322152000000366
0.045020000000000004,0.04408940000000413,0.03880384000000187,0.04332896000000517
0.04503,0.04542436000000466,0.044830200000001645,0.05262968000000366
0.045040000000000004,0.044857000000005205,0.059169079999998105,0.04090968000000288
0.04505000000000001,0.05137344000000516,0.04517824000000208,0.049326400000003656
0.04506,0.05168180000000485,0.056789280000002995,0.03684460000000283
0.045070000000000006,0.038670200000003783,0.04062048000000202,0.041683640000002624
0.04508,0.037411240000004786,0.05724444000000136,0.03463303999999855
0.045090000000000005,0.03612472000000191,0.05009516000000035,0.03299091999999793
0.0451,0.03974136000000197,0.03993831999999702,0.03523880000000305
0.045110000000000004,0.02390823999999993,0.039243799999999995,0.04361536000000089
0.04512,0.037544360000002795,0.04882991999999986,0.029920680000000276
0.04513,0.04031459999999922,0.03703823999999846,0.03615595999999936
0.045140000000000007,0.03920740000000386,0.044175080000000484,0.04771563999999999
0.04515,0.033222440000003635,0.04667500000000073,0.03633383999999715
0.045160000000000006,0.03657508000000309,0.05525416000000104,0.036212960000002896
0.04517,0.033363999999998416,0.04380227999999865,0.03794003999999859
0.045180000000000005,0.03477103999999847,0.05776612000000183,0.04993432000000206
0.04519,0.027555519999999303,0.05478768000000315,0.030896679999999486
0.045200000000000004,0.043159600000001935,0.044764040000003,0.037946319999998285
0.04521000000000001,0.04442076000000234,0.04689031999999936,0.03978387999999834
0.04522,0.040188720000002336,0.05262607999999828,0.05451535999999865
0.045230000000000006,0.038121440000001824,0.05322427999999844,0.033468359999998185
0.04524,0.059890320000001815,0.03946792000000329,0.04505843999999982
0.045250000000000005,0.043064199999998394,0.03572232000000418,0.02653135999999749
0.04526,0.03862964000000145,0.04919752000000341,0.028036080000001053
0.045270000000000005,0.03693544000000159,0.06785831999999967,0.03839823999999984
0.04528,0.04294723999999971,0.07271284000000361,0.032924200000003574
0.045290000000000004,0.033466519999997,0.07351747999999905,0.02600027999999812
0.04530000000000001,0.027718600000002536,0.06773783999999904,0.037524000000003485
0.04531,0.04426220000000005,0.06772284000000389,0.0378429599999997
0.045320000000000006,0.03539032,0.05950248000000329,0.04338699999999968
0.04533,0.034915359999999944,0.06692732000000344,0.04324704000000386
0.045340000000000005,0.025857359999998605,0.06220492000000076,0.031451080000002504
0.04535,0.0341456399999986,0.0591953999999988,0.04044991999999871
0.045360000000000004,0.05084656000000335,0.053850120000000244,0.04351075999999845
0.04537,0.05619556000000373,0.04114128000000314,0.035463440000000734
0.045380000000000004,0.045787719999998144,0.059210199999999165,0.023657239999999614
0.04539000000000001,0.04047267999999892,0.04274252000000083,0.031242960000004174
0.0454,0.036438399999998414,0.04517036000000381,0.03467056000000363
0.045410000000000006,0.036598639999998864,0.05238632000000037,0.02491664000000375
0.04542,0.03505276000000224,0.052302000000001105,0.03284900000000249
0.045430000000000005,0.041765880000001206,0.04413292000000513,0.03008043999999748
0.04544,0.04617816000000007,0.04905976000000391,0.039190200000002846
0.045450000000000004,0.038317000000002835,0.04003336000000524,0.03454475999999839
0.04546,0.05264560000000271,0.04927224000000507,0.03392451999999869
0.045470000000000003,0.04689360000000116,0.03786124000000582,0.03907020000000348
0.04548000000000001,0.04340943999999789,0.05003144000000601,0.050181480000003324
0.04549,0.03677167999999523,0.064930800000005,0.03113015999999851
0.045500000000000006,0.04245839999999655,0.07051808000000577,0.035134880000004
0.04551,0.04725127999999684,0.05144144000000497,0.03684928000000375
0.045520000000000005,0.03934683999999784,0.04957140000000442,0.044215679999998286
0.04553,0.03375539999999732,0.04298504000000505,0.03997495999999537
0.045540000000000004,0.044559759999997936,0.04061536000000291,0.04366344000000031
0.04555000000000001,0.046820359999999166,0.05467632000000074,0.043404199999998505
0.04556,0.04168396000000059,0.037184880000000795,0.0574204399999987
0.045570000000000006,0.048205360000003514,0.03418780000000502,0.03856024000000258
0.04558,0.03798195999999718,0.03749120000000588,0.050068239999999806
0.045590000000000006,0.04551624000000357,0.04700436000000571,0.061854600000000176
0.0456,0.051422360000002276,0.03467276000000432,0.03526260000000066
0.045610000000000005,0.04996491999999768,0.052076200000004666,0.04440372000000187
0.04562,0.06190792000000275,0.046281200000002194,0.0543214400000013
0.045630000000000004,0.0421712400000034,0.0519134800000022,0.053951960000000916
0.04564000000000001,0.03614111999999799,0.045889520000002126,0.04136132000000231
0.04565,0.03164852000000284,0.049025520000003334,0.04395724000000183
0.045660000000000006,0.031304800000003435,0.042332280000002075,0.029197000000002336
0.04567,0.02822763999999782,0.04210732000000262,0.036754880000001995
0.045680000000000005,0.04022840000000023,0.04196544000000437,0.04083828000000095
0.04569,0.03949327999999914,0.04040572000000457,0.04043991999999601
0.045700000000000005,0.041167240000002533,0.03443744000000587,0.060629279999996316
0.04571,0.03192716000000189,0.03857624000000537,0.049433479999996734
0.045720000000000004,0.03708064000000334,0.038596160000006076,0.05467671999999777
0.04573000000000001,0.05031852000000258,0.04143996000000551,0.03793235999999708
0.04574,0.03959172000000213,0.043723440000003486,0.038011399999999654
0.045750000000000006,0.03796780000000072,0.043037360000004535,0.041871680000001195
0.04576,0.043516400000004445,0.04006628000000398,0.04669468000000234
0.045770000000000005,0.032769000000002955,0.052650280000004226,0.0412991200000021
0.04578,0.03252731999999689,0.04332616000000539,0.0386946400000017
0.045790000000000004,0.03582379999999981,0.04462604000000551,0.02648395999999885
0.0458,0.03528431999999921,0.045726160000005595,0.043396999999997
0.045810000000000003,0.04367383999999994,0.047900800000005614,0.04592548000000479
0.04582000000000001,0.051791640000000354,0.05876876000000439,0.039834440000001775
0.04583,0.036226959999996367,0.049859760000000336,0.05381515999999791
0.045840000000000006,0.04156772000000074,0.053671080000004395,0.04495843999999746
0.04585,0.03757315999999844,0.05741844000000432,0.0412723599999976
0.045860000000000005,0.03106291999999754,0.056659040000004,0.029319120000002214
0.04587,0.034397519999996684,0.055428920000005204,0.038582400000002036
0.045880000000000004,0.03615779999999621,0.054641960000004756,0.024970560000001165
0.04589000000000001,0.052734759999996605,0.04469592000000558,0.024250400000002302
0.0459,0.041336519999998274,0.04186904000000459,0.03226199999999782
0.045910000000000006,0.05214511999999842,0.042233800000003686,0.04172699999999644
0.04592,0.04132695999999651,0.043179839999999144,0.03134679999999601
0.045930000000000006,0.0355147999999982,0.04306904000000439,0.03378283999999713
0.04594,0.030130400000001615,0.04314428000000395,0.031552719999997196
0.045950000000000005,0.0393536400000035,0.04762660000000372,0.03265808000000234
0.04596,0.028902679999996947,0.04381396000000445,0.0366285999999994
0.045970000000000004,0.043219680000001266,0.050962000000004,0.044632480000001355
0.04598000000000001,0.027981840000002065,0.048259960000005826,0.05107432000000218
0.04599,0.028528440000000946,0.05808260000000353,0.041803999999999654
0.046000000000000006,0.0394456000000015,0.06449904000000391,0.04512244000000173
0.04601,0.03877736000000083,0.05754204000000513,0.0363018800000029
0.046020000000000005,0.047627760000003676,0.04788136000000495,0.03264087999999871
0.04603,0.05149428000000357,0.06622804000000378,0.039074280000002494
0.046040000000000005,0.03311520000000469,0.051047480000004704,0.044761920000002946
0.04605,0.04022488000000252,0.049927200000004404,0.035599920000003026
0.046060000000000004,0.03923864000000284,0.04526672000000304,0.04717116000000096
0.04607000000000001,0.04415187999999904,0.02791499999999866,0.04287612000000174
0.04608,0.032959719999997986,0.03884795999999927,0.030589479999996307
0.046090000000000006,0.024961239999999267,0.04934887999999934,0.05545816000000007
0.0461,0.048484560000002064,0.04341900000000086,0.03321876000000091
0.046110000000000005,0.03472760000000207,0.04655460000000087,0.042945600000000174
0.04612,0.034641760000003324,0.03704108000000003,0.03656775999999742
0.046130000000000004,0.02939591999999858,0.04750676000000016,0.03655716000000091
0.04614,0.04045483999999808,0.04254096000000084,0.04220888000000091
0.046150000000000004,0.06991831999999842,0.04028604000000388,0.04174831999999982
0.04616000000000001,0.04706415999999801,0.05705724000000415,0.038066440000000284
0.04617,0.04242260000000023,0.05154968000000355,0.05148480000000089
0.046180000000000006,0.040955959999997606,0.05077252000000412,0.036176360000002836
0.04619,0.03706228000000105,0.042855960000005404,0.0467209200000051
0.046200000000000005,0.046457320000000635,0.05434448000000441,0.05314884000000513
0.04621,0.04200371999999924,0.04861624000000342,0.05260884000000396
0.046220000000000004,0.04080859999999845,0.05638588000000227,0.03229692000000445
0.04623000000000001,0.04663351999999775,0.05040740000000176,0.04986732000000218
0.04624,0.050567239999998674,0.051435600000002864,0.03148927999999787
0.046250000000000006,0.03572103999999814,0.06430844000000377,0.04262639999999814
0.04626,0.03034391999999844,0.04885396000000437,0.044477559999997786
0.046270000000000006,0.04385735999999952,0.0427141599999996,0.041199400000002905
0.04628,0.035928440000003406,0.05052992000000388,0.033631120000003185
0.046290000000000005,0.04840724000000232,0.045453760000003944,0.04566467999999881
0.0463,0.05560312000000381,0.03860792000000276,0.049477280000000595
0.046310000000000004,0.06664972000000348,0.04584848000000399,0.0402899999999998
0.04632000000000001,0.04687632000000324,0.04087860000000364,0.02859631999999813
0.04633,0.05390112000000318,0.04319212000000422,0.035128200000002135
0.046340000000000006,0.03948380000000006,0.05231568000000479,0.04983640000000227
0.04635,0.05082284000000534,0.04705648000000497,0.02338684000000267
0.046360000000000005,0.04400196000000527,0.0428628800000048,0.04192455999999778
0.04637,0.04848188000000366,0.055805920000004346,0.04142972000000329
0.046380000000000005,0.040022360000005024,0.04201412000000511,0.04282287999999906
0.04639,0.043448480000002086,0.05158448000000083,0.03891343999999837
0.046400000000000004,0.04980172000000521,0.051059880000004824,0.04911996000000331
0.04641000000000001,0.05787932000000362,0.035670680000004604,0.024072599999998754
0.04642,0.05117620000000348,0.047261480000003006,0.03140415999999691
0.046430000000000006,0.046032000000003355,0.054128839999999935,0.03543267999999805
0.04644,0.04400232000000214,0.05514684000000298,0.038550959999995416
0.046450000000000005,0.04977952000000566,0.059253120000002026,0.04210471999999911
0.04646,0.056727480000002696,0.04126340000000126,0.03729103999999836
0.046470000000000004,0.0365217200000038,0.04159912000000048,0.0406634400000001
0.04648,0.04324328000000032,0.03542956000000343,0.03382043999999708
0.046490000000000004,0.06206396000000059,0.04373152000000409,0.03013035999999642
0.04650000000000001,0.03666023999999811,0.03853360000000193,0.0317559599999985
0.04651,0.04189268000000284,0.03845016000000214,0.029947919999996988
0.046520000000000006,0.05107400000000261,0.048127400000001624,0.02530463999999634
0.04653,0.032779440000003005,0.037480000000004364,0.0314174000000019
0.046540000000000005,0.045910480000002425,0.05421184000000053,0.036385760000002744
0.04655,0.04869928000000249,0.06354648000000428,0.028078999999998775
0.046560000000000004,0.0437196400000026,0.05923260000000436,0.045272320000001545
0.04657000000000001,0.046919440000002234,0.05238412000000345,0.04660608000000332
0.04658,0.03908788000000412,0.050108240000003454,0.034999519999999555
0.046590000000000006,0.04515272000000074,0.04291068000000473,0.039843479999999466
0.0466,0.052908960000000387,0.05581844000000354,0.05282859999999841
0.046610000000000006,0.04077092000000059,0.034422560000000435,0.04442556000000088
0.04662,0.03949615999999766,0.04617192000000321,0.04912427999999968
0.046630000000000005,0.02941488000000215,0.045751559999998324,0.05339775999999982
0.04664,0.04030296000000182,0.057551600000001105,0.04069672000000047
0.046650000000000004,0.032944800000003084,0.04382447999999996,0.03973207999999909
0.04666000000000001,0.029887000000002512,0.05222820000000005,0.039488359999998474
0.04667,0.03189307999999882,0.045623559999999085,0.029531679999997014
0.046680000000000006,0.031820439999998826,0.03134459999999825,0.03763204000000196
0.04669,0.04550716000000054,0.04725744000000234,0.036375919999998216
0.046700000000000005,0.04374964000000191,0.04041192000000421,0.024175880000004132
0.04671,0.025842679999998328,0.03974556000000065,0.03677764000000396
0.046720000000000005,0.03283671999999777,0.03957880000000322,0.035099800000003116
0.04673,0.030510760000002433,0.046132400000003376,0.04224940000000257
0.046740000000000004,0.04051480000000235,0.05597732000000164,0.034150360000002954
0.04675000000000001,0.0408904800000039,0.0610860800000038,0.0351773200000048
0.04676,0.023494600000002492,0.042510520000001877,0.04408540000000138
0.046770000000000006,0.038396880000003096,0.04685552000000267,0.0272749999999983
0.04678,0.03224176000000252,0.035235320000003005,0.032527999999996345
0.046790000000000005,0.04085400000000068,0.038120000000003505,0.03223931999999829
0.0468,0.03576484000000029,0.04229848000000388,0.035577839999998584
0.046810000000000004,0.031304520000001765,0.02840436000000482,0.043879519999999124
0.04682,0.030857560000003316,0.04388820000000369,0.04242484000000388
0.046830000000000004,0.05218676000000195,0.04225708000000434,0.05827632000000358
0.04684000000000001,0.035872320000003614,0.037666280000005395,0.05362600000000115
0.04685,0.038097480000005436,0.0417382400000045,0.04828920000000506
0.046860000000000006,0.04343896000000432,0.055912320000005636,0.04213044000000296
0.04687,0.04680860000000225,0.05459496000000608,0.0544294000000038
0.046880000000000005,0.036301480000003286,0.05013328000000453,0.04506220000000323
0.04689,0.040415480000002446,0.05555804000000407,0.04855224000000352
0.046900000000000004,0.04879488000000301,0.06255772000000016,0.05202352000000335
0.04691000000000001,0.019708440000002013,0.04927880000000491,0.055111360000002815
0.04692,0.033166720000003085,0.04526872000000426,0.05095100000000399
0.046930000000000006,0.03214916000000234,0.040927720000005614,0.04419280000000403
0.04694,0.022607880000001898,0.035423600000000395,0.04906384000000396
0.046950000000000006,0.04309904000000122,0.04208900000000425,0.057325360000003885
0.04696,0.030698600000002574,0.03573216000000521,0.054177160000003714
0.046970000000000005,0.044501640000001855,0.05049456000000606,0.06801828000000339
0.04698,0.0449226399999968,0.04649584000000472,0.052059520000004154
0.046990000000000004,0.0505153600000005,0.04266064000000547,0.04213460000000313
0.04700000000000001,0.03637487999999697,0.05903444000000508,0.05821428000000419
0.04701,0.04580727999999809,0.05178876000000502,0.04497252000000249
0.047020000000000006,0.0488012399999982,0.04307080000000032,0.053014880000003005
0.04703,0.05831167999999819,0.03622200000000068,0.05456748000000234
0.047040000000000005,0.055489039999999136,0.038551480000004267,0.04853460000000327
0.04705,0.03856555999999882,0.045639959999998946,0.045925240000000776
0.047060000000000005,0.04134487999999839,0.044071320000000115,0.04392539999999883
0.04707,0.0445783999999975,0.0417570400000009,0.05262943999999976
0.047080000000000004,0.03758987999999874,0.05631311999999926,0.04066404000000331
0.04709000000000001,0.0362853600000036,0.0515561199999998,0.051017000000003816
0.0471,0.0390896400000035,0.05602984000000084,0.05604983999999933
0.047110000000000006,0.051976360000002844,0.04650116000000066,0.0353270000000035
0.04712,0.05351420000000403,0.04411664000000242,0.028872520000003708
0.047130000000000005,0.04138988000000401,0.040101120000004604,0.03109239999999837
0.04714,0.03679436000000257,0.044039880000005,0.04393795999999881
0.047150000000000004,0.05097715999999902,0.05767416000000443,0.03563875999999951
0.04716,0.04558031999999883,0.048059800000004455,0.02568748000000246
0.047170000000000004,0.05160628000000011,0.05398528000000452,0.03091020000000327
0.04718000000000001,0.0387100799999997,0.0409927600000028,0.036592999999998176
0.04719,0.0443540000000035,0.03376344000000252,0.043132919999999145
0.047200000000000006,0.04107004000000489,0.03429316000000049,0.04581159999999827
0.04721,0.041953520000005386,0.03443948000000399,0.042859959999997053
0.047220000000000005,0.0399008000000029,0.04099799999999997,0.04362539999999645
0.04723,0.03471900000000252,0.04977704000000093,0.030589440000001626
0.047240000000000004,0.03566608000000418,0.0410584800000052,0.04449372000000258
0.04725000000000001,0.033740360000000025,0.06554992000000306,0.042227240000001165
0.04726,0.028746039999999216,0.04653088000000278,0.029159719999999
0.047270000000000006,0.03617216000000404,0.0484210400000024,0.03286279999999944
0.04728,0.03386848000000261,0.060093040000003296,0.03860147999999792
0.047290000000000006,0.05023600000000422,0.06568880000000284,0.031525279999999385
0.0473,0.026741000000003973,0.05462152000000169,0.047072040000000516
0.047310000000000005,0.03813172000000475,0.046143679999999646,0.036631559999999314
0.04732,0.05130496000000423,0.039528560000005146,0.03947416000000044
0.047330000000000004,0.050668159999999345,0.036048359999997344,0.03379147999999754
0.04734000000000001,0.02913652000000447,0.039239200000003326,0.024082999999998692
0.04735,0.03830092000000519,0.04456939999999906,0.0376526799999989
0.047360000000000006,0.03392547999999851,0.042040240000003136,0.027077200000001307
0.04737,0.04137692000000446,0.0341072000000029,0.04056148000000093
0.047380000000000005,0.04429068000000407,0.03598428000000056,0.0260937199999975
0.04739,0.05052588000000405,0.04495776000000114,0.01873851999999652
0.047400000000000005,0.039829040000004555,0.048151960000000577,0.03413232000000164
0.04741,0.053269320000004,0.05625832000000298,0.035937599999999854
0.047420000000000004,0.029075000000002457,0.034175719999999195,0.03902347999999912
0.04743000000000001,0.04914660000000369,0.034148399999999246,0.03759888000000297
0.04744,0.052236880000003455,0.049889760000002545,0.04616000000000254
0.047450000000000006,0.04746252000000382,0.04650132000000311,0.033807920000003065
0.04746,0.03994275999999977,0.04271071999999842,0.034898360000003216
0.047470000000000005,0.04674000000000008,0.04929587999999902,0.029783920000002635
0.04748,0.041906640000002396,0.0509532399999994,0.035571400000004416
0.047490000000000004,0.03237928000000102,0.047165839999998245,0.03335735999999755
0.0475,0.040543360000004004,0.034673320000001916,0.04135087999999785
0.047510000000000004,0.027325800000002023,0.043136840000003944,0.03887372000000085
0.04752000000000001,0.04351623999999987,0.039732760000004724,0.03983815999999697
0.04753,0.03617656000000393,0.04375720000000421,0.0324956399999982
0.047540000000000006,0.041525400000004785,0.040015240000005496,0.04082235999999805
0.04755,0.037644919999999485,0.04735724000000126,0.032064079999999294
0.047560000000000005,0.04071167999999719,0.0461103599999999,0.028984080000003062
0.04757,0.04267928000000199,0.04851884000000159,0.02937311999999964
0.047580000000000004,0.0386121199999992,0.050871760000003985,0.038018320000000425
0.04759000000000001,0.04287104000000478,0.04934716000000452,0.03709972000000421
0.0476,0.03978884000000053,0.047748440000005825,0.036777240000002334
0.047610000000000006,0.053818840000000694,0.0565684000000036,0.03396456000000409
0.04762,0.04098280000000464,0.0515342800000049,0.043895880000000845
0.047630000000000006,0.03141496000000368,0.04350812000000569,0.027487160000001926
0.04764,0.02571280000000405,0.04658352000000502,0.04504780000000208
0.047650000000000005,0.04221056000000249,0.04351420000000521,0.030829719999997417
0.04766,0.04233296000000212,0.04813904000000493,0.03928220000000153
0.047670000000000004,0.042382160000004394,0.05028604000000481,0.0418007600000027
0.04768000000000001,0.05530996000000364,0.04270860000000507,0.03148231999999732
0.04769,0.0498654800000042,0.058302920000004164,0.038914920000001255
0.047700000000000006,0.0569226800000045,0.05465528000000277,0.04810115999999741
0.04771,0.0655050800000037,0.055074160000003536,0.03409923999999781
0.047720000000000005,0.046270640000004984,0.05458712000000561,0.052022200000001746
0.04773,0.02637524000000286,0.047213720000003595,0.04184764000000376
0.047740000000000005,0.04103919999999778,0.04721880000000402,0.04311948000000361
0.04775,0.04837307999999764,0.04801940000000573,0.0423025999999994
0.047760000000000004,0.04138319999999733,0.04829716000000428,0.04072448000000366
0.04777000000000001,0.03795215999999706,0.04538352000000569,0.04639664000000356
0.04778,0.047198800000001984,0.04574988000000585,0.04048956000000334
0.047790000000000006,0.037883679999999434,0.03977944000000566,0.02192552000000202
0.0478,0.048650359999999754,0.03543176000000569,0.02338599999999982
0.047810000000000005,0.047844159999997894,0.047129240000000995,0.033555360000000055
0.04782,0.052033359999998044,0.04749984000000424,0.03190880000000145
0.047830000000000004,0.04226171999999785,0.033971640000004466,0.05133188000000199
0.04784,0.04583516000000066,0.030151760000002713,0.05577676000000116
0.047850000000000004,0.05781352000000124,0.031707000000004086,0.04103083999999745
0.04786000000000001,0.041813840000000775,0.04286087999999915,0.05365980000000121
0.04787,0.0332019200000035,0.048778560000001275,0.04341320000000095
0.047880000000000006,0.05603424000000269,0.036394520000004295,0.03464224000000139
0.04789,0.03668539999999866,0.048327360000002505,0.03876640000000029
0.047900000000000005,0.04800324000000071,0.04206356000000197,0.040567400000000836
0.04791,0.048332200000000464,0.049947720000002825,0.04201907999999598
0.047920000000000004,0.04908735999999936,0.04522668000000406,0.03537839999999635
0.04793000000000001,0.0490174799999973,0.05781452000000382,0.030029599999996524
0.04794,0.03916752000000186,0.04863448000000419,0.035303960000001924
0.047950000000000007,0.0364679600000014,0.046306120000005294,0.03751284000000325
0.04796,0.046834920000001425,0.04294100000000405,0.03985067999999784
0.047970000000000006,0.03624592000000341,0.040233720000005066,0.02947663999999907
0.04798,0.03249227999999869,0.05486904000000389,0.03376212000000105
0.047990000000000005,0.03032780000000485,0.046641080000004054,0.03498628000000102
0.048,0.038522040000003734,0.039240760000001915,0.037480039999998854
0.048010000000000004,0.030799599999998234,0.046479200000005175,0.036818839999997854
0.04802000000000001,0.04024692000000323,0.04699000000000234,0.03285432000000236
0.04803,0.04342000000000344,0.05334088000000352,0.055885879999997015
0.048040000000000006,0.04958328000000566,0.03585336000000384,0.03637507999999819
0.04805,0.04643476000000567,0.033967640000004705,0.03138131999999713
0.048060000000000005,0.04689616000000379,0.03842104000000438,0.021954359999997477
0.04807,0.03979508000000335,0.041481520000000605,0.033977199999996065
0.048080000000000005,0.04081452000000225,0.04889303999999843,0.03128216000000299
0.04809,0.07522856000000347,0.027539160000002852,0.04477924000000173
0.048100000000000004,0.05573220000000373,0.05379540000000068,0.04080663999999931
0.04811000000000001,0.05211152000000365,0.043697080000005044,0.030525519999999095
0.04812,0.042051920000003476,0.05571676000000149,0.035298399999996774
0.048130000000000006,0.04208584000000219,0.054316560000001964,0.03638555999999563
0.04814,0.04317188000000391,0.0650520800000014,0.03022603999999526
0.048150000000000005,0.04095336000000533,0.05620820000000066,0.03686863999999782
0.04816,0.03429060000000034,0.05531240000000058,0.030951559999995763
0.048170000000000004,0.05073384000000336,0.05319219999999953,0.027255880000000336
0.04818,0.03418056000000413,0.05592371999999975,0.027365439999996084
0.048190000000000004,0.05093908000000455,0.04548700000000051,0.029490319999998706
0.04820000000000001,0.04563024000000037,0.058634160000000365,0.047072039999998296
0.04821,0.04011148000000407,0.06141287999999904,0.043227239999999056
0.048220000000000006,0.0400908400000048,0.06599323999999997,0.0395229199999979
0.04823,0.049695640000004516,0.05427467999999852,0.03441280000000087
0.048240000000000005,0.05853040000000445,0.05244939999999848,0.04125836000000084
0.04825,0.04502032000000388,0.041307240000003,0.034621240000001434
0.048260000000000004,0.041577840000004404,0.04349059999999686,0.030895199999997472
0.04827000000000001,0.04520940000000527,0.04204763999999808,0.026972440000001884
0.04828,0.04152020000000454,0.04549180000000299,0.04502076000000398
0.048290000000000007,0.04634492000000268,0.04449580000000176,0.04501060000000279
0.0483,0.0446705600000036,0.042926800000003706,0.03695144000000266
0.048310000000000006,0.04457740000000529,0.035945440000003624,0.033058480000003006
0.04832,0.04696872000000418,0.03336155999999998,0.0288881600000024
0.048330000000000005,0.05127768000000219,0.04166300000000146,0.034415919999997845
0.04834,0.05416792000000529,0.04337547999999887,0.03665075999999784
0.048350000000000004,0.049318240000005654,0.04047712000000282,0.04307531999999859
0.04836000000000001,0.04977376000000611,0.039619320000002914,0.04784691999999719
0.04837,0.04481016000000515,0.04562296000000271,0.04784527999999905
0.048380000000000006,0.05069872000000111,0.053772840000005054,0.041366119999999326
0.04839,0.05604524000000145,0.04815016000000476,0.029555799999999702
0.048400000000000006,0.05099380000000416,0.03193200000000467,0.03369907999999997
0.04841,0.04200496000000532,0.03610096000000338,0.02464979999999837
0.048420000000000005,0.03923888000000493,0.027559920000004456,0.03958231999999816
0.04843,0.044656320000005245,0.04253667999999894,0.024848959999997918
0.048440000000000004,0.04591184000000366,0.03635835999999888,0.041889919999998276
0.04845000000000001,0.03713240000000493,0.04288551999999808,0.034311039999996885
0.04846,0.04818300000000424,0.04881996000000169,0.03719655999999793
0.048470000000000006,0.05692204000000281,0.050295679999999066,0.04892327999999754
0.04848,0.044828400000004334,0.05161855999999968,0.037892159999997364
0.048490000000000005,0.045785840000004525,0.03288963999999897,0.047608359999998136
0.0485,0.047673960000005074,0.037582119999999566,0.03530343999999768
0.048510000000000005,0.046763400000004424,0.04460536000000437,0.040641080000001564
0.04852,0.04600396000000384,0.0460703600000048,0.04401540000000268
0.048530000000000004,0.0452358800000033,0.03415788000000379,0.039495560000002546
0.04854000000000001,0.040394400000003876,0.05014096000000406,0.045622960000001704
0.04855,0.05481412000000334,0.0393373599999993,0.039022320000002296
0.048560000000000006,0.04526100000000434,0.043333840000003954,0.04167983999999744
0.04857,0.05460904000000562,0.04104112000000403,0.03278511999999848
0.048580000000000005,0.042917400000004644,0.04308439999999943,0.03228607999999654
0.04859,0.04898416000000422,0.03275427999999837,0.03752536000000114
0.048600000000000004,0.05990200000000397,0.040651799999999134,0.03700740000000219
0.04861000000000001,0.06567316000000549,0.05587732000000222,0.040996919999997765
0.048620000000000003,0.06989540000000341,0.03458883999999928,0.039879759999997245
0.04863000000000001,0.05123384000000508,0.042808520000000766,0.03929168000000134
0.04864,0.05093584000000411,0.053029280000000845,0.04001840000000119
0.048650000000000006,0.04853784000000397,0.051571720000004755,0.049050440000001805
0.04866,0.05192776000000543,0.035076200000000154,0.05258512000000266
0.048670000000000005,0.04665576000000555,0.0400712800000041,0.036319959999997854
0.04868,0.04851744000000421,0.03148628000000406,0.0306290800000009
0.048690000000000004,0.0367466400000051,0.03340356000000397,0.04135559999999955
0.04870000000000001,0.04512504000000538,0.04518336000000243,0.05563891999999921
0.04871,0.048951360000004565,0.04819903999999892,0.042917719999998785
0.048720000000000006,0.04188732000000363,0.05206499999999915,0.04461875999999928
0.04873,0.03846584000000365,0.04309140000000156,0.04876796000000115
0.048740000000000006,0.057546520000001086,0.051227600000001164,0.023638040000003104
0.04875,0.05007048000000066,0.03563791999999811,0.037684279999998994
0.048760000000000005,0.03575624000000391,0.04915179999999809,0.039998039999997216
0.04877,0.036884840000004485,0.05178291999999832,0.038621559999998396
0.048780000000000004,0.04801216000000316,0.042568319999997405,0.04371971999999756
0.04879000000000001,0.04238812000000407,0.05053276000000193,0.03600635999999773
0.0488,0.04105016000000501,0.051392479999998304,0.031017759999996813
0.048810000000000006,0.04241688000000473,0.03610900000000335,0.04684131999999869
0.04882,0.051005680000004126,0.0621820400000006,0.03207695999999773
0.048830000000000005,0.060492520000004046,0.04048532000000502,0.03367692000000237
0.04884,0.04846339999999969,0.04092088000000051,0.03705272000000191
0.048850000000000005,0.04316804000000048,0.03478876000000436,0.053462560000003385
0.04886,0.05222428000000034,0.0462415999999984,0.03344372000000194
0.048870000000000004,0.04809052000000364,0.03775868000000406,0.04384480000000227
0.04888000000000001,0.04073176000000059,0.04137951999999791,0.04180695999999971
0.04889,0.06019639999999997,0.02952472000000396,0.03789012000000266
0.048900000000000006,0.062485280000000386,0.03420388000000424,0.03808199999999749
0.04891,0.05154564000000369,0.03666212000000366,0.051440440000003466
0.048920000000000005,0.04824572000000391,0.03883551999999976,0.036216400000001786
0.04893,0.048049160000004344,0.039085280000003005,0.039005240000002495
0.048940000000000004,0.04914276000000088,0.040183560000000604,0.03429800000000222
0.04895000000000001,0.04054112000000563,0.027798800000004155,0.0422230799999991
0.048960000000000004,0.04268396000000419,0.04871188000000351,0.046001360000002954
0.04897000000000001,0.038505520000005275,0.028041080000000128,0.04061232000000314
0.04898,0.04501640000000402,0.03301428000000448,0.047155119999998635
0.048990000000000006,0.04702776000000466,0.04030112000000406,0.052115279999998855
0.049,0.04412056000000496,0.03351096000000446,0.03953176000000258
0.049010000000000005,0.03591228000000515,0.04549204000000564,0.035083080000002764
0.04902,0.040620880000004564,0.04402932000000573,0.04378464000000075
0.049030000000000004,0.044039840000004174,0.0447612000000045,0.0527034800000018
0.04904000000000001,0.041671239999999894,0.047247480000004345,0.04609356000000145
0.04905,0.05182484000000027,0.04396804000000472,0.05189344000000256
0.049060000000000006,0.036472120000002696,0.051722200000000336,0.04382224000000309
0.04907,0.038906440000000785,0.04287987999999867,0.044694200000004035
0.049080000000000006,0.043057360000004624,0.0377214400000007,0.03184708000000138
0.04909,0.0389369200000051,0.04531420000000394,0.04069088000000071
0.049100000000000005,0.04735916000000118,0.04301583999999977,0.04611595999999643
0.04911,0.048231600000005204,0.032685200000005084,0.05515700000000068
0.049120000000000004,0.045835600000005666,0.036536360000004243,0.040200440000001794
0.04913000000000001,0.043464840000003245,0.04602820000000446,0.04468731999999767
0.04914,0.04355680000000361,0.03664744000000342,0.0429600400000003
0.049150000000000006,0.0508256800000058,0.05259268000000456,0.041975200000002294
0.04916,0.043504120000005475,0.04056796000000426,0.03405031999999758
0.049170000000000005,0.04298860000000506,0.03579903999999959,0.038259479999997875
0.04918,0.04148496000000458,0.028322879999998805,0.04286036000000248
0.049190000000000005,0.044118040000005423,0.04381284000000454,0.04353687999999841
0.0492,0.05318972000000487,0.03898751999999997,0.039329839999999276
0.049210000000000004,0.04252840000000517,0.03359224000000404,0.04079024000000127
0.04922000000000001,0.04965956000000018,0.03740428000000426,0.0439955599999969
0.04923,0.052887680000000596,0.033686120000000645,0.045307159999998695
0.049240000000000006,0.04136772000000507,0.04485931999999842,0.04873223999999744
0.04925,0.04562728000000333,0.05796524000000075,0.04529308000000012
0.049260000000000005,0.050407800000002834,0.04666320000000072,0.035812400000001056
0.04927,0.04776580000000478,0.048314600000000825,0.03065695999999828
0.049280000000000004,0.046535680000004555,0.031054760000005212,0.04526760000000035
0.04929000000000001,0.04255928000000134,0.03342776000000372,0.042024919999998654
0.049300000000000004,0.037589480000005025,0.025857840000002654,0.0394161599999953
0.04931000000000001,0.04215628000000263,0.03048224000000014,0.04904599999999687
0.04932,0.04752947999999907,0.03472240000000426,0.04789727999999998
0.049330000000000006,0.06551628000000032,0.05032800000000157,0.043369400000000294
0.04934,0.0483559600000037,0.04309800000000368,0.05410695999999683
0.049350000000000005,0.04076492000000395,0.0446716400000046,0.05050207999999813
0.04936,0.044984880000002975,0.04151340000000443,0.043248559999997896
0.049370000000000004,0.035536120000002516,0.04919996000000334,0.04930272000000283
0.04938000000000001,0.050166360000003025,0.05087152000000412,0.03623119999999752
0.04939,0.04320344000000527,0.06906764000000297,0.0472533600000028
0.049400000000000006,0.05999440000000339,0.04677044000000218,0.04546788000000135
0.04941,0.04932976000000334,0.04957416000000288,0.04776372000000041
0.049420000000000006,0.047054080000003065,0.04848192000000285,0.0432096400000025
0.04943,0.0398916400000035,0.0387105200000032,0.047973159999996455
0.049440000000000005,0.03935432000000211,0.050119800000002004,0.054695320000001345
0.04945,0.033331920000002895,0.05430412000000289,0.050072480000001696
0.049460000000000004,0.04060240000000491,0.06399436000000311,0.06328908000000286
0.04947000000000001,0.05438276000000465,0.0533974000000033,0.036864240000001276
0.04948,0.04197936000000513,0.03190707999999727,0.029547960000002548
0.049490000000000006,0.03950352000000508,0.04066583999999801,0.05375896000000194
0.0495,0.03892640000000576,0.04582563999999923,0.03305196000000102
0.049510000000000005,0.04389928000000537,0.0319944400000021,0.03627871999999954
0.04952,0.04706784000000512,0.0310019200000017,0.03621920000000176
0.049530000000000005,0.03948052000000516,0.029856240000001828,0.03954071999999727
0.04954,0.042727440000001,0.04334799999999901,0.0302117600000037
0.049550000000000004,0.04777652000000528,0.0403454399999974,0.03811112000000265
0.04956000000000001,0.046080120000005644,0.05026587999999729,0.029748240000002316
0.04957,0.05079596000000506,0.02568396000000472,0.03426172000000086
0.049580000000000006,0.06558448000000351,0.034854439999999626,0.03101219999999755
0.04959,0.04347060000000092,0.032793559999999736,0.0329864399999983
0.049600000000000005,0.038922280000004646,0.056970840000000494,0.04843816000000297
0.04961,0.04277020000000411,0.049639599999998806,0.0400286800000024
0.049620000000000004,0.05448668000000431,0.04630412000000269,0.042216759999998646
0.04963000000000001,0.05238724000000429,0.04416708000000222,0.046144399999998906
0.049640000000000004,0.033487480000003955,0.053294040000003005,0.037326559999999454
0.04965000000000001,0.04901344000000257,0.045999360000003396,0.042629399999998256
0.04966,0.038055960000004864,0.04040856000000488,0.03899291999999832
0.049670000000000006,0.03309000000000444,0.03609700000000521,0.04453416000000337
0.04968,0.03505536000000519,0.038184480000002234,0.028763879999998243
0.049690000000000005,0.04992652000000324,0.04130188000000377,0.034346040000000654
0.0497,0.042022839999999596,0.05367235999999928,0.03314619999999921
0.049710000000000004,0.04361612000000018,0.03219899999999813,0.034517439999999885
0.04972000000000001,0.042465280000001014,0.04566856000000419,0.028101080000002113
0.04973,0.04392343999999977,0.03891752000000424,0.031977600000001064
0.049740000000000006,0.035143400000004536,0.039593600000004274,0.03297687999999793
0.04975,0.037615560000004704,0.044330040000004275,0.03500403999999719
0.049760000000000006,0.04353020000000018,0.031094560000003678,0.038117679999998766
0.04977,0.044611920000004246,0.04086916000000135,0.030503640000002087
0.049780000000000005,0.04932548000000061,0.0332438800000036,0.037370280000001116
0.04979,0.036196200000003606,0.04844012000000464,0.03821372000000217
0.049800000000000004,0.04972572000000471,0.0525241200000001,0.04212128000000152
0.04981000000000001,0.049941280000004036,0.04601992000000324,0.039568080000005036
0.04982,0.04674588000000545,0.05414148000000346,0.05403440000000345
0.049830000000000006,0.039439640000003884,0.0529518400000037,0.050209560000003706
0.04984,0.03867584000000385,0.04446960000000366,0.03405700000000507
0.049850000000000005,0.057565000000004564,0.047834920000002334,0.03529120000000425
0.04986,0.053150160000004124,0.0402591999999993,0.033412839999999486
0.049870000000000005,0.04712512000000373,0.04284180000000247,0.04998756000000045
0.04988,0.048124440000000296,0.02843672000000226,0.051664320000002206
0.049890000000000004,0.04774496000000472,0.029188120000002846,0.05148032000000135
0.04990000000000001,0.04498292000000493,0.040495360000004955,0.03564580000000515
0.04991,0.05265444000000499,0.038570800000003826,0.06001244000000292
0.049920000000000006,0.048617320000004856,0.05594388000000358,0.03115604000000407
0.04993,0.05354224000000539,0.04469420000000317,0.049170240000001725
0.049940000000000005,0.05285728000000573,0.043030640000003534,0.04360248000000209
0.04995,0.0500140800000054,0.04288792000000477,0.04002740000000147
0.049960000000000004,0.051124880000006034,0.05419728000000351,0.03572660000000158
0.04997000000000001,0.04832500000000537,0.038673480000003195,0.042338240000002074
0.049980000000000004,0.048852040000004295,0.04118372000000375,0.04457644000000284
0.04999000000000001,0.042915120000004775,0.04011040000000484,0.04665940000000336
0.05,0.044247240000005295,0.0506024400000041,0.04134723999999874
0.050010000000000006,0.03915296000000449,0.03298055999999832,0.0410087599999985
0.05002,0.04271936000000373,0.02452088000000425,0.05180875999999881
0.050030000000000005,0.04272720000000544,0.020951560000004463,0.0514909999999995
0.05004,0.03972827999999878,0.03993468000000188,0.03980824000000304
0.050050000000000004,0.041066040000003134,0.03260772000000148,0.04480592000000398
0.05006000000000001,0.051774679999999025,0.038627879999999094,0.05105700000000498
0.05007,0.05388684000000131,0.05929771999999974,0.03463504000000315
0.050080000000000006,0.04789844000000128,0.028998199999999964,0.03631912000000263
0.05009,0.05493936000000297,0.04052604000000211,0.04709060000000144
0.050100000000000006,0.048592080000003514,0.03631483999999884,0.051139800000001547
0.05011,0.05443740000000222,0.04225828000000404,0.024478120000002636
0.050120000000000005,0.052679160000002674,0.0347516000000042,0.03323052000000389
0.05013,0.05480264000000246,0.03547676000000255,0.0485731200000035
0.050140000000000004,0.05139432000000308,0.04274444000000298,0.031243280000000772
0.05015000000000001,0.0461653600000028,0.045333880000002574,0.040222440000002656
0.05016,0.04863732000000359,0.035628680000001335,0.049653000000004194
0.050170000000000006,0.03471204000000558,0.054043280000000526,0.04454756000000443
0.05018,0.04159400000000442,0.03217744000000078,0.06305804000000546
0.050190000000000005,0.04302976000000441,0.03146212000000418,0.0660215200000053
0.0502,0.04348268000000493,0.0313150000000043,0.04160628000000291
0.050210000000000005,0.04491440000000574,0.03281984000000122,0.03951972000000371
0.05022,0.05560060000000474,0.03575071999999695,0.036402800000003115
0.050230000000000004,0.0466865600000055,0.04210347999999833,0.03626348000000402
0.05024000000000001,0.04678984000000585,0.0494395200000031,0.03775748000000405
0.05025,0.05264944000000532,0.035592120000003766,0.05383300000000515
0.050260000000000006,0.05923616000000392,0.03176588000000144,0.04511516000000298
0.05027,0.047075400000005464,0.03649808000000081,0.03841667999999992
0.050280000000000005,0.043259040000004294,0.0399246000000032,0.050468320000003966
0.05029,0.04682832000000539,0.034064240000004464,0.04690308000000395
0.050300000000000004,0.050500400000004726,0.06234564000000047,0.05851684000000316
0.05031000000000001,0.057879880000005685,0.0499422399999995,0.04635176000000461
0.050320000000000004,0.04642896000000521,0.0322249999999991,0.05674664000000446
0.05033000000000001,0.06550780000000558,0.03461324000000378,0.04287368000000442
0.05034,0.05781884000000509,0.018966560000002308,0.04231676000000525
0.050350000000000006,0.05576376000000477,0.038101120000001716,0.046066080000005095
0.05036,0.05640900000000131,0.051685760000003154,0.04078936000000209
0.050370000000000005,0.05113020000000442,0.04854872000000073,0.03303680000000381
0.05038,0.04954076000000266,0.03654156000000156,0.034596280000005086
0.050390000000000004,0.055896240000004316,0.04938252000000299,0.038566960000000046
0.05040000000000001,0.048133880000004126,0.034424320000001396,0.046899719999998805
0.05041,0.0585409600000051,0.03879272000000249,0.049992319999999923
0.050420000000000006,0.04777712000000511,0.046341360000003426,0.04424312000000467
0.05043,0.048401880000004636,0.03732956000000357,0.03822984000000359
0.050440000000000006,0.056141720000002726,0.04043971999999942,0.03398828000000212
0.05045,0.05019056000000463,0.03779424000000407,0.03605368000000423
0.050460000000000005,0.04464368000000489,0.027995520000003632,0.0514583200000033
0.05047,0.05232832000000434,0.048175520000002095,0.055002120000003825
0.050480000000000004,0.04470292000000474,0.04583736000000293,0.06349952000000536
0.05049000000000001,0.045499800000005475,0.049331960000003165,0.04970084000000486
0.0505,0.04876320000000488,0.04796808000000327,0.05155228000000477
0.050510000000000006,0.046171440000005004,0.03577228000000135,0.053950880000004524
0.05052,0.04994732000000496,0.034123719999998484,0.05091144000000345
0.050530000000000005,0.0426294800000048,0.02790439999999686,0.056765720000004176
0.05054,0.044353680000005564,0.03979268000000307,0.05207992000000452
0.050550000000000005,0.05462028000000589,0.0352911600000048,0.05478552000000351
0.05056,0.04100280000000404,0.039474120000004116,0.044831160000004824
0.050570000000000004,0.05090384000000411,0.054545120000002244,0.04218604000000494
0.05058000000000001,0.052222640000004227,0.040380160000001185,0.03739652000000398
0.05059,0.041444320000005565,0.02987420000000433,0.05380100000000487
0.050600000000000006,0.04799192000000464,0.0343610400000019,0.04521468000000458
0.05061,0.045131920000005314,0.0521088000000027,0.04097168000000431
0.050620000000000005,0.0616178400000009,0.045452840000002714,0.05862896000000334
0.05063,0.05562028000000266,0.04974432000000465,0.040920680000004435
0.050640000000000004,0.0539527999999995,0.045463360000000036,0.05793612000000439
0.05065000000000001,0.04757072000000014,0.04443644000000012,0.04651632000000362
0.050660000000000004,0.054608559999999376,0.041733839999999627,0.05570296000000385
0.05067000000000001,0.03941804000000465,0.0312295999999995,0.04820840000000314
0.05068,0.0488972000000037,0.05016684000000023,0.04244476000000195
0.050690000000000006,0.05454372000000371,0.029396600000002323,0.047749280000001525
0.0507,0.04612779999999906,0.04601732000000345,0.045334439999998866
0.050710000000000005,0.04824968000000302,0.04011872000000225,0.04024508000000188
0.05072,0.04636384000000541,0.05045551999999897,0.04009984000000237
0.050730000000000004,0.050345600000004403,0.032888959999998676,0.03157416000000314
0.05074000000000001,0.04266000000000512,0.04855156000000084,0.037700240000003424
0.05075,0.047124960000005364,0.05636340000000061,0.046211000000003465
0.050760000000000007,0.05456148000000405,0.0410647599999999,0.04652480000000352
0.05077,0.059463160000005386,0.03637391999999759,0.05342848000000394
0.050780000000000006,0.055974000000005325,0.04422535999999983,0.05262848000000386
0.05079,0.05204580000000465,0.04414343999999855,0.047402320000002225
0.050800000000000005,0.05242556000000396,0.04096219999999952,0.03615515999999736
0.05081,0.05578432000000376,0.04176008000000316,0.03551963999999836
0.050820000000000004,0.05173656000000529,0.03104892000000252,0.038058639999996514
0.05083000000000001,0.05209596000000489,0.02761260000000285,0.03266603999999739
0.05084,0.052449960000004466,0.03286367999999851,0.050286239999998754
0.050850000000000006,0.055667040000005136,0.02925576000000322,0.04171544000000222
0.05086,0.05956200000000499,0.028783400000003966,0.0520122799999978
0.050870000000000005,0.05301220000000575,0.02983880000000305,0.0479452799999981
0.05088,0.05711288000000604,0.03574656000000178,0.03984624000000366
0.050890000000000005,0.05108364000000456,0.04293959999999994,0.0393461200000029
0.0509,0.05157656000000518,0.0476049999999996,0.04310831999999875
0.050910000000000004,0.05034756000000515,0.049260639999998676,0.054047920000003566
0.05092000000000001,0.05258352000000584,0.0459663999999991,0.05951672000000134
0.05093,0.03675208000000512,0.03320839999999927,0.06417368000000377
0.050940000000000006,0.05122368000000554,0.0443662799999984,0.06019668000000333
0.05095,0.03965560000000511,0.03566036000000067,0.054874360000004424
0.050960000000000005,0.04292432000000408,0.037475040000002596,0.04618404000000456
0.05097,0.040781000000005195,0.03696452000000336,0.05174560000000176
0.050980000000000004,0.04476900000000377,0.0369608400000043,0.042042479999998224
0.05099000000000001,0.03808564000000378,0.05285095999999978,0.050476239999999076
0.051000000000000004,0.041954120000004966,0.037971400000003624,0.053439800000000405
0.05101000000000001,0.050542640000000395,0.04048343999999815,0.04563236000000111
0.05102,0.06676808000000165,0.040033839999998565,0.05501872000000152
0.051030000000000006,0.04744376000000109,0.05001411999999876,0.04444908000000147
0.05104,0.04983084000000559,0.06300511999999979,0.04234960000000089
0.051050000000000005,0.048318040000001644,0.05414099999999795,0.04713788000000255
0.05106,0.04286524000000434,0.044801199999997904,0.05079075999999844
0.051070000000000004,0.04531148000000412,0.0430157199999982,0.043178880000002286
0.05108000000000001,0.05011232000000436,0.02530827999999847,0.04837884000000338
0.05109,0.04646660000000433,0.04906907999999877,0.0521354800000031
0.051100000000000007,0.04314260000000524,0.04640560000000239,0.043197480000003084
0.05111,0.0457012400000042,0.04155443999999712,0.0594064800000029
0.051120000000000006,0.041612320000003755,0.03172455999999713,0.05517139999999965
0.05113,0.0412279600000051,0.037277640000002873,0.045695239999999845
0.051140000000000005,0.043851560000002066,0.0542436,0.04796632000000462
0.05115,0.04483540000000542,0.04083008000000457,0.03966956000000431
0.051160000000000004,0.048614440000005234,0.02250179999999754,0.04680128000000287
0.05117000000000001,0.04254700000000141,0.039578599999999395,0.0405442400000043
0.05118,0.04613780000000331,0.03632028000000217,0.034607760000004185
0.051190000000000006,0.05366592000000347,0.0384705999999981,0.041712960000002956
0.0512,0.06060968000000236,0.03294199999999605,0.03695932000000521
0.051210000000000006,0.04966428000000463,0.05127616000000206,0.049925280000000266
0.05122,0.04675752000000003,0.031012120000003463,0.05726768000000341
0.051230000000000005,0.04116188000000441,0.03820336000000279,0.04599304000000352
0.05124,0.044575640000004565,0.049236160000002,0.0494847200000051
0.051250000000000004,0.044537840000004096,0.03080440000000305,0.04479444000000373
0.05126000000000001,0.04131260000000494,0.026902200000003564,0.05178644000000238
0.05127,0.04995964000000564,0.04278732000000162,0.051567320000003226
0.051280000000000006,0.06509792000000046,0.04550096000000213,0.04284704000000338
0.05129,0.049291080000005365,0.03797216000000243,0.03207639999999855
0.051300000000000005,0.05534592000000533,0.0218448400000018,0.04590960000000319
0.05131,0.06918064000000343,0.03617388000000385,0.04539412000000298
0.051320000000000005,0.05923212000000473,0.033304879999999815,0.044947280000003365
0.05133000000000001,0.05737456000000424,0.0244293600000018,0.05102900000000413
0.051340000000000004,0.06039404000000464,0.03532924000000104,0.04421944000000364
0.05135000000000001,0.055774760000004135,0.029023280000004096,0.0452770000000035
0.05136,0.04369148000000459,0.032681440000000915,0.0431619199999993
0.051370000000000006,0.055846360000004244,0.0327419200000012,0.043311719999998964
0.05138,0.059669080000003885,0.037416239999999865,0.04286064000000055
0.051390000000000005,0.052434520000004946,0.043059760000002105,0.03925704000000257
0.0514,0.06617456000000449,0.030026560000004296,0.0353319600000028
0.051410000000000004,0.05280512000000539,0.03686924000000221,0.04460832000000351
0.05142000000000001,0.042372880000004935,0.054330760000004676,0.03819276000000332
0.051430000000000003,0.03588748000000398,0.044514200000002405,0.03882992000000361
0.05144000000000001,0.043502479999999684,0.0359706000000029,0.030224800000003754
0.05145,0.044561480000004504,0.026078319999998364,0.03849628000000464
0.051460000000000006,0.04638000000000267,0.04049827999999899,0.027659160000003544
0.05147,0.04264472000000256,0.043222840000000214,0.03366116000000154
0.051480000000000005,0.04499064000000488,0.040625399999997314,0.03700396000000188
0.05149,0.03986148000000324,0.03319752000000117,0.02772584000000525
0.051500000000000004,0.052194160000000135,0.031385960000002766,0.046120800000003306
0.05151000000000001,0.03306652000000471,0.04895183999999917,0.04796652000000383
0.05152,0.03917400000000476,0.041227040000001165,0.044198800000004874
0.051530000000000006,0.03796488000000512,0.04189032000000155,0.04817596000000115
0.05154,0.04410772000000511,0.05445624000000215,0.041679800000004756
0.051550000000000006,0.03376228000000272,0.041056560000004086,0.04285780000000371
0.05156,0.03710524000000474,0.04579420000000205,0.03798256000000329
0.051570000000000005,0.05120328000000265,0.0308418800000045,0.039108560000000146
0.05158,0.047143920000003295,0.03619420000000186,0.024625560000005126
0.051590000000000004,0.03603880000000327,0.041258680000003156,0.03472936000000047
0.05160000000000001,0.033342040000005214,0.03629016000000235,0.03458575999999928
0.05161,0.042070400000003436,0.0461437600000029,0.03718020000000408
0.051620000000000006,0.05376880000000247,0.03670560000000174,0.03827216000000413
0.05163,0.048282000000002996,0.033547039999999854,0.04895560000000323
0.051640000000000005,0.04163856000000009,0.03356464000000285,0.03887884000000374
0.05165,0.04143251999999995,0.04767576000000392,0.058629600000004355
0.051660000000000005,0.041966200000001515,0.05160964000000251,0.03287384000000329
0.05167000000000001,0.04114248000000347,0.04010392000000274,0.040812040000004074
0.051680000000000004,0.033397680000005175,0.03912839999999738,0.03296156000000056
0.05169000000000001,0.04035984000000488,0.04169891999999797,0.053123199999998344
0.0517,0.03404980000000487,0.046882239999998236,0.04609779999999986
0.051710000000000006,0.04780492000000394,0.040231359999998266,0.035126040000000865
0.05172,0.041125520000003295,0.046892720000002795,0.03400396000000353
0.051730000000000005,0.060153360000001904,0.04789147999999885,0.039713280000004056
0.05174,0.052971560000001985,0.04951523999999833,0.034476880000003866
0.051750000000000004,0.056226280000000475,0.044146520000002694,0.043887560000005627
0.05176000000000001,0.04455575999999832,0.04551168000000156,0.031702120000004864
0.051770000000000004,0.0441893200000033,0.026180800000001694,0.048648160000004985
0.05178000000000001,0.06578768000000364,0.03539368000000191,0.04581472000000409
0.05179,0.04339608000000499,0.038238560000001136,0.04545092000000341
0.051800000000000006,0.046903640000004757,0.05273576000000246,0.04571672000000311
0.05181,0.05284008000000512,0.05068576000000289,0.058380120000002755
0.051820000000000005,0.04580784000000261,0.03335956000000364,0.033342240000001494
0.05183,0.04730664000000466,0.03783184000000218,0.037757920000002235
0.051840000000000004,0.051849840000005164,0.04757504000000326,0.029720280000002826
0.05185000000000001,0.04301732000000445,0.041006520000003155,0.04810184000000061
0.05186,0.04784424000000579,0.04194624000000182,0.06428820000000171
0.051870000000000006,0.05399852000000509,0.047718000000003154,0.06031204000000124
0.05188,0.06409076000000084,0.05383548000000316,0.05325716000000144
0.051890000000000006,0.05921920000000506,0.04489060000000289,0.04674552000000291
0.0519,0.05761920000000491,0.043738040000001595,0.039275839999998396
0.051910000000000005,0.0688706800000048,0.03486452000000338,0.03680287999999785
0.05192,0.052192240000004934,0.033825159999997696,0.040413280000000384
0.051930000000000004,0.049088360000003294,0.04027860000000264,0.041839039999996726
0.05194000000000001,0.06436676000000176,0.04724644000000494,0.04309636000000299
0.05195,0.051716840000004385,0.03739428000000491,0.04019936000000086
0.051960000000000006,0.05198640000000048,0.042257239999999884,0.03217900000000091
0.05197,0.045648880000004693,0.04293252000000239,0.033067560000003
0.051980000000000005,0.037290760000004974,0.032618760000004444,0.049367320000002955
0.05199,0.043731120000004474,0.02919012000000038,0.044803640000001935
0.052000000000000005,0.04959868000000504,0.042980240000004555,0.042563000000001724
0.05201000000000001,0.054869440000005,0.039539559999998954,0.0295096800000038
0.052020000000000004,0.051287000000005,0.04072804000000346,0.043037000000003274
0.05203000000000001,0.0555032000000054,0.04605771999999954,0.04066428000000343
0.05204,0.059387960000005034,0.0663133200000002,0.04097892000000297
0.052050000000000006,0.05318540000000498,0.06018516000000041,0.05283916000000269
0.05206,0.05448480000000371,0.057664000000000465,0.03635248000000439
0.052070000000000005,0.051376920000003726,0.04588228000000001,0.03402740000000336
0.05208,0.05564916000000358,0.04284728000000067,0.050390599999999244
0.052090000000000004,0.04940876000000321,0.05336092000000181,0.04264968000000456
0.05210000000000001,0.05700652000000472,0.042668839999998966,0.05361436000000412
0.052110000000000004,0.05456132000000484,0.04908936000000365,0.044470680000001844
0.05212000000000001,0.04465616000000627,0.04176444000000317,0.03730016000000265
0.05213,0.04368300000000533,0.04543248000000192,0.03994056000000096
0.052140000000000006,0.050271280000005886,0.05815172000000349,0.03833976000000473
0.05215,0.05462908000000556,0.034924240000004714,0.034664720000001696
0.052160000000000005,0.037815880000005846,0.028377320000003144,0.03996335999999808
0.05217,0.03914672000000486,0.03684288000000265,0.0355636000000005
0.052180000000000004,0.04478548000000525,0.03700980000000168,0.04007164000000419
0.05219000000000001,0.04286008000000491,0.02557108000000301,0.0407174800000013
0.0522,0.04517932000000347,0.0312911999999992,0.02896484000000513
0.052210000000000006,0.05368568000000566,0.03969240000000005,0.05045956000000112
0.05222,0.05210828000000501,0.03372660000000427,0.03650791999999957
0.052230000000000006,0.050239760000005386,0.03868408000000163,0.06171436000000038
0.05224,0.05661868000000417,0.03994276000000166,0.0417078000000039
0.052250000000000005,0.06254720000000556,0.04443472000000396,0.046331480000001486
0.05226,0.07016020000000474,0.03696332000000501,0.03567079999999762
0.052270000000000004,0.06145816000000382,0.03153152000000192,0.038775080000002654
0.05228000000000001,0.056740320000005146,0.04017508000000106,0.03240931999999851
0.05229,0.06978748000000518,0.03335260000000213,0.03449228000000074
0.052300000000000006,0.051178200000005655,0.029675959999999925,0.029033119999996002
0.05231,0.05574220000000482,0.033454280000001384,0.030502319999996107
0.052320000000000005,0.06171504000000453,0.02382108000000403,0.03692107999999995
0.05233,0.05773184000000478,0.025126120000002476,0.05257827999999862
0.052340000000000005,0.05652908000000517,0.028979920000003205,0.05128355999999852
0.05235000000000001,0.053896360000003515,0.042797119999999064,0.038150159999997886
0.052360000000000004,0.06153640000000547,0.042680279999998405,0.039241560000000994
0.05237000000000001,0.055613400000003865,0.0415497199999981,0.03439200000000429
0.05238,0.047414960000003524,0.03414904000000218,0.04826371999999937
0.052390000000000006,0.05313248000000545,0.031014880000000473,0.03925907999999703
0.0524,0.04851148000000411,0.03895692000000259,0.03708304000000337
0.052410000000000005,0.040660880000004854,0.0448491600000027,0.03022564000000314
0.05242,0.04571452000000505,0.05936612000000163,0.02832132000000438
0.052430000000000004,0.05011196000000457,0.04114616000000482,0.0237130400000041
0.05244000000000001,0.05868648000000411,0.03297840000000404,0.036535359999999996
0.052450000000000004,0.053480080000004315,0.03375936000000345,0.04282632000000162
0.05246000000000001,0.043741680000003925,0.04602207999999966,0.04515572000000284
0.05247,0.05205980000000249,0.04502207999999864,0.032839480000001704
0.052480000000000006,0.06267472000000239,0.044180640000003144,0.03927152000000091
0.05249,0.04209144000000016,0.04791648000000024,0.0208847999999979
0.052500000000000005,0.04583548000000502,0.04013516000000146,0.029431160000004994
0.05251,0.05480904000000545,0.03636752000000283,0.035181639999999854
0.052520000000000004,0.046321000000005004,0.0491484000000025,0.0410972400000007
0.05253000000000001,0.04850136000000258,0.041000400000002594,0.03757032000000332
0.05254,0.06149056000000476,0.0341773600000039,0.04848824000000577
0.052550000000000006,0.05596396000000295,0.03311216000000264,0.04719604000000415
0.05256,0.039712800000004427,0.06114908000000226,0.03791900000000303
0.052570000000000006,0.04239300000000396,0.0516829600000021,0.04221032000000271
0.05258,0.05031012000000367,0.05850012000000193,0.04187487999999961
0.052590000000000005,0.03871232000000193,0.055118360000003565,0.04446336000000393
0.0526,0.05473624000000224,0.05798784000000434,0.0519339600000003
0.052610000000000004,0.042238800000003816,0.054183360000004545,0.03437855999999917
0.05262000000000001,0.043026880000003535,0.05253919999999989,0.035787080000002094
0.05263,0.04873984000000223,0.06770644000000399,0.02985432000000052
0.052640000000000006,0.04887272000000448,0.06240740000000432,0.030942679999999334
0.05265,0.03681740000000371,0.05949860000000088,0.04559600000000334
0.052660000000000005,0.04612420000000425,0.04849424000000515,0.045152920000000256
0.05267,0.037735680000005066,0.049558840000004774,0.0572418000000001
0.052680000000000005,0.04124756000000321,0.04185436000000395,0.03566448000000239
0.05269000000000001,0.04812531999999925,0.05079876000000357,0.04192952000000168
0.052700000000000004,0.05087388000000207,0.05859744000000467,0.040548639999999525
0.05271000000000001,0.044514439999998254,0.05089304000000433,0.04328972000000388
0.05272,0.04045396000000372,0.035017440000004736,0.05642464000000293
0.052730000000000006,0.05116340000000203,0.035279240000004944,0.049176720000000305
0.05274,0.05722919999999841,0.030750320000003807,0.04873003999999645
0.052750000000000005,0.05573432000000013,0.032593360000001785,0.044018399999998056
0.05276,0.045377520000000685,0.043588040000003686,0.028469160000002137
0.052770000000000004,0.04751251999999898,0.03641995999999729,0.03903155999999818
0.05278000000000001,0.043072239999998464,0.031334399999997486,0.04558156000000067
0.052790000000000004,0.036698520000003065,0.039994279999999514,0.04614575999999635
0.05280000000000001,0.049809240000003314,0.03181364000000504,0.047381440000002994
0.05281,0.03672443999999849,0.037863960000005074,0.03325763999999653
0.052820000000000006,0.04547799999999876,0.033285919999999636,0.04537663999999866
0.05283,0.04104132000000363,0.031206640000004567,0.03808727999999793
0.052840000000000005,0.04104608000000273,0.04873156000000449,0.036630959999999865
0.05285,0.040243080000004504,0.04615552000000443,0.04430111999999887
0.052860000000000004,0.039916400000005035,0.048228080000003754,0.054145199999998374
0.05287000000000001,0.04140660000000516,0.04387068000000436,0.0472996799999994
0.05288,0.04573468000000467,0.03935404000000502,0.044140639999998954
0.052890000000000006,0.05347195999999739,0.03800460000000465,0.04622591999999776
0.0529,0.04996451999999889,0.042848760000004864,0.052164039999997906
0.052910000000000006,0.04391855999999917,0.05963832000000469,0.045488839999998074
0.05292,0.04739363999999949,0.044762160000004506,0.04359599999999893
0.052930000000000005,0.0563004400000012,0.050723920000004655,0.041210559999996454
0.05294,0.040203920000000684,0.04950360000000437,0.04657567999999935
0.052950000000000004,0.033270320000002955,0.059453400000004646,0.04496224000000379
0.05296000000000001,0.042245200000002696,0.04873072000000422,0.04787891999999927
0.05297,0.041611279999998245,0.042388440000000034,0.04928683999999917
0.052980000000000006,0.0601116000000039,0.04062924000000289,0.05300031999999907
0.05299,0.055340880000003034,0.05383976000000436,0.06390452000000035
0.053000000000000005,0.051384800000003394,0.03794612000000008,0.04651823999999686
0.05301,0.046132920000002665,0.04040456000000497,0.04672431999999788
0.053020000000000005,0.04258912000000355,0.04536360000000493,0.04417183999999822
0.05303000000000001,0.044722360000004215,0.04141572000000392,0.0301543200000002
0.053040000000000004,0.05057712000000426,0.04350800000000498,0.03236011999999924
0.05305000000000001,0.056009040000004125,0.05004052000000113,0.033796119999998445
0.05306,0.05430168000000411,0.03473707999999998,0.042444560000004704
0.053070000000000006,0.04212516000000439,0.03964860000000358,0.037710200000004225
0.05308,0.04946308000000029,0.03860643999999972,0.03778508000000353
0.053090000000000005,0.04629356000000123,0.05773679999999986,0.04224352000000189
0.0531,0.06882844000000167,0.03240395999999961,0.039487599999999734
0.053110000000000004,0.057025760000001986,0.03673711999999968,0.040512439999999914
0.05312000000000001,0.06076864000000319,0.040714479999998915,0.04196984000000018
0.053130000000000004,0.046053240000003985,0.03927704000000066,0.06335564000000068
0.05314000000000001,0.04776636000000393,0.038572279999999994,0.03677060000000344
0.05315,0.04914924000000422,0.03562544000000159,0.04219992000000448
0.053160000000000006,0.056788560000005504,0.03023748000000354,0.037265360000000636
0.05317,0.05361964000000225,0.04145319999999942,0.03496284000000225
0.053180000000000005,0.05599708000000389,0.044339240000000266,0.04592252000000224
0.05319,0.059262400000002914,0.039713480000003853,0.04459356000000321
0.053200000000000004,0.054585120000004386,0.04208412000000284,0.04661556000000301
0.05321000000000001,0.04472128000000372,0.05295108000000243,0.05105428000000308
0.05322,0.04379640000000482,0.03724280000000524,0.03177120000000218
0.053230000000000006,0.07207944000000463,0.037878400000004676,0.031661280000002345
0.05324,0.06659492000000349,0.0357702800000026,0.047442799999997814
0.053250000000000006,0.05327376000000392,0.051390760000003505,0.05342191999999811
0.05326,0.042152680000005265,0.048298440000002274,0.049530359999999184
0.053270000000000005,0.04595344000000508,0.03470652000000528,0.053643679999999284
0.05328,0.05005712000000528,0.03678696000000537,0.042454519999998885
0.053290000000000004,0.06051208000000102,0.040060600000004415,0.040207799999999023
0.05330000000000001,0.03778244000000322,0.04777260000000467,0.046744359999997966
0.05331,0.044266720000004776,0.03697288000000425,0.0397029200000031
0.053320000000000006,0.053520560000005005,0.043542360000004776,0.04364351999999678
0.05333,0.05704336000000516,0.04292868000000301,0.052096559999996864
0.053340000000000005,0.05484764000000483,0.04416456000000136,0.04993039999999705
0.05335,0.047648120000004505,0.03592515999999857,0.05204047999999672
0.053360000000000005,0.052879280000005476,0.04024748000000349,0.039429959999996676
0.05337000000000001,0.05357488000000494,0.04683424000000226,0.04055639999999933
0.053380000000000004,0.04087928000000554,0.041732280000002064,0.03926379999999761
0.05339000000000001,0.04040456000000596,0.0318622000000033,0.042559560000000086
0.0534,0.046405480000006195,0.03667335999999931,0.04351551999999931
0.053410000000000006,0.04533320000000409,0.03720148000000026,0.03981663999999828
0.05342,0.04514284000000609,0.043168239999999684,0.04743071999999863
0.053430000000000005,0.0497500400000041,0.02237775999999944,0.05324524000000194
0.05344,0.04186424000000567,0.048293760000001046,0.052326919999997265
0.053450000000000004,0.055723240000003824,0.03697332000000263,0.05268492000000317
0.05346000000000001,0.052316520000003246,0.0410564399999988,0.055830839999997404
0.053470000000000004,0.05859536000000339,0.03166771999999943,0.051213120000002436
0.05348000000000001,0.05734907999999888,0.03219856000000493,0.04517240000000311
0.05349,0.06056724000000338,0.04254452000000307,0.04186992000000264
0.053500000000000006,0.05287972000000019,0.035813719999997974,0.046084080000001575
0.05351,0.054409400000005076,0.04429915999999968,0.04155872000000249
0.053520000000000005,0.04736300000000068,0.043556359999998163,0.044213920000004674
0.05353,0.041132720000004876,0.04498992000000155,0.0391923599999982
0.053540000000000004,0.03980168000000363,0.05071580000000284,0.033834439999999834
0.05355000000000001,0.05472728000000471,0.03895747999999883,0.042032480000001614
0.05356,0.040278480000004405,0.035647319999999316,0.02983876000000138
0.053570000000000007,0.05411808000000055,0.036350080000005114,0.029232800000001943
0.05358,0.03858896000000001,0.041918120000005686,0.024205560000002443
0.053590000000000006,0.04883744000000053,0.031194000000005034,0.045443680000002235
0.0536,0.04164959999999988,0.03704980000000454,0.022776120000001624
0.053610000000000005,0.043645160000004096,0.047071080000003755,0.03530092000000302
0.05362,0.03844964000000365,0.05336460000000268,0.03506152000000181
0.053630000000000004,0.04012679999999919,0.05481560000000342,0.03251544000000346
0.05364000000000001,0.03755140000000442,0.05440208000000411,0.03619396000000476
0.05365,0.041220040000004676,0.048585840000002795,0.04897036000000186
0.053660000000000006,0.04657164000000331,0.043093640000004554,0.03870204000000225
0.05367,0.04633116000000397,0.03927452000000567,0.04415896000000194
0.053680000000000005,0.04340424000000467,0.057839400000000166,0.04079495999999768
0.05369,0.04731020000000439,0.04144052000000105,0.044892599999999054
0.053700000000000005,0.048444480000002704,0.04396780000000142,0.051563720000003234
0.05371000000000001,0.04726204000000302,0.03677816000000118,0.05083859999999884
0.053720000000000004,0.04908264000000102,0.036368320000001134,0.05684268000000132
0.05373000000000001,0.04716360000000089,0.033692360000000414,0.06858940000000296
0.05374,0.05881772000000112,0.04076560000000337,0.040439360000003935
0.053750000000000006,0.049422720000000586,0.04402728000000343,0.0432598400000025
0.05376,0.04226136000000499,0.035334680000003574,0.037536280000002274
0.053770000000000005,0.04066036000000503,0.0402938800000027,0.041485800000002335
0.05378,0.04864956000000492,0.04505076000000239,0.03849892000000235
0.053790000000000004,0.03787380000000478,0.039203280000003594,0.03294123999999937
0.05380000000000001,0.055269720000004394,0.048816840000002276,0.03997756000000228
0.053810000000000004,0.04271996000000107,0.0459236800000037,0.04194300000000276
0.05382000000000001,0.04220428000000519,0.044988520000002655,0.03974680000000343
0.05383,0.03866064000000468,0.053342920000002625,0.037296560000003184
0.053840000000000006,0.036152600000004705,0.06373432000000259,0.0376926400000017
0.05385,0.05287928000000302,0.05223715999999885,0.03303164000000422
0.053860000000000005,0.05186480000000286,0.053123839999998854,0.03476040000000229
0.05387,0.043686439999999056,0.0498193600000015,0.03854608000000366
0.053880000000000004,0.03899124000000497,0.051905919999999925,0.040779480000002026
0.05389000000000001,0.042128880000005,0.03526004000000049,0.05124672000000418
0.0539,0.05479100000000079,0.059339000000005686,0.049254920000003095
0.053910000000000007,0.04036244000000511,0.06108628000000566,0.04722780000000337
0.05392,0.04375704000000548,0.04184116000000572,0.037483320000002214
0.053930000000000006,0.041453360000004116,0.04780852000000303,0.047136560000002686
0.05394,0.04449992000000411,0.033810760000003326,0.04160104000000197
0.053950000000000005,0.03812460000000381,0.036262840000004785,0.04087843999999807
0.05396,0.0428044000000052,0.039878639999999764,0.04254604000000266
0.053970000000000004,0.05083207999999993,0.040029799999998145,0.047334160000003976
0.05398000000000001,0.046265160000005454,0.035952040000001545,0.03553411999999797
0.05399,0.04714052000000412,0.036958839999997696,0.03431384000000266
0.054000000000000006,0.03811728000000486,0.05432315999999868,0.03658300000000195
0.05401,0.03998404000000476,0.053696640000002814,0.03607436000000236
0.054020000000000006,0.03511108000000465,0.055707119999999735,0.02482803999999935
0.05403,0.04531288000000149,0.03936328000000132,0.03981820000000313
0.054040000000000005,0.04592164000000446,0.05120143999999635,0.05370224000000401
0.05405000000000001,0.04685672000000362,0.0480013999999993,0.058462120000002595
0.054060000000000004,0.04884704000000437,0.04813180000000247,0.03951448000000014
0.05407000000000001,0.04090088000000527,0.0392581600000021,0.0424236800000026
0.05408,0.0447732000000047,0.03974567999999742,0.03252312000000211
0.054090000000000006,0.03678276000000558,0.027435759999998442,0.040314400000002575
0.0541,0.03783916000000371,0.04382492000000226,0.044501079999999346
0.054110000000000005,0.05033280000000419,0.03651987999999701,0.03862487999999809
0.05412,0.03677812000000348,0.03077684000000281,0.03488247999999723
0.054130000000000005,0.034448800000004574,0.045177239999998904,0.029594800000002194
0.05414000000000001,0.03289440000000179,0.04352088000000233,0.03963952000000108
0.054150000000000004,0.042737239999998934,0.039220440000000384,0.04312668000000109
0.05416000000000001,0.040487240000001326,0.03364852000000167,0.03760823999999956
0.05417,0.047167080000003136,0.03428707999999752,0.031217480000002438
0.054180000000000006,0.03623588000000427,0.0324960800000015,0.049381560000002
0.05419,0.03419692000000279,0.038232799999997936,0.05050627999999768
0.054200000000000005,0.03561444000000404,0.0402355200000002,0.05216892000000089
0.05421,0.026624640000004588,0.03642407999999832,0.04448584000000033
0.054220000000000004,0.050326119999999815,0.050848960000002705,0.04078311999999848
0.05423000000000001,0.03719092000000113,0.054392199999998635,0.03881452000000218
0.054240000000000003,0.037405440000001726,0.05527503999999894,0.042941319999998166
0.05425000000000001,0.034949319999999576,0.04905991999999764,0.04411151999999901
0.05426,0.041288480000002716,0.054306520000000066,0.04844620000000004
0.054270000000000006,0.04802848000000133,0.037164440000002866,0.0421480400000011
0.05428,0.04409423999999869,0.04008419999999922,0.043397479999997234
0.054290000000000005,0.04654323999999894,0.057564439999998766,0.03579091999999647
0.0543,0.03260835999999811,0.035054599999998354,0.0480599599999982
0.054310000000000004,0.033874080000003894,0.038652159999999214,0.042844320000001226
0.05432000000000001,0.03756371999999826,0.03329587999999742,0.041386280000001226
0.05433,0.047679600000002376,0.03372004000000251,0.03945964000000214
0.054340000000000006,0.034803480000004126,0.026805480000003302,0.04256452000000254
0.05435,0.035756000000004534,0.03497768000000039,0.03720787999999792
0.054360000000000006,0.045780920000003354,0.03960736000000301,0.04753224000000404
0.05437,0.03852708000000333,0.03469804000000281,0.03483979999999916
0.054380000000000005,0.032677159999999386,0.0581071599999972,0.037185040000004145
0.05439000000000001,0.037886280000004456,0.0326252800000021,0.04607200000000178
0.054400000000000004,0.03840560000000132,0.028205880000000936,0.03611608000000244
0.05441000000000001,0.035803120000000445,0.042013520000002115,0.042695920000001636
0.05442,0.04633000000000501,0.04775992000000232,0.05182760000000249
0.054430000000000006,0.04715972000000023,0.05596852000000219,0.03825256000000381
0.05444,0.040618320000001734,0.04037471999999817,0.03289848000000022
0.054450000000000005,0.04670676000000235,0.04585032000000268,0.03881396000000362
0.05446,0.0361976799999994,0.050514800000002184,0.04190560000000381
0.054470000000000005,0.036460839999997594,0.04746751999999774,0.053078120000000145
0.05448000000000001,0.04257672000000416,0.03718699999999929,0.03951968000000298
0.054490000000000004,0.03491216000000406,0.049264119999997635,0.06264924000000337
0.05450000000000001,0.03016840000000339,0.049062039999999044,0.050404280000002966
0.05451,0.037792840000002756,0.0389046400000035,0.04563588000000362
0.054520000000000006,0.043952760000003234,0.04169028000000368,0.04430972000000143
0.05453,0.053387079999999525,0.03917736000000196,0.04087656000000406
0.054540000000000005,0.04730524000000005,0.036471560000001985,0.04457079999999805
0.05455,0.041255640000004874,0.03657420000000308,0.0315182399999981
0.054560000000000004,0.04600048000000411,0.049767960000001714,0.03966231999999868
0.05457000000000001,0.04898792000000401,0.04664300000000215,0.03329316000000343
0.054580000000000004,0.02867536000000395,0.040201040000003074,0.03695079999999701
0.05459000000000001,0.03607212000000406,0.031210560000004838,0.036965400000001654
0.0546,0.04259560000000337,0.04556068000000506,0.03015448000000061
0.054610000000000006,0.04780664000000479,0.04339208000000259,0.028128000000001076
0.05462,0.03826416000000172,0.034986240000004984,0.028545000000002412
0.054630000000000005,0.050393120000003705,0.029759519999999595,0.04139616000000264
0.05464,0.051566760000003306,0.0370161600000018,0.03840419999999895
0.054650000000000004,0.04122976000000098,0.031699800000001256,0.04701196000000092
0.05466000000000001,0.038936800000003206,0.029904519999999886,0.050410719999999375
0.05467,0.03824676000000595,0.02716564000000322,0.04138727999999841
0.054680000000000006,0.03774176000000463,0.038584680000002786,0.03472271999999739
0.05469,0.04810412000000497,0.03518512000000325,0.04121263999999829
0.054700000000000006,0.056508280000003984,0.03364756000000319,0.037394480000004046
0.05471,0.049281080000004696,0.033991840000003964,0.04933987999999929
0.054720000000000005,0.050301440000004666,0.04182192000000074,0.04301763999999859
0.05473000000000001,0.04412220000000487,0.045145800000004656,0.05087763999999936
0.054740000000000004,0.04436612000000451,0.04223684000000404,0.061210079999998133
0.05475000000000001,0.038011960000003904,0.03799780000000387,0.0502320799999962
0.05476,0.03774688000000537,0.036580000000002624,0.04652159999999669
0.054770000000000006,0.04199052000000442,0.0380381199999984,0.04142675999999609
0.05478,0.03145952000000515,0.03388743999999887,0.055483879999997446
0.054790000000000005,0.03820324000000237,0.04103064000000223,0.04185779999999585
0.0548,0.05776272000000076,0.03451348000000287,0.04117635999999612
0.054810000000000005,0.04929151999999925,0.056904280000001896,0.05558359999999679
0.05482000000000001,0.044017559999998936,0.04262248000000159,0.0651534000000013
0.054830000000000004,0.0343959999999991,0.03154659999999873,0.056623040000001325
0.05484000000000001,0.04088088000000017,0.0423004800000016,0.041526360000000706
0.05485,0.03363492000000154,0.03419327999999725,0.0457095200000006
0.054860000000000006,0.02842375999999944,0.02984875999999765,0.03419523999999671
0.05487,0.03168692000000243,0.03649339999999963,0.043790359999998925
0.054880000000000005,0.038377039999999925,0.041539359999999116,0.02519535999999835
0.05489,0.036550640000003604,0.031267079999998434,0.031175879999997623
0.054900000000000004,0.031409040000003274,0.03740716000000301,0.028361040000000583
0.05491000000000001,0.0341528000000028,0.04090040000000245,0.02873527999999891
0.054920000000000004,0.022359480000002638,0.035262719999999366,0.02202552000000319
0.05493000000000001,0.04374804000000409,0.02666947999999617,0.042303799999999864
0.05494,0.03722188000000305,0.03291015999999801,0.049614279999998755
0.054950000000000006,0.05182692000000492,0.03092583999999787,0.03844903999999815
0.05496,0.04034524000000388,0.049091599999999264,0.046050879999999045
0.054970000000000005,0.04968432000000471,0.04773151999999674,0.040742960000001285
0.05498,0.041934760000004456,0.046012959999996855,0.0287709599999989
0.054990000000000004,0.04612976000000424,0.038778119999996884,0.03704651999999672
0.05500000000000001,0.0385675600000038,0.044013400000001396,0.025424879999996142
0.05501,0.028808400000001518,0.051588279999997766,0.02399380000000184
0.055020000000000006,0.03818696000000037,0.05010692000000041,0.033859720000003465
0.05503,0.034905480000000454,0.0314174799999988,0.04095868000000402
0.055040000000000006,0.04122935999999829,0.03694015999999568,0.03288840000000361
0.05505,0.04714603999999816,0.035090679999996086,0.01880412000000045
0.055060000000000005,0.04313812000000442,0.033244759999997944,0.031726079999998616
0.05507000000000001,0.0432133200000006,0.027532239999999483,0.043048159999999364
0.055080000000000004,0.060566160000001076,0.03194523999999766,0.043512240000002644
0.05509000000000001,0.05479016000000038,0.04109139999999882,0.04086308000000398
0.0551,0.05825244,0.03655779999999797,0.03793788000000312
0.055110000000000006,0.055353720000000446,0.032539079999996966,0.04622347999999932
0.05512,0.048868080000004074,0.03513080000000159,0.057243520000001435
0.055130000000000005,0.06266908000000308,0.04033540000000161,0.040158159999999686
0.05514,0.06248672000000412,0.03811999999999667,0.05842387999999763
0.055150000000000005,0.043254200000002005,0.04374576000000183,0.05264503999999958
0.05516000000000001,0.056152519999997916,0.03770176000000269,0.03931188000000033
0.055170000000000004,0.05122767999999905,0.025596439999998014,0.04738147999999704
0.05518000000000001,0.04395771999999943,0.03972080000000112,0.03403915999999612
0.05519,0.04374544000000168,0.06021104000000256,0.04937487999999943
0.055200000000000006,0.044920080000003804,0.023265719999997495,0.03244264000000048
0.05521,0.045890720000002945,0.048699120000003704,0.04237251999999748
0.055220000000000005,0.0502861200000047,0.03705079999999888,0.035219719999998164
0.05523,0.03397248000000306,0.029074839999995866,0.027284600000001807
0.055240000000000004,0.048396680000003536,0.043283159999997205,0.028798559999997246
0.05525000000000001,0.03630231999999834,0.03935883999999712,0.03918651999999921
0.055260000000000004,0.043633960000004225,0.04598491999999674,0.03743871999999803
0.05527000000000001,0.04456760000000207,0.04840019999999858,0.042220359999998965
0.05528,0.044011720000002925,0.04559804000000106,0.05046291999999916
0.055290000000000006,0.0485035200000004,0.026988359999996627,0.03983311999999632
0.0553,0.03988848000000026,0.04351760000000249,0.04372595999999822
0.055310000000000005,0.03394635999999903,0.026752040000000327,0.026428599999996655
0.05532,0.036390240000004646,0.035972719999997294,0.031962199999998116
0.055330000000000004,0.042511160000000506,0.04020327999999825,0.03210111999999591
0.05534000000000001,0.04117220000000101,0.047697120000000016,0.030126479999997263
0.05535,0.03206736000000561,0.047304280000003814,0.047096439999998074
0.055360000000000006,0.0432839999999983,0.05011936000000366,0.03912783999999755
0.05537,0.03943844000000421,0.03690008000000152,0.031413560000001936
0.055380000000000006,0.039648120000000314,0.045596599999996525,0.030614799999997704
0.05539,0.032755840000004914,0.05068059999999694,0.04315687999999759
0.055400000000000005,0.04023464000000167,0.04509975999999938,0.03728524000000162
0.05541000000000001,0.035527600000000416,0.0365696399999968,0.04033116000000226
0.055420000000000004,0.032309960000004585,0.03707739999999741,0.029407799999996095
0.05543000000000001,0.031585480000005293,0.03770539999999783,0.03508295999999926
0.05544,0.026272560000002276,0.037440519999997424,0.04015587999999725
0.055450000000000006,0.04388520000000029,0.04061328000000337,0.043304320000000236
0.05546,0.038466719999997644,0.05508584000000315,0.04149335999999936
0.055470000000000005,0.034921280000000415,0.051265760000002034,0.04143755999999932
0.05548,0.03438332000000312,0.04023915999999751,0.03606372000000238
0.055490000000000005,0.024198159999997537,0.044469720000002745,0.03845771999999772
0.05550000000000001,0.031123160000004757,0.048174599999997306,0.038802999999997465
0.055510000000000004,0.02616327999999737,0.04501919999999709,0.042422039999997524
0.05552000000000001,0.055171840000002255,0.0495699599999977,0.03655431999999963
0.05553,0.03057051999999832,0.04201531999999618,0.052244600000001466
0.055540000000000006,0.03482407999999793,0.04847896000000242,0.03781291999999649
0.05555,0.02005128000000208,0.035911919999996975,0.03957376000000293
0.055560000000000005,0.04394508000000324,0.03717195999999886,0.039289240000000135
0.05557,0.03338852000000263,0.04353099999999708,0.05112403999999966
0.055580000000000004,0.03122216000000189,0.04359319999999812,0.04551895999999782
0.05559000000000001,0.028355720000003477,0.04811575999999821,0.0397872400000003
0.055600000000000004,0.031438200000001054,0.05364411999999834,0.04806567999999964
0.05561000000000001,0.025921600000001644,0.05427927999999741,0.04631743999999957
0.05562,0.03043880000000231,0.047144519999998205,0.041361879999998484
0.055630000000000006,0.035197519999998636,0.05729871999999806,0.04008100000000044
0.05564,0.031159479999997578,0.058181839999998035,0.048682999999996646
0.055650000000000005,0.035183440000000954,0.057296319999997514,0.040343279999996685
0.05566,0.03335340000000195,0.059193399999998425,0.03554544000000096
0.055670000000000004,0.04394632000000292,0.05911675999999785,0.038183199999997586
0.05568000000000001,0.05036024000000032,0.05137087999999768,0.03245779999999752
0.05569,0.030850160000001726,0.06023491999999841,0.03910235999999779
0.055700000000000006,0.026992599999996342,0.0537477999999978,0.03695135999999625
0.05571,0.024887039999997505,0.05255115999999715,0.04406075999999724
0.055720000000000006,0.034331599999998054,0.06631335999999846,0.03529439999999699
0.05573,0.035468519999999316,0.06842431999999812,0.03383319999999592
0.055740000000000005,0.03619976000000318,0.06778355999999919,0.042628360000001635
0.05575000000000001,0.02506876000000346,0.06164287999999883,0.04035843999999814
0.055760000000000004,0.03436964000000364,0.05664487999999758,0.045750000000001435
0.05577000000000001,0.04704160000000344,0.05763647999999812,0.035977279999996864
0.05578,0.04814332000000004,0.05777888000000311,0.05147895999999811
0.055790000000000006,0.03549812000000415,0.05037131999999786,0.04047591999999711
0.0558,0.03878008000000373,0.05492512000000147,0.03658415999999867
0.055810000000000005,0.04072935999999727,0.06705364000000248,0.040996840000000465
0.05582,0.03351064000000084,0.05024952000000298,0.03474443999999738
0.055830000000000005,0.032506600000002064,0.04993343999999742,0.05522047999999867
0.05584000000000001,0.035005360000001456,0.0496916399999984,0.04757647999999815
0.055850000000000004,0.037909440000004124,0.04930124000000206,0.05686367999999801
0.05586000000000001,0.04459768000000051,0.04807828000000157,0.05966671999999793
0.05587,0.03319159999999905,0.05595415999999732,0.052833119999999435
0.055880000000000006,0.05785787999999999,0.04859400000000208,0.04278163999999911
0.05589,0.04654311999999906,0.04936696000000353,0.03426731999999792
0.055900000000000005,0.05078916000000316,0.04896716000000373,0.03996119999999708
0.05591,0.047439200000002915,0.04848223999999868,0.04875843999999792
0.055920000000000004,0.04422884000000297,0.046869840000001356,0.058675719999997863
0.05593000000000001,0.05237320000000286,0.049244559999998,0.057196799999997286
0.055940000000000004,0.048924120000002895,0.03849635999999767,0.04881243999999755
0.05595000000000001,0.0318865999999973,0.052205759999998054,0.042925039999996736
0.05596,0.06138240000000409,0.04198863999999831,0.03431851999999577
0.055970000000000006,0.048411600000003746,0.05836235999999819,0.0549852799999978
0.05598,0.05664688000000369,0.052003599999999366,0.057352879999998455
0.055990000000000005,0.0442807599999993,0.0494846799999979,0.06245287999999842
0.056,0.030129400000002336,0.05342283999999763,0.03974655999999844
0.056010000000000004,0.03640136000000272,0.05434896000000171,0.04538031999999657
0.05602000000000001,0.062407080000001496,0.04353392000000222,0.05021551999999845
0.05603,0.04299688000000341,0.045264599999997567,0.0374229999999979
0.056040000000000006,0.04190631999999864,0.05517492000000273,0.027271639999996836
0.05605,0.050167639999999056,0.05516240000000206,0.03576339999999786
0.056060000000000006,0.045696799999998525,0.057859960000002035,0.03467923999999584
0.05607,0.04137975999999935,0.054717079999997455,0.04181980000000082
0.056080000000000005,0.04220408000000015,0.04949360000000089,0.03189900000000022
0.05609000000000001,0.04643483999999948,0.05695071999999758,0.04691575999999976
0.056100000000000004,0.05198935999999838,0.0480799200000011,0.03514571999999923
0.05611000000000001,0.04649436000000168,0.05703356000000199,0.02939828000000205
0.05612,0.041436480000002066,0.049696999999997826,0.032467479999996586
0.056130000000000006,0.03669563999999837,0.05842939999999841,0.046466600000002745
0.05614,0.044462560000002316,0.03755455999999822,0.03735691999999696
0.056150000000000005,0.027930680000003667,0.03578056000000246,0.04383448000000156
0.05616,0.04588972000000465,0.04369512000000274,0.04008831999999699
0.056170000000000005,0.03064336000000035,0.03974488000000237,0.04255243999999725
0.05618000000000001,0.03907811999999938,0.042970640000002114,0.043279159999997714
0.056190000000000004,0.026789719999997443,0.04668468000000137,0.037952039999998584
0.05620000000000001,0.036147240000001454,0.04114228000000314,0.05069139999999873
0.05621,0.03563915999999995,0.04394108000000141,0.052527680000001235
0.056220000000000006,0.0427991199999992,0.039855079999997774,0.05208635999999962
0.05623,0.025196040000004374,0.03936791999999717,0.052485199999999815
0.056240000000000005,0.03667756000000049,0.053479279999997784,0.05385984000000136
0.05625,0.04235032000000281,0.06044259999999769,0.037646839999998516
0.056260000000000004,0.04472396000000268,0.05272751999999811,0.03745139999999653
0.05627000000000001,0.040760520000003346,0.048742319999999326,0.04378243999999966
0.056280000000000004,0.03784224000000261,0.03571455999999682,0.0408965199999978
0.05629000000000001,0.03308963999999862,0.043711759999997525,0.033631839999998775
0.0563,0.0273306000000022,0.042257319999996164,0.023738280000001506
0.056310000000000006,0.04479464000000136,0.051375800000001415,0.029971839999996426
0.05632,0.04016727999999813,0.04546403999999601,0.05582656000000173
0.056330000000000005,0.03305228000000113,0.04741159999999623,0.04144423999999967
0.05634,0.04371547999999777,0.044728839999996765,0.03844279999999711
0.056350000000000004,0.03946323999999685,0.04424387999999687,0.0397408000000007
0.05636000000000001,0.03910067999999865,0.04459095999999645,0.047949680000002305
0.05637,0.03993543999999653,0.04624051999999735,0.023422639999999627
0.056380000000000006,0.04248379999999713,0.04371471999999842,0.04399088000000252
0.05639,0.048579199999997484,0.036932680000000884,0.03283200000000267
0.056400000000000006,0.04529427999999967,0.04010955999999643,0.03519156000000332
0.05641,0.04268984000000206,0.0452663599999964,0.05345835999999921
0.056420000000000005,0.04252956000000126,0.04643531999999712,0.0461351199999992
0.05643000000000001,0.03812127999999857,0.05218215999999908,0.03507499999999755
0.056440000000000004,0.056493119999998204,0.052834719999996296,0.033939999999995946
0.05645000000000001,0.043073880000000016,0.06536428000000012,0.04588688000000063
0.05646,0.04843891999999922,0.04819207999999786,0.046045639999997105
0.056470000000000006,0.05044375999999834,0.04626127999999935,0.03766539999999947
0.05648,0.05535719999999893,0.04344671999999604,0.045726920000000476
0.056490000000000005,0.05944992000000011,0.04482539999999593,0.03458864000000053
0.0565,0.04098555999999646,0.030976360000000418,0.05320872000000048
0.056510000000000005,0.05569499999999943,0.04193888000000087,0.033852880000002396
0.05652000000000001,0.07729476000000414,0.035026439999996294,0.036605400000003556
0.056530000000000004,0.06075771999999801,0.032052840000000464,0.03797752000000021
0.05654000000000001,0.050937240000003256,0.03861200000000137,0.03641764000000016
0.05655,0.040451959999998385,0.048170040000001454,0.03566404000000238
0.056560000000000006,0.045707120000002266,0.05035232000000184,0.031100239999996077
0.05657,0.05019568000000382,0.051632680000000736,0.03658192000000159
0.056580000000000005,0.04048256000000335,0.05192664000000202,0.0336205999999982
0.05659,0.04023075999999894,0.04706955999999924,0.031519759999998856
0.056600000000000004,0.04219755999999897,0.05290604000000095,0.039767679999998355
0.05661000000000001,0.04066955999999833,0.03470492000000172,0.03439643999999879
0.056620000000000004,0.03976663999999819,0.03820287999999657,0.036780400000003245
0.05663000000000001,0.041559359999999074,0.034237639999996176,0.042359199999998064
0.05664,0.04696715999999881,0.04581767999999927,0.04189487999999963
0.056650000000000006,0.037489479999998035,0.03713192000000082,0.05347371999999939
0.05666,0.02945224000000302,0.052776879999996786,0.061200440000001535
0.056670000000000005,0.036510399999997424,0.030921199999995933,0.04344655999999788
0.05668,0.03463408000000156,0.02999763999999838,0.03658687999999612
0.056690000000000004,0.045582040000000205,0.03521116000000117,0.03529027999999693
0.05670000000000001,0.028966600000001362,0.030467919999997786,0.032374559999999275
0.05671,0.034007839999998145,0.042383080000000545,0.03636187999999712
0.056720000000000007,0.039781719999998494,0.041003400000001064,0.02711395999999859
0.05673,0.045131960000003454,0.036567439999996634,0.03720327999999798
0.056740000000000006,0.03596891999999971,0.04284647999999618,0.04472211999999947
0.05675,0.04624763999999862,0.04883351999999869,0.02919776000000097
0.056760000000000005,0.03485347999999768,0.05085444000000137,0.040900960000001964
0.05677000000000001,0.03373431999999773,0.03850355999999592,0.03704796000000128
0.056780000000000004,0.0470469199999982,0.04985860000000144,0.02711171999999518
0.05679000000000001,0.04375403999999869,0.04486364000000137,0.034281719999999474
0.0568,0.036029079999998256,0.06032628000000123,0.048645759999998664
0.056810000000000006,0.034224560000001736,0.05080160000000095,0.047243199999998646
0.05682,0.04431203999999692,0.04339924000000107,0.045298879999996024
0.056830000000000006,0.04363352000000077,0.0471027999999963,0.04887052000000106
0.05684,0.030294639999996962,0.05732632000000103,0.03371563999999692
0.056850000000000005,0.04907171999999748,0.048919599999996066,0.03221735999999741
0.05686000000000001,0.04982187999999752,0.04471487999999563,0.03650839999999743
0.056870000000000004,0.04052767999999737,0.050847239999996255,0.041938559999996385
0.05688000000000001,0.03801247999999813,0.03897431999999683,0.04219948000000075
0.05689,0.03825827999999626,0.03308671999999843,0.048019000000001894
0.056900000000000006,0.039012480000000904,0.041277239999996725,0.046236640000002674
0.05691,0.04232676000000282,0.05255387999999616,0.04270087999999818
0.056920000000000005,0.036276679999996495,0.04953471999999748,0.037190080000001895
0.05693,0.02596680000000013,0.03156556000000071,0.043094400000002066
0.056940000000000004,0.02872783999999767,0.045074599999996565,0.042089880000000995
0.05695000000000001,0.02797320000000289,0.0507794400000009,0.033493840000001385
0.056960000000000004,0.03127539999999907,0.06315391999999903,0.0439946800000029
0.05697000000000001,0.030196040000003838,0.04981215999999856,0.036435640000002524
0.05698,0.04104652000000183,0.05607843999999572,0.03414051999999872
0.056990000000000006,0.04431320000000402,0.06477820000000123,0.033324160000000234
0.057,0.04159483999999935,0.059571200000000595,0.02990727999999508
0.057010000000000005,0.04045103999999934,0.04908311999999522,0.036805439999997136
0.05702,0.03162295999999986,0.05428211999999627,0.02765891999999655
0.057030000000000004,0.03704715999999652,0.044756479999996074,0.05531576000000024
0.05704000000000001,0.026381039999997462,0.04636504000000052,0.04012491999999873
0.057050000000000003,0.03755455999999771,0.050672799999999796,0.0373536799999985
0.05706000000000001,0.04353415999999893,0.05577572000000173,0.04593263999999994
0.05707,0.0430633599999969,0.0402568799999956,0.056076920000002806
0.057080000000000006,0.031391839999998145,0.0433597999999984,0.04518796000000195
0.05709,0.035009879999998744,0.053717759999996485,0.050834560000004185
0.057100000000000005,0.02928375999999773,0.04401487999999591,0.04239972000000403
0.05711000000000001,0.032365279999998976,0.05839084000000094,0.036113280000001816
0.057120000000000004,0.03333416000000064,0.048353799999996686,0.04016720000000296
0.05713000000000001,0.03490820000000218,0.04475447999999876,0.04220816000000119
0.05714,0.02779036,0.05448051999999623,0.042479600000003476
0.057150000000000006,0.028580320000000183,0.059928719999997465,0.02476871999999693
0.05716,0.03424272000000173,0.04180652000000039,0.053832320000001266
0.057170000000000006,0.04348987999999981,0.040904639999997286,0.04733852000000369
0.05718,0.04093671999999731,0.054294799999997576,0.04999844000000339
0.057190000000000005,0.033291719999999296,0.04057415999999782,0.03802800000000247
0.05720000000000001,0.03730980000000004,0.055012640000000855,0.03532696000000259
0.057210000000000004,0.04930967999999771,0.04387072000000163,0.05414700000000395
0.05722000000000001,0.041980519999999265,0.046010199999997635,0.047150200000003924
0.05723,0.03181372000000217,0.04262952000000181,0.04358824000000295
0.057240000000000006,0.031364999999998415,0.04941983999999755,0.03900936000000502
0.05725,0.04342364000000429,0.041250599999997126,0.03953236000000338
0.057260000000000005,0.02971840000000022,0.04767048000000248,0.0345819200000003
0.05727,0.04491916000000171,0.05257507999999814,0.038908600000004984
0.057280000000000005,0.05083328000000243,0.045978399999997276,0.03647648000000043
0.05729000000000001,0.03721020000000457,0.052062840000002365,0.03627428000000315
0.057300000000000004,0.03756699999999751,0.042748839999996235,0.04061584000000026
0.05731000000000001,0.033389479999996315,0.045093159999997655,0.03813567999999912
0.05732,0.04523032000000381,0.04410436000000038,0.04701135999999957
0.057330000000000006,0.053382880000002714,0.04799095999999593,0.041055319999997855
0.05734,0.06068788000000388,0.055397760000001336,0.03215939999999816
0.057350000000000005,0.05539456000000376,0.04416524000000131,0.04134820000000199
0.05736,0.054723320000003954,0.05174175999999743,0.03337679999999662
0.057370000000000004,0.049880120000003664,0.04781244000000224,0.045336680000001815
0.05738000000000001,0.04642967999999889,0.06364831999999797,0.05608836000000226
0.057390000000000004,0.04912416000000369,0.04717492000000297,0.0422937200000012
0.05740000000000001,0.046905960000000045,0.044166519999996275,0.06594147999999861
0.05741,0.04222391999999908,0.05992539999999729,0.037667599999998774
0.057420000000000006,0.031013320000000105,0.04864351999999732,0.04258055999999914
0.05743,0.039654719999998575,0.04692091999999725,0.03544783999999715
0.057440000000000005,0.04831896000000529,0.04934103999999732,0.031745639999999124
0.05745000000000001,0.05026120000000047,0.04858547999999696,0.02562872000000051
0.057460000000000004,0.04671216000000047,0.04167927999999555,0.036185079999996955
0.05747000000000001,0.036285600000000216,0.042628239999996265,0.041439799999998785
0.05748,0.05449319999999993,0.04508371999999813,0.0432503599999976
0.057490000000000006,0.04607047999999715,0.04692367999999681,0.050352800000002515
0.0575,0.048381039999998536,0.05263563999999649,0.03856079999999857
0.057510000000000006,0.03865375999999828,0.03659383999999717,0.053448799999999554
0.05752,0.04138796000000106,0.05114447999999675,0.03626491999999986
0.057530000000000005,0.045266360000002476,0.04496747999999626,0.033084720000000414
0.05754000000000001,0.043917479999998975,0.05481115999999769,0.03605831999999905
0.057550000000000004,0.04357243999999779,0.0411284399999972,0.04307728000000147
0.05756000000000001,0.046086279999998175,0.04130439999999732,0.04104407999999882
0.05757,0.03737180000000134,0.049947319999997936,0.02540975999999692
0.057580000000000006,0.03348707999999856,0.04859255999999673,0.027954919999997576
0.05759,0.035165759999997104,0.05212399999999635,0.04119003999999983
0.057600000000000005,0.05250140000000054,0.05549143999999919,0.05464647999999862
0.05761,0.04025323999999826,0.060648839999999364,0.03958380000000359
0.057620000000000005,0.03814927999999857,0.05702107999999884,0.04585327999999838
0.05763000000000001,0.03262723999999942,0.06033111999999688,0.02676208000000335
0.057640000000000004,0.03864920000000266,0.04797799999999692,0.03538811999999858
0.05765000000000001,0.025844480000003434,0.029799159999995987,0.03366171999999975
0.05766,0.03531215999999995,0.027980639999995654,0.0374382400000004
0.057670000000000006,0.03170207999999752,0.04547316000000177,0.04891095999999926
0.05768,0.03761672000000049,0.038209759999996776,0.04025919999999742
0.057690000000000005,0.03260316000000019,0.04122619999999669,0.04459903999999741
0.0577,0.030943720000000213,0.04390271999999606,0.04446899999999798
0.057710000000000004,0.030894519999999478,0.02875167999999574,0.04454947999999913
0.05772000000000001,0.03237843999999796,0.032681719999995584,0.03891483999999878
0.057730000000000004,0.048785360000001055,0.033088079999995676,0.03692143999999671
0.05774000000000001,0.05225476000000267,0.0318636399999957,0.04762860000000019
0.05775,0.042346360000003684,0.040092360000000576,0.040488519999997245
0.057760000000000006,0.051932800000002166,0.04170963999999749,0.03408043999999726
0.05777,0.044676919999998115,0.04093555999999822,0.032787199999997435
0.057780000000000005,0.04858875999999902,0.04480276000000217,0.04516624000000297
0.05779000000000001,0.04295008000000174,0.045668679999998484,0.06242780000000273
0.057800000000000004,0.040338319999997894,0.053074879999999866,0.04715976000000289
0.05781000000000001,0.04389387999999722,0.054900439999999814,0.06362400000000247
0.05782,0.045729760000000536,0.05727095999999901,0.03626431999999899
0.057830000000000006,0.058593760000002236,0.043478879999997444,0.037169839999999434
0.05784,0.04488084000000057,0.04226467999999806,0.047525119999999754
0.057850000000000006,0.05135811999999892,0.03596271999999664,0.05133148000000001
0.05786,0.02962219999999757,0.037330560000000075,0.042633559999997614
0.057870000000000005,0.04412091999999678,0.040311720000001244,0.050866279999999466
0.05788000000000001,0.031161639999997943,0.03856203999999593,0.04811499999999788
0.057890000000000004,0.03744663999999959,0.03797211999999705,0.04648595999999976
0.05790000000000001,0.04528727999999997,0.0314033999999964,0.04255363999999995
0.05791,0.04312587999999937,0.04261108000000064,0.046830360000000126
0.057920000000000006,0.03944747999999764,0.05120003999999869,0.059327079999997444
0.05793,0.03843523999999956,0.04966787999999761,0.04262419999999844
0.057940000000000005,0.05725811999999984,0.046067080000002064,0.04218815999999737
0.05795,0.03413983999999937,0.03802535999999694,0.04968307999999896
0.057960000000000005,0.02451739999999739,0.04547063999999737,0.04996260000000091
0.05797000000000001,0.050199599999999615,0.05641736000000287,0.057057000000001676
0.057980000000000004,0.041360559999998166,0.041399000000002815,0.053356400000001025
0.05799000000000001,0.03709508000000124,0.03719659999999949,0.03857180000000396
0.058,0.04785263999999652,0.03675464000000355,0.036887119999998656
0.058010000000000006,0.03264524000000091,0.0447123200000013,0.037701479999998254
0.05802,0.02848319999999633,0.04641288000000285,0.04730939999999801
0.058030000000000005,0.04707323999999849,0.054070479999998845,0.04665443999999763
0.05804,0.050833999999999005,0.04198684000000233,0.038104520000000225
0.058050000000000004,0.03671007999999763,0.03644223999999683,0.03982512000000105
0.05806000000000001,0.04200320000000253,0.03682327999999752,0.05465208000000186
0.058070000000000004,0.03569831999999742,0.0475381600000015,0.041750440000004475
0.05808000000000001,0.04229288000000341,0.05731859999999737,0.04971368000000212
0.05809,0.04669395999999999,0.050054400000000686,0.056923520000004176
0.058100000000000006,0.04244776000000319,0.04568847999999729,0.039366159999998776
0.05811,0.041229719999996764,0.04652447999999713,0.0505256799999993
0.058120000000000005,0.03328303999999892,0.05318308000000237,0.052986879999999924
0.05813000000000001,0.022527320000000035,0.0652646800000028,0.042580399999997534
0.058140000000000004,0.03739903999999956,0.04980012000000158,0.03941387999999666
0.05815000000000001,0.06415444000000005,0.050132839999999027,0.06293015999999797
0.05816,0.033885719999998516,0.04800867999999949,0.055193959999998404
0.058170000000000006,0.032106159999997975,0.040592919999998874,0.0356557999999979
0.05818,0.02742967999999735,0.04892271999999854,0.0468199199999977
0.058190000000000006,0.03592383999999691,0.04670435999999874,0.046421719999998216
0.0582,0.04991368000000224,0.03607619999999652,0.053310759999999006
0.058210000000000005,0.039218879999997944,0.038897119999998946,0.05779707999999962
0.05822000000000001,0.04043903999999716,0.04136827999999901,0.05337951999999889
0.058230000000000004,0.04704355999999853,0.037094839999999324,0.04704895999999759
0.05824000000000001,0.04389943999999969,0.042919759999997725,0.03991708000000081
0.05825,0.0424599599999966,0.04289859999999811,0.0637805999999986
0.058260000000000006,0.04594367999999724,0.05412927999999942,0.054989399999999036
0.05827,0.06012407999999695,0.030407280000000536,0.053628119999998426
0.058280000000000005,0.050117719999998644,0.03569363999999578,0.05025563999999787
0.05829,0.03995215999999747,0.045638559999995894,0.05201771999999728
0.058300000000000005,0.04969187999999902,0.040335399999998536,0.030276079999996763
0.05831000000000001,0.047163120000002466,0.03908551999999898,0.049628319999997686
0.058320000000000004,0.05488856000000268,0.05663735999999795,0.051941280000002775
0.05833000000000001,0.0541260799999981,0.07074175999999846,0.05494804000000125
0.05834,0.05687623999999785,0.058948799999995645,0.05272691999999732
0.058350000000000006,0.04863975999999785,0.054670759999996515,0.04959795999999798
0.05836,0.048414079999997583,0.045073239999998696,0.04238887999999668
0.058370000000000005,0.03654715999999812,0.035188799999998924,0.04235852000000156
0.05838,0.04135351999999929,0.036374119999995964,0.039655000000001425
0.058390000000000004,0.036676360000000054,0.03984631999999779,0.04460340000000013
0.05840000000000001,0.04620755999999837,0.047754639999998225,0.048931239999999855
0.058410000000000004,0.038138439999998,0.04657303999999683,0.05036284000000265
0.05842000000000001,0.04978243999999868,0.05142459999999634,0.05059791999999831
0.05843,0.04042488000000351,0.058373399999997994,0.045498160000002986
0.058440000000000006,0.05272312000000175,0.050731679999997205,0.05323879999999974
0.05845,0.04995964000000162,0.05186360000000066,0.051171359999999964
0.058460000000000005,0.040350999999998506,0.04055552000000084,0.05828424000000233
0.05847000000000001,0.06472076000000337,0.0314516000000008,0.05814031999999936
0.058480000000000004,0.041290600000003175,0.04165603999999799,0.04727927999999922
0.05849000000000001,0.04997612000000158,0.034629120000003316,0.05998955999999928
0.0585,0.04539892000000207,0.047497160000001454,0.06502668000000007
0.058510000000000006,0.06458036000000335,0.03634000000000124,0.05166259999999779
0.05852,0.052324200000003575,0.03507199999999908,0.05651887999999649
0.058530000000000006,0.049311040000002804,0.050098200000002355,0.06975863999999876
0.05854,0.03984699999999951,0.05473096000000351,0.05852459999999898
0.058550000000000005,0.035281400000002155,0.04855100000000324,0.04521195999999688
0.05856000000000001,0.04566668000000282,0.04357783999999716,0.0493554800000016
0.058570000000000004,0.042974080000001795,0.04550327999999794,0.049171400000003584
0.05858000000000001,0.04940220000000209,0.04601907999999889,0.040146999999999496
0.05859,0.039134640000003135,0.044410520000000765,0.04578304000000083
0.058600000000000006,0.04725976000000486,0.03420315999999748,0.04732687999999799
0.05861,0.03845500000000008,0.0326428800000018,0.043715679999998466
0.058620000000000005,0.031531240000000404,0.030352400000002784,0.05826471999999845
0.05863,0.03672128000000134,0.03826932000000271,0.04841763999999823
0.058640000000000005,0.041108879999997204,0.03486440000000018,0.04956979999999782
0.05865000000000001,0.041131600000002065,0.04255631999999903,0.04256999999999743
0.058660000000000004,0.044227639999998236,0.04346667999999933,0.05814508000000226
0.05867000000000001,0.041808160000004285,0.05231215999999855,0.039698199999998816
0.05868,0.03972596000000411,0.057545639999999475,0.0397323999999981
0.058690000000000006,0.04222695999999892,0.04488303999999904,0.041003640000002985
0.0587,0.041114040000004744,0.036679599999996974,0.05398208000000208
0.058710000000000005,0.037581519999999785,0.03659303999999759,0.05135216000000299
0.05872,0.035965439999998454,0.03849875999999748,0.042414839999998115
0.058730000000000004,0.04525427999999918,0.04928096000000207,0.04144323999999916
0.05874000000000001,0.043217839999999896,0.030286479999998308,0.043274800000000994
0.058750000000000004,0.041311360000002004,0.05425731999999746,0.027859520000001112
0.05876000000000001,0.025018399999998973,0.043437759999997216,0.0422374
0.05877,0.030498680000000576,0.03886283999999718,0.03773260000000237
0.058780000000000006,0.028597399999999235,0.04143851999999844,0.030305639999999807
0.05879,0.03796799999999791,0.05392652000000173,0.036377760000004464
0.058800000000000005,0.03651700000000196,0.052952480000001745,0.04809764000000227
0.05881000000000001,0.04290424000000173,0.03856119999999846,0.033566960000004045
0.058820000000000004,0.03685335999999799,0.03605407999999703,0.044107160000003295
0.05883000000000001,0.04232427999999894,0.04613751999999772,0.03847260000000284
0.05884,0.04765704000000176,0.03913247999999741,0.04296271999999958
0.058850000000000006,0.034350320000001856,0.05051564000000274,0.04669227999999787
0.05886,0.05224459999999838,0.045371319999997085,0.04112952000000278
0.058870000000000006,0.05495911999999813,0.02332067999999683,0.03761260000000095
0.05888,0.04814079999999869,0.03527363999999769,0.03219120000000337
0.058890000000000005,0.0488045999999967,0.035774560000000385,0.044236480000003575
0.05890000000000001,0.04233911999999687,0.024630240000003807,0.04031516000000121
0.058910000000000004,0.040474959999998936,0.033549160000001625,0.043145519999997765
0.05892000000000001,0.045824159999998317,0.03210783999999845,0.04992915999999879
0.05893,0.04796704000000195,0.031247200000001106,0.04626503999999821
0.058940000000000006,0.02541307999999797,0.036419119999999666,0.05286191999999883
0.05895,0.029747119999997736,0.03233168000000245,0.04691403999999836
0.058960000000000005,0.03544635999999981,0.03551163999999899,0.053396279999999054
0.05897,0.031825200000002676,0.046239039999999114,0.03692539999999876
0.058980000000000005,0.045641000000002416,0.04090020000000353,0.04510039999999909
0.05899000000000001,0.02360348000000193,0.04512648000000014,0.042300679999998266
0.059000000000000004,0.023509200000003425,0.03131728000000308,0.04000432000000097
0.05901000000000001,0.03485448000000039,0.03708051999999788,0.031248880000002498
0.05902,0.031719479999998995,0.046244919999998794,0.051842360000002946
0.059030000000000006,0.024687919999999367,0.050044639999998475,0.06699319999999896
0.05904,0.03481404000000451,0.045576119999997916,0.05069748000000192
0.059050000000000005,0.04463887999999599,0.05380303999999952,0.03851959999999802
0.05906,0.04828507999999675,0.037543479999998776,0.044246719999998296
0.059070000000000004,0.04659307999999876,0.034513559999999506,0.042971679999998486
0.05908000000000001,0.03454083999999581,0.04294799999999838,0.04496019999999952
0.059090000000000004,0.045892400000002,0.04074663999999727,0.03686159999999736
0.05910000000000001,0.03492680000000056,0.034484239999997564,0.03573103999999819
0.05911,0.037367840000003455,0.035745919999998196,0.03582955999999891
0.059120000000000006,0.048514120000002076,0.040444239999996454,0.03467612000000018
0.05913,0.04384307999999806,0.03397595999999566,0.037564479999997714
0.059140000000000005,0.039441119999999635,0.036452720000001555,0.044919559999996694
0.05915000000000001,0.04100855999999977,0.03316395999999711,0.03735959999999597
0.059160000000000004,0.04621436000000504,0.03641460000000068,0.04629395999999847
0.05917000000000001,0.03728355999999957,0.035189800000002484,0.0436350399999976
0.05918,0.03683183999999935,0.030109080000002876,0.044094799999999594
0.059190000000000006,0.03827539999999916,0.02923156000000164,0.048031919999999916
0.0592,0.044132199999997845,0.019616279999998244,0.04244036000000207
0.059210000000000006,0.03462931999999821,0.04240712000000321,0.05286947999999987
0.05922,0.040608199999999275,0.03423327999999621,0.0446800399999987
0.059230000000000005,0.03538543999999845,0.03187523999999917,0.04767024000000075
0.05924000000000001,0.04182651999999931,0.025494920000000778,0.04156088000000314
0.059250000000000004,0.039810439999998,0.04507751999999858,0.03628003999999928
0.05926000000000001,0.04962207999999809,0.03420683999999801,0.0367850399999973
0.05927,0.0577264799999989,0.028905959999996733,0.03521216000000176
0.059280000000000006,0.041818680000001836,0.03722143999999832,0.03548788000000243
0.05929,0.06197120000000445,0.039234519999996456,0.03571564000000465
0.059300000000000005,0.04928632000000037,0.04956299999999878,0.040971240000004634
0.05931,0.06458355999999929,0.046035959999996975,0.034915520000003225
0.059320000000000005,0.05686368000000128,0.042725479999996936,0.044535400000004645
0.05933000000000001,0.034712480000000545,0.03655187999999882,0.042694360000001604
0.059340000000000004,0.032920280000003445,0.04283008000000067,0.03605904000000259
0.05935000000000001,0.035566439999996584,0.050090279999998585,0.03752695999999826
0.05936,0.04230684000000206,0.03222851999999927,0.03992307999999988
0.059370000000000006,0.060211039999999036,0.03112771999999767,0.03227215999999858
0.05938,0.03488699999999836,0.041892039999999305,0.04658651999999733
0.059390000000000005,0.05584599999999878,0.04760479999999822,0.046882839999998545
0.0594,0.037049879999998175,0.042063879999997854,0.03511196000000359
0.059410000000000004,0.04279015999999851,0.0453907599999988,0.04141892000000342
0.05942000000000001,0.05065728000000121,0.03720807999999564,0.04476368000000284
0.059430000000000004,0.05119651999999711,0.05194467999999846,0.04760448000000222
0.05944000000000001,0.044572879999997914,0.04395591999999787,0.051449520000002705
0.05945,0.04500203999999923,0.03795591999999807,0.04202231999999636
0.059460000000000006,0.04093519999999972,0.035721639999997744,0.0351083599999964
0.05947,0.0414126399999982,0.04704235999999864,0.053573879999998415
0.059480000000000005,0.04408796000000383,0.04936920000000372,0.03596575999999759
0.05949000000000001,0.047555840000003825,0.062433799999999,0.043456279999996045
0.059500000000000004,0.0364105600000017,0.05503031999999939,0.03740379999999737
0.05951000000000001,0.03851756000000172,0.053138079999999664,0.04674591999999718
0.05952,0.04858407999999858,0.05376851999999907,0.03373272000000115
0.059530000000000007,0.03528727999999879,0.04910891999999994,0.027973040000001097
0.05954,0.05569863999999938,0.05900767999999897,0.029501280000000105
0.059550000000000006,0.05524192000000026,0.044633080000003184,0.042516320000003244
0.05956,0.031881279999998846,0.05591439999999953,0.04535892000000278
0.059570000000000005,0.04104831999999892,0.04679128000000407,0.04092748000000406
0.05958000000000001,0.03243275999999823,0.04267464000000279,0.05301451999999942
0.059590000000000004,0.04162844000000322,0.030848120000003726,0.050008520000002034
0.05960000000000001,0.032838800000002694,0.035646800000001456,0.039754159999996506
0.05961,0.0362171600000029,0.046207159999998165,0.03931527999999815
0.059620000000000006,0.029626919999997357,0.037248719999998174,0.05184223999999843
0.05963,0.040761239999998526,0.027227000000001635,0.053182000000002345
0.059640000000000006,0.04447308000000236,0.045528920000001825,0.04392048000000027
0.05965,0.056773959999998506,0.04124992000000215,0.06239712000000016
0.059660000000000005,0.03421971999999834,0.04101448000000178,0.041245800000003774
0.05967000000000001,0.04976339999999953,0.04472456000000237,0.0470567999999986
0.059680000000000004,0.042788239999999075,0.05202024000000395,0.03742875999999839
0.05969000000000001,0.04818631999999734,0.06508932000000434,0.034402279999998134
0.0597,0.04589200000000409,0.0474144800000035,0.0311151199999974
0.059710000000000006,0.05419744000000143,0.03478388000000218,0.029767839999997714
0.05972,0.04453064000000243,0.044273800000002715,0.04462727999999709
0.059730000000000005,0.03931572000000186,0.04651556000000288,0.03679164000000169
0.05974,0.03405876000000089,0.03689955999999724,0.04096260000000193
0.059750000000000004,0.039116960000001734,0.04493496000000156,0.033267759999995636
0.05976000000000001,0.042608519999999137,0.038534000000003864,0.035415399999998834
0.059770000000000004,0.05475804000000273,0.02505683999999755,0.040146679999999234
0.05978000000000001,0.03812968000000171,0.03733428000000166,0.037641599999998145
0.05979,0.060639200000002474,0.045724560000001066,0.0399616799999979
0.059800000000000006,0.04552200000000196,0.04942264000000186,0.05608763999999795
0.05981,0.053368560000001376,0.05509727999999942,0.03809783999999846
0.059820000000000005,0.040281000000001885,0.045111200000000094,0.049435839999998565
0.05983000000000001,0.04932715999999836,0.03876660000000305,0.04896347999999801
0.059840000000000004,0.06103491999999912,0.0513688800000023,0.057907879999998635
0.05985000000000001,0.05889303999999929,0.04084667999999815,0.06758023999999842
0.059860000000000003,0.054824560000003415,0.0366861599999966,0.05673951999999867
0.05987000000000001,0.05996196000000242,0.036885119999999126,0.045639960000000555
0.05988,0.06227943999999801,0.042075720000000934,0.0269656799999958
0.059890000000000006,0.05210320000000218,0.0455791999999995,0.03618575999999897
0.0599,0.04620359999999739,0.043455519999999304,0.0466587199999967
0.059910000000000005,0.04600992000000236,0.031416519999998845,0.06096663999999767
0.05992000000000001,0.054226359999998607,0.04424063999999787,0.04053379999999862
0.059930000000000004,0.04302884000000159,0.035743119999997325,0.05608336000000149
0.05994000000000001,0.04164080000000126,0.0426852000000015,0.03909923999999579
0.05995,0.039223199999996926,0.036590839999997904,0.03225951999999824
0.059960000000000006,0.04370439999999919,0.03551847999999835,0.027029759999997426
0.05997,0.044723680000000814,0.03112324000000234,0.030300640000001225
0.059980000000000006,0.04657287999999935,0.032864839999996724,0.04647032000000302
0.05999,0.04302088000000098,0.03132220000000097,0.045332439999998336
0.060000000000000005,0.06494176000000167,0.031878840000000484,0.031211480000001297
0.06001000000000001,0.03864327999999908,0.03480235999999611,0.037772040000000735
0.060020000000000004,0.04094992000000218,0.045434679999998284,0.03987644000000214
0.06003000000000001,0.04720583999999766,0.03580263999999759,0.031440000000003375
0.06004,0.05693315999999871,0.04630571999999691,0.05101768000000199
0.060050000000000006,0.05313712000000307,0.05813983999999853,0.03583339999999772
0.06006,0.054843880000002544,0.052381759999998605,0.03131515999999708
0.060070000000000005,0.037463680000001505,0.05440287999999876,0.03793515999999905
0.06008,0.057276920000003125,0.04629539999999841,0.024312640000000125
0.060090000000000005,0.0469724400000023,0.04155723999999802,0.03747751999999695
0.06010000000000001,0.051087320000004016,0.04609871999999817,0.031380119999996986
0.060110000000000004,0.05155200000000372,0.04489112000000136,0.041151519999998144
0.06012000000000001,0.035505480000004704,0.034673999999997464,0.03525672000000074
0.06013,0.04350408000000418,0.04013247999999774,0.03705439999999891
0.060140000000000006,0.05525312000000301,0.0307614800000018,0.0461148800000028
0.06015,0.04658560000000222,0.049884000000001774,0.05722935999999643
0.060160000000000005,0.03642460000000326,0.037623440000000494,0.0648195200000022
0.06017000000000001,0.03367056000000287,0.03648107999999936,0.03920220000000097
0.060180000000000004,0.02393631999999748,0.048773400000000154,0.053415840000003156
0.06019000000000001,0.030090639999995696,0.03239971999999871,0.04720796000000241
0.060200000000000004,0.03704891999999912,0.03886987999999575,0.05525755999999983
0.06021000000000001,0.03926687999999878,0.03409363999999716,0.056779400000002554
0.06022,0.03260404000000239,0.04204331999999753,0.050786880000002914
0.060230000000000006,0.032601440000001716,0.03942416000000278,0.04380155999999769
0.06024,0.0416278400000014,0.04298755999999826,0.04476447999999724
0.060250000000000005,0.04440712000000167,0.04560256000000414,0.04467851999999846
0.06026000000000001,0.054417480000001614,0.040145720000000544,0.04033259999999766
0.060270000000000004,0.022216160000004617,0.03012988000000109,0.04144307999999909
0.06028000000000001,0.040650920000003296,0.03737836000000114,0.040867159999996294
0.06029,0.037315000000003457,0.025215119999997784,0.04554851999999959
0.060300000000000006,0.041053360000000906,0.04130223999999869,0.045297640000000715
0.06031,0.04201232000000056,0.030425720000003112,0.054979480000000205
0.060320000000000006,0.03914316000000213,0.05342612000000363,0.03115451999999835
0.06033,0.037899599999998965,0.037916159999997714,0.03920587999999559
0.060340000000000005,0.03567548000000214,0.04686004000000218,0.03879968000000143
0.06035000000000001,0.041612160000000994,0.057602120000000846,0.03577903999999776
0.060360000000000004,0.03805355999999951,0.03577959999999942,0.037225039999997434
0.06037000000000001,0.036170999999997636,0.031431279999999145,0.026610559999997334
0.06038,0.03987344000000181,0.029605720000003503,0.045580439999996794
0.060390000000000006,0.036322719999998226,0.03107724000000109,0.05295880000000048
0.0604,0.042205320000000254,0.03008292000000143,0.05685116000000175
0.060410000000000005,0.044697400000000866,0.03965896000000343,0.03865707999999524
0.06042,0.029729439999998154,0.03333220000000372,0.038387839999999396
0.060430000000000005,0.033704279999998844,0.029821560000003192,0.03914823999999854
0.06044000000000001,0.04958508000000004,0.0401366800000039,0.03575808000000001
0.060450000000000004,0.0446838400000028,0.03995051999999686,0.03132079999999786
0.06046000000000001,0.045779560000001496,0.04644220000000279,0.05044348000000159
0.06047,0.031167400000002055,0.03935788000000161,0.03678043999999932
0.060480000000000006,0.04556743999999959,0.0317152800000018,0.03487955999999898
0.06049,0.03956940000000425,0.05673564000000237,0.04089075999999652
0.060500000000000005,0.05354240000000179,0.04798268000000201,0.04579723999999893
0.06051000000000001,0.04369468000000308,0.039883679999999214,0.03542799999999705
0.060520000000000004,0.0386301600000018,0.037704079999999404,0.03291119999999556
0.06053000000000001,0.04406300000000257,0.037571799999998726,0.03491203999999798
0.060540000000000004,0.04393492000000074,0.035955480000003426,0.03528391999999676
0.06055000000000001,0.04908880000000222,0.03762655999999813,0.04500975999999648
0.06056,0.04961019999999603,0.0395415199999983,0.032162240000000265
0.060570000000000006,0.06394096000000142,0.06000795999999984,0.0501473199999989
0.06058,0.05492263999999916,0.052335559999999,0.038390759999995985
0.060590000000000005,0.0718110800000006,0.0453210800000028,0.06097447999999619
0.06060000000000001,0.08389827999999991,0.046987399999998215,0.042180199999997274
0.060610000000000004,0.049236559999999194,0.034801879999998064,0.04879075999999612
0.06062000000000001,0.04436719999999606,0.03833595999999875,0.03388643999999748
0.06063,0.051557559999998996,0.05576124000000341,0.03374116000000311
0.060640000000000006,0.06547859999999829,0.041955000000003434,0.036031639999999476
0.06065,0.0626069200000006,0.03579231999999967,0.04028627999999988
0.060660000000000006,0.05420547999999782,0.045414920000001274,0.03185207999999601
0.06067,0.06172631999999829,0.04934276000000162,0.03400799999999809
0.060680000000000005,0.03376427999999967,0.041052560000002625,0.03376272000000109
0.06069000000000001,0.032196320000000465,0.0359497999999993,0.04001340000000138
0.060700000000000004,0.044647240000001906,0.03233807999999908,0.05028180000000202
0.06071000000000001,0.04096744000000095,0.03529148000000388,0.041786400000001396
0.06072,0.028978640000000586,0.041542000000004756,0.049183240000002015
0.060730000000000006,0.03165344000000245,0.03821140000000272,0.05965944000000296
0.06074,0.04652984000000079,0.045296120000003645,0.05659252000000204
0.060750000000000005,0.04785500000000202,0.05428680000000284,0.045629000000004014
0.06076,0.02409008000000303,0.055137480000001314,0.041440279999999115
0.060770000000000005,0.03902487999999902,0.04572192000000473,0.03387316000000216
0.06078000000000001,0.03311191999999879,0.039207840000003664,0.04590284000000042
0.060790000000000004,0.03979184000000006,0.04757332000000349,0.03866651999999561
0.06080000000000001,0.04128012000000058,0.05119948000000463,0.042862639999997926
0.06081,0.03407880000000013,0.030685280000001543,0.05316763999999713
0.060820000000000006,0.03773140000000204,0.036638960000002226,0.058474479999997386
0.06083,0.04608003999999812,0.03557627999999697,0.03976539999999801
0.060840000000000005,0.036036680000000355,0.050556240000000904,0.051965760000001075
0.06085000000000001,0.02729852000000242,0.043490079999998286,0.04928732000000128
0.060860000000000004,0.0386339200000023,0.047653759999997096,0.03629951999999816
0.06087000000000001,0.03551188000000082,0.042869079999996756,0.05506527999999776
0.060880000000000004,0.053947040000003416,0.03407019999999681,0.039377759999996376
0.06089000000000001,0.03760768000000329,0.04800539999999741,0.04789099999999881
0.0609,0.035059680000003195,0.047465240000001525,0.03762559999999832
0.060910000000000006,0.033213279999997895,0.04340575999999681,0.03863259999999988
0.06092,0.03212371999999687,0.0547496799999978,0.03007995999999637
0.060930000000000005,0.036542920000001124,0.04622219999999736,0.03392039999999891
0.06094000000000001,0.035411440000002965,0.06063623999999697,0.042110679999998304
0.060950000000000004,0.033070680000001455,0.03958704000000128,0.03914967999999719
0.06096000000000001,0.037632400000002,0.04049623999999703,0.03673035999999722
0.06097,0.048214680000001404,0.048495399999997725,0.036326439999995935
0.060980000000000006,0.04790948000000123,0.03685283999999885,0.029013359999997178
0.06099,0.04020600000000236,0.03606292000000467,0.030651119999997097
0.061000000000000006,0.038651480000000085,0.04752451999999934,0.022334679999997768
0.06101,0.04211256000000223,0.03241048000000037,0.045485480000000814
0.061020000000000005,0.04428776000000225,0.031211560000000194,0.043489359999996764
0.06103000000000001,0.060678480000004045,0.02565368000000098,0.041356719999998195
0.061040000000000004,0.04218491999999873,0.031707239999997604,0.04212087999999704
0.06105000000000001,0.05716379999999958,0.03605303999999768,0.03918195999999959
0.06106,0.045261639999998486,0.03272891999999834,0.0364634000000013
0.061070000000000006,0.04294647999999891,0.02849992000000198,0.04977380000000289
0.06108,0.03718516000000205,0.03731848000000317,0.03427160000000414
0.061090000000000005,0.050427799999998524,0.042769320000003684,0.03727260000000162
0.0611,0.047389519999998284,0.04473239999999946,0.03933736000000044
0.061110000000000005,0.05252131999999827,0.03386024000000003,0.036413680000000594
0.06112000000000001,0.023357039999998747,0.03859595999999774,0.04080276000000373
0.061130000000000004,0.03651316000000323,0.03887239999999857,0.03198100000000242
0.06114000000000001,0.05321220000000094,0.029894240000002542,0.04874148000000328
0.06115,0.04650699999999939,0.03418764000000126,0.025710879999998323
0.061160000000000006,0.03349024000000198,0.0401044000000012,0.04363312000000362
0.06117,0.02877980000000358,0.044993760000000306,0.032777480000000365
0.061180000000000005,0.03359383999999947,0.0510782000000009,0.039381400000000594
0.06119000000000001,0.024986000000003398,0.02720763999999783,0.03867924000000163
0.061200000000000004,0.03007376000000098,0.05144359999999814,0.04548024000000148
0.06121000000000001,0.024653759999999834,0.041941439999997554,0.035217480000002736
0.061220000000000004,0.03269855999999946,0.033625440000000936,0.025136800000001226
0.06123000000000001,0.03329359999999793,0.04550531999999933,0.02716987999999739
0.06124,0.050109520000000705,0.0384279200000007,0.030283960000001945
0.061250000000000006,0.0423127600000018,0.04797640000000003,0.04975516000000232
0.06126,0.03621772000000069,0.027642519999998203,0.03559712000000143
0.061270000000000005,0.02979207999999551,0.035381679999999444,0.03750092000000302
0.06128000000000001,0.03651847999999802,0.04209511999999768,0.02881835999999699
0.061290000000000004,0.051378439999996854,0.04936643999999809,0.03655635999999749
0.06130000000000001,0.0451863199999966,0.04578367999999831,0.03162888000000092
0.06131,0.041867199999998744,0.05076787999999779,0.045211440000001234
0.061320000000000006,0.053131120000000254,0.04928148000000194,0.03836811999999638
0.06133,0.04889380000000151,0.027426360000000767,0.032332519999996354
0.061340000000000006,0.04275552000000167,0.04969576000000137,0.041972319999997315
0.06135,0.045466359999997534,0.03814243999999777,0.03756971999999675
0.061360000000000005,0.030401399999996845,0.046168719999997256,0.04055175999999644
0.06137000000000001,0.032447999999997625,0.03276992000000118,0.0429793199999994
0.061380000000000004,0.032302039999997846,0.0431184000000028,0.044204840000000335
0.06139000000000001,0.041290479999999755,0.04153080000000517,0.06104083999999987
0.0614,0.06033567999999901,0.05574812000000242,0.03518352000000292
0.061410000000000006,0.031705719999996725,0.03343504000000062,0.044871480000002364
0.06142,0.05732984000000074,0.02880808000000119,0.046088040000001024
0.061430000000000005,0.0373041200000031,0.04392944000000278,0.03830439999999958
0.06144000000000001,0.03857175999999866,0.03277684000000111,0.05074104000000152
0.061450000000000005,0.036888319999996665,0.042935840000001474,0.036786280000000164
0.06146000000000001,0.0306313199999987,0.03531784000000156,0.026348080000002074
0.061470000000000004,0.02920195999999842,0.03737136000000288,0.029779280000001598
0.06148000000000001,0.0303520799999975,0.03569148000000302,0.04367024000000121
0.06149,0.032239599999996586,0.03531896000000226,0.03338811999999641
0.061500000000000006,0.03759815999999803,0.03610431999999795,0.03135367999999557
0.06151,0.036367600000001374,0.03537784000000026,0.03985323999999546
0.061520000000000005,0.03633579999999769,0.03218152000000153,0.034643079999995476
0.06153000000000001,0.03936851999999673,0.038566279999997254,0.05115172000000165
0.061540000000000004,0.0427989200000019,0.0334926399999979,0.04500915999999648
0.06155000000000001,0.047543839999998554,0.03635424000000158,0.032822999999997104
0.061560000000000004,0.050687920000001656,0.0342759600000004,0.0554747599999976
0.06157000000000001,0.0301535999999959,0.03234511999999785,0.048139039999998086
0.06158,0.02983139999999814,0.03628043999999758,0.02788191999999824
0.061590000000000006,0.04953823999999779,0.04038795999999697,0.035800920000000284
0.0616,0.050339599999996994,0.03087484000000023,0.03080947999999854
0.061610000000000005,0.035455359999996966,0.030681760000003416,0.028104360000002514
0.06162000000000001,0.05849039999999732,0.03112192000000227,0.03504968000000244
0.061630000000000004,0.0366547599999962,0.03582732000000472,0.03762044000000265
0.06164000000000001,0.04162988000000081,0.038893280000004776,0.05026712000000265
0.06165,0.04082595999999801,0.02705772000000346,0.026695479999998932
0.061660000000000006,0.04032067999999641,0.030520840000005104,0.053922920000002754
0.06167,0.044653679999998294,0.03083244000000224,0.043286839999997294
0.061680000000000006,0.044076319999997116,0.04593716000000135,0.030051559999996303
0.06169,0.04069951999999892,0.02737487999999892,0.037675199999996696
0.061700000000000005,0.04411427999999858,0.037984520000001944,0.04201980000000238
0.06171000000000001,0.04326932000000021,0.03580963999999702,0.05649084000000452
0.061720000000000004,0.04829623999999905,0.034235279999999986,0.04135780000000384
0.06173000000000001,0.046587320000001056,0.029838480000004164,0.04004600000000173
0.06174,0.04384759999999805,0.03886316000000251,0.04874640000000102
0.061750000000000006,0.031258519999997,0.04217592000000375,0.046951999999997225
0.06176,0.032309239999999656,0.046995559999999756,0.05319683999999744
0.061770000000000005,0.04813987999999954,0.040709400000004184,0.0465921999999968
0.06178000000000001,0.03929391999999944,0.04860408000000572,0.0653875999999986
0.061790000000000005,0.043425479999997074,0.041727040000004406,0.05908427999999928
0.06180000000000001,0.029359639999997255,0.03145812000000262,0.05581191999999922
0.061810000000000004,0.03280687999999542,0.03997523999999911,0.058572519999997505
0.06182000000000001,0.03959671999999675,0.04168715999999846,0.04268591999999882
0.06183,0.034325479999996286,0.04394727999999919,0.049515719999999264
0.061840000000000006,0.029563959999997717,0.051331320000000534,0.03301011999999742
0.06185,0.0433983600000012,0.051304359999999966,0.03595320000000225
0.061860000000000005,0.03723004000000137,0.04609564000000095,0.042196679999996614
0.06187000000000001,0.04846923999999788,0.033112400000000236,0.04050268000000357
0.061880000000000004,0.054664799999997314,0.04466644000000314,0.030591240000000623
0.06189000000000001,0.05166251999999844,0.04191487999999992,0.05018231999999988
0.061900000000000004,0.05447447999999802,0.049294640000002665,0.04173128000000389
0.06191000000000001,0.05777959999999835,0.030897920000001463,0.049137439999999505
0.06192,0.05536352000000279,0.023840039999999767,0.05051707999999931
0.061930000000000006,0.04487519999999773,0.028311559999998064,0.047849480000004024
0.06194,0.0384642399999978,0.04358571999999946,0.042516960000003455
0.061950000000000005,0.04483727999999741,0.0379279199999972,0.031480279999998674
0.06196000000000001,0.04592076000000234,0.03915147999999724,0.04989824000000324
0.061970000000000004,0.03636644000000183,0.043880840000000414,0.04062748000000444
0.06198000000000001,0.041556399999997204,0.040929039999999584,0.06656976000000289
0.06199,0.04613919999999697,0.03820263999999773,0.030735880000002425
0.062000000000000006,0.04330004000000139,0.05047447999999751,0.046775520000002686
0.06201,0.04872643999999855,0.04947947999999829,0.038794040000003464
0.062020000000000006,0.04885884000000302,0.04001979999999819,0.026998400000000807
0.06203,0.051555560000002755,0.03935711999999883,0.02539095999999796
0.062040000000000005,0.044887679999998535,0.0509040799999975,0.02955195999999921
0.06205000000000001,0.05075624000000186,0.04851643999999747,0.040872640000004186
0.062060000000000004,0.041876799999996266,0.051018160000001124,0.03844960000000246
0.06207000000000001,0.047641799999996674,0.03924163999999937,0.04956080000000222
0.06208,0.04577267999999747,0.05083124000000363,0.052012320000002506
0.062090000000000006,0.05504092000000002,0.02975796000000241,0.05812692000000261
0.0621,0.05383435999999926,0.0387799600000034,0.05387759999999833
0.062110000000000005,0.039129159999996166,0.04487996000000392,0.03372767999999816
0.06212000000000001,0.036525239999996566,0.02922972000000274,0.04427632000000276
0.062130000000000005,0.03667767999999626,0.03961412000000434,0.04293359999999764
0.06214000000000001,0.046389839999998635,0.03679672000000238,0.04260755999999775
0.062150000000000004,0.045347479999999246,0.037478679999999445,0.05091587999999704
0.06216000000000001,0.050765119999998935,0.031999800000003124,0.039830159999998144
0.06217,0.042981239999996985,0.021764200000000677,0.0336642399999988
0.062180000000000006,0.03813339999999572,0.040697319999999974,0.0397258799999962
0.06219,0.040715319999997876,0.04185015999999982,0.036213240000001895
0.062200000000000005,0.04449443999999763,0.029837760000001632,0.03810724000000061
0.06221000000000001,0.05785368000000099,0.03546572000000115,0.03087471999999622
0.062220000000000004,0.037488999999996185,0.042434760000000585,0.05127536000000146
0.06223000000000001,0.04985199999999565,0.04324840000000043,0.03775596000000106
0.062240000000000004,0.05809963999999632,0.037210279999998645,0.03661196000000084
0.06225000000000001,0.04858783999999676,0.03701112000000078,0.04348964000000359
0.06226,0.040155599999995954,0.034057399999998426,0.03554963999999599
0.062270000000000006,0.0426744000000007,0.028086320000002666,0.032419639999998036
0.06228,0.033115839999996066,0.033202840000001274,0.024951399999998403
0.062290000000000005,0.04090707999999791,0.037683680000001885,0.025808119999996867
0.06230000000000001,0.05207799999999924,0.0384267999999969,0.04197652000000153
0.062310000000000004,0.05003135999999812,0.033412840000002796,0.03844888000000162
0.06232000000000001,0.040638480000001226,0.054820599999998894,0.028632080000001243
0.06233,0.03857456000000102,0.0555303999999991,0.028065120000002167
0.062340000000000007,0.045144599999998265,0.04460563999999761,0.027265880000002834
0.06235,0.04237615999999619,0.04260679999999936,0.03505467999999803
0.062360000000000006,0.04294131999999746,0.044012679999998215,0.02482767999999725
0.06237,0.04626271999999611,0.04224479999999868,0.045113199999998146
0.062380000000000005,0.04630955999999598,0.044210039999999014,0.031941279999996894
0.06239000000000001,0.056086519999997975,0.04717472000000062,0.03632344000000158
0.062400000000000004,0.04472403999999683,0.05595988000000226,0.03376555999999599
0.06241000000000001,0.05411459999999901,0.040348680000002454,0.04029579999999694
0.06242,0.04936159999999658,0.02304323999999799,0.056694560000001094
0.062430000000000006,0.04837415999999751,0.03560832000000196,0.03389456000000041
0.06244,0.03475127999999625,0.03775464000000419,0.03994668000000276
0.062450000000000006,0.03408815999999647,0.02613859999999714,0.02785351999999677
0.06246000000000001,0.04324292000000166,0.032326560000001385,0.03343283999999662
0.062470000000000005,0.0550717200000004,0.03095392000000156,0.04917764000000017
0.06248000000000001,0.039986240000000374,0.04128260000000273,0.05167171999999858
0.062490000000000004,0.048589919999999315,0.03444483999999831,0.035419519999996894
0.0625,0.05084823999999817,0.034406640000005054,0.031180160000000835
0.06251000000000001,0.05577547999999855,0.03949588000000306,0.03881203999999563
0.06252,0.043590679999996745,0.046166880000000785,0.04021343999999635
0.06253,0.05288839999999912,0.03661132000000237,0.031197479999999993
0.06254,0.049871120000004106,0.03814776000000472,0.04191983999999636
0.06255000000000001,0.054682200000001256,0.04772152000000055,0.03654403999999816
0.06256,0.040822759999997835,0.04730396000000033,0.03505276000000087
0.06257,0.04319651999999842,0.036093600000000184,0.04036400000000161
0.06258000000000001,0.03977011999999724,0.036097240000000495,0.03199052000000157
0.06259,0.04720223999999951,0.04178104000000518,0.033581919999998745
0.0626,0.04402655999999733,0.042511280000004696,0.03289923999999828
0.06261,0.04598963999999739,0.03594844000000329,0.029411239999999922
0.06262000000000001,0.03736495999999593,0.03571416000000458,0.04101071999999811
0.06263,0.04951939999999801,0.045965600000004485,0.03424228000000158
0.06264,0.049770799999997097,0.03531616000000317,0.021516040000000403
0.06265000000000001,0.04242275999999853,0.020180480000003127,0.04053107999999941
0.06266000000000001,0.047894519999997595,0.029870240000002525,0.031768639999998176
0.06267,0.03890207999999686,0.029232840000000246,0.04919244000000382
0.06268,0.035105119999996964,0.03441296000000319,0.047641719999997716
0.06269000000000001,0.033182759999997105,0.03769484000000205,0.04779631999999855
0.0627,0.04964679999999728,0.021704880000003535,0.049096040000002804
0.06271,0.0491909599999965,0.031632799999999836,0.04268712000000282
0.06272000000000001,0.04890167999999724,0.04095043999999917,0.038714720000002555
0.06273000000000001,0.04448147999999711,0.05008855999999961,0.029798040000002683
0.06274,0.034563559999997565,0.04179200000000268,0.0358843600000011
0.06275,0.03775164000000038,0.042996720000002445,0.058396519999999355
0.06276000000000001,0.03303751999999829,0.03084327999999751,0.03258979999999644
0.06277,0.03351983999999638,0.04106984000000367,0.03072559999999848
0.06278,0.028835759999995728,0.04991072000000008,0.029714359999998184
0.06279,0.03633907999999801,0.03507447999999895,0.03565360000000203
0.06280000000000001,0.0346252399999982,0.031011960000002923,0.0425349199999976
0.06281,0.04074140000000128,0.034943599999997146,0.03772320000000144
0.06282,0.0492686799999985,0.040311559999997346,0.03234635999999888
0.06283000000000001,0.06021835999999994,0.03800899999999831,0.0396388000000011
0.06284000000000001,0.04471567999999661,0.04332756000000319,0.05500384000000127
0.06285,0.045673879999997724,0.04403607999999744,0.046750040000000895
0.06286,0.05665328000000213,0.04571815999999894,0.0417502800000027
0.06287000000000001,0.04788883999999739,0.04261196000000218,0.03391748000000056
0.06288,0.059673719999999625,0.039814400000001596,0.05225551999999908
0.06289,0.04764867999999904,0.03516435999999882,0.054441560000000035
0.06290000000000001,0.051248559999999596,0.04824728000000273,0.046145960000000444
0.06291000000000001,0.051055959999997104,0.031696360000001776,0.05007135999999958
0.06292,0.04300900000000186,0.03625964000000317,0.062240679999999445
0.06293,0.04579752000000083,0.02667804000000151,0.04274807999999898
0.06294000000000001,0.04312467999999837,0.043632160000004826,0.040298319999995724
0.06295,0.045551359999997376,0.028171839999999126,0.05167227999999931
0.06296,0.04360519999999941,0.03202544000000328,0.06775147999999974
0.06297000000000001,0.0488676399999991,0.030007920000000476,0.05097363999999902
0.06298000000000001,0.035783879999996805,0.03548227999999958,0.05269832000000086
0.06299,0.03166176000000171,0.04194892000000406,0.04532116000000075
0.063,0.05757708000000312,0.039928360000001877,0.051912560000001204
0.06301000000000001,0.05571351999999817,0.0381067199999995,0.048126920000002106
0.06302,0.04083803999999831,0.03645123999999838,0.038752359999998216
0.06303,0.040444719999997644,0.03731563999999891,0.041286960000000886
0.06304,0.04999964000000238,0.05681980000000223,0.04738819999999661
0.06305000000000001,0.04871884000000276,0.056364400000000946,0.03637367999999709
0.06306,0.05017127999999798,0.04256791999999587,0.03324603999999719
0.06307,0.06189908000000294,0.042103679999997784,0.03255207999999768
0.06308000000000001,0.05849000000000268,0.04550052000000105,0.046002399999997626
0.06309000000000001,0.05163512000000195,0.054033960000003496,0.052558919999998094
0.0631,0.03608880000000253,0.05122424000000358,0.0506446399999988
0.06311,0.055323719999996926,0.05391744000000242,0.04491251999999653
0.06312000000000001,0.04398808000000143,0.03973300000000397,0.05593675999999682
0.06313,0.0498442799999971,0.054588560000003616,0.04240167999999628
0.06314,0.028863879999998225,0.04989604000000333,0.04698091999999757
0.06315000000000001,0.029347120000001177,0.03913916000000336,0.04558823999999739
0.06316000000000001,0.02895716000000034,0.044446480000000906,0.03887931999999783
0.06317,0.03717440000000232,0.045138360000001466,0.04438535999999731
0.06318,0.043255600000002045,0.04564731999999887,0.05532303999999701
0.06319000000000001,0.04159375999999689,0.027201559999999503,0.046174919999998815
0.0632,0.04255012000000054,0.03946603999999984,0.05329379999999964
0.06321,0.02710903999999693,0.03178108000000159,0.05748563999999769
0.06322,0.0276782399999975,0.03883803999999733,0.06238223999999701
0.06323000000000001,0.04221639999999848,0.03347115999999704,0.043801479999995896
0.06324,0.04298512000000042,0.03995892000000174,0.049075519999996854
0.06325,0.05935032000000271,0.048871559999997836,0.05253743999999616
0.06326000000000001,0.03642663999999819,0.028265199999999394,0.043809199999996606
0.06327,0.05097044000000354,0.03555447999999738,0.04747475999999863
0.06328,0.04024692000000222,0.039217159999999994,0.04804675999999903
0.06329,0.03874532000000275,0.03826936000000204,0.05866180000000141
0.06330000000000001,0.03690584000000151,0.045682839999998254,0.0542618000000015
0.06331,0.04116128000000192,0.03546255999999828,0.052030279999999804
0.06332,0.04445475999999897,0.0445772399999986,0.041607839999995976
0.06333000000000001,0.04303556000000201,0.034296759999997505,0.06228495999999731
0.06334000000000001,0.02954263999999838,0.0422036399999995,0.04747904000000063
0.06335,0.04361036000000147,0.033260799999999285,0.042689400000002084
0.06336,0.03976528000000183,0.028612079999996105,0.04127275999999826
0.06337000000000001,0.03664828000000136,0.034134359999997546,0.034223399999996566
0.06338,0.03936592000000262,0.050358319999999304,0.05029691999999749
0.06339,0.042916439999997044,0.04134751999999899,0.043835839999998565
0.06340000000000001,0.038043079999996975,0.03503095999999892,0.036440519999997874
0.06341000000000001,0.027985039999997692,0.044744799999999495,0.03123059999999731
0.06342,0.03321680000000078,0.033283879999997906,0.05556892000000075
0.06343,0.050020239999998294,0.04374243999999879,0.03515323999999781
0.06344000000000001,0.04409259999999845,0.035039839999996596,0.03803016000000278
0.06345,0.040033759999997594,0.05180679999999733,0.04749895999999761
0.06346,0.03960372000000087,0.03218355999999672,0.05482151999999819
0.06347,0.04764771999999751,0.038770559999998115,0.03768383999999846
0.06348000000000001,0.03819491999999897,0.038990959999996876,0.037402200000000926
0.06349,0.031670199999998414,0.03675891999999925,0.03046748000000216
0.0635,0.03484275999999557,0.03567799999999725,0.03776724000000155
0.06351000000000001,0.05185211999999938,0.03059863999999616,0.03467363999999846
0.06352000000000001,0.0459652000000019,0.04075839999999755,0.05255067999999794
0.06353,0.035388600000000915,0.04377827999999709,0.05012488000000108
0.06354,0.04430899999999779,0.03666191999999704,0.051220480000000894
0.06355000000000001,0.05089659999999733,0.041925880000000776,0.028521879999998202
0.06356,0.05401327999999756,0.03791363999999648,0.043768200000002956
0.06357,0.05114395999999667,0.04644751999999943,0.04902104000000349
0.06358000000000001,0.04436039999999764,0.03951931999999936,0.03264496000000311
0.06359000000000001,0.04455407999999554,0.04451027999999911,0.03913659999999764
0.0636,0.0286716399999959,0.030818280000002425,0.04193976000000273
0.06361,0.028773719999995576,0.03798779999999841,0.04237516000000305
0.06362000000000001,0.04238372000000153,0.03569859999999935,0.05423960000000293
0.06363,0.040137959999998404,0.052173120000003494,0.05366119999999794
0.06364,0.05010376000000202,0.04300867999999843,0.03594259999999955
0.06365000000000001,0.048466840000000684,0.03491067999999837,0.03811047999999738
0.06366000000000001,0.032444639999997464,0.03729792000000306,0.04513771999999656
0.06367,0.04511403999999821,0.0353524799999987,0.04991300000000408
0.06368,0.052667999999998556,0.029137119999998733,0.046634680000002864
0.06369000000000001,0.04572556000000216,0.025432599999999132,0.04296579999999857
0.0637,0.045674239999996334,0.03185536000000319,0.04308563999999768
0.06371,0.05498927999999727,0.035732520000002925,0.05317235999999759
0.06372,0.059561199999997046,0.054624160000000616,0.04214515999999711
0.06373000000000001,0.06111287999999589,0.038941679999997904,0.023786479999999256
0.06374,0.06224847999999728,0.04332644000000317,0.03790219999999798
0.06375,0.04939495999999733,0.043442120000001506,0.04970183999999868
0.06376000000000001,0.05464919999999826,0.03873356000000369,0.03235724000000201
0.06377000000000001,0.04379879999999738,0.03903640000000403,0.03795715999999845
0.06378,0.03731636000000172,0.042208399999999285,0.047146760000001814
0.06379,0.040107240000000516,0.030890079999998623,0.03165979999999804
0.06380000000000001,0.04400807999999888,0.025088320000004456,0.042001199999999426
0.06381,0.03692579999999737,0.040948360000000926,0.031094759999999253
0.06382,0.03716516000000294,0.03224636000000082,0.04714731999999693
0.06383000000000001,0.04445763999999779,0.03286359999999937,0.042299479999996364
0.06384000000000001,0.037736759999997045,0.03572756000000373,0.046764440000000726
0.06385,0.0412123599999989,0.039679560000004166,0.041260159999999324
0.06386,0.03202543999999562,0.028207839999998967,0.0373158399999992
0.06387000000000001,0.039271839999997005,0.03782043999999935,0.032890480000004226
0.06388,0.054783160000000795,0.038605319999998715,0.03576356000000426
0.06389,0.04303336000000191,0.03953151999999794,0.03739288000000424
0.0639,0.03544456000000143,0.03831324000000152,0.03448580000000323
0.06391000000000001,0.030041879999998303,0.03683280000000116,0.040723640000002524
0.06392,0.022426199999995962,0.035999200000001,0.039072759999998305
0.06393,0.03433760000000349,0.04785744000000385,0.05568368000000113
0.06394000000000001,0.049528600000000735,0.05197060000000355,0.02358587999999714
0.06395,0.04067275999999835,0.0465997999999985,0.04529380000000382
0.06396,0.039245800000002086,0.04871475999999799,0.03777924000000201
0.06397,0.03883680000000009,0.05170008000000238,0.03253972000000024
0.06398000000000001,0.025269119999996172,0.05826439999999819,0.04518752000000059
0.06399,0.0517642399999989,0.049467919999995814,0.03157828000000296
0.064,0.041971359999999125,0.057978039999997504,0.04005732000000412
0.06401000000000001,0.04013496000000157,0.06945671999999893,0.06280807999999997
0.06402000000000001,0.0418532399999965,0.0684270800000026,0.03402424000000325
0.06403,0.035915119999996324,0.06277703999999891,0.022535759999999107
0.06404,0.051172679999996466,0.05354820000000362,0.028470800000000327
0.06405000000000001,0.0552907999999964,0.04618924000000028,0.046674359999999734
0.06406,0.035272479999997386,0.052491159999997636,0.03740907999999838
0.06407,0.05134491999999669,0.05149367999999794,0.04419475999999854
0.06408000000000001,0.05817479999999892,0.05231271999999848,0.017578360000001587
0.06409000000000001,0.05417151999999968,0.04743935999999756,0.029802799999997787
0.0641,0.04357111999999808,0.049700239999997835,0.047399399999999425
0.06411,0.03967776000000059,0.053924079999999285,0.02568559999999943
0.06412000000000001,0.033237359999995365,0.04041735999999701,0.0424271600000033
0.06413,0.045081279999996136,0.04934591999999822,0.031760879999998916
0.06414,0.045331279999998475,0.0574579200000042,0.0428121999999993
0.06415,0.04707767999999973,0.058173199999999085,0.038955959999999346
0.06416000000000001,0.05002055999999819,0.05807563999999996,0.04297531999999975
0.06417,0.044525639999998624,0.05488435999999914,0.04001244000000363
0.06418,0.053732399999999715,0.056797240000003184,0.03490824000000381
0.06419000000000001,0.039625439999995744,0.04698224000000267,0.04841864000000328
0.06420000000000001,0.036180719999998036,0.04565371999999841,0.0622245999999994
0.06421,0.043446999999998175,0.0457464400000004,0.05191624000000498
0.06422,0.040818400000001705,0.041461519999998774,0.043997440000003094
0.06423000000000001,0.047832000000001054,0.041303879999997975,0.0454387999999998
0.06424,0.04816899999999809,0.037870919999998184,0.04878036000000206
0.06425,0.0438135600000021,0.027468320000003113,0.04321988000000187
0.06426000000000001,0.05435532000000094,0.03626860000000263,0.046099320000004294
0.06427000000000001,0.0459353200000006,0.04944375999999871,0.03512607999999939
0.06428,0.037144079999996256,0.041883919999998166,0.038022839999998996
0.06429,0.05511827999999719,0.03705319999999952,0.03587032000000334
0.06430000000000001,0.03905987999999727,0.04023908000000171,0.04710760000000337
0.06431,0.049793039999999684,0.03951472000000209,0.03657727999999854
0.06432,0.042459279999999815,0.047003039999998886,0.0422117199999985
0.06433000000000001,0.04545519999999953,0.04533703999999998,0.023459480000001105
0.06434000000000001,0.04243455999999961,0.05433123999999834,0.026045280000001437
0.06435,0.036436759999997466,0.033704959999998896,0.047690880000001976
0.06436,0.0358510000000023,0.03145007999999875,0.05325540000000336
0.06437000000000001,0.03994123999999767,0.04154635999999785,0.04592136000000319
0.06438,0.046630999999997744,0.03740151999999866,0.03864948000000327
0.06439,0.0532603599999965,0.029365079999999277,0.036763960000002864
0.0644,0.05132819999999764,0.02749792000000175,0.030332559999997424
0.06441000000000001,0.045924039999998036,0.04274564000000097,0.021978359999999118
0.06442,0.05274296000000154,0.04750812000000006,0.037245320000004724
0.06443,0.0468364000000013,0.04424472000000352,0.03381287999999942
0.06444000000000001,0.0494476000000021,0.0328626000000012,0.04938944000000391
0.06445000000000001,0.04738983999999715,0.05505036000000389,0.04858944000000399
0.06446,0.04147048000000221,0.038827240000004114,0.04088956000000474
0.06447,0.035649239999997154,0.04343463999999865,0.03778307999999762
0.06448000000000001,0.05192556000000141,0.045957320000001814,0.03366191999999615
0.06449,0.0475970400000026,0.03296559999999816,0.0399442399999967
0.0645,0.037816439999998286,0.03518768000000016,0.038102639999995885
0.06451000000000001,0.03596159999999618,0.035165800000003286,0.036065439999995834
0.06452000000000001,0.05217024000000021,0.04372560000000277,0.03469115999999837
0.06453,0.04817387999999827,0.05078072000000295,0.04617156000000187
0.06454,0.0327532799999961,0.032283639999997865,0.04745776000000236
0.06455000000000001,0.03424527999999902,0.044294400000002294,0.050609000000001146
0.06456,0.05376959999999844,0.038864360000001465,0.034174200000001057
0.06457,0.037312999999995884,0.03386787999999688,0.052369640000001896
0.06458,0.0479139999999985,0.042831759999996846,0.035669200000000276
0.06459000000000001,0.046842159999998224,0.0523789999999986,0.03566583999999737
0.0646,0.0395191199999978,0.05861931999999908,0.04117348000000178
0.06461,0.038729279999998215,0.03722331999999712,0.047310200000001065
0.06462000000000001,0.05196979999999801,0.03583451999999741,0.05141968000000134
0.06463,0.0500737599999979,0.04572500000000291,0.04497680000000043
0.06464,0.03699531999999537,0.044394119999998205,0.03683843999999625
0.06465,0.04867911999999708,0.04722188000000079,0.04085079999999606
0.06466000000000001,0.06265719999999829,0.03432687999999845,0.044255760000000054
0.06467,0.03739855999999908,0.04452784000000267,0.031983759999999375
0.06468,0.03957579999999719,0.05039955999999878,0.04603952000000019
0.06469000000000001,0.04691615999999955,0.036259880000003256,0.0356211999999965
0.06470000000000001,0.037046799999999,0.030769800000001596,0.02894491999999551
0.06471,0.04294107999999625,0.030650000000003032,0.04521899999999935
0.06472,0.03987891999999631,0.03788776000000216,0.03848591999999832
0.06473000000000001,0.047841079999996365,0.037932519999997395,0.03970375999999758
0.06474,0.04737568000000037,0.029845480000001676,0.03361651999999795
0.06475,0.04044024000000089,0.029998399999997774,0.02821715999999849
0.06476000000000001,0.05197907999999757,0.04065367999999904,0.038536479999998596
0.06477000000000001,0.04698847999999723,0.028268159999996642,0.049355839999999096
0.06478,0.048420559999997295,0.041908040000000264,0.03536028000000344
0.06479,0.03511263999999744,0.03143015999999698,0.033964320000002594
0.06480000000000001,0.04904523999999743,0.030504159999996963,0.031542439999999734
0.06481,0.040076920000001556,0.0345139999999993,0.035292640000003365
0.06482,0.03847924000000177,0.027577800000003705,0.042698720000003854
0.06483,0.03334011999999617,0.04360179999999871,0.045047440000004
0.06484000000000001,0.04775639999999882,0.034906159999997986,0.04213152000000493
0.06485,0.0402049199999984,0.03320888000000105,0.03912572000000064
0.06486,0.036234879999997215,0.050256560000002476,0.01952507999999976
0.06487000000000001,0.04884188000000122,0.038557880000001425,0.036750839999998695
0.06488000000000001,0.05026396000000281,0.0362489999999976,0.038002519999999235
0.06489,0.06144304000000401,0.031913159999997116,0.04324187999999964
0.0649,0.058405240000002155,0.04773756000000192,0.03995531999999809
0.06491000000000001,0.049449040000001915,0.05256767999999947,0.04796783999999891
0.06492,0.051536000000001324,0.03663107999999736,0.05542379999999892
0.06493,0.06103644000000164,0.03490107999999778,0.051019679999998485
0.06494000000000001,0.04724675999999574,0.03412784000000246,0.039717079999998836
0.06495000000000001,0.04128851999999596,0.04383831999999738,0.028901640000000756
0.06496,0.04600720000000035,0.038964639999995936,0.035173520000003684
0.06497,0.05422804000000213,0.05164592000000095,0.042094680000003326
0.06498000000000001,0.04779420000000196,0.058135439999998435,0.04100931999999873
0.06499,0.06398432000000193,0.044434079999998544,0.04558959999999792
0.065,0.05101688000000014,0.03151716000000105,0.049672559999998395
0.06501000000000001,0.053464720000002436,0.04652655999999906,0.037562160000003834
0.06502000000000001,0.05107640000000191,0.034171520000000205,0.05330168000000279
0.06503,0.059336400000003134,0.03875524000000149,0.03948024000000295
0.06504,0.051956759999998235,0.044693840000002476,0.04532892000000304
0.06505000000000001,0.04575152000000176,0.057177760000003706,0.054439480000004356
0.06506,0.03982115999999773,0.05256772000000421,0.058232800000003825
0.06507,0.03723991999999898,0.05454924000000207,0.06170128000000391
0.06508,0.04207379999999782,0.0501182800000013,0.05282168000000352
0.06509000000000001,0.04367964000000191,0.04339924000000156,0.04148155999999856
0.0651,0.041135039999997444,0.04417928000000118,0.04794187999999895
0.06511,0.050124640000000435,0.051650280000002415,0.03826035999999879
0.06512000000000001,0.04198895999999809,0.054435320000002826,0.031152480000003067
0.06513000000000001,0.03822235999999642,0.036125759999998314,0.036237840000000444
0.06514,0.05222355999999784,0.03981691999999853,0.038853679999997066
0.06515,0.04521163999999707,0.032330279999997935,0.037083200000001565
0.06516000000000001,0.0524116399999972,0.03478003999999727,0.04118232000000323
0.06517,0.03572896000000106,0.05087292000000222,0.04074452000000373
0.06518,0.04050851999999659,0.03765224000000191,0.025599680000004125
0.06519000000000001,0.03914455999999684,0.04009876000000206,0.0422157200000038
0.06520000000000001,0.04288423999999913,0.04097232000000192,0.04365415999999942
0.06521,0.04201183999999882,0.03933940000000311,0.04702552000000014
0.06522,0.05848580000000196,0.03721855999999984,0.02456452000000067
0.06523000000000001,0.036626319999996104,0.04311212000000207,0.04018788000000432
0.06524,0.031174839999996345,0.04275436000000301,0.04372888000000492
0.06525,0.030042359999997763,0.035423039999998636,0.04201032000000326
0.06526,0.04230451999999878,0.04653136000000011,0.03895684000000216
0.06527000000000001,0.043689439999997824,0.06235704000000043,0.043427840000003166
0.06528,0.04582775999999801,0.04286559999999792,0.0374006800000028
0.06529,0.048644040000003226,0.0518095999999974,0.03531912000000224
0.06530000000000001,0.04241299999999807,0.05307847999999853,0.04247472000000033
0.06531,0.030373439999997833,0.05818275999999866,0.018974760000002346
0.06532,0.040743400000003094,0.05254583999999893,0.029044479999999498
0.06533,0.04606684000000407,0.043505999999999115,0.05113580000000144
0.06534000000000001,0.04473728000000209,0.05115751999999873,0.032499880000003346
0.06535,0.053897039999997905,0.04399324000000019,0.03776152000000317
0.06536,0.04956387999999601,0.05883991999999928,0.037433880000003104
0.06537000000000001,0.04899375999999751,0.04516256000000238,0.05030180000000172
0.06538000000000001,0.04446547999999649,0.05131496000000136,0.0394786400000032
0.06539,0.03611959999999591,0.0271074000000017,0.038340880000002436
0.0654,0.04713983999999693,0.03389011999999884,0.05024000000000319
0.06541000000000001,0.04875731999999723,0.03619999999999785,0.048827200000000154
0.06542,0.051755359999996926,0.038917479999997756,0.046320640000002994
0.06543,0.05425363999999743,0.03349843999999833,0.043877559999998914
0.06544000000000001,0.06239068000000185,0.03649371999999858,0.03327884000000462
0.06545000000000001,0.04581175999999687,0.04039760000000246,0.027148880000003067
0.06546,0.047033879999997266,0.03162700000000176,0.0310023999999999
0.06547,0.045409759999996496,0.040052680000004025,0.03597060000000348
0.06548000000000001,0.04550355999999903,0.026865199999998268,0.04216548000000445
0.06549,0.050557519999995866,0.03790023999999665,0.05122088000000463
0.0655,0.051097439999998495,0.05181652000000064,0.03903288000000341
0.06551,0.04824183999999911,0.0304424000000017,0.0450499200000034
0.06552000000000001,0.0458513199999988,0.03783819999999773,0.03598240000000409
0.06553,0.05165523999999635,0.04136623999999693,0.0436849600000027
0.06554,0.04409764000000095,0.04382835999999736,0.031783840000003394
0.06555000000000001,0.047088359999998025,0.04480068000000191,0.026774559999999642
0.06556000000000001,0.03957976000000142,0.04299392000000207,0.03461231999999837
0.06557,0.032605839999995334,0.03546639999999786,0.03835560000000073
0.06558,0.04577648000000255,0.03616607999999861,0.0307308800000027
0.06559000000000001,0.04040892000000087,0.03230571999999879,0.04770923999999936
0.0656,0.04111823999999619,0.03807700000000012,0.037026760000001664
0.06561,0.05325620000000149,0.03414360000000375,0.04011552000000324
0.06562000000000001,0.04677519999999835,0.03386347999999929,0.029402720000000347
0.06563000000000001,0.03985911999999616,0.027567880000000003,0.03772888000000233
0.06564,0.03187123999999799,0.03410128000000283,0.03243339999999928
0.06565,0.033364079999997034,0.043151760000001184,0.04969520000000289
0.06566000000000001,0.035251159999996624,0.053478640000003,0.04877812000000292
0.06567,0.03825699999999658,0.02943111999999808,0.04945284000000392
0.06568,0.036256999999996445,0.02912360000000111,0.036725120000001325
0.06569000000000001,0.033249239999997834,0.0331531199999992,0.04472576000000071
0.06570000000000001,0.0379528399999975,0.047653920000003444,0.038644160000000025
0.06571,0.03130000000000156,0.04481907999999761,0.04157716000000262
0.06572,0.04162255999999724,0.04432992000000096,0.03914688000000279
0.06573000000000001,0.04971835999999948,0.037244280000003155,0.045087280000003276
0.06574,0.04193567999999859,0.04426535999999921,0.03412320000000072
0.06575,0.04669684000000234,0.048883840000003995,0.03678348000000242
0.06576,0.056530799999998195,0.04664743999999967,0.03506096000000416
0.06577000000000001,0.05911108000000112,0.042476480000002766,0.05386303999999958
0.06578,0.04250807999999989,0.05784331999999945,0.04119879999999863
0.06579,0.049151840000001494,0.05952916000000385,0.03203708000000331
0.06580000000000001,0.05090380000000246,0.04139048000000353,0.03041228000000226
0.06581000000000001,0.04839587999999959,0.038441640000003774,0.0430212399999984
0.06582,0.04770375999999886,0.03734112000000279,0.035171360000000165
0.06583,0.05338683999999963,0.03344888000000152,0.03904259999999824
0.06584000000000001,0.05212431999999985,0.039136079999998685,0.03638832000000203
0.06585,0.033888159999999376,0.037687039999998784,0.03673260000000348
0.06586,0.032506799999995936,0.05450255999999922,0.046329159999998766
0.06587000000000001,0.04044252000000013,0.05095155999999836,0.03289336000000297
0.06588000000000001,0.0481662000000006,0.03395659999999574,0.04311904000000273
0.06589,0.051209120000001565,0.03595112000000238,0.03240376000000371
0.0659,0.05121120000000118,0.042524600000001744,0.04763408000000482
0.06591000000000001,0.04391628000000063,0.0331207200000018,0.043287039999997605
0.06592,0.03475671999999741,0.027441360000003398,0.04377123999999889
0.06593,0.03840043999999916,0.036427680000003626,0.035709240000002855
0.06594,0.04136567999999772,0.04118259999999887,0.044377280000003246
0.06595000000000001,0.044521199999996736,0.046433040000004276,0.03716692000000276
0.06596,0.039478519999997186,0.05128824000000182,0.050084000000002724
0.06597,0.04660932000000086,0.03665167999999931,0.05812512000000295
0.06598000000000001,0.030851999999998322,0.05441111999999968,0.03434508000000445
0.06599000000000001,0.03557580000000053,0.04760579999999932,0.05601683999999821
0.066,0.032873799999998836,0.048177599999998294,0.045167719999996365
0.06601,0.03349127999999638,0.042496479999998484,0.04048364000000029
0.06602000000000001,0.03584495999999886,0.037512600000002214,0.0532710399999982
0.06603,0.044751639999998725,0.04469444000000002,0.03208884000000403
0.06604,0.042915719999995695,0.03214604000000142,0.04966708000000025
0.06605000000000001,0.04503223999999786,0.04095364000000004,0.046156520000000374
0.06606000000000001,0.03892711999999889,0.03301684000000213,0.05932660000000312
0.06607,0.04632415999999677,0.04211692000000335,0.03461011999999791
0.06608,0.04028235999999773,0.027211360000001277,0.034275400000002544
0.06609000000000001,0.057329679999996476,0.05026571999999919,0.03731604000000002
0.0661,0.052170919999997595,0.04497380000000001,0.050483999999999946
0.06611,0.0360261199999999,0.033094959999999354,0.04039043999999821
0.06612000000000001,0.06086255999999932,0.02248096000000357,0.03617203999999855
0.06613000000000001,0.04311043999999864,0.0352269599999985,0.03736359999999832
0.06614,0.04183988000000438,0.034720360000002594,0.033008639999999305
0.06615,0.04052583999999944,0.037892479999999576,0.032447760000002976
0.06616000000000001,0.03467020000000022,0.050780719999998454,0.040903440000000374
0.06617,0.041815799999999376,0.05217175999999911,0.04306676000000358
0.06618,0.04917895999999882,0.052150359999998085,0.04139699999999914
0.06619,0.04938220000000281,0.0484134399999974,0.0509388800000029
0.06620000000000001,0.0392609599999993,0.04073779999999823,0.0399656399999993
0.06621,0.055256999999999425,0.04198539999999882,0.02926648000000252
0.06622,0.04839427999999998,0.050557000000000296,0.04519560000000365
0.06623000000000001,0.04685716000000236,0.03023551999999864,0.03570648000000433
0.06624000000000001,0.04266271999999787,0.03844603999999886,0.028928800000000705
0.06625,0.0372327599999986,0.049568519999999415,0.028535880000003466
0.06626,0.039196599999998506,0.04013903999999883,0.029782200000003003
0.06627000000000001,0.02931903999999849,0.0573658799999993,0.042732440000002064
0.06628,0.029290039999996926,0.04331460000000032,0.03620839999999751
0.06629,0.04469747999999795,0.03493003999999778,0.03427296000000268
0.06630000000000001,0.03634259999999824,0.042750399999997905,0.032571999999998075
0.06631000000000001,0.04127311999999836,0.04763263999999793,0.03742387999999983
0.06632,0.04053743999999819,0.042609799999998116,0.03842659999999868
0.06633,0.0446966399999978,0.030292479999995892,0.028326119999998404
0.06634000000000001,0.0459400799999993,0.038444439999997054,0.0405418400000039
0.06635,0.04204011999999832,0.05459887999999765,0.046867480000001675
0.06636,0.03942671999999809,0.03958111999999711,0.04641728000000288
0.06637000000000001,0.04190315999999639,0.03519519999999631,0.040368359999997994
0.06638000000000001,0.047132839999997136,0.037812999999999215,0.03610303999999705
0.06639,0.03918431999999717,0.045551559999996896,0.03803980000000307
0.0664,0.04091843999999773,0.03826411999999886,0.057809560000001994
0.06641000000000001,0.04652531999999848,0.040467639999995815,0.04565708000000201
0.06642,0.03657951999999634,0.038690479999997335,0.03542584000000298
0.06643,0.0494163199999961,0.05296819999999753,0.035102600000004154
0.06644,0.0333107599999984,0.041859919999997795,0.04376012000000395
0.06645000000000001,0.04659539999999807,0.035742279999996136,0.03685400000000415
0.06646,0.0499657999999967,0.029987599999996135,0.04220599999999908
0.06647,0.045731239999998355,0.03539056000000079,0.038645920000004434
0.06648000000000001,0.034678479999997826,0.03809555999999957,0.03407156000000426
0.06649000000000001,0.04563412000000104,0.029198279999997506,0.038093720000004876
0.0665,0.03374603999999635,0.03767383999999639,0.04351315999999936
0.06651,0.03485971999999879,0.04745772000000178,0.0354672000000024
0.06652000000000001,0.04865763999999607,0.03554408000000071,0.047559199999999587
0.06653,0.04681416000000071,0.03045347999999598,0.05138224000000268
0.06654,0.06196248000000119,0.03134132000000268,0.05644579999999763
0.06655000000000001,0.04755551999999745,0.02328263999999534,0.03921996000000219
0.06656000000000001,0.05096652000000095,0.04872907999999978,0.05728668000000305
0.06657,0.04647007999999901,0.04666580000000041,0.04831860000000363
0.06658,0.0509617599999989,0.03000635999999849,0.03679448000000305
0.06659000000000001,0.04078088000000086,0.040189920000002745,0.042464440000001255
0.0666,0.0395259599999967,0.04090419999999898,0.045467520000000684
0.06661,0.04761072000000294,0.028418199999998246,0.039091040000003414
0.06662,0.04892291999999892,0.032573680000001354,0.03438292000000313
0.06663000000000001,0.04378336000000114,0.04073928000000207,0.029277040000003328
0.06664,0.049090680000001836,0.044618480000001584,0.050159320000005475
0.06665,0.03873560000000069,0.03597620000000067,0.05175156000000308
0.06666000000000001,0.0360353600000012,0.038445439999996535,0.04600616000000233
0.06667000000000001,0.04026840000000205,0.041813719999996085,0.05348992000000103
0.06668,0.03984431999999917,0.036471159999997234,0.0400453200000025
0.06669,0.046180839999995955,0.05283836000000435,0.05134780000000062
0.06670000000000001,0.041453919999996015,0.034871199999999845,0.05479960000000342
0.06671,0.050699519999996244,0.0336417199999984,0.06348596000000313
0.06672,0.044467199999996036,0.039880320000004035,0.051480520000001764
0.06673000000000001,0.03996043999999609,0.052964800000003684,0.03866520000000282
0.06674000000000001,0.039901320000000615,0.047300400000003996,0.04603360000000013
0.06675,0.04647020000000079,0.03249511999999905,0.04428576000000321
0.06676,0.03972424000000086,0.031045200000002916,0.03467676000000157
0.06677000000000001,0.046264040000000756,0.05674320000000029,0.041853760000002564
0.06678,0.03925459999999941,0.05564995999999931,0.05273864000000309
0.06679,0.03538507999999554,0.030643719999998664,0.05696672000000402
0.06680000000000001,0.03921232000000213,0.03569236000000097,0.04620332000000513
0.06681000000000001,0.050252719999999786,0.03684711999999815,0.03369656000000516
0.06682,0.04003823999999943,0.04481395999999869,0.046816560000003955
0.06683,0.042565359999995715,0.04306036000000318,0.05541091999999939
0.06684000000000001,0.04008567999999678,0.04839940000000262,0.0461868800000028
0.06685,0.031521359999996564,0.045159280000002966,0.03253528000000099
0.06686,0.03778919999999627,0.0398974800000019,0.028689199999998152
0.06687,0.03272355999999572,0.03390148000000202,0.03625879999999872
0.06688000000000001,0.038059519999998355,0.033897280000001556,0.04551607999999969
0.06689,0.040471679999996915,0.05471372000000111,0.033457759999995805
0.0669,0.0521823599999969,0.04435404000000109,0.06671819999999791
0.06691000000000001,0.044519679999996065,0.03468907999999842,0.04196732000000033
0.06692000000000001,0.03994016000000097,0.04730996000000324,0.051698720000000614
0.06693,0.048763879999995804,0.024373799999997493,0.046427719999998625
0.06694,0.034672959999999,0.045012439999999355,0.02939928000000256
0.06695000000000001,0.039061079999997944,0.04062328000000001,0.03590248000000178
0.06696,0.037889759999995956,0.04510064000000204,0.03355268000000205
0.06697,0.04530368000000274,0.0371220000000023,0.03669764000000285
0.06698000000000001,0.05718739999999752,0.03883844000000088,0.041132000000002465
0.06699000000000001,0.049851079999998764,0.04769208000000258,0.04040796000000371
0.067,0.05008311999999895,0.043417000000001524,0.028024000000003827
0.06701,0.03724440000000127,0.04741691999999863,0.03989131999999935
0.06702000000000001,0.04357624000000303,0.042700039999997635,0.04773064000000272
0.06703,0.031778839999995874,0.028530919999995654,0.05089103999999885
0.06704,0.03611864000000057,0.030432320000000943,0.045339320000002216
0.06705000000000001,0.0502623599999986,0.029063720000003433,0.043475720000003305
0.06706000000000001,0.037394639999998196,0.03852411999999893,0.05902875999999866
0.06707,0.050757279999999225,0.02955095999999828,0.04700220000000505
0.06708,0.03739599999999837,0.03898763999999789,0.03259356000000482
0.06709000000000001,0.04481047999999827,0.0421888399999977,0.03856320000000302
0.0671,0.04716811999999613,0.04264008000000165,0.0434469999999983
0.06711,0.04400963999999702,0.05912252000000346,0.04113015999999929
0.06712,0.059689279999999754,0.04819412000000182,0.04424724000000324
0.06713000000000001,0.05049919999999716,0.05257356000000256,0.04400268000000312
0.06714,0.03662211999999634,0.051001440000003666,0.03997131999999787
0.06715,0.03773051999999669,0.038923320000001975,0.04095667999999897
0.06716000000000001,0.04046743999999668,0.03823304000000264,0.0443870799999989
0.06717000000000001,0.043646879999996134,0.0328343599999975,0.041995319999999677
0.06718,0.05498283999999795,0.039500719999997436,0.033990279999998325
0.06719,0.05769531999999688,0.0374411999999976,0.03764111999999846
0.06720000000000001,0.04460623999999591,0.03616623999999903,0.030576640000000734
0.06721,0.046065559999998174,0.03141319999999765,0.029873959999999714
0.06722,0.040720919999998675,0.029110919999998198,0.04693579999999827
0.06723000000000001,0.05308911999999711,0.028109879999996402,0.028740560000000526
0.06724000000000001,0.04834631999999636,0.0280065599999957,0.04776744000000117
0.06725,0.039847199999996946,0.045922520000002805,0.034088080000000166
0.06726,0.048305199999997106,0.030008599999996662,0.05059684000000135
0.06727000000000001,0.04541995999999956,0.03499407999999622,0.054942360000001945
0.06728,0.03786251999999609,0.05020888000000106,0.031582720000001466
0.06729,0.042705119999997106,0.03633368000000162,0.03593996000000296
0.0673,0.05529395999999895,0.04190280000000218,0.04788804000000306
0.06731000000000001,0.04990371999999847,0.045941760000003676,0.051609480000003316
0.06732,0.048913879999996454,0.03599955999999915,0.036251359999999955
0.06733,0.05562375999999736,0.05507736000000384,0.042020319999998654
0.06734000000000001,0.03882111999999826,0.051385160000003476,0.04091979999999813
0.06735000000000001,0.038439959999996436,0.06559640000000054,0.06474864000000194
0.06736,0.0496331599999984,0.06698668000000087,0.048477119999996605
0.06737,0.04501799999999742,0.04950459999999875,0.046002799999998754
0.06738000000000001,0.039837799999996926,0.04121135999999802,0.03841547999999703
0.06739,0.04433240000000139,0.03948031999999826,0.04407807999999748
0.0674,0.05101392000000084,0.05097107999999794,0.029470159999998885
0.06741000000000001,0.04878279999999656,0.04416764000000096,0.02970475999999824
0.06742000000000001,0.05188979999999752,0.035156360000002884,0.03827923999999971
0.06743,0.04258551999999888,0.037035600000001716,0.03446847999999827
0.06744,0.058008480000003665,0.032817159999998693,0.037683879999998705
0.06745000000000001,0.04276583999999762,0.051788640000002856,0.03884339999999852
0.06746,0.042654239999997796,0.03886940000000023,0.03071239999999983
0.06747,0.04755799999999652,0.0402708000000006,0.046086640000001344
0.06748000000000001,0.05250108000000151,0.036956039999999246,0.03833292000000128
0.06749000000000001,0.04309011999999606,0.038708960000003775,0.02430840000000225
0.0675,0.04180320000000145,0.03472400000000396,0.02586244000000445
0.06751,0.04018063999999781,0.04129467999999772,0.03572212000000241
0.06752000000000001,0.041810279999999186,0.039301040000003055,0.036412520000003515
0.06753,0.036728680000000846,0.05034040000000374,0.03902952000000324
0.06754,0.04102811999999676,0.04332944000000146,0.036520840000002226
0.06755,0.05015563999999697,0.03210600000000483,0.04117788000000001
0.06756000000000001,0.05501059999999713,0.025448640000002968,0.05094416000000141
0.06757,0.05856463999999813,0.030956640000002034,0.031608360000000446
0.06758,0.05494815999999838,0.034039520000001044,0.04416311999999993
0.06759000000000001,0.056370919999996494,0.04142936000000435,0.037497880000001794
0.06760000000000001,0.06196319999999736,0.05613075999999997,0.03777407999999734
0.06761,0.06589691999999861,0.04285908000000516,0.03655836000000298
0.06762,0.05317151999999781,0.047254560000003235,0.04182843999999845
0.06763000000000001,0.053264679999997205,0.043917800000003296,0.04474640000000251
0.06764,0.052688999999997696,0.04456360000000521,0.038130839999998174
0.06765,0.045458599999997254,0.047516920000003855,0.05208587999999759
0.06766000000000001,0.04667903999999735,0.03452204000000295,0.026276359999996557
0.06767000000000001,0.035711079999997175,0.037723280000003884,0.03893399999999996
0.06768,0.040175359999996565,0.05366056000000273,0.02413712000000097
0.06769,0.043103639999998326,0.04347147999999846,0.05407212000000246
0.06770000000000001,0.04571163999999729,0.038498680000002256,0.05735503999999782
0.06771,0.044583999999997084,0.05721440000000113,0.04765684000000311
0.06772,0.0556734400000006,0.04215323999999907,0.03961296000000292
0.06773000000000001,0.044213359999996205,0.05217487999999904,0.04722892000000283
0.06774000000000001,0.04715399999999721,0.03997487999999826,0.04172375999999871
0.06775,0.05948252000000062,0.05241847999999972,0.0433824800000022
0.06776,0.05368968000000063,0.03653715999999933,0.05416428000000153
0.06777000000000001,0.055265439999999035,0.038982440000000694,0.050981240000003036
0.06778,0.042105119999997234,0.033767480000000356,0.05493716000000271
0.06779,0.04798927999999703,0.038590639999996845,0.05301348000000354
0.0678,0.044968880000000724,0.047715920000000696,0.057217960000002815
0.06781000000000001,0.04472003999999689,0.05498235999999814,0.058626040000003994
0.06782,0.06150487999999835,0.0399868799999985,0.04854380000000291
0.06783,0.03982120000000037,0.04447847999999679,0.051025640000002495
0.06784000000000001,0.04641755999999888,0.03632512000000189,0.041616840000002965
0.06785000000000001,0.054534000000001644,0.025968280000001728,0.036420039999998335
0.06786,0.05005312000000206,0.035949039999997184,0.04543719999999748
0.06787,0.041822400000001515,0.033680960000001176,0.036239679999999455
0.06788000000000001,0.0585504799999976,0.0437545200000006,0.04518863999999789
0.06789,0.04415967999999896,0.046126479999999456,0.04682604000000186
0.0679,0.04080059999999969,0.03390979999999685,0.029497519999997893
0.06791000000000001,0.04699523999999814,0.03795184000000245,0.05126864000000082
0.06792000000000001,0.03360943999999775,0.03976396000000133,0.03983459999999998
0.06793,0.03610452000000274,0.040495880000003065,0.06104924000000068
0.06794,0.034013759999997006,0.058700440000003476,0.04447279999999853
0.06795000000000001,0.03146463999999627,0.043674360000003604,0.04281755999999584
0.06796,0.03295047999999729,0.04409476000000333,0.04775567999999919
0.06797,0.03845315999999789,0.043827600000004845,0.04701847999999945
0.06798,0.04660295999999844,0.030811240000003806,0.04095783999999989
0.06799000000000001,0.050007240000003124,0.02915624000000145,0.04550979999999616
0.068,0.05248931999999828,0.04053140000000302,0.03234132000000176
0.06801,0.052836999999998475,0.05085104000000392,0.030490719999997334
0.06802000000000001,0.05023924000000126,0.04599592000000374,0.032079279999999565
0.06803000000000001,0.04761888000000188,0.046758080000001576,0.03159664000000239
0.06804,0.0363962000000007,0.04225464000000375,0.05597820000000316
0.06805,0.035740440000000574,0.0342706000000038,0.04468624000000232
0.06806000000000001,0.05910540000000188,0.0352420400000036,0.041297320000000665
0.06807,0.029380959999996827,0.03141284000000279,0.03915307999999776
0.06808,0.0441055600000027,0.03278220000000197,0.04255540000000323
0.06809000000000001,0.0430195599999967,0.04625755999999909,0.046557040000002124
0.06810000000000001,0.04390607999999853,0.038554999999998736,0.040546800000002034
0.06811,0.05196807999999738,0.0526910000000001,0.05413719999999971
0.06812,0.037736039999997,0.03587704000000023,0.04332083999999667
0.06813000000000001,0.04913011999999743,0.03856520000000129,0.04646952000000227
0.06814,0.042561879999997485,0.04564612000000301,0.04753156000000169
0.06815,0.04218303999999758,0.035352800000001204,0.04230060000000103
0.06816000000000001,0.048358680000000674,0.04677315999999926,0.044681240000001794
0.06817000000000001,0.04298499999999722,0.03877772000000284,0.04712704000000111
0.06818,0.04198647999999687,0.04529264000000327,0.0477688800000024
0.06819,0.032342000000000114,0.04415855999999935,0.036726240000000666
0.06820000000000001,0.03961935999999783,0.03944527999999881,0.06138199999999655
0.06821,0.030486639999997702,0.04709580000000314,0.037509879999996325
0.06822,0.04100576000000359,0.043912600000000045,0.03301039999999738
0.06823,0.032619159999998724,0.055603559999999136,0.04639563999999649
0.06824000000000001,0.040821119999997775,0.03833559999999949,0.03405735999999759
0.06825,0.05916572000000102,0.03764447999999957,0.03592303999999859
0.06826,0.04319780000000199,0.03781212000000137,0.05047400000000109
0.06827000000000001,0.047797280000000664,0.04972720000000431,0.02691663999999763
0.06828000000000001,0.051078520000002126,0.03800584000000079,0.04366280000000144
0.06829,0.03723404000000446,0.03843816000000363,0.0421553600000032
0.0683,0.037413840000001815,0.04021379999999865,0.021473440000001672
0.06831000000000001,0.04760412000000156,0.047173800000000723,0.032665880000000015
0.06832,0.04474259999999965,0.04491236000000323,0.03801535999999933
0.06833,0.04299411999999969,0.04742764000000498,0.040536880000003134
0.06834000000000001,0.038043679999996485,0.04615736000000318,0.039790680000000085
0.06835000000000001,0.040031919999996994,0.0446386800000007,0.036807519999996936
0.06836,0.049759199999997714,0.03745940000000491,0.043804479999999195
0.06837,0.051048120000001446,0.04304928000000395,0.036201320000001515
0.06838000000000001,0.03322504000000249,0.04412216000000275,0.038335040000001944
0.06839,0.06281748000000191,0.03279916000000136,0.04150875999999738
0.0684,0.046366000000003064,0.03265500000000217,0.046355159999998646
0.06841000000000001,0.059192800000001405,0.045640560000001516,0.037782759999998104
0.06842000000000001,0.05085076000000235,0.04140899999999964,0.037850039999997837
0.06843,0.0427744000000018,0.04155063999999946,0.03588764000000137
0.06844,0.04519547999999883,0.050110840000001766,0.04953560000000082
0.06845000000000001,0.04246540000000275,0.0454054800000014,0.04339072000000048
0.06846000000000001,0.04478236000000323,0.04208360000000196,0.04426499999999722
0.06847,0.04926240000000327,0.04511968000000265,0.026903999999997163
0.06848,0.0404340799999978,0.05368516000000324,0.028182720000004276
0.06849000000000001,0.034313839999998735,0.04036208000000169,0.04115296000000233
0.0685,0.04400244000000148,0.04353639999999966,0.03631148000000237
0.06851,0.041650080000003344,0.029475239999999216,0.04276003999999907
0.06852000000000001,0.05627640000000258,0.04189664000000386,0.04219144000000072
0.06853000000000001,0.04286372000000024,0.040572480000004074,0.033306160000001486
0.06854,0.04158312000000316,0.034128280000000615,0.042667240000002396
0.06855,0.0483150800000041,0.03744784000000361,0.05212424000000241
0.06856000000000001,0.05002844000000411,0.04592720000000415,0.04966728000000279
0.06857,0.054889200000003024,0.03732268000000047,0.04948208000000222
0.06858,0.055977840000003,0.032241880000001506,0.04774824000000371
0.06859000000000001,0.04509536000000322,0.03705291999999909,0.045529280000002614
0.06860000000000001,0.04179812000000218,0.030411200000000013,0.05475624000000259
0.06861,0.03879328000000143,0.04302275999999927,0.04643852000000316
0.06862,0.035630519999997945,0.03835164000000316,0.06527891999999792
0.06863000000000001,0.04602660000000153,0.02786796000000347,0.05901971999999736
0.06864,0.02909619999999712,0.038570519999999775,0.05205439999999761
0.06865,0.037861639999998094,0.04305364000000126,0.055691040000002114
0.06866,0.04233503999999727,0.02728028000000135,0.04843419999999702
0.06867000000000001,0.023645439999997925,0.052168800000001944,0.058808639999998365
0.06868,0.0355826799999977,0.044763440000001826,0.06237936000000267
0.06869,0.04315579999999881,0.024651680000001338,0.05929107999999787
0.06870000000000001,0.04002235999999848,0.0344890400000013,0.04462083999999798
0.06871000000000001,0.03230519999999763,0.0325665199999974,0.04954127999999783
0.06872,0.042240600000002945,0.04375443999999795,0.041371920000002345
0.06873,0.044815559999997166,0.04241132000000139,0.047328160000000556
0.06874000000000001,0.043225799999997525,0.05236951999999902,0.039832960000001194
0.06875,0.05500879999999898,0.04595855999999933,0.031026799999998605
0.06876,0.04528467999999838,0.03378887999999886,0.0491505199999993
0.06877000000000001,0.034231559999998225,0.04882504000000084,0.0493954799999991
0.06878000000000001,0.03452547999999733,0.040876200000002035,0.03593099999999712
0.06879,0.05098955999999814,0.039042239999996724,0.0662191200000012
0.0688,0.03525171999999742,0.04849875999999819,0.03527608000000006
0.06881000000000001,0.029921679999998358,0.05244815999999786,0.038038159999998405
0.06882,0.04069251999999784,0.04724263999999931,0.045448760000000095
0.06883,0.026455200000001188,0.032843040000000615,0.03363903999999645
0.06884000000000001,0.03253959999999804,0.03682295999999821,0.04026567999999736
0.06885000000000001,0.03210884000000075,0.04748476000000227,0.037799840000003214
0.06886,0.037682919999997434,0.04118112000000352,0.034077760000001726
0.06887,0.026723559999997926,0.05472351999999807,0.031395039999996766
0.06888000000000001,0.04199035999999804,0.031002640000002267,0.0325759199999984
0.06889,0.050814999999998514,0.03789667999999961,0.04961723999999834
0.0689,0.033477759999998795,0.029336880000004888,0.04098475999999799
0.06891,0.03539119999999811,0.041873480000003474,0.03362271999999982
0.06892000000000001,0.03050991999999978,0.04454747999999933,0.033742960000001807
0.06893,0.028861799999999462,0.05366176000000183,0.034528839999997715
0.06894,0.030351239999995838,0.04776456000000395,0.03884311999999793
0.06895000000000001,0.042430039999997955,0.04914920000000367,0.039627960000002724
0.06896000000000001,0.05409587999999841,0.028451960000003478,0.04466307999999894
0.06897,0.04375091999999698,0.047797360000004625,0.04626656000000373
0.06898,0.04795823999999659,0.03986204000000416,0.042436640000002995
0.06899000000000001,0.04435752000000077,0.051832200000004464,0.038879919999998784
0.069,0.03766440000000205,0.044595959999999935,0.045424239999998964
0.06901,0.03447499999999778,0.03975080000000374,0.04055787999999798
0.06902000000000001,0.03289275999999787,0.05221452000000289,0.05913311999999945
0.06903000000000001,0.036811919999997,0.046045080000004006,0.057754879999998975
0.06904,0.0591126400000003,0.05351320000000189,0.05069875999999865
0.06905,0.05007804000000031,0.043961920000003894,0.053841839999998815
0.06906000000000001,0.052253480000000754,0.036831320000003574,0.0424048399999984
0.06907,0.05273232000000066,0.05267808000000196,0.051365799999998865
0.06908,0.04567731999999944,0.04498756000000273,0.04353144000000051
0.06909000000000001,0.04393559999999853,0.03950580000000221,0.03173091999999569
0.06910000000000001,0.04487447999999792,0.0443378399999999,0.04191967999999633
0.06911,0.03467327999999785,0.03957067999999991,0.03506591999999818
0.06912,0.05160599999999895,0.04291356000000339,0.03377103999999755
0.06913000000000001,0.039205120000000176,0.054861160000003587,0.048069680000003404
0.06914000000000001,0.05482736000000155,0.035794400000002,0.05131791999999892
0.06915,0.03643320000000336,0.04540252000000367,0.0542126399999989
0.06916,0.03226808000000373,0.03994640000000335,0.04778023999999938
0.06917000000000001,0.03607944000000314,0.03878536000000033,0.033421959999999674
0.06918,0.030434280000001902,0.03740328000000346,0.04188883999999789
0.06919,0.04898800000000425,0.036911559999996166,0.024197119999998167
0.06920000000000001,0.03935652000000533,0.03993060000000238,0.04645064000000009
0.06921000000000001,0.04577044000000366,0.03286448000000308,0.03984072000000031
0.06922,0.03024928000000452,0.027363840000004025,0.04102972000000185
0.06923,0.03564800000000276,0.02767288000000342,0.02853079999999567
0.06924000000000001,0.04441528000000221,0.033332840000003555,0.02865496000000359
0.06925,0.03829384000000278,0.0423934800000038,0.03291720000000192
0.06926,0.03906988000000255,0.04097708000000071,0.039030680000003065
0.06927000000000001,0.04275179999999908,0.03775232000000533,0.036269199999996685
0.06928000000000001,0.04417380000000055,0.03131444000000344,0.034602560000003064
0.06929,0.045843680000004786,0.03663832000000215,0.03612580000000099
0.0693,0.042238840000002,0.049336600000000584,0.03957503999999697
0.06931000000000001,0.040330920000003406,0.04897376000000224,0.042934039999999674
0.06932,0.037442200000004075,0.03529651999999683,0.04615732000000286
0.06933,0.03618240000000022,0.022864960000002172,0.05509075999999936
0.06934,0.031173319999999238,0.033527440000001636,0.02876759999999794
0.06935000000000001,0.031344440000002076,0.03358679999999996,0.03348715999999669
0.06936,0.03188316000000014,0.0282418000000031,0.02928680000000177
0.06937,0.04204600000000322,0.04641219999999903,0.031119439999996754
0.06938000000000001,0.03963800000000224,0.03782808000000266,0.03480668000000242
0.06939000000000001,0.03291164000000337,0.038727040000001954,0.045491320000002604
0.0694,0.03784504000000119,0.030964280000000812,0.05758800000000229
0.06941,0.04058592000000526,0.036340439999995755,0.043940920000001674
0.06942000000000001,0.05371736000000065,0.04319083999999539,0.053805880000002235
0.06943,0.031246039999999812,0.045347759999995574,0.04530072000000317
0.06944,0.035090840000000935,0.04654936000000092,0.04362927999999846
0.06945000000000001,0.043137240000002956,0.03459356000000214,0.05424640000000332
0.06946000000000001,0.05369208000000066,0.042139759999999374,0.054624560000002674
0.06947,0.048577360000003546,0.03160900000000083,0.04724943999999821
0.06948,0.038965440000003175,0.05074808000000366,0.05485628000000193
0.06949000000000001,0.05151964000000352,0.05046336000000247,0.050187399999997474
0.0695,0.037288320000002206,0.03895396000000231,0.054263639999998156
0.06951,0.0449872400000021,0.04654476000000311,0.03922944000000313
0.06952000000000001,0.03762160000000306,0.044998359999998634,0.026895799999999737
0.06953000000000001,0.0366502400000024,0.044126559999999815,0.034518200000003794
0.06954,0.04929340000000106,0.03965164000000305,0.04923852000000045
0.06955,0.058310720000003015,0.03862008000000347,0.042642999999998515
0.06956000000000001,0.039893800000000514,0.048057679999998944,0.04653783999999952
0.06957,0.039854000000003074,0.03443848000000474,0.04123551999999845
0.06958,0.03681396000000227,0.049212440000002265,0.03545188000000015
0.06959,0.033223000000002154,0.058121919999999244,0.036899040000000695
0.06960000000000001,0.04338352000000252,0.029893919999999092,0.03761908000000434
0.06961,0.03551860000000059,0.04628355999999941,0.035976840000002966
0.06962,0.03733360000000063,0.04449803999999967,0.03698143999999804
0.06963000000000001,0.051689120000003336,0.04463984000000047,0.0431178799999983
0.06964000000000001,0.041433240000001884,0.047618520000002516,0.04711412000000147
0.06965,0.03700656000000333,0.04533543999999972,0.052123280000001534
0.06966,0.05477596000000213,0.04377424000000289,0.044060440000002976
0.06967000000000001,0.04597268000000294,0.05788195999999868,0.04545352000000272
0.06968,0.0384615200000033,0.0412124399999993,0.026067399999997725
0.06969,0.033640560000002526,0.045564400000000053,0.03077580000000207
0.06970000000000001,0.038525160000004485,0.037387200000001654,0.03252896000000216
0.06971000000000001,0.04195640000000451,0.04515999999999967,0.036663960000002306
0.06972,0.04383888000000457,0.03154704000000035,0.04364580000000217
0.06973,0.032052360000004235,0.04049419999999958,0.0488341600000013
0.06974000000000001,0.0518578000000047,0.04824595999999833,0.03657084000000266
0.06975,0.04844648000000453,0.028864320000003447,0.04088316000000452
0.06976,0.04264532000000412,0.03934624,0.04819495999999984
0.06977000000000001,0.0410857600000044,0.0484763600000019,0.055215639999999705
0.06978000000000001,0.04268415999999961,0.050799960000002205,0.05067039999999992
0.06979,0.056942440000000864,0.05580780000000222,0.04435983999999955
0.0698,0.02807651999999988,0.03904588000000316,0.03885964000000002
0.06981000000000001,0.03284575999999965,0.03254676000000297,0.020561359999999543
0.06982000000000001,0.028216119999999636,0.0525793199999972,0.042242560000000415
0.06983,0.033774479999999864,0.0458211599999981,0.0486560000000011
0.06984,0.030975759999998395,0.03518216000000142,0.04663407999999742
0.06985000000000001,0.028364719999997706,0.03178532000000354,0.033647160000000835
0.06986,0.05858816000000008,0.03250564000000304,0.04156068000000031
0.06987,0.04373555999999866,0.027669440000004795,0.038564559999997174
0.06988000000000001,0.04126704000000414,0.03565831999999952,0.04212571999999767
0.06989000000000001,0.03175588000000296,0.03621103999999942,0.049889960000001114
0.0699,0.039081280000004125,0.02691991999999935,0.04040199999999877
0.06991,0.031392280000003395,0.06591427999999996,0.040988359999998995
0.06992000000000001,0.04265415999999766,0.05694503999999988,0.042658360000000305
0.06993,0.04314691999999829,0.061169399999999895,0.04305064000000095
0.06994,0.0414965200000039,0.043357839999997226,0.02636492000000355
0.06995000000000001,0.03708428000000216,0.0431450799999998,0.04118835999999745
0.06996000000000001,0.03477104000000263,0.036793160000004474,0.0437435999999995
0.06997,0.03647935999999946,0.035076080000003326,0.03971104000000153
0.06998,0.040577240000000014,0.02944508000000083,0.0452915600000006
0.06999000000000001,0.03508404000000382,0.04449479999999942,0.04471920000000382
0.07,0.05231580000000214,0.03500791999999911,0.03572460000000355
0.07001,0.033597960000004146,0.035178400000003024,0.03893408000000352
0.07002,0.04030816000000421,0.03390084000000084,0.030265520000005333
0.07003000000000001,0.03601276000000043,0.037722640000002715,0.03192064000000429
0.07004,0.03912020000000388,0.04040872000000141,0.03609008000000311
0.07005,0.025762359999998822,0.05466500000000115,0.037347120000002586
0.07006000000000001,0.03285856000000218,0.038973079999996336,0.045217440000004085
0.07007000000000001,0.04299688000000372,0.05713763999999685,0.03901252000000378
0.07008,0.04228060000000431,0.041753520000002306,0.04601748000000007
0.07009,0.03367580000000301,0.044065360000003634,0.051574960000000794
0.07010000000000001,0.05442344000000342,0.04466084000000059,0.03234455999999833
0.07011,0.049526040000002686,0.050545240000001025,0.0313581200000004
0.07012,0.04697852000000537,0.04592040000000256,0.04815443999999768
0.07013000000000001,0.06330632000000502,0.04902480000000263,0.0530890799999999
0.07014000000000001,0.049358760000004664,0.06194916000000288,0.04561659999999763
0.07015,0.04009132000000278,0.06981860000000167,0.04017711999999832
0.07016,0.04358924000000097,0.04117728000000197,0.03360115999999805
0.07017000000000001,0.04226195999999924,0.04619727999999622,0.04487920000000207
0.07018,0.06367784000000076,0.03956983999999887,0.040428439999997734
0.07019,0.036106680000002944,0.05008075999999916,0.05586775999999805
0.07020000000000001,0.04599319999999872,0.04962431999999878,0.06177751999999811
0.07021000000000001,0.041300439999998564,0.04782048000000111,0.05998660000000236
0.07022,0.03001484000000115,0.049821960000003884,0.05362595999999773
0.07023,0.03696864000000334,0.038522000000005156,0.03775663999999725
0.07024000000000001,0.03972888000000105,0.04687928000000056,0.05174252000000284
0.07025,0.03646040000000296,0.05506040000000143,0.0295349599999993
0.07026,0.04219476000000166,0.04858879999999821,0.04177888000000345
0.07027,0.03712160000000412,0.04491215999999926,0.032232359999997504
0.07028000000000001,0.034831280000003864,0.04670155999999904,0.034993599999999216
0.07029,0.04610256000000362,0.060651159999999406,0.028075120000002503
0.0703,0.0421249200000041,0.05368479999999888,0.039622160000003515
0.07031000000000001,0.06676523999999974,0.04660059999999907,0.03973064000000374
0.07032000000000001,0.05250396000000447,0.048792040000002035,0.02600840000000029
0.07033,0.04345260000000332,0.05122752000000265,0.03227700000000421
0.07034,0.048435320000003355,0.04229840000000303,0.03063264000000343
0.07035000000000001,0.0560320000000044,0.059189200000000254,0.029151760000004183
0.07036,0.04561076000000413,0.03600691999999733,0.04121348000000513
0.07037,0.03586620000000347,0.03729507999999918,0.043008960000003975
0.07038000000000001,0.032384800000002954,0.0435577600000019,0.039533680000004165
0.07039000000000001,0.03581907999999835,0.03527543999999866,0.0331408800000013
0.0704,0.03892144000000393,0.043472759999998674,0.04404336000000241
0.07041,0.0376148799999973,0.0317886000000026,0.03421164000000399
0.07042000000000001,0.04721615999999933,0.038155879999996936,0.041411640000004094
0.07043,0.03615975999999751,0.04276748000000395,0.04619436000000246
0.07044,0.042130640000000316,0.03330180000000342,0.03371892000000229
0.07045000000000001,0.0367051599999973,0.03389160000000277,0.03261588000000187
0.07046000000000001,0.06220903999999935,0.03710512000000084,0.047611560000003876
0.07047,0.03750499999999899,0.03393015999999847,0.04440868000000431
0.07048,0.03416756000000451,0.032255520000005235,0.046858760000001415
0.07049000000000001,0.04784684000000136,0.041352520000004646,0.031815960000003515
0.07050000000000001,0.04868812000000137,0.03709896000000399,0.04866780000000203
0.07051,0.035555680000003316,0.040079679999998605,0.04116824000000094
0.07052,0.04361436000000321,0.025230919999998876,0.038896200000000894
0.07053000000000001,0.03033303999999717,0.03842992000000347,0.03702096000000227
0.07054,0.038425519999997326,0.03998240000000218,0.04481627999999872
0.07055,0.04299268000000269,0.04646612000000059,0.039434280000001515
0.07056000000000001,0.03962824000000079,0.0401287600000029,0.0447708000000008
0.07057000000000001,0.037411440000001406,0.050701119999998545,0.03321960000000033
0.07058,0.0369101199999982,0.04752744000000314,0.03281652000000155
0.07059,0.03371231999999742,0.04089212000000073,0.03550179999999677
0.07060000000000001,0.03709147999999712,0.04582444000000323,0.04100131999999761
0.07061,0.047903799999998734,0.04575892000000305,0.041481039999997436
0.07062,0.04994163999999813,0.05380356000000332,0.03550096000000082
0.07063000000000001,0.04556467999999837,0.04828528000000352,0.05282352000000298
0.07064000000000001,0.039774679999998244,0.06118756000000415,0.05343468000000232
0.07065,0.05266715999999967,0.05569548000000214,0.045333880000003185
0.07066,0.047878959999999166,0.05299568000000347,0.03122600000000301
0.07067000000000001,0.04983999999999813,0.048040000000003136,0.03260695999999799
0.07068,0.046723559999998006,0.04536056000000496,0.029908159999999392
0.07069,0.04201687999999843,0.03505136000000385,0.0432494400000004
0.0707,0.03591387999999858,0.04157380000000446,0.045580920000000344
0.07071000000000001,0.05761575999999894,0.044899240000000236,0.03172392000000346
0.07072,0.03768311999999948,0.03671376000000037,0.03926432000000284
0.07073,0.049009880000000186,0.05001563999999901,0.044264920000002275
0.07074000000000001,0.05574283999999995,0.05494363999999873,0.05146244000000442
0.07075000000000001,0.06426528000000012,0.050665679999999186,0.042075600000003974
0.07076,0.051454199999999874,0.03679436000000485,0.03685780000000049
0.07077,0.03617684000000076,0.03040639999999652,0.045016240000000284
0.07078000000000001,0.04813495999999717,0.05161851999999839,0.05110127999999809
0.07079,0.05479876000000235,0.02514459999999873,0.052025359999998654
0.0708,0.05195064000000052,0.03280595999999888,0.047674920000001696
0.07081000000000001,0.04046195999999773,0.032766680000000194,0.05139451999999753
0.07082000000000001,0.045671919999999956,0.037808759999999456,0.04147639999999791
0.07083,0.04226672000000138,0.049650159999999575,0.042020559999997334
0.07084,0.05250880000000283,0.035855479999998864,0.03978695999999667
0.07085000000000001,0.053294599999996514,0.04483599999999998,0.03835191999999572
0.07086,0.04887875999999828,0.044685839999999116,0.04324876000000158
0.07087,0.0408587999999978,0.05340772000000182,0.04364928000000169
0.07088000000000001,0.04777200000000013,0.05576831999999962,0.049189359999999585
0.07089000000000001,0.059875559999998405,0.053994999999999876,0.040432199999996844
0.0709,0.043525400000001976,0.04393399999999893,0.05082292000000029
0.07091,0.0428729999999988,0.0506565199999994,0.04153727999999855
0.07092000000000001,0.033001999999997436,0.0446469600000004,0.03660360000000134
0.07093,0.03863679999999885,0.05830987999999844,0.04912144000000132
0.07094,0.03851047999999887,0.04318279999999733,0.0450867600000033
0.07095,0.046705800000000054,0.03408067999999625,0.04057355999999626
0.07096000000000001,0.0422074799999978,0.04458971999999947,0.058593960000000986
0.07097,0.04100843999999871,0.04966463999999707,0.051829319999999623
0.07098,0.04169036000000326,0.04145847999999606,0.04178499999999857
0.07099000000000001,0.03406556000000101,0.04881355999999994,0.04456591999999861
0.07100000000000001,0.0402842000000003,0.03258227999999933,0.043608720000000246
0.07101,0.029056880000003144,0.040750519999999936,0.04204280000000039
0.07102,0.026375680000000006,0.04024920000000327,0.03801899999999907
0.07103000000000001,0.045959440000002176,0.04174504000000495,0.04499304000000017
0.07104,0.025734480000002655,0.04006304000000113,0.031714560000000246
0.07105,0.03430964000000245,0.030433720000003786,0.03397351999999956
0.07106000000000001,0.048289159999998006,0.047093120000004006,0.043142040000002976
0.07107000000000001,0.0551793600000019,0.040434160000002495,0.0402553600000027
0.07108,0.04668704000000076,0.048432000000004805,0.039848880000000066
0.07109,0.04670848000000138,0.051355360000004006,0.04747792000000323
0.07110000000000001,0.029034240000002477,0.03921575999999921,0.0551407600000033
0.07111,0.04271896000000369,0.041465400000004704,0.06281983999999949
0.07112,0.048724919999999734,0.03327820000000406,0.05073159999999769
0.07113000000000001,0.0445978400000023,0.04131064000000373,0.05016407999999836
0.07114000000000001,0.0595190000000023,0.0426395200000039,0.028361359999998715
0.07115,0.039756000000001714,0.02810468000000442,0.039673440000000004
0.07116,0.05204812000000357,0.0366696000000027,0.026306879999998922
0.07117000000000001,0.029458560000001112,0.037909960000002914,0.03758356000000509
0.07118000000000001,0.0381920800000035,0.035432200000003584,0.044777920000000866
0.07119,0.03188735999999844,0.030525640000003365,0.0514974800000052
0.0712,0.03812416000000425,0.04625304000000281,0.04521724000000397
0.07121000000000001,0.039806919999999336,0.0328768000000024,0.037470200000000786
0.07122,0.035572959999999355,0.040499600000004826,0.04142900000000128
0.07123,0.037991199999998525,0.03628708000000477,0.03747572000000523
0.07124000000000001,0.056945400000002054,0.037323640000004085,0.04845488000000455
0.07125000000000001,0.049461559999998156,0.04337624000000257,0.04002904000000445
0.07126,0.035103959999998026,0.032907240000004605,0.04326304000000291
0.07127,0.04290852000000274,0.033303520000004305,0.04345408000000496
0.07128000000000001,0.048519079999999014,0.036796959999999185,0.04499944000000483
0.07129,0.03258184000000125,0.04529452000000229,0.05392376000000481
0.0713,0.043045760000001175,0.03146528000000185,0.030976000000002984
0.07131000000000001,0.037116040000002654,0.05054384000000167,0.053122920000004646
0.07132000000000001,0.035408360000000506,0.026486120000002642,0.056011720000005046
0.07133,0.04902736000000225,0.04036768000000268,0.05925104000000498
0.07134,0.025305840000001488,0.03297812000000058,0.0494981600000051
0.07135000000000001,0.03841072000000395,0.034597399999997495,0.053535560000005665
0.07136,0.0427317200000019,0.031301079999999426,0.039946440000004156
0.07137,0.034422400000000235,0.036694639999997614,0.05148999999999985
0.07138,0.02581791999999878,0.042584759999997154,0.04424444000000399
0.07139000000000001,0.03795483999999941,0.05132419999999739,0.03421420000000266
0.0714,0.032381000000000895,0.04336467999999701,0.044535320000002876
0.07141,0.04212064000000309,0.04854615999999854,0.04329800000000251
0.07142000000000001,0.03157288000000073,0.034963440000001574,0.05265492000000299
0.07143000000000001,0.03448692000000236,0.04798903999999806,0.04530576000000277
0.07144,0.046711160000000876,0.05026955999999784,0.040354960000002674
0.07145,0.030925919999999614,0.06199875999999923,0.05112472000000295
0.07146000000000001,0.03194927999999899,0.06059547999999865,0.04941592000000288
0.07147,0.03894284000000043,0.044428200000003276,0.04256596000000368
0.07148,0.045906520000001894,0.051531680000003174,0.053594159999999565
0.07149000000000001,0.04618803999999733,0.031139280000003614,0.04459499999999779
0.07150000000000001,0.04065111999999729,0.03494908000000548,0.05209428000000252
0.07151,0.042514799999999235,0.038634480000002754,0.048459599999998146
0.07152,0.03642380000000202,0.042010000000002795,0.04149859999999867
0.07153000000000001,0.04050940000000056,0.03423248000000404,0.05215563999999811
0.07154,0.046095520000003824,0.04604420000000275,0.04041859999999835
0.07155,0.036691519999998735,0.05795660000000244,0.05349667999999766
0.07156000000000001,0.03297208000000358,0.06593048000000475,0.046744439999998215
0.07157000000000001,0.03173112000000158,0.0658583200000043,0.05928375999999992
0.07158,0.0421386000000018,0.05933080000000216,0.042682599999996775
0.07159,0.038900800000003184,0.056039399999998275,0.04767043999999989
0.07160000000000001,0.04161872000000219,0.03290192000000055,0.038355479999997125
0.07161000000000001,0.03262292000000026,0.045367319999998254,0.045708639999997365
0.07162,0.034515120000002585,0.022079159999998325,0.05110052000000108
0.07163,0.0332788799999985,0.021804920000000297,0.0380556399999992
0.07164000000000001,0.03225795999999962,0.030387400000002757,0.04243471999999818
0.07165,0.03256924000000009,0.050231959999998056,0.025316199999995747
0.07166,0.04102748000000473,0.045947759999998464,0.045042159999997514
0.07167000000000001,0.039935760000000216,0.0387833999999987,0.05131543999999798
0.07168000000000001,0.0375799599999994,0.036502919999998246,0.047742480000003605
0.07169,0.03164128000000355,0.03627328000000201,0.04267904000000078
0.0717,0.0333854400000019,0.037766199999997016,0.035911400000000905
0.07171000000000001,0.059023280000003994,0.02122295999999997,0.047850320000002444
0.07172,0.037699079999998886,0.0382517600000019,0.05364191999999914
0.07173,0.04699228000000432,0.03669263999999756,0.04920427999999963
0.07174000000000001,0.04783012000000362,0.03588164000000344,0.04148999999999791
0.07175000000000001,0.05631227999999927,0.02744531999999897,0.060998120000000565
0.07176,0.0507803600000014,0.045157040000003354,0.05970191999999789
0.07177,0.041812000000001,0.05138056000000304,0.05280755999999591
0.07178000000000001,0.043406199999998785,0.048416520000001705,0.056367879999997046
0.07179,0.03656059999999885,0.059191879999998726,0.049450919999996595
0.0718,0.04030699999999957,0.05870252000000252,0.04593963999999561
0.07181000000000001,0.04663255999999902,0.05095267999999787,0.04443683999999797
0.07182000000000001,0.059956160000000217,0.04275832000000281,0.05566923999999861
0.07183,0.06547952000000078,0.03976375999999799,0.05811719999999841
0.07184,0.052157199999998335,0.051506919999997694,0.045294759999999046
0.07185000000000001,0.03813531999999678,0.039279439999997105,0.046493159999999624
0.07186000000000001,0.042101520000003216,0.04234811999999798,0.04733511999999673
0.07187,0.03450083999999781,0.05247516000000184,0.04330283999999736
0.07188,0.04557308000000302,0.04322008000000162,0.046260719999999804
0.07189000000000001,0.03731100000000256,0.04057504000000149,0.04177223999999636
0.0719,0.03621115999999921,0.03568091999999713,0.04739808000000148
0.07191,0.025298640000003283,0.03708931999999769,0.03619660000000226
0.07192000000000001,0.0333627599999982,0.032908519999996326,0.030018999999996396
0.07193000000000001,0.03688836000000247,0.036582199999997914,0.039489160000001425
0.07194,0.039976240000000066,0.04204280000000017,0.03974539999999944
0.07195,0.03779767999999955,0.029377120000004548,0.035011919999999024
0.07196000000000001,0.041648640000000486,0.03565747999999871,0.055505199999998985
0.07197,0.030633960000001976,0.049512120000002206,0.052339479999998904
0.07198,0.035548999999998714,0.03571344000000354,0.04654424000000368
0.07199000000000001,0.05165251999999983,0.04671756000000489,0.029741919999996976
0.07200000000000001,0.028463199999998558,0.05173624000000315,0.030300520000000837
0.07201,0.03965203999999964,0.041471600000004084,0.034198280000004085
0.07202,0.045287280000000464,0.038605080000004205,0.022607719999999054
0.07203000000000001,0.03543347999999871,0.043809920000000606,0.03037863999999994
0.07204,0.028755039999999125,0.03790644000000421,0.03550623999999758
0.07205,0.03104263999999649,0.03966080000000331,0.03234492000000326
0.07206,0.0392063999999962,0.030572480000000346,0.056499199999998466
0.07207000000000001,0.038622119999999587,0.03958911999999926,0.04442075999999781
0.07208,0.04754168000000211,0.030460719999997284,0.05673916000000235
0.07209,0.028356559999997394,0.037875720000000085,0.045341120000002344
0.07210000000000001,0.037531439999997564,0.041280480000004734,0.04132268000000232
0.07211000000000001,0.045015079999997244,0.05241276000000082,0.03471072000000291
0.07212,0.04402388000000004,0.04526124000000293,0.035340920000003
0.07213,0.03708752000000224,0.0436088400000003,0.04239456000000154
0.07214000000000001,0.04550104000000243,0.050379200000003746,0.04138464000000006
0.07215,0.04011220000000279,0.03930736000000311,0.058981840000001826
0.07216,0.035369359999999295,0.04049311999999964,0.0441880800000023
0.07217000000000001,0.049136520000004284,0.03696300000000072,0.05470211999999888
0.07218000000000001,0.03849352000000252,0.030835480000001116,0.041992959999998324
0.07219,0.04867316000000313,0.026480840000002892,0.04945508000000049
0.0722,0.037918559999999796,0.035662760000002264,0.03383432000000316
0.07221000000000001,0.03735031999999956,0.03294000000000101,0.04932979999999729
0.07222,0.03992760000000323,0.03660852000000293,0.04468007999999984
0.07223,0.044553359999997814,0.038366080000002176,0.04243447999999761
0.07224000000000001,0.02426532000000253,0.028908080000004915,0.039962320000002965
0.07225000000000001,0.055509479999999604,0.02839300000000307,0.042790680000001455
0.07226,0.04256683999999896,0.04571008000000267,0.028486200000001027
0.07227,0.045960399999999034,0.0507770000000039,0.04655784000000374
0.07228000000000001,0.04554068000000179,0.045095440000003324,0.028894840000002184
0.07229000000000001,0.031503600000001596,0.04068132000000243,0.039766559999999326
0.0723,0.029204520000002888,0.040228560000000954,0.02590140000000333
0.07231,0.04035316000000194,0.03669180000000151,0.03424252000000265
0.07232000000000001,0.04263436000000338,0.04055428000000001,0.039904560000003586
0.07233,0.035952520000002514,0.043559320000003066,0.041551799999998806
0.07234,0.046361280000004765,0.038480319999998326,0.0435201999999994
0.07235000000000001,0.033777240000005274,0.04508075999999962,0.055741760000000924
0.07236000000000001,0.0400366000000052,0.042488000000004626,0.03620107999999842
0.07237,0.036907200000003824,0.0437822000000047,0.03717563999999801
0.07238,0.04652608000000453,0.03284472000000339,0.04163391999999906
0.07239000000000001,0.034493960000002676,0.029473640000003867,0.03722123999999767
0.0724,0.039388080000001595,0.043497280000003406,0.03559915999999737
0.07241,0.03473228000000156,0.045700840000003295,0.03935412000000013
0.07242000000000001,0.03457744000000172,0.04955884000000236,0.048047360000000545
0.07243000000000001,0.0286962000000016,0.05322780000000375,0.05364820000000104
0.07244,0.03108043999999969,0.050792480000003394,0.03394432000000226
0.07245,0.033674400000002346,0.03856300000000093,0.035755239999999175
0.07246000000000001,0.024741239999999012,0.0363262800000039,0.029729039999997525
0.07247,0.047994880000000247,0.037397199999997036,0.04304187999999993
0.07248,0.04312687999999959,0.0374282000000011,0.04438027999999784
0.07249000000000001,0.03550523999999984,0.04139524000000254,0.037518959999995306
0.07250000000000001,0.03404748000000037,0.04859880000000332,0.03976335999999603
0.07251,0.0373077999999978,0.0395220400000015,0.04228467999999629
0.07252,0.035441879999998996,0.04210884000000399,0.044473959999998924
0.07253000000000001,0.047408799999998884,0.04196879999999783,0.05239847999999889
0.07254000000000001,0.03774272000000322,0.030882840000002423,0.027213560000000563
0.07255,0.04650808000000033,0.048332240000001345,0.032929759999997976
0.07256,0.03330487999999882,0.03280383999999752,0.049609359999998964
0.07257000000000001,0.037228159999997984,0.03612667999999978,0.04040807999999775
0.07258,0.029244439999997658,0.035857400000001996,0.03725491999999962
0.07259,0.0455559199999977,0.027540560000001355,0.04814679999999975
0.07260000000000001,0.04083535999999723,0.034553440000000886,0.04148459999999883
0.07261000000000001,0.04004420000000075,0.05092604000000169,0.05291443999999962
0.07262,0.023338880000001717,0.03914839999999775,0.04856243999999829
0.07263,0.031246280000003856,0.04815260000000039,0.02847459999999789
0.07264000000000001,0.02849323999999927,0.034056959999998464,0.02751587999999779
0.07265,0.04416500000000348,0.048955960000001,0.05480876000000057
0.07266,0.038494480000000234,0.0470651999999978,0.05425340000000064
0.07267000000000001,0.048829040000003,0.03489120000000252,0.0456434800000004
0.07268000000000001,0.042037240000000385,0.04318756000000284,0.03739607999999955
0.07269,0.03230460000000067,0.04429471999999838,0.03512155999999852
0.0727,0.04087875999999977,0.043090999999998304,0.036506360000003166
0.07271000000000001,0.03653596000000088,0.03955628000000333,0.05036463999999876
0.07272,0.02616744000000276,0.048920519999997844,0.06322784
0.07273,0.029459280000002083,0.044011120000000625,0.03872183999999891
0.07274,0.05488919999999977,0.04521035999999855,0.040883560000004114
0.07275000000000001,0.041234439999997284,0.0346851600000032,0.034235840000002536
0.07276,0.023214600000001657,0.04583920000000372,0.0340904000000031
0.07277,0.038689039999996955,0.04423012000000328,0.04277224000000043
0.07278000000000001,0.043798879999997105,0.03672251999999764,0.0322275600000034
0.07279000000000001,0.030875039999999215,0.04353592000000243,0.03401760000000131
0.0728,0.03150916000000224,0.03839951999999795,0.03777908000000297
0.07281,0.05114364000000017,0.052227680000002094,0.043265560000002284
0.07282000000000001,0.034853600000002316,0.045337999999997367,0.03519836000000265
0.07283,0.05104472000000348,0.040187840000001106,0.05428376000000441
0.07284,0.03721528000000273,0.04675968000000011,0.048695760000002176
0.07285000000000001,0.030370680000003664,0.04771723999999813,0.0399702000000041
0.07286000000000001,0.040967760000003385,0.04357323999999865,0.05602912000000355
0.07287,0.04526888000000319,0.04906255999999984,0.047261880000003725
0.07288,0.05364980000000368,0.04286235999999728,0.05150660000000314
0.07289000000000001,0.04478344000000348,0.042138319999999375,0.030954519999998174
0.0729,0.04751728000000246,0.036774999999998975,0.0357467200000033
0.07291,0.03768756000000374,0.047853639999998476,0.02768212000000272
0.07292000000000001,0.04098628000000416,0.04368567999999828,0.03467664000000204
0.07293000000000001,0.05138527999999901,0.03279351999999996,0.037689599999999955
0.07294,0.035352000000001736,0.032549800000001704,0.048621640000002964
0.07295,0.038066120000000515,0.03216451999999822,0.0322564800000021
0.07296000000000001,0.03569180000000375,0.03426392000000272,0.028585360000002998
0.07297000000000001,0.030133439999998464,0.0465051999999983,0.04095720000000334
0.07298,0.03737720000000241,0.04728963999999989,0.05002372000000166
0.07299,0.040409960000003214,0.0578684000000005,0.03185324000000153
0.07300000000000001,0.05321544000000181,0.03591912000000014,0.028581840000001104
0.07301,0.03074471999999767,0.03805588000000198,0.05232328000000197
0.07302,0.036111319999997074,0.03665816000000203,0.02880727999999798
0.07303000000000001,0.04114348000000197,0.046478080000000706,0.022248359999996862
0.07304000000000001,0.04126460000000184,0.05192375999999833,0.032983680000002194
0.07305,0.03407252000000256,0.05347403999999961,0.033086960000000505
0.07306,0.03309048000000193,0.03537824000000318,0.04442928000000073
0.07307000000000001,0.033168599999999354,0.04087752000000207,0.050325800000002426
0.07308,0.02794128000000285,0.050532720000001176,0.03733991999999747
0.07309,0.03433480000000199,0.04185224000000205,0.04339480000000085
0.07310000000000001,0.03150104000000379,0.0260723599999979,0.03983728000000095
0.07311000000000001,0.038341400000003516,0.04321887999999895,0.051687120000002716
0.07312,0.04530539999999921,0.040732439999998885,0.046392040000000176
0.07313,0.037007359999997734,0.039443560000002556,0.04569875999999958
0.07314000000000001,0.02988172000000336,0.03800168000000493,0.050057480000000286
0.07315,0.03670755999999812,0.04112028000000286,0.0362464000000009
0.07316,0.0382753999999982,0.036506720000001644,0.049417640000001414
0.07317000000000001,0.02615488000000341,0.030177239999999175,0.050536360000001675
0.07318000000000001,0.030033559999999033,0.0353686800000023,0.03436680000000176
0.07319,0.041502320000002396,0.03826524000000164,0.04254196000000202
0.0732,0.04185916000000289,0.046784360000004625,0.040610759999999024
0.07321000000000001,0.03154616000000257,0.03121103999999921,0.03268708000000184
0.07322000000000001,0.025173960000000516,0.044327760000002894,0.04099920000000398
0.07323,0.030067120000001998,0.052490200000003776,0.03680379999999998
0.07324,0.04729056000000075,0.03913087999999905,0.031217039999996872
0.07325000000000001,0.03634144000000044,0.041433320000001474,0.03031223999999728
0.07326,0.043161720000001055,0.04139988000000216,0.03770111999999747
0.07327,0.03345468000000131,0.039088720000002256,0.04663703999999698
0.07328000000000001,0.034694959999999865,0.03834348000000275,0.0427342399999971
0.07329000000000001,0.037016200000003864,0.030466120000002043,0.04369339999999715
0.0733,0.044919959999999856,0.03860895999999778,0.04079135999999738
0.07331,0.048653520000000214,0.037633920000000015,0.04646683999999899
0.07332000000000001,0.04440908000000361,0.03800683999999909,0.027545719999997192
0.07333,0.052009080000003684,0.04239143999999874,0.04831768000000009
0.07334,0.04400680000000393,0.0567522400000034,0.04283827999999805
0.07335000000000001,0.03815635999999933,0.047408760000002964,0.04159747999999816
0.07336000000000001,0.03451387999999943,0.05668711999999958,0.03710420000000373
0.07337,0.04126751999999961,0.047149120000005165,0.031534400000001066
0.07338,0.0483205599999983,0.0464425200000048,0.03413035999999666
0.07339000000000001,0.062221720000000605,0.040561440000002176,0.031196720000001787
0.0734,0.0431916800000021,0.04879416000000245,0.0360336000000039
0.07341,0.06393864000000407,0.04560336000000401,0.04854439999999817
0.07342,0.058755159999999966,0.049060360000001135,0.0440065600000039
0.07343000000000001,0.051058720000004165,0.059832239999999176,0.0339860400000024
0.07344,0.04484372000000458,0.0486891200000037,0.052135639999998956
0.07345,0.03153252000000033,0.034307960000003024,0.049310720000003284
0.07346000000000001,0.05774959999999997,0.04751196000000318,0.03907852000000277
0.07347000000000001,0.06290536000000373,0.05167127999999914,0.03802696000000338
0.07348,0.039203240000003026,0.045125039999998263,0.03854347999999938
0.07349,0.045236280000003806,0.04309636000000224,0.03582579999999842
0.07350000000000001,0.04881732000000436,0.04814863999999819,0.02990951999999785
0.07351,0.05835528000000435,0.045333960000003934,0.0327652799999984
0.07352,0.04808288000000303,0.04737008000000447,0.04028256000000063
0.07353000000000001,0.057401560000004716,0.03503927999999931,0.045770759999998196
0.07354000000000001,0.0350919999999996,0.04936164000000009,0.046855000000003685
0.07355,0.03483400000000137,0.049795920000004476,0.05005756000000245
0.07356,0.039564600000000866,0.03107296000000148,0.05535263999999964
0.07357000000000001,0.0344284399999999,0.04187868000000252,0.04350252000000206
0.07358,0.03869652000000036,0.03485092000000184,0.05926392000000195
0.07359,0.0467992400000035,0.042052040000001435,0.0560432400000017
0.07360000000000001,0.030988599999998007,0.059226359999999006,0.05410843999999874
0.07361000000000001,0.03900851999999858,0.04435783999999874,0.05117555999999914
0.07362,0.033204480000000654,0.037476119999998406,0.05565319999999958
0.07363,0.04128996000000508,0.04843795999999705,0.06412527999999992
0.07364000000000001,0.0342999200000047,0.05365691999999673,0.04685703999999823
0.07365000000000001,0.03531539999999981,0.03772095999999778,0.05697079999999973
0.07366,0.03364716000000033,0.04874956000000121,0.04160119999999916
0.07367,0.04225836000000269,0.04852584000000069,0.038118719999998114
0.07368000000000001,0.04071632000000217,0.039129880000001734,0.04019748000000382
0.07369,0.043639280000003916,0.043858280000002116,0.04244160000000344
0.0737,0.019106720000001395,0.04784135999999815,0.040437319999998236
0.07371000000000001,0.02893268000000195,0.04708663999999847,0.0487964800000043
0.07372000000000001,0.03486392000000157,0.048280680000002414,0.044759160000003156
0.07373,0.03570000000000248,0.04313180000000156,0.04379976000000211
0.07374,0.028017600000002744,0.04235772000000066,0.04903164000000337
0.07375000000000001,0.04062992000000362,0.036619160000001864,0.04608624000000347
0.07376,0.04633272000000333,0.04669195999999877,0.050035200000003235
0.07377,0.03439715999999829,0.041898960000002636,0.032635839999998945
0.07378000000000001,0.04830672000000354,0.042551920000000736,0.04309511999999862
0.07379000000000001,0.036040960000003036,0.0473510800000034,0.04291048000000306
0.0738,0.04692076000000249,0.043252040000002365,0.062094119999999225
0.07381,0.041932640000002123,0.034021600000002615,0.0506908399999988
0.07382000000000001,0.031747279999998095,0.029881560000004487,0.03279135999999858
0.07383,0.03992191999999957,0.0354915200000037,0.048124999999998724
0.07384,0.04071460000000325,0.03225080000000097,0.05941415999999966
0.07385000000000001,0.03468956000000376,0.02995352000000227,0.04752679999999956
0.07386000000000001,0.04274140000000363,0.04715260000000225,0.048713119999999596
0.07387,0.033121440000003104,0.04195576000000417,0.04527583999999906
0.07388,0.04296488000000255,0.037776199999998025,0.042645800000000234
0.07389000000000001,0.03253864000000351,0.04082900000000119,0.042231640000001465
0.07390000000000001,0.03712348000000325,0.030739280000000393,0.04971599999999993
0.07391,0.034020360000004,0.04159751999999904,0.04032024000000052
0.07392,0.047560360000004014,0.04131563999999885,0.025243959999999975
0.07393000000000001,0.04707304000000516,0.0323039199999982,0.034597159999997136
0.07394,0.039677560000004865,0.032299199999997516,0.04637876000000023
0.07395,0.051665000000001356,0.034481559999997,0.03818291999999759
0.07396000000000001,0.04246844000000493,0.0435713600000003,0.06004108000000044
0.07397000000000001,0.046458240000003474,0.04984775999999681,0.05002212000000061
0.07398,0.039646640000004216,0.052950759999999986,0.032094279999996686
0.07399,0.04271412000000293,0.05570799999999888,0.03569412000000113
0.07400000000000001,0.04852464000000417,0.061129959999997395,0.042137959999997636
0.07401,0.042352880000004985,0.050649959999998606,0.037440039999997184
0.07402,0.05023932000000367,0.050234399999997514,0.04154131999999766
0.07403000000000001,0.04218272000000471,0.050837399999999,0.03445328000000229
0.07404000000000001,0.05119828000000079,0.044496719999998345,0.041476680000002694
0.07405,0.050351240000005223,0.04351955999999821,0.03898119999999861
0.07406,0.042195440000005746,0.039994079999997496,0.049645399999997834
0.07407000000000001,0.041177680000002756,0.045270599999997205,0.04240832000000306
0.07408000000000001,0.04648464000000259,0.036080080000002346,0.046287559999997965
0.07409,0.03431544000000314,0.029304359999996806,0.046174760000003576
0.0741,0.030969200000001362,0.040488640000004274,0.04173795999999891
0.07411000000000001,0.02534712000000228,0.03556719999999801,0.04383691999999768
0.07412,0.051479800000002136,0.04189256000000347,0.04960735999999768
0.07413,0.04791156000000141,0.04733416000000258,0.04791175999999769
0.07414000000000001,0.0308597200000008,0.030578919999999492,0.03941307999999846
0.07415000000000001,0.0420334000000014,0.02875556000000279,0.05095971999999844
0.07416,0.040245120000002625,0.03072847999999802,0.05360932000000075
0.07417,0.04267404000000289,0.036544119999999215,0.03854443999999814
0.07418000000000001,0.041379840000002006,0.04186476000000384,0.026685120000002005
0.07419,0.033761959999997884,0.036294280000004,0.02995436000000216
0.0742,0.040503720000000916,0.037459520000004486,0.03271431999999738
0.07421000000000001,0.0477229999999995,0.04312244000000358,0.057420960000001
0.07422000000000001,0.04029192000000035,0.050442560000001746,0.03635783999999894
0.07423,0.03585419999999849,0.03045252000000094,0.04506683999999719
0.07424,0.03251244000000375,0.030852040000000986,0.03116695999999746
0.07425000000000001,0.045153200000004494,0.04127427999999879,0.03699027999999627
0.07426,0.04208212000000358,0.032284440000002364,0.031063559999997648
0.07427,0.032737000000000925,0.04006287999999774,0.053320360000000594
0.07428000000000001,0.045669879999998685,0.04409583999999789,0.035622120000000264
0.07429000000000001,0.03687400000000213,0.04300887999999841,0.03654007999999956
0.0743,0.05537968000000305,0.04554484000000489,0.038238120000000785
0.07431,0.037276720000002816,0.043361680000002255,0.03100911999999674
0.07432000000000001,0.05578416000000306,0.056435240000003474,0.027585359999999857
0.07433000000000001,0.04885964000000349,0.040810040000001664,0.03268888000000157
0.07434,0.04230068000000465,0.02375039999999978,0.042857639999997456
0.07435,0.0346428000000045,0.03385016000000391,0.025570720000002028
0.07436000000000001,0.05202580000000423,0.03066515999999969,0.038343359999998404
0.07437,0.050618160000002875,0.03536007999999773,0.034694239999998475
0.07438,0.039753920000003475,0.035958640000004274,0.049449639999998865
0.07439000000000001,0.047059480000002846,0.036305240000002646,0.04885983999999713
0.07440000000000001,0.04466444000000482,0.023469320000004037,0.02888119999999825
0.07441,0.04370728000000295,0.03421564000000415,0.029009319999997424
0.07442,0.035911000000003204,0.022936760000001263,0.04401299999999657
0.07443000000000001,0.027700400000001176,0.029084319999997065,0.03312747999999705
0.07444,0.03446283999999857,0.029373360000002822,0.033561919999997906
0.07445,0.025496360000002143,0.032044400000000924,0.03624772000000105
0.07446000000000001,0.03960264000000319,0.03777160000000399,0.044749439999999134
0.07447000000000001,0.04286872000000251,0.02978644000000216,0.039832479999998595
0.07448,0.04822288000000359,0.046065680000004605,0.03926639999999935
0.07449,0.03386396000000366,0.048121239999998906,0.049861959999999816
0.07450000000000001,0.04103620000000231,0.02379647999999789,0.04933067999999844
0.07451,0.03979444000000206,0.029824520000003102,0.037667400000003605
0.07452,0.025608480000003597,0.03637656000000075,0.0452226000000023
0.07453000000000001,0.030061840000001252,0.03914456000000104,0.039590679999997845
0.07454000000000001,0.05235856000000273,0.03075119999999962,0.03824163999999759
0.07455,0.03896340000000265,0.0524242799999996,0.03916255999999837
0.07456,0.04201759999999925,0.039737759999996757,0.04528435999999876
0.07457000000000001,0.04026480000000269,0.034975559999996894,0.03676711999999825
0.07458000000000001,0.04343772000000378,0.0469705199999988,0.03521852000000032
0.07459,0.04396659999999917,0.048961679999998314,0.04370408000000057
0.0746,0.04838688000000049,0.0453177599999979,0.041253599999995526
0.07461000000000001,0.04616556000000514,0.03216700000000262,0.035596520000000464
0.07462,0.04697016000000474,0.046419439999998424,0.03851563999999591
0.07463,0.0477401999999992,0.03383231999999755,0.04520632000000331
0.07464000000000001,0.057180760000004036,0.047463639999997774,0.04720119999999595
0.07465000000000001,0.04678784000000433,0.047670120000001995,0.04057612000000036
0.07466,0.037808560000001365,0.04579784000000116,0.04500183999999596
0.07467,0.05814932000000437,0.05101784000000036,0.04518116000000116
0.07468000000000001,0.04194428000000366,0.04090336000000077,0.0332058399999967
0.07469,0.03323104000000413,0.03851759999999583,0.05092903999999929
0.0747,0.03459476000000163,0.0484421199999991,0.04201879999999743
0.07471000000000001,0.04193639999999706,0.033846159999996205,0.03701663999999793
0.07472000000000001,0.022275720000001574,0.0488124399999976,0.04832547999999766
0.07473,0.030995120000003967,0.03765451999999803,0.04572819999999713
0.07474,0.03251043999999951,0.052671439999998064,0.047182119999997725
0.07475000000000001,0.030751239999996086,0.05172995999999824,0.04494483999999701
0.07476000000000001,0.036401359999998203,0.03739063999999785,0.05430583999999704
0.07477,0.04220051999999954,0.04463732000000293,0.04743627999999634
0.07478,0.0547273199999987,0.05248519999999807,0.06516503999999697
0.07479000000000001,0.041167759999998395,0.06553511999999856,0.04542663999999695
0.0748,0.052167280000000704,0.04643839999999771,0.05854999999999702
0.07481,0.04829300000000157,0.04539439999999749,0.04956331999999905
0.07482000000000001,0.029070680000003693,0.0447155599999988,0.04542407999999675
0.07483000000000001,0.047045280000001695,0.03473640000000127,0.04447643999999703
0.07484,0.03510080000000305,0.04303932000000207,0.033567000000000104
0.07485,0.047566719999998085,0.028633519999998483,0.028704759999997772
0.07486000000000001,0.04150115999999778,0.037240080000000134,0.0330061999999959
0.07487,0.04913007999999657,0.047994639999998215,0.04171811999999895
0.07488,0.049526320000000075,0.03325971999999801,0.056958119999996955
0.07489000000000001,0.06544315999999988,0.030679039999997396,0.047607080000001044
0.07490000000000001,0.039226319999997594,0.025300799999999287,0.03737787999999808
0.07491,0.04537827999999612,0.05064504000000197,0.03759315999999639
0.07492,0.03669268000000267,0.04639828000000322,0.048449239999997666
0.07493000000000001,0.05209132000000351,0.04911824000000039,0.040095520000001626
0.07494,0.04472612000000345,0.04522956000000177,0.03100016000000115
0.07495,0.037224920000002625,0.04072707999999798,0.04597692000000452
0.07496000000000001,0.04431395999999768,0.0441436000000008,0.053727039999999636
0.07497000000000001,0.032615159999999276,0.030147480000002922,0.050103879999999795
0.07498,0.03359220000000178,0.050531240000001566,0.04131131999999906
0.07499,0.0357153999999983,0.02681568000000343,0.04375532000000376
0.07500000000000001,0.043080879999998385,0.0379102000000023,0.0398155200000035
0.07501000000000001,0.038870880000000434,0.0490587200000027,0.044192360000003955
0.07502,0.048163239999998726,0.05165708000000218,0.03989336000000351
0.07503,0.03938000000000219,0.04365328000000156,0.032280160000004235
0.07504000000000001,0.051005400000003295,0.03269091999999827,0.04061816000000267
0.07505,0.05172124000000135,0.05015928000000342,0.03682691999999936
0.07506,0.05286344000000132,0.035084400000001424,0.038397440000000886
0.07507000000000001,0.04102711999999781,0.039849119999998905,0.038029719999999136
0.07508000000000001,0.03746187999999735,0.037058800000002126,0.03944476000000051
0.07509,0.039947879999996265,0.03682891999999899,0.06333439999999817
0.0751,0.037746319999995594,0.04085523999999784,0.03921943999999719
0.07511000000000001,0.039509719999999755,0.04124700000000106,0.04904231999999713
0.07512,0.04237768000000029,0.06171247999999953,0.06077616000000176
0.07513,0.047915119999999346,0.025070679999999793,0.04788027999999673
0.07514000000000001,0.043260359999998416,0.03230799999999726,0.03224183999999817
0.07515000000000001,0.04571639999999605,0.04542564000000257,0.04817099999999962
0.07516,0.04577327999999616,0.04797456000000438,0.04250108000000023
0.07517,0.03857175999999832,0.04687492000000184,0.032485399999998166
0.07518000000000001,0.05718575999999925,0.034780040000002045,0.03211976000000176
0.07519,0.03433443999999692,0.038323320000004,0.031026840000001332
0.0752,0.036808919999997254,0.03423916000000067,0.032611720000003036
0.07521000000000001,0.04321071999999998,0.0392865599999996,0.04391052000000236
0.07522000000000001,0.04969359999999914,0.03384656000000198,0.033950000000004185
0.07523,0.04698599999999607,0.04258800000000306,0.04173708000000345
0.07524,0.049008639999998146,0.04330431999999792,0.041980799999999076
0.07525000000000001,0.04385851999999961,0.03881060000000305,0.0367977599999996
0.07526000000000001,0.05473188000000062,0.03212587999999735,0.03104583999999862
0.07527,0.05920996000000284,0.038989600000004315,0.032368000000002284
0.07528,0.04858663999999945,0.04219880000000451,0.03995955999999957
0.07529000000000001,0.05725431999999693,0.03788531999999575,0.04281396000000283
0.0753,0.054936159999999484,0.0359987599999984,0.04870980000000201
0.07531,0.052710839999999363,0.03001495999999736,0.03566936000000186
0.07532000000000001,0.04940643999999877,0.03357831999999821,0.047994000000003555
0.07533000000000001,0.05085515999999685,0.026600559999998438,0.026365919999999
0.07534,0.04685728000000281,0.04153116000000219,0.041473999999999324
0.07535,0.0407220800000028,0.042655640000002104,0.046431479999998936
0.07536000000000001,0.049559080000004294,0.04448712000000066,0.03905219999999941
0.07537,0.05102920000000291,0.039140680000004265,0.03730044000000128
0.07538,0.05421528000000374,0.04857871999999902,0.033947799999997856
0.07539000000000001,0.0547226800000036,0.04283419999999911,0.041228719999997214
0.07540000000000001,0.05084879999999937,0.051813160000003675,0.0454053599999965
0.07541,0.052450279999998344,0.05321803999999732,0.04506539999999928
0.07542,0.05588255999999994,0.05554552000000115,0.03750699999999791
0.07543000000000001,0.042828960000000374,0.05489495999999686,0.031621879999997424
0.07544000000000001,0.04420360000000218,0.04831636000000168,0.037270039999998415
0.07545,0.04729936000000409,0.050379360000000706,0.03872759999999639
0.07546,0.04310652000000386,0.048507360000002074,0.042671200000001956
0.07547000000000001,0.04864404000000428,0.060679760000003274,0.041616079999999854
0.07548,0.03306440000000383,0.04514063999999825,0.050455319999997666
0.07549,0.03579972000000414,0.051822719999999906,0.0498035999999975
0.07550000000000001,0.036343200000002324,0.04979799999999944,0.04532288000000193
0.07551000000000001,0.05206464000000252,0.05932048000000059,0.046695159999997154
0.07552,0.039243279999998125,0.04389115999999768,0.04737759999999758
0.07553,0.05126772000000397,0.041779160000004416,0.04209231999999791
0.07554000000000001,0.04058683999999913,0.04878411999999845,0.05091183999999689
0.07555,0.03334236000000081,0.045137600000003046,0.04587535999999703
0.07556,0.04345984000000339,0.0517219999999989,0.04171431999999726
0.07557000000000001,0.04294588000000401,0.04000855999999818,0.04305787999999796
0.07558000000000001,0.03221936000000282,0.04916787999999606,0.04442480000000148
0.07559,0.03447948000000135,0.039962239999996436,0.03813687999999713
0.0756,0.03588548000000347,0.04785747999999811,0.03638007999999845
0.07561000000000001,0.03860832000000455,0.0484398000000013,0.04775099999999719
0.07562,0.03758072000000183,0.03613532000000462,0.035726959999999204
0.07563,0.053706239999998594,0.040545360000001876,0.050972600000000416
0.07564000000000001,0.04787384000000088,0.05028919999999736,0.043462479999996695
0.07565000000000001,0.04638467999999853,0.042674479999998696,0.050321720000000396
0.07566,0.05239587999999896,0.046008400000002135,0.047695799999997984
0.07567,0.04304996000000282,0.04937611999999808,0.049376560000001624
0.07568000000000001,0.032767640000002984,0.05896435999999679,0.04497152000000152
0.07569000000000001,0.03352716000000192,0.04325315999999635,0.04331252000000167
0.0757,0.040150200000000344,0.04131947999999796,0.0351642399999964
0.07571,0.03843304000000293,0.05731919999999772,0.044007599999997336
0.07572000000000001,0.04027036000000216,0.04629463999999777,0.05236195999999764
0.07573,0.034878800000003304,0.040928400000002266,0.05462391999999819
0.07574,0.04172516000000471,0.036475719999999975,0.05618183999999766
0.07575000000000001,0.0450560800000044,0.03844592000000178,0.04342832000000052
0.07576000000000001,0.04505756000000355,0.029944239999996205,0.04749864000000062
0.07577,0.044523560000003744,0.050415400000002095,0.05406964000000132
0.07578,0.037083200000002925,0.03641984000000192,0.0396525200000007
0.07579000000000001,0.03563524000000165,0.03344656000000215,0.04992531999999869
0.0758,0.03719820000000339,0.03553544000000184,0.04275136000000117
0.07581,0.038552600000003275,0.03882748000000219,0.049705439999998456
0.07582000000000001,0.03999876000000207,0.05029860000000233,0.04012635999999777
0.07583000000000001,0.03222112000000348,0.040694760000001946,0.031607799999999193
0.07584,0.03379932000000443,0.050115640000002376,0.03419787999999857
0.07585,0.031653920000001445,0.0395877600000017,0.03419015999999737
0.07586000000000001,0.03997176000000117,0.049853199999998994,0.031847239999997
0.07587,0.028019520000001758,0.04261159999999937,0.04924284000000095
0.07588,0.032562840000003715,0.032686200000004405,0.04869852000000054
0.07589000000000001,0.03678156000000203,0.044280280000002295,0.029355359999996264
0.07590000000000001,0.042586920000000986,0.045171360000001826,0.03422672000000339
0.07591,0.047629360000001855,0.042831760000003716,0.03446372000000318
0.07592,0.037621519999999,0.044848399999997936,0.04057176000000184
0.07593000000000001,0.04093979999999705,0.04113095999999796,0.03376507999999597
0.07594000000000001,0.05113072000000034,0.04630911999999884,0.03819679999999704
0.07595,0.055086080000000766,0.047372999999998666,0.04414016000000239
0.07596,0.03639768000000328,0.05268823999999706,0.033345399999998054
0.07597000000000001,0.0450929600000036,0.042221160000003366,0.03664315999999857
0.07598,0.040527280000004544,0.0324316399999988,0.03455319999999675
0.07599,0.03079471999999969,0.041196880000001164,0.05169352000000092
0.07600000000000001,0.03983871999999981,0.046628719999997854,0.04016651999999745
0.07601000000000001,0.04234752000000489,0.04480455999999933,0.03357703999999666
0.07602,0.04613775999999912,0.03774383999999909,0.03422619999999753
0.07603,0.04107940000000049,0.04357504000000389,0.043488839999997836
0.07604000000000001,0.043569640000003615,0.022349560000001926,0.053777120000000095
0.07605,0.03710904000000366,0.03142144000000253,0.05810332000000509
0.07606,0.04804144000000488,0.033238240000003486,0.05146744000000007
0.07607000000000001,0.05590300000000499,0.03527236000000304,0.03816907999999778
0.07608000000000001,0.0524395600000053,0.05391295999999916,0.03896019999999859
0.07609,0.04174284000000475,0.03950859999999782,0.03479643999999661
0.0761,0.03676768000000513,0.03407908000000029,0.03865855999999691
0.07611000000000001,0.052569280000005957,0.03595303999999907,0.03591520000000131
0.07612000000000001,0.05457040000000544,0.04196508000000014,0.03390436000000231
0.07613,0.047197480000004594,0.04261704000000056,0.049535760000003225
0.07614,0.032287400000005136,0.02369644000000123,0.04872588000000285
0.07615000000000001,0.035287800000000036,0.040901719999998275,0.04159324000000308
0.07616,0.04348040000000289,0.04192211999999821,0.03411900000000088
0.07617,0.04890156000000125,0.05413164000000047,0.0431093200000018
0.07618000000000001,0.03887475999999954,0.04355659999999907,0.040062400000003044
0.07619000000000001,0.04035280000000057,0.03884479999999958,0.046869400000003725
0.0762,0.0357073600000037,0.042418360000003416,0.03547019999999848
0.07621,0.028313360000004676,0.035900559999999346,0.041419120000001614
0.07622000000000001,0.032322240000002944,0.039540839999999446,0.03045240000000187
0.07623,0.03918040000000388,0.04839780000000536,0.030025320000003044
0.07624,0.03890248000000352,0.0514790400000032,0.032631840000003805
0.07625000000000001,0.0381024800000034,0.031157040000000226,0.04623276000000191
0.07626000000000001,0.041203559999998376,0.02990108000000257,0.056999000000003394
0.07627,0.05146472000000324,0.0338633599999988,0.04832412000000394
0.07628,0.05111063999999873,0.03845795999999868,0.07930900000000396
0.07629000000000001,0.049388119999999806,0.03889436000000082,0.045388640000003325
0.0763,0.05305119999999977,0.05996371999999982,0.05987743999999951
0.07631,0.04640471999999954,0.02555483999999783,0.04566087999999757
0.07632000000000001,0.03846672000000309,0.030226559999997838,0.03431859999999765
0.07633000000000001,0.04141972000000166,0.04135443999999816,0.05150304000000065
0.07634,0.029815480000004536,0.04870831999999858,0.03108364000000222
0.07635,0.042800800000004746,0.03640015999999552,0.04481164000000223
0.07636000000000001,0.041697040000001996,0.035945360000000114,0.04399188000000279
0.07637000000000001,0.0393537200000027,0.045853039999997944,0.033463359999998825
0.07638,0.03918524000000377,0.04010927999999949,0.03509423999999821
0.07639,0.04167184000000202,0.034635840000002915,0.04133011999999919
0.07640000000000001,0.05005632000000189,0.04706304000000022,0.038952279999999326
0.07641,0.04096548000000283,0.049042279999998266,0.03510172000000355
0.07642,0.04168256000000193,0.04118088000000139,0.04007004000000265
0.07643000000000001,0.03643300000000114,0.05096963999999761,0.04368916000000284
0.07644000000000001,0.03042759999999648,0.04728520000000188,0.04895684000000144
0.07645,0.03980756000000359,0.050125359999998856,0.050475320000002294
0.07646,0.022509440000002445,0.04472460000000308,0.04526591999999764
0.07647000000000001,0.03916423999999712,0.055665800000000334,0.04399119999999931
0.07648,0.04231095999999673,0.048791400000001775,0.03694772000000131
0.07649,0.041802279999998394,0.045601760000001046,0.031227039999996372
0.07650000000000001,0.045257479999998025,0.03768851999999647,0.03154091999999574
0.07651000000000001,0.05494371999999841,0.04422188000000115,0.03780519999999835
0.07652,0.0453170799999983,0.03928276000000237,0.04312559999999773
0.07653,0.052332919999998465,0.05179359999999913,0.039583439999996875
0.07654000000000001,0.03842144000000041,0.029141479999997912,0.042391399999998323
0.07655,0.03332308000000251,0.03817084000000135,0.052979560000000266
0.07656,0.030606320000002196,0.04839108000000262,0.05291907999999798
0.07657000000000001,0.040030120000001994,0.04875744000000102,0.059856679999997796
0.07658000000000001,0.0518940000000005,0.0389478799999981,0.03501760000000164
0.07659,0.046680200000004925,0.05429392000000234,0.04126084000000134
0.0766,0.04205648000000319,0.030899800000003735,0.05184964000000115
0.07661000000000001,0.04130060000000537,0.04502415999999942,0.04310112000000082
0.07662000000000001,0.0385964799999995,0.02831072000000281,0.06260868000000289
0.07663,0.039055080000000394,0.032759640000002546,0.051941520000002954
0.07664,0.044125360000002126,0.027144240000002585,0.050866600000001046
0.07665000000000001,0.03827628000000224,0.04068996000000228,0.039125600000000496
0.07666,0.0425326000000026,0.03560252000000469,0.04210427999999763
0.07667,0.05198620000000136,0.04584303999999715,0.03725428000000032
0.07668000000000001,0.04750608000000192,0.0407308000000003,0.032533399999995834
0.07669000000000001,0.05748492000000341,0.034084000000003035,0.04030287999999753
0.0767,0.03767300000000358,0.036293880000002735,0.0537500399999978
0.07671,0.04166852000000171,0.02943368000000333,0.03628431999999809
0.07672000000000001,0.047966160000000424,0.04814264000000008,0.031870799999997146
0.07673,0.033059880000001,0.05106879999999894,0.033935959999996414
0.07674,0.040109600000002285,0.03658807999999851,0.05396691999999664
0.07675000000000001,0.042654520000001514,0.0401533199999993,0.0540186399999966
0.07676000000000001,0.035010160000001934,0.05353480000000067,0.04926259999999706
0.07677,0.031024360000003397,0.054234400000001154,0.039778959999995686
0.07678,0.038381240000003314,0.04408011999999863,0.04783203999999904
0.07679000000000001,0.03605068000000287,0.037100479999997965,0.036202959999997855
0.07680000000000001,0.04589004000000431,0.02792672000000254,0.03150267999999624
0.07681,0.03912540000000161,0.035450520000004,0.041316119999999616
0.07682,0.04455204000000465,0.03840916000000363,0.045475359999996634
0.07683000000000001,0.04608216000000375,0.05163560000000193,0.0345401200000009
0.07684,0.04434832000000379,0.03888352000000349,0.03480595999999904
0.07685,0.0331538000000044,0.03242076000000322,0.03832619999999948
0.07686000000000001,0.027928440000005078,0.038095800000002705,0.03345867999999967
0.07687000000000001,0.0313416400000036,0.03487632000000442,0.027067599999996302
0.07688,0.03641024000000369,0.05353668000000343,0.04401783999999982
0.07689,0.037484000000004146,0.03832852000000014,0.041925119999998525
0.07690000000000001,0.05272411999999987,0.03175604000000408,0.04180275999999757
0.07691,0.05116784000000045,0.02273924000000469,0.030915519999996526
0.07692,0.030890600000005018,0.037859200000004256,0.03736628000000095
0.07693000000000001,0.03351352000000351,0.05768664000000176,0.028167120000000965
0.07694000000000001,0.04439635999999876,0.05266052000000394,0.03835952000000191
0.07695,0.046197200000004164,0.05167108000000194,0.039039839999999104
0.07696,0.03444312000000061,0.04904428000000244,0.02682287999999633
0.07697000000000001,0.0317100400000005,0.048925320000002485,0.040652879999999746
0.07698,0.030920640000002896,0.03990388000000337,0.04096415999999707
0.07699,0.041966759999999506,0.03598936000000344,0.04183751999999769
0.07700000000000001,0.037696080000003566,0.03824451999999916,0.03854395999999792
0.07701000000000001,0.0369955200000029,0.03791167999999953,0.035902159999997796
0.07702,0.02921180000000263,0.028901319999999946,0.03935983999999805
0.07703,0.02561868000000483,0.0475687600000012,0.03416476000000186
0.07704000000000001,0.0440392399999989,0.04110924000000204,0.032192559999996886
0.07705000000000001,0.03933079999999955,0.03535396000000491,0.036813319999997096
0.07706,0.03802304000000017,0.03033256000000272,0.03183403999999887
0.07707,0.03309256000000357,0.03363083999999895,0.045981320000001706
0.07708000000000001,0.02210592000000224,0.034988880000003546,0.04426035999999757
0.07709,0.045840079999999554,0.05091263999999859,0.048239760000001755
0.0771,0.033763320000000416,0.03291744000000369,0.038660880000001396
0.07711000000000001,0.04040631999999978,0.02943796000000468,0.050505320000000166
0.07712000000000001,0.046807119999999876,0.03988488000000363,0.036615759999999456
0.07713,0.04218343999999642,0.048577080000004824,0.05450852000000001
0.07714,0.048415159999996904,0.038862640000002675,0.04664972000000024
0.07715000000000001,0.03872083999999905,0.03980288000000362,0.03371187999999891
0.07716,0.07139324000000158,0.043971560000003566,0.029844639999996037
0.07717,0.04927027999999679,0.042117840000001606,0.04811335999999849
0.07718000000000001,0.03477360000000264,0.02620807999999966,0.04515887999999857
0.07719000000000001,0.029116199999997358,0.022449920000001254,0.04353839999999926
0.0772,0.02868923999999806,0.041627840000002574,0.035473959999996064
0.07721,0.041708600000000026,0.02763356000000327,0.03985223999999765
0.07722000000000001,0.044277520000003935,0.03361476000000233,0.05042019999999773
0.07723000000000001,0.04514476000000072,0.038273920000002515,0.04369207999999804
0.07724,0.04318967999999954,0.05166728000000151,0.053129999999998914
0.07725000000000001,0.04787540000000433,0.03373780000000321,0.041382320000000104
0.07726000000000001,0.0414162400000042,0.03978968000000377,0.03490555999999649
0.07727,0.04672615999999924,0.03284632000000223,0.02561235999999579
0.07728,0.03364604000000016,0.05178880000000216,0.042298240000000424
0.07729000000000001,0.031109400000000294,0.034828480000000425,0.043460400000000385
0.07730000000000001,0.043453840000000514,0.030119920000002364,0.038119919999995956
0.07731,0.04377807999999876,0.03583760000000032,0.041073079999995724
0.07732,0.03780676000000032,0.03687092000000347,0.04069667999999686
0.07733000000000001,0.0311618000000043,0.03873300000000235,0.04602587999999722
0.07734,0.036299920000003455,0.04093155999999737,0.04455455999999676
0.07735,0.05008648000000143,0.04383087999999922,0.0470344400000011
0.07736000000000001,0.07825960000000196,0.03631156000000316,0.044334879999996926
0.07737000000000001,0.05590600000000189,0.025140040000003396,0.039892119999995965
0.07738,0.052695640000001875,0.04111848000000531,0.045768279999996365
0.07739,0.05030600000000179,0.02507168000000513,0.03865243999999877
0.07740000000000001,0.040843320000000426,0.03503544000000422,0.03859128000000109
0.07741,0.04738460000000183,0.03331667999999951,0.039616120000001746
0.07742,0.03725464000000099,0.03337079999999871,0.0414361200000012
0.07743000000000001,0.0533534800000043,0.04130415999999941,0.03354144000000033
0.07744000000000001,0.04372631999999957,0.03762880000000499,0.04633108000000073
0.07745,0.04346631999999793,0.046995440000000104,0.03668404000000055
0.07746,0.03488136000000302,0.04222252000000399,0.03807359999999685
0.07747000000000001,0.04327132000000182,0.044003280000004745,0.027857119999995756
0.07748000000000001,0.0392070800000037,0.045699520000004365,0.04357951999999885
0.07749,0.04590904000000384,0.055277400000003266,0.03269859999999634
0.0775,0.028836799999997918,0.03627532000000413,0.03143784000000328
0.07751000000000001,0.03284535999999829,0.042952160000003486,0.037396239999998235
0.07752,0.03303808000000253,0.04679308000000422,0.048669079999997464
0.07753,0.028466319999998622,0.03508920000000506,0.046715000000001485
0.07754000000000001,0.034693439999998806,0.05113252000000312,0.046478799999997475
0.07755000000000001,0.04292155999999974,0.03886751999999826,0.04524352000000282
0.07756,0.04011459999999894,0.04062464000000069,0.044399839999997005
0.07757,0.035493959999998895,0.0430128799999987,0.03919007999999916
0.07758000000000001,0.029946320000001476,0.028075720000003152,0.0331259599999977
0.07759,0.03794687999999952,0.022113120000004344,0.03698247999999945
0.0776,0.04110715999999846,0.025592479999998884,0.03449075999999783
0.07761000000000001,0.05020467999999865,0.03390896000000459,0.03970215999999801
0.07762000000000001,0.041950520000000165,0.03941560000000374,0.03697180000000244
0.07763,0.03511351999999905,0.04720440000000295,0.04082072000000353
0.07764,0.04556460000000347,0.04606024000000345,0.03957612000000178
0.07765000000000001,0.03293772000000347,0.03598515999999866,0.034263760000001656
0.07766,0.03208015999999786,0.04060571999999567,0.04069564000000206
0.07767,0.04434020000000238,0.045272399999999,0.03585928000000276
0.07768000000000001,0.03153435999999734,0.027580239999997397,0.03429379999999785
0.07769000000000001,0.046407720000002824,0.025089240000002466,0.0422462800000024
0.0777,0.0436988000000022,0.03716760000000211,0.036654480000002286
0.07771,0.045043840000003735,0.028787279999999766,0.046218800000003384
0.07772000000000001,0.03593663999999862,0.041405200000002584,0.0592335599999987
0.07773000000000001,0.02743847999999765,0.03817543999999909,0.053329159999997315
0.07774,0.035160039999998,0.03966848000000327,0.05385259999999851
0.07775,0.03437483999999956,0.06300504000000506,0.06772295999999801
0.07776000000000001,0.033998319999999756,0.04758564000000406,0.06029071999999803
0.07777,0.027284240000001018,0.038897240000003025,0.06140167999999812
0.07778,0.03313136000000094,0.039382560000003314,0.044468919999998864
0.07779000000000001,0.04274383999999713,0.048737200000002125,0.051201039999998664
0.07780000000000001,0.042395559999997175,0.036398680000004464,0.03451896000000357
0.07781,0.036383679999998725,0.038114360000003636,0.02736335999999793
0.07782,0.04035743999999982,0.03027076000000373,0.03891131999999804
0.07783000000000001,0.04002007999999886,0.04361000000000308,0.030888159999999307
0.07784,0.040314799999996764,0.04591708000000332,0.04202719999999886
0.07785,0.041400879999997614,0.05731276000000259,0.042397120000003265
0.07786000000000001,0.05518595999999986,0.051308400000003036,0.050833319999998273
0.07787000000000001,0.05192556000000051,0.029321480000002915,0.0496467600000024
0.07788,0.05775451999999829,0.04679796000000182,0.03587295999999845
0.07789,0.05731940000000027,0.036711880000001654,0.038390680000003494
0.07790000000000001,0.040748839999998884,0.04152580000000254,0.046786919999999774
0.07791000000000001,0.027527240000003003,0.02741148000000241,0.05192971999999842
0.07792,0.024320760000000562,0.04170304000000197,0.041423359999998355
0.07793000000000001,0.03436232000000172,0.030438839999997244,0.042083359999998154
0.07794000000000001,0.03871120000000161,0.034746799999998336,0.051783639999998896
0.07795,0.038067880000000685,0.02954003999999832,0.04676924000000328
0.07796,0.03671687999999777,0.034516879999997856,0.0464906800000007
0.07797000000000001,0.03557559999999758,0.03296736000000063,0.045294319999996696
0.07798000000000001,0.03440087999999889,0.029777959999997883,0.04406200000000065
0.07799,0.05288027999999951,0.028311839999997458,0.052330800000000496
0.078,0.04449871999999823,0.030706839999997557,0.03770439999999964
0.07801000000000001,0.041195519999996724,0.025324759999997646,0.04906955999999826
0.07802,0.048160479999997265,0.043629240000000354,0.0388332399999989
0.07803,0.05107283999999955,0.034875199999997934,0.03188115999999575
0.07804000000000001,0.04370516000000236,0.02125343999999869,0.04871320000000083
0.07805000000000001,0.045948840000003426,0.024186439999999643,0.037989119999997406
0.07806,0.05175527999999819,0.02687392000000423,0.043288959999998704
0.07807,0.05107275999999862,0.03923460000000475,0.028667399999997626
0.07808000000000001,0.034437079999998316,0.04665903999999917,0.04954172000000172
0.07809,0.050012760000003854,0.0361554400000028,0.040198960000003336
0.0781,0.03535640000000275,0.03434076000000046,0.04241160000000246
0.07811000000000001,0.03505831999999754,0.043830120000000215,0.024391839999999325
0.07812000000000001,0.042820080000004195,0.043941680000004556,0.04090815999999858
0.07813,0.051777680000004336,0.043666000000002786,0.030451440000003653
0.07814,0.03858644000000294,0.044243960000001886,0.04793528000000172
0.07815000000000001,0.034538280000003384,0.04019324000000299,0.029853559999999217
0.07816000000000001,0.04153028000000472,0.04451380000000438,0.029008879999995525
0.07817,0.054990440000004505,0.04299004000000497,0.03916715999999828
0.07818,0.032679080000002525,0.036596680000004184,0.032247359999997255
0.07819000000000001,0.04265364000000237,0.03120420000000408,0.035069679999995655
0.0782,0.05273872000000281,0.04294500000000362,0.02569135999999554
0.07821,0.04475956000000279,0.023471320000003668,0.026899719999997528
0.07822000000000001,0.04863132000000249,0.026395600000002517,0.03946103999999864
0.07823000000000001,0.04738524000000061,0.030921840000003947,0.04067531999999892
0.07824,0.06059124000000082,0.036459240000002835,0.026702399999999075
0.07825,0.0420129200000006,0.03746088000000027,0.034168639999998605
0.07826000000000001,0.05655347999999911,0.032444680000002155,0.030391920000003597
0.07827,0.04651576000000168,0.035941240000001644,0.04841319999999774
0.07828,0.037448280000002804,0.03488968000000203,0.038271239999997306
0.07829000000000001,0.041069999999999156,0.030947280000003193,0.03661407999999752
0.07830000000000001,0.03711267999999755,0.032127599999998493,0.03421348000000316
0.07831,0.041211879999999236,0.05280335999999983,0.0423178800000036
0.07832,0.036363160000000276,0.03925004000000409,0.03952587999999883
0.07833000000000001,0.02913039999999846,0.04653612000000334,0.04254491999999954
0.07834,0.04179059999999843,0.04070380000000291,0.06290936000000406
0.07835,0.03137055999999816,0.04544556000000393,0.04345196000000305
0.07836000000000001,0.03811279999999914,0.04362624000000358,0.04357828000000056
0.07837000000000001,0.03188596000000264,0.03912239999999893,0.05167972000000463
0.07838,0.043728560000001845,0.029536799999997695,0.05338472000000232
0.07839,0.01638523999999867,0.03731775999999851,0.05730492000000047
0.07840000000000001,0.031742880000003776,0.03407707999999862,0.047647879999999955
0.07841000000000001,0.05087380000000305,0.03927383999999765,0.031722559999999095
0.07842,0.0480031600000045,0.04491763999999749,0.028715999999999724
0.07843,0.03786592000000363,0.05034019999999932,0.03641692000000207
0.07844000000000001,0.04714188000000373,0.048999879999999316,0.033500920000001336
0.07845,0.04429376000000409,0.044175639999996734,0.03583883999999725
0.07846,0.055115439999999224,0.029819799999998127,0.03272487999999853
0.07847000000000001,0.03687868000000386,0.04237739999999849,0.04892599999999819
0.07848000000000001,0.052503080000000056,0.042638000000002924,0.05259251999999793
0.07849,0.0473565200000006,0.04518123999999769,0.039996999999998555
0.0785,0.05967196000000086,0.04812007999999711,0.0560469999999993
0.07851000000000001,0.05271328000000056,0.060191919999997845,0.047914119999998506
0.07852,0.03968908000000473,0.0416672800000009,0.05853335999999926
0.07853,0.02341012000000057,0.04420539999999789,0.04750491999999968
0.07854000000000001,0.03590576000000169,0.056346239999997196,0.052725440000003065
0.07855000000000001,0.041813720000001796,0.057266559999998835,0.055365400000003104
0.07856,0.045238680000004784,0.040219880000000416,0.055679400000004244
0.07857,0.035802440000003,0.04300671999999921,0.05539799999999858
0.07858000000000001,0.05276872000000515,0.03358776000000182,0.06623824000000467
0.07859000000000001,0.05437868000000443,0.055610199999998916,0.06627379999999973
0.0786,0.04977224000000439,0.04606751999999975,0.043592000000001935
0.07861000000000001,0.03850172000000175,0.049149239999997,0.04960672000000364
0.07862000000000001,0.04559756000000359,0.040649559999999585,0.052024239999999104
0.07863,0.038556839999998926,0.0464213600000012,0.056476159999998235
0.07864,0.0445314400000042,0.03857303999999704,0.05549319999999911
0.07865000000000001,0.051396240000003125,0.0633889200000025,0.04082035999999838
0.07866000000000001,0.04830100000000375,0.04983444000000268,0.03376947999999782
0.07867,0.0544087199999995,0.0491329199999984,0.037288119999999245
0.07868,0.026399880000003786,0.04102715999999705,0.02955071999999854
0.07869000000000001,0.030812199999998437,0.043751600000001827,0.039666959999998266
0.0787,0.03815103999999824,0.04284612000000207,0.033845319999998943
0.07871,0.034806559999998016,0.04305404000000126,0.03844139999999938
0.07872000000000001,0.05536104000000099,0.04059792000000369,0.04544123999999999
0.07873000000000001,0.04781844000000246,0.04639464000000331,0.04455259999999966
0.07874,0.028667280000001055,0.044105399999999316,0.04958239999999901
0.07875,0.02719679999999799,0.05855551999999959,0.06023007999999699
0.07876000000000001,0.046371400000001034,0.05793227999999989,0.055483039999998936
0.07877,0.041115120000000255,0.0503683200000013,0.04983307999999875
0.07878,0.038822439999998945,0.04736887999999854,0.04047711999999909
0.07879000000000001,0.03869679999999803,0.04487664000000548,0.05522723999999982
0.07880000000000001,0.04766163999999853,0.04310268000000345,0.03839239999999934
0.07881,0.04102391999999959,0.0524125600000045,0.0472432799999977
0.07882,0.03119679999999962,0.03857752000000454,0.047731040000003506
0.07883000000000001,0.03597344000000231,0.05446728000000437,0.030315999999999628
0.07884000000000001,0.042495119999998346,0.04129247999999928,0.050742360000004615
0.07885,0.04546683999999921,0.040028199999998994,0.04134824000000202
0.07886,0.032772399999998765,0.04666623999999938,0.0385464000000013
0.07887000000000001,0.047294240000000834,0.051898559999999906,0.03793176000000004
0.07888,0.03795024000000424,0.03722739999999918,0.03314768000000001
0.07889,0.05174696000000085,0.03905936000000152,0.04656083999999916
0.07890000000000001,0.03466632000000144,0.045629960000001135,0.04571907999999921
0.07891000000000001,0.0433484400000002,0.05072879999999834,0.03990936000000404
0.07892,0.028032759999998505,0.05982828000000204,0.026227640000003043
0.07893,0.045908399999999405,0.03554775999999653,0.03967008000000075
0.07894000000000001,0.0400389199999982,0.042546800000002105,0.03674836000000317
0.07895,0.04289027999999851,0.03304880000000232,0.0336375200000015
0.07896,0.03084151999999832,0.02668192000000325,0.03813855999999853
0.07897000000000001,0.04919068000000337,0.046179440000002424,0.04261407999999779
0.07898000000000001,0.04268411999999932,0.03749579999999898,0.05238368000000304
0.07899,0.04210104000000376,0.05076788000000031,0.04617891999999811
0.079,0.042452399999998225,0.044366760000003225,0.03890071999999826
0.07901000000000001,0.04149279999999911,0.03126696000000532,0.03124823999999793
0.07902,0.03713311999999945,0.03879916000000171,0.05138283999999836
0.07903,0.044388679999999237,0.04508720000000456,0.026788560000001734
0.07904000000000001,0.03325907999999904,0.046501840000001536,0.0369145600000015
0.07905000000000001,0.03427596000000147,0.04286144000000427,0.03506363999999721
0.07906,0.029552999999998733,0.03533380000000425,0.035657799999997186
0.07907,0.03616079999999802,0.03744588000000289,0.03795963999999779
0.07908000000000001,0.033418359999997614,0.0490148400000031,0.033289480000000475
0.07909000000000001,0.039960479999995906,0.050285600000003254,0.039262280000003286
0.0791,0.04842227999999893,0.048815320000001765,0.03324584000000101
0.07911,0.04375647999999917,0.04324572000000369,0.04369164000000301
0.07912000000000001,0.03984295999999796,0.04237759999999979,0.03496800000000256
0.07913,0.046237119999998695,0.05048512000000056,0.04502496000000143
0.07914,0.043029799999999785,0.061081360000000695,0.05244912000000073
0.07915000000000001,0.0345998799999985,0.03491107999999744,0.05007724000000075
0.07916000000000001,0.04589315999999872,0.04961659999999945,0.03690399999999784
0.07917,0.05060027999999974,0.03656027999999734,0.045982480000001436
0.07918,0.03584892000000108,0.046124159999997964,0.037374920000002504
0.07919000000000001,0.03962756000000418,0.0565937199999989,0.039118840000001036
0.0792,0.027942800000003168,0.05455992000000275,0.056763800000002466
0.07921,0.031102399999999003,0.04489516000000379,0.03714964000000187
0.07922000000000001,0.04592311999999846,0.0396403200000036,0.04360056000000433
0.07923000000000001,0.03498083999999886,0.04050792000000356,0.03706696000000154
0.07924,0.04011424000000145,0.0541194000000038,0.04873068000000488
0.07925,0.036963360000000625,0.05352080000000283,0.03610152000000461
0.07926000000000001,0.03162603999999676,0.043567720000004286,0.047686200000004536
0.07927000000000001,0.039853359999996396,0.05395164000000317,0.047662520000004
0.07928,0.0337707599999968,0.06143828000000357,0.04884536000000396
0.07929000000000001,0.039273879999997104,0.06135952000000253,0.03163663999999757
0.07930000000000001,0.03933299999999913,0.0444773200000003,0.037477039999998435
0.07931,0.04546391999999807,0.0325546800000011,0.04773792000000092
0.07932,0.04134032000000327,0.04242079999999946,0.05231508000000069
0.07933000000000001,0.031596120000001025,0.038303719999998605,0.04658563999999915
0.07934000000000001,0.03394423999999711,0.04482079999999985,0.047068440000003015
0.07935,0.03631804000000066,0.05907340000000053,0.036653479999998496
0.07936,0.02882519999999922,0.03887768000000011,0.036303200000003984
0.07937000000000001,0.03705443999999865,0.044700399999999134,0.030759400000003708
0.07938,0.04904391999999979,0.04358723999999986,0.027540480000003763
0.07939,0.04054915999999853,0.05091683999999945,0.02548907999999953
0.07940000000000001,0.04127936000000089,0.058649840000000904,0.03432432000000021
0.07941000000000001,0.0525566799999989,0.04751536000000001,0.03544356000000513
0.07942,0.050003360000001384,0.04131023999999838,0.04747400000000122
0.07943,0.043539000000001674,0.04918675999999863,0.04608852000000091
0.07944000000000001,0.050783519999997855,0.04282535999999881,0.045456159999999406
0.07945,0.049742239999996496,0.056503240000004284,0.03380384000000286
0.07946,0.04518563999999811,0.04518628000000315,0.03509415999999732
0.07947000000000001,0.030450919999996,0.04738475999999995,0.034018840000000605
0.07948000000000001,0.03781827999999689,0.040500000000003436,0.037434239999999896
0.07949,0.0495400399999986,0.04004768000000358,0.0350974400000005
0.0795,0.046205999999999,0.034259000000004036,0.041254120000003947
0.07951000000000001,0.038883999999997414,0.05489420000000403,0.04413768000000379
0.07952000000000001,0.040610559999998595,0.059818640000002976,0.04118120000000199
0.07953,0.04024211999999664,0.05532116000000472,0.039262000000001324
0.07954,0.043888079999995736,0.042316600000004645,0.04102104000000323
0.07955000000000001,0.05514971999999559,0.05473444000000415,0.044454480000002954
0.07956,0.05049975999999585,0.03671656000000437,0.04157375999999885
0.07957,0.039242999999997696,0.038579000000003943,0.040059720000003
0.07958000000000001,0.03501323999999731,0.037775360000001826,0.0517725200000041
0.07959000000000001,0.04052355999999655,0.03170976000000339,0.04991108000000182
0.0796,0.03193947999999851,0.04524507999999932,0.06293344000000305
0.07961,0.037329999999999856,0.04478651999999995,0.03955788000000239
0.07962000000000001,0.04273716000000189,0.04314192000000032,0.041888560000002
0.07963,0.04321448000000151,0.045193159999999705,0.03087804000000211
0.07964,0.040182720000002316,0.03955908000000131,0.032410199999998106
0.07965000000000001,0.049261680000003,0.039141920000002675,0.037517600000003745
0.07966000000000001,0.03591951999999513,0.04593939999999751,0.052395319999999294
0.07967,0.043410639999998495,0.043790360000002894,0.04546379999999982
0.07968,0.04253991999999776,0.06068087999999799,0.03749048000000368
0.07969000000000001,0.05378448000000498,0.0534622400000035,0.03220551999999923
0.07970000000000001,0.05161772000000411,0.04277159999999953,0.03151600000000461
0.07971,0.04240808000000256,0.04477868000000017,0.031427400000000424
0.07972000000000001,0.04573427999999869,0.03343096000000511,0.03775335999999787
0.07973000000000001,0.0371859200000016,0.04687784000000053,0.04736592000000271
0.07974,0.03957620000000119,0.04437364000000507,0.02410936000000469
0.07975,0.03217979999999736,0.03323680000000432,0.02832196000000426
0.07976000000000001,0.044688200000000615,0.04974160000000344,0.04425000000000249
0.07977000000000001,0.03943104000000162,0.04620892000000373,0.03794879999999748
0.07978,0.04607736000000052,0.051102320000000236,0.05341956000000084
0.07979,0.050057080000000906,0.05138672000000041,0.05407495999999852
0.07980000000000001,0.05275060000000347,0.041366880000001396,0.04026487999999953
0.07981,0.050272320000003,0.038475360000003275,0.02533760000000429
0.07982,0.05574096000000215,0.03709828000000375,0.03976400000000401
0.07983000000000001,0.061100000000001015,0.03292656000000449,0.03399648000000049
0.07984000000000001,0.0555616800000004,0.04869012000000378,0.029986559999998212
0.07985,0.04071976000000101,0.04521160000000524,0.04817628000000275
0.07986,0.04543912000000083,0.051402920000003335,0.05897628000000287
0.07987000000000001,0.05074696000000169,0.03807860000000347,0.03846259999999817
0.07988,0.04765208000000147,0.038918720000002426,0.050510240000003065
0.07989,0.03686967999999751,0.04222076000000413,0.04371744000000267
0.07990000000000001,0.042500440000000694,0.04320900000000176,0.04089663999999653
0.07991000000000001,0.035556760000000756,0.056357440000003346,0.03958975999999905
0.07992,0.03229751999999638,0.04770176000000097,0.048402120000002026
0.07993,0.03284672000000186,0.053013240000000725,0.03161648000000327
0.07994000000000001,0.02818507999999902,0.04904416000000116,0.03812912000000385
0.07995000000000001,0.04108307999999582,0.07351492000000187,0.039444120000003545
0.07996,0.046402799999996545,0.04643032000000164,0.030990400000000154
0.07997000000000001,0.03993812000000096,0.05765420000000354,0.04245636000000018
0.07998000000000001,0.05194111999999584,0.046693520000004735,0.03377956000000281
0.07999,0.04442239999999773,0.04755732000000099,0.031916240000001796
0.08,0.049402479999996605,0.04430224000000422,0.033984480000004855
0.08001000000000001,0.04840439999999799,0.051559280000004946,0.04382228000000513
0.08002000000000001,0.06204887999999707,0.04180416000000568,0.05374616000000417
0.08003,0.03503195999999904,0.04466960000000527,0.037149200000004455
0.08004,0.04220107999999714,0.06009984000000419,0.06037964000000515
0.08005000000000001,0.045811040000001906,0.039972320000003926,0.061315760000005146
0.08006,0.04033315999999865,0.04203204000000457,0.056325120000003885
0.08007,0.03240655999999623,0.05067400000000333,0.0494751600000039
0.08008000000000001,0.03300507999999921,0.045287799999998546,0.04498484000000015
0.08009000000000001,0.030398239999999566,0.034086040000003426,0.053474400000000546
0.0801,0.03169971999999768,0.03289464000000167,0.03945200000000374
0.08011,0.03083015999999898,0.038836480000004295,0.03604852000000394
0.08012000000000001,0.04744055999999916,0.041505159999999534,0.054882280000003954
0.08013,0.04823283999999904,0.04727924000000041,0.04367855999999993
0.08014,0.058942480000002004,0.04047488000000006,0.05562903999999868
0.08015000000000001,0.04411792000000213,0.059738040000000346,0.03801687999999849
0.08016000000000001,0.04829508000000111,0.041294560000000986,0.051806519999997934
0.08017,0.04278368000000384,0.04731792000000026,0.05050859999999914
0.08018,0.03746599999999754,0.03824416000000339,0.058930639999997696
0.08019000000000001,0.02387560000000172,0.034901560000002274,0.05220419999999754
0.08020000000000001,0.040808440000002236,0.03687255999999995,0.03476203999999871
0.08021,0.04714796000000153,0.04281335999999961,0.03647487999999719
0.08022,0.035848719999996746,0.040375120000002575,0.03753639999999902
0.08023000000000001,0.04335751999999714,0.036539720000000206,0.046105919999998385
0.08024,0.051063239999997435,0.039866479999997775,0.05127331999999666
0.08025,0.03968195999999856,0.0429982400000001,0.036361800000001755
0.08026000000000001,0.04161243999999729,0.034379680000003625,0.036146159999996874
0.08027000000000001,0.03614667999999833,0.042497000000003504,0.031203440000001713
0.08028,0.04935271999999651,0.03839396000000233,0.030216079999997873
0.08029,0.033861159999996476,0.03183540000000462,0.05196148000000172
0.08030000000000001,0.044896279999997846,0.03768192000000466,0.03889259999999658
0.08031,0.03438487999999684,0.038668000000004504,0.0421017999999987
0.08032,0.027293520000002756,0.03634916000000429,0.05251643999999871
0.08033000000000001,0.04273723999999686,0.04625512000000327,0.0360865999999966
0.08034000000000001,0.03211536000000057,0.04831424000000323,0.05329367999999809
0.08035,0.037744199999999034,0.049870000000003606,0.044082159999998316
0.08036,0.04298063999999543,0.045789640000003184,0.05251751999999868
0.08037000000000001,0.046002919999996034,0.05210324000000405,0.04599671999999781
0.08038000000000001,0.03388011999999997,0.054335120000005656,0.03935491999999867
0.08039,0.044359239999999446,0.045937880000002665,0.043994759999999286
0.08040000000000001,0.03151935999999617,0.04578468000000416,0.045525360000000674
0.08041000000000001,0.039038239999996595,0.04616076000000263,0.045427280000000195
0.08042,0.046443519999998864,0.045829480000003114,0.04678771999999887
0.08043,0.04851003999999929,0.04029852000000319,0.03372031999999953
0.08044000000000001,0.03732748000000206,0.0507531200000021,0.0379080399999988
0.08045000000000001,0.031646800000001904,0.03313180000000314,0.060960519999999886
0.08046,0.038381399999996776,0.04069567999999773,0.05894311999999905
0.08047,0.05485883999999902,0.04975220000000083,0.04323179999999912
0.08048000000000001,0.0413608399999998,0.027062239999998263,0.03967499999999885
0.08049,0.040900439999997255,0.03125283999999989,0.04595995999999902
0.0805,0.03407523999999817,0.030199680000001738,0.03209727999999902
0.08051000000000001,0.04346731999999863,0.03550596000000253,0.026681440000002513
0.08052000000000001,0.0413121600000016,0.047617160000003225,0.044300440000002675
0.08053,0.034912680000001785,0.045440280000003115,0.03485255999999888
0.08054,0.04125920000000056,0.0489147600000028,0.03415588000000198
0.08055000000000001,0.04868008000000039,0.04943963999999833,0.04383083999999956
0.08056,0.0429871599999998,0.06464460000000245,0.04054168000000384
0.08057,0.030898639999995665,0.05290008000000188,0.04996256000000374
0.08058000000000001,0.03153955999999671,0.04790523999999845,0.06667644000000059
0.08059000000000001,0.03190899999999913,0.03345808000000137,0.049707680000000413
0.0806,0.033507039999998954,0.04030451999999907,0.04378352000000021
0.08061,0.036441119999998495,0.05974616000000437,0.05078388000000249
0.08062000000000001,0.04623367999999943,0.04273796000000378,0.03835732000000306
0.08063000000000001,0.030646119999999482,0.039289960000001886,0.04311528000000183
0.08064,0.0466332799999991,0.03639068000000174,0.03318836000000235
0.08065000000000001,0.04952600000000062,0.03650592000000366,0.03337560000000422
0.08066000000000001,0.03754747999999848,0.05562439999999957,0.024422800000000282
0.08067,0.047308959999999185,0.056348600000003114,0.038610280000004445
0.08068,0.0435666799999985,0.03720520000000301,0.025459520000002945
0.08069000000000001,0.03492883999999733,0.03650640000000259,0.029555680000000514
0.08070000000000001,0.04619180000000218,0.03899895999999976,0.03221784000000143
0.08071,0.043660879999999014,0.04679252000000195,0.03679892000000119
0.08072,0.038856720000003536,0.032229639999997256,0.04658032000000241
0.08073000000000001,0.03823980000000244,0.03459564000000191,0.0478425200000012
0.08074,0.04743896000000246,0.04089659999999911,0.0380812400000013
0.08075,0.047619479999996855,0.03129983999999695,0.032026560000002854
0.08076000000000001,0.039085799999996174,0.04864080000000308,0.05022984000000317
0.08077000000000001,0.03406132000000305,0.03034372000000324,0.03931851999999771
0.08078,0.040644039999998105,0.03163600000000076,0.04162660000000183
0.08079,0.027662800000003155,0.03956888000000485,0.030913519999996794
0.08080000000000001,0.040463639999998656,0.04822464000000502,0.05874323999999981
0.08081,0.05291884000000099,0.04465748000000386,0.06220100000000037
0.08082,0.051178359999999166,0.044183560000003494,0.05189780000000005
0.08083000000000001,0.0438029599999978,0.03449163999999865,0.031216439999999873
0.08084000000000001,0.027679640000000977,0.044675679999999496,0.04926963999999932
0.08085,0.034988680000001014,0.06114320000000438,0.03217636000000168
0.08086,0.0504608799999994,0.05248424000000321,0.046050679999996944
0.08087000000000001,0.05897184000000145,0.0421079199999993,0.0533255999999998
0.08088000000000001,0.04122471999999714,0.04182236000000143,0.05376063999999919
0.08089,0.03679316000000235,0.04554496000000137,0.060197959999999565
0.0809,0.04068084000000118,0.034977320000002476,0.08029139999999986
0.08091000000000001,0.03616932000000303,0.04375744000000159,0.07636131999999975
0.08092,0.03346255999999728,0.0392750799999984,0.059672559999999375
0.08093,0.04051148000000208,0.031674479999999866,0.05175223999999975
0.08094000000000001,0.05935835999999791,0.04241372000000094,0.048213199999997396
0.08095000000000001,0.03404327999999701,0.04662291999999877,0.04749519999999843
0.08096,0.027987480000000817,0.03284296000000025,0.04810059999999871
0.08097,0.04021767999999832,0.03865460000000186,0.056308680000000375
0.08098000000000001,0.03479719999999895,0.05482364000000016,0.03216659999999827
0.08099,0.03777043999999792,0.05637703999999744,0.03707016000000023
0.081,0.03668595999999945,0.06437703999999761,0.045118919999996905
0.08101000000000001,0.04268139999999925,0.053132079999997306,0.038470480000000175
0.08102000000000001,0.03854311999999947,0.054976559999996975,0.04407263999999894
0.08103,0.052175480000000614,0.049796399999997416,0.04056315999999934
0.08104,0.03597747999999869,0.04763311999999927,0.03744767999999787
0.08105000000000001,0.04885148000000178,0.04554055999999754,0.02228640000000308
0.08106000000000001,0.044719920000000836,0.040665639999997685,0.03688551999999793
0.08107,0.0592294000000004,0.043755719999999415,0.03610152000000192
0.08108000000000001,0.03294671999999981,0.04460867999999828,0.03958447999999824
0.08109000000000001,0.03737259999999848,0.04265347999999708,0.02629023999999936
0.0811,0.03959348000000193,0.042133119999998664,0.032601639999998086
0.08111,0.040470679999999974,0.05377268000000104,0.03749772000000338
0.08112000000000001,0.03659455999999927,0.04761792000000003,0.034640719999997016
0.08113000000000001,0.03664376000000265,0.053680280000000725,0.039773320000002534
0.08114,0.04120680000000305,0.03333615999999821,0.03557340000000103
0.08115,0.04238940000000401,0.03965391999999839,0.036470600000001664
0.08116000000000001,0.027492240000001243,0.030559919999996972,0.04950864000000268
0.08117,0.031166199999998298,0.039228119999999984,0.046558440000002546
0.08118,0.03585632000000231,0.04385296000000052,0.036682399999998366
0.08119000000000001,0.04768987999999879,0.042791519999999285,0.05096423999999878
0.08120000000000001,0.045099840000000856,0.05203376000000315,0.04151451999999813
0.08121,0.0649525200000003,0.04891680000000066,0.04139587999999623
0.08122,0.022177559999999392,0.03889595999999985,0.038119399999997555
0.08123000000000001,0.028025239999997002,0.04368832000000165,0.03812867999999793
0.08124,0.03594460000000054,0.04942744000000197,0.046416239999996334
0.08125,0.0385377200000002,0.04339288000000216,0.05255163999999994
0.08126000000000001,0.059725039999998564,0.04433084000000202,0.04280687999999805
0.08127000000000001,0.04558891999999707,0.04147448000000227,0.05082380000000397
0.08128,0.04594492000000246,0.03282268000000359,0.03486364000000278
0.08129,0.04466972000000199,0.04049700000000301,0.03239308000000249
0.08130000000000001,0.04374220000000233,0.039581880000000395,0.03584364000000319
0.08131000000000001,0.045471200000002154,0.03925296000000183,0.03724784000000063
0.08132,0.04719924000000294,0.031643240000001835,0.03289396000000222
0.08133000000000001,0.055744159999999245,0.035734320000003705,0.03904328000000198
0.08134000000000001,0.03907819999999861,0.02357120000000343,0.026387520000002853
0.08135,0.03302927999999743,0.03607012000000292,0.04513252000000339
0.08136,0.036803039999998476,0.034770000000004284,0.058419720000001917
0.08137000000000001,0.05069595999999869,0.03783552000000392,0.03328603999999753
0.08138000000000001,0.035537280000002065,0.039404560000003266,0.03344308000000154
0.08139,0.03235651999999865,0.02720792000000184,0.035939919999998064
0.0814,0.03659843999999871,0.037664120000003264,0.05753403999999846
0.08141000000000001,0.034508519999997114,0.030227360000003794,0.04820491999999918
0.08142,0.04554707999999614,0.04928740000000018,0.05741387999999888
0.08143,0.03831560000000024,0.030494120000004277,0.04967435999999905
0.08144000000000001,0.04212111999999969,0.036742240000005165,0.04380587999999818
0.08145000000000001,0.0493780000000024,0.05609691999999956,0.04197515999999827
0.08146,0.04771832000000099,0.03957895999999985,0.03167028000000306
0.08147,0.034322840000001104,0.047620399999999896,0.03818764000000325
0.08148000000000001,0.040227400000002064,0.048054160000000005,0.04461456000000308
0.08149,0.03233432000000172,0.03846252000000449,0.025258440000003237
0.0815,0.0300388400000014,0.04073644000000446,0.04454076000000132
0.08151000000000001,0.04251448000000301,0.041255840000004255,0.05109556000000098
0.08152000000000001,0.03938727999999775,0.04777788000000219,0.04441264000000185
0.08153,0.0394588400000024,0.035455040000005274,0.04938060000000211
0.08154,0.03876167999999868,0.03973360000000464,0.05544276000000232
0.08155000000000001,0.05350583999999934,0.03594232000000011,0.03544512000000413
0.08156000000000001,0.037363679999999254,0.05563848000000239,0.026304240000003528
0.08157,0.03427475999999792,0.04319708000000235,0.049512200000003774
0.08158,0.021337279999999015,0.03946032000000055,0.040876519999998195
0.08159000000000001,0.027465600000003716,0.048048080000005045,0.0432706800000009
0.0816,0.03004672000000357,0.04681096000000316,0.034976480000004265
0.08161,0.050328919999999375,0.05582556000000348,0.04073232000000304
0.08162000000000001,0.04268988000000423,0.05373548000000249,0.04814680000000305
0.08163000000000001,0.032401040000003684,0.04576144000000317,0.03909204000000188
0.08164,0.04372288000000255,0.04653240000000094,0.04523219999999813
0.08165,0.03854160000000342,0.05331200000000152,0.05665355999999915
0.08166000000000001,0.05105852000000455,0.03452284000000293,0.0508387600000032
0.08167,0.05107812000000393,0.04555072000000161,0.04490404000000221
0.08168,0.05453056000000458,0.03949080000000179,0.03362880000000206
0.08169000000000001,0.04269244000000392,0.04060080000000454,0.048501400000003074
0.08170000000000001,0.0409771599999994,0.034424560000004906,0.056184639999998696
0.08171,0.050294240000000906,0.03994184000000464,0.04604959999999826
0.08172,0.04213292000000442,0.03860920000000409,0.05179348000000505
0.08173000000000001,0.049390719999999555,0.03994788000000535,0.03788399999999961
0.08174000000000001,0.039299360000000214,0.04255472000000374,0.03663691999999716
0.08175,0.04790951999999872,0.05192000000000434,0.046387760000001825
0.08176000000000001,0.03886527999999587,0.04424020000000348,0.0565259999999978
0.08177000000000001,0.039873199999997645,0.043738280000005327,0.06231107999999982
0.08178,0.034575759999996694,0.04927232000000266,0.04559120000000015
0.08179,0.0403913200000016,0.04383584000000512,0.036566679999997
0.08180000000000001,0.05487847999999968,0.05627132000000448,0.04001367999999726
0.08181000000000001,0.031007879999997393,0.051453280000003175,0.03674659999999664
0.08182,0.055781199999997276,0.04469724000000533,0.03146928000000155
0.08183,0.04907772000000356,0.04725332000000501,0.04687463999999963
0.08184000000000001,0.04689092000000358,0.050156520000000426,0.042126680000001145
0.08185,0.04145516000000365,0.04193196000000006,0.041369920000002516
0.08186,0.02905724000000403,0.03418791999999994,0.033889079999997705
0.08187000000000001,0.04099400000000409,0.043082800000005195,0.04385911999999769
0.08188000000000001,0.03874800000000197,0.04648892000000241,0.03166288000000096
0.08189,0.04359920000000403,0.04359844000000433,0.02830072000000222
0.0819,0.04819735999999938,0.04422356000000375,0.028705080000003453
0.08191000000000001,0.03333035999999898,0.04299352000000385,0.047826320000002816
0.08192,0.036251760000004206,0.03587604000000356,0.04156323999999797
0.08193,0.039459400000005126,0.04318824000000018,0.0466194000000039
0.08194000000000001,0.0452587600000033,0.0385045200000001,0.02879132000000299
0.08195000000000001,0.04763164000000306,0.02422364000000037,0.037688320000003675
0.08196,0.037690639999997284,0.027468720000003916,0.05454552000000271
0.08197,0.04033572000000255,0.03428715999999856,0.0355263200000011
0.08198000000000001,0.0408953600000007,0.03582287999999903,0.03610836000000168
0.08199000000000001,0.04743375999999898,0.044427120000003636,0.047676200000001646
0.082,0.05549351999999618,0.02883800000000497,0.030355040000002453
0.08201000000000001,0.03302651999999579,0.03347388000000028,0.046305800000002714
0.08202000000000001,0.03600191999999888,0.03686044000000342,0.042172560000003356
0.08203,0.03886916000000116,0.049758479999999154,0.047732480000000875
0.08204,0.03052992000000194,0.03727556000000328,0.03755648000000281
0.08205000000000001,0.044221799999998576,0.04436744000000097,0.04866320000000385
0.08206000000000001,0.04069843999999741,0.04431768000000423,0.04945812000000326
0.08207,0.027873080000002815,0.039415200000000435,0.03902360000000204
0.08208,0.034922160000001916,0.0386122400000039,0.036145519999998155
0.08209000000000001,0.037842320000002504,0.03301636000000317,0.040928920000002436
0.0821,0.047770440000002835,0.03840856000000187,0.0505455199999987
0.08211,0.039431880000004665,0.040587000000000685,0.0625109599999996
0.08212000000000001,0.047989240000003895,0.039492320000001926,0.05084635999999854
0.08213000000000001,0.03818724000000488,0.03122487999999974,0.042724599999998024
0.08214,0.0376314399999993,0.04555288000000111,0.044575560000002186
0.08215,0.04106860000000224,0.033580480000000114,0.06158447999999921
0.08216000000000001,0.04760651999999949,0.030451040000003128,0.07110175999999961
0.08217,0.040925999999999234,0.03408740000000402,0.06277943999999952
0.08218,0.046626159999998265,0.03573503999999718,0.03938531999999812
0.08219000000000001,0.04318291999999947,0.032118240000003136,0.03676387999999556
0.08220000000000001,0.0411857600000017,0.044412080000000895,0.049624480000001275
0.08221,0.029978880000003504,0.05249736000000068,0.049850960000001825
0.08222,0.03164596000000139,0.04129552000000044,0.03064016000000328
0.08223000000000001,0.048215920000003895,0.048152960000001126,0.04171595999999737
0.08224000000000001,0.02991880000000418,0.035448520000000525,0.04500111999999845
0.08225,0.02487267999999679,0.05428911999999864,0.03668947999999688
0.08226000000000001,0.025149840000001544,0.05320355999999897,0.04491571999999907
0.08227000000000001,0.032429000000003726,0.049930439999998126,0.04428359999999891
0.08228,0.04289039999999914,0.03894940000000108,0.04002107999999893
0.08229,0.0325193999999986,0.03808523999999867,0.03768807999999778
0.08230000000000001,0.037636799999999096,0.05689444000000282,0.041715319999996184
0.08231000000000001,0.04387243999999983,0.0456242000000037,0.05391771999999686
0.08232,0.05085451999999925,0.050054719999998894,0.05209287999999701
0.08233,0.04177639999999819,0.052694640000001715,0.03850059999999706
0.08234000000000001,0.04862119999999895,0.034804600000000546,0.02926931999999682
0.08235,0.04904279999999814,0.02987920000000167,0.02934875999999845
0.08236,0.04063968000000182,0.042952880000005314,0.04692511999999846
0.08237000000000001,0.027723919999996717,0.03721200000000303,0.03288359999999854
0.08238000000000001,0.041504039999998396,0.03353544000000037,0.05693491999999839
0.08239,0.041462439999998935,0.029665640000004004,0.0381911199999979
0.0824,0.031065199999998613,0.030038480000001727,0.045684479999999174
0.08241000000000001,0.04177219999999587,0.02776652000000208,0.05233555999999889
0.08242000000000001,0.042960679999999,0.029125200000003737,0.05255927999999826
0.08243,0.036710799999995686,0.04425639999999827,0.051926839999995734
0.08244000000000001,0.0429107200000043,0.032532200000003245,0.053786439999999096
0.08245000000000001,0.034801879999999855,0.0335209600000035,0.0537516799999961
0.08246,0.03941419999999761,0.0401937600000001,0.06174499999999605
0.08247,0.035943919999998304,0.03707988000000094,0.06484083999999647
0.08248000000000001,0.03586880000000206,0.05691707999999975,0.05063583999999818
0.08249000000000001,0.051090400000000716,0.041453440000003415,0.03804359999999843
0.0825,0.06088892000000194,0.05923308000000383,0.04184360000000078
0.08251,0.04387367999999759,0.04537992000000218,0.05045431999999623
0.08252000000000001,0.03322179999999701,0.04954976000000165,0.04266764000000111
0.08253,0.04680388000000149,0.05190992000000437,0.031110799999997003
0.08254,0.04999715999999789,0.041184200000005056,0.04565244000000088
0.08255000000000001,0.04623895999999683,0.04438408000000044,0.03541059999999854
0.08256000000000001,0.037244679999996214,0.052196840000000244,0.04841124000000106
0.08257,0.0392472399999978,0.052146440000003,0.0333216000000013
0.08258,0.03383948000000014,0.057702400000005136,0.04081980000000122
0.08259000000000001,0.044002520000000676,0.04611416000000348,0.04072363999999632
0.0826,0.044885639999998415,0.03058311999999935,0.052609679999996675
0.08261,0.0420623200000041,0.039772080000002055,0.04997591999999741
0.08262000000000001,0.055057040000001216,0.029923120000001992,0.050823319999998125
0.08263000000000001,0.04459623999999819,0.03449392000000227,0.03848199999999654
0.08264,0.0460875999999983,0.03761572000000345,0.03719151999999739
0.08265,0.03602359999999606,0.04626748000000239,0.03213939999999618
0.08266000000000001,0.035572039999997224,0.04657324000000378,0.03552864000000261
0.08267000000000001,0.04124163999999937,0.04087496000000528,0.03735184000000089
0.08268,0.04131080000000032,0.06089240000000264,0.05917144000000288
0.08269000000000001,0.0583405199999974,0.0500325200000042,0.057025240000002954
0.08270000000000001,0.04750099999999693,0.049078120000004756,0.04942372000000114
0.08271,0.054258160000001096,0.035751240000003355,0.0470768000000011
0.08272,0.04949983999999704,0.05000556000000349,0.03690372000000146
0.08273000000000001,0.04658127999999614,0.05073560000000549,0.036905320000001296
0.08274000000000001,0.043692679999997215,0.045207760000005585,0.05044939999999787
0.08275,0.058267839999996685,0.03667044000000568,0.03539279999999758
0.08276,0.051214879999998346,0.04832888000000121,0.03026835999999708
0.08277000000000001,0.04284587999999705,0.034973120000003896,0.037899639999998645
0.08278,0.04685104000000146,0.05132480000000484,0.03716480000000184
0.08279,0.046133119999996496,0.03560692000000537,0.04690552000000301
0.08280000000000001,0.05138679999999641,0.040706000000004,0.03599043999999809
0.08281000000000001,0.04525995999999615,0.04796796000000544,0.0484631199999979
0.08282,0.047042999999995824,0.04295228000000444,0.038605479999997194
0.08283,0.049825679999996056,0.03323008000000378,0.037650679999999145
0.08284000000000001,0.045246039999995664,0.026854360000003137,0.0344584799999989
0.08285000000000001,0.044502319999995994,0.030840040000002754,0.03280215999999859
0.08286,0.05100603999999742,0.035495440000005055,0.055460280000000604
0.08287000000000001,0.05023955999999692,0.04287928000000492,0.042553799999996846
0.08288000000000001,0.04537187999999842,0.0434943200000027,0.028432520000001373
0.08289,0.04122279999999827,0.04258996000000506,0.03847611999999662
0.0829,0.037881679999997954,0.05074867999999943,0.032876599999997896
0.08291000000000001,0.02648275999999558,0.043218560000000794,0.04785531999999701
0.08292000000000001,0.03960188000000088,0.05074376000000367,0.05022271999999877
0.08293,0.04098659999999721,0.05193084000000352,0.052279680000001515
0.08294000000000001,0.03517071999999607,0.030127520000003398,0.03169088000000191
0.08295000000000001,0.05256135999999634,0.033412080000002266,0.04267880000000143
0.08296,0.03926427999999741,0.05199532000000454,0.02780976000000183
0.08297,0.03489655999999635,0.039870520000003705,0.04355531999999824
0.08298000000000001,0.039625040000000014,0.04738164000000435,0.02828195999999692
0.08299000000000001,0.03529459999999723,0.03566792000000347,0.03227991999999774
0.083,0.028201599999999608,0.04590831999999803,0.028989519999998013
0.08301,0.03578816000000089,0.04885792000000147,0.029717839999997345
0.08302000000000001,0.0284505600000029,0.03856831999999866,0.038365760000003885
0.08303,0.030814040000000476,0.04508743999999996,0.033424480000000416
0.08304,0.03822736000000256,0.05736976000000274,0.045945919999998065
0.08305000000000001,0.03823444000000338,0.030783880000002924,0.03226560000000046
0.08306000000000001,0.04616080000000228,0.03268812000000024,0.03193204000000161
0.08307,0.04834024000000196,0.046799120000000825,0.03909796000000091
0.08308,0.04343876000000396,0.04754727999999995,0.0410037600000015
0.08309000000000001,0.03708660000000536,0.04229635999999979,0.055984400000001086
0.08310000000000001,0.03666732000000366,0.03150352000000372,0.04412224000000042
0.08311,0.0498947600000044,0.024684840000003216,0.04826008000000286
0.08312000000000001,0.0465246399999983,0.03506071999999988,0.047406919999999256
0.08313000000000001,0.042578199999997894,0.057119520000004004,0.04563308000000195
0.08314,0.039311479999998136,0.04904880000000032,0.02938263999999745
0.08315,0.0646912800000024,0.043359879999999296,0.04950123999999975
0.08316000000000001,0.033290960000003124,0.032433119999999906,0.06087752000000265
0.08317000000000001,0.027366640000000563,0.036214000000002536,0.04900904000000042
0.08318,0.039835440000001214,0.0342519600000027,0.04288375999999739
0.08319,0.03550067999999836,0.050621280000002385,0.03694787999999868
0.08320000000000001,0.032140719999997514,0.03197972000000417,0.06150671999999875
0.08321,0.037078919999999994,0.03513788000000199,0.051427960000002555
0.08322,0.047366400000001606,0.03587860000000514,0.04208923999999924
0.08323000000000001,0.04860180000000135,0.03340216000000232,0.05290651999999864
0.08324000000000001,0.039201200000000824,0.029265040000003142,0.04740847999999905
0.08325,0.04628619999999778,0.0393081999999993,0.03977611999999882
0.08326,0.045383119999998764,0.05161487999999988,0.04869927999999857
0.08327000000000001,0.04213928000000177,0.03741600000000108,0.032780720000002046
0.08328,0.028090199999997994,0.04081468000000021,0.03563564000000206
0.08329,0.03345859999999501,0.03756071999999785,0.03026788000000226
0.08330000000000001,0.038270439999998226,0.0396678399999961,0.05873832000000246
0.08331000000000001,0.03905935999999705,0.041101359999996985,0.03583420000000207
0.08332,0.040511799999999334,0.03191004000000153,0.03166271999999835
0.08333,0.03322115999999735,0.026546680000002522,0.027465639999998064
0.08334000000000001,0.04800139999999956,0.03257132000000177,0.03806143999999815
0.08335000000000001,0.04762188000000003,0.027786320000003417,0.030196519999997087
0.08336,0.04264283999999856,0.05147536000000015,0.02998352000000045
0.08337000000000001,0.041986279999998564,0.04235084000000392,0.02632496000000351
0.08338000000000001,0.0370690400000039,0.03146960000000254,0.03304180000000313
0.08339,0.035974880000000695,0.037090480000001425,0.047423240000003676
0.0834,0.047279200000001416,0.026331279999996748,0.04479936000000274
0.08341000000000001,0.04805959999999985,0.03518360000000062,0.04851020000000007
0.08342000000000001,0.04143428000000098,0.02898248000000412,0.028866320000001236
0.08343,0.04170376000000233,0.03955551999999985,0.03783556000000228
0.08344,0.051251080000004105,0.033840280000003616,0.0344823999999978
0.08345000000000001,0.03480472000000074,0.02776588000000244,0.046265119999999015
0.08346,0.04101860000000147,0.03646940000000201,0.03974771999999889
0.08347,0.03870216000000167,0.046244400000002975,0.03242327999999691
0.08348000000000001,0.04891552000000372,0.0516801599999978,0.035597759999996155
0.08349000000000001,0.04029932000000247,0.030096160000002807,0.036135119999996766
0.0835,0.035059320000004515,0.041373840000000744,0.04796368000000406
0.08351,0.05860851999999934,0.045306400000003154,0.04251143999999731
0.08352000000000001,0.042887800000003695,0.04411152000000024,0.044764679999998835
0.08353000000000001,0.054111480000003556,0.02956280000000472,0.046022879999997365
0.08354,0.03356799999999883,0.04889148000000032,0.03757335999999653
0.08355000000000001,0.033898440000002826,0.037400960000004986,0.04109119999999722
0.08356000000000001,0.04378760000000121,0.046362880000002674,0.04509280000000132
0.08357,0.04166752000000319,0.03618807999999853,0.05410728000000153
0.08358,0.044117160000002285,0.04666952000000251,0.03646131999999586
0.08359000000000001,0.05536024000000268,0.0475549999999981,0.03640671999999585
0.08360000000000001,0.04600992000000269,0.05330216000000299,0.056313639999997174
0.08361,0.04295364000000332,0.048543400000004636,0.05094851999999777
0.08362000000000001,0.039154680000002946,0.040441400000001675,0.05217475999999755
0.08363000000000001,0.04263600000000222,0.05195020000000411,0.03860327999999864
0.08364,0.03697388000000093,0.036896479999998746,0.0505065599999994
0.08365,0.03236663999999592,0.03964932000000193,0.05524527999999856
0.08366000000000001,0.028273359999999043,0.048410240000005066,0.04284271999999906
0.08367000000000001,0.03827295999999882,0.04458248000000204,0.03849723999999549
0.08368,0.030580559999997425,0.05652388000000555,0.04503211999999536
0.08369,0.03163788000000053,0.05061240000000332,0.043175839999995864
0.08370000000000001,0.036075799999999526,0.04223052000000501,0.038871919999995695
0.08371,0.03198963999999888,0.04250640000000059,0.044217679999998025
0.08372,0.035269599999999124,0.04906436000000104,0.03230911999999749
0.08373000000000001,0.035807119999998194,0.05918788000000332,0.04372672000000049
0.08374000000000001,0.055385680000000534,0.04105436000000335,0.03836531999999923
0.08375,0.03016060000000126,0.04448440000000056,0.043612760000000715
0.08376,0.03478904000000133,0.046805360000002676,0.03036680000000008
0.08377000000000001,0.036296520000000464,0.04812204000000056,0.04449235999999965
0.08378000000000001,0.04326299999999834,0.03988375999999966,0.028726159999998824
0.08379,0.050686839999998255,0.03818300000000478,0.03767168000000163
0.08380000000000001,0.03988315999999839,0.03601460000000515,0.03165196000000378
0.08381000000000001,0.03407867999999784,0.03875128000000357,0.031652679999997206
0.08382,0.02762295999999914,0.04322516000000247,0.03968767999999961
0.08383,0.03600551999999686,0.04332212000000237,0.03623027999999967
0.08384000000000001,0.04968336000000185,0.06366152000000305,0.04556396000000202
0.08385000000000001,0.039832839999997045,0.05180656000000325,0.0456955200000028
0.08386,0.03546939999999694,0.04224540000000243,0.0385844000000021
0.08387,0.03803527999999733,0.03862312000000407,0.04425448000000126
0.08388000000000001,0.03941743999999742,0.04501952000000334,0.041346359999997064
0.08389,0.03781139999999608,0.04782743999999972,0.0392921600000022
0.0839,0.03992303999999729,0.053775759999999916,0.036365319999998154
0.08391000000000001,0.04124391999999905,0.04653152000000262,0.03536951999999663
0.08392000000000001,0.03959995999999721,0.04461820000000333,0.02838875999999727
0.08393,0.039601359999996644,0.04085692000000224,0.024366639999996893
0.08394,0.03233603999999743,0.05729004000000143,0.03546651999999738
0.08395000000000001,0.04417679999999718,0.04258640000000337,0.030793239999996946
0.08396,0.04023787999999677,0.03598772000000412,0.0344645599999968
0.08397,0.04628083999999797,0.03092984000000376,0.03419651999999801
0.08398000000000001,0.02921760000000162,0.04072388000000318,0.05258247999999702
0.08399000000000001,0.03107168000000161,0.04007860000000209,0.04645372000000199
0.084,0.047434080000004465,0.05119060000000262,0.03225655999999794
0.08401,0.031317759999998356,0.042720920000003874,0.03730903999999845
0.08402000000000001,0.028473919999996315,0.0503953599999999,0.034580959999996094
0.08403000000000001,0.03765647999999928,0.04875819999999985,0.04536051999999594
0.08404,0.0389902799999962,0.04973019999999809,0.03791663999999755
0.08405000000000001,0.04900939999999821,0.036472199999998435,0.04248211999999595
0.08406000000000001,0.05132427999999719,0.04609764000000073,0.044641280000002025
0.08407,0.036469719999997055,0.05778947999999958,0.03791935999999716
0.08408,0.05171319999999812,0.055483280000001335,0.03415415999999626
0.08409000000000001,0.04859327999999759,0.05462212000000097,0.0377822799999965
0.08410000000000001,0.04386055999999716,0.03999428000000038,0.03780755999999928
0.08411,0.05263276000000159,0.03725896000000023,0.0376959599999962
0.08412,0.04292103999999716,0.03443200000000337,0.047676119999997026
0.08413000000000001,0.03711795999999708,0.031234920000000794,0.05436607999999636
0.08414,0.04637247999999736,0.04230483999999992,0.03384923999999991
0.08415,0.03550119999999683,0.03551244000000052,0.045175319999997604
0.08416000000000001,0.04210151999999693,0.04406028000000227,0.04049819999999763
0.08417000000000001,0.03361079999999696,0.04327904000000271,0.03809367999999597
0.08418,0.047480519999997736,0.04918148000000376,0.055610719999995874
0.08419,0.04466335999999797,0.05046996000000376,0.034553839999996755
0.08420000000000001,0.04115655999999758,0.04445455999999885,0.04863227999999632
0.08421000000000001,0.03802907999999758,0.04313616000000275,0.054009439999996495
0.08422,0.03264211999999787,0.05801900000000266,0.043695199999996444
0.08423000000000001,0.04940263999999971,0.052454000000004296,0.051473799999996274
0.08424000000000001,0.03985407999999906,0.04634596000000362,0.0500330799999967
0.08425,0.03708719999999738,0.03907392000000509,0.05205707999999617
0.08426,0.04816579999999795,0.039389640000003924,0.05587616000000099
0.08427000000000001,0.03832376000000126,0.060419720000000565,0.049673720000000754
0.08428000000000001,0.05015440000000109,0.04281820000000052,0.047843479999996316
0.08429,0.04749596000000239,0.054427119999998615,0.039056039999997405
0.08430000000000001,0.042540320000001554,0.041393959999997315,0.0486851600000001
0.08431000000000001,0.0597873999999981,0.056121560000002076,0.03878047999999851
0.08432,0.06105428000000168,0.050880080000001604,0.03534123999999623
0.08433,0.05954600000000311,0.03744103999999789,0.0505826799999975
0.08434000000000001,0.049702720000003725,0.04627088000000319,0.04562771999999625
0.08435000000000001,0.03742168000000315,0.05135060000000307,0.0513675999999965
0.08436,0.03846392000000378,0.047153120000003323,0.0426133199999964
0.08437,0.03736016000000118,0.05098332000000186,0.04112011999999839
0.08438000000000001,0.04012083999999768,0.038870560000002434,0.04928903999999601
0.08439,0.037221959999998416,0.04262544000000277,0.0428729999999973
0.0844,0.02990536000000196,0.03982415999999982,0.05271631999999939
0.08441000000000001,0.05298267999999759,0.037070360000003744,0.05594695999999638
0.08442000000000001,0.03354068000000106,0.05185176000000221,0.04716283999999651
0.08443,0.025095400000000663,0.040948920000000645,0.04960423999999762
0.08444,0.04448624000000093,0.04761663999999736,0.04887879999999744
0.08445000000000001,0.03846220000000215,0.04913608000000164,0.03148312000000082
0.08446000000000001,0.04027548000000191,0.04229640000000055,0.028092399999997276
0.08447,0.029950999999996977,0.03650847999999821,0.032837239999997395
0.08448000000000001,0.035025919999999364,0.03127916000000001,0.04647251999999711
0.08449000000000001,0.03491267999999708,0.03622803999999908,0.04999639999999674
0.0845,0.044365440000000006,0.0468245600000017,0.050936200000000806
0.08451,0.042795840000004345,0.03362371999999987,0.05849640000000128
0.08452000000000001,0.0370352,0.04352428000000516,0.03893943999999585
0.08453000000000001,0.033484999999999154,0.04665363999999959,0.038101679999996904
0.08454,0.04454888000000112,0.03493447999999929,0.03987144000000248
0.08455,0.039893840000004115,0.03633007999999744,0.035740600000000615
0.08456000000000001,0.03997403999999819,0.04102803999999945,0.040579799999996335
0.08457,0.042569040000004055,0.04646388000000389,0.028780959999995637
0.08458,0.03931400000000379,0.03844632000000341,0.046324479999997774
0.08459000000000001,0.038190120000003436,0.03657724000000227,0.03397059999999571
0.08460000000000001,0.03925836000000131,0.04469764000000463,0.0422174799999982
0.08461,0.041138400000002594,0.03812404000000423,0.04504799999999701
0.08462,0.03543460000000014,0.04664076000000014,0.031951719999996867
0.08463000000000001,0.04493532000000293,0.036475920000004186,0.035699519999996626
0.08464,0.029465520000001792,0.050575840000001863,0.04247879999999824
0.08465,0.041325080000003914,0.048393680000004526,0.04910939999999762
0.08466000000000001,0.04374391999999934,0.044235240000003256,0.03561275999999847
0.08467000000000001,0.04220583999999942,0.05892008000000304,0.042209040000003195
0.08468,0.049901560000000116,0.0446433600000052,0.036592039999996856
0.08469,0.046376399999999755,0.05127664000000576,0.048716479999998674
0.08470000000000001,0.04275404000000004,0.04594732000000347,0.036900359999996975
0.08471000000000001,0.04664772000000351,0.04674868000000408,0.053967240000002636
0.08472,0.04972943999999955,0.05074208000000471,0.052715760000002505
0.08473000000000001,0.04334171999999919,0.037480200000004835,0.04689623999999741
0.08474000000000001,0.035272879999999646,0.04422636000000288,0.03548871999999676
0.08475,0.044910399999998914,0.045822839999998394,0.0447490800000015
0.08476,0.04701883999999934,0.03984847999999901,0.06255104000000188
0.08477000000000001,0.034305999999998504,0.04369872000000343,0.04158748000000057
0.08478000000000001,0.04026956000000239,0.04860387999999896,0.03721696000000065
0.08479,0.04152211999999867,0.05420364000000322,0.04891795999999996
0.0848,0.02941623999999974,0.04530036000000363,0.03153995999999878
0.08481000000000001,0.027020679999995887,0.042554360000003996,0.04436639999999902
0.08482,0.0321115999999973,0.047060440000003236,0.04742271999999782
0.08483,0.02684043999999819,0.03299688000000518,0.05122168000000185
0.08484000000000001,0.024322480000001794,0.04157924000000523,0.03556828000000342
0.08485000000000001,0.027777400000004792,0.04141756000000221,0.05009472000000313
0.08486,0.04114972000000112,0.04763724000000307,0.05363400000000328
0.08487,0.038319400000002356,0.04728640000000297,0.0471267199999997
0.08488000000000001,0.0439999600000022,0.04845151999999816,0.04178231999999937
0.08489000000000001,0.04419091999999804,0.0376567200000032,0.05445152000000059
0.0849,0.04684575999999855,0.04630356000000354,0.045736039999999596
0.08491000000000001,0.026930959999996805,0.03281888000000403,0.061038680000000206
0.08492000000000001,0.029690599999997774,0.053221640000002624,0.0487707999999996
0.08493,0.03966328000000002,0.0525824800000032,0.04265580000000233
0.08494,0.05117476000000031,0.056507800000002564,0.05386616000000257
0.08495000000000001,0.04704544000000095,0.051040080000002944,0.05108436000000433
0.08496000000000001,0.030920559999998442,0.06272228000000242,0.05776960000000332
0.08497,0.03862340000000015,0.06109464000000412,0.040653280000001756
0.08498000000000001,0.04316375999999847,0.07363564000000375,0.0613925999999999
0.08499000000000001,0.04269107999999832,0.05992556000000378,0.04874752000000194
0.085,0.04324043999999711,0.06838684000000426,0.047361120000002394
0.08501,0.040143679999998114,0.04896152000000329,0.04561680000000217
0.08502000000000001,0.05210243999999706,0.06320868000000394,0.0376415200000024
0.08503000000000001,0.0474037600000015,0.05322408000000381,0.048550320000002846
0.08504,0.03811196000000028,0.04568628000000231,0.04879720000000067
0.08505,0.03571344000000017,0.048497959999999896,0.043036720000000195
0.08506000000000001,0.039265719999999484,0.04934896000000245,0.04263384000000199
0.08507,0.02998676000000214,0.04873448000000273,0.03874955999999814
0.08508,0.03136931999999888,0.041439439999999786,0.042447040000000755
0.08509000000000001,0.027919839999996962,0.04013468000000051,0.048882359999996204
0.08510000000000001,0.03089707999999671,0.044320200000000705,0.0460915599999981
0.08511,0.04028932000000092,0.04176460000000388,0.037282760000002683
0.08512,0.03829811999999624,0.044195279999998505,0.03844055999999901
0.08513000000000001,0.04313019999999603,0.046919759999998534,0.047160880000000745
0.08514000000000001,0.04545940000000061,0.037567079999998886,0.03243783999999845
0.08515,0.033891159999995694,0.031337879999998895,0.04032812000000179
0.08516000000000001,0.04358715999999848,0.03402080000000559,0.05023960000000179
0.08517000000000001,0.0325013199999975,0.05606516000000244,0.04489519999999917
0.08518,0.036516639999997366,0.03510164000000553,0.04827051999999985
0.08519,0.037987719999998,0.04271692000000105,0.04838871999999725
0.08520000000000001,0.04272835999999707,0.044785440000000815,0.03954039999999941
0.08521000000000001,0.04633995999999885,0.042820040000003515,0.04200235999999879
0.08522,0.038983439999996775,0.041665279999998826,0.03369480000000313
0.08523,0.0540203199999998,0.0443979600000041,0.04491195999999891
0.08524000000000001,0.0417902399999989,0.042609200000004704,0.041840799999999304
0.08525,0.03409947999999601,0.04135884000000245,0.03561639999999719
0.08526,0.05820831999999812,0.04215108000000399,0.031542119999996676
0.08527000000000001,0.033365999999997786,0.044570760000000736,0.04033947999999865
0.08528000000000001,0.04851451999999812,0.04737055999999795,0.03606879999999806
0.08529,0.047818600000001134,0.04769200000000271,0.041780240000002945
0.0853,0.035780519999997554,0.04508108000000226,0.046269120000002134
0.08531000000000001,0.052782439999998994,0.042744719999998924,0.04391423999999817
0.08532000000000001,0.04311723999999843,0.03527788000000056,0.046054480000001785
0.08533,0.0483549200000016,0.04268811999999828,0.0460956000000007
0.08534000000000001,0.04563244000000325,0.039731919999998776,0.05600428000000254
0.08535000000000001,0.02817099999999549,0.031389040000000375,0.04825103999999861
0.08536,0.055056959999997254,0.03895180000000267,0.045996040000003395
0.08537,0.057874920000003084,0.03930747999999986,0.039930040000002505
0.08538000000000001,0.04498320000000069,0.045802800000002926,0.03498315999999745
0.08539000000000001,0.04753920000000248,0.043012120000001285,0.03561419999999674
0.0854,0.037235720000001346,0.03891952000000218,0.03331235999999617
0.08541000000000001,0.0368498800000002,0.05305112000000358,0.04632611999999631
0.08542000000000001,0.029814320000000477,0.047051520000002366,0.03491971999999615
0.08543,0.03125123999999716,0.041871000000005654,0.054991000000001344
0.08544,0.027074359999999176,0.05074492000000486,0.04329511999999751
0.08545000000000001,0.03530148000000151,0.03993620000000323,0.047305560000001516
0.08546000000000001,0.048768360000003494,0.04491091999999916,0.047125120000002615
0.08547,0.028279800000000577,0.045279919999999,0.03734863999999783
0.08548,0.049379760000002,0.05341108000000327,0.041432160000003646
0.08549000000000001,0.050498640000001906,0.05339784000000328,0.03800275999999679
0.0855,0.04041636000000275,0.04081419999999761,0.045617559999997816
0.08551,0.04966576000000379,0.04772383999999858,0.037883919999995935
0.08552000000000001,0.04054283999999943,0.0511262400000029,0.048368679999998714
0.08553000000000001,0.04489484000000059,0.051526520000003316,0.05161343999999952
0.08554,0.06607720000000343,0.040547000000002865,0.05060539999999741
0.08555,0.04856635999999957,0.03609868000000267,0.03970751999999734
0.08556000000000001,0.042893439999998874,0.03863928000000058,0.04120847999999541
0.08557000000000001,0.03844703999999814,0.03633968000000443,0.0439760799999989
0.08558,0.031918280000001895,0.05053608000000458,0.05231407999999917
0.08559000000000001,0.035928759999998075,0.038935200000005166,0.03948743999999771
0.08560000000000001,0.03328727999999854,0.04004095999999961,0.044658079999996304
0.08561,0.03287643999999852,0.029870720000004902,0.04479791999999655
0.08562,0.03221668000000224,0.038003600000003156,0.0463758799999967
0.08563000000000001,0.033578919999998624,0.030046200000004988,0.04703383999999954
0.08564000000000001,0.03203056000000225,0.0637800800000005,0.06092875999999922
0.08565,0.029441240000001166,0.05950367999999955,0.05210895999999814
0.08566000000000001,0.04184808000000204,0.06199548000000149,0.05024727999999662
0.08567000000000001,0.0324247200000008,0.03558864000000411,0.05257599999999758
0.08568,0.0413979600000022,0.056310120000000984,0.048724559999998016
0.08569,0.03995531999999988,0.03540300000000014,0.05503511999999824
0.08570000000000001,0.03579592000000429,0.0373053600000038,0.048339519999998845
0.08571000000000001,0.03039736000000167,0.04938580000000262,0.05208652000000173
0.08572,0.04028932000000118,0.05044716000000228,0.047939279999996046
0.08573,0.04128292000000359,0.05424760000000207,0.045129679999998375
0.08574000000000001,0.048453720000002316,0.03746452000000289,0.04531483999999796
0.08575,0.04873664000000226,0.031489600000005384,0.04511167999999731
0.08576,0.06035259999999817,0.04093724000000197,0.04978776000000164
0.08577000000000001,0.05037788000000206,0.03458788000000456,0.05556651999999781
0.08578000000000001,0.05745784000000204,0.04325472000000343,0.04875407999999749
0.08579,0.0648433600000022,0.04818576000000392,0.057456199999996745
0.0858,0.05841328000000186,0.04078528000000309,0.05435199999999642
0.08581000000000001,0.06391588000000228,0.04191488000000279,0.05416187999999773
0.08582000000000001,0.05597036000000338,0.05554184000000314,0.043119839999996155
0.08583,0.05117056000000281,0.042101800000003256,0.05302651999999736
0.08584000000000001,0.043360960000001565,0.04241304000000261,0.06240671999999829
0.08585000000000001,0.0454303199999994,0.05852236000000304,0.05187915999999702
0.08586,0.056399319999998254,0.0403077999999999,0.036255239999997295
0.08587,0.052597399999997185,0.03666200000000275,0.04885527999999777
0.08588000000000001,0.05851320000000322,0.03859804000000171,0.04179259999999603
0.08589000000000001,0.054113200000002984,0.04635292000000266,0.06250260000000102
0.0859,0.04898644000000204,0.039824760000002436,0.06286652000000041
0.08591,0.04680260000000171,0.03881456000000111,0.04392416000000101
0.08592000000000001,0.05256523999999923,0.04985420000000233,0.03412779999999649
0.08593,0.05353987999999934,0.037910240000001136,0.04246772000000242
0.08594,0.05105320000000032,0.03598800000000324,0.045048119999997534
0.08595000000000001,0.05231455999999927,0.04315167999999919,0.036283200000001285
0.08596000000000001,0.04210896000000008,0.041414920000002575,0.043585120000001386
0.08597,0.048219560000003124,0.04016984000000464,0.04858087999999934
0.08598,0.06347060000000182,0.032234840000003186,0.04794899999999813
0.08599000000000001,0.040388920000001924,0.04145656000000463,0.04622755999999635
0.08600000000000001,0.06555440000000236,0.046606880000004285,0.0455652399999981
0.08601,0.05934756000000135,0.05708976000000507,0.049611760000003106
0.08602000000000001,0.04385871999999831,0.047474960000005,0.047338760000002776
0.08603000000000001,0.03874631999999726,0.053236720000006024,0.05310955999999966
0.08604,0.047694239999999,0.04442796000000561,0.04228944000000057
0.08605,0.033691559999997754,0.04433332000000304,0.03976607999999884
0.08606000000000001,0.03907452000000166,0.05618052000000191,0.03518767999999738
0.08607000000000001,0.05256484000000141,0.043847080000003626,0.04040276000000085
0.08608,0.06212000000000449,0.04130100000000326,0.030679439999996574
0.08609000000000001,0.053959880000004325,0.035060720000000246,0.04225243999999883
0.08610000000000001,0.05777768000000165,0.038490600000005246,0.04127103999999755
0.08611,0.04250592000000299,0.04848668000000431,0.050201920000000295
0.08612,0.05722384000000288,0.058891440000003105,0.03717635999999691
0.08613000000000001,0.043885200000002324,0.03930520000000355,0.05393136000000039
0.08614000000000001,0.04903696000000428,0.052270560000002755,0.0394210399999978
0.08615,0.045264159999998596,0.056899480000002785,0.03179199999999568
0.08616,0.04291219999999764,0.05014304000000386,0.041827199999997074
0.08617000000000001,0.050172880000001585,0.04123339999999921,0.04648123999999731
0.08618,0.06274084000000196,0.050373160000003095,0.052880760000001865
0.08619,0.04656780000000204,0.044019760000001615,0.05103784000000112
0.08620000000000001,0.039148040000001064,0.052378600000002294,0.03871543999999607
0.08621000000000001,0.03981499999999688,0.043568560000002456,0.04007423999999738
0.08622,0.05131792000000047,0.03866211999999938,0.04380011999999788
0.08623,0.04556192000000001,0.04041564000000248,0.046664279999996575
0.08624000000000001,0.0343466000000038,0.03635900000000245,0.039126599999997555
0.08625000000000001,0.027938239999998216,0.05218604000000192,0.054773800000001524
0.08626,0.04737867999999727,0.051652159999998316,0.05632276000000178
0.08627000000000001,0.045642079999999946,0.06385919999999876,0.031489600000000256
0.08628000000000001,0.03769008000000005,0.05928372000000283,0.04248848000000047
0.08629,0.034496199999998006,0.056167999999998657,0.03803763999999595
0.0863,0.033223159999998,0.0590618799999988,0.04297180000000208
0.08631000000000001,0.029889920000000948,0.053367760000002505,0.04431095999999955
0.08632000000000001,0.030792479999996538,0.050833960000002995,0.036149439999995904
0.08633,0.031995559999997515,0.04099260000000001,0.03169119999999674
0.08634000000000001,0.028012039999996723,0.04501351999999818,0.0466903199999965
0.08635000000000001,0.038563919999998426,0.045823560000000006,0.04641131999999802
0.08636,0.03147391999999744,0.03869095999999969,0.03388167999999683
0.08637,0.0347791200000009,0.04949688000000299,0.04636191999999692
0.08638000000000001,0.03267756000000152,0.041934680000003145,0.038662439999997585
0.08639000000000001,0.04296871999999835,0.04477508000000376,0.04030715999999889
0.0864,0.033769280000000866,0.04303472000000532,0.04768615999999992
0.08641,0.04059807999999862,0.0478676800000022,0.03739043999999831
0.08642000000000001,0.03785511999999783,0.02926540000000508,0.033161079999998073
0.08643,0.02516707999999831,0.04131616000000383,0.03830751999999555
0.08644,0.05146459999999806,0.04026336000000052,0.03663943999999708
0.08645000000000001,0.04480916000000267,0.04106892000000453,0.04158055999999695
0.08646000000000001,0.04875824000000282,0.03567964000000495,0.04770928000000118
0.08647,0.04195824000000262,0.046506040000003426,0.048286359999996996
0.08648,0.048358959999997835,0.031366080000004064,0.04949115999999606
0.08649000000000001,0.050648679999997205,0.036466160000003356,0.04551567999999786
0.08650000000000001,0.04221911999999781,0.04387200000000296,0.041462199999997944
0.08651,0.039392559999996996,0.038518520000002346,0.04040203999999823
0.08652000000000001,0.039079399999997474,0.03494616000000311,0.041690159999998144
0.08653000000000001,0.04421779999999911,0.0411186000000038,0.05460039999999658
0.08654,0.04643487999999948,0.028419040000005488,0.038196800000001065
0.08655,0.049153039999997476,0.03661284000000468,0.032813519999997216
0.08656000000000001,0.040494519999997855,0.03896372000000313,0.03309051999999688
0.08657000000000001,0.06088043999999763,0.04053172000000521,0.030590239999997625
0.08658,0.04905239999999719,0.05217808000000515,0.04591052000000141
0.08659,0.05077196000000205,0.04630176000000508,0.03461543999999629
0.08660000000000001,0.050053800000001904,0.059493560000004095,0.04023864000000063
0.08661,0.0601408399999978,0.054258800000004326,0.04842824000000228
0.08662,0.06123803999999722,0.060061600000005426,0.057480400000001486
0.08663000000000001,0.061777839999997586,0.051758680000003915,0.05252428000000309
0.08664000000000001,0.06472247999999807,0.04329304000000469,0.04627904000000343
0.08665,0.06264247999999832,0.050260680000005116,0.029502560000000407
0.08666,0.04469904000000149,0.0536069200000029,0.03228587999999577
0.08667000000000001,0.06233008000000244,0.04345524000000519,0.04464703999999576
0.08668000000000001,0.045343959999997095,0.046888560000003465,0.043515319999997144
0.08669,0.04982651999999723,0.04337588000000518,0.05543223999999598
0.08670000000000001,0.05655803999999695,0.03731036000000449,0.054617000000001935
0.08671000000000001,0.045121879999997117,0.03926180000000442,0.06366295999999709
0.08672,0.03760523999999797,0.046964160000000824,0.058699919999997296
0.08673,0.040191959999996384,0.04789492000000008,0.04888631999999623
0.08674000000000001,0.04823855999999898,0.04842996000000091,0.0491921199999968
0.08675000000000001,0.05197707999999944,0.046623080000000185,0.04652919999999555
0.08676,0.03674688000000021,0.03710792000000358,0.04922959999999759
0.08677000000000001,0.03727452000000174,0.04597536000000347,0.047423439999998054
0.08678000000000001,0.03790159999999683,0.04323211999999872,0.03552047999999822
0.08679,0.033344239999996986,0.03665528000000005,0.03632187999999609
0.0868,0.05416512000000128,0.04416368000000552,0.04722376000000257
0.08681000000000001,0.04221960000000161,0.031804240000005035,0.041542840000003384
0.08682000000000001,0.057243960000001384,0.036643560000004675,0.034423239999997975
0.08683,0.04204396000000115,0.03683496000000533,0.03726556000000269
0.08684,0.030699199999996117,0.060886239999999384,0.04789344000000058
0.08685000000000001,0.04287240000000052,0.0639215600000029,0.03382127999999991
0.08686,0.04814084000000052,0.069307080000003,0.04431380000000158
0.08687,0.04060292000000265,0.07115888000000312,0.051794919999997864
0.08688000000000001,0.0559575199999987,0.056264680000002905,0.06246547999999844
0.08689000000000001,0.046984479999997934,0.03711788000000458,0.057510279999995514
0.0869,0.041687480000001956,0.03652812000000276,0.058279079999998706
0.08691,0.035124760000003384,0.03963880000000112,0.05220899999999587
0.08692000000000001,0.04527835999999862,0.04588732000000354,0.05888387999999777
0.08693000000000001,0.048401399999999484,0.03763000000000174,0.05445679999999899
0.08694,0.05895444000000056,0.035177120000004246,0.054219919999995946
0.08695000000000001,0.03527039999999729,0.03085952000000314,0.061572519999996175
0.08696000000000001,0.052976239999998065,0.04193248000000431,0.05119499999999816
0.08697,0.061681760000000994,0.046330439999998745,0.05393491999999838
0.08698,0.06155143999999865,0.05170567999999994,0.05155879999999816
0.08699000000000001,0.0384785199999965,0.05086552000000014,0.06348295999999969
0.08700000000000001,0.0566341999999982,0.04826623999999882,0.040237919999998324
0.08701,0.04900747999999749,0.04233500000000255,0.04532543999999618
0.08702000000000001,0.042367119999997226,0.05430464000000286,0.04339587999999599
0.08703000000000001,0.05095979999999808,0.04385004000000419,0.0543759599999982
0.08704,0.04359103999999662,0.058203079999999734,0.06299407999999869
0.08705,0.05426175999999697,0.04846428000000188,0.06040059999999824
0.08706000000000001,0.03824868000000099,0.046720080000000073,0.05245891999999855
0.08707000000000001,0.035819360000001424,0.04591984,0.06769671999999907
0.08708,0.049802440000000725,0.038567280000000405,0.04925655999999814
0.08709,0.0470628800000015,0.059685519999998486,0.055716879999998394
0.08710000000000001,0.04084296000000118,0.06979767999999965,0.048077479999997765
0.08711,0.035257839999998784,0.05041504000000012,0.053352959999999006
0.08712,0.03716676000000044,0.03912751999999876,0.062276919999999694
0.08713000000000001,0.03497372000000073,0.03739524000000378,0.04605851999999843
0.08714000000000001,0.03357228000000326,0.04242331999999856,0.05375387999999914
0.08715,0.04836007999999718,0.032860680000001,0.031825999999997155
0.08716,0.04431044000000111,0.046650560000000785,0.037809879999996236
0.08717000000000001,0.04112576000000096,0.048632959999999906,0.04409912000000344
0.08718000000000001,0.03390231999999673,0.04347035999999994,0.0419462799999989
0.08719,0.03906319999999741,0.0363064799999993,0.036149759999997935
0.08720000000000001,0.04441803999999839,0.04436087999999823,0.044136599999998444
0.08721000000000001,0.04058539999999843,0.03471516000000255,0.048968720000000986
0.08722,0.03742587999999702,0.03472252000000424,0.058112440000002034
0.08723,0.03717159999999705,0.03447008000000464,0.0483907200000022
0.08724000000000001,0.03409771999999593,0.03420856000000009,0.04947635999999751
0.08725000000000001,0.04727215999999732,0.0325286399999995,0.051609120000001125
0.08726,0.03941780000000301,0.034273960000004426,0.04156243999999579
0.08727,0.048901360000001524,0.03553936000000435,0.050875399999997926
0.08728000000000001,0.051709080000002225,0.038691280000002465,0.0455053199999968
0.08729,0.041471040000002846,0.035115000000003074,0.05563083999999765
0.0873,0.041395280000002525,0.04425168000000293,0.05808263999999744
0.08731000000000001,0.047924480000000824,0.034946000000003315,0.05281907999999901
0.08732000000000001,0.038121960000000815,0.030696960000000544,0.05045651999999901
0.08733,0.04231475999999902,0.038477800000001665,0.048939119999998386
0.08734,0.05078728000000006,0.032071239999998336,0.04419807999999654
0.08735000000000001,0.0455564399999977,0.041954280000000115,0.04641843999999682
0.08736000000000001,0.05683480000000421,0.03294916000000474,0.04955836000000285
0.08737,0.05635655999999882,0.04453460000000269,0.05032399999999925
0.08738000000000001,0.04268503999999691,0.06868944000000253,0.058359479999999624
0.08739000000000001,0.04096659999999932,0.03731796000000148,0.06563136000000043
0.0874,0.03908935999999699,0.0481205599999998,0.045068360000000175
0.08741,0.040797960000001646,0.03817992000000263,0.06727956000000107
0.08742000000000001,0.04237032000000092,0.028033040000004346,0.06023359999999853
0.08743000000000001,0.041199719999996824,0.030933320000003817,0.04413635999999724
0.08744,0.0474032000000019,0.027186439999999767,0.05192335999999807
0.08745000000000001,0.04186467999999716,0.03815956000000036,0.05416540000000011
0.08746000000000001,0.046501199999997606,0.04323552000000044,0.04976736000000293
0.08747,0.04312008000000328,0.045108280000005455,0.0410550400000031
0.08748,0.04106296000000295,0.04193624000000042,0.056468040000002453
0.08749000000000001,0.053750320000001704,0.03714332000000023,0.05457148000000244
0.08750000000000001,0.0508570000000017,0.04371512000000206,0.03902136000000404
0.08751,0.030472199999996504,0.0585840800000014,0.026943319999996863
0.08752,0.05189571999999987,0.044536200000002905,0.04159324000000349
0.08753000000000001,0.041529759999998236,0.052158920000000594,0.03912439999999844
0.08754,0.04069495999999823,0.04130799999999896,0.03813083999999865
0.08755,0.03562859999999637,0.037823999999999906,0.03616475999999883
0.08756000000000001,0.03967375999999827,0.033586240000004146,0.031074239999997783
0.08757000000000001,0.052626800000002416,0.03292544000000466,0.04342263999999813
0.08758,0.05324956000000112,0.035815880000004734,0.05175599999999964
0.08759,0.04522696000000095,0.03503832000000367,0.03776499999999925
0.08760000000000001,0.04391960000000141,0.03154260000000495,0.041272839999997535
0.08761000000000001,0.03875079999999672,0.03913476000000477,0.04398111999999815
0.08762,0.049093200000000614,0.03686216000000451,0.036846279999996776
0.08763000000000001,0.052749240000000364,0.03294248000000185,0.04922743999999944
0.08764000000000001,0.04879024000000017,0.036683960000002735,0.034489159999997986
0.08765,0.049938959999999005,0.04401288000000428,0.03994871999999902
0.08766,0.03554019999999586,0.05519784000000481,0.04614883999999836
0.08767000000000001,0.03923887999999705,0.046094639999999194,0.05559239999999954
0.08768000000000001,0.04884356000000084,0.04022247999999928,0.07086891999999892
0.08769,0.03888196000000075,0.04727108000000472,0.06402207999999864
0.08770000000000001,0.04250407999999705,0.04430924000000146,0.049477480000002946
0.08771000000000001,0.043334839999995864,0.05688860000000319,0.04487372000000319
0.08772,0.04009119999999807,0.04257724000000166,0.05230183999999858
0.08773,0.03955972000000156,0.047298560000002356,0.055534119999998584
0.08774000000000001,0.04731283999999867,0.03642076000000283,0.038073279999996795
0.08775000000000001,0.047104719999998365,0.0355147199999997,0.03988839999999632
0.08776,0.05205047999999828,0.043974399999998894,0.03191939999999507
0.08777,0.041519920000002,0.0367892000000033,0.05306115999999913
0.08778000000000001,0.05865096000000263,0.04418380000000312,0.03716139999999672
0.08779,0.0486134800000016,0.03828604000000162,0.03680136000000002
0.0878,0.046511120000002064,0.03635560000000087,0.045531560000002066
0.08781000000000001,0.04425192000000248,0.02935832000000206,0.04777607999999607
0.08782000000000001,0.061896319999997826,0.04211439999999939,0.04667800000000051
0.08783,0.052402919999997306,0.03340500000000437,0.043197039999995884
0.08784,0.0497685599999981,0.043650440000003836,0.0479866799999961
0.08785000000000001,0.04365675999999772,0.033112440000001485,0.03851791999999644
0.08786000000000001,0.04486148000000225,0.047562000000003386,0.035867719999995586
0.08787,0.04252651999999691,0.055862320000003705,0.03185167999999772
0.08788000000000001,0.033065439999997594,0.049982600000003444,0.04504215999999626
0.08789000000000001,0.0503743999999998,0.04027095999999771,0.035785759999996176
0.0879,0.041404319999998475,0.04261808000000075,0.05628931999999925
0.08791,0.037939799999999475,0.04300204000000162,0.0283860799999967
0.08792000000000001,0.03554939999999822,0.038322400000001526,0.02923975999999965
0.08793000000000001,0.049509080000002266,0.03571251999999891,0.04004708000000149
0.08794,0.05058303999999869,0.04040264000000314,0.03332300000000191
0.08795,0.06122299999999887,0.04299512000000216,0.042739160000000394
0.08796000000000001,0.05522280000000075,0.04757056000000199,0.04045595999999863
0.08797,0.054340399999999955,0.05680828000000163,0.03404995999999566
0.08798,0.03958987999999695,0.04638692000000101,0.039069160000000595
0.08799000000000001,0.04789427999999844,0.03972344000000329,0.03329556000000023
0.08800000000000001,0.039575279999998554,0.03560675999999925,0.03603271999999723
0.08801,0.04669391999999642,0.027043159999995337,0.03632879999999925
0.08802,0.04004191999999609,0.03452491999999678,0.03751963999999891
0.08803000000000001,0.04021776000000109,0.045690440000002705,0.03034227999999908
0.08804000000000001,0.03774979999999791,0.049182440000001985,0.05375711999999876
0.08805,0.037613719999997214,0.040868559999998354,0.05490447999999983
0.08806000000000001,0.0449872800000003,0.034911200000001384,0.029890399999996452
0.08807000000000001,0.056099160000000516,0.04318927999999727,0.03631339999999681
0.08808,0.03772895999999606,0.04578835999999808,0.034408799999997575
0.08809,0.047750559999996764,0.04385863999999899,0.042394080000001375
0.08810000000000001,0.04481271999999666,0.03393987999999901,0.04408915999999621
0.08811000000000001,0.041633599999996516,0.044738320000003926,0.042462320000001025
0.08812,0.05219648000000264,0.04564516000000297,0.03113331999999832
0.08813000000000001,0.04691672000000255,0.03880828000000448,0.03716527999999771
0.08814000000000001,0.046714159999997486,0.0332669600000034,0.04086855999999807
0.08815,0.03889967999999725,0.03936336000000406,0.06751983999999914
0.08816,0.05170612000000283,0.03252076000000028,0.0452627599999988
0.08817000000000001,0.03326147999999702,0.04050255999999904,0.056107439999998523
0.08818000000000001,0.05010024000000171,0.05078168000000003,0.04631831999999861
0.08819,0.04245895999999766,0.04002379999999972,0.03247679999999793
0.0882,0.04796055999999664,0.04626083999999913,0.039477319999998754
0.08821000000000001,0.0497929999999975,0.04131084000000396,0.04780615999999958
0.08822,0.04006059999999986,0.05454635999999985,0.038518080000002515
0.08823,0.04601923999999826,0.04911659999999829,0.03506960000000116
0.08824000000000001,0.050918360000002126,0.06341480000000023,0.03175411999999871
0.08825000000000001,0.0436482800000013,0.04252071999999953,0.05242536000000064
0.08826,0.04461283999999803,0.04428843999999913,0.032524960000001414
0.08827,0.04368444000000346,0.05690791999999892,0.04682004000000071
0.08828000000000001,0.04285036000000288,0.054956519999999606,0.04006264000000272
0.08829000000000001,0.04483836000000129,0.03543555999999945,0.02877359999999987
0.0883,0.047451960000002104,0.03233475999999855,0.037054640000000715
0.08831000000000001,0.03682935999999673,0.04170260000000362,0.04474940000000216
0.08832000000000001,0.04865948000000031,0.0511836400000041,0.04516304000000117
0.08833,0.04117475999999659,0.049902680000003787,0.028532519999998958
0.08834,0.04466027999999567,0.04986648000000334,0.03377183999999632
0.08835000000000001,0.04298284000000008,0.041140080000003486,0.044893519999997675
0.08836000000000001,0.04274603999999784,0.04357568000000341,0.043283199999997295
0.08837,0.04585659999999757,0.03342088000000207,0.04335927999999738
0.08838000000000001,0.03715267999999687,0.04339304000000409,0.04001303999999749
0.08839000000000001,0.04297411999999909,0.03914420000000046,0.044607640000000656
0.0884,0.037903919999996254,0.03495800000000142,0.03917295999999775
0.08841,0.03332503999999617,0.037681840000002104,0.030233840000001365
0.08842000000000001,0.03970984000000164,0.03596756000000472,0.03793096000000196
0.08843000000000001,0.038451520000000315,0.030178800000001917,0.05561911999999777
0.08844,0.04373120000000097,0.032586680000003775,0.04676743999999721
0.08845,0.04176928000000432,0.04807704000000282,0.057755920000001224
0.08846000000000001,0.05145852000000134,0.048504480000002397,0.04584416000000193
0.08847000000000001,0.03317391999999702,0.053741160000002806,0.05075235999999978
0.08848,0.044655040000002345,0.04502683999999736,0.03991175999999769
0.08849000000000001,0.05461056000000159,0.05773780000000151,0.04946636000000207
0.08850000000000001,0.044979960000001075,0.05671544000000296,0.04505344000000392
0.08851,0.06280396000000328,0.05825387999999899,0.04429795999999887
0.08852,0.049108880000000944,0.04145387999999886,0.0458532000000017
0.08853000000000001,0.04039780000000082,0.03674572000000048,0.03508500000000277
0.08854000000000001,0.04778303999999747,0.04389903999999584,0.057149000000000325
0.08855,0.04180723999999903,0.052049840000001305,0.04130520000000337
0.08856000000000001,0.03747231999999801,0.03938704000000276,0.050061960000002764
0.08857000000000001,0.04759612000000078,0.04707791999999821,0.060306360000004014
0.08858,0.032811160000000957,0.051910240000002966,0.04122680000000279
0.08859,0.05599224000000126,0.045595480000002485,0.044334280000003626
0.08860000000000001,0.04462136000000153,0.042867919999997894,0.041956799999998455
0.08861000000000001,0.05265712000000149,0.03812532000000264,0.0422283600000034
0.08862,0.036717280000001774,0.030118639999996658,0.03780859999999824
0.08863,0.03919284000000163,0.031805120000001526,0.028709240000001635
0.08864000000000001,0.0583045600000013,0.0423565200000002,0.03603536000000249
0.08865,0.0392350400000003,0.057236080000000765,0.02009092000000182
0.08866,0.043396880000001366,0.04972592000000184,0.037843679999998256
0.08867000000000001,0.06171368000000139,0.03805319999999881,0.03260488000000045
0.08868000000000001,0.050374000000002514,0.030467519999998235,0.048122800000000264
0.08869,0.04682736000000086,0.04239459999999796,0.051869759999999786
0.0887,0.046302840000003787,0.039231999999997665,0.04748867999999917
0.08871000000000001,0.04894416000000316,0.027756239999999734,0.04302187999999885
0.08872000000000001,0.04185879999999808,0.040426559999998515,0.048195479999998146
0.08873,0.04465968000000122,0.03738511999999748,0.048482239999999704
0.08874000000000001,0.04471563999999802,0.03670327999999937,0.06485788000000346
0.08875000000000001,0.0384073199999958,0.029713520000003282,0.04657615999999895
0.08876,0.04314288000000071,0.03969287999999773,0.056528999999998865
0.08877,0.041438360000000674,0.03338576000000305,0.06086240000000384
0.08878000000000001,0.04558807999999949,0.02815667999999929,0.050890280000003424
0.08879000000000001,0.04650467999999824,0.03101235999999875,0.05317216000000343
0.0888,0.046710759999998124,0.04304500000000179,0.04633124000000323
0.08881000000000001,0.040937959999998226,0.04018044000000114,0.0442418399999995
0.08882000000000001,0.04685827999999599,0.03429231999999776,0.04035688000000374
0.08883,0.04568099999999646,0.027017719999998926,0.04422212000000047
0.08884,0.04818971999999716,0.03903880000000235,0.052887480000000285
0.08885000000000001,0.03391907999999575,0.05287288000000007,0.03932696000000353
0.08886000000000001,0.031144439999995534,0.04257428000000344,0.02592836000000122
0.08887,0.03001043999999562,0.0515849600000038,0.043847639999998474
0.08888,0.041088640000000835,0.03391827999999804,0.038824719999998335
0.08889000000000001,0.03423131999999598,0.03947819999999939,0.042736479999997
0.0889,0.03898171999999708,0.045417760000000175,0.03503527999999968
0.08891,0.05237987999999863,0.05290587999999942,0.04143244000000156
0.08892000000000001,0.03340067999999533,0.04439347999999771,0.04757543999999941
0.08893000000000001,0.03621963999999575,0.029711279999996527,0.034574359999997036
0.08894,0.03854092000000062,0.03755028000000295,0.03618471999999702
0.08895,0.045408039999996944,0.032442440000001765,0.04053703999999896
0.08896000000000001,0.05028939999999874,0.03530044000000196,0.05733703999999904
0.08897000000000001,0.032971519999996195,0.029647160000001935,0.05973703999999945
0.08898,0.032448399999996685,0.047948960000001595,0.05223183999999848
0.08899000000000001,0.04651819999999821,0.033096280000002726,0.033751959999996535
0.08900000000000001,0.04949763999999876,0.037462520000001685,0.030474799999996974
0.08901,0.04593267999999888,0.03312824000000319,0.04136263999999884
0.08902,0.05070395999999837,0.03138812000000268,0.036633079999999936
0.08903000000000001,0.038683239999997496,0.052827800000002575,0.0492374399999968
0.08904000000000001,0.04478563999999607,0.03677708000000368,0.04830323999999647
0.08905,0.05741940000000133,0.03366840000000343,0.04064596000000166
0.08906000000000001,0.07357272000000167,0.049628160000003564,0.03166503999999754
0.08907000000000001,0.04924191999999581,0.0471082800000015,0.040779519999996953
0.08908,0.06640924000000134,0.024801520000000632,0.0417660800000018
0.08909,0.051786480000000745,0.038227599999996635,0.04988480000000293
0.08910000000000001,0.06082296000000115,0.032083679999998616,0.03454603999999781
0.08911000000000001,0.05325851999999596,0.029363919999998437,0.04099479999999704
0.08912,0.06281764000000103,0.05000431999999965,0.042197879999999396
0.08913,0.039053519999996025,0.038460919999999926,0.03339823999999605
0.08914000000000001,0.053776959999999284,0.047759039999999385,0.029253599999995328
0.08915000000000001,0.05407495999999577,0.054566480000001236,0.03913779999999692
0.08916,0.04877072000000202,0.054456039999999754,0.043855839999997946
0.08917000000000001,0.049505360000000574,0.05046076000000443,0.045512359999998406
0.08918000000000001,0.04095252000000064,0.03886160000000381,0.04615883999999604
0.08919,0.05182643999999621,0.04818032000000019,0.061563400000001434
0.0892,0.05272427999999863,0.04045252000000486,0.04169227999999755
0.08921000000000001,0.05589843999999605,0.053298519999999315,0.036729879999995926
0.08922000000000001,0.06563127999999833,0.05060072000000001,0.04251604000000142
0.08923,0.039527599999997894,0.05179948000000145,0.02786763999999583
0.08924000000000001,0.03557019999999574,0.05618268000000437,0.02741220000000099
0.08925000000000001,0.048527120000001055,0.06113504000000141,0.030235760000000046
0.08926,0.03573447999999786,0.04115620000000253,0.04115224000000185
0.08927,0.03840931999999595,0.043377839999999626,0.03431515999999885
0.08928000000000001,0.04857051999999594,0.04386520000000289,0.03671212000000326
0.08929000000000001,0.048877599999996336,0.04773032000000467,0.0362898000000032
0.0893,0.04574379999999674,0.055051280000004164,0.04597100000000407
0.08931,0.046859039999998256,0.03993259999999975,0.04105631999999802
0.08932000000000001,0.0432500399999964,0.03911835999999964,0.042072040000002565
0.08933,0.04916331999999954,0.04379679999999953,0.04059056000000367
0.08934,0.04867159999999753,0.0484908799999991,0.04922263999999877
0.08935000000000001,0.059900880000001544,0.042121200000004126,0.03901464000000106
0.08936000000000001,0.05102667999999764,0.053525240000000744,0.04163920000000489
0.08937,0.03442167999999595,0.04007468000000465,0.03246372000000292
0.08938,0.04582220000000154,0.04814012000000339,0.04951860000000091
0.08939000000000001,0.03223691999999652,0.04202468000000353,0.040530160000003215
0.08940000000000001,0.03575067999999729,0.03662424000000419,0.052212080000002846
0.08941,0.04319812000000112,0.045717000000005115,0.04617828000000334
0.08942000000000001,0.05008328000000117,0.029239000000003137,0.04948644000000374
0.08943000000000001,0.04499671999999712,0.03794264000000054,0.05192668000000188
0.08944,0.04133039999999708,0.029322160000000715,0.031274680000000374
0.08945,0.04647267999999725,0.027305000000003302,0.04291592000000382
0.08946000000000001,0.04273947999999609,0.03224916000000155,0.04606188000000273
0.08947000000000001,0.04604452000000185,0.02346348000000295,0.03824143999999738
0.08948,0.058470800000001925,0.03340548000000217,0.043039279999999534
0.08949000000000001,0.04310491999999641,0.038546559999999216,0.047439640000004474
0.08950000000000001,0.05106051999999774,0.03351624000000418,0.041503840000002436
0.08951,0.0482261599999986,0.04229895999999687,0.03472451999999866
0.08952,0.043021480000002554,0.04017716000000242,0.03963679999999822
0.08953000000000001,0.04285612000000302,0.045138559999999675,0.04034519999999492
0.08954000000000001,0.0448465599999966,0.033739759999996455,0.04563611999999877
0.08955,0.04189444000000137,0.050391640000002555,0.049581399999998506
0.08956,0.045810599999997335,0.047243920000001244,0.047737719999999026
0.08957000000000001,0.04466239999999788,0.05386956000000064,0.05202783999999935
0.08958,0.06830491999999766,0.046767480000001596,0.038885600000003406
0.08959,0.04060143999999643,0.04303344000000137,0.04672912000000268
0.08960000000000001,0.0451084399999975,0.037935079999999934,0.04083680000000362
0.08961000000000001,0.05446283999999739,0.03475564000000261,0.040578680000001296
0.08962,0.0419084399999973,0.03020452000000209,0.04200884000000317
0.08963,0.04570555999999715,0.04335220000000144,0.03460224000000156
0.08964000000000001,0.044110559999997336,0.030430600000002982,0.04162356000000197
0.08965000000000001,0.05169671999999607,0.03163523999999967,0.03508051999999681
0.08966,0.04730843999999647,0.0430080799999985,0.044739479999999
0.08967000000000001,0.0508975999999958,0.03604667999999945,0.052699479999999965
0.08968000000000001,0.04941855999999691,0.03910968000000367,0.05409556000000024
0.08969,0.04711427999999697,0.029864600000002385,0.044342439999997325
0.0897,0.04534040000000105,0.0395979600000027,0.04484847999999687
0.08971000000000001,0.053584239999996564,0.05355128000000114,0.05323571999999994
0.08972000000000001,0.04604560000000277,0.039575559999996006,0.04738536000000212
0.08973,0.05166852000000163,0.03881528000000233,0.04448547999999921
0.08974000000000001,0.06367515999999894,0.03133864000000074,0.03798675999999816
0.08975000000000001,0.04609959999999881,0.03444996000000332,0.0290326400000008
0.08976,0.05325331999999961,0.029987840000002035,0.035705200000000485
0.08977,0.054966800000000086,0.03471284000000257,0.03539928000000109
0.08978000000000001,0.0533047999999985,0.03517500000000243,0.038103560000003124
0.08979000000000001,0.04589063999999883,0.036697599999998366,0.04723351999999968
0.0898,0.036912959999997066,0.03832244000000108,0.03946015999999947
0.08981,0.030909679999996015,0.03658116000000276,0.04019456000000441
0.08982000000000001,0.034267799999995435,0.04342480000000174,0.04275076000000463
0.08983000000000001,0.048558799999998875,0.045859680000002866,0.04954588000000355
0.08984,0.05364283999999931,0.040240640000001125,0.04023240000000339
0.08985000000000001,0.048974400000002666,0.050148080000002454,0.037104799999999036
0.08986000000000001,0.05894872000000044,0.03666183999999584,0.040799760000002475
0.08987,0.05952055999999906,0.0337636799999979,0.03652499999999775
0.08988,0.056018320000003265,0.03537896000000259,0.029276800000001168
0.08989000000000001,0.051211120000003364,0.03801968000000174,0.03344143999999977
0.08990000000000001,0.05537627999999837,0.05097044000000299,0.031302079999997505
0.08991,0.051637600000001754,0.03274172000000036,0.027997199999996444
0.08992000000000001,0.03786731999999592,0.049048840000004146,0.034225079999999984
0.08993000000000001,0.04286852000000078,0.035132880000002496,0.03461471999999978
0.08994,0.042682519999998746,0.03809560000000229,0.037532839999998645
0.08995,0.05343788000000245,0.0358349200000019,0.045261199999998135
0.08996000000000001,0.05577551999999942,0.04267040000000044,0.058442959999998344
0.08997000000000001,0.055774439999999745,0.026612519999999293,0.04387983999999841
0.08998,0.060081679999999776,0.046601439999999536,0.04496619999999853
0.08999,0.049118520000003066,0.03442567999999921,0.0413918800000004
0.09000000000000001,0.06281824000000225,0.03992152000000313,0.033053679999997296
0.09001,0.05267940000000137,0.0431026000000031,0.052588360000002755
0.09002,0.0492617200000011,0.04955300000000379,0.035780200000001906
0.09003000000000001,0.05126895999999907,0.04134876000000194,0.046522439999997355
0.09004000000000001,0.05774559999999707,0.03303652000000479,0.03455847999999976
0.09005,0.05078340000000126,0.037649960000001245,0.048939759999999916
0.09006,0.051452839999996725,0.034771520000002415,0.02730572000000001
0.09007000000000001,0.059859239999996275,0.02997744000000541,0.03473704000000047
0.09008000000000001,0.057864399999997894,0.0391258800000048,0.03538324000000254
0.09009,0.05541123999999804,0.03593107999999818,0.03343083999999952
0.09010000000000001,0.045314079999997765,0.042546719999998234,0.03410243999999867
0.09011000000000001,0.051992719999996245,0.04526639999999847,0.03860636000000419
0.09012,0.05264759999999755,0.043493600000002186,0.04001200000000164
0.09013,0.05505151999999848,0.037936719999999195,0.030209720000003406
0.09014000000000001,0.05749683999999957,0.03477067999999927,0.038920840000000796
0.09015000000000001,0.04167223999999747,0.036957000000003404,0.03163708000000441
0.09016,0.03939827999999645,0.04171180000000264,0.042382440000002915
0.09017000000000001,0.045612119999996564,0.03764152000000398,0.047469800000003635
0.09018000000000001,0.04958827999999809,0.04605032000000034,0.03498048000000428
0.09019,0.04824267999999774,0.05265456000000569,0.0431776400000033
0.0902,0.04290639999999714,0.03963140000000064,0.034749439999997585
0.09021000000000001,0.046981960000001495,0.037778920000003956,0.0384751200000032
0.09022000000000001,0.04390524000000071,0.04468024000000058,0.0369589200000029
0.09023,0.04840852000000089,0.045526199999999364,0.03903228000000221
0.09024,0.04689451999999741,0.03920376000000396,0.038545000000002536
0.09025000000000001,0.04273275999999666,0.04167672000000511,0.03411544000000019
0.09026,0.04604795999999758,0.036069640000004226,0.050248840000004395
0.09027,0.036452000000001594,0.040500920000005144,0.04868252000000165
0.09028000000000001,0.049722760000001,0.036807840000004456,0.05145372000000199
0.09029000000000001,0.03979487999999662,0.03793292000000288,0.04628836000000386
0.0903,0.04632287999999688,0.031282080000003126,0.05164156000000161
0.09031,0.04316959999999788,0.04030780000000226,0.034460400000000946
0.09032000000000001,0.041229039999998704,0.03791564000000264,0.05496432000000193
0.09033000000000001,0.04686627999999814,0.03954104000000047,0.040188720000002016
0.09034,0.036837319999995996,0.040731000000002786,0.029838719999997456
0.09035000000000001,0.05884255999999858,0.04358916000000272,0.032891440000001576
0.09036000000000001,0.04210723999999635,0.04239284000000114,0.04705191999999712
0.09037,0.05122311999999731,0.047434400000001854,0.050342960000001956
0.09038,0.04078475999999725,0.04005700000000257,0.04123543999999732
0.09039000000000001,0.05891367999999744,0.03951320000000111,0.041886679999997206
0.09040000000000001,0.042061439999995634,0.032885640000002485,0.03242155999999687
0.09041,0.057032199999998326,0.04062240000000208,0.03638831999999913
0.09042000000000001,0.06810183999999866,0.0357356800000045,0.04742732000000012
0.09043000000000001,0.04768751999999749,0.04306675999999959,0.03738787999999806
0.09044,0.04963591999999631,0.029583600000004005,0.038624239999998686
0.09045,0.0441091999999964,0.03798360000000407,0.02716847999999968
0.09046000000000001,0.05165451999999721,0.03366092000000286,0.040365760000004566
0.09047000000000001,0.05396471999999633,0.042796280000002844,0.049600280000004486
0.09048,0.04899663999999717,0.036970639999999694,0.03998820000000444
0.09049,0.05225719999999705,0.04465643999999978,0.03952300000000429
0.09050000000000001,0.05124511999999726,0.03394836000000361,0.04437492000000232
0.09051000000000001,0.05036215999999719,0.028128880000004765,0.03616195999999659
0.09052,0.04305675999999666,0.03575332000000317,0.037127920000002215
0.09053000000000001,0.04524607999999684,0.038025519999999036,0.05272260000000314
0.09054000000000001,0.04545727999999748,0.041207599999998956,0.03220132000000067
0.09055,0.050891799999996594,0.024470319999998623,0.04028720000000032
0.09056,0.05197175999999724,0.0237932799999991,0.032911320000000605
0.09057000000000001,0.05454819999999748,0.04317960000000309,0.046139440000001114
0.09058000000000001,0.046317119999997755,0.04771124000000102,0.03632492000000243
0.09059,0.05301895999999845,0.032388400000001,0.04311000000000351
0.09060000000000001,0.04967591999999806,0.033418680000002136,0.044343120000001075
0.09061000000000001,0.05270495999999711,0.04653351999999766,0.0542548400000018
0.09062,0.05716755999999881,0.029199919999999397,0.03841144000000035
0.09063,0.06171555999999921,0.03746708000000243,0.04599324000000077
0.09064000000000001,0.04889799999999846,0.03924431999999836,0.04016560000000192
0.09065000000000001,0.04561255999999817,0.033178240000002066,0.05010232000000165
0.09066,0.05062112000000235,0.040375199999998765,0.034952840000002816
0.09067,0.04771407999999716,0.0397779999999987,0.04727736000000362
0.09068000000000001,0.0463293999999967,0.04787207999999759,0.04974008000000442
0.09069,0.059741200000001805,0.05238927999999903,0.03675552000000263
0.0907,0.050300280000000475,0.04503011999999835,0.04427712000000224
0.09071000000000001,0.05869928000000223,0.032598640000000706,0.039073840000003274
0.09072000000000001,0.055269799999998495,0.03620456000000192,0.03847815999999864
0.09073,0.06514228000000168,0.0295422399999991,0.05388760000000268
0.09074,0.04525019999999671,0.03508199999999958,0.05136516000000278
0.09075000000000001,0.05430040000000043,0.0318560800000005,0.04718888000000248
0.09076000000000001,0.05490391999999611,0.030183199999998227,0.04584288000000416
0.09077,0.05527511999999652,0.033730279999998815,0.04529332000000334
0.09078000000000001,0.05594276000000106,0.03644995999999922,0.0492102800000033
0.09079000000000001,0.05277043999999736,0.0315557999999975,0.038811280000002835
0.0908,0.05104047999999697,0.056323480000000904,0.042196400000002354
0.09081,0.045222439999996686,0.028936599999999955,0.03345212000000147
0.09082000000000001,0.04311567999999768,0.035319439999997065,0.04489908000000195
0.09083000000000001,0.05058367999999661,0.0572397200000029,0.03322836000000406
0.09084,0.043099519999996255,0.053815999999998504,0.04462339999999947
0.09085000000000001,0.05000855999999664,0.039487999999999926,0.04031420000000211
0.09086000000000001,0.049005159999996294,0.03622092000000375,0.03920704000000371
0.09087,0.05317783999999697,0.040264480000001164,0.04926276000000366
0.09088,0.05006215999999725,0.03480764000000227,0.04479088000000361
0.09089000000000001,0.061160679999997754,0.026338120000003615,0.0530986400000007
0.09090000000000001,0.055141719999997896,0.028500039999999345,0.03508340000000311
0.09091,0.04545816000000069,0.032586440000001535,0.03623880000000137
0.09092,0.06623984000000159,0.05238388000000225,0.039776840000004046
0.09093000000000001,0.05932463999999676,0.03446384000000168,0.05312420000000462
0.09094000000000001,0.04341695999999626,0.02996188000000143,0.05051576000000473
0.09095,0.04294531999999817,0.049544360000003285,0.03905132000000386
0.09096000000000001,0.05734643999999956,0.051997560000002885,0.0346486000000041
0.09097000000000001,0.05202047999999866,0.04014883999999853,0.045165720000004225
0.09098,0.0497995999999977,0.05309707999999762,0.047175440000004565
0.09099,0.04809451999999723,0.04618195999999905,0.043156720000004485
0.09100000000000001,0.05007984000000207,0.044872879999997325,0.03832452000000523
0.09101000000000001,0.05666459999999853,0.033681959999998234,0.050202760000003815
0.09102,0.06258872000000273,0.03807847999999998,0.04954932000000396
0.09103000000000001,0.051865399999997994,0.03084875999999963,0.05841268000000388
0.09104000000000001,0.04463731999999728,0.03198867999999882,0.05859340000000364
0.09105,0.05391472000000124,0.04243799999999952,0.054156840000004106
0.09106,0.06255276000000262,0.03583747999999929,0.05852680000000373
0.09107000000000001,0.06008171999999759,0.048944559999999866,0.06758132000000455
0.09108000000000001,0.04978831999999746,0.041958919999999005,0.05575984000000427
0.09109,0.046916159999997514,0.0611841999999994,0.0485960800000035
0.09110000000000001,0.06264971999999934,0.044395079999999025,0.054442840000002164
0.09111000000000001,0.05354519999999753,0.04509836000000004,0.056474760000003364
0.09112,0.06045167999999779,0.04588455999999889,0.042481000000003245
0.09113,0.047393199999996645,0.053343240000000014,0.05033251999999778
0.09114000000000001,0.04540735999999679,0.04229895999999918,0.05009284000000236
0.09115000000000001,0.04724599999999721,0.04315064000000092,0.04242475999999938
0.09116,0.045591719999999225,0.024909039999999015,0.041375640000002094
0.09117,0.047985759999996776,0.026325600000001375,0.0403109600000032
0.09118000000000001,0.041565479999996595,0.03841228000000322,0.049492760000001516
0.09119000000000001,0.03871063999999637,0.03977335999999911,0.040651560000003494
0.0912,0.041917360000002915,0.02882971999999784,0.04321924000000321
0.09121000000000001,0.04303776000000337,0.047956359999999566,0.028226160000002824
0.09122000000000001,0.04915651999999862,0.04766460000000048,0.03207268000000336
0.09123,0.049520960000003084,0.05039732000000238,0.04378900000000137
0.09124,0.03140832000000055,0.03208424000000307,0.03389656000000054
0.09125000000000001,0.04458708000000156,0.03662924000000334,0.03926307999999844
0.09126000000000001,0.04747167999999837,0.031792320000003975,0.03132004000000002
0.09127,0.041130199999998146,0.034743320000001285,0.03486859999999846
0.09128000000000001,0.05283155999999851,0.036445440000002646,0.041385599999998364
0.09129000000000001,0.053459639999999475,0.035438520000001375,0.04332308000000062
0.0913,0.0419911600000039,0.05523304000000161,0.03921836000000348
0.09131,0.054670839999998964,0.0434226400000031,0.02953899999999667
0.09132000000000001,0.05472927999999717,0.038871960000002447,0.02886739999999843
0.09133000000000001,0.04067083999999883,0.04844796000000129,0.02712499999999942
0.09134,0.04980699999999577,0.056557840000000935,0.035685920000001065
0.09135,0.04549895999999857,0.06439680000000367,0.035245600000002326
0.09136000000000001,0.04121111999999797,0.04412732000000407,0.040230360000003636
0.09137,0.04886756000000051,0.042999600000002754,0.03277448000000241
0.09138,0.05554251999999878,0.062898400000004,0.04297688000000114
0.09139000000000001,0.050652439999997446,0.053628800000002516,0.03700399999999698
0.09140000000000001,0.046735519999998754,0.037200160000002556,0.0333401999999997
0.09141,0.05841887999999891,0.042164120000003025,0.03956720000000126
0.09142,0.05478635999999896,0.03525732000000272,0.03327664000000042
0.09143000000000001,0.05336507999999854,0.038754520000002686,0.0398218399999999
0.09144000000000001,0.06221627999999881,0.03902855999999734,0.028236439999998874
0.09145,0.062073600000003365,0.03784275999999714,0.041873360000002025
0.09146000000000001,0.061600399999999104,0.05026939999999892,0.03500036000000269
0.09147000000000001,0.04705135999999894,0.04090311999999914,0.03683964000000201
0.09148,0.05740140000000042,0.0402537599999998,0.033782679999997366
0.09149,0.05228795999999775,0.04331391999999956,0.032822799999997286
0.09150000000000001,0.03894535999999748,0.035522200000000316,0.02911219999999939
0.09151000000000001,0.04364551999999837,0.04476447999999779,0.03171331999999762
0.09152,0.04771571999999847,0.043059400000004244,0.04547183999999761
0.09153000000000001,0.04495399999999994,0.03884004000000316,0.039458639999999844
0.09154000000000001,0.0390247600000002,0.045305200000003876,0.04430976000000017
0.09155,0.041836120000000976,0.054418760000003,0.05628895999999792
0.09156,0.048706519999998484,0.05001876000000432,0.05038284000000284
0.09157000000000001,0.03448260000000097,0.05243923999999894,0.04237800000000247
0.09158000000000001,0.03579031999999636,0.03725108000000237,0.029818360000002292
0.09159,0.052570639999999426,0.05048060000000584,0.049082760000002064
0.0916,0.04552183999999867,0.047373080000003856,0.045819320000001794
0.09161000000000001,0.04794583999999869,0.04818256000000503,0.041816360000002106
0.09162000000000001,0.03495680000000236,0.045757600000003375,0.04205492000000394
0.09163,0.051914720000003585,0.04684724000000308,0.03140264000000369
0.09164000000000001,0.04990283999999879,0.046340200000005195,0.05206516000000221
0.09165000000000001,0.03886959999999851,0.03725020000000465,0.04849008000000296
0.09166,0.06320776000000387,0.047896480000002795,0.04174024000000108
0.09167,0.05228900000000101,0.044080600000005944,0.03651188000000374
0.09168000000000001,0.04976239999999751,0.047110600000003416,0.033834320000002624
0.09169000000000001,0.04016567999999619,0.04711780000000525,0.027782639999998984
0.0917,0.039009159999996365,0.052983960000001246,0.028308439999998734
0.09171000000000001,0.060894679999996815,0.043306520000004324,0.03092440000000305
0.09172000000000001,0.05853991999999653,0.04312720000000546,0.047390800000002085
0.09173,0.04148191999999643,0.03765172000000525,0.049736640000003884
0.09174,0.05813263999999627,0.03729732000000531,0.045618680000003006
0.09175000000000001,0.049217959999996716,0.03795112000000063,0.04788604000000444
0.09176000000000001,0.040699159999997826,0.04068456000000275,0.035284760000004675
0.09177,0.053153999999997516,0.04051096000000527,0.03880132000000035
0.09178000000000001,0.03731576000000069,0.04796848000000097,0.030644840000004496
0.09179000000000001,0.04003239999999564,0.05861016000000516,0.023006680000003884
0.0918,0.046793919999998254,0.04004540000000474,0.025260880000003972
0.09181,0.03880776000000112,0.0370016400000031,0.03024944000000337
0.09182000000000001,0.03707571999999677,0.037125920000004003,0.040280120000001404
0.09183000000000001,0.033299119999996275,0.04890032000000088,0.03988180000000266
0.09184,0.04490875999999579,0.03265916000000458,0.03962280000000331
0.09185,0.04379107999999747,0.04782804000000502,0.033636520000001245
0.09186000000000001,0.03861631999999825,0.04072344000000562,0.03894015999999767
0.09187000000000001,0.04388603999999838,0.044952560000001134,0.039182800000003036
0.09188,0.03223931999999659,0.04061032000000569,0.031176400000002654
0.09189000000000001,0.039443119999997084,0.050952360000003305,0.03947051999999819
0.09190000000000001,0.0485023200000015,0.05403840000000356,0.05686444000000253
0.09191,0.0440182400000013,0.066199720000004,0.0470966799999976
0.09192,0.034380279999996044,0.05430836000000413,0.033176200000000315
0.09193000000000001,0.0533258799999968,0.05697052000000387,0.025852680000003448
0.09194000000000001,0.036176639999996194,0.047805600000003494,0.035053319999998986
0.09195,0.046574919999997244,0.06175284000000354,0.04032683999999863
0.09196000000000001,0.03534479999999622,0.04789708000000375,0.03644556000000398
0.09197000000000001,0.05281743999999798,0.05675920000000097,0.04956168000000059
0.09198,0.045039560000002234,0.045338440000005836,0.04707476000000024
0.09199,0.05802535999999808,0.044471360000003214,0.04932195999999966
0.09200000000000001,0.04645008000000073,0.04376632000000268,0.03125419999999926
0.09201000000000001,0.04628919999999671,0.044173000000004514,0.046801759999999304
0.09202,0.04774011999999597,0.0440663600000041,0.038755000000003904
0.09203,0.04551199999999645,0.03902460000000409,0.048881599999998235
0.09204000000000001,0.03254679999999564,0.03543640000000127,0.03656028000000299
0.09205,0.04280272000000153,0.03361900000000134,0.040991240000003405
0.09206,0.04281500000000087,0.04570552000000344,0.03771756000000256
0.09207000000000001,0.057377199999998095,0.04758252000000537,0.04349875999999812
0.09208000000000001,0.04040603999999765,0.03827072000000188,0.04062344000000325
0.09209,0.041050279999995984,0.03971164000000353,0.06476459999999895
0.0921,0.057454679999996955,0.046204040000003326,0.04695011999999846
0.09211000000000001,0.03997267999999892,0.0316657200000036,0.042643880000000384
0.09212000000000001,0.04570476000000055,0.04196424000000277,0.039583000000000736
0.09213,0.04664411999999797,0.047159960000001486,0.057589759999995924
0.09214000000000001,0.05301271999999703,0.029671000000002497,0.03547931999999765
0.09215000000000001,0.05007743999999905,0.0333819600000003,0.0415126399999978
0.09216,0.04067243999999679,0.03900147999999847,0.04852020000000063
0.09217,0.05763780000000027,0.04367295999999777,0.05347960000000037
0.09218000000000001,0.05226880000000197,0.03383780000000272,0.04063936000000089
0.09219000000000001,0.04846951999999869,0.05148012000000338,0.029078759999999114
0.0922,0.03782683999999599,0.04305852000000255,0.03212832000000226
0.09221000000000001,0.05230888000000062,0.028055720000002435,0.05106720000000173
0.09222000000000001,0.03776051999999514,0.03955644000000105,0.03893448000000359
0.09223,0.03885051999999754,0.0381592400000034,0.03855308000000255
0.09224,0.035199960000002146,0.05480712000000479,0.02924440000000266
0.09225000000000001,0.048995760000000346,0.03750292000000382,0.0446123200000008
0.09226000000000001,0.032941880000002664,0.04152464000000297,0.04131544000000049
0.09227,0.039204840000003814,0.036362280000003244,0.028698320000003497
0.09228,0.05130692000000167,0.040995720000001755,0.041626720000004204
0.09229000000000001,0.04916500000000105,0.026947920000001468,0.040993840000002994
0.09230000000000001,0.05679296000000174,0.038870079999999384,0.03631880000000502
0.09231,0.049427200000001274,0.04135228000000263,0.027967120000001636
0.09232000000000001,0.04396652000000083,0.024724479999998914,0.0411590800000022
0.09233000000000001,0.04292459999999731,0.05384856000000161,0.04597792000000335
0.09234,0.05181108000000105,0.03952160000000349,0.04357260000000307
0.09235,0.041052639999997004,0.037509439999998895,0.04999220000000238
0.09236000000000001,0.05266223999999568,0.034305959999999594,0.04976628000000138
0.09237000000000001,0.04672020000000096,0.03343392000000509,0.04036988000000296
0.09238,0.03820059999999509,0.035230600000003214,0.03848496000000244
0.09239000000000001,0.03156052000000039,0.03981204000000239,0.03745036000000169
0.09240000000000001,0.034475759999997545,0.045114600000001906,0.04308567999999782
0.09241,0.03692467999999603,0.037132720000001146,0.038731160000000174
0.09242,0.06146123999999768,0.04325720000000452,0.03933268000000376
0.09243000000000001,0.05286060000000169,0.031565080000004866,0.03518595999999994
0.09244000000000001,0.040589640000001724,0.040653000000004436,0.04540295999999906
0.09245,0.051856639999997976,0.04882604000000521,0.030108759999999065
0.09246000000000001,0.045600359999995795,0.04897007999999946,0.031615840000002345
0.09247000000000001,0.03842651999999642,0.04364084000000376,0.042857680000003166
0.09248,0.04311836000000062,0.03730568000000305,0.03085460000000497
0.09249,0.052979840000001166,0.03132996000000408,0.023443440000002508
0.09250000000000001,0.05324896000000047,0.03102159999999926,0.0354350400000041
0.09251000000000001,0.04094588000000024,0.041721079999999786,0.05054180000000436
0.09252,0.045913840000000476,0.04614048000000426,0.03573087999999886
0.09253,0.03303844000000074,0.03851980000000367,0.03001595999999961
0.09254000000000001,0.046086360000000666,0.04392479999999852,0.022626119999999243
0.09255000000000001,0.05357656000000077,0.04183535999999848,0.02873364000000107
0.09256,0.04884316000000139,0.0410421200000048,0.03561899999999759
0.09257000000000001,0.03627500000000132,0.054693520000001335,0.03993503999999804
0.09258000000000001,0.04101835999999867,0.04205864000000074,0.03202971999999612
0.09259,0.05520295999999716,0.042250239999998246,0.039284559999996284
0.0926,0.05523132000000199,0.046511599999999216,0.04873212000000138
0.09261000000000001,0.049114920000002324,0.04362415999999883,0.046684679999997376
0.09262000000000001,0.039819839999996186,0.04483616000000048,0.04713532000000011
0.09263,0.04617799999999868,0.03214883999999818,0.041438759999999464
0.09264000000000001,0.050124720000002364,0.041459399999999764,0.027884000000001824
0.09265000000000001,0.04486091999999855,0.037913359999999265,0.030195280000002874
0.09266,0.04809748000000051,0.03567271999999909,0.04121692000000387
0.09267,0.045394199999998545,0.025772039999998015,0.035321240000004264
0.09268000000000001,0.04603472000000266,0.033641479999999155,0.03184820000000324
0.09269000000000001,0.04454144000000089,0.040736280000000874,0.03511288000000265
0.0927,0.03194176000000069,0.03035323999999797,0.04766480000000286
0.09271,0.03988188000000084,0.034371439999997026,0.0500757199999984
0.09272000000000001,0.0413486400000008,0.03321087999999614,0.05855804000000319
0.09273,0.03681687999999857,0.0349654799999987,0.07130551999999825
0.09274,0.04721359999999788,0.02332815999999959,0.057793599999998634
0.09275000000000001,0.03608451999999772,0.0289040799999992,0.05048288000000297
0.09276000000000001,0.032375519999997146,0.024245520000001106,0.04034395999999871
0.09277,0.04789423999999857,0.03717396000000086,0.034416320000003164
0.09278,0.04989835999999783,0.03391099999999906,0.04176128000000336
0.09279000000000001,0.03435903999999738,0.029598479999995844,0.051420800000003763
0.09280000000000001,0.03410971999999712,0.040270120000000534,0.0442795200000001
0.09281,0.05070912000000105,0.03512788000000339,0.046378840000001385
0.09282000000000001,0.03364124000000068,0.04783371999999797,0.05182564000000146
0.09283000000000001,0.03828628000000057,0.03752964000000216,0.048208120000000895
0.09284,0.047137279999999115,0.03491223999999701,0.03389132000000065
0.09285,0.04594932000000166,0.029289919999997385,0.037610279999998365
0.09286000000000001,0.030117519999996893,0.03282776000000147,0.04907623999999862
0.09287000000000001,0.03932035999999684,0.02189880000000363,0.052009639999996395
0.09288,0.034455039999998306,0.040375760000002765,0.04280579999999882
0.09289000000000001,0.04718403999999829,0.04232968000000496,0.043499160000003784
0.09290000000000001,0.044020159999997595,0.03340424000000408,0.03904400000000464
0.09291,0.039503439999996275,0.04669488000000077,0.03991204000000369
0.09292,0.039819039999998175,0.03629308000000261,0.05227763999999949
0.09293000000000001,0.04587935999999926,0.04140876000000287,0.05283031999999902
0.09294000000000001,0.06571212000000093,0.029562120000000438,0.0357760400000036
0.09295,0.04219960000000027,0.04160300000000395,0.03864739999999986
0.09296,0.03774831999999815,0.03779604000000393,0.03401423999999884
0.09297000000000001,0.04806859999999838,0.02580647999999991,0.039324159999998894
0.09298000000000001,0.045712079999996075,0.04228524000000181,0.04773879999999941
0.09299,0.03842768000000314,0.031223559999998277,0.0485242000000045
0.09300000000000001,0.03395059999999604,0.049731400000004554,0.04963712000000418
0.09301000000000001,0.0412508799999989,0.054508199999999986,0.0277272000000035
0.09302,0.036129359999996474,0.03997076000000169,0.05097584000000195
0.09303,0.04262199999999778,0.039742559999999844,0.0490000400000017
0.09304000000000001,0.042771799999998535,0.042501560000004275,0.044767240000001866
0.09305000000000001,0.04686824000000028,0.047352560000004366,0.03601564000000092
0.09306,0.048207479999996014,0.05414216000000032,0.03347599999999914
0.09307000000000001,0.040027159999995315,0.0394030000000028,0.03635363999999833
0.09308000000000001,0.037667479999997186,0.06046880000000312,0.05177659999999839
0.09309,0.04550319999999649,0.06499140000000282,0.028475279999997896
0.0931,0.04066471999999621,0.050423000000003826,0.032261559999998725
0.09311000000000001,0.03226036000000165,0.04458972000000466,0.04318467999999921
0.09312000000000001,0.035129399999996536,0.040446200000002715,0.03956315999999862
0.09313,0.030294199999997547,0.04562724000000349,0.03660539999999995
0.09314000000000001,0.047232560000001624,0.04748436000000257,0.05043204000000033
0.09315000000000001,0.029542000000004023,0.03669128000000183,0.03682683999999859
0.09316,0.03988508000000176,0.052436840000001345,0.027332159999999935
0.09317,0.03900491999999819,0.029440080000002856,0.04326324000000404
0.09318000000000001,0.02916695999999636,0.021878999999999312,0.043041600000002886
0.09319000000000001,0.04314832000000173,0.0328194000000012,0.024623080000004106
0.0932,0.0386494400000013,0.0395272400000026,0.04494532000000169
0.09321,0.04702508000000032,0.05718724000000377,0.04965944000000393
0.09322000000000001,0.036142000000002616,0.056344040000004605,0.028060039999999845
0.09323000000000001,0.04344995999999816,0.04004164000000118,0.035597959999998874
0.09324,0.029034199999996374,0.03371816000000286,0.03714227999999983
0.09325000000000001,0.031029599999996983,0.03666815999999913,0.036131240000002916
0.09326000000000001,0.028833919999997248,0.04376679999999954,0.03467668000000517
0.09327,0.0547809199999962,0.0512166000000003,0.04724592000000353
0.09328,0.052612959999996205,0.03726235999999996,0.03881900000000529
0.09329000000000001,0.04946023999999716,0.047471360000001794,0.04471228000000586
0.09330000000000001,0.054530479999996835,0.04550292000000383,0.05383096000000575
0.09331,0.03554719999999618,0.04213672000000347,0.04842308000000419
0.09332000000000001,0.04636027999999637,0.04569763999999939,0.05091848000000479
0.09333000000000001,0.058518200000001304,0.035385239999997306,0.046846120000004446
0.09334,0.04429435999999716,0.02437743999999725,0.048261080000004945
0.09335,0.041619960000002516,0.0327669200000009,0.0357296800000045
0.09336000000000001,0.039624279999998166,0.02541628000000373,0.04898880000000038
0.09337000000000001,0.04601215999999984,0.030564360000003506,0.054294239999999945
0.09338,0.030775319999996043,0.037093200000001894,0.03920300000000212
0.09339,0.03597484000000035,0.0483040000000025,0.039190560000004315
0.09340000000000001,0.0341304399999959,0.04192156000000303,0.03604016000000186
0.09341,0.03331959999999676,0.039032920000002594,0.05732312000000258
0.09342,0.04304207999999802,0.0334802000000035,0.036875759999997246
0.09343000000000001,0.04445699999999942,0.04234976000000363,0.04234999999999924
0.09344000000000001,0.035479559999997835,0.038275320000000695,0.04234919999999661
0.09345,0.03606467999999917,0.04958392000000174,0.04413848000000092
0.09346,0.04215528000000012,0.026064999999999422,0.04609171999999973
0.09347000000000001,0.03340820000000369,0.04042876000000363,0.056285039999999065
0.09348000000000001,0.03167464000000338,0.046642400000004004,0.04336263999999795
0.09349,0.02765103999999582,0.034816600000004125,0.039947640000000506
0.09350000000000001,0.024008440000002025,0.048928840000002284,0.055236560000000955
0.09351000000000001,0.037840239999997916,0.04688440000000399,0.032028560000004404
0.09352,0.04101884000000192,0.02857100000000348,0.03202856000000411
0.09353,0.03697691999999976,0.04490044000000272,0.04406104000000169
0.09354000000000001,0.04314179999999888,0.04520340000000389,0.0438563200000043
0.09355000000000001,0.03424087999999747,0.027921320000002393,0.04228204000000274
0.09356,0.0341289200000034,0.03125323999999947,0.043752279999997735
0.09357000000000001,0.04690011999999789,0.03207299999999692,0.041790800000004576
0.09358000000000001,0.03117768000000308,0.039637999999998064,0.049910360000004074
0.09359,0.04374152000000454,0.04563311999999782,0.051520720000004266
0.0936,0.03221356000000191,0.04279284000000355,0.06270048000000378
0.09361000000000001,0.050752720000000036,0.046486199999997216,0.05493608000000274
0.09362000000000001,0.05984651999999953,0.03832595999999882,0.061076440000004124
0.09363,0.05268851999999768,0.030219840000000223,0.05278956000000415
0.09364,0.055645039999998945,0.03598631999999591,0.04462948000000227
0.09365000000000001,0.03825576000000092,0.033264119999996934,0.04728508000000434
0.09366000000000001,0.04122975999999918,0.04930691999999577,0.049590480000002865
0.09367,0.05150340000000203,0.04273536000000072,0.0489637200000042
0.09368000000000001,0.051978760000002774,0.04187888000000317,0.04329992000000462
0.09369000000000001,0.06258407999999996,0.039783999999998564,0.06071468000000501
0.0937,0.04915035999999889,0.051111560000003046,0.037346160000003036
0.09371,0.04452551999999879,0.05030760000000415,0.043797040000003805
0.09372000000000001,0.04544472000000271,0.04777363999999945,0.040207640000003805
0.09373000000000001,0.024371279999998295,0.05448807999999803,0.048554440000003335
0.09374,0.048168639999999346,0.04874224000000317,0.03555752000000365
0.09375000000000001,0.03221959999999569,0.03753796000000354,0.03547092000000285
0.09376000000000001,0.04738352000000025,0.033647920000003245,0.04116388000000308
0.09377,0.045122360000000895,0.04637907999999852,0.0393675600000028
0.09378,0.04814644000000065,0.05293104000000348,0.04211656000000468
0.09379000000000001,0.04895292000000161,0.050376400000004096,0.041902240000002276
0.09380000000000001,0.04660460000000241,0.05375500000000321,0.0582848800000032
0.09381,0.03420532000000144,0.044214280000003534,0.04501596000000036
0.09382000000000001,0.03765523999999653,0.04855323999999977,0.04694372000000285
0.09383000000000001,0.03601208000000134,0.04112407999999912,0.03649672000000293
0.09384,0.04669043999999677,0.032196399999999493,0.030953359999998445
0.09385,0.034941359999995605,0.04135519999999926,0.04389104000000441
0.09386000000000001,0.040649360000000585,0.037918759999997845,0.06596844000000084
0.09387000000000001,0.040295680000003414,0.034802199999998173,0.05564040000000095
0.09388,0.034159119999997975,0.04345263999999826,0.05280776000000088
0.09389,0.04075612000000007,0.048899439999999746,0.04450164000000511
0.09390000000000001,0.03777036000000215,0.042645159999999266,0.04775372000000521
0.09391000000000001,0.04672500000000341,0.039229000000004094,0.0444493200000052
0.09392,0.03840724000000369,0.0479094400000007,0.04104108000000337
0.09393000000000001,0.031234680000003987,0.03206424000000244,0.0366079600000046
0.09394000000000001,0.03704331999999668,0.03934551999999814,0.03760156000000507
0.09395,0.03857503999999922,0.04897252000000133,0.05121748000000521
0.09396,0.04137431999999895,0.04313376000000233,0.03330932000000341
0.09397000000000001,0.05682863999999718,0.0351768800000016,0.034403840000004765
0.09398000000000001,0.03770452000000141,0.03648016000000194,0.039940880000005244
0.09399,0.033125719999997714,0.04123392000000172,0.04451412000000438
0.09400000000000001,0.04367595999999686,0.035917320000002785,0.0405236000000044
0.09401000000000001,0.03125896000000122,0.03699655999999956,0.05360596000000506
0.09402,0.02576375999999751,0.038306479999998436,0.05418112000000453
0.09403,0.02370655999999748,0.0239064000000003,0.04003880000000475
0.09404000000000001,0.036048280000001265,0.04565996000000008,0.048787520000003456
0.09405000000000001,0.02922892000000093,0.03958364000000323,0.04900604000000365
0.09406,0.025798839999996676,0.040999040000001305,0.03662720000000432
0.09407,0.05018811999999749,0.04636436000000344,0.0408679600000036
0.09408000000000001,0.04040539999999872,0.056167599999997125,0.03822924000000486
0.09409000000000001,0.042839959999998685,0.05150968000000236,0.04985000000000049
0.0941,0.04789483999999731,0.061730720000002036,0.04600547999999978
0.09411000000000001,0.03438739999999632,0.028034840000001008,0.04110608000000014
0.09412000000000001,0.03208576000000082,0.04226699999999712,0.03634180000000488
0.09413,0.03708055999999846,0.04301532000000276,0.03123320000000219
0.09414,0.04582291999999582,0.039230039999997995,0.039202360000004294
0.09415000000000001,0.04682619999999561,0.025730760000001622,0.03129468000000503
0.09416000000000001,0.036131359999997566,0.039139720000002064,0.04137788000000524
0.09417,0.03317051999999537,0.03780740000000267,0.04057000000000361
0.09418000000000001,0.04206603999999587,0.03446152000000249,0.03784392000000366
0.09419000000000001,0.05478900000000187,0.04739492000000353,0.0464475600000025
0.0942,0.04732871999999659,0.04212172000000417,0.037519920000003135
0.09421,0.05632771999999836,0.03773636000000478,0.041303440000004646
0.09422000000000001,0.05136239999999819,0.0406175200000044,0.04011680000000301
0.09423000000000001,0.03975483999999849,0.028135480000002332,0.030766960000002272
0.09424,0.04255867999999978,0.04248400000000291,0.03684208000000547
0.09425000000000001,0.0352365199999991,0.037474600000002044,0.044555360000005165
0.09426000000000001,0.06064199999999976,0.03295424000000236,0.046917520000005035
0.09427,0.0440062399999975,0.03848208000000253,0.027604720000002938
0.09428,0.04587759999999987,0.034002160000002155,0.0423900000000026
0.09429000000000001,0.039213319999997095,0.0359038000000018,0.03237828000000396
0.09430000000000001,0.038218680000001774,0.032546920000001596,0.03758552000000219
0.09431,0.04318663999999709,0.028040960000000874,0.04180796000000247
0.09432,0.025003760000002113,0.033863679999997585,0.045792520000004444
0.09433000000000001,0.0341153200000039,0.0369507199999969,0.03955272000000284
0.09434000000000001,0.048226319999997824,0.027828359999997287,0.04394792000000237
0.09435,0.031274279999997025,0.040950599999997526,0.04487540000000291
0.09436000000000001,0.04103084000000277,0.04403688000000277,0.03458764000000272
0.09437000000000001,0.040738879999995765,0.0337769200000024,0.03056004000000025
0.09438,0.029761319999998634,0.035450679999997646,0.032908879999998815
0.09439,0.03569647999999992,0.05031563999999819,0.03459159999999914
0.09440000000000001,0.034838400000001914,0.037337080000001965,0.036915120000002494
0.09441000000000001,0.04373496000000361,0.023363759999997766,0.04579195999999787
0.09442,0.04821524000000349,0.03291839999999824,0.04025696000000327
0.09443000000000001,0.0415717199999992,0.028561519999998303,0.036338040000001987
0.09444000000000001,0.04348980000000427,0.02793007999999739,0.03569572000000203
0.09445,0.04171623999999943,0.03170563999999781,0.037860600000002124
0.09446,0.036309679999997374,0.0475380400000023,0.0544804400000026
0.09447000000000001,0.033822520000001015,0.03221064000000168,0.040491440000000045
0.09448000000000001,0.05238496000000219,0.04511200000000279,0.036264559999997295
0.09449,0.035196640000001465,0.031563119999999174,0.030068800000002466
0.09450000000000001,0.04072560000000009,0.03724736000000437,0.039245960000001086
0.09451000000000001,0.037154959999997135,0.04045011999999954,0.04465392000000287
0.09452,0.03824668000000417,0.044069840000001845,0.05967548000000033
0.09453,0.0378459600000024,0.03993588000000279,0.056218120000001294
0.09454000000000001,0.03387291999999683,0.04062860000000311,0.040729360000002296
0.09455000000000001,0.02708308000000137,0.05199520000000226,0.04718004000000408
0.09456,0.04772507999999978,0.044063680000001625,0.04892364000000277
0.09457,0.02384035999999673,0.03891227999999773,0.02862192000000413
0.09458000000000001,0.02985772000000185,0.048869479999998425,0.040683160000002265
0.09459000000000001,0.03306727999999615,0.04676667999999812,0.03913940000000243
0.0946,0.04117155999999735,0.042739680000002805,0.0453110399999995
0.09461000000000001,0.04246375999999931,0.0402966000000019,0.03798707999999952
0.09462000000000001,0.03470840000000336,0.038492279999999275,0.04103980000000365
0.09463,0.03188555999999639,0.037112559999999115,0.047356440000000215
0.09464,0.036810440000001506,0.0414382799999977,0.04110208000000322
0.09465000000000001,0.0459039599999995,0.04327259999999692,0.049122399999999684
0.09466000000000001,0.06866211999999933,0.043894399999998314,0.047207960000000875
0.09467,0.049960199999997686,0.026910000000002467,0.043618520000001534
0.09468000000000001,0.03519760000000238,0.03442748000000286,0.05504692000000283
0.09469000000000001,0.05022259999999786,0.03725672000000472,0.052340240000001745
0.0947,0.032929080000000104,0.022653560000001214,0.04715880000000401
0.09471,0.030984119999996118,0.03695920000000081,0.051741240000004025
0.09472000000000001,0.04473639999999837,0.02855228000000154,0.03075603999999834
0.09473000000000001,0.03520195999999786,0.04688323999999789,0.02996047999999967
0.09474,0.043489479999999595,0.04608323999999782,0.03602980000000242
0.09475,0.036315639999999025,0.0457709600000004,0.04122724000000167
0.09476000000000001,0.04676903999999882,0.03592056000000265,0.04673299999999988
0.09477000000000001,0.03618367999999748,0.035086319999997694,0.0431836400000035
0.09478,0.03947548000000355,0.026642999999999896,0.04725567999999954
0.09479000000000001,0.043338720000000774,0.02110100000000336,0.03633935999999826
0.09480000000000001,0.03588356000000165,0.033945840000000914,0.03608491999999993
0.09481,0.046209240000002906,0.036618040000003044,0.036384919999999446
0.09482,0.04973640000000151,0.028414080000003672,0.033687919999999795
0.09483000000000001,0.039478759999997344,0.032059240000004846,0.03586500000000466
0.09484000000000001,0.036973600000001494,0.03424152000000525,0.026550320000002788
0.09485,0.0367265600000016,0.0360116000000033,0.032246120000002196
0.09486000000000001,0.04065904000000234,0.0359686400000048,0.0405854800000024
0.09487000000000001,0.048028440000002504,0.03782028000000477,0.03794240000000277
0.09488,0.03840623999999613,0.034035400000001666,0.042092360000003
0.09489,0.04968867999999906,0.03603852000000286,0.038890840000001634
0.09490000000000001,0.04034087999999923,0.04717380000000208,0.0371834800000018
0.09491000000000001,0.042038199999999075,0.05207223999999843,0.039653200000003226
0.09492,0.04057299999999891,0.04288832000000298,0.04393228000000168
0.09493000000000001,0.041918519999997586,0.042278759999997764,0.031218880000002655
0.09494000000000001,0.03778884000000131,0.03926524000000058,0.03472264000000339
0.09495,0.03933091999999587,0.03094108000000016,0.020738199999997653
0.09496,0.04945807999999705,0.030691360000002076,0.028844680000000265
0.09497000000000001,0.04303427999999754,0.03450852000000418,0.038796080000002835
0.09498000000000001,0.0512589999999974,0.03251451999999942,0.03560856000000323
0.09499,0.03662391999999893,0.02737447999999801,0.03296764000000039
0.095,0.03694859999999788,0.04088423999999996,0.03758896000000125
0.09501000000000001,0.047210719999998735,0.05244440000000053,0.036923839999998403
0.09502000000000001,0.041680159999996844,0.056059000000001136,0.04862823999999809
0.09503,0.031356519999999735,0.050600720000002,0.034342399999999246
0.09504000000000001,0.0376152799999977,0.035363720000002596,0.03001763999999904
0.09505000000000001,0.02933540000000245,0.04547203999999746,0.04008015999999918
0.09506,0.034539400000001816,0.05462456000000152,0.043226719999997276
0.09507,0.03599756000000349,0.040094920000001685,0.03647163999999986
0.09508000000000001,0.03529268000000146,0.03921307999999645,0.040574439999999254
0.09509000000000001,0.04550116000000255,0.04078740000000022,0.04216504000000084
0.0951,0.05548172000000123,0.04533615999999731,0.03891771999999827
0.09511000000000001,0.044761520000003184,0.03573115999999863,0.02563703999999818
0.09512000000000001,0.03835203999999788,0.0444734399999977,0.051329880000000744
0.09513,0.038491560000002256,0.05509472000000285,0.041101960000000014
0.09514,0.0383884800000017,0.04760263999999822,0.03593140000000023
0.09515000000000001,0.03956796000000251,0.0392468399999957,0.04048860000000348
0.09516000000000001,0.04078076000000177,0.05357611999999911,0.044593280000003836
0.09517,0.05052336000000259,0.05774127999999803,0.034506720000002565
0.09518000000000001,0.03449804000000207,0.04773940000000211,0.04707728000000309
0.09519000000000001,0.044745880000004054,0.045463120000000426,0.039932600000001844
0.0952,0.041524280000004216,0.04297099999999746,0.04532328000000238
0.09521,0.0384841200000021,0.04230903999999557,0.0506144800000021
0.09522000000000001,0.04754492000000173,0.04420247999999728,0.03913183999999806
0.09523000000000001,0.051316880000001994,0.040494679999998916,0.03848055999999714
0.09524,0.042654120000003744,0.03763687999999657,0.034492040000002666
0.09525,0.04816256000000198,0.03890463999999708,0.04063028000000174
0.09526000000000001,0.038388200000002266,0.051692679999997417,0.03307352000000201
0.09527000000000001,0.043601200000002005,0.03128759999999734,0.03729148000000018
0.09528,0.040731960000001746,0.043111919999996966,0.031132680000000593
0.09529000000000001,0.057881400000001956,0.05884359999999726,0.028218519999999227
0.09530000000000001,0.0386390399999985,0.05341319999999695,0.04649736000000356
0.09531,0.03539228000000325,0.06156871999999815,0.03435508000000177
0.09532,0.0411677200000033,0.06428595999999762,0.03353752000000048
0.09533000000000001,0.046022119999998806,0.0658383599999999,0.051195839999999514
0.09534000000000001,0.042921600000004494,0.057587679999999475,0.03515871999999893
0.09535,0.04969760000000315,0.05001967999999748,0.03543976000000234
0.09536000000000001,0.04249648000000266,0.05055071999999974,0.039721599999995715
0.09537000000000001,0.05161296000000404,0.036997000000002916,0.030809040000002993
0.09538,0.050937640000003094,0.03510068000000077,0.031859800000001035
0.09539,0.05690872000000334,0.03995199999999702,0.04169600000000045
0.09540000000000001,0.06074388000000332,0.05073360000000148,0.027181240000001546
0.09541000000000001,0.040729439999998875,0.04536664000000236,0.03307068000000292
0.09542,0.05026768000000228,0.04420596000000212,0.04968824000000421
0.09543,0.04591336000000224,0.04862272000000139,0.04903776000000434
0.09544000000000001,0.045973960000001514,0.03863308000000097,0.053252760000004444
0.09545000000000001,0.04760928000000198,0.024377160000001348,0.038661920000004214
0.09546,0.040508800000002114,0.043789840000002314,0.04726312000000469
0.09547000000000001,0.042802840000002076,0.04205284000000359,0.03467348000000523
0.09548000000000001,0.03764544000000258,0.03592712000000334,0.03824156000000525
0.09549,0.04210524000000306,0.0323254000000011,0.029776480000004008
0.0955,0.029265720000002812,0.05398820000000421,0.042641560000005206
0.09551000000000001,0.045434920000001267,0.038687240000003995,0.04251808000000506
0.09552000000000001,0.06176724000000159,0.04691048000000332,0.03696880000000352
0.09553,0.04900804000000193,0.041903640000003996,0.03789336000000386
0.09554000000000001,0.05297991999999908,0.05203668000000363,0.044998680000005446
0.09555000000000001,0.0560120799999997,0.055725880000002184,0.052348760000005386
0.09556,0.03712895999999846,0.0547680400000042,0.05058000000000578
0.09557,0.04983347999999909,0.04894652000000379,0.036133400000003
0.09558000000000001,0.051918639999999114,0.033080960000000575,0.03140980000000123
0.09559000000000001,0.04076847999999739,0.05055012000000297,0.04780748000000316
0.0956,0.051344319999998285,0.0344023599999976,0.05665540000000182
0.09561000000000001,0.04217335999999926,0.02382659999999696,0.04096596000000375
0.09562000000000001,0.06141528000000051,0.02776092000000177,0.042960120000002655
0.09563,0.04323659999999948,0.026079400000002872,0.041329000000002156
0.09564,0.03675567999999878,0.027836800000001664,0.04878492000000321
0.09565000000000001,0.045976839999998506,0.03298999999999663,0.06028075999999982
0.09566000000000001,0.048874520000000685,0.059136039999999626,0.03881828000000462
0.09567,0.02675955999999766,0.05782415999999845,0.047391600000000006
0.09568,0.04783499999999586,0.03871912000000017,0.03404287999999979
0.09569000000000001,0.022566160000002125,0.04175500000000037,0.04428463999999853
0.09570000000000001,0.04497316000000351,0.05749548000000015,0.027449320000000815
0.09571,0.04749520000000322,0.05558167999999967,0.04524483999999896
0.09572000000000001,0.04677156000000404,0.04007772000000008,0.03953228000000417
0.09573000000000001,0.0369651200000024,0.04618731999999992,0.04977328000000394
0.09574,0.04329807999999834,0.03359128000000225,0.048015400000002456
0.09575,0.026938639999999344,0.026827479999997152,0.03661659999999729
0.09576000000000001,0.03207235999999907,0.042043040000002745,0.05291083999999825
0.09577000000000001,0.037403040000002434,0.03614452000000253,0.040570759999999303
0.09578,0.033658159999998286,0.03252451999999952,0.04685236000000348
0.09579000000000001,0.04392155999999792,0.04298975999999889,0.05967604000000312
0.09580000000000001,0.053915240000002806,0.04637760000000238,0.05662952000000346
0.09581,0.0411351600000019,0.02878711999999834,0.061924320000002676
0.09582,0.03666200000000435,0.027952359999998667,0.04858072000000315
0.09583000000000001,0.029944879999998786,0.024163279999997105,0.03982464000000083
0.09584000000000001,0.0398378000000006,0.04987443999999981,0.03890679999999845
0.09585,0.03080564000000287,0.04093771999999904,0.04821647999999904
0.09586000000000001,0.04975736000000098,0.030361400000003615,0.0585393600000008
0.09587000000000001,0.02423335999999759,0.03673311999999926,0.041270919999998955
0.09588,0.037253320000001006,0.044404200000000504,0.05348175999999874
0.09589,0.029228600000000722,0.032457760000002035,0.03642464000000203
0.09590000000000001,0.024639719999997724,0.04291547999999876,0.04431228000000354
0.09591000000000001,0.030658159999996243,0.04922711999999896,0.03649091999999825
0.09592,0.03857588000000441,0.034780679999999266,0.03563220000000323
0.09593,0.024514319999997477,0.03441195999999566,0.036965040000003696
0.09594000000000001,0.04112336000000396,0.04597611999999697,0.052969960000004056
0.09595000000000001,0.033831560000001676,0.03263172000000035,0.05599732000000282
0.09596,0.04082159999999893,0.04247287999999815,0.053727880000003315
0.09597000000000001,0.0374387600000031,0.033872159999995766,0.06336864000000321
0.09598000000000001,0.03759788000000358,0.032662719999996766,0.04754876000000316
0.09599,0.039894320000001995,0.03376639999999608,0.05169844000000393
0.096,0.0416270000000017,0.0366676399999999,0.0462736000000039
0.09601000000000001,0.05106196000000217,0.03428339999999922,0.052588280000003755
0.09602000000000001,0.036473279999999275,0.03503351999999797,0.04344592000000583
0.09603,0.03398740000000127,0.04593912000000028,0.040610600000005624
0.09604000000000001,0.058595760000002425,0.0556452800000024,0.04998424000000087
0.09605000000000001,0.04275616000000171,0.026170919999997808,0.042763080000001306
0.09606,0.04096976000000143,0.0346500399999999,0.04367496000000526
0.09607,0.028461880000002555,0.03829608000000054,0.05049711999999953
0.09608000000000001,0.04197391999999813,0.0399022799999985,0.03693580000000387
0.09609000000000001,0.04974879999999852,0.04267419999999858,0.04794536000000347
0.0961,0.048492599999998276,0.045896559999999746,0.040446520000002206
0.09611,0.03523059999999894,0.04207128000000003,0.03922523999999825
0.09612000000000001,0.04136931999999908,0.04786371999999989,0.04695187999999771
0.09613000000000001,0.027096359999998435,0.03405499999999682,0.05113664000000036
0.09614,0.027976319999995312,0.049310560000004625,0.036338240000000806
0.09615000000000001,0.04177259999999834,0.05049727999999904,0.05802631999999798
0.09616000000000001,0.027812159999998937,0.038415200000003445,0.048764919999999046
0.09617,0.06875360000000133,0.02778636000000347,0.04830616000000027
0.09618,0.05426028000000022,0.0395763200000002,0.0482488400000004
0.09619000000000001,0.03845672000000003,0.03823227999999906,0.03948008000000142
0.09620000000000001,0.028372719999998186,0.043233839999998705,0.055356280000002075
0.09621,0.04099755999999841,0.04241263999999839,0.05438548000000355
0.09622000000000001,0.03894923999999661,0.03686400000000055,0.04666836000000364
0.09623000000000001,0.0430107599999966,0.04957636000000053,0.0486984800000033
0.09624,0.04055016000000131,0.041618559999999374,0.05735132000000043
0.09625,0.03633175999999782,0.03636171999999726,0.05744403999999933
0.09626000000000001,0.03613155999999761,0.05135123999999827,0.05555060000000384
0.09627000000000001,0.035622240000001776,0.0557026799999995,0.03924464000000395
0.09628,0.028007679999997783,0.05576099999999934,0.056965080000004546
0.09629000000000001,0.034119919999997986,0.04459659999999942,0.04633652000000215
0.09630000000000001,0.03320507999999897,0.0511076800000004,0.04595732000000328
0.09631,0.044995919999997615,0.061745279999999673,0.05111111999999983
0.09632,0.03648279999999813,0.06196911999999978,0.04280831999999986
0.09633000000000001,0.028659679999999858,0.05149475999999855,0.035829880000000626
0.09634000000000001,0.043930999999999505,0.0494566399999995,0.04112188000000014
0.09635,0.04832567999999944,0.0408236800000036,0.03711259999999991
0.09636,0.05214116000000387,0.04640364000000181,0.039876400000003406
0.09637000000000001,0.044407520000002615,0.03579840000000371,0.04111696000000453
0.09638000000000001,0.026803840000003555,0.043007600000000736,0.041988480000000654
0.09639,0.053270080000002606,0.04562536000000106,0.038824480000001826
0.09640000000000001,0.04363780000000445,0.04144932000000301,0.05727359999999836
0.09641000000000001,0.041878120000004446,0.031193120000000043,0.056504519999997914
0.09642,0.034866519999999124,0.03651332000000144,0.05166840000000378
0.09643,0.04134011999999859,0.0384584800000016,0.041863080000003626
0.09644000000000001,0.049049800000002454,0.039127679999996764,0.03499280000000256
0.09645000000000001,0.04255148000000209,0.04440155999999684,0.05001531999999958
0.09646,0.05644360000000321,0.04924908000000075,0.033738200000002015
0.09647000000000001,0.039592440000002,0.03518624000000371,0.03807668000000018
0.09648000000000001,0.03022248000000342,0.04528496000000096,0.05177360000000065
0.09649,0.04945020000000158,0.034929839999999567,0.043545599999997193
0.0965,0.04134568000000129,0.03568079999999766,0.061007039999998604
0.09651000000000001,0.03963095999999646,0.0343700799999988,0.05808479999999872
0.09652000000000001,0.045904199999998924,0.043680719999999215,0.05206315999999814
0.09653,0.045716279999999304,0.04843928000000098,0.03744647999999785
0.09654000000000001,0.040349600000001165,0.05464304000000042,0.05140228000000193
0.09655000000000001,0.05235039999999739,0.04907304000000377,0.04110027999999834
0.09656,0.05279468000000177,0.039501920000004305,0.05383915999999877
0.09657,0.05520876000000284,0.05260744000000048,0.05200195999999891
0.09658000000000001,0.038812439999997485,0.04314587999999967,0.05162300000000197
0.09659000000000001,0.043834559999997365,0.048169200000004256,0.05195143999999756
0.0966,0.050906399999997035,0.045517760000002724,0.05379759999999978
0.09661,0.04147324000000161,0.04690328000000275,0.0438542399999968
0.09662000000000001,0.03545731999999701,0.04414108000000356,0.04590103999999751
0.09663000000000001,0.04508979999999723,0.04230399999999907,0.04176512000000079
0.09664,0.03981663999999817,0.05284747999999996,0.03374907999999871
0.09665000000000001,0.038195760000001605,0.060426320000000304,0.042940520000000204
0.09666000000000001,0.041846479999997924,0.047188120000000874,0.04638711999999959
0.09667,0.03288759999999796,0.03643856000000264,0.039370079999998094
0.09668,0.03848851999999878,0.0451654800000027,0.03990440000000268
0.09669000000000001,0.04098831999999922,0.03965316000000046,0.040059120000001905
0.09670000000000001,0.03344560000000139,0.03744240000000354,0.03539976000000461
0.09671,0.03712603999999847,0.037514279999997985,0.04138700000000116
0.09672000000000001,0.04342679999999933,0.038513879999999466,0.030652760000004536
0.09673000000000001,0.0387343999999964,0.037528679999998746,0.036856280000003946
0.09674,0.04551344000000035,0.057831400000000165,0.040523680000004454
0.09675,0.05571015999999596,0.050859840000000496,0.03890408
0.09676000000000001,0.055596999999996136,0.030643239999998136,0.0351233600000023
0.09677000000000001,0.04846291999999618,0.035345319999998334,0.05578364000000278
0.09678,0.05080023999999692,0.039019239999997915,0.05822344000000203
0.09679,0.042420479999996825,0.03354547999999984,0.05557288000000385
0.09680000000000001,0.06000203999999999,0.04172660000000441,0.059565520000003994
0.09681000000000001,0.05032679999999718,0.04965951999999971,0.039756240000001504
0.09682,0.04097463999999845,0.053738960000001425,0.04542448000000346
0.09683000000000001,0.04379459999999843,0.03664948000000034,0.03313820000000413
0.09684000000000001,0.04631719999999823,0.03583904000000153,0.04747143999999939
0.09685,0.039091759999998615,0.045252840000001966,0.04372239999999817
0.09686,0.03629416000000291,0.032300159999997774,0.04242583999999857
0.09687000000000001,0.04070503999999788,0.039119039999996955,0.034732279999999255
0.09688000000000001,0.032366599999997706,0.033608759999998475,0.033836040000002156
0.09689,0.025847879999997398,0.029519760000002636,0.04290276000000097
0.09690000000000001,0.04575984000000099,0.03960316000000421,0.03973480000000071
0.09691000000000001,0.04128339999999639,0.04273932000000154,0.030675360000004755
0.09692,0.03925204000000162,0.04995696000000147,0.0339583200000049
0.09693,0.029817319999995224,0.03757907999999917,0.04154924000000407
0.09694000000000001,0.035978599999998376,0.033519040000001804,0.04210704000000034
0.09695000000000001,0.039851319999998185,0.03818163999999984,0.02869292000000234
0.09696,0.0401258400000003,0.03160200000000049,0.04885972000000181
0.09697000000000001,0.06332555999999877,0.05431488000000101,0.039399919999996966
0.09698000000000001,0.05749015999999871,0.06794516000000081,0.03856895999999798
0.09699,0.05430851999999611,0.055699680000005136,0.04990828000000285
0.097,0.06056147999999804,0.05384820000000507,0.02807188000000267
0.09701000000000001,0.059931759999999355,0.04456688000000262,0.03358960000000522
0.09702000000000001,0.040024559999996705,0.04625476000000396,0.04490684000000413
0.09703,0.04753103999999639,0.045628360000004434,0.041677040000004315
0.09704,0.03988679999999746,0.0467473600000008,0.0354672000000054
0.09705000000000001,0.043227039999996164,0.03642880000000391,0.05116272000000463
0.09706000000000001,0.04332267999999635,0.042501759999999694,0.034638120000002805
0.09707,0.0418367599999985,0.054922719999999946,0.03373988000000223
0.09708000000000001,0.04040991999999765,0.04370128000000322,0.02736476000000513
0.09709000000000001,0.036679799999997584,0.03266868000000311,0.030254560000002186
0.0971,0.0473580800000003,0.043509760000003395,0.03129028000000235
0.09711,0.03270344000000162,0.05039536000000356,0.033786360000002395
0.09712000000000001,0.03162400000000115,0.06092464000000462,0.0376578000000036
0.09713000000000001,0.0377755599999956,0.04451824000000292,0.03833364000000113
0.09714,0.048590920000001446,0.055192480000000925,0.04211372000000026
0.09715000000000001,0.05142400000000073,0.04313879999999847,0.04029540000000327
0.09716000000000001,0.0511003600000007,0.05418399999999957,0.04767584000000418
0.09717,0.05904112000000146,0.042256239999999425,0.03312412000000275
0.09718,0.05026972000000085,0.0516369599999969,0.0327687599999988
0.09719000000000001,0.028086759999997633,0.04673479999999847,0.04244340000000276
0.09720000000000001,0.03671879999999657,0.04553731999999712,0.03823672000000236
0.09721,0.04015264000000181,0.040327319999998355,0.0484946000000023
0.09722000000000001,0.036848240000000934,0.05056183999999909,0.04286212000000376
0.09723000000000001,0.03183539999999802,0.05115155999999988,0.0446289600000033
0.09724000000000001,0.028803479999996683,0.047998840000001375,0.036652720000001644
0.09725,0.03237991999999705,0.035249839999998506,0.03661888000000285
0.09726000000000001,0.036894920000001705,0.03671611999999865,0.035829400000003904
0.09727000000000001,0.03845671999999611,0.039212639999997086,0.029536520000003553
0.09728,0.03719328000000026,0.05480135999999995,0.03325348000000392
0.09729,0.029087679999996906,0.05181103999999988,0.05376924000000164
0.09730000000000001,0.043277199999999294,0.0511440399999995,0.03827224000000342
0.09731000000000001,0.04482296000000317,0.035388759999997375,0.028182400000002883
0.09732,0.026260320000000306,0.04164923999999598,0.026365759999998628
0.09733000000000001,0.038356319999998716,0.043820039999998145,0.04200671999999629
0.09734000000000001,0.03419260000000371,0.03762540000000054,0.029603999999997677
0.09735,0.03716131999999774,0.046106119999998696,0.05043151999999975
0.09736,0.030851680000003358,0.06071711999999809,0.05058787999999946
0.09737000000000001,0.03233407999999797,0.03527068000000211,0.0436528799999995
0.09738000000000001,0.04851887999999747,0.043332360000000666,0.03047360000000228
0.09739,0.042991279999997314,0.044039559999998874,0.024558440000001767
0.09740000000000001,0.04005815999999699,0.03975283999999976,0.027304799999997298
0.09741000000000001,0.04692440000000064,0.04472148000000298,0.047148279999998884
0.09742,0.03592507999999919,0.03678276000000378,0.027342520000001824
0.09743,0.05145712000000379,0.04145620000000225,0.037121560000002295
0.09744000000000001,0.03652283999999913,0.043470080000004185,0.04635635999999946
0.09745000000000001,0.03385860000000284,0.04324104000000365,0.0555451599999994
0.09746,0.0297484400000017,0.045560520000004164,0.043238479999999684
0.09747,0.043166960000000386,0.04302428000000461,0.03736528000000207
0.09748000000000001,0.03647112000000252,0.042996200000003794,0.049632440000000305
0.09749000000000001,0.03840431999999902,0.03573447999999978,0.0322143999999982
0.0975,0.03585599999999684,0.057544680000000396,0.034751599999998356
0.09751000000000001,0.02782811999999847,0.03947508000000384,0.03934028000000317
0.09752000000000001,0.025359239999998385,0.03811464000000007,0.04368076000000035
0.09753,0.027403639999998442,0.04084591999999959,0.03914224000000224
0.09754,0.04505223999999778,0.03882324000000007,0.04299384000000259
0.09755000000000001,0.03966503999999969,0.04773920000000384,0.03332059999999833
0.09756000000000001,0.03707648000000396,0.04416824000000316,0.036085040000003434
0.09757,0.04075680000000344,0.05605704000000384,0.05533848000000401
0.09758000000000001,0.030356400000001626,0.0504991600000011,0.030560879999998954
0.09759000000000001,0.03240588000000485,0.04451944000000395,0.038625159999999645
0.0976,0.044184320000004,0.048498680000002355,0.04940180000000266
0.09761,0.04201992000000443,0.05235104000000561,0.062738080000003
0.09762000000000001,0.04902500000000206,0.04451308000000441,0.03700736000000272
0.09763000000000001,0.04773596000000266,0.048115480000003895,0.06758364000000429
0.09764,0.04923644000000314,0.05803636000000412,0.03236692000000355
0.09765000000000001,0.04926728000000158,0.058648679999999925,0.031997960000003677
0.09766000000000001,0.051244840000003844,0.05341223999999946,0.03302872000000422
0.09767,0.05204564000000138,0.06834711999999929,0.032111040000000604
0.09768,0.04513984000000222,0.061151960000001046,0.039684040000001274
0.09769000000000001,0.054253359999998724,0.05098028000000036,0.02838255999999751
0.09770000000000001,0.04880296000000231,0.046392920000000996,0.02744324000000101
0.09771,0.04249384000000318,0.052072080000004295,0.048731599999998126
0.09772,0.032869120000003034,0.036475640000000746,0.029183280000003416
0.09773000000000001,0.03402724000000261,0.03173084000000398,0.02477188000000391
0.09774000000000001,0.04687363999999799,0.04323468000000306,0.03184176000000331
0.09775,0.03949520000000022,0.041107680000003796,0.0531114400000009
0.09776000000000001,0.03828035999999828,0.029589040000003206,0.0328217600000046
0.09777000000000001,0.039497399999998066,0.03389224000000043,0.03350864000000267
0.09778,0.03286355999999821,0.02705120000000298,0.03407912000000454
0.09779,0.0437857600000021,0.043266359999998664,0.041754400000002974
0.09780000000000001,0.03877420000000258,0.04108844000000334,0.03294040000000318
0.09781000000000001,0.03942099999999984,0.02855040000000365,0.05675048000000358
0.09782,0.02832680000000507,0.030990000000002366,0.034116040000002665
0.09783000000000001,0.05279020000000309,0.040607680000002706,0.029982920000004347
0.09784000000000001,0.04310672000000338,0.045875880000001715,0.042572720000003894
0.09785,0.03261943999999823,0.05346007999999979,0.03812052000000476
0.09786,0.0407017200000003,0.03052360000000426,0.03441748000000481
0.09787000000000001,0.028078200000004976,0.04833547999999902,0.037157200000002166
0.09788000000000001,0.0401014399999996,0.044093880000000946,0.0367474800000032
0.09789,0.040608360000000794,0.03365124000000226,0.03437648000000021
0.09790000000000001,0.03678452000000211,0.04283648000000284,0.04048108000000383
0.09791000000000001,0.03355411999999842,0.034066040000004155,0.036646479999997934
0.09792000000000001,0.03893236000000186,0.03961448000000333,0.037189799999998906
0.09793,0.044689399999998276,0.02886412000000082,0.03407451999999993
0.09794000000000001,0.03311724000000206,0.04427912000000508,0.03247576000000283
0.09795000000000001,0.045734560000002894,0.049029840000002545,0.0483012000000017
0.09796,0.031932080000001896,0.05119360000000341,0.03161628000000357
0.09797,0.03195920000000171,0.037953400000004966,0.040358160000002904
0.09798000000000001,0.04941180000000256,0.04481368000000203,0.04027051999999853
0.09799000000000001,0.027517560000002328,0.05831860000000311,0.04366812000000349
0.098,0.04635296000000197,0.06878376000000339,0.02852180000000005
0.09801000000000001,0.033613360000004304,0.06537976000000274,0.03218832000000436
0.09802000000000001,0.03071108000000239,0.052208600000003,0.05043348000000341
0.09803,0.03678876000000251,0.041034760000002835,0.05153136000000081
0.09804,0.033763160000003525,0.03627031999999849,0.042425000000003064
0.09805000000000001,0.04130712000000333,0.04646108000000186,0.043330720000004826
0.09806000000000001,0.03548920000000291,0.03511539999999855,0.04855644000000086
0.09807,0.05467952000000284,0.05135596000000255,0.04658256000000374
0.09808000000000001,0.03989304000000003,0.033071319999997593,0.058309640000004125
0.09809000000000001,0.03656096000000175,0.05065939999999847,0.05572952000000393
0.0981,0.03998260000000281,0.04726608000000327,0.038812440000003515
0.09811,0.04510436000000042,0.037660879999997565,0.050242320000002616
0.09812000000000001,0.04236476000000216,0.05763724000000057,0.050403320000004664
0.09813000000000001,0.04235248000000289,0.03489660000000301,0.05432472000000195
0.09814,0.04629536000000333,0.029394680000001124,0.053940400000003615
0.09815,0.033833880000001745,0.03876536000000283,0.05389524000000059
0.09816000000000001,0.03826323999999894,0.03914892000000295,0.04109452000000163
0.09817000000000001,0.023644760000000015,0.044910520000003756,0.04873300000000022
0.09818,0.03026176000000095,0.03312103999999957,0.05027952000000103
0.09819000000000001,0.02029003999999801,0.03838884000000274,0.0328882800000029
0.09820000000000001,0.03550296000000304,0.04708092000000021,0.055007360000000866
0.09821,0.03833940000000283,0.04473851999999739,0.0421444800000047
0.09822,0.04551284000000361,0.050553080000000035,0.047461760000003926
0.09823000000000001,0.03394472000000212,0.021958440000002154,0.04034011999999947
0.09824000000000001,0.03477736000000476,0.040286800000003724,0.04368208000000353
0.09825,0.032023839999998936,0.03698900000000086,0.027841120000003404
0.09826000000000001,0.02945948000000163,0.047410880000004076,0.046446560000001254
0.09827000000000001,0.03508543999999816,0.03557255999999874,0.04584419999999751
0.09828,0.0368752000000006,0.04586011999999849,0.05994067999999817
0.09829,0.055952600000002656,0.04808892000000355,0.04949599999999806
0.09830000000000001,0.038875239999997376,0.03723856000000335,0.04590116000000275
0.09831000000000001,0.05295164000000045,0.038820560000003244,0.036603359999997136
0.09832,0.050043119999999455,0.054565600000003996,0.04048016000000242
0.09833000000000001,0.04633871999999802,0.04319628000000453,0.03530511999999728
0.09834000000000001,0.0294267200000033,0.028401000000003822,0.035866319999999285
0.09835,0.037048160000003924,0.03648516000000404,0.038111120000000526
0.09836,0.0441668000000022,0.04628816000000415,0.03278612000000153
0.09837000000000001,0.040679880000001986,0.031709440000004516,0.04077920000000442
0.09838000000000001,0.03785924000000339,0.04582764000000509,0.025990680000003572
0.09839,0.036926680000002036,0.03934012000000279,0.03412899999999856
0.0984,0.04192400000000266,0.050873120000004,0.03259668000000399
0.09841000000000001,0.04153048000000194,0.052395960000003836,0.04454627999999949
0.09842000000000001,0.04505752000000313,0.06132272000000407,0.031560839999999785
0.09843,0.050044760000002506,0.059041400000004525,0.03389468000000413
0.09844000000000001,0.04327340000000055,0.05268408000000484,0.03694448000000356
0.09845000000000001,0.050797920000002175,0.046761160000003625,0.035177200000000575
0.09846,0.03659448000000155,0.05022632000000001,0.034019160000005065
0.09847,0.037109080000001425,0.024622040000004102,0.04258279999999955
0.09848000000000001,0.03780488000000208,0.05472620000000298,0.04712667999999974
0.09849000000000001,0.039011199999996894,0.04614672000000236,0.048530440000000265
0.0985,0.037199160000002306,0.030884440000004214,0.04595876000000367
0.09851000000000001,0.034940160000004786,0.02812120000000378,0.04330948000000403
0.09852000000000001,0.03539711999999811,0.05282364000000206,0.029631280000004236
0.09853,0.03302260000000443,0.046696000000002354,0.04110516000000443
0.09854,0.04167767999999876,0.049123720000002744,0.04708656000000466
0.09855000000000001,0.03120796000000153,0.051387720000003675,0.04752684000000449
0.09856000000000001,0.045842880000002834,0.06150700000000312,0.0474486400000048
0.09857,0.04516772000000269,0.052555520000004456,0.05847684000000551
0.09858000000000001,0.032192880000004,0.044684640000003314,0.05988652000000557
0.09859000000000001,0.02595171999999726,0.04109076000000574,0.055449920000000805
0.09860000000000001,0.045852840000000734,0.049377800000004295,0.05555719999999984
0.09861,0.03997608000000455,0.046845240000002585,0.051265120000001
0.09862000000000001,0.03327187999999912,0.05630424000000338,0.03920852000000099
0.09863000000000001,0.03484187999999951,0.04479184000000193,0.045080960000004
0.09864,0.04173563999999973,0.044811960000001594,0.04059200000000474
0.09865,0.040367159999998584,0.035915720000004245,0.03188808000000294
0.09866000000000001,0.044994200000001844,0.042295040000004266,0.04114644000000546
0.09867000000000001,0.02613476000000476,0.050897560000004345,0.03750584000000369
0.09868,0.04044872000000196,0.0443271200000044,0.036888720000003906
0.09869000000000001,0.04550352000000437,0.0476804000000039,0.034298720000003974
0.09870000000000001,0.0461115199999994,0.046845960000003725,0.031249600000003906
0.09871,0.041792639999998646,0.040481080000003396,0.03612468000000472
0.09872,0.05038963999999841,0.046469280000003124,0.044208320000004235
0.09873000000000001,0.057519519999999526,0.03389887999999828,0.04363888000000544
0.09874000000000001,0.040407999999998445,0.03671983999999867,0.05603220000000312
0.09875,0.04392168000000144,0.03441163999999973,0.05429484000000369
0.09876000000000001,0.04280324000000237,0.049287120000003425,0.04353316000000453
0.09877000000000001,0.050160279999998905,0.03292379999999913,0.04307488000000114
0.09878,0.04099363999999744,0.05006131999999967,0.04238752000000437
0.09879,0.046335479999999735,0.05710884000000006,0.04390560000000254
0.09880000000000001,0.05026056000000035,0.05970620000000017,0.04434896000000158
0.09881000000000001,0.04155280000000346,0.05100228000000052,0.04181756000000247
0.09882,0.04023744000000435,0.050787640000001695,0.046067600000004066
0.09883,0.04410928000000433,0.0407712000000027,0.044541440000005074
0.09884000000000001,0.0442231600000027,0.03137083999999927,0.03992428000000318
0.09885000000000001,0.04217896000000432,0.03637156000000018,0.04330480000000316
0.09886,0.055664200000004035,0.043627080000000644,0.03710656000000325
0.09887000000000001,0.038609480000003985,0.03346256000000346,0.04002000000000305
0.09888000000000001,0.04196888000000378,0.043343999999999126,0.03978452000000055
0.09889,0.05209820000000388,0.028625760000000073,0.046375080000002566
0.0989,0.03671976000000471,0.03202515999999861,0.04313040000000079
0.09891000000000001,0.05360852000000106,0.0411839599999977,0.04382807999999869
0.09892000000000001,0.031003240000003478,0.03669935999999649,0.031187640000002664
0.09893,0.040943359999998215,0.047504119999997686,0.03388447999999989
0.09894000000000001,0.034339800000000274,0.04608039999999844,0.030791240000001916
0.09895000000000001,0.034000599999997834,0.037831159999998,0.039249840000003
0.09896,0.03613787999999903,0.03898384000000176,0.05634712000000231
0.09897,0.042155559999998045,0.028898960000001556,0.03478396000000324
0.09898000000000001,0.03536687999999681,0.0359984400000014,0.05022048000000542
0.09899000000000001,0.04702739999999871,0.04081239999999714,0.0420306800000055
0.099,0.04001783999999797,0.04192167999999975,0.03945668000000011
0.09901000000000001,0.04551715999999837,0.03263723999999841,0.0430566800000018
0.09902000000000001,0.04161375999999847,0.04134920000000235,0.05120631999999735
0.09903,0.040955800000000486,0.024895440000004338,0.03694600000000221
0.09904,0.028546479999998334,0.032753960000001886,0.022928600000000757
0.09905000000000001,0.04109536000000227,0.04393819999999748,0.026467160000001228
0.09906000000000001,0.024467919999996677,0.047370320000000105,0.0293504800000019
0.09907,0.030146279999996684,0.04789139999999954,0.038628360000002485
0.09908,0.038341679999999385,0.055710719999997264,0.02991556000000447
0.09909000000000001,0.039394359999997644,0.04481343999999818,0.0372578800000036
0.09910000000000001,0.05277839999999865,0.041005759999997886,0.039615960000002406
0.09911,0.03214871999999737,0.031793199999998724,0.05005052000000244
0.09912000000000001,0.03180844000000158,0.05055079999999941,0.04080004000000281
0.09913000000000001,0.04864499999999715,0.0408995999999994,0.05179864000000481
0.09914,0.043134759999997774,0.04104075999999988,0.049750400000003504
0.09915,0.03786868000000219,0.03460376000000057,0.03557300000000387
0.09916000000000001,0.04078147999999616,0.034830480000003,0.04232356000000484
0.09917000000000001,0.03704259999999535,0.04097092000000236,0.056681720000004966
0.09918,0.03290947999999957,0.043010800000000474,0.045902040000001705
0.09919000000000001,0.026868119999996568,0.03404692000000081,0.052986840000004816
0.09920000000000001,0.03928440000000185,0.03387612000000353,0.04062272000000206
0.09921,0.05922956000000234,0.04831968000000018,0.04181688000000413
0.09922,0.049487320000002125,0.040046719999999314,0.059895160000002876
0.09923000000000001,0.0494082800000011,0.039943639999999725,0.043489080000003524
0.09924000000000001,0.050920959999997344,0.04235928000000402,0.058433000000000575
0.09925,0.05165391999999954,0.04278716000000421,0.04867512000000133
0.09926000000000001,0.044115959999999343,0.03932068000000374,0.051312000000004694
0.09927000000000001,0.05087900000000155,0.0517046000000029,0.05461568000000558
0.09928000000000001,0.060243600000001625,0.04277644000000297,0.04470204000000553
0.09929,0.05485964000000166,0.029422160000004364,0.046920640000004545
0.09930000000000001,0.06168020000000075,0.039907600000004546,0.04818076000000371
0.09931000000000001,0.045474360000000574,0.049450360000004426,0.04418364000000563
0.09932,0.04672795999999746,0.038239320000002845,0.048971000000004046
0.09933,0.04314175999999679,0.040632759999998984,0.048652120000003955
0.09934000000000001,0.04261276000000181,0.04171792000000402,0.05225212000000415
0.09935000000000001,0.03615516000000115,0.03657428000000345,0.04033376000000569
0.09936,0.03539104000000233,0.03688728000000434,0.040993360000002706
0.09937000000000001,0.039306400000002455,0.045847840000003665,0.04509140000000542
0.09938000000000001,0.03996287999999992,0.04227352000000458,0.05868108000000548
0.09939,0.0384809999999974,0.04173904000000354,0.05098688000000542
0.0994,0.02803460000000409,0.03533128000000454,0.04432616000000518
0.09941000000000001,0.03229464000000118,0.04033784000000377,0.0627098000000053
0.09942000000000001,0.03461728000000185,0.04154556000000332,0.04888752000000317
0.09943,0.04740712000000291,0.04099368000000098,0.0337337600000024
0.09944000000000001,0.035084640000001416,0.04280812000000404,0.038064760000001335
0.09945000000000001,0.03283579999999716,0.045542280000004334,0.04640080000000394
0.09946,0.0442440399999976,0.046672640000003526,0.03281364000000349
0.09947,0.04803667999999651,0.0275687600000046,0.03521100000000226
0.09948000000000001,0.04723495999999724,0.03747316000000418,0.04130176000000192
0.09949000000000001,0.04785767999999843,0.0401736800000036,0.04490628000000316
0.0995,0.05436243999999847,0.03385620000000431,0.04681687999999766
0.09951,0.048673519999996626,0.04141096000000344,0.04250508000000431
0.09952000000000001,0.04148335999999863,0.036180560000002526,0.05035552000000515
0.09953000000000001,0.05775999999999805,0.04999868000000355,0.03648744000000414
0.09954,0.05872835999999913,0.032320200000002824,0.027079720000004675
0.09955000000000001,0.05045955999999956,0.02504307999999985,0.02979160000000188
0.09956000000000001,0.04655500000000086,0.04094931999999909,0.036586800000000246
0.09957,0.045339959999998625,0.03408059999999882,0.030564520000002746
0.09958,0.03258032000000275,0.04122303999999917,0.04074628000000109
0.09959000000000001,0.035797799999997076,0.04381699999999887,0.04707888000000257
0.09960000000000001,0.019741039999997382,0.052310320000001756,0.04095636000000429
0.09961,0.03363423999999674,0.0378850000000009,0.05424452000000034
0.09962000000000001,0.023259880000001537,0.042385920000001145,0.033157400000003376
0.09963000000000001,0.042817440000001025,0.048248320000004306,0.049135360000002515
0.09964,0.029039800000004126,0.057931320000002604,0.047210400000003726
0.09965,0.028058680000001324,0.0616809600000018,0.04530264000000331
0.09966000000000001,0.03964512000000299,0.042397560000004365,0.04647676000000266
0.09967000000000001,0.024743280000002806,0.04598280000000243,0.05722468000000135
0.09968,0.04049143999999751,0.043533800000004515,0.039760560000001
0.09969000000000001,0.033402919999996214,0.04911000000000351,0.041270320000002025
0.09970000000000001,0.04024355999999915,0.04568104000000589,0.04457396000000396
0.09971000000000001,0.024898679999998386,0.03392348000000562,0.046549240000004134
0.09972,0.026421719999997987,0.04530056000000533,0.04466948000000359
0.09973000000000001,0.033113199999996595,0.034214560000005244,0.03631335999999878
0.09974000000000001,0.03408035999999544,0.04202212000000433,0.04625344000000302
0.09975,0.03688855999999644,0.04170204000000243,0.04355376000000275
0.09976,0.03285991999999676,0.04434688000000312,0.03985284000000379
0.09977000000000001,0.04857516000000065,0.03656976000000486,0.029720840000002306
0.09978000000000001,0.04221020000000057,0.039823120000003404,0.02605343999999782
0.09979,0.06666944000000238,0.032066880000004176,0.022139839999997628
0.09980000000000001,0.042490640000001106,0.03415420000000038,0.028878079999998002
0.09981000000000001,0.04534503999999879,0.0465687200000036,0.03586827999999852
0.09982,0.042956999999998406,0.04539676000000384,0.032159919999995935
0.09983,0.033438080000003485,0.054511880000004204,0.040204479999998426
0.09984000000000001,0.04290632000000343,0.055559000000003654,0.031120319999995507
0.09985000000000001,0.02866568000000318,0.0755714400000055,0.04060815999999674
0.09986,0.03057248000000258,0.05048604000000383,0.03572739999999677
0.09987000000000001,0.02939016000000035,0.05039404000000137,0.03479756000000071
0.09988000000000001,0.04920880000000385,0.046322120000000785,0.02994756000000015
0.09989,0.0403263200000042,0.03447316000000433,0.04130099999999926
0.0999,0.05011811999999992,0.03958908000000449,0.03408139999999853
0.09991000000000001,0.04235248000000448,0.05269516000000482,0.035822679999998344
0.09992000000000001,0.04072052000000415,0.031580760000001304,0.042392120000001934
0.09993,0.033141080000002876,0.03960672000000319,0.03278155999999825
0.09994000000000001,0.048663520000000814,0.03926332000000407,0.044642720000000406
0.09995000000000001,0.04433984000000108,0.0314133600000041,0.030827439999999925
0.09996000000000001,0.03110128000000153,0.03916516000000385,0.03078812000000202
0.09997,0.031270680000001196,0.04282140000000381,0.036364839999996665
0.09998000000000001,0.04680460000000179,0.04180996000000172,0.03326851999999914
0.09999000000000001,0.028366840000002506,0.03914396000000182,0.025809000000003652
