t,h,w,c
0.0,1.2193540800000024,0.9322493200000027,0.11362504000001396
1e-05,1.2221540800000017,0.9362493200000023,0.02282119999999965
2e-05,1.1297540800000019,0.8526493200000034,0.03205595999999657
3.0000000000000004e-05,1.018249320000001,0.7114493200000039,0.03381068000000091
4e-05,0.908249320000002,0.5922493200000043,0.022759919999995968
5e-05,0.7998493200000028,0.4630493200000045,0.04663836000000726
6.000000000000001e-05,0.6986493200000037,0.36635456,0.04543439999999684
7.000000000000001e-05,0.5962493200000043,0.28226971999999945,0.032285879999989164
8e-05,0.513849320000004,0.22237495999999607,0.021887559999994494
9e-05,0.4434493200000025,0.16555455999999505,0.023883320000011372
0.0001,0.3842493200000007,0.12995455999999375,0.019262960000004062
0.00011,0.33264932000000036,0.08984931999999408,0.026249959999995964
0.00012000000000000002,0.2803545599999976,0.07436283999999162,0.03885120000000676
0.00013000000000000002,0.22995455999999598,0.0647547999999911,0.042964079999997365
0.00014000000000000001,0.19784931999999675,0.06298315999999646,0.02996759999999947
0.00015000000000000001,0.16184931999999624,0.03548987999999538,0.032677400000005324
0.00016,0.14024931999999515,0.02683151999999535,0.045251759999994076
0.00017,0.13544931999999543,0.03014603999999561,0.03253639999999553
0.00018,0.09559183999999207,0.036841880000002415,0.03916900000000475
0.00019,0.07341175999999208,0.045269640000001866,0.037521799999993895
0.0002,0.0658697199999925,0.032739800000002525,0.04286279999998953
0.00021,0.063849319999993,0.02788392000000457,0.019273199999997225
0.00022,0.05011851999999749,0.02417567999999466,0.028305919999996525
0.00023,0.04066499999999075,0.03997916000000018,0.03196660000000026
0.00024000000000000003,0.0472585599999945,0.027041280000002273,0.021543439999989842
0.00025,0.038833839999996116,0.028365200000000614,0.031374440000005124
0.00026000000000000003,0.030417439999989172,0.028721959999996886,0.011919599999995081
0.00027,0.04200319999999626,0.02285347999999496,0.026191320000005028
0.00028000000000000003,0.03267272000000813,0.047877720000002566,0.024809760000005707
0.00029,0.03240220000000619,0.01571343999999971,0.024855039999999353
0.00030000000000000003,0.04183504000000289,0.01923019999999879,0.02801220000000732
0.00031,0.025004120000007183,0.03237091999999471,0.03500067999999711
0.00032,0.029701039999999512,0.01746140000000947,0.02748967999999468
0.00033000000000000005,0.015891160000007544,0.0312830000000121,0.03294719999999048
0.00034,0.028635560000001142,0.03287992000000179,0.02554711999998995
0.00035000000000000005,0.041550440000007335,0.023209480000011287,0.010672400000005307
0.00036,0.023784280000010666,0.031061879999995313,0.02670888000000206
0.00037000000000000005,0.020372520000007926,0.04794180000000248,0.029477840000004998
0.00038,0.02460932000000419,0.02709668000000595,0.026068320000011753
0.00039000000000000005,0.020499240000010042,0.019007640000004038,0.03775664000000002
0.0004,0.037713040000008226,0.03032928000000138,0.024583679999994962
0.00041000000000000005,0.01656507999999631,0.02176500000000153,0.01746472000000502
0.00042,0.019593400000005954,0.015469040000004852,0.037620239999996474
0.00043000000000000004,0.03133800000000782,0.030599200000006706,0.0409752399999949
0.00044,0.025442360000002075,0.02758856000000979,0.02461431999999846
0.00045000000000000004,0.019928720000011068,0.027083320000011644,0.03514952000000694
0.00046,0.03453380000000563,0.030504920000007655,0.022888160000002294
0.00047000000000000004,0.036850799999999996,0.019247600000002318,0.024684319999995014
0.00048000000000000007,0.02867024000000627,0.03564832000000666,0.03624499999999926
0.0004900000000000001,0.037463600000000506,0.03792492000001186,0.01900967999999929
0.0005,0.03416887999999473,0.021771120000000217,0.03234195999999999
0.00051,0.027197360000002176,0.03150548000000054,0.02728412000000563
0.0005200000000000001,0.03206556000000123,0.03603471999999989,0.035725240000006264
0.0005300000000000001,0.031059520000007126,0.03512140000000584,0.03643436000000588
0.00054,0.02282436000000559,0.036426839999995186,0.03379327999999936
0.00055,0.05024995999999654,0.03981832000000064,0.036067999999995305
0.0005600000000000001,0.03671231999999608,0.03555776000000394,0.0314049600000059
0.0005700000000000001,0.027369799999996267,0.037514560000006726,0.024347759999994226
0.00058,0.04126924000000782,0.04247712000001197,0.028877280000006215
0.00059,0.02867015999999964,0.04808200000000722,0.02193500000000555
0.0006000000000000001,0.03484931999999628,0.046333200000011655,0.04185932000000134
0.0006100000000000001,0.040439319999996635,0.03596012000000647,0.02599124000000464
0.00062,0.03742536000000604,0.04853227999999688,0.02937032000000701
0.00063,0.03802352000000137,0.02109023999999959,0.029377000000001326
0.00064,0.02966056000001059,0.02283195999998919,0.03216592000001184
0.0006500000000000001,0.022276200000001297,0.05710727999999751,0.0264561999999957
0.0006600000000000001,0.026494800000000495,0.025947640000006177,0.023613360000004635
0.00067,0.027461240000005584,0.034861800000001365,0.03207320000000105
0.00068,0.02697644000000544,0.04215211999999902,0.02436899999999288
0.0006900000000000001,0.023331640000004632,0.026749520000006608,0.025638799999998633
0.0007000000000000001,0.04436323999999551,0.021955400000005048,0.02332724000000556
0.00071,0.03386935999999416,0.03643852000000635,0.02448499999999477
0.00072,0.03131083999999416,0.02575608000000596,0.03295424000000727
0.0007300000000000001,0.025748559999996437,0.0285394799999998,0.02447920000000475
0.0007400000000000001,0.03323004000000475,0.025149560000006635,0.017959719999999024
0.00075,0.027169119999999762,0.042888120000008106,0.03225187999999486
0.00076,0.04392336000000289,0.01878212000001057,0.02588847999999322
0.0007700000000000001,0.028332199999997153,0.041719360000001836,0.04116155999999472
0.0007800000000000001,0.03377923999999578,0.014373080000004658,0.03208304000000643
0.00079,0.040809999999994316,0.024165840000006107,0.02985616000000576
0.0008,0.04117383999999412,0.023504519999999866,0.026475040000006386
0.0008100000000000001,0.030936079999995515,0.024458320000007302,0.035166519999999375
0.0008200000000000001,0.020325999999994376,0.0395285600000068,0.03487543999999897
0.0008300000000000001,0.03444395999998922,0.04141740000000021,0.03709628000000089
0.00084,0.0239389599999951,0.019861360000000033,0.0304496800000016
0.0008500000000000001,0.042039320000007624,0.019480320000005585,0.03035080000000566
0.0008600000000000001,0.023542159999999968,0.016945400000011403,0.024580800000006196
0.0008700000000000001,0.03860143999999536,0.03334632000000581,0.01250308000000118
0.00088,0.02289715999999579,0.029524760000005923,0.038954800000000275
0.0008900000000000001,0.027096760000000733,0.025088120000005987,0.03142267999999541
0.0009000000000000001,0.03854836000000093,0.026864640000002018,0.04131343999999504
0.0009100000000000001,0.039113559999995814,0.03507028000000448,0.0372887999999967
0.00092,0.043909959999996244,0.04070824000000246,0.03796660000000039
0.00093,0.0453398400000068,0.02646880000001191,0.03777139999999601
0.0009400000000000001,0.04708812000000656,0.03476676000000167,0.031450840000006426
0.0009500000000000001,0.02678819999999723,0.028195679999993322,0.025869839999993885
0.0009600000000000001,0.025758399999996386,0.032045999999999165,0.03371583999998897
0.00097,0.02771280000000139,0.025174480000005366,0.026189839999989705
0.0009800000000000002,0.025214640000000434,0.021056360000005665,0.030508680000001436
0.00099,0.031349279999989745,0.028753240000004756,0.021466880000005403
0.001,0.040839200000000596,0.03684860000000146,0.0416768400000007
0.00101,0.0424956400000108,0.033608079999993594,0.023403760000007014
0.00102,0.043304959999996694,0.035499159999995165,0.03853679999999996
0.00103,0.024284760000010418,0.03858564000000044,0.03308535999999409
0.0010400000000000001,0.01840556000000063,0.035864199999989986,0.0368771199999906
0.0010500000000000002,0.01484451999999999,0.014973479999996805,0.033350759999994206
0.0010600000000000002,0.030570280000006583,0.041545680000001355,0.029326919999989307
0.00107,0.0387305199999965,0.04017343999999001,0.04251940000000123
0.00108,0.032771519999993864,0.0245117999999952,0.02626555999998919
0.00109,0.02992132000000762,0.048746639999990606,0.020112239999988953
0.0011,0.021328360000010326,0.03257019999999002,0.036542799999996906
0.00111,0.022371840000005003,0.04007804000000035,0.032351079999996604
0.0011200000000000001,0.03228816000000804,0.06293935999999077,0.035729840000008166
0.0011300000000000001,0.027653839999994673,0.05373979999999053,0.02388707999999437
0.0011400000000000002,0.028130280000009823,0.04000655999999567,0.019700720000005924
0.0011500000000000002,0.028511679999994134,0.029676160000001017,0.029480240000000175
0.00116,0.030407520000007272,0.03988836000000226,0.040065319999996914
0.00117,0.03310452000000175,0.039125280000001275,0.03775628000000516
0.00118,0.021860279999995885,0.02840980000000035,0.030779039999994737
0.00119,0.031825520000001536,0.040462000000002336,0.018773319999999323
0.0012000000000000001,0.027349000000003676,0.01562567999999504,0.030177079999989753
0.0012100000000000001,0.028928719999999592,0.03386992000000259,0.050035040000000655
0.0012200000000000002,0.02678564000000103,0.01668267999999415,0.026897680000000045
0.0012300000000000002,0.029455839999996448,0.02530711999999383,0.03764707999999976
0.00124,0.038723399999999464,0.0187159599999893,0.03675188000000803
0.00125,0.02662299999999473,0.028239039999993214,0.03190072000000587
0.00126,0.029586759999990317,0.022498679999995594,0.043015680000006995
0.00127,0.023264360000001528,0.03718596000000051,0.0331725600000004
0.00128,0.026960799999997113,0.036626160000001996,0.03331043999999534
0.0012900000000000001,0.043795879999997005,0.03709988000000622,0.045884079999996066
0.0013000000000000002,0.04681044000000188,0.025446080000006047,0.051722040000001246
0.0013100000000000002,0.04363336000000612,0.02370832000000518,0.03490675999999976
0.0013200000000000002,0.04078628000000622,0.03154095999999756,0.019811560000007573
0.00133,0.03738583999999494,0.025544400000001327,0.031485039999995294
0.00134,0.030486320000005347,0.022411400000001993,0.022036400000001823
0.00135,0.03129908000000674,0.039428720000007175,0.02009300000000999
0.00136,0.03706348000001169,0.016978600000005062,0.042498959999999635
0.0013700000000000001,0.01497144000000086,0.01561648000000013,0.028758400000005034
0.0013800000000000002,0.0235144000000009,0.045781760000001816,0.03949172000000537
0.0013900000000000002,0.02485224000000362,0.028116079999995658,0.04661471999999672
0.0014000000000000002,0.03864800000000639,0.022228639999998627,0.0426551200000059
0.00141,0.04514584000000683,0.02042883999999463,0.03716155999999463
0.00142,0.03627364000000515,0.04183892000000274,0.021952639999993688
0.00143,0.024604960000005394,0.02385719999999577,0.024864440000001046
0.00144,0.03126532000000466,0.03420212000000036,0.033004879999989245
0.0014500000000000001,0.040678560000001404,0.023730600000005413,0.03240251999999673
0.0014600000000000001,0.03345756000000686,0.02602020000000075,0.043087279999995856
0.0014700000000000002,0.033817080000007556,0.03040855999999601,0.03863271999999511
0.0014800000000000002,0.02854588000000478,0.03517291999999588,0.025588360000001295
0.0014900000000000002,0.04237116000000243,0.041720680000005575,0.02550444000000467
0.0015,0.02749095999999376,0.024801879999993236,0.021297879999990967
0.00151,0.02041556000000543,0.03210316000000177,0.01920927999998966
0.00152,0.022813479999999938,0.029465000000005463,0.03448240000000098
0.0015300000000000001,0.0306429600000076,0.02074435999999823,0.041468080000002176
0.0015400000000000001,0.017322880000011275,0.023612920000001182,0.047862399999996794
0.0015500000000000002,0.026909199999994974,0.015557039999992922,0.03078199999999112
0.0015600000000000002,0.025981959999993896,0.018059200000011155,0.023461320000007117
0.0015700000000000002,0.03050919999999971,0.02322703999999605,0.03224472000000582
0.00158,0.03520667999998996,0.029102840000011124,0.029486720000002922
0.00159,0.030958800000000616,0.04851796000000089,0.01595868000000107
0.0016,0.024056319999994493,0.03716591999999399,0.02817127999999928
0.00161,0.0314507999999998,0.020729800000000752,0.026708560000000475
0.0016200000000000001,0.025942599999989737,0.026104960000007442,0.022829640000006805
0.0016300000000000002,0.027520920000006843,0.0435139599999982,0.01917172000001153
0.0016400000000000002,0.03670756000000373,0.027476440000002527,0.029760640000002597
0.0016500000000000002,0.04284067999999536,0.031763239999996036,0.03015540000000984
0.0016600000000000002,0.035019160000006,0.036808239999996696,0.031445599999999345
0.00167,0.04301651999999605,0.04868703999999773,0.025914960000005698
0.00168,0.031200199999993572,0.04310660000000781,0.02681340000000473
0.00169,0.017991239999998337,0.04022123999999469,0.019822360000006086
0.0017000000000000001,0.03748840000000479,0.03880923999999582,0.01718732000000149
0.0017100000000000001,0.03251288000000492,0.033718039999995265,0.03173460000001085
0.0017200000000000002,0.0335123600000066,0.036544000000006724,0.0329248400000066
0.0017300000000000002,0.01932599999999602,0.03706375999999537,0.035714800000001885
0.0017400000000000002,0.02184640000000569,0.029862440000006277,0.036525360000007376
0.00175,0.03379608000000703,0.026930879999999692,0.029494360000005757
0.00176,0.03131447999999373,0.023855120000011467,0.02689979999999318
0.00177,0.028811199999989833,0.028459200000000406,0.03444567999999634
0.0017800000000000001,0.01884983999998891,0.0337560400000066,0.025250920000006925
0.0017900000000000001,0.020465439999999495,0.03052792000001072,0.026489199999996223
0.0018000000000000002,0.03214560000000807,0.028722800000006765,0.03590767999999771
0.0018100000000000002,0.03269175999999949,0.022069000000005386,0.020582920000005236
0.0018200000000000002,0.025667519999995152,0.027424520000002586,0.03477796000001186
0.0018300000000000002,0.026200880000010706,0.036949120000011715,0.02917844000000448
0.00184,0.02497512000000426,0.034106040000005396,0.025840760000000924
0.00185,0.02731936000000069,0.03919203999999649,0.03294680000000677
0.00186,0.03161875999999377,0.02253560000000649,0.021068839999994975
0.0018700000000000001,0.043286640000005996,0.020311800000007152,0.020098279999999566
0.0018800000000000002,0.05090479999999575,0.03975028000000089,0.03806171999999985
0.0018900000000000002,0.03213904000000561,0.02520635999999553,0.039588680000006066
0.0019000000000000002,0.039011640000001145,0.02504943999999426,0.02616316000000991
0.0019100000000000002,0.016012520000001088,0.026688679999989032,0.051561120000001716
0.0019200000000000003,0.03110064000000091,0.03371163999999991,0.04402416000000775
0.00193,0.0382411999999936,0.02406728000000268,0.021873839999999384
0.00194,0.03366799999999559,0.026113440000000283,0.036105640000011645
0.0019500000000000001,0.02379811999999994,0.02991872000000108,0.037968799999995424
0.0019600000000000004,0.03261023999999727,0.027729679999994816,0.03921872000000473
0.00197,0.03156955999999506,0.02042803999999494,0.022914760000004388
0.00198,0.022469240000005216,0.031505439999995215,0.027772160000006478
0.00199,0.043257680000007945,0.026534719999996865,0.030113639999999824
0.002,0.049272920000007395,0.03328564000000122,0.0245047999999947
0.00201,0.01672296000000607,0.03091920000000141,0.03806680000000257
0.00202,0.02448928000000517,0.03285535999999452,0.03277028000000804
0.00203,0.0554782799999942,0.030301080000000546,0.028772359999999542
0.00204,0.052257399999997095,0.044747480000006376,0.028572880000006313
0.00205,0.03705411999999688,0.01954187999999574,0.0346681200000016
0.00206,0.029839880000011493,0.026291560000003888,0.03132967999999549
0.0020700000000000002,0.01990716000000545,0.03408568000000125,0.03458275999999451
0.0020800000000000003,0.03686976000000766,0.017248159999999516,0.021087479999994056
0.0020900000000000003,0.04562472000000214,0.018906560000000027,0.034037519999994194
0.0021000000000000003,0.03732564000000107,0.022074440000001,0.04125359999999883
0.0021100000000000003,0.029501399999994397,0.018857720000001486,0.03169443999999984
0.0021200000000000004,0.022983200000005876,0.03166279999999155,0.01798979999999728
0.0021300000000000004,0.0213954399999993,0.026145079999991355,0.018476960000006183
0.00214,0.04931727999999381,0.02941628000000165,0.020290359999990543
0.00215,0.045283520000002075,0.021906400000005783,0.03186535999999092
0.00216,0.022228640000000573,0.0271040799999912,0.0278069599999912
0.00217,0.03480439999999738,0.04244659999999003,0.04470371999999887
0.00218,0.02110111999999775,0.0441249999999898,0.025639240000001
0.00219,0.026714680000001448,0.026765999999989267,0.03926536000000507
0.0022,0.028773559999996864,0.039607040000007455,0.023860320000006045
0.00221,0.020894320000005233,0.024885280000003698,0.013570199999999265
0.00222,0.03271187999999583,0.029864759999996052,0.03318624000000222
0.00223,0.024550240000000615,0.019532000000001264,0.03086575999999675
0.0022400000000000002,0.031924519999994384,0.031108039999997037,0.01576632000000536
0.0022500000000000003,0.02892407999999984,0.017223200000000657,0.02192399999999568
0.0022600000000000003,0.04327443999999611,0.01756704000001058,0.041335600000007515
0.0022700000000000003,0.03753235999999545,0.02224564000000576,0.0272447600000065
0.0022800000000000003,0.047916320000007326,0.01786652000001131,0.04186120000000114
0.0022900000000000004,0.036207760000001504,0.026407000000006724,0.03858924000000563
0.0023000000000000004,0.03726987999999438,0.01955776000000338,0.03446608000000018
0.00231,0.032963919999999876,0.02092776000000057,0.025243839999996496
0.00232,0.02531267999999904,0.04911140000000293,0.02082472000000209
0.00233,0.02181588000000683,0.02776528000000009,0.039041320000007436
0.00234,0.02623519999999891,0.021081439999994546,0.032043119999999904
0.00235,0.038111719999994735,0.03612996000000071,0.024609240000004515
0.00236,0.01367183999999494,0.030652119999996903,0.022244560000001978
0.00237,0.03554528000000514,0.030149720000002173,0.023896439999999502
0.00238,0.032603959999996907,0.022363519999989933,0.021900319999996972
0.00239,0.023627599999995356,0.020441720000000302,0.03676003999999745
0.0024000000000000002,0.03307847999999484,0.02538187999999623,0.029059080000007568
0.0024100000000000002,0.031243160000000374,0.026506039999996345,0.025074759999994423
0.0024200000000000003,0.029240640000006302,0.02776204000000211,0.017725560000002437
0.0024300000000000003,0.03145500000001046,0.01994324000000586,0.015084519999995922
0.0024400000000000003,0.034670080000001255,0.0388268399999958,0.018096440000000873
0.0024500000000000004,0.022938080000000426,0.021871720000005476,0.022002440000002125
0.0024600000000000004,0.03168615999999544,0.027208919999995928,0.02004815999999916
0.0024700000000000004,0.032313719999996444,0.018857959999994817,0.030795119999996335
0.00248,0.02075687999999488,0.02643135999999417,0.024540760000000873
0.00249,0.025217200000010695,0.03812759999999344,0.024131560000006703
0.0025,0.03434404000000797,0.05360556000000125,0.020498760000005757
0.00251,0.028920840000007053,0.032250160000007036,0.04786708000000762
0.00252,0.021168720000005588,0.01666079999999066,0.033514640000006236
0.00253,0.03826772000000079,0.03374283999999489,0.03691232000000546
0.00254,0.029476559999995135,0.032963239999993475,0.02423004000000081
0.00255,0.03758551999999566,0.038837719999991104,0.02661004000000499
0.00256,0.019394240000001485,0.04710064000000092,0.027586479999997113
0.0025700000000000002,0.023118399999995147,0.038266279999995476,0.031101479999991567
0.0025800000000000003,0.029556799999995807,0.028266519999999757,0.025944440000001564
0.0025900000000000003,0.038991399999994056,0.032459679999993274,0.041120480000007335
0.0026000000000000003,0.021963999999989756,0.02067136000000118,0.0343413200000063
0.0026100000000000003,0.03838195999999639,0.034939440000006684,0.04241992000000268
0.0026200000000000004,0.03208931999999487,0.036360159999999704,0.044040760000002274
0.0026300000000000004,0.025740919999996153,0.032946040000001516,0.0484223600000019
0.0026400000000000004,0.028033759999994683,0.03486572000000188,0.034520880000001614
0.00265,0.025614280000000232,0.02598776000001188,0.02404424000000535
0.00266,0.037355279999995154,0.03484028000000742,0.02919216000001085
0.00267,0.03575835999999562,0.02089039999999973,0.018168120000000468
0.00268,0.037259640000001315,0.02216928000000112,0.012527599999992792
0.00269,0.033410840000009705,0.024650560000006445,0.025939679999995368
0.0027,0.025386480000006748,0.025478599999995775,0.04369867999999636
0.00271,0.01600904000001112,0.041344839999994255,0.0399686399999998
0.00272,0.034019959999999995,0.03301816000000067,0.015134080000000421
0.0027300000000000002,0.02087387999999971,0.03774604,0.018329759999994488
0.0027400000000000002,0.024588759999998874,0.039912400000006405,0.04514412000000248
0.0027500000000000003,0.03950456000000213,0.04259328000000626,0.025132120000002076
0.0027600000000000003,0.03561740000001148,0.05751803999999584,0.035437680000004516
0.0027700000000000003,0.026869280000011077,0.043227599999995404,0.027094080000001273
0.0027800000000000004,0.021647679999991086,0.036455839999995264,0.018659999999993727
0.0027900000000000004,0.018649399999994466,0.04264119999999622,0.0342869599999996
0.0028000000000000004,0.016573920000003784,0.03636119999999523,0.027644800000004088
0.0028100000000000004,0.028538040000000597,0.030599760000001322,0.02515036000000579
0.00282,0.042313920000007124,0.027092199999999757,0.02219084000000439
0.00283,0.029524880000006047,0.01282131999999417,0.02998040000000475
0.00284,0.02993736000000693,0.029160840000001232,0.034766519999999065
0.00285,0.01836139999999415,0.035715559999993866,0.0281102400000042
0.00286,0.011484759999999268,0.018717399999993743,0.034446039999994446
0.00287,0.031063280000003832,0.02784700000000066,0.038965040000002865
0.00288,0.024549000000005445,0.02990759999999682,0.037199160000011416
0.00289,0.014812599999990217,0.03315563999999702,0.024335440000005436
0.0029000000000000002,0.0277279999999965,0.027585680000006333,0.027642400000006586
0.0029100000000000003,0.02018628000000482,0.03449660000000571,0.02570784000001027
0.0029200000000000003,0.03130508000000068,0.02341016000000818,0.02537868000000631
0.0029300000000000003,0.02722483999999422,0.038752439999999506,0.03703432000000519
0.0029400000000000003,0.03135784000000581,0.03794980000000049,0.01726548000000167
0.0029500000000000004,0.042745040000003204,0.037100240000011546,0.02724832000000673
0.0029600000000000004,0.018644600000005868,0.023372320000011326,0.046587040000000565
0.0029700000000000004,0.028369999999994715,0.02627180000000607,0.038739560000006217
0.0029800000000000004,0.029567639999994854,0.04074044000000186,0.02044616000000631
0.00299,0.02391299999999983,0.03595724000000148,0.03995628000001184
0.003,0.022767639999994923,0.02847092000000026,0.048619880000011814
0.00301,0.034797480000000304,0.026979279999999276,0.03434492000001165
0.00302,0.04262943999999014,0.03142671999999687,0.03966268000000533
0.00303,0.0371216800000014,0.02200548000000575,0.037438840000001056
0.00304,0.02599819999999502,0.03694468000000686,0.0302824399999988
0.00305,0.03753195999999543,0.016525559999995915,0.032603720000000905
0.0030600000000000002,0.02264303999999923,0.014792800000006833,0.04833972000000531
0.0030700000000000002,0.03006091999999928,0.02528408000000183,0.03383612000001162
0.0030800000000000003,0.03131959999999715,0.030020360000000194,0.030238360000006723
0.0030900000000000003,0.02540679999999957,0.03137111999999906,0.026422919999989636
0.0031000000000000003,0.040293320000011776,0.01943131999999423,0.036973439999989845
0.0031100000000000004,0.033894440000000255,0.035417600000007037,0.016959079999994752
0.0031200000000000004,0.028055120000000454,0.02909660000000069,0.01835291999999886
0.0031300000000000004,0.04294400000000124,0.031672159999999366,0.02467711999999929
0.0031400000000000004,0.036316920000007524,0.022738199999989363,0.05894127999999771
0.0031500000000000005,0.025676199999998654,0.025504479999993054,0.026654480000000105
0.00316,0.03358607999999515,0.03274563999999373,0.021762759999993598
0.00317,0.027719679999996645,0.021967279999996227,0.018324559999990418
0.00318,0.02795447999999995,0.03378248000000152,0.02541491999999446
0.00319,0.030023920000007667,0.023075480000004537,0.030131359999999666
0.0032,0.043864960000002,0.029656560000005754,0.034310880000002826
0.00321,0.03060927999999934,0.050181319999996137,0.029056120000005178
0.00322,0.02961236000000048,0.02325787999999478,0.024972719999989824
0.0032300000000000002,0.02942695999999544,0.028321759999995602,0.03071547999999501
0.0032400000000000003,0.03653852000000116,0.04104876000000146,0.03343440000000029
0.0032500000000000003,0.04539588000000097,0.0293553199999951,0.020147240000009673
0.0032600000000000003,0.04111456000000077,0.026229799999995924,0.018298160000005805
0.0032700000000000003,0.03418496000000714,0.024446920000006686,0.03623508000000025
0.0032800000000000004,0.030435359999999467,0.038454040000002056,0.025062039999989634
0.0032900000000000004,0.03537623999999984,0.038552400000001534,0.040006719999989934
0.0033000000000000004,0.022228880000000558,0.026777080000000706,0.036206679999994926
0.0033100000000000004,0.04043427999998984,0.020472399999996796,0.02136523999999391
0.0033200000000000005,0.043692839999995854,0.029232399999999627,0.029916719999990123
0.00333,0.035628800000000016,0.02725123999999878,0.02823272000000705
0.00334,0.030667159999995763,0.02524655999998915,0.02487760000000733
0.00335,0.019690400000000233,0.016705000000001802,0.05352560000000166
0.00336,0.02109755999999583,0.03486344000000455,0.022275520000004812
0.00337,0.03935044000000678,0.023553600000005406,0.0266598800000079
0.00338,0.03148067999999566,0.02758776000000558,0.041015920000007776
0.0033900000000000002,0.03654404000000014,0.0392009599999939,0.02686459999999775
0.0034000000000000002,0.016272359999999233,0.023731000000008107,0.029964720000003053
0.0034100000000000003,0.027981479999993713,0.01984276000000586,0.02702524000000665
0.0034200000000000003,0.037942960000006236,0.02756015999999926,0.012132920000009303
0.0034300000000000003,0.022014519999995104,0.03571171999999446,0.030271679999999298
0.0034400000000000003,0.02579280000000483,0.026955519999996225,0.016745440000005784
0.0034500000000000004,0.036227640000001886,0.04973471999999799,0.02814279999999404
0.0034600000000000004,0.023194800000011524,0.023897879999989696,0.022216120000011764
0.0034700000000000004,0.03292919999999956,0.022625920000003925,0.03629008000000006
0.0034800000000000005,0.017188839999995525,0.033514959999996166,0.019626280000011063
0.0034900000000000005,0.038756920000002235,0.024900360000001422,0.027053680000007286
0.0035,0.01805332000000464,0.01887080000000087,0.03199680000001169
0.00351,0.04006748000000066,0.025051360000000644,0.025852520000005597
0.00352,0.02915660000000029,0.03881104000000153,0.05332080000000128
0.00353,0.012611160000004631,0.02289108000001092,0.03203708000000134
0.00354,0.013327280000005503,0.025685960000001843,0.025954200000006297
0.00355,0.04083500000000122,0.02299780000000114,0.02388608000000428
0.0035600000000000002,0.029059240000006363,0.028527520000004886,0.025611640000011083
0.0035700000000000003,0.04148288000000637,0.02988152000000558,0.03597336000000719
0.0035800000000000003,0.01657024000000601,0.03021960000000594,0.02984163999999445
0.0035900000000000003,0.04108692000000134,0.02347716000000624,0.04183911999999741
0.0036000000000000003,0.01656951999999571,0.04807076000000759,0.028202320000001082
0.0036100000000000004,0.028834719999999446,0.029641640000005666,0.035648639999997664
0.0036200000000000004,0.0258587599999891,0.031257280000007555,0.03952232000000657
0.0036300000000000004,0.04233244000000057,0.027705640000011637,0.03305660000000581
0.0036400000000000004,0.037674919999990036,0.033705640000011694,0.020546399999990174
0.0036500000000000005,0.025094120000003793,0.027484879999993758,0.038911760000004986
0.0036600000000000005,0.03566968000000626,0.009210719999994751,0.03698844000000558
0.00367,0.03264512000000723,0.03074972000000026,0.026777080000000758
0.00368,0.02586700000000602,0.043835839999994984,0.01920343999999518
0.00369,0.031313120000006175,0.024203119999992053,0.026314560000000077
0.0037,0.02498440000000536,0.032134399999997156,0.03934976000000143
0.00371,0.04687180000000722,0.017314119999995933,0.032787119999996804
0.00372,0.0323059200000061,0.02405324000000199,0.019871679999999326
0.0037300000000000002,0.014282200000001199,0.03252780000000034,0.022485639999997302
0.0037400000000000003,0.02877884000000762,0.02858811999998991,0.03542939999999265
0.0037500000000000003,0.028956840000007478,0.040985999999994575,0.024353999999991233
0.0037600000000000003,0.027812280000001542,0.03298619999999024,0.040748400000000656
0.0037700000000000003,0.02679036000001157,0.01932447999999396,0.01933475999999655
0.0037800000000000004,0.02797028000000765,0.03789899999999402,0.03508168000000627
0.0037900000000000004,0.030821720000008435,0.03488075999999617,0.04252136000000198
0.0038000000000000004,0.03282655999999702,0.026420360000001576,0.034583360000007744
0.0038100000000000005,0.01834908000000631,0.018717280000005367,0.03669208000000524
0.0038200000000000005,0.019399999999999917,0.02809491999999997,0.021399240000006377
0.0038300000000000005,0.03362239999999442,0.034027080000000064,0.046242480000007434
0.0038400000000000005,0.020766000000004222,0.025230679999993857,0.03392171999999617
0.00385,0.03337927999999592,0.03852007999999716,0.034063159999996685
0.00386,0.046487199999995725,0.026706800000007712,0.029659919999996273
0.00387,0.03152255999999447,0.032826520000007596,0.025704120000004486
0.00388,0.026344679999994427,0.013240200000005864,0.011408119999992828
0.0038900000000000002,0.032732360000011035,0.03559052000000412,0.022843120000002298
0.0039000000000000003,0.03444876000000315,0.027265240000007507,0.02508675999999114
0.00391,0.03274915999999574,0.03511563999999639,0.011828280000006866
0.003920000000000001,0.03262171999999641,0.016180399999993593,0.018528519999994483
0.00393,0.04305899999999642,0.018445559999998817,0.0354092800000019
0.00394,0.028666559999990047,0.03833400000000074,0.021883320000010583
0.00395,0.02235175999999511,0.027929839999989575,0.01936976000000491
0.00396,0.030953359999989872,0.024156959999999828,0.03339447999999482
0.0039700000000000004,0.03358352000000036,0.017389839999997186,0.030156639999997258
0.00398,0.013358600000000354,0.01828631999999989,0.015854880000005126
0.0039900000000000005,0.03502527999999536,0.03211875999999721,0.017650799999999328
0.004,0.030367799999995154,0.029594159999994287,0.0231531999999943
0.0040100000000000005,0.025062399999996484,0.033654199999999565,0.015402879999993804
0.00402,0.027031359999996694,0.03950627999999546,0.027772160000006395
0.004030000000000001,0.03113180000000058,0.03813172000000007,0.03002508000001169
0.00404,0.023704080000001407,0.02980967999999963,0.02408492000000581
0.004050000000000001,0.01777396000000377,0.01954872000000373,0.016621239999995784
0.00406,0.025745600000007838,0.023626199999993408,0.031246199999995623
0.004070000000000001,0.019240120000005457,0.03386567999999679,0.030432280000004308
0.00408,0.046007720000001494,0.031433159999996275,0.01871556000001167
0.004090000000000001,0.03613108000000742,0.04107160000000488,0.03373155999999902
0.0041,0.028952480000001488,0.02842184000000636,0.03709016000000558
0.00411,0.02890331999999894,0.049650200000005563,0.03233456000000561
0.00412,0.027249200000001708,0.029663239999999928,0.02513456000000502
0.00413,0.034409640000005313,0.01890487999999564,0.029372000000000075
0.0041400000000000005,0.03140916000000657,0.033482439999996554,0.027906639999993002
0.00415,0.04116508000000038,0.022697119999995165,0.030624000000001882
0.0041600000000000005,0.037752400000000734,0.03367108000000415,0.02405228000001154
0.00417,0.0454118800000028,0.02658187999999618,0.027035039999999823
0.0041800000000000006,0.02606924000000733,0.021372520000001078,0.02693296000000674
0.00419,0.02695020000000073,0.018278639999994337,0.02983627999999917
0.004200000000000001,0.030011199999989895,0.023510360000000927,0.04549331999999543
0.00421,0.018089359999994857,0.016221239999995852,0.03227723999999472
0.004220000000000001,0.04017775999999367,0.038886600000008,0.038808959999997165
0.00423,0.02142327999999325,0.03970708000000724,0.033431240000009375
0.004240000000000001,0.02760396000000112,0.0318037200000006,0.03508807999999992
0.00425,0.018993879999993753,0.02507415999999973,0.03376835999999982
0.004260000000000001,0.021707279999994993,0.03062247999999982,0.02269035999999435
0.00427,0.024597639999999366,0.04646439999999474,0.03354875999999525
0.00428,0.042660439999995234,0.02830844000000936,0.01492084000000631
0.00429,0.024502840000005955,0.025368839999994716,0.02787936000000587
0.0043,0.03337340000000183,0.021469120000005577,0.03685167999999869
0.0043100000000000005,0.021790560000010242,0.011989200000001365,0.03028651999999364
0.00432,0.011831720000008717,0.03321027999999459,0.031791560000003126
0.0043300000000000005,0.030703399999993896,0.03567947999999581,0.024389559999993482
0.00434,0.024787679999995073,0.03890908000000587,0.036436320000009716
0.004350000000000001,0.04409735999999492,0.041374119999995636,0.027582960000011137
0.00436,0.020457040000003705,0.04300255999999528,0.02983664000000655
0.004370000000000001,0.044641319999997646,0.028927919999997456,0.03304984000000145
0.00438,0.014707119999995043,0.03361799999999719,0.026442600000007453
0.004390000000000001,0.022418959999997035,0.037393360000007404,0.0308265599999969
0.0044,0.05604363999999662,0.021368920000000957,0.03321024000000072
0.004410000000000001,0.04139087999999646,0.027376520000000196,0.023370480000005942
0.00442,0.048591840000006686,0.02838548000000173,0.027982600000008327
0.004430000000000001,0.040285519999996244,0.026374480000005127,0.02942240000000122
0.00444,0.019092800000004972,0.03396591999999379,0.021609440000006166
0.00445,0.03795708000000005,0.01750627999999511,0.023429319999990223
0.00446,0.023671319999996082,0.03452820000000628,0.032251319999994504
0.00447,0.03250339999999491,0.029313520000006532,0.032952359999994345
0.0044800000000000005,0.023549039999993943,0.03459684000000152,0.02626015999999516
0.00449,0.021119480000000856,0.023666480000001447,0.018223319999995314
0.0045000000000000005,0.03095976000000068,0.019908880000001388,0.018686199999999188
0.00451,0.01478347999999589,0.030890200000001103,0.030382800000001018
0.004520000000000001,0.0362976799999968,0.024969040000007124,0.03666188000000959
0.00453,0.02786852000001062,0.027010759999994326,0.021989680000001916
0.004540000000000001,0.044901160000001626,0.023349159999989252,0.023368520000005746
0.00455,0.0341315999999956,0.018670240000005688,0.03612560000000317
0.004560000000000001,0.022578400000004654,0.02112411999999661,0.029543520000011578
0.00457,0.030267800000005556,0.027240640000006297,0.019824400000010903
0.004580000000000001,0.03554976000000155,0.024834680000007704,0.023769080000002205
0.00459,0.03153940000001139,0.04798136000000723,0.03272172000000143
0.004600000000000001,0.025925960000005938,0.04405972000000618,0.02219807999999629
0.00461,0.03676868000000508,0.03356244000000798,0.02113779999999557
0.00462,0.04019320000000477,0.03691908000000487,0.0413490799999973
0.0046300000000000004,0.02536852000000613,0.03144768000000152,0.04875011999999487
0.00464,0.036699280000001167,0.03778452000000689,0.03251343999999457
0.0046500000000000005,0.03246696000001165,0.01566848000001052,0.04223559999999559
0.00466,0.03931476000000507,0.013487960000003959,0.017862039999989657
0.0046700000000000005,0.031661960000001294,0.026545959999993225,0.03727203999999486
0.00468,0.02596820000000651,0.041847160000001306,0.029081479999996176
0.004690000000000001,0.035509720000006094,0.020198800000003604,0.02467740000000468
0.0047,0.034561999999996165,0.03544920000000118,0.014785959999998835
0.004710000000000001,0.022579239999995702,0.020727160000000702,0.02355828000000567
0.00472,0.016743880000005727,0.03582308000000673,0.030639280000000036
0.004730000000000001,0.0352014400000072,0.0412745600000123,0.029135320000007393
0.00474,0.03246227999999452,0.03594092000000663,0.035819920000011496
0.004750000000000001,0.03395536000000483,0.041355080000001695,0.030500440000004604
0.00476,0.03964535999999498,0.01282599999999981,0.030127679999999313
0.004770000000000001,0.017985079999995157,0.024987560000006567,0.02834128000000027
0.00478,0.03429224000000236,0.01945191999999683,0.021752319999999548
0.00479,0.035049600000007695,0.028251320000007452,0.035601680000000704
0.0048000000000000004,0.03696716000000749,0.054532999999998936,0.02801392000000743
0.00481,0.02447495999998953,0.034251919999997785,0.03794560000000556
0.0048200000000000005,0.0319618799999952,0.043248119999999904,0.03780068000000457
0.00483,0.029374280000006123,0.030523999999994,0.009827719999997198
0.0048400000000000006,0.028447400000004598,0.029591200000000827,0.01974523999999024
0.00485,0.03243008000000702,0.01563375999999441,0.02537080000000074
0.004860000000000001,0.034032720000007365,0.03236704000000241,0.021950159999993897
0.00487,0.029846319999995752,0.03727131999999688,0.03420747999998952
0.004880000000000001,0.02350752000000138,0.028819519999995772,0.023676879999994828
0.00489,0.018409600000000605,0.020426000000000166,0.030580960000006714
0.004900000000000001,0.0385091999999961,0.041281319999994764,0.018243959999990463
0.00491,0.043059800000000155,0.03722559999999684,0.037366280000006136
0.004920000000000001,0.04069159999999536,0.028792879999996093,0.024442680000005025
0.00493,0.044620879999989475,0.03488491999999999,0.03252752000000469
0.004940000000000001,0.03477987999998926,0.03063123999999463,0.025580279999991462
0.00495,0.050701199999994215,0.02484200000001182,0.03579576000000186
0.00496,0.04288219999999355,0.01937927999999939,0.02968243999999571
0.0049700000000000005,0.029347120000001795,0.029561079999993464,0.0273052800000012
0.00498,0.0355070000000009,0.04246456000000826,0.03798744000000047
0.0049900000000000005,0.03298187999999671,0.03185228000001187,0.03648492000000588
0.005,0.013464799999995966,0.019785160000005117,0.025576880000001207
0.0050100000000000006,0.025869800000005706,0.03767988000000443,0.038257560000004236
0.00502,0.03664864000000666,0.026831160000004205,0.04954868000000127
0.005030000000000001,0.04309760000000665,0.02750248000000658,0.024385000000005007
0.00504,0.05082424000000718,0.03192660000000618,0.020697560000005423
0.005050000000000001,0.040423319999996675,0.03512872000001139,0.025239319999993046
0.00506,0.02598391999998928,0.03182524000000675,0.036678159999993444
0.005070000000000001,0.039922839999989156,0.02035584000000474,0.03572792000001083
0.00508,0.02006751999999512,0.028165679999999017,0.03867964000000154
0.005090000000000001,0.03168959999998982,0.019646159999994,0.03579691999999429
0.0051,0.05018964000000161,0.028398080000000013,0.03330272000000103
0.005110000000000001,0.023682399999997,0.03184931999999762,0.028840680000006426
0.00512,0.020909679999995334,0.03238024000000546,0.03220356000000523
0.00513,0.028399240000006452,0.01821732000000754,0.043158999999995444
0.0051400000000000005,0.032012559999989774,0.026133480000006197,0.038420239999995956
0.00515,0.0376647199999904,0.03181612000000169,0.0304213599999965
0.0051600000000000005,0.04306767999999435,0.01899292000000538,0.024745160000000203
0.00517,0.03616995999999817,0.02431232000000933,0.04046443999999431
0.005180000000000001,0.01768283999999692,0.038835480000000595,0.04411459999999689
0.00519,0.033437720000000414,0.028606200000002788,0.04544399999999516
0.005200000000000001,0.027653920000000984,0.031981799999993316,0.029187440000004877
0.00521,0.03001971999999457,0.017442200000010278,0.02481432000000099
0.005220000000000001,0.02209639999999782,0.024680599999995025,0.027386320000005134
0.00523,0.03958304000000714,0.031589719999997094,0.033966600000003115
0.005240000000000001,0.04773764000000165,0.04027236000000609,0.04508860000000826
0.00525,0.02318291999999307,0.04588620000000071,0.04355252000000188
0.005260000000000001,0.024834759999999356,0.03120712000001145,0.021075280000005102
0.00527,0.024775799999994644,0.019752080000000703,0.020676959999991015
0.005280000000000001,0.023547719999995456,0.03012679999999506,0.0344480800000052
0.00529,0.03781384000000488,0.018111720000003682,0.03459763999999982
0.0053,0.03400556000000128,0.02338083999999912,0.025027039999994727
0.0053100000000000005,0.02465500000000479,0.025689440000001135,0.041630080000007584
0.00532,0.03231803999999546,0.023085240000005513,0.02788156000001157
0.0053300000000000005,0.017651959999996525,0.03452836000001059,0.022294360000001644
0.00534,0.023890760000007744,0.044477480000005384,0.035171280000001706
0.005350000000000001,0.03548672000000323,0.039541800000001494,0.033932480000000466
0.00536,0.03111191999998982,0.04651755999999561,0.016248720000001052
0.005370000000000001,0.04062543999999617,0.0428314000000005,0.022029239999994184
0.00538,0.04062987999999658,0.04660348000000053,0.018448479999989144
0.005390000000000001,0.018607119999997354,0.03775244000000109,0.028790480000003966
0.0054,0.018705640000001245,0.03493516000000409,0.02100280000000524
0.005410000000000001,0.017883319999995713,0.040009960000001836,0.032872639999993555
0.00542,0.019194399999994696,0.030215119999993614,0.027801759999993802
0.005430000000000001,0.033985239999997,0.04095368000000681,0.03951107999999913
0.00544,0.04202684000000742,0.0434533200000054,0.024316640000005
0.005450000000000001,0.027094360000005924,0.039399080000005145,0.037153800000005406
0.0054600000000000004,0.025157080000000425,0.048627520000006155,0.04940920000000766
0.00547,0.01611391999999422,0.03629103999999349,0.041576800000006735
0.0054800000000000005,0.03566672000000695,0.03186808000000016,0.03254255999999801
0.00549,0.019877720000001185,0.034923240000005684,0.02500259999999548
0.0055000000000000005,0.02585012000001177,0.029372840000011446,0.03202132000000139
0.00551,0.022765800000005228,0.030266520000011635,0.02707548000000489
0.005520000000000001,0.01897548000000089,0.03300328000000077,0.032289280000009676
0.00553,0.014509080000005642,0.023564400000000412,0.029289200000004928
0.005540000000000001,0.03460835999999135,0.026534680000001067,0.015629840000005276
0.00555,0.028148040000000752,0.022101080000000228,0.026091480000000115
0.005560000000000001,0.02675900000000057,0.023429159999996337,0.03125020000000664
0.00557,0.028525479999999537,0.028699040000000158,0.02445020000000627
0.005580000000000001,0.020415400000003997,0.022167279999994783,0.03141152000000777
0.00559,0.0174607600000059,0.02497503999999999,0.047731000000008954
0.005600000000000001,0.008052160000001207,0.028622679999995192,0.022407680000004038
0.00561,0.03223512000000651,0.048462160000001246,0.03886624000000732
0.005620000000000001,0.03959343999999578,0.02982868000000067,0.030132760000004696
0.0056300000000000005,0.03872668000000728,0.018485639999994335,0.03061900000000965
0.00564,0.023637439999995204,0.03732871999999536,0.028709800000011807
0.0056500000000000005,0.03407699999999528,0.03219711999999721,0.04737456000000662
0.00566,0.021243479999993993,0.026369999999994828,0.043455560000006214
0.0056700000000000006,0.032586239999990156,0.024011320000009904,0.025330840000004635
0.00568,0.028082879999999612,0.031614399999995546,0.04089047999999579
0.005690000000000001,0.032557759999990186,0.019884839999999224,0.03880847999999647
0.0057,0.0238339599999959,0.025861120000006305,0.02783095999999615
0.005710000000000001,0.03258372000000169,0.01675584000000475,0.029941799999999068
0.00572,0.03252867999999597,0.02313288000000007,0.02199863999999582
0.005730000000000001,0.04092288000000579,0.019585000000006274,0.03488016000000681
0.00574,0.041951920000006235,0.02764240000000669,0.0191032399999974
0.005750000000000001,0.032005600000007475,0.03665280000000153,0.036608240000001895
0.00576,0.013990759999995361,0.030144359999998944,0.027408240000001652
0.005770000000000001,0.028027199999995294,0.02732451999998911,0.030018119999993723
0.00578,0.03711043999999661,0.027246720000005966,0.035593080000001956
0.005790000000000001,0.026782600000007768,0.01391680000000945,0.023263479999993127
0.0058000000000000005,0.02944827999999976,0.0237259999999943,0.02081340000000533
0.00581,0.017266279999994458,0.03018404000001163,0.025393759999994964
0.0058200000000000005,0.029115479999994944,0.03308720000000442,0.030729320000001753
0.00583,0.03011492000000793,0.026786080000000267,0.046546959999995856
0.005840000000000001,0.04133979999999019,0.024098639999995706,0.014325880000007028
0.00585,0.02795803999999383,0.04546916000000527,0.04073160000000749
0.005860000000000001,0.0342002399999971,0.03336871999999374,0.028328040000007534
0.00587,0.019912520000000728,0.035187639999996,0.02298292000000733
0.005880000000000001,0.019158360000001397,0.04693124000000715,0.023474760000001274
0.00589,0.032963040000002705,0.03539104000000275,0.02583843999999554
0.005900000000000001,0.03829720000000797,0.0351030799999941,0.02070640000000538
0.00591,0.01534203999999982,0.025456400000004164,0.042967199999996486
0.005920000000000001,0.013276879999996495,0.03027852000000239,0.02754504000000663
0.00593,0.013034439999990495,0.0440888400000009,0.029997160000005463
0.005940000000000001,0.04770383999999458,0.02001860000000007,0.021926560000011353
0.00595,0.03181164000000414,0.0324923999999993,0.025551080000011148
0.005960000000000001,0.03626595999999538,0.03077623999999464,0.023975880000004387
0.0059700000000000005,0.04280879999999547,0.019894519999995197,0.027665240000007675
0.00598,0.0455568799999952,0.03632179999999377,0.03642204000000755
0.0059900000000000005,0.040277720000001786,0.02092104000000137,0.02541240000000635
0.006,0.02123115999999517,0.028372240000004736,0.03245068000000693
0.006010000000000001,0.012768320000005008,0.02490287999999941,0.02650791999999579
0.00602,0.03679324000000245,0.020464880000004203,0.02522688000000118
0.006030000000000001,0.03977343999999008,0.02460924000000452,0.019072919999989047
0.00604,0.03541476000000195,0.02912151999999681,0.028341319999994872
0.006050000000000001,0.02736915999999968,0.020573439999989715,0.045051639999994376
0.00606,0.029729840000001246,0.030480519999991823,0.02576323999999532
0.006070000000000001,0.026062159999999814,0.0376483599999974,0.01933639999999494
0.00608,0.02119139999999625,0.03214644000000226,0.041906639999994034
0.006090000000000001,0.02206836000001166,0.02351336000000204,0.035410079999999934
0.0061,0.03894396000000305,0.03254608000000847,0.01807995999999918
0.006110000000000001,0.04221380000000189,0.030321959999996997,0.025149520000006483
0.0061200000000000004,0.03699340000000296,0.031213760000005773,0.0290280000000053
0.006130000000000001,0.03719072000000251,0.031000120000001387,0.02659920000000636
0.0061400000000000005,0.0331256400000046,0.0322462400000076,0.0354008400000117
0.00615,0.0362644800000015,0.026126040000010703,0.04149660000000066
0.0061600000000000005,0.046533480000001716,0.034122399999988985,0.034071599999993214
0.00617,0.03182304000000111,0.02186511999999984,0.03756239999999544
0.006180000000000001,0.03210028000000043,0.01618840000001031,0.03501560000000502
0.00619,0.02254356000000619,0.01973808000000064,0.023548719999995082
0.006200000000000001,0.03296924000000088,0.020828119999993826,0.045077039999994496
0.00621,0.0323429200000013,0.03953236000000495,0.036231639999989455
0.006220000000000001,0.028191399999994,0.014122400000003263,0.030019719999990715
0.00623,0.03725683999998957,0.024578560000007847,0.03380588000000049
0.006240000000000001,0.027312279999989867,0.02517068000000031,0.031792679999989554
0.00625,0.03446035999999692,0.03350632000000809,0.02705983999999526
0.006260000000000001,0.020044560000009575,0.030615199999996356,0.03242120000000609
0.00627,0.022592760000011217,0.03362567999999592,0.03556368000000581
0.006280000000000001,0.03185879999999981,0.02883895999999913,0.0343228799999961
0.0062900000000000005,0.03678504000000683,0.037779839999997435,0.04230072000000697
0.006300000000000001,0.04264348000000296,0.025591839999999966,0.032542839999996784
0.0063100000000000005,0.049319080000007016,0.02995840000000632,0.026345360000006326
0.00632,0.020849239999999408,0.029581839999995908,0.028408480000000864
0.0063300000000000006,0.044532239999995504,0.025992840000007802,0.034437640000001844
0.00634,0.02948667999999398,0.016086679999993594,0.027985799999994978
0.006350000000000001,0.042395040000005185,0.04676551999999552,0.04413948000000624
0.00636,0.025772839999999565,0.020151600000000817,0.028011000000001045
0.006370000000000001,0.033551920000005696,0.027232000000007858,0.027204239999993714
0.00638,0.03091387999999487,0.016189320000005537,0.028035599999993187
0.006390000000000001,0.035550959999995725,0.040228360000006,0.028525160000005278
0.0064,0.02739480000000947,0.03730952000000151,0.02756320000000529
0.006410000000000001,0.03365016000000985,0.01854507999999702,0.030510839999994162
0.00642,0.040348760000000754,0.013671999999995351,0.034671199999999895
0.006430000000000001,0.028424360000005578,0.022781599999999905,0.023710280000004278
0.00644,0.037416160000000996,0.016639920000006456,0.023903720000010516
0.006450000000000001,0.0255938799999952,0.02812860000000669,0.0317017199999962
0.0064600000000000005,0.029268719999996144,0.03222764000000229,0.02806320000000284
0.006470000000000001,0.021767719999994436,0.04104720000000176,0.01720200000000209
0.0064800000000000005,0.03705183999998977,0.015583359999999111,0.03068344000000696
0.00649,0.028490999999989754,0.028738600000004725,0.039849560000001324
0.006500000000000001,0.037991960000001095,0.04210763999999538,0.028090200000001377
0.00651,0.033729840000008136,0.03894772000001159,0.025943880000005883
0.006520000000000001,0.037706960000007304,0.05002680000000254,0.01128712000000557
0.00653,0.024104920000007298,0.02742440000000165,0.01918296000000167
0.006540000000000001,0.03200952000000624,0.045569039999993996,0.02504815999998981
0.00655,0.02114964000000489,0.04862651999999642,0.032134159999999114
0.006560000000000001,0.033665080000008195,0.03130496000000562,0.025567079999998542
0.00657,0.03644256000000736,0.027815920000007266,0.03163431999999421
0.006580000000000001,0.01658564000000002,0.027294919999999796,0.044764679999994
0.00659,0.025764399999999944,0.014260559999997395,0.0368724799999946
0.006600000000000001,0.013404960000005139,0.014830080000006279,0.020796999999999892
0.00661,0.04722768000001183,0.021742919999991225,0.03514319999999701
0.006620000000000001,0.036356320000000414,0.033441639999993625,0.016555279999994708
0.0066300000000000005,0.03317220000001177,0.025184399999989372,0.03246035999999599
0.006640000000000001,0.03174864000001188,0.02570739999999482,0.026023759999996236
0.0066500000000000005,0.02339007999999398,0.0310264800000068,0.031641759999995106
0.00666,0.03922392000001162,0.038869760000001925,0.025103839999989292
0.006670000000000001,0.04166296000000764,0.03567011999999571,0.02288432000000103
0.00668,0.02774464000000034,0.02072796000000078,0.020531640000004715
0.006690000000000001,0.01472716000000053,0.0169149200000052,0.03995735999999549
0.0067,0.02873175999999697,0.026114920000005568,0.028419399999997538
0.006710000000000001,0.03035231999999472,0.02685696000000593,0.03323211999999041
0.00672,0.028795880000002168,0.028276240000006447,0.015531199999988853
0.006730000000000001,0.03660556000000465,0.05129220000000269,0.02480716000000617
0.00674,0.015522760000005518,0.046484999999997494,0.03347372000000465
0.006750000000000001,0.02631140000000085,0.044592599999996846,0.02123927999999544
0.00676,0.02488787999999069,0.03289187999999742,0.02746156000000622
0.006770000000000001,0.016219640000005267,0.02914707999999007,0.03270151999999497
0.0067800000000000004,0.030962320000006798,0.031067479999995554,0.013911359999994067
0.006790000000000001,0.022225760000008005,0.0358328000000026,0.0358494399999949
0.0068000000000000005,0.028786640000005356,0.025743560000006604,0.034412079999995536
0.006810000000000001,0.04281036000000649,0.023424359999995637,0.02016803999998957
0.0068200000000000005,0.04032160000000108,0.0349829200000069,0.029541799999994848
0.00683,0.03857096000000033,0.032406520000006316,0.02636175999999511
0.006840000000000001,0.02987896000001181,0.04454756000000258,0.0342665599999901
0.00685,0.02382047999999473,0.021026080000004856,0.03821055999999998
0.006860000000000001,0.0463122800000051,0.04099780000000162,0.024103919999996202
0.00687,0.030209720000005345,0.022290360000005165,0.032337119999990165
0.006880000000000001,0.04069412000000113,0.02752912000000198,0.025949319999992032
0.00689,0.03302887999999445,0.01528360000000161,0.03059243999999765
0.006900000000000001,0.04529863999999406,0.02436711999999109,0.03317080000000165
0.00691,0.04464135999999563,0.0309357199999998,0.03134208000000593
0.006920000000000001,0.030234399999999696,0.021505160000001133,0.04219128000000109
0.00693,0.026393599999999226,0.012182680000010961,0.02566764000000808
0.006940000000000001,0.04397656000000642,0.016256319999993784,0.022439000000007783
0.0069500000000000004,0.02263596000000961,0.048032400000000246,0.028036840000004927
0.006960000000000001,0.02204047999999542,0.031649359999996796,0.02841119999998985
0.0069700000000000005,0.03407684000000066,0.015167720000005954,0.021358159999999883
0.006980000000000001,0.02033731999998899,0.027208919999995595,0.01890051999999958
0.0069900000000000006,0.041965919999994244,0.044675960000005704,0.03349100000000164
0.007,0.02834563999998982,0.027594760000005984,0.026422040000007484
0.007010000000000001,0.02053124000000617,0.0321929200000079,0.0334596000000061
0.00702,0.02864428000000384,0.037268879999996236,0.025797000000009576
0.007030000000000001,0.04131663999999384,0.02038791999998953,0.02876776000000478
0.00704,0.043927160000001096,0.016511279999994195,0.02381859999999461
0.007050000000000001,0.03558960000000238,0.025785759999989617,0.027656359999994804
0.00706,0.018351759999995033,0.012186239999995347,0.04267340000000009
0.007070000000000001,0.0318686799999901,0.023611239999989545,0.022038439999996853
0.00708,0.022544440000001695,0.02231248000000074,0.028653760000002467
0.007090000000000001,0.03662307999999479,0.03761203999999585,0.039059240000006205
0.0071,0.0275381199999943,0.033291440000000026,0.03163024000000014
0.007110000000000001,0.03532607999999605,0.01789751999999573,0.03306863999999564
0.0071200000000000005,0.03506763999999998,0.027483840000000873,0.034232680000008
0.007130000000000001,0.020616160000000563,0.03376048000000116,0.026861600000007597
0.0071400000000000005,0.03810908000000643,0.03222720000000157,0.021864360000011452
0.007150000000000001,0.033245759999995586,0.04291399999999778,0.04536800000001176
0.0071600000000000006,0.0388645599999984,0.02736216000000552,0.02505948000000147
0.00717,0.03295503999999531,0.027950119999993823,0.04476516000000308
0.007180000000000001,0.04370283999999747,0.021532360000004774,0.02052652000000497
0.00719,0.03232059999999558,0.04632156000000078,0.024687079999994498
0.007200000000000001,0.021871440000005633,0.02687455999999603,0.043158799999996736
0.00721,0.03342200000000784,0.026289520000008317,0.040236759999999254
0.007220000000000001,0.03948100000000234,0.02323392000000915,0.031576920000001056
0.00723,0.03157076000000547,0.04070248000000295,0.03358179999998928
0.007240000000000001,0.032055040000007674,0.03357608000000637,0.01667847999999458
0.00725,0.026711200000007502,0.029890799999997122,0.019505000000001445
0.007260000000000001,0.031250840000007926,0.026875080000006244,0.021826080000004966
0.00727,0.02591868000000746,0.024207040000006456,0.048374000000005316
0.007280000000000001,0.038734479999996005,0.020263759999994902,0.03623264000000804
0.0072900000000000005,0.04195032000000583,0.030887319999996336,0.03266484000000663
0.007300000000000001,0.026045159999997614,0.021644760000006553,0.021963680000005027
0.0073100000000000005,0.02943248000000611,0.029023279999993472,0.02485892000000557
0.007320000000000001,0.043232000000008534,0.019562360000001427,0.02409348000000111
0.007330000000000001,0.03175348000000666,0.05017724000000742,0.033562240000006335
0.00734,0.025676479999999103,0.02349107999999611,0.030344800000001042
0.007350000000000001,0.04347128000000666,0.05107412000000201,0.018172880000005744
0.00736,0.026162959999994916,0.023772640000006128,0.029385320000006144
0.007370000000000001,0.021795880000000083,0.043611640000011276,0.034820719999996225
0.00738,0.03516919999999691,0.02680700000001077,0.04150671999999114
0.007390000000000001,0.01880083999998883,0.02480124000000663,0.045733079999991884
0.0074,0.02588767999999503,0.015110440000005049,0.031212999999996435
0.007410000000000001,0.03558083999999016,0.044409999999993836,0.02968479999999389
0.00742,0.022563439999989575,0.02580555999999944,0.030294720000001843
0.007430000000000001,0.016484880000001725,0.025724199999995354,0.03906171999999664
0.00744,0.023150319999999454,0.03752076000000225,0.03202071999999634
0.007450000000000001,0.027195600000001242,0.02943536000000383,0.022582239999995497
0.0074600000000000005,0.028024440000000317,0.024130640000003672,0.04130603999999678
0.007470000000000001,0.032745280000005275,0.030127240000005866,0.030985599999996265
0.0074800000000000005,0.04040132000000182,0.022825400000005328,0.03500812000000494
0.007490000000000001,0.04836656000000807,0.032026320000000094,0.023731080000006177
0.007500000000000001,0.030570520000006176,0.02674831999999517,0.04159748000000739
0.00751,0.03716488000000135,0.020560799999996507,0.02277955999999507
0.007520000000000001,0.03575808000000567,0.0322511199999961,0.022906520000006335
0.00753,0.022359039999995174,0.02397147999999337,0.019030600000004977
0.007540000000000001,0.029487599999989303,0.02588771999999985,0.01772464000001018
0.00755,0.0380591600000009,0.03366656000000372,0.02456592000001186
0.007560000000000001,0.033711879999995406,0.028898520000007043,0.033558759999996676
0.00757,0.03496199999999585,0.023070000000006665,0.04644924000000013
0.007580000000000001,0.031566479999999446,0.04511312000000025,0.03760192000000433
0.00759,0.027395200000004696,0.027395680000006806,0.026270959999996166
0.007600000000000001,0.020064640000001518,0.029000679999997638,0.044377800000007094
0.0076100000000000004,0.025467240000000224,0.03417936000000635,0.035780520000004666
0.007620000000000001,0.027139960000006232,0.026604519999995194,0.04512235999999496
0.0076300000000000005,0.03222728000000004,0.031014799999999555,0.027367159999996053
0.007640000000000001,0.019445319999999464,0.04058528000001134,0.017561800000005477
0.0076500000000000005,0.037671840000000824,0.0246456000000019,0.022009680000007407
0.007660000000000001,0.01932799999999918,0.040168480000006446,0.021578680000005852
0.007670000000000001,0.028495960000000153,0.023613960000010484,0.03449136000000561
0.007680000000000001,0.02110831999999041,0.028021640000005926,0.026524800000011336
0.007690000000000001,0.01860391999999395,0.026626239999996748,0.04037428000000377
0.0077,0.02254647999999492,0.01825448000000053,0.02888136000000725
0.007710000000000001,0.019691239999991127,0.01636208000000487,0.017798439999993653
0.00772,0.037227119999994694,0.027913839999994843,0.03140519999999761
0.007730000000000001,0.04006764000000825,0.03796516000000281,0.0345906399999889
0.00774,0.030296760000000807,0.02576099999999616,0.016589640000005332
0.007750000000000001,0.020374360000011447,0.025916159999994776,0.00848243999999513
0.00776,0.038419120000004706,0.02781299999999385,0.030181720000001563
0.007770000000000001,0.025360799999994837,0.023846719999994864,0.02089379999999511
0.0077800000000000005,0.03297763999999551,0.031904759999995924,0.03356656000000589
0.007790000000000001,0.036567519999999874,0.028065640000006983,0.034990279999998014
0.0078000000000000005,0.026233519999989692,0.02890567999998991,0.028970799999995113
0.007810000000000001,0.02502819999999048,0.04244535999999463,0.024562919999995072
0.00782,0.03901051999999372,0.03239975999999373,0.04428312000000185
0.00783,0.02990571999999339,0.03437739999999547,0.03424028000000147
0.007840000000000001,0.021345400000009382,0.03186352000000729,0.03573560000000823
0.007850000000000001,0.02107360000000628,0.03745480000000642,0.019111919999989298
0.00786,0.0362324800000032,0.03412019999999501,0.013879639999990288
0.00787,0.038865880000001046,0.02363928000000091,0.03252248000000089
0.00788,0.019592000000000758,0.02745640000000031,0.026358840000007832
0.007890000000000001,0.021397800000000522,0.0274781200000043,0.03670608000000209
0.0079,0.024449599999992844,0.033782880000004546,0.026654600000007436
0.00791,0.01813556000000057,0.03125784000000118,0.04298176000000147
0.00792,0.018170760000000737,0.03439355999999632,0.03646056000001097
0.007930000000000001,0.03759196000000107,0.04359260000000666,0.024510320000010452
0.007940000000000001,0.03131504000000643,0.03929656000000613,0.02544959999999372
0.00795,0.018026159999989584,0.04624524000000603,0.041100999999996016
0.00796,0.03085504000000713,0.04446195999999817,0.03685608000000098
0.007970000000000001,0.030901719999996687,0.060033920000007034,0.03877363999999595
0.007980000000000001,0.01645195999999653,0.0365578000000064,0.03151451999999639
0.00799,0.023485599999989573,0.035877400000005374,0.028592999999996316
0.008,0.035916880000001254,0.025927040000009637,0.02193023999999623
0.008010000000000001,0.023426959999995493,0.033987159999997095,0.022678560000001586
0.008020000000000001,0.030266719999995483,0.040078720000007624,0.021450880000006292
0.00803,0.03775131999998948,0.03708412000000319,0.017327999999996287
0.00804,0.026262759999995347,0.023130399999995097,0.04900695999999559
0.00805,0.02891175999999489,0.019376480000005462,0.021691800000004636
0.008060000000000001,0.03299371999999993,0.04035080000000624,0.020425439999995573
0.00807,0.02813227999999716,0.035995079999997195,0.022071479999997267
0.00808,0.024455040000006926,0.015411720000004086,0.015086240000004338
0.00809,0.02598812000000606,0.015209040000010996,0.045903719999995825
0.008100000000000001,0.039040279999994515,0.024682999999994296,0.02782939999999587
0.008110000000000001,0.0442619199999953,0.025271800000000948,0.023756480000000857
0.00812,0.021496999999996592,0.026329879999996947,0.016515279999999924
0.00813,0.02750431999999569,0.02696963999999145,0.025601840000000667
0.008140000000000001,0.03435704000000019,0.025977559999993554,0.025675560000004618
0.008150000000000001,0.02417555999999578,0.03732036000000474,0.022288360000001686
0.00816,0.026771639999990497,0.047540319999994904,0.02846676000000196
0.00817,0.03715915999999417,0.018611119999995877,0.030506960000007046
0.008180000000000002,0.03357064000000179,0.03654772000000776,0.051170640000000996
0.008190000000000001,0.032434600000007724,0.01874511999999528,0.03905732000000247
0.0082,0.020608240000001304,0.0246964799999992,0.04824968000000287
0.00821,0.0361712400000019,0.02942096000001106,0.03556232000000722
0.00822,0.023736799999999683,0.031388080000011684,0.025673519999996345
0.008230000000000001,0.029461840000000447,0.02263767999999396,0.03210000000000031
0.00824,0.029277680000006103,0.015627960000006477,0.03139779999999906
0.00825,0.030072039999994606,0.02165123999999449,0.03553363999999519
0.00826,0.025677800000004594,0.024964439999998554,0.04096284000000024
0.008270000000000001,0.03295243999999924,0.02358175999998905,0.033858080000000276
0.008280000000000001,0.01341511999999598,0.014196559999999324,0.041055479999999984
0.00829,0.03213275999999566,0.016553520000000523,0.032570680000000296
0.0083,0.03910288000000592,0.020947720000001446,0.04678647999999784
0.008310000000000001,0.04845171999999588,0.023417079999995562,0.04815652000000253
0.008320000000000001,0.0288898400000079,0.028383560000002035,0.03331712000000045
0.00833,0.03626204000000011,0.027503559999997106,0.02378932000000051
0.00834,0.02653563999999541,0.03209347999998993,0.032464639999989754
0.008350000000000002,0.023100600000001675,0.03968883999999999,0.030915520000006833
0.008360000000000001,0.021316279999999587,0.049637599999995174,0.02126880000001161
0.00837,0.016844240000004906,0.03895043999999515,0.026674800000004762
0.00838,0.031098160000006,0.03514259999998992,0.025409279999999996
0.00839,0.03387764000000648,0.018386680000001644,0.023886199999999577
0.008400000000000001,0.030681680000000898,0.03723119999999482,0.021366160000006053
0.00841,0.03454487999999398,0.024904920000001166,0.028741680000000307
0.00842,0.022851399999999366,0.03536860000000108,0.024103120000001695
0.00843,0.0357444800000002,0.025415360000009716,0.01934564000000759
0.008440000000000001,0.030584440000004955,0.03271208000000388,0.0441508000000063
0.008450000000000001,0.024709959999995427,0.04235227999999542,0.0609486800000066
0.00846,0.03288376,0.024646560000000678,0.04512560000000578
0.00847,0.024392039999989387,0.020651080000001282,0.027302560000003827
0.008480000000000001,0.03322891999999766,0.021021439999996044,0.03967664000000146
0.008490000000000001,0.0461092399999962,0.021967119999999007,0.026483040000011938
0.0085,0.02030028000000577,0.02830591999999707,0.04193144000000637
0.00851,0.021471199999998906,0.022889159999989722,0.033950519999995835
0.008520000000000002,0.03286591999999931,0.021810479999993096,0.023968760000005647
0.008530000000000001,0.03547123999999935,0.025207920000001386,0.021351200000003803
0.00854,0.0192358800000066,0.023248080000004633,0.024757880000009638
0.00855,0.027976840000001068,0.03175496000000627,0.030714680000001087
0.00856,0.017820079999998403,0.025663120000001618,0.03486751999999391
0.008570000000000001,0.02547027999999466,0.021828199999998767,0.026385839999993374
0.00858,0.024355639999996476,0.01787928000001122,0.03142651999999552
0.00859,0.02763675999999961,0.02872656000001126,0.04202091999999381
0.0086,0.025810239999999925,0.010327120000000944,0.030050520000004168
0.008610000000000001,0.03217848000000477,0.029243639999996,0.030810159999996915
0.008620000000000001,0.021232320000003913,0.025564679999996072,0.03862683999999918
0.00863,0.0319831200000026,0.04772604000000325,0.04579120000000064
0.00864,0.030432280000004485,0.03836160000000095,0.03186651999998999
0.008650000000000001,0.033710839999994115,0.030762519999993826,0.019842320000001714
0.008660000000000001,0.04878264000000069,0.027647439999992925,0.021399480000001685
0.00867,0.029730119999994635,0.049804719999998366,0.033150879999993804
0.00868,0.013542240000004542,0.020724119999994666,0.02954224000000538
0.008690000000000002,0.03235631999999942,0.027353359999989592,0.01981119999999916
0.008700000000000001,0.021122880000001926,0.03716811999999499,0.021069160000000073
0.00871,0.02320948000001106,0.02712875999998999,0.03138555999999423
0.00872,0.03131476000000182,0.03312219999999614,0.017239639999994696
0.00873,0.03366072000001089,0.015749119999991117,0.02490808000000625
0.008740000000000001,0.046378320000005996,0.019664439999996574,0.027013320000004844
0.00875,0.03128263999999381,0.035387119999995054,0.02533092000000526
0.00876,0.04224296000000218,0.02852807999999963,0.03504692000000641
0.00877,0.04064375999999558,0.019417079999995604,0.025917480000002005
0.008780000000000001,0.03798860000000532,0.04105887999999516,0.021901479999989232
0.008790000000000001,0.0218666400000065,0.026844520000000573,0.03316907999999995
0.0088,0.023209600000001093,0.0379168000000072,0.021460760000005623
0.00881,0.04179223999999485,0.025446520000000555,0.017892200000000212
0.008820000000000001,0.04660183999999943,0.025237439999995004,0.030515559999996156
0.008830000000000001,0.032202279999998557,0.03856204000000223,0.039325320000000906
0.00884,0.025990239999997673,0.024411240000004865,0.020612999999993362
0.00885,0.027365639999989904,0.026499479999993983,0.024827120000000376
0.008860000000000002,0.03427467999999433,0.01974759999999831,0.029514999999999857
0.008870000000000001,0.03671144000000125,0.051557680000002146,0.03103303999998953
0.00888,0.02488131999999381,0.019270080000000425,0.039339840000006905
0.00889,0.036610000000004625,0.02792599999999424,0.03058480000000568
0.0089,0.03524591999999632,0.032786159999995367,0.03535180000000197
0.008910000000000001,0.03074559999998978,0.028767359999995027,0.01935140000000448
0.00892,0.03298359999999003,0.0256708399999959,0.040172480000000524
0.00893,0.03756291999999444,0.03743143999999071,0.035585999999996926
0.00894,0.022321280000004152,0.014565519999994203,0.03566235999999159
0.008950000000000001,0.03152851999999629,0.029229199999996968,0.03676543999999444
0.008960000000000001,0.023187639999995725,0.029321959999994904,0.026332719999995195
0.00897,0.022248119999989893,0.032450720000001966,0.04449139999999599
0.00898,0.04463347999998996,0.029014680000001188,0.03301663999999589
0.008990000000000001,0.0226962000000025,0.044370160000000436,0.03398560000000619
0.009000000000000001,0.028442840000000746,0.03488968000000684,0.022590840000004088
0.00901,0.046464080000000525,0.04294332000000512,0.036236440000005234
0.00902,0.034425359999999475,0.03300376000000697,0.041193560000000504
0.009030000000000002,0.021689879999994617,0.031319080000006216,0.028482240000002462
0.009040000000000001,0.030702360000011145,0.03667716000000666,0.03802424000000733
0.00905,0.038930760000006906,0.023889080000010752,0.031623759999996205
0.00906,0.04580916000000714,0.02329612000000541,0.051237280000008094
0.00907,0.03035928000000271,0.02405016000000951,0.014235040000011051
0.009080000000000001,0.023900200000011206,0.0372565199999993,0.03477143999999591
0.00909,0.0419144000000057,0.030774960000002623,0.02700451999999567
0.0091,0.02437748000000131,0.04007200000000684,0.04030492000000031
0.00911,0.030139240000001313,0.029790800000007042,0.027102960000006518
0.009120000000000001,0.03150355999999675,0.023589600000000308,0.02205452000000206
0.009130000000000001,0.03370539999999406,0.024527760000002417,0.023029599999996167
0.00914,0.02583076000000089,0.040446039999994444,0.024789839999996302
0.00915,0.03330975999999366,0.027724679999990096,0.027888479999993387
0.009160000000000001,0.03592140000000208,0.03177203999999411,0.021529279999994193
0.009170000000000001,0.019144119999996493,0.023901000000000033,0.03683944000000031
0.00918,0.02710644000000395,0.04495692000000047,0.030623399999996706
0.00919,0.037120480000007464,0.04983075999999525,0.035139639999994976
0.009200000000000002,0.023435080000000035,0.0434508000000005,0.03513215999999966
0.009210000000000001,0.020104120000004947,0.02895140000000421,0.036320480000001085
0.00922,0.02858771999999424,0.033992960000000176,0.035474320000003154
0.00923,0.02331176000000419,0.024795320000007056,0.040487159999994866
0.00924,0.042886160000001824,0.01754907999999381,0.029033000000000905
0.009250000000000001,0.02211428000000651,0.03998656000000706,0.027585240000003137
0.009260000000000001,0.03555336000000992,0.020330480000004852,0.0289495199999959
0.00927,0.02561352000000028,0.019843080000007722,0.02992404000000225
0.00928,0.029613479999999966,0.020877520000005,0.03079511999999675
0.009290000000000001,0.044798199999995604,0.04135784000000134,0.020592559999993876
0.009300000000000001,0.03145567999999542,0.034679280000005704,0.02856712000000111
0.00931,0.031819200000008326,0.043706080000011686,0.03078812000000414
0.00932,0.04416860000000255,0.027391280000004188,0.036503840000005866
0.009330000000000001,0.03959992000000053,0.02778892000000079,0.026212560000001623
0.009340000000000001,0.023447440000007435,0.021950840000004194,0.023519279999993387
0.00935,0.029228560000006863,0.03670623999998991,0.03210996000001068
0.00936,0.026574760000006636,0.022499440000001435,0.034905640000011715
0.009370000000000002,0.03224979999999547,0.028928640000006393,0.04478780000001215
0.009380000000000001,0.023623079999994516,0.01767684000000359,0.030685680000002605
0.00939,0.02530775999999543,0.025638599999999786,0.03819327999999976
0.0094,0.032997119999995696,0.029572040000004962,0.030822759999995484
0.00941,0.041671880000007946,0.029930480000000387,0.032810319999994876
0.009420000000000001,0.04545060000000694,0.026463000000004427,0.03464571999999514
0.009430000000000001,0.03779992000000361,0.02532916000000358,0.020288160000007625
0.00944,0.02442752000000703,0.033757359999996184,0.02860896000000804
0.00945,0.025000320000001942,0.0350779600000037,0.024219440000009453
0.009460000000000001,0.021768520000005915,0.02089099999999355,0.0271634799999974
0.009470000000000001,0.022250359999995962,0.043657480000001025,0.030372280000007364
0.00948,0.023062920000006044,0.03378511999999612,0.02905639999999519
0.00949,0.02731500000000552,0.03268480000000543,0.037815279999997856
0.009500000000000001,0.03920924000000278,0.02627112000000685,0.033427080000005875
0.009510000000000001,0.033582960000002,0.04785875999999974,0.04117327999999566
0.00952,0.03700992000000178,0.04348291999999633,0.03812964000000681
0.00953,0.03162279999999531,0.06428484000000083,0.018200160000001
0.009540000000000002,0.030500720000006438,0.0291870800000078,0.018372240000004217
0.009550000000000001,0.03333015999999373,0.025204399999997136,0.012049320000005385
0.00956,0.029848079999995232,0.030889279999996352,0.037873880000000075
0.00957,0.03305996000000591,0.022339640000000875,0.03761452000000812
0.00958,0.030225079999999852,0.03895311999999511,0.019852720000006173
0.009590000000000001,0.032450160000009776,0.0196414400000007,0.013126039999994081
0.009600000000000001,0.043310800000000496,0.03597256000000693,0.02924623999999544
0.00961,0.029407799999999765,0.03866596000000085,0.0356900000000071
0.00962,0.028408880000005157,0.026003439999995267,0.01562356000000468
0.009630000000000001,0.025397800000000366,0.04427980000000694,0.03551359999998958
0.009640000000000001,0.017844240000005587,0.02723272000000776,0.0366260000000068
0.00965,0.033772400000011575,0.019241439999999686,0.024916240000001352
0.00966,0.03170804000000687,0.035635679999999816,0.027433359999994696
0.009670000000000002,0.03758076000001167,0.023788760000004624,0.03664288000000402
0.009680000000000001,0.051319480000008154,0.025292079999999974,0.03183644000000488
0.00969,0.04495556000001193,0.03229059999999368,0.054021040000002435
0.0097,0.030402359999999427,0.036262440000001506,0.01881736000001106
0.009710000000000002,0.02606136000001136,0.02536403999999727,0.0369434800000081
0.009720000000000001,0.02105012000000575,0.02858928000000053,0.027854360000011326
0.00973,0.03944599999999964,0.02679387999999498,0.0423883200000075
0.00974,0.04214820000000224,0.03360888000000513,0.034868680000005876
0.00975,0.0414211200000091,0.03300920000000666,0.02918763999999531
0.009760000000000001,0.028941120000005306,0.033912520000001424,0.03577015999999004
0.009770000000000001,0.03363331999999426,0.02790451999999346,0.037612359999994315
0.00978,0.028950399999996188,0.04022656000000028,0.03305711999999435
0.00979,0.04257440000000039,0.0165877199999939,0.02394875999999599
0.009800000000000001,0.031493200000001796,0.03317004000000517,0.04211360000000275
0.009810000000000001,0.04707832000000866,0.03212220000000549,0.03475708000000226
0.00982,0.0282269599999991,0.034348400000000286,0.03458544000000181
0.00983,0.021018120000005806,0.02492547999999415,0.0286617199999958
0.009840000000000002,0.03612007999999738,0.027851639999993884,0.022485399999990587
0.009850000000000001,0.02894444000000174,0.03383644000000507,0.03148447999999396
0.00986,0.02875011999999373,0.022750240000002343,0.030164360000001854
0.00987,0.030734119999995244,0.02874496000000648,0.022983160000006136
0.009880000000000002,0.023060279999995853,0.02075964000000363,0.02545248000000484
0.009890000000000001,0.029160160000000886,0.016048040000004034,0.04048832000000153
0.0099,0.021898480000000515,0.01588416000000025,0.03048444000000168
0.00991,0.025773480000000026,0.024279280000011397,0.024887880000005733
0.00992,0.028104760000000707,0.03444764000000033,0.04028012000000424
0.009930000000000001,0.02532971999999322,0.02860856000000512,0.05440511999999542
0.009940000000000001,0.025452960000005423,0.029602720000001363,0.033257959999995215
0.00995,0.020112840000004153,0.019549600000004826,0.035174039999997526
0.00996,0.04802180000001166,0.02771668000000486,0.026695960000004508
0.009970000000000001,0.03367068000001193,0.027193839999991185,0.025626320000011298
0.009980000000000001,0.0269956400000014,0.03471739999999434,0.03226296000000631
0.00999,0.01860444000001061,0.03937775999999359,0.03606056000001042
0.01,0.01905968000000205,0.010849319999996247,0.03185048000000405
0.010010000000000002,0.02158379999999913,0.03506239999999674,0.030800280000006067
0.010020000000000001,0.03743836000000697,0.03208180000000716,0.02842140000000164
0.01003,0.03358088000000678,0.038657080000006463,0.023598680000001773
0.01004,0.03558043999999575,0.02578596000001154,0.03179608000000124
0.010050000000000002,0.02718872000000976,0.037508240000005494,0.033648159999999705
0.010060000000000001,0.03364403999999772,0.03546651999998995,0.03282928000000055
0.01007,0.04198540000000751,0.03040815999999427,0.022973000000005628
0.01008,0.020467160000001462,0.03752716000000126,0.020534000000001468
0.01009,0.024633519999989605,0.03900447999999611,0.026338720000005613
0.010100000000000001,0.022830039999990896,0.04716872000000653,0.026755800000005374
0.010110000000000001,0.023992000000001006,0.04029035999999471,0.031166120000005883
0.01012,0.03948428000000082,0.03949968000000463,0.03654332000000602
0.01013,0.021956640000001554,0.033959600000011726,0.03404787999999666
0.010140000000000001,0.019327640000004136,0.03161720000001081,0.0364071999999963
0.010150000000000001,0.018300720000005787,0.04182440000000088,0.03429103999999382
0.01016,0.028932479999990265,0.03292496000000185,0.032504520000001674
0.01017,0.03252940000000798,0.030096080000007876,0.0272223200000059
0.010180000000000002,0.01951852000000537,0.022338600000005086,0.033094360000000114
0.010190000000000001,0.021985079999995483,0.02444707999999943,0.03410968000000594
0.0102,0.019980320000005537,0.026113399999996827,0.031706400000001356
0.01021,0.025088559999999614,0.016693840000006534,0.03888868000000179
0.010220000000000002,0.026902400000003726,0.030117439999997334,0.023510200000003808
0.010230000000000001,0.02322275999999852,0.01919975999999319,0.026945039999996815
0.01024,0.03441875999999347,0.017588160000003558,0.025807720000002685
0.01025,0.022479680000005553,0.03060859999998927,0.020243799999990337
0.01026,0.03220471999999717,0.02947668000000179,0.026127639999999525
0.010270000000000001,0.02153447999999483,0.03622616000000557,0.04658204000000534
0.010280000000000001,0.030417799999993684,0.02809407999999434,0.03161067999999581
0.01029,0.029657600000000926,0.035276119999997094,0.04451611999999942
0.0103,0.023431999999995803,0.03954015999999626,0.03466603999999512
0.010310000000000001,0.046652800000001306,0.029612320000005483,0.019769839999996038
0.010320000000000001,0.032631319999989604,0.038247399999995754,0.01974568000000014
0.01033,0.031304879999989335,0.04157048000000591,0.03321028000000664
0.01034,0.04126687999999515,0.029153319999994726,0.028990799999993138
0.010350000000000002,0.02762927999999418,0.02292756000000124,0.031571560000005675
0.010360000000000001,0.02315371999999632,0.034370680000007,0.03345935999999599
0.01037,0.03450931999999428,0.018433359999994663,0.032846999999999786
0.01038,0.02844931999999456,0.027160160000001588,0.0425717600000006
0.010390000000000002,0.0370730400000064,0.03371823999999506,0.019352880000001103
0.010400000000000001,0.03156347999999609,0.020708680000007678,0.034323360000001954
0.01041,0.026688120000005672,0.028405040000011754,0.039781120000001224
0.01042,0.029066519999990836,0.030294519999995235,0.035450120000006254
0.01043,0.026808159999994773,0.04764175999999554,0.023794680000005133
0.010440000000000001,0.016635679999990282,0.048978479999995495,0.040481800000007236
0.010450000000000001,0.040063079999995595,0.03722856000000658,0.02847063999999598
0.01046,0.0486475600000009,0.04829707999999607,0.03558579999999603
0.01047,0.043853079999995624,0.03592175999999352,0.03707007999999595
0.010480000000000001,0.03205959999999444,0.03857567999999438,0.047427519999995366
0.010490000000000001,0.020033999999994282,0.03222604000000506,0.03710351999999517
0.0105,0.034050079999996985,0.02208647999999865,0.024102840000001968
0.01051,0.03150735999999533,0.032229600000003855,0.017241759999994787
0.010520000000000002,0.022339359999999052,0.04148219999999588,0.02553132000000187
0.010530000000000001,0.0353878000000002,0.04301916000000636,0.020569439999995436
0.01054,0.014792439999995506,0.03740448000000556,0.02403075999999444
0.01055,0.026552799999993902,0.03287108000000623,0.032455040000006014
0.010560000000000002,0.03621132000001187,0.0338012400000055,0.02594875999998881
0.010570000000000001,0.042343400000011425,0.03659716000000167,0.028968959999989604
0.01058,0.025875440000009322,0.03301604000000039,0.038644720000001305
0.01059,0.024889240000005853,0.05485268000000457,0.02817248000000016
0.0106,0.033153519999989195,0.028805080000001114,0.03904868000000734
0.010610000000000001,0.03017532000000074,0.0375540400000059,0.02391696000000725
0.010620000000000001,0.02160187999999548,0.04560988000000676,0.033407160000000075
0.01063,0.03968352000000114,0.025871920000005662,0.03525292000000015
0.01064,0.040508080000006524,0.021957680000005638,0.026807600000006218
0.010650000000000001,0.032689159999989156,0.01870968000000885,0.026986280000005376
0.010660000000000001,0.03631623999999439,0.02716704000001092,0.015714360000004892
0.01067,0.061097760000004546,0.046409240000008366,0.03859236000000474
0.01068,0.0352770399999957,0.043176720000008086,0.026372200000011423
0.010690000000000002,0.033064000000002175,0.01646716000001105,0.04542288000000228
0.010700000000000001,0.02302072000000122,0.013385320000000443,0.031636399999995915
0.01071,0.0297518799999959,0.01923555999999853,0.041946080000000954
0.01072,0.04043415999998956,0.019410840000011607,0.027437679999990475
0.010730000000000002,0.04282071999999675,0.030372080000003354,0.02634707999999496
0.010740000000000001,0.03394076000000092,0.03642508000001161,0.03619800000000849
0.010750000000000001,0.038322840000007026,0.02559304000000182,0.03311784000000028
0.01076,0.04602856000000679,0.03373035999999729,0.021724159999994247
0.01077,0.02579136000000536,0.02886447999999533,0.036926040000001714
0.010780000000000001,0.03004052000000595,0.04184931999999759,0.02059191999999454
0.010790000000000001,0.03262399999999983,0.018061520000002308,0.015423519999991092
0.0108,0.0313817600000015,0.024494079999999942,0.029343359999991516
0.01081,0.014331640000000765,0.023825439999993304,0.04236383999998939
0.010820000000000001,0.02182648000000635,0.03751680000000714,0.03016567999998971
0.010830000000000001,0.03450164000000131,0.018532480000001385,0.03040827999999995
0.01084,0.0319670400000029,0.028658879999994672,0.027921799999995906
0.01085,0.02920216000000292,0.020785040000001906,0.04020124000000816
0.010860000000000002,0.021118039999994873,0.040894279999996064,0.012779759999995845
0.010870000000000001,0.02192000000000015,0.028559239999993963,0.023436560000000536
0.01088,0.02780196000000713,0.019797999999996364,0.025208759999994536
0.01089,0.024929919999996678,0.02368440000000714,0.031884879999993954
0.010900000000000002,0.04451391999999507,0.024843439999998662,0.029431960000001017
0.010910000000000001,0.04349016000000597,0.029058960000000328,0.027371640000011018
0.010920000000000001,0.03026428000000538,0.03294015999999511,0.04346136000000182
0.01093,0.018400200000000862,0.02548487999999396,0.04479916000000187
0.01094,0.024718759999995465,0.03556660000000118,0.02419356000000624
0.010950000000000001,0.031750800000006095,0.03689876000000582,0.020944480000001018
0.010960000000000001,0.0296862400000079,0.029053880000010097,0.037943679999999536
0.01097,0.025896280000000996,0.03528911999999531,0.02253487999999749
0.01098,0.021872640000001407,0.035126039999994634,0.027847279999994604
0.010990000000000002,0.019393160000004128,0.03742288000000173,0.024170400000007298
0.011000000000000001,0.023352320000002633,0.034473440000004976,0.035968879999998024
0.01101,0.033860679999996035,0.029408960000007832,0.02887652000000064
0.01102,0.046405000000000196,0.021318640000003598,0.03225128000000003
0.011030000000000002,0.032103479999999344,0.030908760000004757,0.024252360000004063
0.011040000000000001,0.024593360000005275,0.015091399999993286,0.025330720000011575
0.01105,0.060349560000005464,0.03081836000000057,0.02792112000000537
0.01106,0.03697456000000585,0.023921400000002032,0.037308639999993946
0.011070000000000002,0.020646240000007587,0.027187000000000704,0.031344999999994766
0.011080000000000001,0.03458868000000459,0.046810560000002,0.03676327999999454
0.011090000000000001,0.01684931999999643,0.034549000000004104,0.02030595999999121
0.0111,0.017942920000005226,0.051409240000005935,0.0210274799999964
0.01111,0.026142320000001145,0.04725712000000689,0.022008200000001456
0.011120000000000001,0.031818599999996845,0.019516640000005057,0.02359439999999683
0.011130000000000001,0.04003424000000549,0.02924692000000461,0.023771319999993646
0.01114,0.02977032000000631,0.028346520000000795,0.03657112000000036
0.01115,0.030731000000006056,0.019257959999994884,0.01770515999999513
0.011160000000000002,0.024092559999999874,0.03467740000000548,0.01994136000001151
0.011170000000000001,0.023468080000000197,0.03283928000000146,0.024663640000005777
0.01118,0.021055080000005555,0.03370240000000612,0.03329724000000004
0.01119,0.024737279999994477,0.02146596000000616,0.029113679999996128
0.011200000000000002,0.031818000000007576,0.025463360000006496,0.043470439999995496
0.011210000000000001,0.022519559999999317,0.027867199999994218,0.03103527999999587
0.01122,0.032724519999994886,0.017805480000004217,0.037278960000000236
0.01123,0.017150360000005582,0.028916560000005555,0.029186279999990385
0.011240000000000002,0.028526799999997313,0.030124400000005668,0.034588880000002424
0.011250000000000001,0.027806200000000256,0.028226119999999806,0.0348550400000006
0.011260000000000001,0.037515640000000045,0.029015920000005507,0.03905512000000613
0.01127,0.03437284000000279,0.03591524000000004,0.03161075999999589
0.01128,0.034718119999996605,0.02103335999999354,0.03607556000000513
0.011290000000000001,0.04852851999999543,0.03479200000000174,0.019405600000004495
0.011300000000000001,0.020735039999993904,0.025903319999994835,0.035370240000007144
0.01131,0.04250724000000078,0.039225600000006376,0.03582236000000781
0.01132,0.024991959999997555,0.038136280000001535,0.02817688000000266
0.011330000000000002,0.026012000000000323,0.04187928000001192,0.018380400000004477
0.011340000000000001,0.03792175999999591,0.031851239999999004,0.021091440000011247
0.01135,0.04020216000000112,0.0202080799999951,0.025830600000006764
0.01136,0.028917800000000132,0.028415480000005894,0.04936196000000752
0.011370000000000002,0.03755107999999661,0.02780044000000157,0.014479960000001466
0.011380000000000001,0.050255039999989974,0.026892119999991967,0.031585240000002984
0.01139,0.03154707999999009,0.024294200000007395,0.028001240000006956
0.0114,0.02094728000000626,0.03625428000000468,0.028088599999996945
0.011410000000000002,0.03849136000000559,0.024489159999989584,0.014809919999994897
0.011420000000000001,0.02618984000000015,0.025550160000000367,0.02224599999998973
0.011430000000000001,0.02964520000000054,0.022513999999997727,0.01871739999999357
0.01144,0.04302404000000501,0.024114480000005472,0.018903439999996195
0.01145,0.019676119999989774,0.024828840000000497,0.03054671999999664
0.011460000000000001,0.02151444000000114,0.026956840000007767,0.024776199999996612
0.011470000000000001,0.030423319999996812,0.03760768000000128,0.024117839999996154
0.01148,0.022332920000006567,0.027232600000006855,0.01922220000001141
0.01149,0.02027024000000539,0.022066079999991103,0.027011360000004758
0.011500000000000002,0.012183599999989376,0.02342727999999869,0.04204491999999425
0.011510000000000001,0.026301439999989393,0.028884759999996176,0.04251083999999403
0.01152,0.02227428000000511,0.033431159999989274,0.021912360000005973
0.01153,0.013984879999999167,0.04178187999999663,0.040125040000007085
0.011540000000000002,0.023615800000000534,0.034564360000002146,0.030156000000005987
0.011550000000000001,0.031091000000005333,0.023493519999993405,0.027549640000005596
0.01156,0.03388076000000546,0.025071720000005734,0.029848199999996175
0.01157,0.038422440000001695,0.03256024000000586,0.04493023999999367
0.011580000000000002,0.027902999999999713,0.036646040000011745,0.03252379999999401
0.011590000000000001,0.013330280000009406,0.020207479999989182,0.04200132000000237
0.011600000000000001,0.029489800000004392,0.026335280000004166,0.02896271999999908
0.01161,0.0223562800000047,0.036865639999996015,0.031329199999999675
0.01162,0.03790543999999519,0.020878279999996183,0.03931600000000706
0.011630000000000001,0.022308760000000573,0.0301424399999948,0.024447199999994326
0.011640000000000001,0.03064563999999922,0.034508520000007196,0.02369567999999536
0.01165,0.024584400000001068,0.03922412000000163,0.02906203999999977
0.01166,0.01908915999998892,0.026027480000006417,0.014180960000004112
0.011670000000000002,0.03238615999999832,0.03719888000000739,0.03184648000000622
0.011680000000000001,0.03614860000000634,0.03202508000001159,0.03228635999999941
0.01169,0.04230591999999801,0.029764000000006053,0.016291520000003123
0.0117,0.03965772000000043,0.03438291999999414,0.033743840000000434
0.011710000000000002,0.023954919999991154,0.03830064000000067,0.025828120000009683
0.011720000000000001,0.026964079999997028,0.021641439999998627,0.0321701600000113
0.01173,0.04151112000000139,0.024570200000011127,0.041638560000006056
0.01174,0.04053323999999811,0.030391279999993397,0.021049959999995874
0.011750000000000002,0.02474487999999652,0.02066983999999369,0.034973399999995256
0.011760000000000001,0.016615199999995407,0.028139480000003016,0.028480999999991655
0.011770000000000001,0.03286731999999058,0.027144159999999952,0.033100519999990086
0.01178,0.02192151999999668,0.03862932000000764,0.029512359999996123
0.01179,0.02856844000000127,0.035170320000007166,0.028344639999994564
0.011800000000000001,0.03291580000000175,0.04316820000000509,0.03136876000000045
0.011810000000000001,0.02718507999999562,0.03782384000000509,0.027045599999996783
0.01182,0.034399839999996934,0.020597520000004567,0.03313979999999984
0.01183,0.05220827999999479,0.027768480000005903,0.035834040000006694
0.011840000000000002,0.032692959999997044,0.023678279999996308,0.034954560000006255
0.011850000000000001,0.02612399999999415,0.023249320000007862,0.04394963999999552
0.01186,0.03148635999999971,0.04603784000000243,0.041951759999995675
0.01187,0.023162560000002514,0.0350326800000014,0.031731719999999075
0.011880000000000002,0.025624240000006293,0.0348288000000004,0.029769720000011345
0.011890000000000001,0.027060160000001103,0.02481587999998994,0.02558516000000152
0.0119,0.023225160000002097,0.029765800000004963,0.028353880000004536
0.01191,0.019919759999996216,0.03557672000000461,0.03381227999999961
0.011920000000000002,0.036670639999995584,0.025710240000004,0.03509295999999506
0.011930000000000001,0.021095439999993467,0.023846520000000995,0.03132763999999993
0.011940000000000001,0.026250199999994506,0.029789799999997348,0.03268816000000773
0.01195,0.04385847999999663,0.03245191999999707,0.027124959999997218
0.01196,0.03231671999999062,0.034709240000001536,0.025391680000001294
0.011970000000000001,0.02981660000000115,0.04265203999999615,0.041849880000001546
0.011980000000000001,0.02481508000000992,0.028487359999995878,0.027955080000010287
0.01199,0.020929839999999346,0.030148360000000915,0.03211140000000046
0.012,0.030399800000002062,0.03213604000000096,0.045223520000000045
0.012010000000000002,0.010050520000003152,0.044211400000007936,0.03746804000000492
0.012020000000000001,0.02664815999998976,0.04487560000000572,0.024062000000001707
0.01203,0.04392823999999553,0.01839203999998928,0.02778672000000041
0.01204,0.042094280000000005,0.028229200000011997,0.034853279999994394
0.012050000000000002,0.04768428000000203,0.030809480000011432,0.03348335999999979
0.012060000000000001,0.02598668000001149,0.0320215200000098,0.03242539999999881
0.01207,0.02998008000001157,0.03686268000000737,0.04514864000000176
0.01208,0.04029140000001188,0.016894920000007155,0.03126928000001142
0.012090000000000002,0.0462487600000051,0.027325360000004274,0.02630456000000152
0.012100000000000001,0.02589315999999527,0.035799479999999745,0.015953959999999132
0.012110000000000001,0.03686455999999551,0.013565199999990788,0.017562439999993892
0.01212,0.0412650800000063,0.0429254800000001,0.025128119999999633
0.01213,0.04575408000000647,0.03643260000000719,0.019008319999999943
0.012140000000000001,0.033928359999995994,0.03224232000000214,0.03611399999999776
0.012150000000000001,0.03938936000000023,0.03470540000000015,0.03047443999999521
0.01216,0.05165195999999686,0.049387320000000574,0.03206764000000597
0.01217,0.026366560000005958,0.033432000000008365,0.04302808000000694
0.012180000000000002,0.03741587999999985,0.02912235999999474,0.045261999999998775
0.012190000000000001,0.05701116000000586,0.04089707999999827,0.029206039999999028
0.0122,0.023226639999999632,0.04053488000000554,0.033207719999994445
0.01221,0.022615360000011495,0.03863836000000669,0.02727707999999596
0.012220000000000002,0.029349079999996964,0.03204380000000551,0.029013199999989196
0.012230000000000001,0.021268759999996688,0.03362800000000546,0.023032960000001743
0.012240000000000001,0.021963279999994,0.017160919999996034,0.027098719999994636
0.01225,0.015181679999994683,0.02986343999999568,0.02353147999999499
0.012260000000000002,0.03030456000000188,0.03269804000000591,0.03449228000000042
0.012270000000000001,0.036348040000000956,0.035440360000007096,0.023063599999999494
0.012280000000000001,0.019315240000007804,0.02454459999999448,0.028911759999988972
0.01229,0.04104203999999547,0.01728291999999539,0.029254560000007233
0.0123,0.033308760000001346,0.03246495999999159,0.03086368000000038
0.012310000000000001,0.020384520000009506,0.029868679999990086,0.038692240000000155
0.012320000000000001,0.026691880000011416,0.05027235999999685,0.0222219200000005
0.01233,0.018750839999994617,0.026678919999994593,0.01899292000000758
0.01234,0.03239935999999505,0.02177179999999462,0.02427879999999642
0.012350000000000002,0.031107759999995575,0.02131936000000102,0.01604143999999853
0.012360000000000001,0.03035179999999926,0.034007160000006295,0.01795844000000441
0.01237,0.0338185200000013,0.036106880000000945,0.03688915999998993
0.01238,0.03557848000000691,0.031931120000006225,0.04561444000000043
0.012390000000000002,0.0338104000000016,0.044267239999994386,0.027456519999989867
0.012400000000000001,0.03156331999999436,0.028866720000007035,0.024888639999991528
0.012410000000000001,0.027972840000000807,0.023223360000006125,0.022797679999996275
0.01242,0.03484244000000686,0.026716600000005607,0.040642320000002334
0.012430000000000002,0.03417447999998922,0.04524551999999932,0.01722631999999992
0.012440000000000001,0.03899855999999936,0.022881320000006505,0.019443400000001363
0.012450000000000001,0.03663896000000558,0.0260608400000047,0.022363319999994025
0.01246,0.03209863999999617,0.028135320000006576,0.025970200000000585
0.01247,0.03394440000000172,0.0287892799999964,0.042469879999997386
0.012480000000000002,0.03960820000001083,0.02212032000001128,0.02586239999999569
0.012490000000000001,0.04022812000000211,0.030448119999996182,0.03389707999999539
0.0125,0.04580596000000571,0.026383319999999575,0.044918039999995926
0.01251,0.03306076000000629,0.024006719999996068,0.02354651999999472
0.012520000000000002,0.023611760000006348,0.03429244000000651,0.02366656000000396
0.012530000000000001,0.035844960000002236,0.040289760000006676,0.03350828000000199
0.01254,0.025119240000001694,0.03284935999999688,0.021101919999989317
0.01255,0.020148519999995552,0.03356543999999401,0.03464748000000699
0.012560000000000002,0.017167119999988944,0.027014799999999346,0.021468120000000018
0.012570000000000001,0.027441199999993407,0.03412459999999444,0.03675320000000226
0.012580000000000001,0.023548200000000023,0.03398772000000573,0.02108192000000536
0.01259,0.026237759999994774,0.0342934399999979,0.022430640000005535
0.012600000000000002,0.024483799999999917,0.032886239999994016,0.017050560000006397
0.012610000000000001,0.03737083999998987,0.02223440000000036,0.032421880000000014
0.012620000000000001,0.043208799999996036,0.01902456000000084,0.03310860000001124
0.01263,0.02705027999999526,0.019952919999999184,0.03216020000000107
0.01264,0.02068707999999438,0.04111076000000045,0.030988280000009943
0.012650000000000002,0.02115027999999928,0.02478312000000186,0.046486919999996296
0.012660000000000001,0.039172400000008815,0.018925160000004843,0.02947795999999016
0.01267,0.024182880000007588,0.033297960000011416,0.03661836000000821
0.01268,0.03044808000001143,0.024825880000004935,0.022502720000007907
0.012690000000000002,0.034038799999999,0.026659359999995334,0.023965399999999068
0.012700000000000001,0.03221500000000476,0.036585679999995194,0.02353320000000485
0.01271,0.028405799999994655,0.024160039999995366,0.027663240000001046
0.01272,0.02093328000000432,0.027731600000005078,0.04001087999999504
0.012730000000000002,0.039377000000001904,0.03267344000000847,0.032148719999994795
0.012740000000000001,0.03279504000000505,0.048099279999995304,0.037636600000011726
0.012750000000000001,0.02994180000000122,0.02475223999999904,0.030964080000000924
0.01276,0.020402079999996933,0.02138227999999997,0.024620160000005793
0.012770000000000002,0.025270879999996065,0.031589039999998736,0.03669812000000614
0.012780000000000001,0.032148839999989534,0.03585344000000103,0.03994832000000639
0.012790000000000001,0.034775639999995986,0.020871599999992843,0.044992880000008645
0.0128,0.03085504000000075,0.027731599999995717,0.033717599999997676
0.01281,0.02768132000000456,0.030245879999996336,0.029281319999997297
0.012820000000000002,0.04995075999999985,0.025548319999995354,0.02843107999999761
0.012830000000000001,0.022369840000011507,0.03603020000000535,0.023015360000011705
0.01284,0.034743600000007514,0.022264800000005948,0.03994187999999642
0.01285,0.031821800000011266,0.027569680000011216,0.04119028000000684
0.012860000000000002,0.016914839999998835,0.04557444000000789,0.0496665600000066
0.012870000000000001,0.039943520000009725,0.025750920000007255,0.03450384000000573
0.01288,0.023521279999998704,0.053342799999995236,0.030184800000011308
0.01289,0.021226000000000047,0.030686679999994623,0.023416800000000935
0.012900000000000002,0.03763579999999668,0.021174560000003787,0.032028319999999895
0.012910000000000001,0.02322503999998964,0.02098531999999988,0.03264648000000625
0.012920000000000001,0.01863335999999415,0.04775548000000232,0.024431839999996565
0.01293,0.024562040000001673,0.028600519999995203,0.017209160000000365
0.012940000000000002,0.013626120000000866,0.03226808000000027,0.025422160000001602
0.012950000000000001,0.023966360000004235,0.022906000000005092,0.027713280000001582
0.012960000000000001,0.024129280000002872,0.017388920000004957,0.0476778000000056
0.01297,0.019378759999994492,0.013867400000006308,0.028860520000005194
0.01298,0.020410360000001567,0.04040144000000685,0.02681748000000684
0.012990000000000002,0.024923600000001232,0.027667959999994936,0.034647279999994826
0.013000000000000001,0.056561279999997,0.02554487999999639,0.020889959999999944
0.01301,0.02716232000001045,0.022123920000007177,0.02785088000000619
0.01302,0.046527000000007035,0.042449320000008506,0.023535840000009224
0.013030000000000002,0.03635820000000624,0.05084884000000886,0.03822432000000467
0.013040000000000001,0.02956964000001046,0.03694459999999715,0.01371299999999974
0.01305,0.04933808000000123,0.04542559999999764,0.04788231999999445
0.01306,0.03149715999999314,0.029278279999996264,0.023920279999991297
0.013070000000000002,0.01832195999999672,0.022634520000000536,0.01731247999999531
0.013080000000000001,0.029905599999997635,0.024584040000001278,0.03681372000000726
0.013090000000000001,0.020919080000006172,0.023769799999996066,0.03194451999998997
0.0131,0.03376636000000615,0.030655800000001253,0.03857280000000109
0.013110000000000002,0.037784360000001495,0.027518880000011542,0.018444519999991985
0.013120000000000001,0.03950556000000747,0.04184648000000701,0.038944519999994015
0.013130000000000001,0.02764383999999401,0.017334160000001635,0.031105679999994147
0.01314,0.014445519999998959,0.034856920000007306,0.026478280000006134
0.01315,0.020599320000001177,0.010226279999996372,0.02530391999999608
0.013160000000000002,0.021729640000009397,0.018581360000000897,0.036561960000006596
0.013170000000000001,0.020650840000006082,0.01634959999999511,0.014470240000005049
0.01318,0.01783464000000569,0.035641239999995,0.04447316000000691
0.01319,0.027987080000008,0.017426560000005645,0.030911199999999656
0.013200000000000002,0.026893400000003755,0.023768520000006045,0.03963444000000513
0.013210000000000001,0.020831840000004053,0.033223400000006606,0.02547811999999899
0.01322,0.02503432000000485,0.03968560000000682,0.046696000000007155
0.01323,0.0367386399999964,0.028919920000002146,0.02222435999999529
0.013240000000000002,0.036432520000000926,0.04206444000000084,0.030647399999993906
0.013250000000000001,0.01694975999999847,0.03088363999999006,0.01501376000000447
0.013260000000000001,0.030689880000001328,0.0392790000000004,0.023596279999999952
0.01327,0.030032359999999914,0.04182311999999812,0.014788240000011613
0.013280000000000002,0.018994920000004408,0.024548319999996897,0.029810880000010052
0.013290000000000001,0.03520767999999497,0.017091880000007734,0.019231800000009507
0.013300000000000001,0.036492240000000606,0.03643176000000661,0.019345640000007543
0.01331,0.02633199999998964,0.022594440000006603,0.025337480000007004
0.01332,0.030570840000001456,0.032503480000011555,0.027082999999994434
0.013330000000000002,0.03242536000000098,0.041829800000007696,0.02547311999999619
0.013340000000000001,0.03990020000000553,0.038802039999997415,0.03440792000000116
0.01335,0.040362120000005136,0.018710360000006695,0.030750200000001515
0.01336,0.06389711999999655,0.023850640000006435,0.037986999999999896
0.013370000000000002,0.04566279999998987,0.04532764000000061,0.034530719999995116
0.013380000000000001,0.04730876000000115,0.028781919999994316,0.044089279999997004
0.01339,0.032019319999990664,0.026721879999996548,0.052528479999999496
0.0134,0.036419759999995076,0.018381360000000794,0.026571280000000017
0.013410000000000002,0.021165599999997342,0.027267480000006717,0.030934600000001432
0.013420000000000001,0.030562000000002063,0.02078592000000109,0.0231015999999998
0.013430000000000001,0.028370919999994502,0.05603708000000739,0.021431239999994384
0.01344,0.023605480000006097,0.03698532000000635,0.027752320000006093
0.013450000000000002,0.041753680000006836,0.03846344000000725,0.02633999999999954
0.013460000000000001,0.03402556000000659,0.03865723999999631,0.04070416000000804
0.013470000000000001,0.03457076000000207,0.03992388000000095,0.015710640000003887
0.01348,0.037082440000008675,0.03636440000000021,0.02560203999999683
0.01349,0.023651000000005504,0.031101239999993844,0.03318603999999493
0.013500000000000002,0.03697187999999606,0.03312331999999563,0.024864519999989215
0.013510000000000001,0.035810040000005774,0.03208704000000036,0.04120371999999976
0.01352,0.033444960000002036,0.029047200000001192,0.03138220000000553
0.01353,0.025236279999989345,0.03647588000000055,0.03430472000000062
0.013540000000000002,0.05624951999999638,0.027867160000004797,0.03392656000001157
0.013550000000000001,0.04653639999999634,0.042647799999997016,0.035353520000001436
0.013560000000000001,0.02368040000000154,0.040305320000000484,0.04419464000000588
0.01357,0.04013251999999726,0.049484079999996336,0.024825080000011435
0.013580000000000002,0.05062435999999587,0.036067880000005555,0.01771331999999892
0.013590000000000001,0.03733684000000612,0.03789100000000193,0.029944119999999203
0.013600000000000001,0.032702280000004885,0.03674432000000101,0.05180348000000589
0.01361,0.0536781599999943,0.03181164000001112,0.04294248000000034
0.013620000000000002,0.04670663999999401,0.026905200000000545,0.04003896000000006
0.013630000000000001,0.03878743999999404,0.036948360000000985,0.0249818399999965
0.013640000000000001,0.027865480000003776,0.030392119999995745,0.011836080000004832
0.01365,0.02542384000000643,0.03469816000000559,0.018447440000000516
0.01366,0.02439004000000386,0.04550072000000692,0.029669839999994608
0.013670000000000002,0.023450120000005688,0.017606599999994258,0.027419200000011548
0.013680000000000001,0.021119279999996167,0.030682840000001,0.02151347999999988
0.01369,0.02320304000000202,0.026945600000008216,0.0406355999999957
0.0137,0.022505080000000333,0.027207679999994447,0.03491603999999489
0.013710000000000002,0.03112716000000169,0.03829016000000517,0.02898556000000168
0.013720000000000001,0.03567132000000692,0.02415988000000217,0.02035439999999945
0.013730000000000001,0.03008652000000123,0.020224599999999635,0.04002712000000105
0.01374,0.03903196000000563,0.028401839999999103,0.012650279999994856
0.013750000000000002,0.04169876000000065,0.024292839999993966,0.02216371999998967
0.013760000000000001,0.043031359999997965,0.038503359999995795,0.026742440000001345
0.013770000000000001,0.03315911999999937,0.04267388000000005,0.019531479999994904
0.01378,0.02815812000000568,0.035723120000007394,0.021091400000011487
0.013790000000000002,0.02389856000000486,0.01695323999999334,0.02184876000000457
0.013800000000000002,0.030746040000000075,0.023123520000007364,0.038119679999994764
0.013810000000000001,0.033946480000000535,0.026188640000006688,0.031509799999991275
0.01382,0.03211968000000081,0.027048640000006025,0.039507559999996694
0.01383,0.030021399999993433,0.022829880000010048,0.039189879999996034
0.013840000000000002,0.033521919999994376,0.03217436000000078,0.03527443999999511
0.013850000000000001,0.03432647999999509,0.037406200000001284,0.04128144000000583
0.01386,0.028033439999997613,0.024128719999995423,0.02604164000000529
0.01387,0.034167199999996095,0.019464639999989708,0.0305102400000068
0.013880000000000002,0.03313812000000726,0.013370639999999762,0.041463360000007214
0.013890000000000001,0.02002104000000755,0.04722320000000211,0.04107928000001187
0.013900000000000001,0.03633727999999476,0.04374699999999388,0.029996840000011616
0.01391,0.04057083999999985,0.027888640000002997,0.033322200000005686
0.013920000000000002,0.04130936000000089,0.020609159999994547,0.032328520000005315
0.013930000000000001,0.026354080000007767,0.040465440000001955,0.02278247999999136
0.013940000000000001,0.024066680000006443,0.021567799999997576,0.04395020000000104
0.01395,0.024333480000000615,0.03271540000000644,0.024580639999990914
0.013960000000000002,0.0384721600000021,0.049111400000001706,0.030101759999991002
0.013970000000000002,0.021347079999995758,0.02278284000000643,0.02201139999999493
0.013980000000000001,0.023300240000006404,0.025661480000006447,0.017869480000005874
0.01399,0.03306487999999457,0.030453520000011117,0.038899280000005164
0.014,0.03439596000000635,0.02091264000001119,0.02892064000000527
0.014010000000000002,0.027965840000005838,0.03886452000000718,0.032006319999996084
0.014020000000000001,0.029638080000006072,0.03397732000000774,0.04157484000000018
0.01403,0.04766648000000217,0.02714240000000021,0.01912771999999665
0.01404,0.026628480000004066,0.027226160000005124,0.028374240000011708
0.014050000000000002,0.03454612000000332,0.020427760000004333,0.03597064000000595
0.014060000000000001,0.027352840000000902,0.039877320000007564,0.042910079999996735
0.014070000000000001,0.03464895999999504,0.015157880000009285,0.023731640000001816
0.01408,0.03185084000000029,0.02962840000000789,0.03426228000000647
0.014090000000000002,0.03735848000000189,0.026026959999994173,0.04651060000000162
0.014100000000000001,0.033018280000001926,0.024530479999995684,0.04506791999999632
0.014110000000000001,0.02706564000000767,0.03491580000000155,0.031842800000002135
0.01412,0.033408320000002954,0.029289680000006885,0.028630560000007087
0.014130000000000002,0.04174179999999704,0.019700480000001526,0.02962695999999396
0.014140000000000002,0.04227832000000838,0.05025331999999441,0.053207720000002394
0.014150000000000001,0.026861399999989963,0.038537840000005624,0.017047999999990533
0.01416,0.02974139999999477,0.051768839999995354,0.025647519999994088
0.01417,0.02200467999999018,0.03002992000000035,0.025521520000000297
0.014180000000000002,0.028691799999990067,0.03406607999999982,0.032072080000001474
0.014190000000000001,0.03210164000000151,0.026161640000007192,0.04244123999999699
0.0142,0.026764480000006596,0.020675080000004717,0.03287387999999925
0.01421,0.022208920000010474,0.02183068000000197,0.03411467999998952
0.014220000000000002,0.02803616000000659,0.04228652000000133,0.048580880000002435
0.014230000000000001,0.038845480000001216,0.02517591999999588,0.018391280000006685
0.014240000000000001,0.021452519999990777,0.022224919999994628,0.03389284000000188
0.01425,0.02191708000000533,0.025043880000011804,0.02184740000000737
0.014260000000000002,0.026010159999993666,0.030557400000003804,0.028607079999997773
0.014270000000000001,0.02023192000000477,0.029101239999993676,0.02566780000000047
0.014280000000000001,0.03677668000000721,0.027547239999995525,0.019526199999995348
0.01429,0.01958699999999991,0.03721891999999785,0.026127759999996742
0.014300000000000002,0.02179016000000042,0.03784508000000777,0.04050651999999426
0.014310000000000002,0.03813088000000164,0.027196640000010028,0.01644931999999443
0.014320000000000001,0.03538319999999552,0.026970960000000203,0.02836707999999131
0.01433,0.03278600000000354,0.04320460000001205,0.04616392000000254
0.01434,0.025931480000006835,0.028318520000005596,0.060562840000002664
0.014350000000000002,0.02193964000000065,0.02014783999999681,0.02001855999999534
0.014360000000000001,0.031669960000000955,0.02889796000001123,0.028103919999996285
0.01437,0.021964440000006698,0.025553400000009645,0.031883880000007234
0.01438,0.0330648400000061,0.02713407999999527,0.023126080000001006
0.014390000000000002,0.02739976000000163,0.026648959999994608,0.014188720000009952
0.014400000000000001,0.03151527999999998,0.01918199999999121,0.024039560000000983
0.014410000000000001,0.031168480000006275,0.03735400000000513,0.023888120000007323
0.01442,0.04123068000000644,0.03126731999999061,0.030690559999998965
0.014430000000000002,0.027034600000007843,0.04992783999999521,0.029134240000007836
0.014440000000000001,0.05240792000000262,0.025017600000006277,0.02536299999999725
0.014450000000000001,0.023904519999999832,0.031803040000002,0.031125640000001384
0.01446,0.026883360000003735,0.03369408000000055,0.021247599999993795
0.014470000000000002,0.02083068000000264,0.028660320000006134,0.026006400000001314
0.014480000000000002,0.03721768000000459,0.04014279999999484,0.0169265999999938
0.014490000000000001,0.021462360000001002,0.03930472000001157,0.02502748000000637
0.0145,0.03750495999999337,0.034211680000000036,0.018689320000004173
0.01451,0.025156359999993938,0.02368647999999882,0.03238355999999496
0.014520000000000002,0.03398991999999346,0.026682959999996494,0.017457440000005313
0.014530000000000001,0.03461631999999982,0.03606756000000169,0.035849920000005295
0.01454,0.023212080000000457,0.023095959999989254,0.029811080000007983
0.01455,0.019734879999995243,0.01932536000000658,0.029955800000004387
0.014560000000000002,0.026678119999998983,0.032880880000000424,0.026433920000009603
0.014570000000000001,0.02859356000000031,0.03283988000001169,0.032395240000001116
0.014580000000000001,0.016195640000001007,0.023226000000000184,0.027788880000000273
0.01459,0.03597135999999734,0.033802320000001274,0.026209280000001892
0.014600000000000002,0.02783315999999602,0.024810320000010787,0.02970268000000151
0.014610000000000001,0.03348555999999228,0.03377503999999986,0.01596135999999601
0.014620000000000001,0.028150240000000798,0.04018260000000841,0.024043999999989216
0.01463,0.01587615999999992,0.034216319999999606,0.02702240000000282
0.014640000000000002,0.015365559999990458,0.027940040000005377,0.03941380000000183
0.014650000000000002,0.02927492000000113,0.022176519999999783,0.033270119999995434
0.014660000000000001,0.02542600000000622,0.022995720000002016,0.02482507999998999
0.01467,0.0110587599999889,0.02793772000000088,0.030899479999996208
0.01468,0.022230640000006945,0.021487479999994175,0.04426483999999717
0.014690000000000002,0.036735999999995286,0.05777984000000358,0.03037864000000821
0.014700000000000001,0.027373920000000142,0.034210719999991354,0.026940679999994253
0.01471,0.019284719999999787,0.048965359999995975,0.02718020000000667
0.01472,0.033869200000000314,0.02802688000000143,0.026569840000006728
0.014730000000000002,0.03769123999999511,0.03452903999998949,0.03520512000000088
0.014740000000000001,0.02581663999999546,0.03558627999999382,0.030249119999994183
0.014750000000000001,0.031069959999994894,0.03083915999999522,0.01854807999999842
0.01476,0.03885835999999622,0.03169867999999569,0.029375760000006204
0.014770000000000002,0.03170936000000021,0.03628623999999517,0.03796368000000604
0.014780000000000001,0.03242943999998991,0.031379599999995164,0.0335601599999999
0.014790000000000001,0.021268839999996795,0.029922879999995117,0.040315960000004515
0.0148,0.022989800000007644,0.031296519999996,0.02686996000000066
0.014810000000000002,0.04253888000000898,0.02607660000000681,0.046292720000001335
0.014820000000000002,0.026766519999998847,0.04286296000000702,0.03880203999999702
0.014830000000000001,0.03304472000000096,0.024241639999995887,0.04494600000000014
0.01484,0.019691439999999963,0.03709632000000707,0.0452453599999952
0.01485,0.018554719999995483,0.034680560000000374,0.0357888800000057
0.014860000000000002,0.03366387999999935,0.03341047999999327,0.027963760000010426
0.014870000000000001,0.02151879999999526,0.025688000000000984,0.03118315999999513
0.01488,0.017928680000007403,0.030640800000001696,0.029026120000001057
0.01489,0.01245432000000472,0.04938879999999431,0.03430440000000741
0.014900000000000002,0.03446195999999843,0.022544599999996813,0.02824119999999556
0.014910000000000001,0.027757159999995087,0.02748168000000073,0.029042520000006847
0.014920000000000001,0.045366440000002145,0.020021920000000817,0.03430475999999557
0.01493,0.0365024000000033,0.027307880000005363,0.04906187999999582
0.014940000000000002,0.02970307999999423,0.022730279999989486,0.03691727999999339
0.014950000000000001,0.035509240000001635,0.043317919999997595,0.038382880000004886
0.014960000000000001,0.03223144000000686,0.028954400000005234,0.028042680000005073
0.01497,0.02161964000000663,0.040979839999995514,0.04157600000000604
0.014980000000000002,0.028298519999998124,0.033310360000005666,0.042701080000000884
0.014990000000000002,0.02677935999999311,0.023150759999999194,0.033163960000000284
0.015000000000000001,0.026169799999989554,0.028126599999994038,0.01884491999999361
0.01501,0.032857120000006255,0.03594655999999472,0.01845123999999422
0.01502,0.028137280000006083,0.019037799999995112,0.02202320000000102
0.015030000000000002,0.04605571999999873,0.02221332000000506,0.023763239999995373
0.015040000000000001,0.03241560000000574,0.01552232000001158,0.03003335999999466
0.015050000000000001,0.023569160000007534,0.018579079999999734,0.031562039999996155
0.01506,0.03169852000000705,0.031316359999995505,0.030552880000000854
0.015070000000000002,0.03287216000000154,0.03228460000000083,0.030688280000006094
0.015080000000000001,0.026951640000001196,0.028486160000000888,0.029554000000000843
0.015090000000000001,0.025223960000011283,0.040372960000001616,0.022282639999999427
0.0151,0.029222040000005122,0.02724419999999572,0.029337720000006482
0.015110000000000002,0.025252720000003705,0.03956724000000028,0.03099180000000574
0.015120000000000001,0.028528239999991215,0.041832320000008125,0.041195960000000004
0.015130000000000001,0.03849268000000043,0.04517868000000694,0.031911879999995625
0.01514,0.04926347999999617,0.027514960000006108,0.049689599999990425
0.015150000000000002,0.026698440000000587,0.03599403999999618,0.039331359999996374
0.015160000000000002,0.024883559999995444,0.030710960000000623,0.03116043999999027
0.015170000000000001,0.02652980000000134,0.03807968000000578,0.018267279999995615
0.01518,0.026869760000007327,0.025192000000000454,0.0407015199999947
0.01519,0.03740548000000449,0.03145203999999516,0.0421322799999972
0.015200000000000002,0.019750240000000717,0.028977160000005556,0.025344600000000196
0.015210000000000001,0.031068159999995237,0.03523464000000811,0.03162444000000379
0.015220000000000001,0.04353624000000087,0.05109823999999533,0.04027891999999597
0.01523,0.023542759999996127,0.04315215999999103,0.030545880000006742
0.015240000000000002,0.03277791999999499,0.02652511999999576,0.03742131999999598
0.015250000000000001,0.02110803999999696,0.022307759999995038,0.037684799999995744
0.015260000000000001,0.020942440000000027,0.026614560000001806,0.03306384000000119
0.01527,0.01678747999999949,0.03051919999999438,0.03563912000000066
0.015280000000000002,0.017211000000001052,0.02807879999999542,0.03696083999999553
0.015290000000000002,0.03325980000000183,0.04487376000000281,0.04020916000000744
0.015300000000000001,0.014760360000009642,0.02993880000000271,0.044599920000000993
0.01531,0.02336128000000126,0.01633600000000433,0.026725600000005775
0.015320000000000002,0.028749640000003473,0.027810160000007585,0.03351064000000081
0.015330000000000002,0.037346880000004024,0.0176379599999971,0.03783888000000202
0.015340000000000001,0.026369640000004507,0.040195880000002744,0.0399768800000014
0.01535,0.036936800000005696,0.025291759999989966,0.03590760000000358
0.015360000000000002,0.023851080000000753,0.03954959999999593,0.01857012000000154
0.015370000000000002,0.020496599999999872,0.03877992000000807,0.030515199999999854
0.015380000000000001,0.027446560000001046,0.026593360000005308,0.027890359999994424
0.015390000000000001,0.02200655999999453,0.047758440000008354,0.02409731999999363
0.0154,0.031810400000001834,0.04872352000000849,0.020460319999999466
0.015410000000000002,0.036950479999994824,0.03067812000000604,0.0417481600000018
0.015420000000000001,0.03675707999998908,0.02740780000000187,0.030080799999999068
0.015430000000000001,0.03265308000000075,0.02415140000000689,0.01667552000000461
0.01544,0.03152252000000619,0.019908320000005534,0.029134000000000323
0.015450000000000002,0.02782879999999968,0.042678120000001714,0.02905088000000608
0.015460000000000002,0.033684560000007864,0.02580639999999573,0.02147860000000081
0.015470000000000001,0.02612536000000681,0.029479760000006426,0.025054920000004678
0.01548,0.018112200000003825,0.027109559999998662,0.026269560000001232
0.015490000000000002,0.03946876000000699,0.029004920000005346,0.04227199999999556
0.015500000000000002,0.03308336000000595,0.02868764000000458,0.030571240000002192
0.015510000000000001,0.025873840000000047,0.048120840000007235,0.019340239999994038
0.01552,0.0527419200000015,0.02474727999999521,0.047513360000002405
0.015530000000000002,0.03788619999999969,0.018719800000000664,0.01786964000000113
0.015540000000000002,0.03379288000000641,0.02542624000000791,0.022488120000006887
0.015550000000000001,0.026018200000000092,0.029430120000007276,0.02392716000000138
0.015560000000000001,0.02614836000000045,0.01462247999999912,0.04693568000000285
0.01557,0.027491720000007495,0.02591912000000737,0.027979599999989474
0.015580000000000002,0.023914560000000074,0.02287344000000801,0.020892399999999044
0.015590000000000001,0.0401127199999995,0.027759519999997224,0.029931519999995087
0.015600000000000001,0.034954559999995076,0.026231480000007086,0.02557188000000502
0.01561,0.03778875999999923,0.026797240000005135,0.03446492000000155
0.015620000000000002,0.0235631999999998,0.03426124000000131,0.030766000000003697
0.01563,0.021802999999994323,0.047068040000001046,0.02473887999999916
0.01564,0.03584823999999751,0.015433840000006633,0.02112447999999665
0.01565,0.0353396800000019,0.02459584000000804,0.03339371999999927
0.01566,0.02708988000000174,0.03155032000000554,0.016525120000005663
0.01567,0.02472863999999455,0.029266119999993796,0.026142439999994972
0.015680000000000003,0.03734904000000557,0.029427440000005696,0.028548679999989033
0.015690000000000003,0.03303983999999406,0.014222000000006793,0.034361559999994934
0.015700000000000002,0.039728039999997106,0.021106480000004722,0.026467959999995395
0.015710000000000002,0.02394087999999033,0.027845600000006333,0.03446624000000705
0.01572,0.027589600000001383,0.022665480000000023,0.021513120000000843
0.01573,0.03638124000000105,0.02342552000000148,0.029769519999996358
0.01574,0.045201680000006,0.019615800000000436,0.013810799999993358
0.01575,0.04196275999999533,0.02882192000000498,0.04245987999999374
0.01576,0.04113235999999509,0.023549680000003254,0.02470735999999521
0.015770000000000003,0.04812904000000596,0.0364254000000055,0.025783200000003743
0.015780000000000002,0.02876132000000592,0.023682000000004397,0.02814332000000412
0.015790000000000002,0.03619252000000551,0.036491360000005094,0.03249372000000589
0.0158,0.018763680000005327,0.03067720000000678,0.02582524000000668
0.01581,0.03550992000000714,0.040261639999995505,0.019565320000010523
0.01582,0.02650727999999527,0.04340976000000073,0.025883760000011323
0.01583,0.04233779999998967,0.0330200400000031,0.019041159999995352
0.01584,0.056328279999990585,0.03306732000000269,0.04022435999999362
0.015850000000000003,0.05048687999999729,0.04180756000000613,0.034009560000006635
0.015860000000000003,0.03257167999999649,0.0340298800000058,0.04086696000000989
0.015870000000000002,0.024610719999989143,0.024787160000000752,0.029771440000010193
0.015880000000000002,0.0284537199999941,0.017710440000005497,0.023328759999999237
0.01589,0.03462651999999591,0.030560960000001944,0.02179808000000046
0.0159,0.03143440000000675,0.03654800000001166,0.02899468000000544
0.01591,0.029668199999991453,0.02708551999999579,0.03220887999999503
0.01592,0.02432808000000574,0.04424451999999546,0.04284799999999571
0.01593,0.02772631999999744,0.046567599999990335,0.04513015999999553
0.015940000000000003,0.013838719999999858,0.03682403999999037,0.030375519999995278
0.015950000000000002,0.02722695999999383,0.04956755999999164,0.03044751999999413
0.015960000000000002,0.019403079999990098,0.026444519999992137,0.02146291999999074
0.01597,0.030170720000006174,0.021450840000005984,0.018123280000004845
0.01598,0.033337079999999845,0.027101799999995957,0.03858372000000215
0.01599,0.04398507999999454,0.016366079999997143,0.025267720000000913
0.016,0.04191612000000772,0.0228977599999963,0.03146479999999657
0.01601,0.030677200000006417,0.021935080000011046,0.03754844000000707
0.016020000000000003,0.03259543999999952,0.01932152000000142,0.020742160000000166
0.016030000000000003,0.026006799999995982,0.027818280000001798,0.021356679999996662
0.016040000000000002,0.02294688000000395,0.017181799999989075,0.029959479999995108
0.016050000000000002,0.03436396000000068,0.034039479999996916,0.0325639600000062
0.01606,0.021237319999996493,0.04106568000000765,0.04582872000000247
0.01607,0.037680439999996714,0.03255983999999564,0.02941531999999695
0.01608,0.015108040000003473,0.04956815999998987,0.028280800000001917
0.01609,0.0364454399999946,0.0549651199999977,0.03889787999999139
0.0161,0.023801080000006754,0.04298811999999044,0.03500511999999582
0.016110000000000003,0.02250268000000076,0.04120443999999746,0.04047868000000073
0.016120000000000002,0.023867679999993903,0.04319203999999613,0.042824799999996395
0.016130000000000002,0.042672439999995225,0.03992199999999178,0.025174560000003527
0.01614,0.036399080000005954,0.04096275999999568,0.03000768000000661
0.01615,0.026168760000000013,0.038146000000001706,0.03221820000000065
0.01616,0.04077072000000553,0.029141359999990776,0.04242824000000803
0.01617,0.025303359999994716,0.03502351999998954,0.037803320000007454
0.01618,0.02740964000000636,0.02814507999998938,0.021412119999998397
0.016190000000000003,0.024427039999993638,0.04992799999999436,0.024119359999998664
0.016200000000000003,0.03391488000000469,0.018220919999989277,0.03164795999999471
0.016210000000000002,0.037421920000001,0.022355599999996246,0.015191919999994344
0.016220000000000002,0.046875560000005416,0.027571639999996407,0.017706880000000178
0.01623,0.0235790400000092,0.019346039999999662,0.03549367999999387
0.01624,0.018977280000004357,0.04045240000000513,0.029469560000001012
0.01625,0.048707359999999936,0.03634716000000735,0.026485039999995068
0.01626,0.04354083999999687,0.03653932000001153,0.02592428000000114
0.01627,0.04698708000000752,0.03474168000000619,0.03242860000000057
0.016280000000000003,0.04423076000000365,0.01802928000000369,0.023397040000006183
0.016290000000000002,0.026986680000004454,0.05074512000000559,0.03552656000001155
0.016300000000000002,0.03138471999999425,0.02510980000001187,0.032104840000001245
0.01631,0.03577463999999438,0.03625036000000547,0.032558360000005546
0.01632,0.046585440000002115,0.031130480000005015,0.048344400000002084
0.01633,0.03316139999999652,0.027552719999994403,0.027067320000004856
0.01634,0.03973808000000071,0.02519296,0.02584128000000189
0.01635,0.025868639999994707,0.028475399999999703,0.021676840000000218
0.016360000000000003,0.056603800000002515,0.021231160000004114,0.017963959999991952
0.016370000000000003,0.0469232000000067,0.024007720000001318,0.03693831999999666
0.016380000000000002,0.037781240000000375,0.02642207999999981,0.030293799999989292
0.016390000000000002,0.040628880000000867,0.021843999999994677,0.01716999999999434
0.0164,0.04276020000000157,0.015353039999990223,0.03845923999998992
0.01641,0.03648979999999564,0.025411360000006246,0.02367135999999023
0.01642,0.02606371999999484,0.024545600000001357,0.03449563999999565
0.01643,0.016179839999994384,0.02959407999999445,0.02411012000001112
0.01644,0.04046756000000257,0.025046480000006026,0.03196563999999548
0.016450000000000003,0.025588600000005807,0.049568999999994305,0.017533880000004946
0.016460000000000002,0.017003280000006397,0.0362372000000004,0.0252090000000113
0.016470000000000002,0.021028160000000372,0.017939520000006218,0.023065480000006047
0.01648,0.018507880000004924,0.03221019999999673,0.02333060000000526
0.01649,0.0325809999999962,0.027011320000009713,0.022242000000011766
0.0165,0.028257199999995528,0.045926800000007865,0.025359760000006663
0.01651,0.025231880000010504,0.04271680000000691,0.023345440000004516
0.01652,0.02297356000001107,0.045265760000006316,0.0170806800000008
0.016530000000000003,0.022626080000005197,0.036773959999990516,0.02750936000000567
0.016540000000000003,0.027980439999996942,0.045713999999998485,0.017649320000007337
0.016550000000000002,0.025808079999999067,0.03995620000000809,0.0280363200000065
0.016560000000000002,0.035606160000000726,0.0273003600000063,0.021800039999996638
0.01657,0.02373852000000115,0.02602676000000072,0.036126359999995084
0.01658,0.022544920000001713,0.03743335999999451,0.025205079999994672
0.01659,0.02477924000000762,0.03918347999999703,0.027727720000007925
0.0166,0.03138447999999648,0.034744679999994796,0.026429399999997452
0.01661,0.02531867999999527,0.022904960000005754,0.04576712000000779
0.016620000000000003,0.03869304000000098,0.01803396000000925,0.027202079999996968
0.016630000000000002,0.03106927999999556,0.028542399999993643,0.019327639999999542
0.016640000000000002,0.031367719999994964,0.019667680000005523,0.029081200000009556
0.01665,0.030602879999994195,0.044961719999997415,0.03805880000000808
0.01666,0.03556815999998972,0.03534459999999528,0.0317915600000029
0.01667,0.03232388000000129,0.03422123999999398,0.02292836000001047
0.01668,0.018433760000004094,0.01350239999999955,0.026365360000005108
0.01669,0.03598812000000598,0.023875760000004326,0.027921319999993557
0.016700000000000003,0.01786511999999987,0.014114480000005444,0.03215680000000138
0.016710000000000003,0.029323959999999365,0.02022220000000591,0.02186512000000959
0.016720000000000002,0.044730440000005624,0.03743460000000033,0.028110240000006878
0.016730000000000002,0.06070756000000455,0.04195196000000024,0.012520640000004924
0.01674,0.02861084000000954,0.025616559999995254,0.024135520000006117
0.01675,0.04014864000001218,0.027610679999991592,0.02532908000000649
0.01676,0.036508400000000815,0.02800811999999538,0.022425680000004704
0.01677,0.031398760000003675,0.023592719999991064,0.019788799999993823
0.01678,0.03479639999998961,0.025649599999993507,0.018086600000004543
0.016790000000000003,0.03166168000000007,0.04120031999999478,0.025427639999996355
0.016800000000000002,0.019901119999994946,0.02644860000000138,0.018436239999994688
0.016810000000000002,0.02372655999999929,0.01833460000000538,0.03243719999999689
0.01682,0.028525360000004142,0.02900159999999962,0.024306919999999593
0.01683,0.023742040000005963,0.027030199999999883,0.0232292399999936
0.01684,0.023634360000005575,0.03235872000000048,0.028146040000001617
0.01685,0.021627640000011338,0.024463999999994615,0.030897400000001053
0.01686,0.023334159999998348,0.02435816000000037,0.03181304000000203
0.016870000000000003,0.021604040000000935,0.033317200000001566,0.047404760000001205
0.016880000000000003,0.03545344000000135,0.018050759999999454,0.045497640000007965
0.016890000000000002,0.026374360000011525,0.021963960000000386,0.02742980000000699
0.016900000000000002,0.03369232000000706,0.028552840000009003,0.0193808000000058
0.01691,0.025929800000001637,0.032840680000000975,0.0305456400000079
0.01692,0.026673800000005087,0.049677280000001864,0.028343840000011382
0.01693,0.045744000000002775,0.03694468000000663,0.05281736000001203
0.01694,0.030541599999989816,0.03999504000000487,0.03460451999999992
0.01695,0.04467475999999948,0.026219200000007804,0.04787051999999704
0.016960000000000003,0.045575799999995587,0.031669320000007474,0.025180959999995325
0.016970000000000002,0.02973208000000508,0.028013360000004595,0.02773131999999975
0.016980000000000002,0.025069160000000146,0.026732319999995396,0.02262384000000643
0.01699,0.020031200000004124,0.040923680000006,0.031168720000006363
0.017,0.014777040000000616,0.04510412000000484,0.026933200000005115
0.01701,0.02323547999999447,0.03734820000000531,0.043406879999999766
0.01702,0.0299517200000047,0.03642220000000637,0.027343840000011402
0.01703,0.022074399999994693,0.050758920000006376,0.026849280000006
0.017040000000000003,0.02217628000000392,0.033862080000007885,0.024972360000009457
0.017050000000000003,0.026888040000001254,0.022526239999999358,0.024619319999999893
0.017060000000000002,0.030850200000004543,0.03476575999999609,0.03280439999999736
0.017070000000000002,0.03827564000000821,0.04945355999999554,0.03047612000000594
0.01708,0.025995919999999666,0.03176767999999631,0.04854192000000805
0.01709,0.02291936000000041,0.03848923999999622,0.03202036000000604
0.0171,0.030707560000003714,0.026066159999996768,0.030725120000006045
0.01711,0.023846520000000714,0.03079203999999355,0.026706360000005577
0.01712,0.027005640000005323,0.029147559999996586,0.0167953200000072
0.017130000000000003,0.029122360000006845,0.020141120000006594,0.04019592000000032
0.017140000000000002,0.02367664000000121,0.02219480000000948,0.025375559999995932
0.017150000000000002,0.02690296000000114,0.02119671999999438,0.02679284000000726
0.01716,0.02621744000000542,0.032938039999996845,0.02654464000000068
0.01717,0.04010384000000505,0.02775224000000156,0.024283920000004323
0.01718,0.03506548000000635,0.03222768000000186,0.027324999999989465
0.01719,0.028763280000000627,0.030212359999996816,0.03246435999999988
0.0172,0.02692288000001144,0.05677351999999759,0.03604172000000102
0.017210000000000003,0.03527628000000795,0.043422079999990426,0.02076468000000217
0.017220000000000003,0.022817240000010702,0.03629791999999009,0.030731519999995172
0.017230000000000002,0.041404920000005785,0.04337064000000072,0.026849200000001322
0.017240000000000002,0.039199719999993575,0.04145068000000493,0.025913719999995866
0.01725,0.030721319999993592,0.03214688000000391,0.034472439999996246
0.01726,0.04316444000000064,0.019184839999999197,0.02901239999999463
0.01727,0.02916543999999437,0.047325160000000914,0.023531519999995077
0.01728,0.03091128000000023,0.019234480000004453,0.028834759999999786
0.01729,0.03468008000000155,0.021313639999999478,0.037080040000005976
0.017300000000000003,0.027213279999995316,0.019088640000002367,0.02017652000000637
0.017310000000000002,0.03316636000000661,0.02139071999999088,0.03997139999999576
0.017320000000000002,0.04814212000000095,0.025953519999989218,0.03269755999999617
0.01733,0.048123240000001864,0.02223055999999862,0.0366717600000009
0.01734,0.03724847999998957,0.02675559999999425,0.02361763999998919
0.01735,0.03759199999999714,0.029490079999999922,0.02927927999999577
0.01736,0.030251240000000366,0.03891967999999702,0.01857483999999198
0.01737,0.04645207999999608,0.026024400000007063,0.02262651999999548
0.017380000000000003,0.032455199999995576,0.026631639999989448,0.018090999999989463
0.017390000000000003,0.0433750799999953,0.043590319999990426,0.025536840000011177
0.017400000000000002,0.023211839999998898,0.0519401599999968,0.0292099999999937
0.017410000000000002,0.027589400000000715,0.04282116000000655,0.02268848000000012
0.01742,0.01791767999998935,0.03752048000000736,0.018204440000010376
0.01743,0.03395900000000154,0.02657012000000214,0.019793719999999185
0.01744,0.028373519999996655,0.03198387999999721,0.018661920000005095
0.01745,0.024490999999989632,0.029249280000007597,0.01904859999998961
0.01746,0.029683079999990602,0.032714400000004834,0.027242199999995602
0.017470000000000003,0.05006648000000234,0.03155192000000248,0.026225119999996944
0.017480000000000002,0.02019087999999531,0.04620255999999469,0.031045600000006234
0.017490000000000002,0.036764639999993895,0.04567392000000026,0.028232040000005947
0.0175,0.022110280000004538,0.036092320000000316,0.03233516000000453
0.01751,0.019439880000006373,0.0416267599999955,0.04376871999999414
0.01752,0.0296997999999962,0.0351857599999918,0.023449079999999997
0.01753,0.027916840000000984,0.02979820000000077,0.0201745200000052
0.01754,0.03185300000000079,0.02596452000000176,0.039613040000000245
0.017550000000000003,0.01851747999999619,0.026337439999995636,0.033988120000003993
0.017560000000000003,0.01298183999999576,0.029298199999989227,0.0430095200000076
0.017570000000000002,0.020426080000000707,0.035394799999991504,0.02411867999999464
0.017580000000000002,0.03527132000000679,0.02780024000000189,0.02236903999999935
0.01759,0.03308416000000265,0.029436559999996652,0.03266363999999518
0.0176,0.025727720000008038,0.02535131999999142,0.029686640000006294
0.01761,0.03836872000000649,0.030914839999999305,0.025102280000004494
0.01762,0.030425479999996796,0.029626839999994947,0.016845759999995203
0.01763,0.021646680000005362,0.03623051999999932,0.022889840000007478
0.017640000000000003,0.03799488000000541,0.044980520000005096,0.029100160000005856
0.017650000000000002,0.0295620400000049,0.032749240000011705,0.04458748000000062
0.017660000000000002,0.020949119999999884,0.029888119999999678,0.03512175999999383
0.01767,0.022786640000005996,0.02030203999999541,0.02578811999999398
0.01768,0.03440459999999442,0.03347828000000829,0.04067000000000717
0.01769,0.03570979999999463,0.025081720000006757,0.023494400000000033
0.0177,0.04164500000000302,0.030289680000007046,0.030625279999997767
0.01771,0.03535235999999492,0.037402879999994344,0.040015399999998084
0.017720000000000003,0.04206991999999534,0.03349495999999537,0.024510079999996097
0.017730000000000003,0.026430680000005084,0.03654435999999559,0.029428120000001945
0.017740000000000002,0.0217479600000062,0.03632179999999396,0.033678719999996345
0.017750000000000002,0.017629240000000046,0.023452599999996198,0.03406459999999805
0.01776,0.03434875999998913,0.03939571999999364,0.03186376000000623
0.01777,0.027808399999999785,0.042263440000001914,0.031265600000000594
0.01778,0.0184649599999913,0.03446435999999997,0.023785839999994746
0.01779,0.023050359999995867,0.019818199999999984,0.028625439999993712
0.0178,0.037748559999996045,0.02934903999999658,0.051035640000002325
0.017810000000000003,0.04474903999999495,0.03267039999999004,0.0369822399999956
0.017820000000000003,0.043586479999997436,0.02329539999998965,0.033984399999991435
0.017830000000000002,0.039439759999994314,0.026511759999994746,0.040844319999994626
0.01784,0.026179199999989848,0.012683360000004994,0.03476131999999564
0.01785,0.03724843999999765,0.0289624800000024,0.037436079999996326
0.01786,0.039792439999998375,0.029682560000002006,0.024854439999995155
0.01787,0.034697679999995734,0.029870240000005866,0.03709783999999504
0.01788,0.030775639999995233,0.049662439999998954,0.0301849199999941
0.017890000000000003,0.033914440000004785,0.04309343999999626,0.026722879999989027
0.017900000000000003,0.02815756000000979,0.01910012000000491,0.01970816000000499
0.017910000000000002,0.036448600000001774,0.02810024000000612,0.03026448000000136
0.017920000000000002,0.03777740000000142,0.01949304000000054,0.03621040000000215
0.01793,0.041305200000001485,0.01982487999999471,0.027778639999999768
0.01794,0.021634999999993725,0.019813080000008584,0.036685119999997386
0.01795,0.02336628000000479,0.024008200000010922,0.0335260799999938
0.01796,0.017522519999999105,0.03291984000000161,0.031436999999994775
0.01797,0.019946520000000117,0.0357949200000053,0.022878120000007482
0.017980000000000003,0.03471136000000218,0.0339450400000067,0.037344240000005614
0.017990000000000003,0.029000479999996324,0.029713639999999875,0.020703999999994335
0.018000000000000002,0.033169679999991146,0.03770232000000785,0.03393160000000663
0.01801,0.03333136000000207,0.02338240000000629,0.026690079999999363
0.01802,0.034990120000000915,0.034368799999994426,0.029753000000006698
0.01803,0.036988199999994795,0.02398751999999863,0.024370360000006534
0.01804,0.015519599999993118,0.03278691999999885,0.02580596000000453
0.01805,0.027644119999989582,0.021372919999995164,0.026807520000004838
0.018060000000000003,0.03482699999999433,0.02683071999999377,0.030244920000002326
0.018070000000000003,0.03114903999999429,0.03177911999999511,0.04438195999999473
0.018080000000000002,0.025686880000000634,0.0218821999999952,0.023431279999999357
0.018090000000000002,0.020129480000001365,0.036652360000001126,0.01972088000000101
0.0181,0.03385340000001139,0.020547480000003643,0.026124679999990044
0.01811,0.03696063999999399,0.027985560000001724,0.029690280000005398
0.01812,0.045189559999994154,0.04483472000000657,0.020770160000001273
0.01813,0.042785079999993605,0.032707119999993456,0.021374080000005274
0.01814,0.032455759999998446,0.028145959999993777,0.040130280000010114
0.018150000000000003,0.03400715999999018,0.02580696000000449,0.04327504000000709
0.018160000000000003,0.03428276000000084,0.015665399999999483,0.04031416000000622
0.018170000000000002,0.021759399999990908,0.02367296000000475,0.042210840000011955
0.01818,0.022524159999999977,0.03606607999999963,0.03059292000000796
0.01819,0.05035779999999554,0.026807080000007553,0.03907736000000441
0.0182,0.04428488000000122,0.030140240000000713,0.04478780000001223
0.01821,0.035798159999995256,0.024124400000005358,0.03432044000000677
0.01822,0.04498844000000544,0.03284688000000026,0.041942079999994546
0.018230000000000003,0.03137856000001056,0.03734075999998963,0.035014039999996346
0.018240000000000003,0.02405980000000142,0.03119072000000203,0.016316199999995517
0.018250000000000002,0.02400047999999925,0.0333139200000046,0.025219519999995263
0.018260000000000002,0.02825972000000448,0.016181240000001994,0.03074400000000606
0.01827,0.024798759999994032,0.02864660000000722,0.02636731999999431
0.01828,0.03315899999999497,0.018348720000000217,0.0206931599999957
0.01829,0.04434144000000108,0.02890819999999461,0.028495039999999392
0.0183,0.03946187999999531,0.026062199999996632,0.031553199999995805
0.01831,0.026100039999994794,0.02041680000000241,0.03551323999999615
0.018320000000000003,0.038631359999996215,0.024551600000005808,0.024790279999995446
0.018330000000000003,0.031947039999995014,0.024029920000005426,0.026352439999999554
0.018340000000000002,0.042804320000002505,0.03796008000000711,0.035587320000001886
0.01835,0.02714531999999622,0.037405920000001494,0.03177456000000581
0.01836,0.0334518400000011,0.023594159999994473,0.038233000000000725
0.01837,0.0463292800000064,0.02867748000000565,0.047248840000008875
0.01838,0.0449524400000011,0.017050080000010733,0.0332904000000006
0.01839,0.024694479999994603,0.02182660000000145,0.025195999999994927
0.018400000000000003,0.022756119999991158,0.017910600000009505,0.02973679999999583
0.018410000000000003,0.023758800000000184,0.02700503999999403,0.03023563999998969
0.018420000000000002,0.026589680000000303,0.04543272000000016,0.043262079999994776
0.018430000000000002,0.02187040000000054,0.031664199999996624,0.042328599999995505
0.01844,0.026536200000000915,0.03553655999999535,0.04794495999999056
0.01845,0.03479744000000015,0.04310371999999854,0.03690295999999496
0.01846,0.02329031999999341,0.02303651999999632,0.026190160000004195
0.01847,0.02887352000000003,0.02629400000000794,0.03512280000000502
0.01848,0.04278396000000701,0.03433743999999567,0.045845080000002224
0.018490000000000003,0.0343716000000025,0.028532319999995684,0.01653076000000957
0.018500000000000003,0.02653936000001122,0.022687360000010707,0.03566836000001201
0.018510000000000002,0.04668408000000857,0.021858680000010653,0.025850839999999747
0.018520000000000002,0.0320301600000052,0.03265680000000434,0.02441563999999406
0.01853,0.03480727999999519,0.03924804000000436,0.025038439999995266
0.01854,0.022278160000005476,0.02189067999999924,0.024712359999996575
0.01855,0.018247680000000904,0.0183502799999987,0.044608040000006864
0.01856,0.026046920000004265,0.02278523999999694,0.03705452000000784
0.018570000000000003,0.03277208000000398,0.030063440000004476,0.03515263999999422
0.018580000000000003,0.03043640000000199,0.03756511999999454,0.03930960000000447
0.018590000000000002,0.029981440000001695,0.030426160000005274,0.02266852000001052
0.018600000000000002,0.028072679999995968,0.018812000000000214,0.045303480000011886
0.01861,0.041240200000006916,0.028727200000004897,0.01885503999999935
0.01862,0.019558680000000463,0.029311240000005755,0.030978560000007947
0.01863,0.03481732000000008,0.025218240000006335,0.03241512000000594
0.01864,0.024562040000002026,0.034927280000006354,0.017223280000005215
0.01865,0.025304320000000068,0.03812728000000647,0.02200715999998957
0.018660000000000003,0.03202291999998994,0.03995420000000479,0.026431400000001142
0.018670000000000003,0.024001559999999277,0.028603760000007323,0.031867080000006674
0.018680000000000002,0.025644960000000282,0.023891880000011377,0.02305516000000023
0.018690000000000002,0.029287080000005888,0.04228672000000308,0.022849599999996497
0.0187,0.0331078000000018,0.027104680000002806,0.026931559999998748
0.01871,0.03188156000000523,0.02458800000000034,0.03244399999998906
0.01872,0.046117280000007685,0.03194568000000031,0.0371638399999893
0.01873,0.017147519999994226,0.029588199999997053,0.027262359999991312
0.018740000000000003,0.02629416000000456,0.03259255999999374,0.027851240000000114
0.018750000000000003,0.027690919999995227,0.03978528000000584,0.03694659999999137
0.018760000000000002,0.02675088000000035,0.028154919999999754,0.03046795999999339
0.018770000000000002,0.03221604000000049,0.021010199999996714,0.03323403999999435
0.01878,0.03314875999999545,0.021138040000005538,0.04803143999999482
0.01879,0.04251624000000203,0.029825319999995634,0.032661839999999644
0.0188,0.02285892000000691,0.030824760000001724,0.018724959999994198
0.01881,0.02351440000000715,0.035606000000008055,0.027264520000000333
0.01882,0.027713159999999654,0.03211496000000615,0.04585136000000141
0.018830000000000003,0.031087679999995402,0.029796639999994858,0.028644119999999725
0.018840000000000003,0.0333095199999979,0.024648599999989813,0.022163239999995452
0.018850000000000002,0.03225388000000132,0.032505359999999914,0.04147671999999664
0.018860000000000002,0.03225388000000103,0.024897519999989595,0.03683332000000125
0.01887,0.025795520000007528,0.017668679999999753,0.026884999999997074
0.01888,0.03509692000000167,0.023843440000001465,0.0221017199999997
0.01889,0.018472480000005804,0.03365988000000519,0.015655639999998472
0.0189,0.057750240000007565,0.038536919999995665,0.04764808000000473
0.018910000000000003,0.02978944000000645,0.024428160000000254,0.026585000000001253
0.018920000000000003,0.041979240000007405,0.030550240000000756,0.02472724000000738
0.018930000000000002,0.028563199999995032,0.039600319999996504,0.012340760000000714
0.018940000000000002,0.025642920000001467,0.02017332000000015,0.040544880000007846
0.01895,0.024519719999994798,0.013244520000000135,0.032239880000007576
0.01896,0.024382640000005455,0.035872759999989984,0.024886199999996167
0.01897,0.03144264000001043,0.023597400000000542,0.02917228000000673
0.01898,0.04991592000000188,0.021415720000003358,0.03086928000000729
0.01899,0.03527460000000269,0.022832480000007503,0.03988832000000212
0.019000000000000003,0.028682240000001552,0.02605891999999477,0.029249160000005228
0.019010000000000003,0.027364599999995912,0.012008480000000609,0.034400479999999324
0.019020000000000002,0.03683759999999609,0.029369240000000962,0.016638680000005065
0.019030000000000002,0.02775727999999409,0.03710876000000129,0.024954400000001674
0.01904,0.0299659999999892,0.02704764000000107,0.027641599999999544
0.01905,0.03229108000000024,0.032947680000007355,0.02661760000000408
0.01906,0.03468220000000161,0.018884999999994396,0.04060620000000088
0.01907,0.026117599999994953,0.01687199999999942,0.03999556000000076
0.019080000000000003,0.02176511999999684,0.04231076000000786,0.047832039999996655
0.019090000000000003,0.01556863999999934,0.0450609600000013,0.028104159999989924
0.019100000000000002,0.0298204000000062,0.03375764000000625,0.017683079999994227
0.019110000000000002,0.01941308000000543,0.029219760000005535,0.028428959999997443
0.01912,0.031655560000002976,0.03738508000000686,0.02040447999999696
0.01913,0.021058119999994542,0.022423719999997618,0.023629240000000506
0.01914,0.03161700000001083,0.024265920000000107,0.020969279999999035
0.01915,0.0312517199999991,0.04036543999999409,0.015310400000007586
0.01916,0.025406800000010502,0.03191140000000103,0.026216279999999755
0.019170000000000003,0.014459720000005862,0.03967303999999622,0.025363679999990407
0.019180000000000003,0.025142840000006262,0.05513495999999574,0.025150800000005552
0.019190000000000002,0.02884692000000434,0.05946683999999656,0.01684876000000603
0.019200000000000002,0.028050640000004803,0.05688079999999633,0.027071720000005815
0.01921,0.023393599999999386,0.03933631999999555,0.027054399999995433
0.01922,0.025692440000005222,0.03705203999999546,0.028771199999993235
0.01923,0.02859176000000159,0.039994039999996574,0.021935559999999212
0.01924,0.029255160000005602,0.030055040000000175,0.02387639999999368
0.019250000000000003,0.02651508000000632,0.07307019999999524,0.027381319999995414
0.019260000000000003,0.037552360000002345,0.022367239999996014,0.041834520000001166
0.019270000000000002,0.031102080000005937,0.046811520000000044,0.03573415999999629
0.019280000000000002,0.029894680000001977,0.05372007999999519,0.02511632000000612
0.01929,0.03378780000000066,0.025111319999994147,0.033886760000000356
0.0193,0.022777399999994855,0.028184359999995825,0.022543799999993192
0.01931,0.027490200000004784,0.0192341999999953,0.017750720000008803
0.01932,0.023272160000001076,0.03791152000000114,0.026051719999994255
0.01933,0.02267167999999917,0.028992120000005166,0.03225171999999396
0.019340000000000003,0.03549860000000191,0.03832856000000124,0.020173960000000362
0.019350000000000003,0.03793336000000017,0.036506480000004976,0.036133239999999935
0.019360000000000002,0.04092544000000022,0.04253172000000006,0.046025560000006675
0.019370000000000002,0.027983400000005484,0.019820320000007156,0.04157224000000534
0.01938,0.0260603199999999,0.016627680000009453,0.023083760000005497
0.01939,0.02086463999998962,0.035044400000006824,0.04598383999999481
0.0194,0.04013439999999722,0.024743960000000523,0.032197159999989365
0.01941,0.02317124000000146,0.033035040000011104,0.04350595999998975
0.019420000000000003,0.0398434000000023,0.03814004000000813,0.02664344000000137
0.019430000000000003,0.014135480000005623,0.024874359999999894,0.024175120000006566
0.019440000000000002,0.025366479999995292,0.03585204000000489,0.03162375999999624
0.019450000000000002,0.04153508000000038,0.02938520000000027,0.037375120000006964
0.01946,0.032170839999989785,0.030710920000006435,0.03343504000001129
0.01947,0.029396359999994716,0.035039559999994946,0.02778336000000777
0.01948,0.028907040000001265,0.031982679999999916,0.022925919999994625
0.01949,0.03422335999999605,0.028612760000009962,0.0304161999999958
0.0195,0.016275079999994464,0.05527456000001243,0.038091920000000626
0.019510000000000003,0.02812860000000477,0.057859400000004925,0.03350895999999914
0.019520000000000003,0.032792360000007174,0.03681843999999941,0.025027520000005344
0.019530000000000002,0.030689320000004554,0.03783887999999653,0.014679760000005867
0.019540000000000002,0.02100136000000033,0.039642280000008356,0.039515120000008404
0.01955,0.036164000000006524,0.026922920000011605,0.030328800000001377
0.01956,0.02378336000000582,0.02982915999999449,0.02983508000000614
0.01957,0.0143824799999911,0.02655168000000695,0.018698480000000534
0.01958,0.02005795999999333,0.028547159999996748,0.018288599999994094
0.019590000000000003,0.02625276000000084,0.039514400000007444,0.02282248000000735
0.019600000000000003,0.03210748000000648,0.022309480000000992,0.0317272400000061
0.019610000000000002,0.027984119999996823,0.03859988000000889,0.029071160000004106
0.019620000000000002,0.03801659999999646,0.025435040000011126,0.024802120000000462
0.01963,0.03431807999999605,0.03530492000000776,0.02137876000000105
0.01964,0.03125007999999559,0.031230680000005707,0.03337264000000672
0.01965,0.05076912000000207,0.030658960000006466,0.03441216000000134
0.01966,0.034077560000000236,0.046446159999995386,0.02623007999999853
0.01967,0.02852880000000785,0.034896120000004624,0.02522472000000104
0.019680000000000003,0.031898600000001644,0.05826116000000416,0.03440632000000107
0.019690000000000003,0.029825439999995623,0.029315999999996335,0.02267843999999489
0.019700000000000002,0.03779671999999747,0.03038860000000415,0.018842240000004958
0.019710000000000002,0.0328138400000059,0.03557212000000401,0.02858319999999472
0.01972,0.035907760000007456,0.02570908000000036,0.03888336000000604
0.01973,0.034663999999996975,0.02494599999999959,0.017320680000005303
0.01974,0.03714203999999516,0.040368759999995125,0.027789360000000506
0.01975,0.022745679999999994,0.03518603999999494,0.02845623999999592
0.019760000000000003,0.017946479999993405,0.037812399999995236,0.03279195999999426
0.019770000000000003,0.02262024000000119,0.028975119999995216,0.039832400000001364
0.019780000000000002,0.031531160000007115,0.041461320000008094,0.027782960000001796
0.019790000000000002,0.03169895999999934,0.03024340000000767,0.021106600000000524
0.0198,0.03731280000000643,0.019246880000000303,0.03386555999999582
0.01981,0.04110532000000041,0.04234952000000699,0.02581396000000584
0.01982,0.02965635999999455,0.03240187999999371,0.0242494000000006
0.01983,0.027249679999999967,0.0289452000000015,0.024473600000006503
0.01984,0.018819239999995577,0.02121807999999535,0.04739255999999492
0.019850000000000003,0.03714556000000165,0.023247519999993915,0.03249352000000511
0.019860000000000003,0.025927600000001064,0.04643480000000724,0.02158516000000168
0.019870000000000002,0.023169640000004436,0.03739016000000074,0.028615720000009656
0.019880000000000002,0.030471920000007327,0.04137084000000138,0.04478828000000731
0.01989,0.03512756000000735,0.03465640000000056,0.03662556000000992
0.0199,0.02708151999999003,0.04701867999999533,0.04337524000000827
0.01991,0.0210454800000004,0.057682879999995884,0.02518780000000559
0.01992,0.01900587999999998,0.04624331999999612,0.030939800000011328
0.019930000000000003,0.021455000000000883,0.029187679999995553,0.026834880000001626
0.019940000000000003,0.027603560000006157,0.02350731999999135,0.026765199999995562
0.019950000000000002,0.027422400000006692,0.03588447999999453,0.027153600000005773
0.019960000000000002,0.02926199999999809,0.03326795999999589,0.027404519999995866
0.01997,0.03758975999999744,0.018419199999995577,0.036422160000008655
0.01998,0.02950872000000558,0.032250360000005314,0.017503480000001254
0.01999,0.03117327999999501,0.03046924000000507,0.025163280000000936
0.02,0.023329600000005765,0.0319651999999961,0.020060199999988988
0.02001,0.02021952000000459,0.03227076000000432,0.04356923999999505
0.020020000000000003,0.026194920000004913,0.031744680000000726,0.03748699999999396
0.020030000000000003,0.027620840000001225,0.01969495999999491,0.03265631999999452
0.020040000000000002,0.03185247999999554,0.027589039999998496,0.026323720000000272
0.020050000000000002,0.040653760000000365,0.03603200000001077,0.04431819999999679
0.02006,0.023772959999995135,0.03282703999999443,0.027638159999994943
0.02007,0.019302959999994533,0.027448959999994804,0.024766039999989123
0.02008,0.01339540000001056,0.027126199999996027,0.03754392000000653
0.02009,0.03476488000000723,0.030162719999998987,0.02452083999999506
0.020100000000000003,0.024441400000000568,0.03360635999999624,0.030792440000001527
0.020110000000000003,0.028622800000006342,0.021365119999994308,0.049732800000004095
0.020120000000000002,0.022580760000011166,0.05582004000000337,0.03470339999999388
0.020130000000000002,0.03504344000000151,0.02856511999999494,0.03408336000000584
0.02014,0.02463571999998974,0.0319532000000045,0.022867959999995243
0.02015,0.02528796000000604,0.021071080000004228,0.02814247999998937
0.02016,0.02478228000001169,0.03722023999999582,0.029471720000005912
0.02017,0.04070236000001158,0.013280200000000564,0.02986043999999466
0.02018,0.03466804000000027,0.03992104000000233,0.031118880000000647
0.020190000000000003,0.028391200000000266,0.020148399999995587,0.02614471999999541
0.020200000000000003,0.02638907999999891,0.02944252000000453,0.03562980000000612
0.020210000000000002,0.031971199999993476,0.032351359999989164,0.029249319999996554
0.020220000000000002,0.01926443999999691,0.042560879999996436,0.021154160000004398
0.02023,0.04138347999999534,0.04194855999999477,0.04455499999999586
0.02024,0.025090799999996447,0.020534519999998797,0.04448180000000751
0.02025,0.012946519999998388,0.028041400000001243,0.0369065200000064
0.02026,0.018907840000010254,0.03589539999999872,0.029762919999996553
0.020270000000000003,0.039644800000004365,0.02509756000000565,0.033505000000001665
0.020280000000000003,0.031354920000000217,0.03229091999999356,0.021425599999996738
0.020290000000000002,0.03841340000001193,0.0350449999999995,0.03422612000000222
0.020300000000000002,0.04931588000001206,0.032520880000001806,0.02268295999999406
0.02031,0.02417220000000062,0.037646160000005306,0.03270660000000079
0.02032,0.018827520000006728,0.031286040000006315,0.023004799999989483
0.02033,0.030972959999995227,0.027142440000001322,0.020937800000007722
0.02034,0.03426363999999467,0.02266732000000471,0.013880559999994064
0.02035,0.016943480000007723,0.02232447999999685,0.022954080000001157
0.020360000000000003,0.020720279999991265,0.036109760000008026,0.017979240000000868
0.020370000000000003,0.03032956000000519,0.025516920000007066,0.012883280000010756
0.020380000000000002,0.034276280000002116,0.027497640000007182,0.035529599999994166
0.020390000000000002,0.025873119999994244,0.017158880000007603,0.027932880000000028
0.0204,0.028810399999989494,0.03539879999999563,0.0249708399999933
0.02041,0.008546040000001198,0.030757839999997195,0.022667320000002183
0.02042,0.02351371999999584,0.02626803999999651,0.050890400000001335
0.02043,0.01503004000000059,0.02371860000000608,0.041608880000005274
0.020440000000000003,0.023626919999995655,0.025665040000007796,0.04358316000000046
0.020450000000000003,0.03434015999999559,0.0362713200000064,0.017465880000000395
0.020460000000000002,0.02228028000000069,0.03988503999999641,0.039095039999996535
0.020470000000000002,0.03223751999999536,0.015976560000005437,0.03464775999999633
0.02048,0.03605243999999548,0.03010831999999631,0.03899156000000311
0.02049,0.0345740799999956,0.022751359999988882,0.03581108000000802
0.0205,0.03238047999999608,0.02142351999998917,0.03206767999999707
0.02051,0.019706640000004244,0.027248479999989295,0.038826360000000365
0.02052,0.02844240000000666,0.021261959999997304,0.03746732000000524
0.020530000000000003,0.02478816000000347,0.028325319999999102,0.04296636000000653
0.020540000000000003,0.015489640000003253,0.031316239999999815,0.02553500000000542
0.020550000000000002,0.03521324000000423,0.03893760000000091,0.022533679999997076
0.020560000000000002,0.03539080000000509,0.026117240000001124,0.043157839999997255
0.02057,0.036479200000007025,0.030761800000004415,0.02878575999999169
0.02058,0.029190280000005335,0.031514400000001046,0.030548319999996926
0.02059,0.030473079999996405,0.03144796000000608,0.030009319999989882
0.0206,0.04650339999999546,0.03214159999999673,0.03788539999998965
0.020610000000000003,0.029606360000001046,0.05384036000000732,0.029914519999996222
0.020620000000000003,0.03252792000000163,0.04169352000000619,0.03938819999999694
0.020630000000000003,0.03350591999999719,0.02878264000000603,0.05280455999999635
0.020640000000000002,0.031743039999992374,0.035930760000000256,0.047039639999995844
0.02065,0.03968563999999761,0.05497436000000134,0.03448567999999458
0.02066,0.0465038799999973,0.03287108000000148,0.03249808000000522
0.02067,0.037025040000000245,0.04269940000000138,0.014207919999999192
0.02068,0.02796448000000434,0.021774360000000072,0.04170291999999536
0.02069,0.032571600000004385,0.02956463999999405,0.03709672000000105
0.020700000000000003,0.043039040000001735,0.021251999999996548,0.025810199999996602
0.020710000000000003,0.02528548000000568,0.01358908000000682,0.04364411999998976
0.020720000000000002,0.027468839999995828,0.02373979999998971,0.03263763999999434
0.020730000000000002,0.02814807999999916,0.02735288000000167,0.03566668000000708
0.02074,0.025487119999994725,0.021941960000001516,0.0370437999999961
0.02075,0.04486940000000333,0.026017279999999435,0.027823000000007012
0.02076,0.02309036000000246,0.022512800000001172,0.023459839999995635
0.02077,0.02667284000000661,0.026788280000006773,0.03294927999998985
0.020780000000000003,0.02068412000000549,0.025694800000000448,0.023592840000001093
0.020790000000000003,0.026788560000011567,0.053037200000001304,0.019025359999994603
0.020800000000000003,0.02798952000000029,0.03253164000000258,0.02975716000000202
0.020810000000000002,0.03910491999999977,0.040558360000002056,0.0360705999999948
0.02082,0.02264984000000126,0.02274015999999562,0.01679584000000155
0.02083,0.020296160000003782,0.02623748000000647,0.025516880000005352
0.02084,0.030820999999999613,0.025013320000011562,0.03680352000000251
0.02085,0.0259209999999947,0.03003951999999665,0.02626411999999504
0.02086,0.03755224000000339,0.028274799999994563,0.06122352000000264
0.020870000000000003,0.04480395999999698,0.03875311999999455,0.020743280000005936
0.020880000000000003,0.03313391999999441,0.04121791999999423,0.01879612000000747
0.020890000000000002,0.03558716000000704,0.026931640000001582,0.013483399999989673
0.020900000000000002,0.024389719999996347,0.023370720000006274,0.04117088000000895
0.02091,0.03174588000000456,0.04435776000000704,0.03925631999999529
0.02092,0.030908119999989086,0.020940439999995897,0.035149719999995215
0.02093,0.02962499999999484,0.02910355999999699,0.024472839999994837
0.02094,0.027222559999999625,0.043540559999995274,0.023271920000007437
0.020950000000000003,0.03890288000000621,0.025493880000006883,0.02836803999999956
0.020960000000000003,0.026511520000001218,0.03592760000000197,0.0306504400000003
0.020970000000000003,0.031170240000006757,0.024284320000000775,0.0132194399999915
0.020980000000000002,0.01980839999999963,0.03840820000000156,0.02467932000000608
0.02099,0.025463400000001114,0.03697419999999435,0.0202219200000027
0.021,0.016002160000000234,0.02174091999999581,0.02988099999999448
0.02101,0.02922403999998953,0.024924719999989572,0.03204407999999572
0.02102,0.024335080000000005,0.02403204000000768,0.02501047999999307
0.02103,0.024966799999989516,0.03925040000000848,0.012595439999999559
0.021040000000000003,0.025360480000001375,0.021336799999995777,0.025928600000000183
0.021050000000000003,0.032684639999989294,0.023659320000006055,0.040461999999997965
0.021060000000000002,0.02890283999999615,0.03425748000000555,0.01654592000000423
0.021070000000000002,0.028304840000000907,0.03519712000000645,0.01900228000000106
0.02108,0.04323495999999642,0.03703624000000628,0.030228480000000203
0.02109,0.038059680000000796,0.02717244000000788,0.027978720000001817
0.0211,0.032566479999995956,0.015749119999996654,0.022454439999995832
0.02111,0.018119719999994767,0.02932399999999406,0.03315920000000201
0.021120000000000003,0.026866599999997312,0.0232299200000052,0.03633443999999666
0.021130000000000003,0.025236280000009378,0.016029479999995353,0.037406839999996264
0.021140000000000003,0.029049920000004982,0.027204240000001125,0.03731639999999262
0.021150000000000002,0.02759524000000103,0.046915280000003064,0.03823084000000129
0.02116,0.030837319999998173,0.02778808000001153,0.05337328000000161
0.02117,0.030484400000007555,0.037341920000007904,0.03000012000000129
0.02118,0.02552619999999568,0.03722608000000569,0.029818839999993164
0.02119,0.027250079999993675,0.039299,0.025068199999995343
0.0212,0.022247640000000887,0.02499931999999697,0.021582959999999478
0.021210000000000003,0.038091320000005056,0.027342999999997755,0.010307200000001616
0.021220000000000003,0.028815960000005827,0.027264959999991643,0.020765399999999153
0.021230000000000002,0.02796896000000437,0.029047320000001178,0.02385583999999599
0.021240000000000002,0.04310103999999511,0.035225519999990317,0.021850600000006576
0.02125,0.018176160000007106,0.022774000000006726,0.02947431999999452
0.02126,0.03250704000000135,0.019950040000006032,0.027630520000008183
0.02127,0.027988359999995608,0.030652800000000376,0.034003079999997805
0.02128,0.02419599999999507,0.04076416000000748,0.04029696000000842
0.021290000000000003,0.02479099999999558,0.03152916000000768,0.022997560000004916
0.021300000000000003,0.02566251999999643,0.04407068000001225,0.02783252000000621
0.021310000000000003,0.03248408000000265,0.02481084000001185,0.024439159999993236
0.021320000000000002,0.034194000000009474,0.037346439999994235,0.03235620000000455
0.021330000000000002,0.0347522000000082,0.024506519999993672,0.01915367999999606
0.02134,0.03136976000000126,0.023283000000011763,0.04556607999999778
0.02135,0.021047520000005857,0.04035944000000684,0.029344920000001808
0.02136,0.029539040000005207,0.023453919999994653,0.029246960000004374
0.02137,0.02112739999999433,0.029470559999994546,0.03269224000000008
0.021380000000000003,0.01882539999999554,0.022676559999994843,0.030689880000005772
0.021390000000000003,0.02584759999999421,0.030241639999995552,0.03908727999999522
0.021400000000000002,0.028771639999990266,0.04591076000000205,0.049006719999996166
0.021410000000000002,0.03861711999999648,0.038689840000001946,0.028770640000000517
0.02142,0.035180880000006784,0.02218440000000527,0.0236775600000002
0.02143,0.036572839999999905,0.03434336000001146,0.03257148000000508
0.02144,0.027692359999995222,0.024173920000004144,0.028776360000011787
0.02145,0.04665307999999606,0.014810399999999519,0.03098752000000018
0.021460000000000003,0.0327314800000062,0.029083159999997374,0.03149067999999934
0.021470000000000003,0.02113411999999606,0.026767599999999548,0.04115031999999931
0.021480000000000003,0.029968639999999623,0.01895220000000698,0.03267564000000555
0.021490000000000002,0.018244399999994197,0.02233756000000509,0.031329560000005835
0.021500000000000002,0.02298443999999624,0.04333679999999653,0.02862828000000738
0.02151,0.03399511999999662,0.04664355999999435,0.04470228000000687
0.02152,0.022189960000001365,0.03935400000000453,0.04078284000000699
0.02153,0.021132840000005523,0.030383559999995337,0.035313160000006644
0.02154,0.026665000000005202,0.03372275999999612,0.031214480000004843
0.021550000000000003,0.028904800000006666,0.023694079999999895,0.034857999999995365
0.021560000000000003,0.021203360000006565,0.022544599999994887,0.04313248000000099
0.021570000000000002,0.006664239999994455,0.038505679999990376,0.04314632000000198
0.021580000000000002,0.021695039999999846,0.05014439999999445,0.029143880000005975
0.02159,0.028187120000001283,0.03337923999999608,0.013580480000005156
0.0216,0.03480387999999559,0.025070759999995144,0.023987399999993258
0.02161,0.030786680000001832,0.038904760000006554,0.01577080000000077
0.02162,0.02991832000000682,0.023160120000006234,0.035960319999989554
0.021630000000000003,0.03032900000000639,0.02028024000000098,0.034170120000001754
0.021640000000000003,0.02552336000000145,0.026109560000000524,0.040821159999999884
0.021650000000000003,0.02620607999999414,0.024096560000011372,0.04949488000000296
0.021660000000000002,0.03641855999999582,0.030861040000005287,0.049029599999996926
0.021670000000000002,0.02313132000000183,0.04533688000000661,0.02856339999999698
0.02168,0.0220125600000015,0.03574811999999349,0.03103580000000782
0.02169,0.028450079999996766,0.028700160000005383,0.016252440000007154
0.0217,0.034464279999994143,0.029171239999999748,0.037219399999997696
0.02171,0.01825123999999885,0.022439839999990968,0.019050840000005925
0.021720000000000003,0.044447520000000254,0.029310880000000563,0.03659340000000133
0.021730000000000003,0.03024727999999508,0.044707520000002436,0.04006488000000468
0.021740000000000002,0.029005999999993166,0.024482520000001857,0.023546439999996092
0.021750000000000002,0.02636584000000269,0.02444928000000583,0.012685079999995345
0.02176,0.01647316000000597,0.0215622800000106,0.02780243999999411
0.02177,0.0376935600000062,0.03486583999999369,0.021282399999996704
0.02178,0.019088639999994522,0.030469679999998597,0.027714520000000503
0.02179,0.03156559999999778,0.03790224000000505,0.024148599999994188
0.021800000000000003,0.027024560000000013,0.035333640000001006,0.026842400000004044
0.021810000000000003,0.024623399999993894,0.043183080000007305,0.025426440000006826
0.021820000000000003,0.031354920000000085,0.014624759999999728,0.037283400000006475
0.021830000000000002,0.02133996000000462,0.03683879999999947,0.007381399999995148
0.021840000000000002,0.023276639999995113,0.03644496000000103,0.018191399999993873
0.02185,0.022844799999995325,0.03600512000000757,0.0294562399999941
0.02186,0.03985439999999558,0.0361276400000003,0.03172083999999727
0.02187,0.040433280000005976,0.02150888000000155,0.0548133199999965
0.02188,0.048712960000001394,0.03470131999999684,0.032168039999989975
0.021890000000000003,0.02801388000000657,0.01968492000000178,0.05102695999999633
0.021900000000000003,0.0208892399999959,0.02235443999999937,0.04901295999999612
0.021910000000000002,0.02924751999999483,0.021913719999995956,0.041477239999997015
0.021920000000000002,0.03614956000000569,0.028287439999999574,0.02553859999999543
0.02193,0.03423923999999599,0.02851391999999448,0.024769119999999534
0.02194,0.04203163999998928,0.019628759999993656,0.03300599999999353
0.02195,0.03399983999999383,0.024502959999994738,0.022065600000004106
0.02196,0.028264199999990008,0.016425520000011094,0.025368879999994782
0.021970000000000003,0.037334759999995054,0.023623960000001176,0.02940584000000006
0.021980000000000003,0.047914760000005864,0.045924600000007344,0.023742839999994277
0.021990000000000003,0.02867340000000525,0.028362560000004845,0.021467840000006268
0.022000000000000002,0.022377120000005746,0.03458892000000546,0.03121200000000635
0.022010000000000002,0.029473520000006113,0.02860360000000533,0.033722720000007096
0.02202,0.024137200000007762,0.04178700000000192,0.027542519999994883
0.02203,0.02254772000000735,0.026101879999997357,0.015253919999998429
0.02204,0.019975359999993943,0.024236080000001832,0.02268543999998909
0.02205,0.01641392000000074,0.016573399999995797,0.02796711999998912
0.022060000000000003,0.02418875999999906,0.028236680000002026,0.02922012000000581
0.022070000000000003,0.042223960000000345,0.014242000000011652,0.030391959999994105
0.022080000000000002,0.03622932000000689,0.019962560000002502,0.03879647999999553
0.022090000000000002,0.03792151999999763,0.03335492000000689,0.03389672000000119
0.0221,0.02374604000000161,0.02385371999999607,0.03294180000000103
0.02211,0.018389920000005396,0.02840343999999555,0.02070343999999573
0.02212,0.029124960000000907,0.03407456000001178,0.028625159999996923
0.02213,0.043189879999989855,0.03202951999999658,0.03303908000000255
0.022140000000000003,0.04552823999999595,0.035858879999995215,0.05132764000000232
0.022150000000000003,0.024835079999995388,0.024644999999998796,0.043370839999994415
0.022160000000000003,0.03439031999999618,0.02775068000000183,0.026730519999995882
0.022170000000000002,0.025370799999994812,0.026091840000006163,0.03550484000000095
0.022180000000000002,0.029539120000000252,0.023215800000000984,0.030151360000005074
0.02219,0.03162444000000056,0.02352147999999682,0.03898304000000816
0.0222,0.036849359999997035,0.01749943999999212,0.02594152000000057
0.02221,0.026043599999999757,0.022682880000001463,0.019657080000002394
0.02222,0.03586616000000174,0.029783399999996577,0.035350719999999614
0.022230000000000003,0.0492804000000032,0.03510516000000177,0.02920815999999476
0.022240000000000003,0.02038359999999542,0.03178964000000054,0.021428199999998683
0.022250000000000002,0.03548683999999523,0.025332080000005284,0.024673360000004623
0.022260000000000002,0.027432200000006367,0.027205560000000927,0.0438059999999937
0.02227,0.0240067199999897,0.01726200000000135,0.01674388000000006
0.02228,0.02397400000000519,0.036713000000008184,0.02956763999999427
0.02229,0.023160399999998648,0.028785000000006417,0.029824040000008028
0.0223,0.03195984000000704,0.029218559999995775,0.029257599999999613
0.022310000000000003,0.0327054799999953,0.024264720000005246,0.045912480000001664
0.022320000000000003,0.04537991999999722,0.02326751999999506,0.031086400000006186
0.022330000000000003,0.026053120000000266,0.022239279999995462,0.031758480000000734
0.022340000000000002,0.03071024000000442,0.029847359999989623,0.02922507999998988
0.022350000000000002,0.025923879999998994,0.03166279999998938,0.01584960000000715
0.02236,0.014491919999999861,0.01984599999998951,0.02674180000000112
0.02237,0.0298225999999965,0.03598500000000654,0.03530867999999418
0.02238,0.028852240000003745,0.02358288000000459,0.023647439999993112
0.02239,0.0293505599999959,0.02523132000000644,0.031145800000006735
0.022400000000000003,0.03303079999999525,0.027294480000000294,0.023370479999999572
0.022410000000000003,0.05511268000000042,0.029543840000000435,0.022689280000011556
0.022420000000000002,0.0362910800000004,0.022824480000006673,0.0351765600000065
0.022430000000000002,0.045500919999995115,0.031484040000007874,0.027861800000000457
0.02244,0.0389055599999953,0.029320800000006482,0.03858663999999547
0.02245,0.021563000000002785,0.025679560000006072,0.0221493599999949
0.02246,0.03454112000000521,0.03991996000000636,0.021167960000011348
0.02247,0.042597560000005606,0.04263252000000644,0.046795440000003165
0.022480000000000003,0.03233980000000005,0.039644880000008105,0.038175920000011535
0.022490000000000003,0.03276320000000007,0.037538000000006,0.028008160000005677
0.022500000000000003,0.03672208000000008,0.021570360000006422,0.04096720000000201
0.022510000000000002,0.025414759999995616,0.029431960000004753,0.026198960000004178
0.022520000000000002,0.034324959999994624,0.021172200000011417,0.02558476000000567
0.02253,0.0405241999999953,0.010706919999999726,0.02940043999999937
0.02254,0.02177583999999092,0.018152719999994526,0.02943935999999616
0.02255,0.043343520000007435,0.019046960000011083,0.027834040000006634
0.02256,0.026500240000006184,0.015065159999989914,0.028048320000006517
0.022570000000000003,0.034763279999994984,0.033888480000000214,0.0350918800000116
0.022580000000000003,0.028322879999995443,0.034717160000000656,0.03902196000000631
0.022590000000000002,0.03657015999999009,0.03702771999999042,0.044486040000006645
0.022600000000000002,0.034870400000001,0.03268896000000128,0.035142160000006584
0.02261,0.0378583199999964,0.04482091999999362,0.02338323999999483
0.02262,0.03508104000000292,0.02023151999999497,0.029447039999995497
0.02263,0.024979160000000996,0.032562880000006345,0.021881720000003747
0.02264,0.02756516000000222,0.04183199999999661,0.04356368000000634
0.022650000000000003,0.02623203999999677,0.03424423999999063,0.03155868000000144
0.022660000000000003,0.024169160000000144,0.027612519999995384,0.03140332000000651
0.022670000000000003,0.03083399999999427,0.03599211999999636,0.04860023999999704
0.022680000000000002,0.020706760000001403,0.03248235999999484,0.03731876000000146
0.022690000000000002,0.03167660000000094,0.033415920000008016,0.025752120000004392
0.0227,0.027918080000001205,0.03356576000001205,0.02202816000000002
0.02271,0.018136879999996584,0.030228280000007268,0.027803359999991294
0.02272,0.026766360000004357,0.030666360000001072,0.0320950799999942
0.02273,0.02510228000000447,0.03737952000000171,0.027084479999994405
0.022740000000000003,0.027429160000003748,0.03908572000001021,0.026423920000011182
0.022750000000000003,0.026087080000006143,0.03966544000000652,0.023271920000007464
0.022760000000000002,0.026344479999989675,0.03469172000000728,0.024405480000006138
0.022770000000000002,0.0434760000000054,0.029811080000008035,0.023668159999996496
0.02278,0.026943480000005866,0.03381616000000109,0.02371267999999918
0.02279,0.023121359999999237,0.03162671999999556,0.03345980000000066
0.0228,0.029977000000001496,0.03809251999999988,0.01970176000000584
0.02281,0.02703892000000175,0.058347759999994746,0.03629823999999513
0.022820000000000003,0.026458679999999485,0.031854920000000224,0.029519799999989924
0.022830000000000003,0.036141400000005076,0.02191111999999555,0.02431783999999627
0.022840000000000003,0.014778600000005346,0.02985080000000009,0.0348788799999942
0.022850000000000002,0.027619280000005703,0.03868736000000837,0.025769719999989726
0.022860000000000002,0.024836160000005963,0.04803115999999575,0.03462339999999411
0.02287,0.031487439999999624,0.04336147999999468,0.03225375999999428
0.02288,0.016823279999996228,0.0387883200000076,0.033129599999994014
0.02289,0.03023131999998933,0.025551920000005918,0.03769636000000147
0.0229,0.017437040000000528,0.030774000000005356,0.05001907999999652
0.022910000000000003,0.028061480000006283,0.01952852000000558,0.034268120000001616
0.022920000000000003,0.03881704000000573,0.029182960000000147,0.020651160000004713
0.022930000000000002,0.019927120000000548,0.033159239999996586,0.02916779999999514
0.022940000000000002,0.03422832000000205,0.032306440000000027,0.05100232000000202
0.02295,0.024930800000004145,0.03437519999999879,0.03228320000000127
0.02296,0.03077135999999474,0.02161976000000429,0.03590488000000681
0.02297,0.028889680000006347,0.0426030000000072,0.030505559999995064
0.02298,0.03165340000000104,0.03729088000000131,0.03698964000000225
0.022990000000000003,0.032175040000000335,0.04921292000000197,0.03617528000000753
0.023000000000000003,0.03737148000000502,0.024247160000005413,0.03757539999999656
0.023010000000000003,0.0403540400000083,0.04913284000000531,0.032280040000001856
0.023020000000000002,0.04820420000000017,0.019735439999990334,0.025562480000001813
0.023030000000000002,0.03218068000000805,0.05746815999999671,0.031104440000006617
0.02304,0.023678239999994386,0.041928239999995856,0.02938135999999519
0.02305,0.0229538399999998,0.03576891999998989,0.027765599999994187
0.02306,0.01825200000000986,0.025483639999991994,0.01856319999999011
0.02307,0.03769356000000566,0.024494320000005527,0.022691519999989997
0.023080000000000003,0.032630959999995664,0.018883399999999318,0.03376400000000682
0.023090000000000003,0.03196084000000119,0.027066640000006602,0.038714960000006585
0.023100000000000002,0.027986120000006564,0.034649759999997296,0.01848668000000755
0.023110000000000002,0.015514880000004507,0.013972919999994757,0.03833332000000727
0.02312,0.036542439999995194,0.021773199999993692,0.03000631999999591
0.02313,0.03686052000000558,0.017473920000007408,0.02910632000000836
0.02314,0.052975119999995476,0.03186180000000105,0.03595032000000603
0.02315,0.04023252000000662,0.02477919999999935,0.02019391999999897
0.023160000000000004,0.02340376000000776,0.04533203999999932,0.026305599999997722
0.023170000000000003,0.04274251999999475,0.03001776000000006,0.044236839999997245
0.023180000000000003,0.021648520000004154,0.042871999999996094,0.033581479999996534
0.023190000000000002,0.024550719999999426,0.03408687999999617,0.03262612000000192
0.023200000000000002,0.027266679999997268,0.028268839999995365,0.03830831999999089
0.02321,0.01750451999999958,0.03045191999999691,0.035595999999995444
0.02322,0.031506799999997157,0.023163479999997422,0.033512319999996196
0.02323,0.028461360000011083,0.02665064000000988,0.02402355999998992
0.02324,0.02380780000000761,0.03443200000000787,0.01925175999999303
0.023250000000000003,0.036807720000000974,0.03812719999999982,0.016474440000000687
0.023260000000000003,0.030874399999994414,0.029340439999989438,0.03734975999999074
0.023270000000000002,0.0367259999999946,0.017100559999995994,0.01576775999999434
0.023280000000000002,0.04409144000000074,0.027183280000000903,0.018967559999989593
0.02329,0.02758003999998991,0.028934840000006345,0.032715239999999916
0.0233,0.017350759999989366,0.03379084000000497,0.031241919999989938
0.02331,0.018369600000009513,0.028865400000001838,0.02908648000000047
0.02332,0.030106880000000506,0.03636763999999489,0.02469007999999963
0.023330000000000004,0.03164284000000091,0.026283680000005298,0.040484440000000683
0.023340000000000003,0.023643760000005416,0.02330499999999956,0.021852840000007225
0.023350000000000003,0.02627716000000649,0.0239120800000036,0.029728999999994832
0.023360000000000002,0.027426519999993633,0.019394599999993285,0.027042999999995453
0.023370000000000002,0.020087159999994452,0.0341037600000008,0.033066480000011673
0.02338,0.02006443999999641,0.02092000000000188,0.03706388000000128
0.02339,0.02837904000000041,0.030494519999995293,0.02905296000001154
0.0234,0.03251207999998936,0.029095039999995746,0.033317879999994464
0.02341,0.03548291999999613,0.02007083999999588,0.01590803999999947
0.023420000000000003,0.019418400000000807,0.03959435999998955,0.019670759999989327
0.023430000000000003,0.018385759999995383,0.04312839999999667,0.021858079999989604
0.023440000000000003,0.033742560000001955,0.034592319999998074,0.04988099999999559
0.023450000000000002,0.022588720000009326,0.029928399999996014,0.013726399999994173
0.02346,0.02948744000000382,0.031210839999999972,0.03838880000000235
0.02347,0.03293264000000477,0.01949140000001145,0.03335143999999629
0.02348,0.04261051999999414,0.019339400000005856,0.03850768000000058
0.02349,0.025210080000001092,0.030362400000007873,0.03306523999999752
0.023500000000000004,0.027345880000006515,0.0279807200000019,0.03302660000000154
0.023510000000000003,0.02461163999999973,0.027927200000000187,0.026522079999995035
0.023520000000000003,0.0255131600000014,0.037117999999995814,0.02286108000000555
0.023530000000000002,0.016504880000000964,0.035904200000005826,0.027787079999989917
0.023540000000000002,0.021861320000004427,0.014831800000009228,0.02851320000000133
0.02355,0.024880120000000637,0.026578360000003735,0.03718376000000042
0.02356,0.016813440000000724,0.03291480000000527,0.03206528000000473
0.02357,0.02027239999999426,0.029587120000011742,0.03385792000000129
0.02358,0.021952719999994184,0.023955800000005023,0.025931080000011243
0.023590000000000003,0.02858668000000034,0.038210239999997224,0.024753880000004426
0.023600000000000003,0.03989032000000697,0.044302840000011647,0.029666680000006513
0.023610000000000003,0.03006300000000444,0.0391605200000075,0.02498968000000042
0.023620000000000002,0.024516480000005957,0.029672960000004887,0.029323239999999366
0.02363,0.03224283999999906,0.02516448000000699,0.017152719999994924
0.02364,0.03620927999999972,0.016663520000007325,0.030606439999996817
0.02365,0.031118320000006684,0.03221168000000712,0.03523811999999942
0.02366,0.02586232000000097,0.03632268000000437,0.036577240000004126
0.023670000000000004,0.015937120000010362,0.041817440000005576,0.021289960000006405
0.023680000000000003,0.027292839999995107,0.02660124000000536,0.025041879999989584
0.023690000000000003,0.02415451999999687,0.04645347999999566,0.027171839999997685
0.023700000000000002,0.025876000000005606,0.037562719999995296,0.04045031999998981
0.023710000000000002,0.037598880000007176,0.0461832800000015,0.0389260799999913
0.02372,0.04885007999999483,0.040430200000006196,0.040487239999990245
0.02373,0.03364195999998952,0.04151708000000573,0.029689319999994326
0.02374,0.0344976399999994,0.050569760000002184,0.03863660000000059
0.02375,0.030012079999995375,0.020390919999997287,0.04026856000000058
0.023760000000000003,0.040847679999999595,0.023000639999997713,0.029547159999989622
0.023770000000000003,0.040012000000000846,0.02956143999999486,0.029266639999995108
0.023780000000000003,0.02461859999999434,0.0418980000000003,0.03592671999999094
0.023790000000000002,0.03999599999999551,0.04196879999999468,0.02366139999998985
0.0238,0.025657120000005876,0.021193919999989385,0.03580811999999327
0.02381,0.03448499999999466,0.03570775999999577,0.029806679999990884
0.02382,0.03246076000000776,0.03266623999999482,0.03368664000000583
0.02383,0.02279924000000717,0.030998119999995175,0.051496600000001586
0.023840000000000004,0.025539560000006588,0.021064159999989607,0.03602200000000167
0.023850000000000003,0.02159888000000643,0.039748719999989385,0.047383400000001435
0.023860000000000003,0.029752159999993477,0.033045879999995455,0.028375919999995097
0.023870000000000002,0.049164120000007805,0.020052399999990256,0.04092179999999677
0.023880000000000002,0.030003360000007164,0.021206479999995836,0.03435880000000001
0.02389,0.018592999999996224,0.03773780000000771,0.024383919999998796
0.0239,0.017104400000006136,0.03372528000000084,0.02840019999999354
0.02391,0.0331312800000019,0.034579639999993465,0.035240760000001835
0.02392,0.03215280000000627,0.019360720000001778,0.033653120000006975
0.023930000000000003,0.04038628000000585,0.024890440000006103,0.022094520000006536
0.023940000000000003,0.027161959999990708,0.026750800000005362,0.03953288000000031
0.023950000000000003,0.022925120000010374,0.020744639999994183,0.034571679999996295
0.023960000000000002,0.023406360000001257,0.019446160000007134,0.037970639999999806
0.02397,0.031149119999997286,0.026758840000001793,0.02751924000000153
0.02398,0.01909007999999921,0.03880671999999655,0.035629159999999806
0.02399,0.024130960000007813,0.053191440000007556,0.021763960000006317
0.024,0.027327240000005446,0.04000512000000477,0.026595360000011326
0.024010000000000004,0.02198175999999321,0.03089552000000061,0.01947980000000633
0.024020000000000003,0.02675968000001042,0.022167919999995657,0.016081800000000656
0.024030000000000003,0.032612479999998896,0.03217875999999512,0.031139400000011214
0.024040000000000002,0.03872340000000088,0.0557813599999957,0.019705000000005482
0.024050000000000002,0.01308707999999417,0.017425520000009433,0.017951640000005948
0.02406,0.03781952000000555,0.02904679999999465,0.03645688000000441
0.02407,0.019580200000006643,0.0319487200000045,0.03533660000000174
0.02408,0.03386472000000572,0.03948460000000071,0.011623519999995299
0.02409,0.04675032000000007,0.026927720000005578,0.027248360000007025
0.024100000000000003,0.01997091999999452,0.028129199999999507,0.026875080000005894
0.024110000000000003,0.03864860000001171,0.031222639999994802,0.036267199999994365
0.024120000000000003,0.0399434000000117,0.018776920000000218,0.03246603999999928
0.024130000000000002,0.015046680000007136,0.02358991999999313,0.03599599999999472
0.02414,0.028732920000000627,0.022962879999999478,0.04465044000000093
0.02415,0.023833840000004256,0.052251159999995335,0.04153540000000592
0.02416,0.03421235999999698,0.02010384000000489,0.024794720000006168
0.02417,0.033353599999995834,0.02918719999999543,0.022334920000010073
0.024180000000000004,0.030629439999996278,0.04936083999999678,0.041350719999999994
0.024190000000000003,0.032568039999989876,0.05143927999999622,0.028750279999999396
0.024200000000000003,0.039890799999997346,0.03579811999999497,0.026929799999999626
0.024210000000000002,0.044102560000004815,0.04414400000000767,0.024324360000008597
0.024220000000000002,0.023161319999995208,0.034103800000001065,0.034164240000006056
0.02423,0.031114440000001038,0.03130256000000636,0.04092864000000491
0.02424,0.03786548000000407,0.026225039999991453,0.020081800000010364
0.02425,0.03966751999999545,0.03154771999999572,0.021349120000011667
0.02426,0.019332239999996646,0.028136319999996093,0.02719664000000601
0.024270000000000003,0.025891760000001603,0.028391639999995506,0.027836240000006184
0.024280000000000003,0.020281760000001373,0.04540780000000867,0.04063456000000071
0.024290000000000003,0.029110400000001726,0.03475659999999968,0.035992840000005064
0.024300000000000002,0.024439599999995114,0.022551240000011824,0.034210360000002084
0.024310000000000002,0.02244044000000155,0.013737600000004223,0.03111036000000665
0.02432,0.013108360000003271,0.02661328000000515,0.02207463999999555
0.02433,0.03489220000000162,0.02236923999999426,0.03848155999998994
0.02434,0.022798239999996365,0.010676200000000953,0.027587519999990005
0.024350000000000004,0.02111208000000122,0.024307560000003402,0.019235040000000137
0.024360000000000003,0.03604743999999354,0.02420000000000052,0.024565079999999857
0.024370000000000003,0.03036072000000052,0.02274028000000097,0.0306266400000059
0.024380000000000002,0.015797800000000115,0.029244960000000875,0.02665295999999993
0.024390000000000002,0.048448040000005396,0.0177502400000005,0.017265960000006374
0.0244,0.029443559999994772,0.022690679999999273,0.03837003999999564
0.02441,0.028729080000004906,0.022457960000001113,0.03426715999999553
0.02442,0.026527559999993084,0.0269660000000012,0.0209296800000041
0.02443,0.042855359999994166,0.0169220399999952,0.05010763999999437
0.024440000000000003,0.03084500000000038,0.03825284000000762,0.03190191999999141
0.024450000000000003,0.02972480000001165,0.026334399999994162,0.03071496000000057
0.024460000000000003,0.03200508000001192,0.03490284000000034,0.022977199999994837
0.024470000000000002,0.03579872000001148,0.023644199999995924,0.028382360000007198
0.024480000000000002,0.01858339999999575,0.017981159999999722,0.03403123999999994
0.02449,0.018356360000006594,0.028824320000008244,0.031861840000001695
0.0245,0.02450164000000103,0.0327919200000061,0.022666640000006746
0.02451,0.03572463999999576,0.024423760000005793,0.01934916000000667
0.024520000000000004,0.02300584000000603,0.04376252000000198,0.02840080000000663
0.024530000000000003,0.03406316000000515,0.03770864000000572,0.016683800000000026
0.024540000000000003,0.02620088000001144,0.029071200000010237,0.02280516000000756
0.024550000000000002,0.027730640000003668,0.035967040000011045,0.0241688800000053
0.024560000000000002,0.04518291999999375,0.04755960000001212,0.02843963999999757
0.02457,0.04600404000000232,0.037008760000004845,0.032826799999995444
0.02458,0.023506599999998358,0.02948524000000562,0.02807316000000629
0.02459,0.025426600000001884,0.042190560000010986,0.026136759999995793
0.0246,0.02692983999999957,0.031070240000006008,0.061736319999996854
0.024610000000000003,0.04343080000000131,0.04031120000000775,0.04047443999999538
0.024620000000000003,0.01540472000000575,0.044945120000006986,0.026386279999989767
0.024630000000000003,0.03844968000000145,0.03987380000000862,0.030871959999995487
0.024640000000000002,0.04334703999999653,0.035826719999997175,0.035191479999994696
0.024650000000000002,0.020036840000007952,0.04592464000000874,0.03823460000000032
0.02466,0.022624040000007804,0.03348996000000836,0.034552559999995576
0.02467,0.03973035999999718,0.033408960000007926,0.03559696000000601
0.02468,0.035611239999994375,0.03307488000001155,0.027314480000005664
0.024690000000000004,0.0431281200000004,0.021245480000010687,0.034995480000008135
0.024700000000000003,0.030476519999999514,0.03060232000000533,0.03979735999999057
0.024710000000000003,0.024049719999995813,0.029483800000000525,0.030464479999991353
0.024720000000000002,0.0456492400000047,0.019161800000005703,0.03221192000000213
0.024730000000000002,0.03530043999999776,0.03731936000000997,0.028347920000006067
0.02474,0.031291279999995286,0.026323240000005636,0.028995999999995303
0.02475,0.02535236000000066,0.03319020000000727,0.029578600000005815
0.02476,0.037956319999999745,0.0213103199999991,0.01910460000000587
0.02477,0.020985639999999924,0.02271632000000601,0.02082656000000112
0.024780000000000003,0.02802860000000051,0.04949220000000063,0.023006439999992995
0.024790000000000003,0.03046504000001159,0.030228760000005656,0.026835599999993454
0.024800000000000003,0.026296800000004537,0.033535440000005516,0.032555600000006873
0.024810000000000002,0.03245891999999783,0.04777456000000671,0.03903828000001181
0.024820000000000002,0.035849999999997294,0.040354799999999545,0.027838640000005032
0.02483,0.037704359999994067,0.03215592000000499,0.026802319999993697
0.02484,0.03887071999998949,0.030550399999995738,0.021764400000005884
0.02485,0.031361959999989114,0.03953144000000034,0.03190824000000204
0.024860000000000004,0.032791280000005425,0.02388120000000916,0.02460568000000779
0.024870000000000003,0.03404623999999628,0.0397842000000047,0.024238200000005154
0.024880000000000003,0.018687639999997195,0.023197120000009983,0.03120031999999462
0.024890000000000002,0.05226336000000755,0.04231304,0.02162927999998882
0.024900000000000002,0.04130912000000088,0.03552627999999523,0.025923520000007447
0.02491,0.0336136400000117,0.04258655999999553,0.03226239999999661
0.02492,0.0355869199999986,0.032991759999999405,0.021650280000004712
0.02493,0.02678295999999932,0.02138635999999634,0.022922200000005565
0.02494,0.03550239999999983,0.03249431999999201,0.037281320000007064
0.024950000000000003,0.026626239999996554,0.037580359999990244,0.019353600000010684
0.024960000000000003,0.020102320000007477,0.04002320000000205,0.01986924000000662
0.024970000000000003,0.030023200000001193,0.022936880000004923,0.024928079999999943
0.024980000000000002,0.023166400000004576,0.03165108000000181,0.020505639999989774
0.024990000000000002,0.033689560000011366,0.023807919999999566,0.02474948000000416
0.025,0.014687200000004232,0.030438520000006433,0.024233039999989343
0.02501,0.029170080000004296,0.04189176000000083,0.041404040000001086
0.02502,0.02838328000000021,0.024588200000006912,0.02714648000000046
0.025030000000000004,0.0276280799999939,0.027750800000011858,0.009803200000011099
0.025040000000000003,0.024665960000000087,0.02540704000000414,0.021960840000001095
0.025050000000000003,0.027758439999993903,0.01579232000000378,0.03170096000000231
0.025060000000000002,0.022031200000004105,0.021387040000000326,0.02494728000000663
0.025070000000000002,0.03529380000000113,0.028251839999989575,0.0382265599999939
0.02508,0.03611280000000145,0.018164520000006998,0.035360599999994115
0.02509,0.04598904000001017,0.03176719999999621,0.03588403999999458
0.0251,0.028030080000006962,0.030391639999996205,0.035799240000006914
0.02511,0.020421919999994646,0.02291031999999898,0.03041080000001167
0.025120000000000003,0.03669083999999486,0.019040560000005313,0.0368198800000078
0.025130000000000003,0.03153344000000227,0.04338704000000109,0.04267432000000072
0.025140000000000003,0.035659879999993635,0.03448648000000152,0.029994239999993618
0.025150000000000002,0.030031679999989146,0.024106000000005057,0.024517320000001865
0.025160000000000002,0.027434399999996344,0.023403320000006562,0.03155899999999666
0.02517,0.028309039999999806,0.029234680000000304,0.02828032000000753
0.02518,0.03888451999999718,0.026511879999995287,0.02003660000000962
0.02519,0.05216595999999497,0.021366560000002154,0.016676360000001313
0.025200000000000004,0.020966480000006744,0.020072280000000237,0.023927000000005746
0.025210000000000003,0.03684020000000686,0.03536719999999609,0.02356967999999112
0.025220000000000003,0.025560080000006362,0.024883039999997223,0.028229680000011855
0.025230000000000002,0.025881079999994835,0.03419967999999988,0.04044959999999659
0.025240000000000002,0.027370760000000653,0.043655559999996964,0.01894591999999524
0.02525,0.039179559999995256,0.025618720000000962,0.03874707999999018
0.02526,0.041041639999994245,0.022545960000000444,0.03376960000000036
0.02527,0.04552179999999462,0.01994500000001023,0.01592800000000706
0.02528,0.043899720000006186,0.03654192000001164,0.020754879999994303
0.025290000000000003,0.04013900000000627,0.03628524000000603,0.02636388000001032
0.025300000000000003,0.03494328000000516,0.02230379999998914,0.027704240000011263
0.025310000000000003,0.020263959999993742,0.014547639999998243,0.03510860000000761
0.025320000000000002,0.028539480000003916,0.03727815999999343,0.03631076000000753
0.025330000000000002,0.023780840000005812,0.02630695999999625,0.02202560000000642
0.02534,0.04131411999999686,0.028756600000001548,0.02368352000000095
0.02535,0.01845635999999443,0.03484852000000486,0.017422479999999536
0.02536,0.024021119999996465,0.04682628000001145,0.041729080000005005
0.025370000000000004,0.03267063999999419,0.03674496000000669,0.02638691999999863
0.025380000000000003,0.02454043999998951,0.023808960000010582,0.032125440000003995
0.025390000000000003,0.02846499999998979,0.02746472000000499,0.037521920000000854
0.025400000000000002,0.03663827999999586,0.045285880000005996,0.03228004000000589
0.025410000000000002,0.03546572000000005,0.03616864000000144,0.022986280000004626
0.02542,0.02356243999999381,0.03337803999999083,0.0258105199999933
0.02543,0.028506760000000048,0.04150055999999675,0.028342279999996077
0.02544,0.04857408000000525,0.040902400000007014,0.017906600000006146
0.02545,0.024175040000000043,0.03164919999999991,0.02360443999999643
0.025460000000000003,0.04410604000000505,0.012021040000001081,0.03207232000000153
0.025470000000000003,0.020149160000006584,0.018746080000004113,0.0377522400000075
0.025480000000000003,0.036420200000001575,0.03452043999999766,0.027679760000011492
0.025490000000000002,0.033983679999993494,0.027168880000006577,0.028271160000004302
0.025500000000000002,0.03908891999999368,0.03212107999999567,0.025453559999995008
0.02551,0.01607135999999025,0.02021259999999522,0.026087159999994915
0.02552,0.03379815999999478,0.0434513599999956,0.023378360000006176
0.02553,0.04672863999999576,0.044775639999996945,0.028592439999993474
0.025540000000000004,0.03018188000000185,0.03229296000000614,0.03761796000000631
0.025550000000000003,0.022785240000002527,0.028590960000008037,0.03007371999999389
0.025560000000000003,0.02970960000000053,0.04517816000000189,0.03921928000000644
0.025570000000000002,0.014124679999989755,0.04515395999999972,0.02598367999999366
0.025580000000000002,0.02051628000000154,0.029861919999994112,0.02621163999999928
0.02559,0.03700859999999702,0.021132799999995136,0.025309639999995213
0.0256,0.022217120000003743,0.03552324000000636,0.03353235999999545
0.02561,0.027719080000000354,0.03938983999999617,0.02553288000000007
0.02562,0.022172880000004076,0.03137716000000586,0.022015880000010275
0.025630000000000003,0.03601128000000705,0.03279883999999419,0.029995480000011218
0.025640000000000003,0.025413800000001794,0.017291919999999992,0.018362280000003322
0.025650000000000003,0.047955080000000726,0.022079959999999215,0.04277028000000818
0.025660000000000002,0.03630456000000637,0.03308008000000511,0.03100084000001135
0.025670000000000002,0.030374880000001565,0.02630927999999335,0.0331780000000045
0.02568,0.02439651999999573,0.03393052000000059,0.0417915599999954
0.02569,0.039676639999999444,0.030482000000003763,0.03590927999999653
0.0257,0.03090111999999984,0.036387880000000414,0.02386688000000534
0.025710000000000004,0.02638284000000094,0.0371602800000081,0.028026360000000052
0.025720000000000003,0.02256076000000095,0.026312360000006658,0.03052700000000625
0.025730000000000003,0.020786639999996064,0.03266232000000122,0.024184560000006378
0.025740000000000002,0.030361119999994506,0.016566680000007092,0.02034084000000562
0.025750000000000002,0.028347719999995146,0.021862439999996222,0.02875659999999321
0.02576,0.04334836000000064,0.0350860400000045,0.028347640000006925
0.02577,0.029995560000000424,0.028932440000009683,0.04166987999999756
0.02578,0.026374000000006784,0.027871320000005455,0.025386199999989895
0.02579,0.028521799999997044,0.04137668000000587,0.029877199999996717
0.025800000000000003,0.021671240000006732,0.04676632000000482,0.035414640000001135
0.025810000000000003,0.03134816000000202,0.04129131999999575,0.027240479999996035
0.025820000000000003,0.017867159999995285,0.04747287999999584,0.01505235999999993
0.025830000000000002,0.022572600000001126,0.03650639999999647,0.017612919999994855
0.025840000000000002,0.026998960000007028,0.03267336000000492,0.03953743999999796
0.02585,0.018626679999994223,0.03518431999999656,0.0124789999999996
0.02586,0.018073200000001535,0.031108600000007765,0.026292720000000318
0.02587,0.03936060000000131,0.025349200000007146,0.026209119999988987
0.025880000000000004,0.027613439999996783,0.022873160000006176,0.04343336000000619
0.025890000000000003,0.024318439999989824,0.03063459999999928,0.037666840000005815
0.025900000000000003,0.03443559999999028,0.029468239999997748,0.045936200000000975
0.025910000000000002,0.0343861600000077,0.03697440000000066,0.04261172000000665
0.025920000000000002,0.027813520000011818,0.03637232000000211,0.03187928000001144
0.02593,0.03332536000000453,0.026036360000004602,0.014881240000003454
0.02594,0.02962236000000151,0.021405400000000598,0.018939000000005084
0.02595,0.0424545600000071,0.023233520000001416,0.03588176000000188
0.02596,0.03017960000000127,0.03355032000000227,0.032037199999999974
0.025970000000000003,0.02257983999999657,0.030811160000011342,0.017387839999995096
0.025980000000000003,0.036841959999989744,0.042763080000007885,0.02902916000000356
0.025990000000000003,0.028859919999993777,0.04296496000000502,0.03482748000000704
0.026000000000000002,0.028310480000002015,0.031804919999999404,0.03194356000000147
0.026010000000000002,0.03702563999998993,0.023330599999996284,0.04092484000000105
0.02602,0.03790924000000094,0.03650496000000724,0.042141760000007175
0.02603,0.026788399999995854,0.035319920000002586,0.042674600000006106
0.02604,0.030639279999995432,0.033107079999993794,0.03440528000000581
0.026050000000000004,0.035692359999996,0.02013831999999622,0.030970999999994992
0.026060000000000003,0.02642235999999509,0.02126656000000549,0.02642756000000663
0.026070000000000003,0.03533239999999593,0.0405628800000023,0.03134076000000584
0.026080000000000002,0.04959987999999453,0.02231208000000361,0.03024331999999573
0.026090000000000002,0.03859583999999439,0.021504559999999638,0.03773684000000608
0.0261,0.030939000000003332,0.023507599999996832,0.03691555999999368
0.02611,0.027226199999993803,0.019443799999995404,0.03780696000000507
0.02612,0.028405120000001016,0.038898679999996195,0.04726848000000441
0.02613,0.020304959999993235,0.02831195999999363,0.03999956000000582
0.026140000000000004,0.025806399999999192,0.02360200000000197,0.05519908000000596
0.026150000000000003,0.042167400000002055,0.019435640000001263,0.054235559999996644
0.026160000000000003,0.03450256000000156,0.016635280000007194,0.038059879999996236
0.026170000000000002,0.025317680000001397,0.028850840000008225,0.02662539999999353
0.026180000000000002,0.029903800000005563,0.0228392800000011,0.03309707999999508
0.02619,0.03137707999999561,0.028484480000006775,0.05685535999999626
0.0262,0.047005440000007497,0.02332227999999399,0.03261695999999919
0.02621,0.03675879999999649,0.02838296000000158,0.02454695999999472
0.026220000000000004,0.04268008000000186,0.031682359999996794,0.028018680000001232
0.026230000000000003,0.022599200000006023,0.02401980000000423,0.04235608000000539
0.026240000000000003,0.030178799999989275,0.022707519999999464,0.02066815999999497
0.026250000000000002,0.049204799999996024,0.02348431999999504,0.04314011999999585
0.026260000000000002,0.04012000000000287,0.02478383999999429,0.021480359999996125
0.02627,0.04044064000000656,0.029410000000004464,0.03318004000000568
0.02628,0.04580808000000515,0.0200352000000028,0.027124840000003977
0.02629,0.02304355999999455,0.02848064000000668,0.03482024000000151
0.0263,0.028839359999996657,0.03556284000000066,0.022163199999993718
0.026310000000000004,0.026802999999996167,0.023011839999993778,0.02772320000000634
0.026320000000000003,0.022510520000005977,0.026740959999989797,0.023518320000006348
0.026330000000000003,0.030583360000007605,0.022259160000000076,0.04445760000000222
0.026340000000000002,0.03776612000001167,0.032381919999996116,0.0264903199999939
0.026350000000000002,0.03072800000000762,0.03666719999999003,0.031187639999995336
0.02636,0.016809840000006,0.037843079999997434,0.03521235999999426
0.02637,0.02685020000000453,0.030303839999989472,0.03336323999999594
0.02638,0.024547280000006524,0.021770800000000753,0.03334600000000201
0.026390000000000004,0.03583600000000569,0.02088596000000159,0.015094559999996638
0.026400000000000003,0.022826640000000436,0.047624959999995324,0.02337792000000245
0.026410000000000003,0.029407760000001584,0.03897943999999428,0.039913680000007994
0.026420000000000003,0.02273456000000542,0.05930555999999593,0.029189320000002496
0.026430000000000002,0.027726079999999417,0.02744803999999457,0.033786159999995125
0.02644,0.02752564000000112,0.022622839999993174,0.04465723999999644
0.02645,0.03180872000000983,0.024388239999991363,0.03619815999999502
0.02646,0.03838472000000882,0.030550839999991242,0.03481184000000198
0.02647,0.02976608000000766,0.034049799999996674,0.021863880000001227
0.026480000000000004,0.022965520000005728,0.03417204000000055,0.030309919999997718
0.026490000000000003,0.037405639999999914,0.019731360000000055,0.02294315999999689
0.026500000000000003,0.031105800000010012,0.01935848000000059,0.027657640000001663
0.026510000000000002,0.03305707999999413,0.024781679999994973,0.027840800000005227
0.026520000000000002,0.026684559999994247,0.018959119999989286,0.03348891999999355
0.02653,0.02110488000000032,0.029901359999993847,0.025207640000006293
0.02654,0.03198219999998995,0.033786600000005426,0.029102399999999574
0.02655,0.016140919999992016,0.025182960000002037,0.02357979999999436
0.026560000000000004,0.022970800000000593,0.03559092000000195,0.03579007999999471
0.026570000000000003,0.033590240000007134,0.04992368000000656,0.02292280000000534
0.026580000000000003,0.026889600000011237,0.04776684000000629,0.03754028000000136
0.026590000000000003,0.036351720000004695,0.03538288000000467,0.029552240000000462
0.026600000000000002,0.030467719999996635,0.03785824000001105,0.028573600000010028
0.02661,0.022191399999993863,0.04063784000001187,0.028783359999999893
0.02662,0.03632147999999771,0.041155600000006974,0.03452116000000645
0.02663,0.03146715999999589,0.04292864000001183,0.045547680000008146
0.02664,0.02762248000000782,0.03342112000001012,0.02911256000000778
0.026650000000000004,0.018729760000000747,0.030966080000007588,0.02758508000000136
0.026660000000000003,0.023666200000005674,0.022409480000011205,0.04088931999999564
0.026670000000000003,0.02630692000000357,0.031814280000000174,0.0485024000000069
0.026680000000000002,0.02955016000000115,0.04037424000001193,0.03202540000000541
0.026690000000000002,0.030682999999994194,0.034105080000000836,0.0261403600000013
0.0267,0.026179360000002,0.02922508000001154,0.0345640800000009
0.02671,0.03264916000000129,0.014168280000007081,0.020374480000004653
0.02672,0.03600132000000219,0.016946039999999656,0.029520760000001554
0.026730000000000004,0.03441015999999377,0.03267112000000696,0.026179799999994473
0.026740000000000003,0.030586760000005153,0.04055923999999666,0.037642600000006916
0.026750000000000003,0.0383617600000106,0.026482199999993822,0.030397600000011134
0.026760000000000003,0.027526639999995824,0.01982052000000036,0.03158955999999531
0.026770000000000002,0.027542279999995485,0.023200760000006846,0.03466023999999984
0.02678,0.029270479999995866,0.023426040000004027,0.02096319999999362
0.02679,0.03371552000000511,0.03330563999999004,0.023378799999989226
0.0268,0.023525000000004223,0.034586560000005366,0.014818079999995225
0.02681,0.019651639999994096,0.01751236000000604,0.02372015999999093
0.026820000000000004,0.014788400000005234,0.03097032000000667,0.029754319999993253
0.026830000000000003,0.02383664000000599,0.03243068000000667,0.03702535999999492
0.026840000000000003,0.029516720000011494,0.020445559999999578,0.022259240000002206
0.026850000000000002,0.04649568000000622,0.03669919999999461,0.02173900000000518
0.026860000000000002,0.04371911999999539,0.03781871999999393,0.03378324000000166
0.02687,0.03917156000000562,0.03540496000000616,0.031069640000000457
0.02688,0.041461440000007316,0.023226080000000735,0.02838520000000812
0.02689,0.02867716000000632,0.03487179999999894,0.020553359999989463
0.026900000000000004,0.03252392000000548,0.0408126800000114,0.016408199999996046
0.026910000000000003,0.039851880000000894,0.031047520000006202,0.02259219999999915
0.026920000000000003,0.029881160000011522,0.038263040000007964,0.015228599999999969
0.026930000000000003,0.03980320000001175,0.03744620000000807,0.040507360000000804
0.026940000000000002,0.031128680000011445,0.032869760000007645,0.016981319999994745
0.02695,0.023300120000010686,0.02569420000000651,0.0427066800000029
0.02696,0.03706540000001165,0.024352719999994298,0.03517444000000699
0.02697,0.03030804000000379,0.02497348000000049,0.041623480000001975
0.02698,0.03979567999999661,0.02126368000000222,0.03691652000000536
0.026990000000000004,0.03189804000000569,0.02393116000000634,0.016662480000005957
0.027000000000000003,0.02146859999999494,0.04245924000000639,0.03540932000000011
0.027010000000000003,0.028729720000006648,0.022435559999998557,0.02506355999999625
0.027020000000000002,0.044081800000007464,0.028055319999995804,0.023845000000000713
0.027030000000000002,0.029086000000006454,0.03104236000000624,0.023540320000001183
0.02704,0.03368612000000118,0.03001235999999425,0.02518407999999644
0.02705,0.04103739999999725,0.025711679999993894,0.02430147999998922
0.02706,0.01831599999999474,0.034885440000007824,0.013048000000005472
0.027070000000000004,0.037040360000006975,0.033344599999997185,0.022023760000005735
0.027080000000000003,0.015983480000006406,0.0316545200000017,0.03425264000001126
0.027090000000000003,0.03490236000000758,0.01894319999999574,0.042822320000006214
0.027100000000000003,0.024168520000006067,0.03455147999999638,0.026966280000005706
0.027110000000000002,0.041269760000002084,0.02428640000000584,0.05326439999999538
0.027120000000000002,0.03253439999999667,0.025184239999995358,0.02525383999999447
0.02713,0.03703131999998975,0.037983520000000555,0.044584479999997054
0.02714,0.02937987999999129,0.04424864000000649,0.05150727999999761
0.02715,0.04227315999999686,0.034516480000006296,0.03695644000000122
0.027160000000000004,0.038558119999996525,0.03777644000000585,0.03326992000000143
0.027170000000000003,0.03239500000000102,0.028203120000005508,0.026945200000002095
0.027180000000000003,0.03436275999999504,0.027963280000000503,0.038616199999996
0.027190000000000002,0.036113799999997157,0.02917711999999633,0.016254280000003906
0.027200000000000002,0.017223759999996185,0.03608475999999647,0.03521667999999455
0.02721,0.05280928000000272,0.031153959999999436,0.03376099999999682
0.02722,0.04277012000000486,0.010127559999992871,0.036717160000000346
0.02723,0.018936399999988873,0.018573439999989543,0.02218864000000643
0.027240000000000004,0.018498119999993925,0.015509279999995297,0.03179611999999986
0.027250000000000003,0.027955599999996597,0.020549040000003686,0.036803399999995684
0.027260000000000003,0.04008479999999586,0.02738532000000631,0.02824499999999904
0.027270000000000003,0.02074015999999543,0.02960235999999366,0.030682959999994812
0.027280000000000002,0.02917908000000084,0.0310026000000008,0.017765519999990504
0.027290000000000002,0.023978120000000876,0.03718747999999997,0.0243154399999957
0.0273,0.0464233200000003,0.03482191999999492,0.028874279999998743
0.02731,0.038894520000007364,0.02499228000000096,0.027136079999999462
0.02732,0.03708172000000713,0.03724692000000577,0.032766560000005426
0.027330000000000004,0.03330543999999658,0.040870400000001736,0.027718840000002253
0.027340000000000003,0.03793116000000722,0.05248751999999449,0.03718396000000743
0.027350000000000003,0.05027596000000848,0.036059399999999124,0.02596132000000569
0.027360000000000002,0.024892920000007486,0.020402960000003897,0.027683040000011896
0.027370000000000002,0.022738799999993987,0.019927720000005405,0.028713720000008915
0.02738,0.02440644000000734,0.020790720000001584,0.03975475999999664
0.02739,0.03932395999999977,0.01622315999999719,0.03001396000000706
0.0274,0.027768400000006004,0.03332372000000093,0.030760080000006764
0.027410000000000004,0.022585640000000098,0.028914719999989343,0.04644032000000223
0.027420000000000003,0.01965640000000441,0.022905000000000078,0.030100480000002486
0.027430000000000003,0.023146679999996013,0.024704200000010623,0.039851920000000866
0.027440000000000003,0.024743520000011406,0.03514032000000127,0.021665560000000337
0.027450000000000002,0.030596159999993624,0.025282679999993472,0.02771880000000674
0.027460000000000002,0.02832331999999565,0.02814212000000083,0.0484112400000057
0.02747,0.025590480000003597,0.028084040000001885,0.017467639999999538
0.02748,0.024546959999994657,0.022568200000007532,0.033240320000011765
0.02749,0.020305759999993407,0.0334265599999936,0.025342880000005428
0.027500000000000004,0.033059359999989435,0.03237519999999867,0.0314884799999933
0.027510000000000003,0.0315011200000008,0.037368560000000745,0.03206663999999501
0.027520000000000003,0.042734080000001305,0.026465560000002733,0.032262439999996506
0.027530000000000002,0.02997672000000756,0.024693880000005,0.039967159999996775
0.027540000000000002,0.040347719999999906,0.013426040000004072,0.02508587999998923
0.02755,0.02034148000000745,0.016151360000006883,0.03969228000000661
0.02756,0.047904000000005185,0.024887600000007126,0.042733600000007234
0.02757,0.027194320000009195,0.018026880000001123,0.022897360000000425
0.027580000000000004,0.026940240000000944,0.049783280000001345,0.025843440000001622
0.027590000000000003,0.021758959999991556,0.029065920000000012,0.02562796000000669
0.027600000000000003,0.03304355999999721,0.03282276000000111,0.03371320000000728
0.027610000000000003,0.04045459999999763,0.026283440000006743,0.029435240000007672
0.027620000000000002,0.022160519999995236,0.039689680000007006,0.041603840000007324
0.027630000000000002,0.024569800000006033,0.047625080000012136,0.04186596000000066
0.02764,0.027462000000001777,0.02826704000001059,0.02721680000000071
0.02765,0.04391752000000017,0.033481680000000756,0.03262671999999727
0.02766,0.025235840000009387,0.018761840000006323,0.03088232000000216
0.027670000000000004,0.021846040000011776,0.0364983200000024,0.03496248000000222
0.027680000000000003,0.022706120000011605,0.046345400000006545,0.02208451999999682
0.027690000000000003,0.02126411999999759,0.036108000000011714,0.020145440000004487
0.027700000000000002,0.03220695999999496,0.0325208000000061,0.03457440000000062
0.027710000000000002,0.03216876000000017,0.04058743999999993,0.02558716000000011
0.02772,0.02664739999999365,0.022136079999998205,0.026218000000000186
0.02773,0.022752200000011043,0.03102991999999074,0.052150799999996084
0.02774,0.030615519999999685,0.02128027999999348,0.02680611999999539
0.027750000000000004,0.03555867999999949,0.03407047999999343,0.02679948000000043
0.027760000000000003,0.028294120000003673,0.028498199999996518,0.019362160000005124
0.027770000000000003,0.04348624000000829,0.027547920000000538,0.01899320000000406
0.027780000000000003,0.03564619999999594,0.036893400000004496,0.026338879999999704
0.027790000000000002,0.02484932000000554,0.017523000000005902,0.039194119999994954
0.027800000000000002,0.030995520000008124,0.020242520000006294,0.027638359999990064
0.02781,0.03282296000000575,0.03430888000000176,0.028632919999994535
0.02782,0.03566799999999401,0.03266363999999519,0.027277280000005736
0.02783,0.03829156000000375,0.028283360000005465,0.02275179999999949
0.027840000000000004,0.033411480000005586,0.028241999999997124,0.023801360000000476
0.027850000000000003,0.021803560000004957,0.03340775999999967,0.02762668000000036
0.027860000000000003,0.021399680000001125,0.028946760000012003,0.018471040000003283
0.027870000000000002,0.019543239999990736,0.0319869199999989,0.03772528000000067
0.027880000000000002,0.027461120000005855,0.024750719999989623,0.029340240000000614
0.02789,0.03561131999999648,0.03193151999999537,0.030549079999995083
0.0279,0.03109004000000631,0.031036880000000554,0.031725320000000355
0.02791,0.05540276000001222,0.040484240000000345,0.02668164000001152
0.027920000000000004,0.05025128000000742,0.009754560000006225,0.04668072000000212
0.027930000000000003,0.05474748000000582,0.025690759999994078,0.0401049600000079
0.027940000000000003,0.030199240000006594,0.029988600000005954,0.030011319999996906
0.027950000000000003,0.03630600000000686,0.03308915999999134,0.02473671999999594
0.027960000000000002,0.02466124000000081,0.022682199999994816,0.03256840000000619
0.027970000000000002,0.025634119999989113,0.03130167999999599,0.033487960000004355
0.02798,0.02376063999999308,0.029402399999996328,0.03187328000000447
0.02799,0.018744960000006018,0.03274531999999619,0.023905399999999275
0.028,0.0374503599999965,0.02169359999999621,0.03482324000000121
0.028010000000000004,0.03074260000000173,0.0371453599999965,0.016876120000006035
0.028020000000000003,0.02593592000000011,0.04327448000000145,0.01914039999999924
0.028030000000000003,0.034597880000001746,0.0291037999999895,0.019519320000000076
0.028040000000000002,0.027338719999996087,0.04033779999999633,0.034616480000001455
0.028050000000000002,0.023813760000006554,0.04244576000000106,0.019504120000004715
0.02806,0.032182200000001555,0.04318439999999147,0.038794760000011315
0.02807,0.013768999999995379,0.029982239999989342,0.032558160000011424
0.02808,0.019877039999993604,0.0307613999999964,0.03861020000000612
0.028090000000000004,0.024530680000003684,0.03399316000000519,0.04788460000000149
0.028100000000000003,0.030785440000001833,0.0419204800000077,0.02335140000000461
0.028110000000000003,0.0299114400000011,0.02395467999999609,0.048894040000000555
0.028120000000000003,0.020670280000000357,0.038767040000002924,0.017751400000004428
0.028130000000000002,0.014961960000006193,0.025682679999993473,0.0181471200000054
0.028140000000000002,0.03534907999999527,0.01659011999999396,0.04079203999998975
0.02815,0.03778811999999018,0.0395364399999964,0.03649080000000085
0.02816,0.05126615999999734,0.04217936000000278,0.024621960000000977
0.02817,0.030802559999991687,0.03165072000000059,0.022764720000002178
0.028180000000000004,0.03749076000000849,0.023978120000004925,0.0331748800000018
0.028190000000000003,0.026242520000006663,0.02646868000000573,0.02874820000000561
0.028200000000000003,0.03209831999999614,0.015170080000004143,0.037514640000006254
0.028210000000000002,0.017657039999990277,0.03384960000000775,0.0439256000000067
0.028220000000000002,0.019779839999996975,0.03554568000001162,0.04488456000000882
0.02823,0.013345959999993186,0.023129280000006143,0.02718880000000569
0.02824,0.0195716399999941,0.03685848000000617,0.02723355999999433
0.02825,0.015611840000001749,0.032222680000000246,0.018024680000001334
0.028260000000000004,0.02299235999998885,0.04175660000000174,0.018329280000005856
0.028270000000000003,0.03127995999999563,0.03103943999999643,0.03385280000000056
0.028280000000000003,0.030224760000000277,0.020861800000000475,0.02675779999999524
0.028290000000000003,0.036231400000012,0.026987599999994998,0.03473396000000047
0.028300000000000002,0.03225960000000569,0.017704480000007267,0.023280759999995376
0.028310000000000002,0.0313798400000049,0.021422879999993125,0.03056339999999723
0.02832,0.04078380000000003,0.03554604000000112,0.040119599999997785
0.02833,0.0507592399999977,0.025484039999994122,0.02233363999999529
0.02834,0.022866159999994737,0.01808040000000164,0.03835032000000601
0.028350000000000004,0.028471799999998982,0.01316444000000014,0.026997999999996854
0.028360000000000003,0.027501439999989125,0.027809440000002905,0.02921124000000495
0.028370000000000003,0.03284032000000153,0.03367764000000663,0.023911559999995644
0.028380000000000002,0.04130396000000699,0.030877200000005982,0.013165840000002043
0.028390000000000002,0.023399200000006202,0.028525280000000982,0.02614976000000076
0.0284,0.025311280000000436,0.016609999999998213,0.039663240000000245
0.02841,0.04113619999999501,0.026686280000002723,0.02350456000000176
0.02842,0.02078264000000526,0.02979016000000444,0.0353840400000018
0.028430000000000004,0.03651771999999536,0.03602356000000504,0.02271428000001063
0.028440000000000003,0.038540280000000676,0.03153092000000468,0.033494960000006534
0.028450000000000003,0.028308120000006605,0.027038959999993745,0.03013980000001119
0.028460000000000003,0.03134900000000614,0.04080676000000085,0.030708560000005575
0.028470000000000002,0.03164872000000294,0.024792119999995473,0.024562440000006815
0.028480000000000002,0.025469959999995437,0.0179539200000047,0.02631176000000641
0.02849,0.031564400000001186,0.02564743999999331,0.025624519999994367
0.0285,0.017669639999998345,0.04321203999999552,0.025171720000011544
0.02851,0.027002160000000934,0.04346615999999384,0.02037208000000345
0.028520000000000004,0.03882600000000083,0.023195119999999736,0.02541088000001156
0.028530000000000003,0.032644480000001835,0.034632879999999776,0.030695079999996544
0.028540000000000003,0.02169148000000009,0.018958719999995037,0.02917936000000628
0.028550000000000002,0.029690440000006275,0.021452360000003824,0.026080120000006264
0.028560000000000002,0.03858567999999463,0.027733440000006965,0.013848920000005885
0.02857,0.04372731999999094,0.03632983999998976,0.02350080000000118
0.02858,0.04354971999999539,0.023158480000005536,0.034383920000001275
0.02859,0.055415479999996214,0.03404932000000611,0.036589640000000395
0.028600000000000004,0.04209680000000127,0.03952232000000632,0.02098391999999921
0.028610000000000003,0.018810440000001035,0.03887988000000752,0.0286441199999994
0.028620000000000003,0.020533439999999528,0.02226292000001146,0.03316207999999577
0.028630000000000003,0.030748839999995493,0.021600799999988846,0.03196207999999641
0.028640000000000002,0.02881300000000586,0.029486519999988664,0.039722040000001124
0.028650000000000002,0.030608439999997614,0.0284218000000114,0.033219800000004046
0.02866,0.029747680000007288,0.021689680000006567,0.027704480000005045
0.02867,0.02349180000000661,0.02972547999999968,0.03818655999999556
0.02868,0.031942920000001464,0.03112140000000196,0.02982220000000656
0.028690000000000004,0.04399120000000089,0.033766480000007565,0.03570567999999008
0.028700000000000003,0.021727920000010555,0.036687440000000036,0.04373439999999737
0.028710000000000003,0.020093240000010892,0.0287579999999952,0.038635120000006976
0.028720000000000002,0.037406840000006485,0.021910479999990358,0.03414291999999176
0.028730000000000002,0.03176816000000068,0.016178800000006162,0.041214479999994384
0.02874,0.020037439999994515,0.019986120000006345,0.02833404000000061
0.02875,0.03683307999999617,0.021253959999994975,0.05003328000000349
0.02876,0.0361385599999897,0.016423920000011017,0.03222731999999356
0.028770000000000004,0.0432534799999893,0.026530359999996655,0.04159579999999631
0.028780000000000003,0.035612079999995244,0.03378559999999419,0.024163920000001806
0.028790000000000003,0.025132920000000263,0.031536479999996106,0.030565119999997344
0.028800000000000003,0.02843471999999937,0.018651400000001147,0.030883759999996575
0.028810000000000002,0.028198760000006737,0.02072455999999064,0.03636923999999511
0.028820000000000002,0.029665200000003784,0.032499119999995996,0.021867639999999734
0.02883,0.03565756000000627,0.02712404000000205,0.027368600000001114
0.02884,0.0381080000000119,0.03057639999998989,0.015617199999995713
0.02885,0.04406836000001226,0.04096987999998952,0.029674959999989727
0.028860000000000004,0.03676820000000682,0.02850871999999467,0.02781067999999665
0.028870000000000003,0.029674560000011996,0.024040279999994918,0.03614455999999519
0.028880000000000003,0.03861584000000809,0.05577663999998992,0.02320652000000567
0.028890000000000002,0.032259120000008086,0.03900024000000012,0.02272807999999603
0.028900000000000002,0.03164708000000197,0.024116039999994763,0.04329679999999553
0.02891,0.044675520000005846,0.014628360000007628,0.025009999999998495
0.02892,0.024455520000007596,0.03147240000000551,0.02274484000000534
0.02893,0.024986719999997277,0.02537099999999451,0.0194093200000013
0.028940000000000004,0.02644540000000208,0.012932720000004684,0.023730320000009412
0.028950000000000004,0.038079319999997335,0.03244852000000478,0.03331672000000089
0.028960000000000003,0.024750439999994617,0.02028736000001024,0.030980760000007733
0.028970000000000003,0.029829879999995996,0.02523824000001031,0.03916347999999594
0.028980000000000002,0.02796399999998966,0.029728080000000073,0.02963856000000501
0.028990000000000002,0.03413931999998999,0.03074076000000125,0.02565075999999937
0.029,0.022783600000001368,0.03144199999999703,0.019247199999994382
0.02901,0.040374879999999856,0.034143599999995645,0.021832479999996938
0.02902,0.03164719999999481,0.03134804000000432,0.03639387999999546
0.029030000000000004,0.03323248000000615,0.014394119999994752,0.028012919999995382
0.029040000000000003,0.0289745200000057,0.025996760000006232,0.02239600000000579
0.029050000000000003,0.023080560000000895,0.03438352000000672,0.0300981599999954
0.029060000000000002,0.031770360000005014,0.040667320000005384,0.035649120000007826
0.029070000000000002,0.025257600000000702,0.03628528000000552,0.03375944000000671
0.02908,0.020888200000009457,0.03905776000000102,0.02426419999998972
0.02909,0.02790775999999541,0.03972471999999384,0.041198839999994664
0.0291,0.016606639999994968,0.025699600000001224,0.03501188000000249
0.029110000000000004,0.01759116000000622,0.02437383999999407,0.022766760000004677
0.029120000000000004,0.0343085199999994,0.033746039999999936,0.028807240000001313
0.029130000000000003,0.021369079999995755,0.03830763999999559,0.041358360000002245
0.029140000000000003,0.03025108000000142,0.03025756000000709,0.027725479999999764
0.029150000000000002,0.021945440000006037,0.03414924000000174,0.035524040000006335
0.029160000000000002,0.023942920000001013,0.03136116000000097,0.03168975999999574
0.02917,0.028189640000000498,0.03430291999999653,0.04168564000000117
0.02918,0.023959120000001367,0.024382199999990476,0.043160680000000985
0.02919,0.015220200000000718,0.033410440000001665,0.04029227999999885
0.029200000000000004,0.03377140000000319,0.04723260000000728,0.035131400000000625
0.029210000000000003,0.0335454400000065,0.0340830000000121,0.021332279999996623
0.029220000000000003,0.019432800000007223,0.026020200000000725,0.019635479999994536
0.029230000000000003,0.017690520000001198,0.02404124000000017,0.0341862399999902
0.029240000000000002,0.027977599999996293,0.01666564000000489,0.02558924000000804
0.02925,0.021526400000005955,0.030909560000000655,0.021427479999994815
0.02926,0.0374035600000009,0.020653519999994843,0.02897787999999652
0.02927,0.0313177599999969,0.018506880000000083,0.007719360000000817
0.029280000000000004,0.028022480000007635,0.03976275999999391,0.031196999999998365
0.029290000000000004,0.025506560000009903,0.03638439999998953,0.03513112000000683
0.029300000000000003,0.009561399999996079,0.025849679999996385,0.045022800000006906
0.029310000000000003,0.03826332000001054,0.03673120000000677,0.018092320000006202
0.029320000000000002,0.04229436000000072,0.019391680000001365,0.031766000000007226
0.029330000000000002,0.03404080000000173,0.03288660000000729,0.02388224000000143
0.02934,0.02692343999999486,0.027388440000005204,0.030867560000002046
0.02935,0.03623176000000608,0.03394131999999474,0.028555319999994885
0.02936,0.02940136000000527,0.027333799999995165,0.022032600000004267
0.029370000000000004,0.036882319999999365,0.017396679999990713,0.029547799999993886
0.029380000000000003,0.021829919999990552,0.02174335999999125,0.02240979999999996
0.029390000000000003,0.0458246000000004,0.03355664000000167,0.04287988000000503
0.029400000000000003,0.03001632000000608,0.04099728000000213,0.04958147999999472
0.029410000000000002,0.03808675999999742,0.04602636000000725,0.04821855999999515
0.02942,0.012329120000007066,0.024263840000005005,0.04204472000000517
0.02943,0.024858240000001256,0.0217158000000014,0.03537740000000199
0.02944,0.050063120000006095,0.020511720000000375,0.020228680000000155
0.029450000000000004,0.02374592000000404,0.021350239999998834,0.03196711999999924
0.029460000000000004,0.038905559999995225,0.030907319999995287,0.0364899200000007
0.029470000000000003,0.03412547999999428,0.014165119999996808,0.03700715999999997
0.029480000000000003,0.029868839999995626,0.023666159999994895,0.04333084000000559
0.029490000000000002,0.013411920000001328,0.045995560000000546,0.045087360000008514
0.029500000000000002,0.026637359999991294,0.02513859999999576,0.027256920000006953
0.02951,0.038282999999994426,0.03234435999999885,0.039030200000008064
0.02952,0.013278200000000915,0.029917520000000624,0.02990764000000562
0.02953,0.01855236000000244,0.026532440000009715,0.05892696000000748
0.029540000000000004,0.025014520000005976,0.04567128000000885,0.04636656000000615
0.029550000000000003,0.02239100000000246,0.03269499999999764,0.035153360000009216
0.029560000000000003,0.025291360000004957,0.027412599999999503,0.034449560000001885
0.029570000000000003,0.028806000000007628,0.026647759999995278,0.019660079999997644
0.029580000000000002,0.02914180000000144,0.022053160000004002,0.021034560000000507
0.02959,0.030867719999996678,0.030977400000001612,0.018129160000009335
0.0296,0.039175520000001546,0.02063908000000206,0.02128792000000604
0.02961,0.030473920000005972,0.03004163999999467,0.03104864000000635
0.029620000000000004,0.02473599999999502,0.024643319999995344,0.04125748000000061
0.029630000000000004,0.0385016799999962,0.037100120000002165,0.033744319999995234
0.029640000000000003,0.04370083999999564,0.029262960000006243,0.032378600000005496
0.029650000000000003,0.04381651999999533,0.027231159999995005,0.03214068000001059
0.029660000000000002,0.047140159999996184,0.02026135999999954,0.031960080000006885
0.029670000000000002,0.05665023999999618,0.018467160000007046,0.0277243600000051
0.02968,0.03412112000000568,0.04022092000000595,0.0359432400000061
0.02969,0.02841256000000106,0.026855239999997744,0.020168200000006926
0.0297,0.02488479999999561,0.02234487999999629,0.021012280000001455
0.029710000000000004,0.03864375999999623,0.02509440000000038,0.020465320000004634
0.029720000000000003,0.04207660000000143,0.039738319999994665,0.024306879999999483
0.029730000000000003,0.03242327999999328,0.016436400000004587,0.031045560000007744
0.029740000000000003,0.04327400000000122,0.02042811999999363,0.021169039999993096
0.029750000000000002,0.03264448000000195,0.032206439999999656,0.021499760000000815
0.02976,0.0294606399999958,0.018392840000006773,0.024300240000007835
0.02977,0.022743239999990637,0.01678836000000142,0.022792239999993726
0.02978,0.021082240000001272,0.021392920000007386,0.030526240000000086
0.029790000000000004,0.032696399999999654,0.03961680000000256,0.02849352000000516
0.029800000000000004,0.03437579999999465,0.033038319999990254,0.022749679999993576
0.029810000000000003,0.028988000000000336,0.02956516000000621,0.014766360000004006
0.029820000000000003,0.01873404000000004,0.027740400000000862,0.014558919999991088
0.029830000000000002,0.021647640000002338,0.034876879999994885,0.037149720000000656
0.029840000000000002,0.0336111999999998,0.041129759999994984,0.03723352000000211
0.02985,0.026001480000003737,0.020474400000005877,0.03396755999999162
0.02986,0.03291288000000402,0.0388506800000064,0.01991783999999609
0.02987,0.037310000000001696,0.02649008000000588,0.039652920000002014
0.029880000000000004,0.04052855999999172,0.03510912000000271,0.02406560000000661
0.029890000000000003,0.02484607999999491,0.029001240000005354,0.029787679999994432
0.029900000000000003,0.029612519999995632,0.03570220000000622,0.018185759999989823
0.029910000000000003,0.04116472000000294,0.03764692000000518,0.04077615999999763
0.029920000000000002,0.02825579999999434,0.018123160000004752,0.05878940000000187
0.029930000000000002,0.02015979999999141,0.020328159999994252,0.028874400000006167
0.02994,0.027566079999997686,0.02664971999999953,0.016594559999993062
0.02995,0.031124039999999763,0.030565679999989846,0.0371850800000019
0.029960000000000004,0.018978679999993496,0.043089679999995516,0.030983240000001258
0.029970000000000004,0.029981160000000062,0.027572120000003614,0.03887443999999552
0.029980000000000003,0.02696988000000001,0.04672859999999568,0.024117599999995156
0.029990000000000003,0.0333667600000012,0.04017960000000171,0.03871324000000097
0.030000000000000002,0.024945680000000036,0.023483800000000506,0.020729480000000928
0.030010000000000002,0.03185080000000017,0.02179484000000678,0.01696284000000142
0.03002,0.021474319999994204,0.023379600000001277,0.03146804000000043
0.03003,0.021547799999993525,0.028980760000007544,0.035630120000007134
0.03004,0.023550880000004198,0.029331000000008118,0.034832320000004365
0.030050000000000004,0.03351692000000696,0.022310360000007058,0.018191520000001998
0.030060000000000003,0.03273412000000196,0.015428120000011435,0.035132279999995505
0.030070000000000003,0.02101511999999556,0.021435120000006507,0.027687840000006732
0.030080000000000003,0.036314479999996624,0.020298200000003378,0.019270400000000763
0.030090000000000002,0.04110383999999364,0.029616199999995103,0.024497239999999792
0.030100000000000002,0.03277496000000592,0.037968200000007266,0.05085195999999748
0.03011,0.03524363999999608,0.03260823999999976,0.024088840000000035
0.03012,0.025847519999996276,0.02634956000000449,0.025109999999995667
0.030130000000000004,0.04352900000000725,0.028648360000007513,0.01775503999999482
0.030140000000000004,0.02213508000001171,0.034213760000005526,0.04186935999999451
0.030150000000000003,0.03769596000000076,0.03098756000000683,0.04065496000000056
0.030160000000000003,0.02809243999999345,0.021552160000004258,0.04060163999999976
0.030170000000000002,0.030851400000001535,0.038949680000002325,0.02854164000000014
0.030180000000000002,0.025751439999995882,0.0185871600000001,0.03339316000000382
0.03019,0.019127160000000816,0.01968616000000153,0.017452479999995045
0.0302,0.02190416000000792,0.02800768000000081,0.023088439999993052
0.03021,0.021847040000004543,0.026545039999995027,0.028641399999989624
0.030220000000000004,0.035445000000000636,0.02858571999999534,0.025032919999994272
0.030230000000000003,0.019594159999994483,0.02544732000000089,0.04237947999999539
0.030240000000000003,0.029301439999994565,0.01785495999999981,0.027034560000001095
0.030250000000000003,0.038882399999996764,0.035815920000007495,0.029612919999995633
0.030260000000000002,0.028996679999994696,0.031213279999995614,0.026522279999994385
0.030270000000000002,0.038142959999989616,0.03230068000001112,0.023715279999999356
0.03028,0.030466520000001718,0.030042800000006004,0.04023988000000128
0.03029,0.02664884000000726,0.015119599999995167,0.044836840000008954
0.030300000000000004,0.036567160000008016,0.029593600000005924,0.020010839999996026
0.030310000000000004,0.024734840000004057,0.02566607999999537,0.037195840000002395
0.030320000000000003,0.039309759999994795,0.028723440000001058,0.023981240000000383
0.030330000000000003,0.03223512000000657,0.03445447999999634,0.027846440000003726
0.030340000000000002,0.029166879999992946,0.024704600000005107,0.02501916000000542
0.030350000000000002,0.0259034800000019,0.025876079999999697,0.019771999999996202
0.03036,0.022131319999999656,0.03482279999999912,0.04623075999999468
0.03037,0.023028040000003983,0.03614832000000158,0.04199147999999397
0.03038,0.023290640000010816,0.03161015999999379,0.025796679999994573
0.030390000000000004,0.02705875999999963,0.03796163999998969,0.025570280000008022
0.030400000000000003,0.031140040000006083,0.022447679999991057,0.042620160000006256
0.030410000000000003,0.02561083999999697,0.030997720000002685,0.036369800000008314
0.030420000000000003,0.03460400000000267,0.04727752000000299,0.039138000000006
0.030430000000000002,0.02015187999999546,0.01584296000000126,0.025760440000006875
0.030440000000000002,0.032434199999998026,0.017559640000003984,0.035853160000006976
0.03045,0.037442039999994826,0.03644623999999807,0.030584080000006505
0.03046,0.015148799999997199,0.029381999999994936,0.047320760000011945
0.030470000000000004,0.02818564000000028,0.019083840000003464,0.024190560000010533
0.030480000000000004,0.04122619999999416,0.0386032800000007,0.030365520000004576
0.030490000000000003,0.03616492000000176,0.04295440000000033,0.028715920000001536
0.030500000000000003,0.03162240000000164,0.023338080000000264,0.013877479999993515
0.030510000000000002,0.024966679999994853,0.027626800000000173,0.032465440000002295
0.030520000000000002,0.03369612000000655,0.03654404,0.02990720000000206
0.03053,0.036752040000004614,0.022622640000005856,0.03104040000000675
0.03054,0.038002639999989846,0.02195896000000391,0.020367679999999517
0.03055,0.024687760000005058,0.023525120000005912,0.018000279999994245
0.030560000000000004,0.04468272000000101,0.03115596000000599,0.027034320000004813
0.030570000000000003,0.020224439999999504,0.03752560000000134,0.0427974800000007
0.030580000000000003,0.027970919999994587,0.02734676000001171,0.035833719999997043
0.030590000000000003,0.0236892000000049,0.027322399999989005,0.03236947999999684
0.030600000000000002,0.03168832000000127,0.023332000000001494,0.03504119999999552
0.030610000000000002,0.024327919999995652,0.026554959999994524,0.025062439999999665
0.03062,0.030645679999990755,0.04408059999999513,0.031488639999994954
0.03063,0.04498091999999552,0.03574763999999477,0.016537879999999405
0.030640000000000004,0.027157959999995297,0.029165640000000846,0.02606803999999422
0.030650000000000004,0.01794727999999517,0.02963019999999552,0.02955824000001157
0.030660000000000003,0.01925140000000121,0.020021080000007675,0.02168304000001165
0.030670000000000003,0.032991240000000005,0.02422291999999918,0.019202800000003576
0.030680000000000002,0.030024280000001565,0.021298799999994435,0.03270292000000651
0.030690000000000002,0.014288400000004167,0.029171760000011798,0.027368600000001138
0.0307,0.04290720000000149,0.039521280000007895,0.033082720000000496
0.03071,0.04494664000000224,0.03183531999999695,0.032102839999996274
0.030720000000000004,0.044836039999993915,0.042606439999999586,0.03070812000000697
0.030730000000000004,0.04331803999999603,0.03632916000000805,0.02465264000001135
0.030740000000000003,0.03019512000000557,0.042546320000006556,0.01855460000000108
0.030750000000000003,0.024822520000002204,0.02921848000000578,0.051799000000003
0.030760000000000003,0.0345069600000068,0.04271128000000647,0.02362231999999518
0.030770000000000002,0.02701607999999474,0.03266540000000194,0.019442279999995708
0.030780000000000002,0.050657760000000544,0.023568640000000553,0.03991712000000066
0.03079,0.03555224000000573,0.014796679999996737,0.0247313600000002
0.0308,0.0379422799999955,0.0292029600000044,0.032385480000001646
0.030810000000000004,0.03622135999998948,0.025484760000010497,0.028231839999995473
0.030820000000000004,0.0337648799999992,0.039365279999996575,0.03576164000000784
0.030830000000000003,0.02778668000000003,0.035194559999995045,0.02499536000000771
0.030840000000000003,0.024497320000010918,0.037353560000001514,0.01670467999999974
0.030850000000000002,0.030210719999995486,0.016749079999994015,0.0439508800000048
0.030860000000000002,0.024681160000009285,0.023604040000004965,0.03299512000000287
0.03087,0.025327240000007762,0.03203664000000501,0.02729188000000964
0.03088,0.021344559999996793,0.041086080000005,0.024548999999990412
0.030890000000000004,0.029389360000002772,0.04238744000000242,0.02813772000000585
0.030900000000000004,0.02613700000000442,0.02856803999998983,0.038078759999995986
0.030910000000000003,0.02844668000000575,0.032145880000006594,0.02635596000000918
0.030920000000000003,0.03722440000001165,0.01660263999999482,0.024325360000007654
0.030930000000000003,0.013909800000011602,0.030872280000000963,0.028731360000000386
0.030940000000000002,0.028450319999989992,0.039101120000001294,0.023509720000005514
0.030950000000000002,0.03222655999999999,0.022305640000001455,0.03838299999999662
0.03096,0.04072639999999473,0.0365460000000019,0.029727080000004086
0.03097,0.027103040000001116,0.030237719999995253,0.0260528800000053
0.030980000000000004,0.0220170000000047,0.03074132000000588,0.02434184000000129
0.030990000000000004,0.033005639999999815,0.03738175999999571,0.03437020000000722
0.031000000000000003,0.025212440000000287,0.04212799999999388,0.03316656000000818
0.031010000000000003,0.026830640000005356,0.022907759999995135,0.02932419999999528
0.031020000000000002,0.030045039999998576,0.026607600000006323,0.027545119999995506
0.031030000000000002,0.027543159999995626,0.01329379999999995,0.021544400000001032
0.03104,0.02685651999999582,0.017061160000005866,0.01580451999999919
0.03105,0.021150320000005173,0.02637839999999477,0.0348957199999999
0.031060000000000004,0.024603600000000284,0.027327760000000267,0.02047200000000607
0.031070000000000004,0.030768280000006167,0.017115159999999584,0.021524480000011573
0.031080000000000003,0.028965000000007846,0.028927239999999608,0.01834088000000591
0.031090000000000003,0.021289720000006337,0.0200702400000117,0.02858703999999019
0.031100000000000003,0.025908240000011674,0.018532040000001446,0.03338255999998988
0.031110000000000002,0.020391679999995617,0.018545880000004785,0.030590199999988972
0.031120000000000002,0.031486400000006146,0.026112719999999572,0.04604835999999565
0.03113,0.0296572800000074,0.04629535999998958,0.01808248000000398
0.03114,0.021355640000005678,0.04603383999999741,0.022830120000004187
0.031150000000000004,0.018443759999995677,0.029724199999995524,0.03141684000000128
0.031160000000000004,0.035301839999997975,0.025657240000007714,0.03574232000000161
0.031170000000000003,0.029372440000005988,0.015687920000005916,0.024324480000005613
0.031180000000000003,0.023035279999995512,0.029047440000007377,0.028865360000004222
0.031190000000000002,0.03199712000000611,0.044976760000002745,0.026532679999995562
0.031200000000000002,0.028792600000006302,0.03360596000000761,0.04744779999999742
0.03121,0.029882399999999355,0.03402636000000651,0.0196760399999999
0.03122,0.03501815999999548,0.019206960000005532,0.042817319999999826
0.031230000000000004,0.032036520000006084,0.024872960000001224,0.03309076000000773
0.031240000000000004,0.029810880000009563,0.046115760000002975,0.03863783999999024
0.03125,0.02249564000000953,0.02593963999999487,0.03288444000000178
0.03126,0.019876000000005577,0.034010080000001504,0.01822563999999136
0.03127,0.03397779999999651,0.026670720000000432,0.03134556000000013
0.03128,0.030542320000002045,0.03420952000000715,0.018477520000004993
0.031290000000000005,0.02754868000000033,0.03559356000000817,0.04652679999999547
0.0313,0.02405368000000527,0.039299280000000866,0.04234451999999435
0.031310000000000004,0.024371399999994377,0.03916503999999995,0.05083371999999755
0.03132,0.02882671999999511,0.02066276000000585,0.021590839999995292
0.031330000000000004,0.024583599999989443,0.019646720000010446,0.024261359999999982
0.03134,0.027220479999994517,0.021948400000000156,0.030244440000007325
0.03135,0.024583479999994457,0.02187343999998917,0.03717359999999743
0.031360000000000006,0.025549600000005283,0.042700400000008534,0.04053084000000769
0.03137,0.03714552000001143,0.030251520000002054,0.03274764000000711
0.031380000000000005,0.03470591999999533,0.025027759999994053,0.020188759999995257
0.03139,0.03003720000000169,0.023741040000009397,0.047233759999995406
0.031400000000000004,0.028508360000005197,0.04002036000000044,0.02063567999999464
0.03141,0.032537680000006446,0.03425039999998958,0.026265800000006653
0.031420000000000003,0.04114544000000691,0.04093100000000857,0.031704920000001593
0.03143,0.021032359999999643,0.04172983999999995,0.027786400000011598
0.03144,0.04337276000000306,0.024448439999995044,0.037996120000008016
0.031450000000000006,0.04490256000000692,0.03977339999999573,0.04591944000000825
0.03146,0.03251531999999969,0.03030535999999971,0.026945800000007375
0.031470000000000005,0.02824540000000635,0.039350240000001216,0.024849279999999606
0.03148,0.024900560000005383,0.03294931999999047,0.03191179999999797
0.031490000000000004,0.03582751999999496,0.02285635999999462,0.024427960000006743
0.0315,0.030619679999995004,0.011748319999996449,0.030927199999999804
0.03151,0.038882679999993966,0.027447960000006117,0.03047203999999432
0.03152,0.02732759999999343,0.02752908000000484,0.026171440000009854
0.03153,0.040608559999994444,0.026068640000007106,0.03610280000000586
0.031540000000000006,0.044960639999993966,0.03592832000000544,0.031184960000000605
0.03155,0.031610839999996046,0.04560596000000819,0.03454492000000171
0.031560000000000005,0.03438603999999469,0.02164623999999548,0.028843999999989215
0.03157,0.029618559999995367,0.01825115999999345,0.03384379999999592
0.031580000000000004,0.041467239999994736,0.03808428000000084,0.02681779999999402
0.03159,0.029755079999989734,0.04103032000000111,0.034942919999991745
0.0316,0.045209760000000675,0.018344199999994728,0.03182351999999188
0.03161,0.036010880000000814,0.030868079999999135,0.03192815999999476
0.03162,0.03696484000000156,0.03774664000000037,0.03964051999999094
0.031630000000000005,0.0372759600000017,0.029152680000005992,0.039809239999995444
0.03164,0.024478279999996466,0.02499643999999868,0.03427959999999643
0.031650000000000005,0.032047599999996706,0.025584039999995273,0.032769840000008155
0.03166,0.018665959999994874,0.024998679999994163,0.027275520000005982
0.031670000000000004,0.03376443999999942,0.03587555999999437,0.033673680000001247
0.03168,0.038171960000005986,0.02186615999999405,0.019766239999995296
0.03169,0.04683167999998972,0.038161999999995866,0.02106683999999588
0.031700000000000006,0.02496488000000116,0.027325919999995254,0.04356768000000076
0.03171,0.01866463999998974,0.02208351999999689,0.026993400000002592
0.031720000000000005,0.01841715999999369,0.023902480000006457,0.03500244000000213
0.03173,0.01260144000000419,0.032968880000001484,0.019860399999997096
0.031740000000000004,0.02710739999999541,0.02443931999999644,0.021266680000006453
0.03175,0.022911720000000062,0.02506399999999666,0.03037032000000646
0.031760000000000004,0.03563543999999609,0.021818639999994574,0.014290799999996336
0.03177,0.040276200000006916,0.03597708000000102,0.018416000000005064
0.03178,0.03650947999999666,0.01839435999998949,0.028953480000006453
0.031790000000000006,0.02670064000000053,0.031194399999989696,0.03963956000000109
0.0318,0.02645236000000973,0.029692320000000553,0.04215091999999532
0.031810000000000005,0.024610840000009775,0.03320235999999607,0.021726799999997163
0.03182,0.03760520000000789,0.019452040000004583,0.01791983999999129
0.031830000000000004,0.02233280000000612,0.02594492000001144,0.0409293600000018
0.03184,0.03671368000000761,0.0340347599999996,0.04313496000000535
0.03185,0.02851579999999939,0.04813827999999399,0.05495235999999495
0.03186,0.03278456000000413,0.027143880000000606,0.03452092000000668
0.03187,0.021304800000003645,0.027816959999989115,0.025511120000000484
0.031880000000000006,0.021671240000006815,0.024106000000005023,0.027311479999995017
0.03189,0.025038920000000586,0.03358908000000097,0.022940759999991345
0.031900000000000005,0.04472800000000802,0.009334880000006589,0.02921911999999497
0.03191,0.023105959999989368,0.031892479999996,0.028190840000004363
0.031920000000000004,0.03861007999999977,0.035858159999994706,0.04451028000000454
0.03193,0.04127215999999934,0.03665627999999457,0.03960512000000103
0.03194,0.036642879999998906,0.03499804000000045,0.039137560000006
0.03195,0.033226759999995255,0.042503760000001965,0.023764040000006176
0.03196,0.02103660000000019,0.028323639999996698,0.04325548000000192
0.031970000000000005,0.04274563999999424,0.025725919999994195,0.030075080000006405
0.03198,0.02403615999999609,0.026568959999995548,0.046613320000006474
0.031990000000000005,0.017264439999996568,0.0286534000000002,0.03268860000000608
0.032,0.014154439999999442,0.02658575999999005,0.017345999999999598
0.032010000000000004,0.02992499999998905,0.03512195999999718,0.01626664000000621
0.03202,0.022990199999995353,0.022984400000005286,0.02270331999999482
0.03203,0.03494503999999515,0.04140688000000004,0.03133592000000089
0.032040000000000006,0.03308056000000096,0.022496879999998907,0.028350319999998968
0.03205,0.02345859999999062,0.027299319999995606,0.040653400000000776
0.032060000000000005,0.03884548000000101,0.03960715999999019,0.03911300000000003
0.03207,0.014464519999999863,0.04588451999999499,0.04609612000000631
0.032080000000000004,0.036817799999994835,0.029590799999990734,0.02763248000000535
0.03209,0.035627960000006675,0.02686923999999042,0.02393759999999991
0.032100000000000004,0.033670560000002486,0.01624815999998957,0.03356176000001003
0.03211,0.024499600000005835,0.012987639999995013,0.028592920000005663
0.03212,0.0200623599999912,0.019648840000005947,0.024550720000000456
0.032130000000000006,0.022896079999989154,0.01779168000000102,0.0331305199999959
0.03214,0.033116039999994254,0.02390464000000799,0.04468716000000672
0.032150000000000005,0.0472435600000014,0.013312919999998913,0.04981711999999625
0.03216,0.04007931999999455,0.03311927999999677,0.04423391999999658
0.032170000000000004,0.037926040000001514,0.024799839999996593,0.038298640000001126
0.03218,0.04403072000000196,0.02264028000001009,0.05419635999999526
0.03219,0.04217707999999594,0.035292560000000125,0.034108279999996195
0.0322,0.02828416000000539,0.02491971999999497,0.04481395999999603
0.03221,0.03522495999999489,0.030681920000002007,0.03027128000000615
0.032220000000000006,0.03901263999999416,0.0381438400000115,0.057447480000008946
0.03223,0.03147559999999153,0.02848848000000058,0.033826320000008
0.032240000000000005,0.0441752399999955,0.03393083999999508,0.043011960000002736
0.03225,0.023316879999990454,0.031460759999994835,0.04030155999999816
0.032260000000000004,0.03477712000000102,0.036901720000000714,0.02020492000000535
0.03227,0.01687319999999502,0.03541056000000044,0.027826039999998897
0.03228,0.027586839999995033,0.041943199999996184,0.025446200000007437
0.03229,0.03696312000000693,0.023265439999999672,0.024098359999999697
0.0323,0.03154864000000157,0.0411658799999946,0.027051040000006573
0.032310000000000005,0.02508635999999949,0.023367199999996327,0.028067680000007946
0.03232,0.01673508000000006,0.02591732000000061,0.024522279999996375
0.032330000000000005,0.04015147999999693,0.017012919999995272,0.026656239999994065
0.03234,0.017345120000006275,0.035001600000002256,0.033741600000003154
0.032350000000000004,0.03150292000000689,0.0246838399999999,0.018464119999997364
0.03236,0.02332728000000594,0.02816131999999521,0.03208208000000198
0.03237,0.03155652000000135,0.05126799999999627,0.019263200000002752
0.032380000000000006,0.012368080000006394,0.04693916000000727,0.02715080000000577
0.03239,0.02151444000000794,0.03520960000000136,0.0361817600000018
0.032400000000000005,0.017419559999999477,0.039772720000005174,0.023948640000001097
0.03241,0.018473399999995154,0.027375320000005074,0.02732860000000473
0.032420000000000004,0.025250119999994734,0.027288200000000238,0.022419840000004212
0.03243,0.014086960000000667,0.04472827999999001,0.034639599999995524
0.032440000000000004,0.01752556000000043,0.03922695999999416,0.026254399999995133
0.03245,0.028950240000007104,0.03667291999998919,0.02277935999999368
0.03246,0.030587160000000776,0.03377888000000291,0.03353407999999523
0.032470000000000006,0.023485760000004713,0.02208440000000713,0.02567203999999413
0.03248,0.03589860000000165,0.030083440000006303,0.039297839999998016
0.032490000000000005,0.019519439999995645,0.03578648000000691,0.028840360000008045
0.0325,0.022704080000009844,0.016579919999996213,0.035178079999996004
0.032510000000000004,0.02480888000000494,0.03593144000000047,0.033609919999995144
0.03252,0.027666800000001726,0.026533320000003847,0.029950959999995346
0.03253,0.021385599999993933,0.02766583999999353,0.0364134800000002
0.03254,0.04003808000000459,0.041104440000005224,0.03481124000000484
0.03255,0.024166760000000977,0.027267080000004842,0.025090839999994414
0.032560000000000006,0.030308240000001967,0.03950380000000548,0.026398159999996135
0.03257,0.06003499999999422,0.03878836000001101,0.023403319999998885
0.032580000000000005,0.019302680000001005,0.04008472000000616,0.02551395999999745
0.03259,0.025344559999996553,0.045244760000006885,0.03552980000000116
0.032600000000000004,0.020629639999996785,0.03148295999999671,0.026185559999993942
0.03261,0.04566139999999044,0.02797955999999508,0.038381919999996975
0.03262,0.03098811999998999,0.02482807999999002,0.02849123999999542
0.03263,0.02079024000000716,0.023236120000001425,0.02639355999999599
0.03264,0.028522239999996885,0.05106067999999701,0.027906839999996956
0.032650000000000005,0.030592799999999185,0.0398274799999955,0.029430320000000943
0.03266,0.038840080000005946,0.029575999999993535,0.03568687999999614
0.032670000000000005,0.027567119999989093,0.029998639999996163,0.022645679999994013
0.03268,0.04381023999999721,0.02552671999999107,0.029950119999993658
0.032690000000000004,0.025646920000004056,0.02888403999999533,0.029711720000003907
0.0327,0.043151680000004355,0.037260359999996384,0.03931044000000806
0.03271,0.018992399999997092,0.03215364000000638,0.034254560000008136
0.032720000000000006,0.054356200000008924,0.02750892000000036,0.03141708000000976
0.03273,0.035737720000006565,0.03224292000000046,0.022655080000005396
0.032740000000000005,0.0190161600000005,0.03873832000000816,0.028290679999999527
0.03275,0.025372920000005905,0.04917496000000383,0.03314259999999956
0.032760000000000004,0.03064092000000055,0.023328959999995715,0.02097240000001143
0.03277,0.02164971999999589,0.027633439999990156,0.0244229199999993
0.032780000000000004,0.01992655999998967,0.030281959999995757,0.03235275999999483
0.03279,0.02256583999999068,0.03031627999999009,0.03130603999998982
0.0328,0.04429484000000117,0.04446243999999872,0.02831180000000712
0.032810000000000006,0.03169296000000308,0.0353450399999951,0.03554260000000189
0.03282,0.029292879999989727,0.029620839999997345,0.020067200000007827
0.032830000000000005,0.01751064000000054,0.023566360000006982,0.027038360000006326
0.03284,0.02864920000000138,0.03504391999999752,0.03576979999999614
0.032850000000000004,0.021882319999994015,0.02587119999999536,0.02481563999999981
0.03286,0.023680759999995384,0.020270280000000297,0.022078799999995197
0.03287,0.027040360000006494,0.034209119999995034,0.0353399200000068
0.03288,0.03321488000000622,0.026303359999993316,0.024643759999990286
0.03289,0.020149040000005673,0.043649159999993435,0.03851547999999418
0.032900000000000006,0.02820391999999454,0.0312624399999983,0.04103295999999136
0.03291,0.03020188000000714,0.028948159999999983,0.033523400000001216
0.032920000000000005,0.01745828000000216,0.01765059999999441,0.025599919999996324
0.03293,0.01947396000000251,0.03752908000000528,0.025648600000006072
0.032940000000000004,0.024555519999996212,0.02762664000000022,0.04327920000000723
0.03295,0.030794960000001318,0.016489600000011137,0.022500120000010698
0.03296,0.0255377599999959,0.017648040000004254,0.03381156000001169
0.03297,0.02259908000000532,0.03428996000000794,0.03483012000000687
0.03298,0.03236271999999545,0.026413519999999822,0.0266833600000091
0.032990000000000005,0.03705935999999634,0.04089228000000075,0.03853896000000537
0.033,0.03409960000000588,0.0291470800000115,0.02378035999999626
0.033010000000000005,0.04285775999999534,0.028749040000006474,0.021105479999998643
0.03302,0.03882800000000601,0.033194360000003885,0.03399156000000128
0.033030000000000004,0.04414588000000668,0.03778840000001056,0.01847883999999047
0.03304,0.023062440000001364,0.023056800000004457,0.03101295999999361
0.03305,0.03801895999999702,0.0332015599999992,0.03636327999999489
0.033060000000000006,0.032200479999995195,0.04014379999999394,0.022784560000006466
0.03307,0.03679804000001138,0.027153999999993895,0.03082699999999685
0.033080000000000005,0.01561848000000544,0.026318399999995325,0.02370600000000531
0.03309,0.023433919999996354,0.02517327999999497,0.0331356800000013
0.033100000000000004,0.03208427999999852,0.026225359999994972,0.03027444000000047
0.03311,0.035127120000001136,0.020477160000011256,0.027905599999995905
0.033120000000000004,0.02093488000000476,0.031151160000006534,0.030907880000005546
0.03313,0.02777391999999991,0.019792919999999877,0.018287479999993674
0.03314,0.03383656000000012,0.02706723999999387,0.044175239999995265
0.033150000000000006,0.01760564000000189,0.02476703999999388,0.023796359999994708
0.03316,0.05747448000000057,0.01886976000000152,0.03677088000000573
0.033170000000000005,0.02595660000000186,0.01562128000000996,0.04172935999999993
0.03318,0.040383999999991725,0.015705080000000277,0.028547720000001855
0.033190000000000004,0.026144000000000278,0.04092764000000215,0.0249967200000064
0.0332,0.026759239999996735,0.022457039999990467,0.033455719999996344
0.03321,0.018141080000004535,0.037942720000005065,0.02241720000001007
0.03322,0.02316980000000804,0.027521279999998958,0.036767199999998196
0.03323,0.03313599999999566,0.02554203999999477,0.021124639999995632
0.033240000000000006,0.04984391999999515,0.02661435999999303,0.029517279999999802
0.03325,0.03404835999999535,0.04811883999998967,0.0274320799999952
0.033260000000000005,0.024694600000000407,0.030154520000005864,0.031141839999993773
0.03327,0.020533440000000465,0.01883200000000756,0.029531719999993492
0.033280000000000004,0.02654299999999598,0.03257192000000502,0.04661120000000037
0.03329,0.02353352000000548,0.03204859999999968,0.037504200000007995
0.0333,0.03643636000000549,0.032070439999989715,0.037473960000001416
0.03331,0.029134920000011267,0.02224615999999451,0.03762556000000688
0.03332,0.02836196000000783,0.024404440000000763,0.022640720000006404
0.033330000000000005,0.03429388000000724,0.027993439999995293,0.01072924000000588
0.03334,0.02809580000001131,0.030019319999991065,0.025873439999994707
0.033350000000000005,0.02055376000001151,0.03659067999999634,0.02403675999999987
0.03336,0.032539360000008406,0.026881920000002106,0.03256148000000033
0.033370000000000004,0.027289560000011266,0.027742799999994315,0.03810720000000031
0.03338,0.02100632000001077,0.023534120000000908,0.043745600000008884
0.03339,0.03742388000000486,0.04284752000000081,0.0324550400000061
0.033400000000000006,0.02426808000000032,0.024394560000001553,0.03027235999999911
0.03341,0.014852720000003374,0.043348079999999754,0.01635416000000419
0.033420000000000005,0.027670639999994168,0.009333120000007439,0.018759640000006024
0.03343,0.021559479999988994,0.01917424000001177,0.03283008000000671
0.033440000000000004,0.03116276000000426,0.04473168000000074,0.02578336000000746
0.03345,0.030829440000001346,0.04757560000000828,0.03090428000001143
0.033460000000000004,0.019285160000011632,0.024899720000011578,0.02938640000001146
0.03347,0.033654320000005664,0.041461320000005256,0.03560292000000682
0.03348,0.025275360000011533,0.03242808000000547,0.026049359999999907
0.033490000000000006,0.015569680000011112,0.024291560000003817,0.031655480000000874
0.0335,0.031179319999994477,0.02561340000000533,0.033131360000000235
0.033510000000000005,0.03164240000000698,0.03025108000000147,0.02744759999999446
0.03352,0.03864200000001188,0.02899532000000486,0.03890816000000492
0.033530000000000004,0.04801856000000697,0.02683191999999961,0.021508119999996803
0.03354,0.031139240000011566,0.04037519999999908,0.025232800000005783
0.03355,0.040394680000011764,0.019369240000000718,0.033809200000007165
0.03356,0.0334192400000112,0.03024340000000162,0.02289607999998916
0.03357,0.043409280000002014,0.048407680000007114,0.038794399999989834
0.033580000000000006,0.03554700000000521,0.03612831999999524,0.03920412000000227
0.03359,0.0228735200000061,0.04550476000000486,0.024284119999995503
0.033600000000000005,0.0335915200000015,0.0351448799999963,0.022514839999999214
0.03361,0.02416767999999568,0.03963808000000652,0.03251236000000632
0.033620000000000004,0.03258407999998992,0.025366479999995587,0.041326559999995856
0.03363,0.029989160000005538,0.019733480000001646,0.04736983999999697
0.03364,0.03070640000000551,0.024604760000001214,0.037900760000006826
0.03365,0.03848876000000609,0.02916655999999433,0.02268475999999588
0.03366,0.0327358800000052,0.026287400000005734,0.03596220000000569
0.033670000000000005,0.027931000000006312,0.038243440000001856,0.03805040000000847
0.03368,0.02834835999999571,0.03657339999999571,0.03989592000001177
0.033690000000000005,0.0371906800000075,0.028709759999995702,0.03821404000000845
0.0337,0.021868760000006583,0.028742319999993632,0.021353520000004286
0.033710000000000004,0.035605960000008145,0.035088919999996825,0.024769840000011523
0.03372,0.03785316000000691,0.035773880000005774,0.035546480000004266
0.03373,0.04700572000000135,0.03016100000000602,0.02905031999999951
0.033740000000000006,0.02866548000000058,0.02860843999999812,0.03188524000000033
0.03375,0.040573320000001675,0.02290931999999379,0.025034040000006242
0.033760000000000005,0.04547775999999423,0.03318179999999328,0.03999284000000515
0.03377,0.03709104000000105,0.02915083999999462,0.02797975999999616
0.033780000000000004,0.03468868000000799,0.026029280000003766,0.04042067999999412
0.03379,0.03293560000000187,0.03007924000000565,0.03641879999999015
0.033800000000000004,0.031138280000001572,0.02322080000000995,0.04091664000000091
0.03381,0.051334639999996906,0.0390209599999983,0.01846687999999036
0.03382,0.0459345999999966,0.01918600000000339,0.03014208000000281
0.033830000000000006,0.029925239999994357,0.02091044000000779,0.03643743999998919
0.03384,0.03885548000000085,0.026859320000006643,0.02683912000000039
0.033850000000000005,0.035391000000008326,0.017740360000001097,0.036989080000002054
0.03386,0.026449200000001317,0.03452292000000106,0.02714720000000667
0.033870000000000004,0.03190768000000673,0.021225519999989787,0.0351429200000017
0.03388,0.03456816000000171,0.023711439999989804,0.024630040000005644
0.03389,0.04055176000000822,0.012563560000005755,0.02497332000000006
0.0339,0.03474416000000031,0.024294560000001596,0.01821196000000028
0.03391,0.041960000000012085,0.025595120000000124,0.03644347999999456
0.033920000000000006,0.03548460000000066,0.04780643999999978,0.029363239999990576
0.03393,0.03821643999999479,0.03201200000000652,0.030418359999999714
0.033940000000000005,0.021858559999999836,0.03257099999999444,0.023540879999995143
0.03395,0.017220280000006187,0.02715500000001146,0.022557719999989595
0.033960000000000004,0.025967080000002425,0.031534600000001134,0.03308531999999446
0.03397,0.03145243999999568,0.037207760000002,0.021521759999993145
0.03398,0.04029076000000797,0.022145520000005137,0.018449639999999316
0.03399,0.0327396799999894,0.009608479999995643,0.02346384000000122
0.034,0.02355224000000576,0.03407200000000256,0.01375391999999952
0.034010000000000006,0.022108280000000365,0.01827112000000645,0.014772359999991727
0.03402,0.025152279999999794,0.02538932000000061,0.03443720000000224
0.034030000000000005,0.029740239999994443,0.03259784000000754,0.02574335999999154
0.03404,0.025546519999999892,0.020778359999994552,0.032503160000001516
0.034050000000000004,0.029516080000006592,0.03088032000000762,0.025271360000005808
0.03406,0.025839440000000304,0.02115996000000527,0.023906879999999794
0.03407,0.033616560000005055,0.030578400000004845,0.02492452000000448
0.034080000000000006,0.03786324000001141,0.029555600000006482,0.032110359999999456
0.03409,0.029019200000011527,0.023659280000006066,0.028253639999994112
0.034100000000000005,0.023348319999994246,0.027232759999999044,0.029440800000002012
0.03411,0.045987599999997304,0.045665280000005394,0.022161999999995553
0.034120000000000004,0.031985200000008436,0.03618096000000666,0.018693920000004888
0.03413,0.03835487999999452,0.01726788000000539,0.03670732000000113
0.034140000000000004,0.02838984000000045,0.04495352000000806,0.023165679999995293
0.03415,0.01987832000000784,0.01957220000001155,0.03602256000000203
0.03416,0.01643872000000582,0.023852279999997613,0.023713919999994254
0.034170000000000006,0.021012560000001616,0.03763248000000671,0.022948119999993355
0.03418,0.03925504000000116,0.02038516000000145,0.029223079999994902
0.034190000000000005,0.02890504000000024,0.0171133199999931,0.02076603999998919
0.0342,0.03622819999999033,0.022968640000001147,0.030203280000000665
0.034210000000000004,0.03400883999998997,0.024889600000011208,0.02649800000001147
0.03422,0.028713839999996837,0.017692360000006995,0.018902040000009623
0.034230000000000003,0.021832759999998546,0.03148551999999559,0.044358680000002086
0.03424,0.01861744000000324,0.03720983999999535,0.04032140000000189
0.03425,0.032062960000004845,0.056105079999995304,0.023839759999993847
0.034260000000000006,0.035082920000005714,0.035986199999995416,0.02290647999999004
0.03427,0.027428280000007407,0.051212799999995486,0.05428531999999507
0.034280000000000005,0.0347228400000068,0.03721291999999006,0.030882879999991696
0.03429,0.030535080000002997,0.03414915999998956,0.023392599999993904
0.034300000000000004,0.020919160000005526,0.031257759999993896,0.027044960000001835
0.03431,0.024924439999993664,0.02150396000000943,0.028840279999994792
0.03432,0.02923551999998898,0.029466960000011522,0.025300439999997582
0.03433,0.029414759999999332,0.01978236000000957,0.0439634800000016
0.03434,0.031248880000007213,0.028369600000009914,0.04528444000000211
0.034350000000000006,0.01904047999999442,0.03241304000000043,0.030561960000006685
0.03436,0.02834292000000152,0.027030519999998486,0.036323319999995836
0.034370000000000005,0.03219219999999932,0.020527080000004083,0.030786279999993636
0.03438,0.029154799999999512,0.028026360000000024,0.024767040000000472
0.034390000000000004,0.015386280000005125,0.0256491199999986,0.022967679999990352
0.0344,0.023039399999996223,0.018980520000004067,0.029480240000001347
0.03441,0.02183432000000457,0.018318800000004926,0.036876160000006764
0.034420000000000006,0.02353680000001121,0.02066016000000487,0.022288919999993
0.03443,0.028498560000011254,0.038946040000002215,0.03234235999999601
0.034440000000000005,0.020446440000005128,0.03710876000000132,0.03367456000000746
0.03445,0.02211864000000524,0.04624656000000144,0.03834192000001152
0.034460000000000005,0.05403260000000586,0.027060199999993,0.025823600000010674
0.03447,0.027335480000005914,0.029992800000007088,0.043935720000001094
0.034480000000000004,0.044947560000002704,0.028449239999999695,0.024992760000010657
0.03449,0.029203520000002023,0.019541440000007345,0.021361479999996782
0.0345,0.035483439999990235,0.03586036000000654,0.020179800000007686
0.034510000000000006,0.011735599999996599,0.03901120000000369,0.037840879999994484
0.03452,0.021297639999999386,0.039976400000000245,0.0543318799999958
0.034530000000000005,0.0345798799999892,0.0174917200000068,0.04369596000000083
0.03454,0.03002752000000663,0.016342439999998376,0.027523959999999528
0.034550000000000004,0.040786840000001885,0.02990908000000238,0.03636579999999621
0.03456,0.029190040000003897,0.03081512000000662,0.025090679999999754
0.034570000000000004,0.0196055999999952,0.04216592000000687,0.03289867999999597
0.03458,0.021611319999996506,0.034939800000011366,0.032422119999999
0.03459,0.046288599999994746,0.030104880000001107,0.033474679999994116
0.034600000000000006,0.02512488000000383,0.022932440000009827,0.02449507999999396
0.03461,0.03182655999999986,0.018829880000010357,0.0220516399999953
0.034620000000000005,0.037637160000001814,0.029645480000000373,0.03158983999999424
0.03463,0.02878591999999987,0.02615176000000727,0.03631131999999493
0.034640000000000004,0.027527200000001,0.027670719999996964,0.049066079999994426
0.03465,0.026118320000006683,0.018185960000011325,0.04929027999999442
0.03466,0.033048760000001114,0.026385079999993687,0.016628160000000298
0.03467,0.03515596000000603,0.023320880000001064,0.025691320000005246
0.03468,0.02272868000000755,0.03202628000001147,0.03678516000000205
0.034690000000000006,0.0287220399999958,0.03626664000000688,0.03434032000000125
0.0347,0.0373646800000059,0.03058404000001171,0.026520880000011758
0.034710000000000005,0.01985876000000534,0.03223584000000402,0.02432500000000417
0.03472,0.019113679999995702,0.029577039999999284,0.026743280000006142
0.034730000000000004,0.055435360000001606,0.024170799999995007,0.026084360000001243
0.03474,0.02334948000000059,0.049699279999995266,0.02551131999999418
0.03475,0.023050159999999625,0.02852803999999354,0.028532800000003695
0.034760000000000006,0.042791960000001635,0.013323999999993837,0.022912600000007933
0.03477,0.017586279999990018,0.030215359999994827,0.031077560000009417
0.034780000000000005,0.020772320000001517,0.02316603999998925,0.025324199999997715
0.03479,0.022211080000007846,0.0341550799999992,0.017859799999995114
0.034800000000000005,0.030670719999998042,0.030293559999993665,0.02251096000000056
0.03481,0.03364616000000669,0.03412223999999688,0.019727239999999382
0.034820000000000004,0.01945892000000393,0.02054815999999955,0.02673064000000425
0.03483,0.027194720000006275,0.03734140000000482,0.026611960000001388
0.03484,0.04533272000000559,0.024771239999999764,0.033107640000011894
0.034850000000000006,0.043535400000006046,0.030536120000002907,0.03520196000000287
0.03486,0.03576096000000599,0.03704916000000203,0.023706480000006126
0.034870000000000005,0.03809303999999549,0.04160556000000198,0.02723260000000689
0.03488,0.027466039999995348,0.02758476000000777,0.024191999999989992
0.034890000000000004,0.031235079999995474,0.020187719999996422,0.043017880000007044
0.0349,0.05839988000000202,0.02461023999999461,0.03571948000000791
0.034910000000000004,0.020992439999988868,0.019986640000007896,0.026546080000008243
0.03492,0.023080559999994515,0.024422759999998527,0.023751640000000566
0.03493,0.02747144000000756,0.0324096400000075,0.04257024000000732
0.034940000000000006,0.0369234400000005,0.02578316000000627,0.02988624000000795
0.03495,0.030263600000000473,0.026721759999993794,0.02568832000000106
0.034960000000000005,0.021280279999995294,0.019088359999995284,0.022332840000004787
0.03497,0.023813120000003896,0.04045103999999931,0.023532800000004767
0.034980000000000004,0.027027600000006802,0.043797719999994184,0.020797439999999674
0.03499,0.019937759999995246,0.04228323999998994,0.02692447999999422
0.035,0.043362919999997335,0.03501235999999672,0.04479496000000206
0.03501,0.024010679999995094,0.012150240000000397,0.033813079999996776
0.03502,0.022485119999989634,0.039874800000001986,0.02598027999999138
0.035030000000000006,0.020683439999993978,0.028712520000000876,0.03385843999999509
0.03504,0.03016727999999479,0.03439195999999417,0.018107839999990816
0.035050000000000005,0.028310400000001748,0.03281236000000085,0.031638440000007026
0.03506,0.03559191999999489,0.028997880000002238,0.02672596000000587
0.035070000000000004,0.034988279999995306,0.036167200000000156,0.029345400000011724
0.03508,0.02178555999999646,0.035397840000007334,0.027762320000004396
0.03509,0.032554559999995326,0.02479384000000623,0.03588524000000023
0.035100000000000006,0.04080679999999659,0.018926919999989168,0.02693307999998947
0.03511,0.028311559999995368,0.020997800000001208,0.02385967999999451
0.035120000000000005,0.03637396000000683,0.025408679999994545,0.019775000000000986
0.03513,0.03024564000000585,0.026541760000006215,0.03247424000000214
0.035140000000000005,0.04262731999999513,0.020178080000010673,0.01556763999999437
0.03515,0.024719799999989415,0.022277160000006194,0.02006607999999507
0.035160000000000004,0.02631355999999469,0.028038080000006273,0.019005039999994044
0.03517,0.03730771999998895,0.03704512000000764,0.023090359999990602
0.03518,0.029078360000000563,0.02076804000000366,0.04085651999999645
0.035190000000000006,0.026512560000007825,0.03754083999999371,0.03242116000000028
0.0352,0.03610832000000051,0.0482623599999997,0.02469516000000072
0.035210000000000005,0.04122619999999401,0.018128680000011332,0.022531760000007544
0.03522,0.03017284000000062,0.04635571999999431,0.033134040000000774
0.035230000000000004,0.019871320000007586,0.02363711999999385,0.032088840000000195
0.03524,0.03775860000000108,0.039449279999994785,0.017054919999999738
0.035250000000000004,0.03968499999999468,0.02380267999999346,0.01728808000000439
0.03526,0.044458560000006836,0.02858615999999516,0.021586560000006336
0.03527,0.029881560000011843,0.03630884000000455,0.027615280000006102
0.035280000000000006,0.025150279999999425,0.04929020000000165,0.02362892000000125
0.03529,0.040427560000006135,0.04986340000000201,0.026955359999989898
0.035300000000000005,0.028592720000010622,0.03788604000000684,0.033593360000006116
0.03531,0.02554628000000634,0.024564879999998773,0.04466815999999585
0.035320000000000004,0.03518296000000149,0.04222836000000853,0.043913480000000484
0.03533,0.03287439999999128,0.048345359999997395,0.02335279999999418
0.03534,0.02324380000000543,0.019199839999996086,0.02797835999999449
0.03535,0.03640500000000625,0.027127640000001067,0.02303155999999575
0.03536,0.03152175999999378,0.02040647999999611,0.0350718400000005
0.035370000000000006,0.024552880000001005,0.02609408000000012,0.029226999999996534
0.03538,0.030713040000006325,0.02368996000000581,0.031978439999989706
0.035390000000000005,0.019705279999994656,0.03767055999999063,0.018263959999993248
0.0354,0.041460400000003436,0.031528319999989673,0.019638119999999162
0.035410000000000004,0.027931640000000903,0.03533675999999642,0.02791944000000105
0.03542,0.03070904000000198,0.035806639999995254,0.03366572000000171
0.03543,0.03191108000000025,0.038259800000005666,0.03239647999999529
0.035440000000000006,0.03486795999999577,0.03809943999999981,0.02509460000000058
0.03545,0.023301720000005972,0.029801360000000502,0.043815720000001675
0.035460000000000005,0.027389639999993682,0.03656408000000105,0.034795040000004655
0.03547,0.01772971999999297,0.032608599999993826,0.0330082399999995
0.035480000000000005,0.02722544000000498,0.02745940000000481,0.02222924000001175
0.03549,0.029052360000004142,0.026748360000000516,0.024982720000003514
0.035500000000000004,0.01731304000000726,0.025302919999994657,0.028087480000005924
0.03551,0.029171639999990288,0.03962024000000186,0.041498640000001925
0.03552,0.037763399999995485,0.028186159999995714,0.022205880000000282
0.035530000000000006,0.0456845199999957,0.03279579999999677,0.0220531200000063
0.03554,0.031138279999998734,0.02772528000000022,0.05241040000000252
0.035550000000000005,0.024697600000007973,0.03824440000000158,0.04248352000000745
0.03556,0.02959020000000742,0.04200980000000137,0.030743440000003983
0.035570000000000004,0.023519240000004746,0.02094524000000525,0.019853959999994925
0.03558,0.022636200000005564,0.036683360000005896,0.020702280000006446
0.035590000000000004,0.02208991999999994,0.033701720000005896,0.016223160000010575
0.0356,0.037551920000006025,0.029687080000005556,0.026012000000000767
0.03561,0.03552868000001165,0.03437147999999397,0.04074835999999995
0.035620000000000006,0.0299424399999985,0.04079975999999377,0.025770480000005338
0.03563,0.03445123999999862,0.05228024000000234,0.037491200000010015
0.035640000000000005,0.029410840000011637,0.040904959999996396,0.027114440000005093
0.03565,0.030507400000001225,0.023881200000011583,0.02782339999999638
0.035660000000000004,0.022487440000011336,0.023567799999995247,0.022044319999993685
0.03567,0.039606480000006467,0.029403600000001088,0.032045480000002916
0.03568,0.0330848000000057,0.031144440000001633,0.0287783599999947
0.03569,0.03506767999999432,0.025446880000005723,0.01799995999999125
0.0357,0.035213360000005606,0.025168720000007545,0.034757639999993394
0.035710000000000006,0.021983319999999636,0.023242440000006706,0.026705919999996892
0.03572,0.04178820000000761,0.030033880000011535,0.017494400000002196
0.035730000000000005,0.026125159999999998,0.024349240000011364,0.027670240000011535
0.03574,0.02257740000001107,0.017937200000006304,0.034409600000001664
0.035750000000000004,0.053358640000002316,0.032608080000000615,0.03981992000001179
0.03576,0.01361903999999467,0.025480239999998804,0.032707640000012084
0.03577,0.027381920000001284,0.01419056000001023,0.04777480000000842
0.035780000000000006,0.028185520000006927,0.028596480000011408,0.02596172000001147
0.03579,0.04473860000000454,0.026893720000011702,0.04206676000000283
0.035800000000000005,0.023103080000000872,0.04028980000000722,0.0232180799999954
0.03581,0.046229919999995796,0.03387980000000638,0.037983679999994024
0.035820000000000005,0.037927159999995214,0.02451779999999977,0.02092132000000135
0.03583,0.04951191999999427,0.02450316000000123,0.02572652000000551
0.035840000000000004,0.02485076000000137,0.029705679999990076,0.023455040000007456
0.03585,0.03628551999999817,0.024891159999999597,0.040727080000006806
0.03586,0.024534439999997718,0.025121120000000396,0.031797040000006445
0.035870000000000006,0.023126719999990632,0.028123919999999296,0.025012080000000422
0.03588,0.02988151999999616,0.03862388000000465,0.024106080000011403
0.035890000000000005,0.029350840000000055,0.033899199999994245,0.03282556000000628
0.0359,0.0517834799999947,0.02803067999999416,0.04206380000000627
0.035910000000000004,0.026635080000005983,0.03416508000000618,0.03469388000000719
0.03592,0.028699439999990355,0.019740200000000405,0.03445072000000109
0.035930000000000004,0.05315036000000631,0.027639159999995246,0.03646751999999435
0.03594,0.05211140000000714,0.043025439999994176,0.022205520000004163
0.03595,0.03949676000000107,0.02958512000000179,0.031912960000001385
0.035960000000000006,0.028830800000002276,0.024499799999995613,0.038393879999995766
0.03597,0.02470456000000123,0.017665880000001504,0.033621000000001545
0.035980000000000005,0.033107000000000636,0.027837520000001326,0.03848220000000825
0.03599,0.019516719999990047,0.035464759999996556,0.04457740000000042
0.036000000000000004,0.02751716000000013,0.031092760000005323,0.029322159999996
0.03601,0.04404968000000038,0.021913560000001168,0.03309699999999496
0.03602,0.039072879999995244,0.026775959999996105,0.03830196000000507
0.03603,0.01949388000000661,0.02438191999999376,0.03280712000000762
0.03604,0.028892640000000816,0.02340940000000789,0.02939084000000438
0.036050000000000006,0.03662131999999152,0.023002599999995193,0.031178640000011384
0.03606,0.03176871999999402,0.04796923999999529,0.02163195999998902
0.036070000000000005,0.03528712000000653,0.0338080799999945,0.03658775999999437
0.03608,0.03732648000000524,0.023617319999988954,0.03595188000000793
0.036090000000000004,0.03458248000000124,0.027880839999996947,0.031690399999999876
0.0361,0.03601879999999956,0.024323919999995478,0.027347159999990003
0.03611,0.026605960000006968,0.03646844000000426,0.02987824000000196
0.036120000000000006,0.02707687999999392,0.024845480000000714,0.034044680000006405
0.03613,0.024488760000001452,0.035903479999999634,0.048257480000006674
0.036140000000000005,0.029745039999995143,0.028124600000009593,0.030592920000008295
0.03615,0.029229319999995333,0.025554640000004045,0.033634640000007966
0.036160000000000005,0.02178588000000488,0.02951923999999566,0.0259686800000077
0.03617,0.02642087999999475,0.02406967999999851,0.019814000000000623
0.036180000000000004,0.012843520000002186,0.014970319999995143,0.028532880000011532
0.03619,0.0346611200000065,0.019107560000003482,0.020570959999999725
0.0362,0.023903200000000006,0.019118160000011642,0.04426924000000466
0.036210000000000006,0.018085239999990118,0.02130072000000564,0.03539216000001158
0.03622,0.03638520000000855,0.034969880000000966,0.05190004000000756
0.036230000000000005,0.051446640000005615,0.031137959999994184,0.04094800000000712
0.03624,0.030432000000007935,0.032649279999993806,0.02866664000000694
0.036250000000000004,0.023048120000011142,0.03270679999999677,0.026503119999993868
0.03626,0.021190280000005397,0.02376368000000359,0.05599092000000607
0.036270000000000004,0.02660920000000645,0.028534279999996703,0.0331416000000082
0.03628,0.030774720000000633,0.034977400000000373,0.03333740000000771
0.03629,0.032869960000000815,0.02463520000000584,0.032087640000007876
0.036300000000000006,0.023752519999995787,0.031688799999993876,0.05373084000000608
0.03631,0.03403200000000643,0.0350074400000016,0.03558163999999807
0.036320000000000005,0.030832000000006122,0.03542764000000227,0.023711200000005435
0.03633,0.02208184000000542,0.029876559999995188,0.028309880000007275
0.036340000000000004,0.027931440000006004,0.02456131999999528,0.03794836000000123
0.03635,0.03391464000000636,0.02048075999999333,0.026801440000004374
0.03636,0.02332775999999442,0.032173199999994205,0.026075080000009902
0.03637,0.016850360000007635,0.020208120000004555,0.020713559999994652
0.03638,0.03219027999999519,0.039616560000004804,0.02913136000001161
0.036390000000000006,0.02048823999999409,0.028140759999989506,0.027500760000006754
0.0364,0.02096871999999351,0.039789320000000926,0.03218339999999664
0.036410000000000005,0.022662879999989644,0.01795587999998985,0.01506620000000001
0.03642,0.03551519999999358,0.013925880000006961,0.019436680000001424
0.036430000000000004,0.01669007999999931,0.034822320000006145,0.03620163999999923
0.03644,0.031245040000001296,0.037821920000004526,0.020005799999994498
0.03645,0.037623079999995736,0.03789107999999383,0.026761120000000787
0.036460000000000006,0.02305615999999533,0.027652079999995263,0.027749040000005918
0.03647,0.025826959999995368,0.02342256000000006,0.034686080000004914
0.036480000000000005,0.036770200000001745,0.028664399999994296,0.02438404000000166
0.03649,0.04468932000000734,0.034647000000000754,0.03194648000000085
0.036500000000000005,0.05068412000000323,0.031762040000002066,0.025517320000000593
0.03651,0.023162039999995918,0.03748539999998938,0.03496400000000639
0.036520000000000004,0.03367663999999554,0.028099559999991256,0.04662568000000703
0.03653,0.031013119999990083,0.026422799999994775,0.03771860000000455
0.03654,0.027081959999995877,0.027880279999995327,0.03197139999999686
0.036550000000000006,0.025317440000005475,0.030581399999995793,0.017035119999994932
0.03656,0.04015400000000819,0.027544959999990005,0.024792119999995928
0.036570000000000005,0.03494208000000322,0.02632284000000649,0.02094356000000624
0.03658,0.033926720000007224,0.03704439999999746,0.0293932799999993
0.036590000000000004,0.022986520000001086,0.04052320000000741,0.019675120000004563
0.0366,0.024606679999991006,0.03132239999998936,0.04038832000000795
0.036610000000000004,0.014993360000007477,0.017476999999990833,0.03969571999999969
0.03662,0.025808279999994164,0.031208199999996213,0.018512840000004152
0.03663,0.03313235999999598,0.025245759999995062,0.037227200000011694
0.036640000000000006,0.027653999999994437,0.021798240000001228,0.02357212000000329
0.03665,0.02079604000000589,0.03218827999999565,0.03938640000001171
0.036660000000000005,0.021411120000011327,0.03897707999999635,0.02987620000000428
0.03667,0.031634400000006245,0.02538343999999951,0.025858439999996482
0.036680000000000004,0.023740760000000947,0.027726399999994832,0.019848720000000646
0.03669,0.025392280000001044,0.040082399999997666,0.023100919999994307
0.0367,0.03305268000000618,0.04479548000000861,0.01626651999998957
0.03671,0.028668240000007755,0.025416440000002326,0.02419591999999096
0.03672,0.025096999999996282,0.018843520000002632,0.032856239999996026
0.036730000000000006,0.015043279999994769,0.032143480000007926,0.037482199999995386
0.03674,0.023983479999996324,0.0323706400000011,0.028234240000000195
0.036750000000000005,0.03354388000000598,0.01228688000001043,0.023632080000011227
0.03676,0.02546479999999631,0.018085600000011713,0.03035192000000994
0.036770000000000004,0.02101379999999945,0.02407179999999876,0.026297440000010545
0.03678,0.01768816000000202,0.04394871999999558,0.03297984000000164
0.03679,0.02778579999999525,0.022414440000005188,0.05386928000000789
0.036800000000000006,0.043931760000001124,0.020379200000000573,0.03058320000000627
0.03681,0.03208287999999552,0.0225839599999949,0.018114119999999456
0.036820000000000006,0.04422539999999405,0.026318080000001326,0.029320839999995383
0.03683,0.040103800000001695,0.045093559999996494,0.026023560000005164
0.036840000000000005,0.019824320000004635,0.03411068000000489,0.026043039999994005
0.03685,0.03409144000000481,0.03332599999999452,0.03699872000001143
0.036860000000000004,0.03382628000000043,0.024303039999999644,0.02752540000000745
0.03687,0.03602184000000656,0.046818279999996444,0.047622000000008095
0.03688,0.028360399999999043,0.03253995999999584,0.0432301600000117
0.036890000000000006,0.015581400000001123,0.030558719999993666,0.05279968000000829
0.0369,0.014567199999999236,0.02482236000000109,0.04196792000000876
0.036910000000000005,0.027902919999996688,0.030772560000003817,0.0299486400000012
0.03692,0.023397840000006824,0.041010759999996795,0.01931188000000594
0.036930000000000004,0.04725692000000529,0.028184479999996126,0.027604600000011775
0.03694,0.04073588000000627,0.030002359999995724,0.040822000000001704
0.036950000000000004,0.02772091999999738,0.027284080000001664,0.04012028000001192
0.03696,0.02960756000000807,0.02863927999999154,0.03418592000001178
0.03697,0.035125640000003615,0.03302751999999693,0.037689840000007954
0.036980000000000006,0.03009448000000652,0.022926919999989307,0.028889239999997283
0.03699,0.026254400000004664,0.037450120000005846,0.03443324000000628
0.037000000000000005,0.049250840000008726,0.02492903999998927,0.034249600000007874
0.03701,0.018428039999995156,0.033657640000001036,0.027360440000006724
0.037020000000000004,0.018009799999999843,0.023590759999995856,0.03256275999999508
0.03703,0.0181408800000086,0.03346968000000017,0.030519400000006438
0.037040000000000003,0.019234880000001564,0.04758936000000145,0.025674400000005957
0.03705,0.02822400000000197,0.03286871999999584,0.020407680000006066
0.03706,0.030493480000010263,0.02511355999999491,0.025994079999994806
0.037070000000000006,0.027310440000007978,0.02676448000000403,0.02280927999998977
0.03708,0.03526747999999913,0.02013696000000607,0.020362079999991956
0.037090000000000005,0.02825508000000518,0.029891400000011656,0.030346480000000283
0.0371,0.028768759999994724,0.025773560000009934,0.025767159999996243
0.037110000000000004,0.0214862000000016,0.022250439999999618,0.014626080000006673
0.03712,0.026501039999994837,0.03175140000000463,0.01888611999999434
0.03713,0.029293360000004473,0.03585296000000555,0.030547120000005624
0.037140000000000006,0.029001120000000106,0.02974448000000166,0.019384400000005013
0.03715,0.025674759999989753,0.0385535600000049,0.03544868000000682
0.037160000000000006,0.021422440000001663,0.0240431200000022,0.03602088000000139
0.03717,0.03781676000000037,0.019988399999995833,0.031411720000004265
0.037180000000000005,0.029981999999991543,0.023405400000006155,0.02688304000001171
0.03719,0.050267679999994444,0.02434972000000004,0.03216256000000022
0.037200000000000004,0.02474560000000505,0.027055719999996102,0.03685351999999764
0.03721,0.038748999999994455,0.02700972000000781,0.030777119999996674
0.03722,0.03547511999999138,0.015781880000005515,0.02169207999999958
0.037230000000000006,0.040964400000002274,0.024655200000006646,0.02826671999999535
0.03724,0.033726919999989675,0.026945919999995623,0.046170799999996154
0.037250000000000005,0.061985960000002234,0.0362057200000029,0.02171967999999425
0.03726,0.03584348000000191,0.03254140000000667,0.03030339999999382
0.037270000000000005,0.03274996000000456,0.028789360000000732,0.02180923999999715
0.03728,0.02340995999999483,0.02888519999999472,0.01777015999998957
0.037290000000000004,0.038386120000007275,0.022685519999995452,0.021931800000000216
0.0373,0.01938072000001136,0.02799980000000161,0.02602807999999385
0.03731,0.019679239999988756,0.026264759999996123,0.03576715999999638
0.037320000000000006,0.025790519999989204,0.03400544000000621,0.027356120000001035
0.03733,0.014409759999999655,0.04576087999999623,0.016497600000005237
0.037340000000000005,0.018294160000010252,0.05150444000000774,0.028574400000000014
0.03735,0.02906132000000788,0.028286760000002645,0.017034600000007703
0.037360000000000004,0.019047000000000716,0.029048079999994973,0.04178711999999519
0.03737,0.00859012000001002,0.02224139999999147,0.03598743999999383
0.037380000000000004,0.022847519999993963,0.01916611999999213,0.03739168000000177
0.03739,0.03669495999999906,0.03853536000000773,0.030105320000001417
0.0374,0.03085007999999679,0.01849283999999496,0.040942839999997
0.037410000000000006,0.02104100000000105,0.026594479999994643,0.029587160000006635
0.03742,0.021400880000011526,0.03998092000000702,0.032369119999999876
0.037430000000000005,0.02996687999999331,0.031284920000000126,0.034885639999997775
0.03744,0.06920592000000296,0.03930448000000792,0.024746559999994665
0.037450000000000004,0.030527920000010745,0.03031556000000779,0.02643116000000064
0.03746,0.02909604000000508,0.02761704000000533,0.022151280000011757
0.03747,0.028587719999996895,0.027205440000006423,0.021921840000001615
0.037480000000000006,0.034027120000000514,0.030858760000007767,0.024433880000011423
0.03749,0.021982119999997468,0.03587855999999933,0.02660400000000155
0.037500000000000006,0.023818879999996406,0.038130320000009495,0.02137476000000639
0.03751,0.04992236000000596,0.02504268000000534,0.028587520000007128
0.037520000000000005,0.029009319999999218,0.044667159999995876,0.030068840000006564
0.03753,0.04368660000000084,0.026428039999995677,0.0321083600000055
0.037540000000000004,0.03722204000000563,0.027900479999990006,0.050185560000002065
0.03755,0.03378884000001184,0.04054091999999021,0.030055560000002063
0.03756,0.03032908000000645,0.03832359999999724,0.04879627999999522
0.037570000000000006,0.030787320000005485,0.029846159999994883,0.02574880000000055
0.03758,0.03023291999999454,0.030118479999997647,0.029036480000005176
0.037590000000000005,0.022431559999997377,0.03615220000000207,0.031969479999993264
0.0376,0.032527119999997245,0.03325776000000179,0.04555635999999487
0.037610000000000005,0.032214759999999426,0.030998799999996687,0.044249679999994754
0.03762,0.024873240000004442,0.024038840000006608,0.038798599999995
0.037630000000000004,0.04304220000000721,0.02358503999999512,0.04830291999999707
0.03764,0.020002840000003557,0.029784960000006924,0.04771815999999599
0.03765,0.030884920000002442,0.018860560000004398,0.033559039999995384
0.037660000000000006,0.019940839999993135,0.04288552000001196,0.03399764000000117
0.03767,0.03826264000000123,0.02611119999999939,0.04021616000000716
0.037680000000000005,0.034649200000001414,0.03130664000000696,0.03373332000000423
0.03769,0.016514080000004882,0.0237728800000002,0.0245770799999956
0.037700000000000004,0.03275256000000174,0.0504923200000073,0.031525439999995755
0.03771,0.02227764000000621,0.025442279999996122,0.020882439999995644
0.037720000000000004,0.022694959999994848,0.028294840000000907,0.020062479999996014
0.03773,0.03200152000000243,0.017634520000010586,0.03616180000000614
0.03774,0.0243161200000071,0.02995912000000115,0.031185519999995456
0.037750000000000006,0.013355999999998218,0.019772440000006265,0.02238407999999628
0.03776,0.03110751999999962,0.020748200000005587,0.033893200000002136
0.037770000000000005,0.030588719999995673,0.029615960000005423,0.02328272000000212
0.03778,0.028393360000006272,0.03956347999999603,0.03415128000001194
0.037790000000000004,0.02839399999999547,0.03410276000000804,0.03182180000001144
0.0378,0.02764619999999589,0.046585679999995036,0.022201920000007175
0.03781,0.03347027999999511,0.03215283999999447,0.02507588000000167
0.037820000000000006,0.024215840000007528,0.030265760000000613,0.018659959999994227
0.03783,0.03190716000000572,0.0203228800000014,0.025995280000003968
0.037840000000000006,0.028580720000008265,0.031345560000000015,0.013769559999995969
0.03785,0.029792920000006044,0.03779080000000656,0.03707236000000594
0.037860000000000005,0.023261719999999667,0.025802800000004872,0.03027180000000005
0.03787,0.02486527999999525,0.049964400000001394,0.02020940000000808
0.037880000000000004,0.02678195999999385,0.03130600000000495,0.027547160000006617
0.03789,0.024770679999998463,0.024041280000000373,0.028883360000004073
0.0379,0.025807759999999458,0.01715083999999413,0.041524400000004895
0.037910000000000006,0.026383319999999946,0.025484639999988908,0.03435776000000672
0.03792,0.02083023999999902,0.034595479999994225,0.02989372000001055
0.037930000000000005,0.02743408000000063,0.027088479999999797,0.028268560000001445
0.03794,0.028476039999999488,0.02284811999999554,0.02238504000000454
0.037950000000000005,0.03614251999999602,0.014924679999991869,0.012230120000004759
0.03796,0.031086439999997606,0.03168263999999394,0.02486447999999459
0.037970000000000004,0.03311367999999559,0.030810439999989742,0.03718951999999868
0.03798,0.039017800000006556,0.02751131999999658,0.02180435999999394
0.03799,0.0427130400000066,0.02718595999999967,0.019933919999993933
0.038000000000000006,0.0422732400000094,0.03092279999998946,0.025829200000005638
0.03801,0.022195119999999912,0.03489363999999473,0.031408240000001544
0.038020000000000005,0.02777671999999553,0.03783340000000216,0.028754439999999472
0.03803,0.024165319999995667,0.03240336000000486,0.030785959999999623
0.038040000000000004,0.02049336000000389,0.030464840000009777,0.033026279999996855
0.03805,0.03569427999999969,0.03702660000000216,0.022011840000004522
0.038060000000000004,0.02365875999998958,0.027700400000006727,0.038683119999995276
0.03807,0.03128687999999654,0.021505000000001582,0.034428480000000414
0.03808,0.028408520000001287,0.027664479999994707,0.030314760000006883
0.038090000000000006,0.03293096000000821,0.01793447999998958,0.053031480000007784
0.0381,0.03287684000000081,0.0342229199999994,0.011693599999999653
0.038110000000000005,0.01646871999999578,0.04427027999999486,0.03306139999999978
0.03812,0.0263680399999896,0.03346016000000149,0.03762347999999733
0.038130000000000004,0.03554532000000791,0.02204163999999705,0.04184187999999192
0.03814,0.030116399999997424,0.02993792000000583,0.03806235999998982
0.03815,0.022112600000007605,0.03509359999999615,0.024681519999989986
0.038160000000000006,0.02268863999999468,0.03740023999999454,0.03906772000000055
0.03817,0.01677503999999493,0.04171967999999562,0.019841639999993464
0.038180000000000006,0.020228639999998393,0.04295596000000072,0.05670803999999777
0.03819,0.05004719999999512,0.018000319999996184,0.04903783999999055
0.038200000000000005,0.040927559999993646,0.01775428000000648,0.05842723999999097
0.03821,0.04062504000000044,0.02624971999999981,0.04139435999999046
0.038220000000000004,0.04497024000000646,0.03291288000000713,0.028165119999994864
0.03823,0.041447040000001475,0.026834559999991264,0.06004179999999457
0.03824,0.04568031999999385,0.02847083999999601,0.03145188000000061
0.038250000000000006,0.040866560000004666,0.030464919999991697,0.013222400000000967
0.03826,0.04163164000000517,0.03142771999999056,0.04286436000000018
0.038270000000000005,0.032577079999996046,0.03607396000000606,0.021469319999995476
0.03828,0.029138639999993134,0.024609760000005528,0.03502963999999735
0.038290000000000005,0.02238664000000529,0.04141240000000691,0.03509123999999641
0.0383,0.03328616000000529,0.05028679999999666,0.03220412000000187
0.038310000000000004,0.055453440000001415,0.043918680000006274,0.029814719999995964
0.03832,0.02994204000000812,0.03221923999999611,0.03297584000000428
0.03833,0.021168759999998517,0.030432759999999164,0.030660160000004877
0.038340000000000006,0.02375983999999532,0.05221024000000068,0.03552356000000233
0.03835,0.04382836000000832,0.033388719999995375,0.026663880000001566
0.038360000000000005,0.03889496000000752,0.035611240000004714,0.031830040000005624
0.03837,0.03488488000000288,0.027096999999994438,0.023223079999994928
0.038380000000000004,0.033649320000007726,0.025463760000000793,0.031207600000006237
0.03839,0.035735759999999964,0.037572760000002085,0.0465614800000069
0.038400000000000004,0.02399528000000434,0.029812839999996947,0.03931484000000532
0.03841,0.019962200000011233,0.03323155999999777,0.025022999999996562
0.03842,0.022447039999999193,0.024792879999996062,0.025710079999996537
0.038430000000000006,0.022500720000005976,0.022478239999989928,0.0446654800000012
0.03844,0.018662320000000825,0.023901319999996073,0.04730979999999526
0.038450000000000005,0.0205202800000113,0.02948311999999468,0.029227599999996204
0.03846,0.046835759999997235,0.02830764000001188,0.03671440000000725
0.038470000000000004,0.03613292000001173,0.02715620000000785,0.021497560000005533
0.03848,0.035308280000011884,0.03971579999999971,0.012360200000001063
0.03849,0.02997464000000622,0.01957943999999464,0.026601839999994884
0.038500000000000006,0.025000880000009093,0.030060039999994622,0.026802240000000463
0.03851,0.026394679999989644,0.04201920000000032,0.026250160000006822
0.038520000000000006,0.021889239999994866,0.018442840000000283,0.026008680000005783
0.03853,0.03513491999999563,0.022123400000000428,0.023043519999996983
0.038540000000000005,0.04646452000000006,0.020263439999995265,0.04027723999999523
0.03855,0.045594760000006625,0.02893787999999966,0.017934799999995383
0.038560000000000004,0.03657863999999957,0.03310167999999891,0.038413320000008105
0.03857,0.042276120000005885,0.039171599999989495,0.02608920000000476
0.03858,0.034684759999999704,0.02677135999999451,0.04502936000000813
0.038590000000000006,0.04120979999999965,0.015411440000001128,0.03790195999999558
0.0386,0.030955600000005967,0.01785719999999544,0.031833840000005
0.038610000000000005,0.03423836000000643,0.023345960000001685,0.02607192000000741
0.03862,0.030071000000009805,0.04244812000000021,0.03257787999999675
0.038630000000000005,0.02327508000000626,0.0427515599999943,0.028833199999994036
0.03864,0.024771960000008034,0.0368969200000008,0.035469999999995
0.038650000000000004,0.03472756000000768,0.025848119999989583,0.03198951999999912
0.03866,0.03530240000000604,0.02560895999999543,0.03929228000000733
0.03867,0.038107360000000534,0.040713040000000526,0.02532648000001057
0.038680000000000006,0.029331240000007103,0.036638879999995606,0.029764000000006282
0.03869,0.047590280000006216,0.04087007999999632,0.03552560000000128
0.038700000000000005,0.04372392000000576,0.025677200000005933,0.02715552000000964
0.03871,0.0496050800000018,0.04569656000000619,0.022834400000009296
0.038720000000000004,0.01932388000001059,0.02414628000000584,0.024929160000001605
0.03873,0.025005680000005942,0.024450559999994886,0.0163268800000051
0.038740000000000004,0.02625084000000641,0.03038880000000196,0.029754559999995146
0.03875,0.032181920000007906,0.025585080000001457,0.04793987999999572
0.03876,0.021810719999989035,0.03245168000000195,0.03760635999999639
0.038770000000000006,0.021498600000006047,0.023410000000001284,0.029785759999989843
0.03878,0.03624512000000574,0.04118071999999974,0.038092359999995454
0.038790000000000005,0.028468800000011875,0.016277480000005264,0.04183683999999427
0.0388,0.032024560000001506,0.022961319999991445,0.028072320000000647
0.038810000000000004,0.03112496000000107,0.025800519999994963,0.033803079999992526
0.03882,0.0390659600000009,0.037751400000007346,0.03977015999999027
0.03883,0.03998920000000275,0.024750519999999925,0.029599959999991474
0.038840000000000006,0.02936420000000061,0.03603228000000509,0.028076479999999605
0.03885,0.0261793600000058,0.025702959999994873,0.03648972000000702
0.038860000000000006,0.029714119999996205,0.02724856000001144,0.019084839999999156
0.03887,0.028613320000006676,0.026008640000000294,0.030628120000001844
0.038880000000000005,0.027923959999999116,0.030145520000004002,0.038506480000005
0.03889,0.037054679999998306,0.018604319999999418,0.03190228000000637
0.038900000000000004,0.04681067999999584,0.03383312000000789,0.021113559999995094
0.03891,0.03761451999999428,0.050761399999997264,0.023529239999999747
0.03892,0.03724299999999424,0.025730199999993295,0.03966712000001166
0.038930000000000006,0.024425039999989764,0.03415408000000613,0.026058199999999372
0.03894,0.02900451999999572,0.03250284000000633,0.02315848000000482
0.038950000000000005,0.03788563999999523,0.030420360000002977,0.02687263999999346
0.03896,0.032924159999996,0.016649719999989546,0.03367235999999684
0.038970000000000005,0.022179600000000948,0.029584720000002132,0.016885239999990247
0.03898,0.019007119999995235,0.0312214000000006,0.023631319999999085
0.038990000000000004,0.03053719999998988,0.0345979599999997,0.038046199999996096
0.039,0.026558160000000032,0.02366199999999568,0.03507235999999947
0.03901,0.030133000000006634,0.03992092000000066,0.03853104000000111
0.039020000000000006,0.024611360000006355,0.03167447999998967,0.02922883999999923
0.03903,0.021749520000004345,0.02224815999998964,0.03889047999999503
0.039040000000000005,0.013763880000006931,0.02178855999999441,0.01250719999999952
0.03905,0.017886040000003982,0.03131419999999666,0.021461040000007613
0.039060000000000004,0.024172480000000156,0.0295087200000009,0.0194847600000104
0.03907,0.021982600000007794,0.02219475999999664,0.03848796000000703
0.039080000000000004,0.031545160000005124,0.021331640000001647,0.040038040000006755
0.03909,0.033148360000000175,0.023544559999996266,0.040220080000001567
0.0391,0.02761272000000232,0.031273240000004976,0.017478000000003272
0.039110000000000006,0.023952759999994657,0.020018400000011424,0.027178800000007136
0.03912,0.020018480000005792,0.024032280000004444,0.022319320000000403
0.039130000000000005,0.016168400000006026,0.01912827999998934,0.01771403999999331
0.03914,0.011840760000003921,0.021004839999988954,0.021431960000000683
0.039150000000000004,0.03528008000000277,0.03293371999999934,0.03504692000000628
0.03916,0.04402752000000716,0.013916919999989593,0.01888204000000432
0.03917,0.03383988000000671,0.027109999999996012,0.031128000000001616
0.039180000000000006,0.028261880000001342,0.021501319999996635,0.027287199999994804
0.03919,0.02593408000000041,0.025494919999991008,0.025674479999989553
0.039200000000000006,0.025512360000006132,0.01893772000000583,0.024980319999990917
0.03921,0.030152400000000853,0.03515183999999981,0.03272815999999515
0.039220000000000005,0.025754000000001432,0.033082680000001995,0.040392640000004074
0.03923,0.032985920000011666,0.03928228000000045,0.032528159999996614
0.039240000000000004,0.03352283999999633,0.02099016000000374,0.026885640000001345
0.03925,0.04140876000000548,0.02715563999999653,0.02663276000000741
0.03926,0.04549307999999599,0.02091864000000552,0.029329320000002455
0.039270000000000006,0.03814595999999598,0.029629280000004903,0.02834956000000711
0.03928,0.017183199999994885,0.029811680000003945,0.021068080000000027
0.039290000000000005,0.023042879999998957,0.029578440000004605,0.026407520000006877
0.0393,0.023934119999995028,0.01850623999999528,0.03300136000000674
0.039310000000000005,0.044307599999997456,0.022941560000007088,0.03193292000000073
0.03932,0.035625519999989294,0.017483119999994263,0.042359479999995404
0.039330000000000004,0.035320639999996156,0.024968919999989448,0.0375413200000068
0.03934,0.04424395999999509,0.023551799999999613,0.04436743999999593
0.03935,0.01724360000000067,0.019375399999994238,0.04172324000000181
0.039360000000000006,0.018802160000002302,0.022056879999989502,0.0446196400000058
0.03937,0.018727359999994357,0.031387360000006394,0.044940680000010565
0.039380000000000005,0.01665616000000511,0.04279812000000144,0.043033919999996145
0.03939,0.022543680000001478,0.035883840000001006,0.031766280000005434
0.039400000000000004,0.0364082000000112,0.02585756000001097,0.023588839999995937
0.03941,0.03189660000000037,0.016191880000003638,0.02480540000000609
0.039420000000000004,0.03494708000000199,0.027247600000010176,0.027765520000006132
0.03943,0.039401160000006596,0.03252064000000536,0.025448640000006
0.03944,0.025158040000001068,0.046005440000006344,0.030586760000005486
0.039450000000000006,0.022961760000005663,0.026602600000000018,0.028205880000000485
0.03946,0.030418079999995486,0.02810644000000527,0.042385479999999746
0.039470000000000005,0.03185804000000483,0.0341812800000066,0.04420328000000721
0.03948,0.02518748000000638,0.022503439999996284,0.04048752000001085
0.039490000000000004,0.03434292000000153,0.03478700000000024,0.028937800000001474
0.0395,0.03820435999999505,0.03372131999999566,0.032433839999996515
0.03951,0.018973880000005498,0.027992039999995742,0.03674764000000709
0.039520000000000007,0.025796439999998946,0.03218340000000045,0.03021095999999454
0.03953,0.023749520000004257,0.034286519999988975,0.016469919999994115
0.039540000000000006,0.024548599999994147,0.034828080000005784,0.03629768000000616
0.03955,0.033952560000001,0.012365800000004978,0.033145000000010826
0.039560000000000005,0.03866656000000086,0.022866439999993115,0.03164452000000052
0.03957,0.03676955999999533,0.019686759999991133,0.02116660000000009
0.039580000000000004,0.025022839999993524,0.024323440000000335,0.039904240000000674
0.03959,0.0213397600000005,0.025995120000006356,0.02663963999999515
0.0396,0.031651679999994464,0.03647492000000192,0.03196139999999383
0.039610000000000006,0.03503084000000147,0.03432496000000717,0.03244911999999908
0.03962,0.022795920000011093,0.03462339999999643,0.03161028000000426
0.039630000000000006,0.032639160000006724,0.0487835999999958,0.027265840000001134
0.03964,0.020666480000011277,0.032900560000004936,0.01852136000000718
0.039650000000000005,0.02898080000000254,0.04505116000000555,0.0356552000000063
0.03966,0.038498600000001104,0.03270016000000562,0.03972775999999643
0.039670000000000004,0.019883920000006633,0.047361960000007246,0.034932960000006834
0.03968,0.029230640000002195,0.036021840000006765,0.03286868000000567
0.03969,0.025044400000006503,0.030959239999999767,0.03294091999999659
0.039700000000000006,0.036059680000001294,0.026006199999991337,0.028140360000001495
0.03971,0.026531360000001978,0.03395687999999531,0.033968200000006284
0.039720000000000005,0.02337147999999543,0.023003560000005398,0.029422880000001442
0.03973,0.05261023999999538,0.02707624000000656,0.03137087999999431
0.039740000000000004,0.033343320000003895,0.0233175599999952,0.03553187999999476
0.03975,0.057393600000000884,0.02773764000000036,0.029999240000005905
0.039760000000000004,0.020305640000001495,0.04763171999999685,0.025755640000005627
0.03977,0.03604760000000334,0.034210759999996496,0.027146240000000477
0.03978,0.028607800000007535,0.034251559999996156,0.041602880000007246
0.039790000000000006,0.028921240000001257,0.024453520000000305,0.049706920000000744
0.0398,0.024688120000007772,0.034829920000005336,0.038970480000000356
0.039810000000000005,0.02389068000000143,0.0314074400000017,0.05133604000000142
0.03982,0.022355960000005726,0.04138328000000197,0.040960320000006524
0.039830000000000004,0.043171880000005686,0.018351839999999255,0.05046871999999651
0.03984,0.03528972000000709,0.02802331999999646,0.04084047999999683
0.039850000000000003,0.023196840000011366,0.019702800000007327,0.03439603999999514
0.03986000000000001,0.023649560000001804,0.032390520000004225,0.04215255999999657
0.03987,0.02591043999999559,0.03600952000000665,0.041378199999990144
0.039880000000000006,0.026155039999995286,0.026288640000002677,0.034467319999990365
0.03989,0.02312588000000728,0.024239880000000172,0.04069624000000694
0.039900000000000005,0.026947199999996993,0.033090799999996486,0.028258239999994963
0.03991,0.0243862799999946,0.019696320000005957,0.021675640000004586
0.039920000000000004,0.026731680000002252,0.047650680000007314,0.02814676000001174
0.03993,0.02393412000000083,0.04356779999999789,0.02929624000000102
0.03994,0.04463371999999702,0.03041339999998964,0.04088511999999001
0.039950000000000006,0.03361279999999716,0.014939400000005638,0.01786559999999564
0.03996,0.021468679999989866,0.026908319999995222,0.03175023999999899
0.039970000000000006,0.019995240000000813,0.0479318400000012,0.014047640000002328
0.03998,0.034133480000001826,0.04054768000000613,0.03331623999999156
0.039990000000000005,0.023162479999994056,0.016496600000004916,0.04387887999999572
0.04,0.02059232000000015,0.03076708000000055,0.03150660000000684
0.040010000000000004,0.02191916000000635,0.025321039999999507,0.019538759999990364
0.04002,0.019854400000004803,0.03076656000000596,0.023323440000004587
0.04003,0.0247514000000054,0.020102200000000015,0.022984400000004842
0.040040000000000006,0.0412524000000075,0.03893764000000087,0.030187520000006948
0.04005,0.025266079999999823,0.02968408000000197,0.03240460000000576
0.040060000000000005,0.032968600000000944,0.02436520000000081,0.02312827999998966
0.04007,0.020608080000004064,0.02368164000000005,0.024600959999996386
0.040080000000000005,0.037878560000000214,0.039339960000001464,0.025757759999993954
0.04009,0.02688216000000733,0.024743440000000283,0.030720959999989098
0.040100000000000004,0.022219959999989703,0.029488160000005877,0.03798823999999153
0.04011,0.03686179999999406,0.02685655999999017,0.03768771999999026
0.04012,0.04460855999999574,0.030833519999999295,0.02185243999999535
0.040130000000000006,0.02632767999999421,0.039767720000000714,0.02856883999999454
0.04014,0.02137504000000037,0.03904552000000773,0.027685239999990504
0.040150000000000005,0.030213000000011717,0.044590160000001156,0.03172963999999503
0.04016,0.020847119999993953,0.03033716000000573,0.02227379999999936
0.040170000000000004,0.022556120000000828,0.02520847999999587,0.02893628000000749
0.04018,0.03422600000000646,0.02994771999999555,0.01960184000000086
0.040190000000000003,0.033234720000003506,0.01804811999999909,0.01309335999998895
0.04020000000000001,0.017193480000007193,0.030866159999997006,0.031680319999993344
0.04021,0.016114920000007492,0.02344076000000642,0.04915032000000058
0.040220000000000006,0.050208320000003755,0.027694920000000112,0.020365519999994315
0.04023,0.03771720000000715,0.03241656000000443,0.0348723199999896
0.040240000000000005,0.032281039999995646,0.026332479999990575,0.03855235999999461
0.04025,0.03718371999999392,0.03046344000000722,0.03511595999998968
0.040260000000000004,0.040553119999995856,0.024584879999993897,0.02807235999998958
0.04027,0.03127671999999394,0.04087239999999722,0.025596519999995425
0.04028,0.03866203999998991,0.029011920000001665,0.021175160000000262
0.040290000000000006,0.036047959999994834,0.018964599999995557,0.028583959999994125
0.0403,0.03410495999999668,0.0325844799999969,0.035000840000011677
0.040310000000000006,0.023389239999993663,0.034861800000001025,0.03406672000000717
0.04032,0.032842120000007545,0.03811419999999554,0.025185000000007025
0.040330000000000005,0.023071120000003952,0.017403079999989766,0.029699440000001607
0.04034,0.03170240000000346,0.031077159999999483,0.022965799999990717
0.040350000000000004,0.026342440000001143,0.038705400000000265,0.022041919999989962
0.04036,0.03253484000000666,0.014279640000000905,0.03342267999999772
0.04037,0.027708480000004133,0.03388428000000021,0.02110551999999995
0.040380000000000006,0.025953999999993854,0.03471187999999604,0.04076711999999993
0.04039,0.028972000000000123,0.02973156000000672,0.01782003999999975
0.040400000000000005,0.02319743999999996,0.027915560000007562,0.026664720000005023
0.04041,0.034519879999995916,0.03402115999999995,0.044582800000001706
0.040420000000000005,0.03356707999999119,0.025528599999994534,0.03447556000000166
0.04043,0.032158160000000074,0.03738344000000212,0.04054912000001208
0.040440000000000004,0.04327756000000056,0.026199279999996907,0.03235196000000076
0.04045,0.02787392000000771,0.03250403999999673,0.0276256000000068
0.04046,0.03612799999999976,0.02395272000000553,0.035112080000004216
0.040470000000000006,0.020796999999999934,0.029565199999995496,0.03164799999999503
0.04048,0.03369911999999007,0.026893439999995383,0.030263040000008064
0.040490000000000005,0.03641651999999524,0.020729760000000878,0.026951200000004
0.0405,0.024691079999993207,0.02872540000000746,0.022061360000002073
0.040510000000000004,0.03454307999999002,0.02428116000001134,0.017521320000006474
0.04052,0.025419199999994726,0.019952160000007314,0.036810839999997395
0.040530000000000004,0.021704039999996885,0.0404146800000031,0.026629640000003504
0.04054000000000001,0.04497139999999588,0.0284710800000044,0.04549176000000055
0.04055,0.036114120000000215,0.044532000000002556,0.05382932000000833
0.040560000000000006,0.021986639999995932,0.030069120000001164,0.04354407999999698
0.04057,0.018626119999999503,0.023104559999999608,0.0436992799999979
0.040580000000000005,0.020281640000011352,0.02832912000000195,0.04789344000000574
0.04059,0.02614212000000061,0.03463275999999365,0.03878144000000031
0.040600000000000004,0.035109319999996016,0.03909275999999943,0.038382440000004674
0.04061,0.029973839999993503,0.0261142399999915,0.02702612000000159
0.04062,0.03549491999999905,0.03806588000000051,0.03362636000000079
0.040630000000000006,0.025043359999993603,0.030625559999997144,0.03435628000000536
0.04064,0.021933200000003684,0.032444079999995844,0.01898864000000648
0.040650000000000006,0.025307240000000463,0.03477135999999477,0.03214816000000155
0.04066,0.018922239999994376,0.022433359999994695,0.01960043999999143
0.040670000000000005,0.0243449200000114,0.031689239999996524,0.03514879999999586
0.04068,0.036180800000006556,0.024361399999996793,0.03285171999999881
0.040690000000000004,0.03978868000000484,0.02932131999999524,0.013851320000005728
0.0407,0.026434240000004994,0.04067160000000512,0.010421279999996874
0.04071,0.025884320000001137,0.04785912000000816,0.0320371999999965
0.040720000000000006,0.02316275999999513,0.034195040000007934,0.034185119999996905
0.04073,0.02384988000000127,0.04607344000000542,0.021805960000004336
0.040740000000000005,0.022512679999999192,0.011550319999998894,0.034813480000000306
0.04075,0.024465399999999634,0.03166892000000421,0.011209680000004411
0.040760000000000005,0.02408287999999552,0.031373920000000124,0.033598479999995816
0.04077,0.03564288000000656,0.03740520000000199,0.018949200000006685
0.040780000000000004,0.04228336000000571,0.02274175999999501,0.017114760000004975
0.04079,0.047960919999996805,0.04040443999999501,0.04688548000000785
0.0408,0.029940879999995236,0.0573107200000055,0.03243716000000221
0.040810000000000006,0.0256010399999899,0.0205398800000062,0.030619079999991364
0.04082,0.029515479999995677,0.03056307999999963,0.0501729199999963
0.040830000000000005,0.026362840000000547,0.029009520000002037,0.03252631999999502
0.04084,0.018377799999995687,0.035922079999999836,0.02989123999999677
0.040850000000000004,0.03621588000000732,0.025145759999990018,0.01879552000000563
0.04086,0.02726700000001154,0.054529360000002455,0.03245363999999913
0.040870000000000004,0.021292359999995014,0.027500080000004784,0.03294495999999645
0.04088000000000001,0.02370652000000643,0.018382840000000376,0.0434317600000068
0.04089,0.037418160000000665,0.032421399999996846,0.032852920000001805
0.040900000000000006,0.02912560000000131,0.02441539999999738,0.024461359999989718
0.04091,0.02607924000000506,0.03360384000001106,0.026560639999993373
0.040920000000000005,0.025375000000005546,0.03125996000000055,0.033542199999994755
0.04093,0.024452880000005086,0.022232719999995477,0.03228416000000587
0.040940000000000004,0.01619552000000756,0.04111592000000596,0.05027372000000524
0.04095,0.0321374400000068,0.03528035999999634,0.02990908000000499
0.04096,0.023029159999996086,0.023124800000005358,0.01469008000000619
0.040970000000000006,0.011660960000004472,0.030412560000001598,0.026582959999999344
0.04098,0.03347868000000442,0.02157460000000366,0.02087104000000317
0.040990000000000006,0.01508584000000114,0.029056360000006002,0.03345259999999685
0.041,0.032964159999996315,0.028867360000003832,0.04523852000000711
0.041010000000000005,0.04050339999999547,0.027782759999994442,0.03575136000000699
0.04102,0.02815887999999406,0.03522648000000759,0.026305359999999865
0.041030000000000004,0.03124211999999447,0.03802907999999993,0.02750335999998929
0.04104,0.03187447999999946,0.03298892000000541,0.022048040000010576
0.04105,0.0304545600000075,0.04563472000000003,0.03657456000000536
0.041060000000000006,0.027494120000000694,0.01820896000001034,0.0378967600000011
0.04107,0.042952080000001225,0.025149560000006715,0.03932084000000396
0.041080000000000005,0.018089279999999597,0.042850800000000376,0.02339571999999342
0.04109,0.030320479999989058,0.022700200000005482,0.01860927999999923
0.041100000000000005,0.02520031999999423,0.040921320000002585,0.034193239999999576
0.04111,0.033094639999995804,0.03982915999999516,0.02688047999999362
0.041120000000000004,0.03424807999999512,0.01932112000000502,0.022520440000011816
0.04113000000000001,0.030023240000001405,0.01964068000000564,0.020997359999990015
0.04114,0.017801120000006766,0.02594031999999823,0.019370280000005947
0.041150000000000006,0.03012547999999432,0.03544720000000177,0.0347517999999996
0.04116,0.02994099999999451,0.033074760000001945,0.03499080000000483
0.041170000000000005,0.019536200000000316,0.024921520000000433,0.04092792000001111
0.04118,0.03962547999999654,0.03118507999999576,0.030038080000006417
0.041190000000000004,0.031185240000002785,0.017844720000005514,0.025471680000005388
0.0412,0.03182351999998953,0.014531560000006258,0.024065399999993464
0.041210000000000004,0.023644439999989164,0.023777120000005623,0.044282720000001656
0.04122000000000001,0.03337508000000696,0.04232724000000834,0.02440596000000751
0.04123,0.023711720000000512,0.03524928000000862,0.01582364000001062
0.041240000000000006,0.015107839999994647,0.03613443999999779,0.019088160000005662
0.04125,0.021907040000007247,0.03104971999999965,0.04800148000000457
0.041260000000000005,0.031630679999999876,0.028495480000005725,0.033446519999994616
0.04127,0.040046119999989443,0.02633544000000602,0.02773159999999871
0.041280000000000004,0.02317387999999366,0.0245917199999993,0.03550751999999983
0.04129,0.0358395600000007,0.019188080000001325,0.014592880000007384
0.0413,0.018288199999998485,0.04738447999999719,0.010663280000003052
0.041310000000000006,0.025268920000003504,0.03513035999999175,0.03197472000000155
0.04132,0.032282319999994445,0.031203040000002076,0.029131719999993907
0.041330000000000006,0.04145592000000328,0.03453783999999333,0.033663520000001924
0.04134,0.02781588000000707,0.04269912000000159,0.021435120000006736
0.041350000000000005,0.020707879999990284,0.026477600000011356,0.03671215999998943
0.04136,0.03883516000000301,0.024704480000007235,0.015703399999994552
0.041370000000000004,0.019800399999993928,0.02686923999999029,0.02064823999999599
0.04138,0.030131360000001998,0.034144920000002306,0.023124119999996917
0.04139,0.030526079999999425,0.03144132000000586,0.02866564000000762
0.041400000000000006,0.025509800000011826,0.03668008000000176,0.0328473200000023
0.04141,0.02102255999999971,0.035525080000001714,0.0312702800000003
0.041420000000000005,0.04277736000000167,0.04498236000000653,0.02208127999999372
0.04143,0.0206194399999949,0.04305016000000762,0.022691039999996315
0.041440000000000005,0.03809036000000084,0.021483680000005584,0.023077119999989
0.04145,0.021430840000001217,0.03400504000000646,0.03125259999999544
0.041460000000000004,0.02501447999999603,0.03519148000000653,0.031963719999994734
0.04147000000000001,0.023319600000005516,0.036803399999996184,0.022125560000002525
0.04148,0.03373847999999486,0.035508519999999134,0.027807960000000163
0.041490000000000006,0.01338712000000062,0.039155000000011896,0.03022812000000938
0.0415,0.028196319999994206,0.04577020000001188,0.03509032000000653
0.041510000000000005,0.027864639999989758,0.03328820000000991,0.03590296000000287
0.04152,0.028736719999995677,0.030578159999999275,0.025305040000006756
0.041530000000000004,0.03426419999998993,0.04473948000000662,0.024178560000010292
0.04154,0.01556911999999945,0.034898000000004474,0.03053532000000631
0.041550000000000004,0.030321440000002454,0.030157680000011483,0.02390379999998914
0.04156000000000001,0.02697016000001117,0.048609880000008,0.027762759999993312
0.04157,0.03561384000000645,0.03599040000001206,0.021584839999999408
0.041580000000000006,0.02490168000000007,0.04900360000000082,0.03044452000000037
0.04159,0.015175880000004275,0.030780680000005303,0.026122800000005116
0.041600000000000005,0.02716383999998913,0.029425439999995667,0.014107719999994951
0.04161,0.03820807999999474,0.02563503999999971,0.04139143999999558
0.041620000000000004,0.024515040000004467,0.02773607999999424,0.03213136000000207
0.04163,0.028120320000011415,0.02446659999999485,0.025137360000004848
0.04164,0.02067859999999593,0.02411768000000097,0.03738716000000063
0.041650000000000006,0.039996160000008496,0.02404060000000576,0.017168759999994322
0.04166,0.021155080000001433,0.025209800000004293,0.030782400000004664
0.041670000000000006,0.03334664000000148,0.0187937199999988,0.016072960000004504
0.04168,0.012181880000005595,0.042405120000001,0.03788952000000795
0.041690000000000005,0.029535240000001434,0.02346688000000513,0.028288120000005645
0.0417,0.01964828000000639,0.03563008000000687,0.021748640000011622
0.041710000000000004,0.01868843999999306,0.04133400000000255,0.023762840000001423
0.04172,0.028614039999995653,0.024673320000004748,0.03665807999999613
0.04173,0.04412484000000066,0.03595871999999383,0.0324654000000021
0.041740000000000006,0.0458191600000064,0.021449920000004945,0.029432120000003996
0.04175,0.031077160000006616,0.03325576000000759,0.03036999999999456
0.041760000000000005,0.03765795999999544,0.031892720000001824,0.014129160000009331
0.04177,0.042501720000006994,0.01568752000001164,0.044526240000000335
0.041780000000000005,0.025310800000005563,0.026526879999989306,0.02639452000000972
0.04179,0.030700999999996037,0.037812120000006756,0.043443519999997876
0.041800000000000004,0.026151959999990752,0.0242935199999956,0.03503248000000585
0.04181000000000001,0.04445583999999621,0.017610679999995014,0.026975000000005987
0.04182,0.033001640000001484,0.02837664000000792,0.01943432000000443
0.041830000000000006,0.027425399999989417,0.01805991999999374,0.04418927999999464
0.04184,0.03323963999999554,0.02792599999999458,0.026985039999995693
0.041850000000000005,0.02892068000000548,0.02744943999999456,0.043128600000007615
0.04186,0.029664719999993483,0.02638508000000202,0.026783919999991437
0.041870000000000004,0.02634907999999384,0.038283800000006536,0.016277479999993367
0.04188,0.04027820000000056,0.037887719999996336,0.03892971999999376
0.041890000000000004,0.028542560000000758,0.0285707600000061,0.023634719999999252
0.04190000000000001,0.024835200000002198,0.024096560000005502,0.03454715999999692
0.04191,0.01734283999999592,0.019224600000000897,0.0416887200000084
0.041920000000000006,0.009796119999999083,0.03761100000000176,0.03038404000000163
0.04193,0.02556964000000476,0.03020756000000596,0.03144472000000091
0.041940000000000005,0.03920496000000607,0.031024879999995106,0.02929220000000574
0.04195,0.034211360000006893,0.03196088000000747,0.02737291999999536
0.041960000000000004,0.027432320000007282,0.028308520000006943,0.05036492000000095
0.04197,0.013062360000000772,0.024449199999999505,0.023342560000000474
0.04198,0.044248800000007874,0.021970719999998764,0.0334439199999977
0.041990000000000006,0.04290608000001173,0.03164367999999674,0.01828124000000312
0.042,0.032571960000004736,0.026814719999996108,0.021519919999999047
0.042010000000000006,0.0351367199999958,0.022622880000001455,0.034206399999999644
0.04202,0.027963000000005993,0.030869640000001086,0.025373880000005615
0.042030000000000005,0.04207944000000144,0.044708760000001645,0.035811160000005136
0.04204,0.020872519999993976,0.029391520000002856,0.017792880000005493
0.042050000000000004,0.027592959999999802,0.02043159999999561,0.021220560000001557
0.04206,0.03247200000000012,0.02681967999999853,0.037414839999997514
0.04207,0.020040360000007404,0.029781280000005884,0.0258101600000081
0.042080000000000006,0.036801640000008025,0.02469636000000668,0.015787599999994947
0.04209,0.04120544000000718,0.03543876000000102,0.022908159999995265
0.042100000000000005,0.048626400000007196,0.018613040000005108,0.03113895999999547
0.04211,0.03384971999999961,0.02274320000000547,0.030751359999989254
0.042120000000000005,0.03607392000000626,0.03590739999999626,0.05472363999999829
0.04213,0.0334805600000012,0.02122091999999301,0.03374459999999492
0.042140000000000004,0.020590799999990327,0.021707880000004894,0.022462960000006558
0.04215000000000001,0.02565360000000012,0.04738372000000256,0.031619280000005925
0.04216,0.036725000000004816,0.02664444000000738,0.05506248000000753
0.042170000000000006,0.029773239999994122,0.01318712000001132,0.051320800000001096
0.04218,0.026355919999993996,0.024660160000000965,0.0438013600000009
0.042190000000000005,0.03233736000000474,0.02619704000000618,0.026158879999996932
0.0422,0.027651279999998373,0.020822040000007463,0.030685519999997586
0.042210000000000004,0.021329160000001304,0.022010760000004684,0.03180620000000255
0.04222,0.027089640000004037,0.029583359999999427,0.026572080000003846
0.042230000000000004,0.0213640000000059,0.03102603999999855,0.027669960000000805
0.04224000000000001,0.015378159999998997,0.029123439999999234,0.02019175999999912
0.04225,0.02367011999999534,0.017083439999993733,0.026527200000004327
0.042260000000000006,0.02502663999999643,0.034230800000001296,0.03480000000000781
0.04227,0.030872319999994034,0.03548543999998929,0.03073796000000794
0.042280000000000005,0.033729160000001514,0.03245019999998924,0.03228796000000662
0.04229,0.028373519999996752,0.014877280000005285,0.031824680000006315
0.042300000000000004,0.01664299999999926,0.019273759999995137,0.02943404000000592
0.04231,0.034703480000001764,0.026191800000006094,0.021488360000001386
0.04232,0.014130879999999442,0.03279747999999995,0.025346199999999066
0.042330000000000007,0.029877280000006435,0.02985111999999558,0.034847160000000175
0.04234,0.03280648000000612,0.043291880000007596,0.023664119999995053
0.042350000000000006,0.032279520000006744,0.0390473200000015,0.025101119999994745
0.04236,0.02617444000000513,0.025057120000000772,0.031121399999998984
0.042370000000000005,0.029945040000006775,0.0510674400000017,0.030390920000000682
0.04238,0.016013920000000764,0.027219519999995678,0.03281288000001032
0.042390000000000004,0.04026568000000521,0.04418120000000084,0.03180896000000798
0.0424,0.01370227999998879,0.05210815999999675,0.025232359999999454
0.04241,0.024681200000011408,0.03464779999999635,0.03350491999999885
0.042420000000000006,0.03592796000000179,0.03387835999999699,0.03854771999999556
0.04243,0.02139207999999927,0.021893400000004528,0.029441279999999855
0.042440000000000005,0.024654920000000448,0.03324876000000637,0.01351444000000431
0.04245,0.028220520000000204,0.0159692399999985,0.015114800000001483
0.042460000000000005,0.046031679999997195,0.023736839999999447,0.036103399999994915
0.04247,0.024197160000001314,0.04231916000000785,0.04493776000000156
0.042480000000000004,0.032793639999993844,0.02754496000000607,0.029069319999995156
0.04249000000000001,0.04508428000000143,0.022789839999995586,0.044513999999998013
0.0425,0.02894400000000114,0.029492200000001474,0.02553756000000596
0.042510000000000006,0.024147320000004344,0.03374287999999164,0.038687199999998145
0.04252,0.021966880000000362,0.05026199999999465,0.04456771999999478
0.042530000000000005,0.03848684000000071,0.02557232000000183,0.038958439999994036
0.04254,0.029994520000010065,0.030763519999989455,0.02373371999999836
0.042550000000000004,0.01949172000000685,0.03236903999999979,0.02069075999999641
0.04256,0.03274871999998885,0.040047999999995094,0.039375119999995656
0.042570000000000004,0.04107028000000459,0.02724959999999635,0.03716955999999504
0.04258000000000001,0.01976368000000373,0.02882327999999342,0.02610775999999542
0.04259,0.016274280000002504,0.05143056000000016,0.01732416000000016
0.042600000000000006,0.02498187999999951,0.013635599999992962,0.023508040000003567
0.04261,0.031701199999998826,0.035859839999996104,0.03553604000000033
0.042620000000000005,0.022785999999996576,0.03848615999999563,0.02703556000000703
0.04263,0.01634819999999954,0.024306599999998773,0.022671880000007708
0.042640000000000004,0.051473400000000134,0.0364167600000013,0.022706800000008003
0.04265,0.02708295999999397,0.03202764000001156,0.038284600000001584
0.042660000000000003,0.034349560000004525,0.03125964000000085,0.015809400000007568
0.04267000000000001,0.03817036000000481,0.0312665999999965,0.021312800000005582
0.04268,0.03144979999999519,0.05166471999999416,0.025705079999994603
0.042690000000000006,0.025311240000006154,0.030633479999995997,0.03908767999999837
0.0427,0.025284560000005788,0.04206799999999641,0.05178655999999612
0.042710000000000005,0.02080703999998876,0.03856323999999425,0.044625679999995706
0.04272,0.018452440000004743,0.03496323999999395,0.04361031999999466
0.042730000000000004,0.028847079999999567,0.03229987999999607,0.046079999999994826
0.04274,0.038181959999997114,0.027345999999999693,0.03316628000000639
0.04275,0.039516760000006756,0.031146559999995136,0.029977040000000402
0.042760000000000006,0.028813840000005506,0.022583240000001115,0.04308384000000153
0.04277,0.03343432000000477,0.042374480000007264,0.02157347999999527
0.042780000000000006,0.020607879999989965,0.032464360000001566,0.021524760000005205
0.04279,0.023831360000001068,0.03268460000000303,0.03930599999999556
0.042800000000000005,0.03828459999999544,0.014530720000011184,0.03903511999999559
0.04281,0.022437119999994926,0.025585999999996542,0.030608319999997195
0.042820000000000004,0.029101479999994906,0.026167199999996074,0.023852399999995215
0.04283000000000001,0.01907535999999318,0.017842920000009845,0.03463892000000227
0.04284,0.027158719999995123,0.02938444000000525,0.03357839999999461
0.042850000000000006,0.026577079999989473,0.01200183999999868,0.029241440000000844
0.04286,0.04313420000000172,0.025145040000006308,0.0351860399999971
0.042870000000000005,0.03895508000000205,0.024530320000009872,0.0183898400000007
0.04288,0.031053799999994094,0.023133400000007423,0.02512980000000239
0.042890000000000005,0.018481839999995243,0.030542839999994582,0.035004440000010684
0.0429,0.03664292000000461,0.017946079999999864,0.0365228800000118
0.042910000000000004,0.04053419999999912,0.024248720000006097,0.025861840000001825
0.04292000000000001,0.02679148000000598,0.031932920000001,0.02820164000000537
0.04293,0.023884800000005216,0.02599579999999316,0.03720284000000432
0.042940000000000006,0.03344084000000189,0.018506599999993757,0.0595622400000012
0.04295,0.03953147999999572,0.022699199999994053,0.05021068000000585
0.042960000000000005,0.02990884000000006,0.0306296000000058,0.03668912000000525
0.04297,0.0321325599999953,0.02962848000000035,0.04419824000000191
0.042980000000000004,0.04074424000000621,0.038106920000000086,0.02658492000000639
0.04299,0.04131124000000577,0.01339815999999465,0.02516116000000065
0.043000000000000003,0.03506283999999069,0.040360640000002015,0.039921999999991964
0.04301000000000001,0.03932471999999845,0.025471600000004688,0.03659647999999392
0.04302,0.023505879999995417,0.02500743999998919,0.0294475199999995
0.043030000000000006,0.02796436000000638,0.04023684000000022,0.024618320000000707
0.04304,0.038245480000000776,0.04817440000000064,0.03622452000000665
0.043050000000000005,0.023326559999999007,0.0438845199999949,0.022743600000007427
0.04306,0.030361279999995893,0.028466639999996973,0.029864480000001033
0.043070000000000004,0.0474489200000004,0.01954495999998971,0.02042228000000583
0.04308,0.02852607999999893,0.03000059999998965,0.028822639999994997
0.04309,0.04656812000000766,0.0224396799999971,0.028255439999999098
0.043100000000000006,0.027682439999997498,0.01941348000001132,0.022929840000007314
0.04311,0.03769311999999647,0.02519843999999995,0.029011400000006647
0.043120000000000006,0.02603844000000933,0.030150800000006066,0.02540776000000149
0.04313,0.021934440000009884,0.025481959999995727,0.02751832000000674
0.043140000000000005,0.03756916000000839,0.033112359999996094,0.03693684000000586
0.04315,0.027534919999995754,0.02884968000000014,0.024402840000004082
0.043160000000000004,0.025882999999993272,0.03201747999998975,0.03322104000001096
0.04317000000000001,0.031852960000005384,0.022798799999993995,0.025613920000010264
0.04318,0.03829196000000471,0.018779879999991134,0.036816040000000626
0.043190000000000006,0.04798664000001211,0.03353027999998973,0.04436324000000601
0.0432,0.025314240000009695,0.03251875999999709,0.03396324000000541
0.043210000000000005,0.02848656000000764,0.0278680000000022,0.037700999999996175
0.04322,0.02800679999999585,0.027419199999996976,0.03983664000000667
0.043230000000000005,0.03178775999999993,0.04326303999999617,0.026146800000001177
0.04324,0.020924439999993636,0.028437919999996775,0.04041795999999769
0.043250000000000004,0.029950800000005582,0.029492200000001217,0.04170775999999584
0.04326000000000001,0.04726648000000167,0.023224879999996263,0.02830587999999569
0.04327,0.030926040000002753,0.033088160000006236,0.023664599999995928
0.043280000000000006,0.03702648000000661,0.032902360000005494,0.031029439999995967
0.04329,0.03215436000000746,0.021765920000011683,0.027516199999996042
0.043300000000000005,0.027032040000000264,0.020138720000005533,0.044459879999994026
0.04331,0.031372039999999934,0.01144424000000338,0.029236079999995637
0.043320000000000004,0.02260911999999473,0.024390200000006947,0.03764143999999622
0.04333,0.03697275999999379,0.038505040000000275,0.03574804000000651
0.043340000000000004,0.02395563999999653,0.02170648000000595,0.029572800000001266
0.04335000000000001,0.018994599999993297,0.029886199999999575,0.017512840000004196
0.04336,0.025573600000000425,0.030842600000005063,0.015109840000011568
0.043370000000000006,0.027287199999991303,0.023225239999988843,0.013596720000003261
0.04338,0.03060447999999611,0.02505343999999987,0.02461488000000529
0.043390000000000005,0.029077720000001167,0.04271367999999676,0.03245063999999507
0.0434,0.034562480000001554,0.02639924000000624,0.01330823999999431
0.043410000000000004,0.044042680000005746,0.02978500000001155,0.019039719999998858
0.04342,0.049236160000007245,0.030191960000005773,0.03195947999999652
0.04343,0.019009319999999167,0.02124764000000011,0.014509320000001437
0.043440000000000006,0.02612528000000074,0.016304600000004544,0.022034199999997544
0.04345,0.013172400000007715,0.02509940000000056,0.03737204000000539
0.043460000000000006,0.025552919999999556,0.03191447999999569,0.029332279999994923
0.04347,0.02385108000000115,0.02476563999999778,0.02773227999999501
0.043480000000000005,0.03051523999999662,0.01866136000000201,0.02669295999999461
0.04349,0.04804728000000311,0.021087119999994366,0.019087239999995557
0.043500000000000004,0.032715480000001275,0.04016511999999746,0.02776860000000125
0.04351000000000001,0.025518080000001168,0.04232871999999005,0.024347680000001155
0.04352,0.030706719999991017,0.033289760000006816,0.025115800000001173
0.043530000000000006,0.039956159999991456,0.021004879999988943,0.04578944000000703
0.04354,0.04303412000000108,0.02547932000000616,0.03843908000000049
0.043550000000000005,0.025145359999996134,0.039318600000006775,0.024223239999993616
0.04356,0.03445055999999531,0.04170704000000181,0.028797600000001193
0.043570000000000005,0.030760439999990286,0.037967040000010846,0.0245279200000101
0.04358,0.01966968000000732,0.029197640000001388,0.03511660000000512
0.043590000000000004,0.02844963999999989,0.03894104000000992,0.03812083999999513
0.04360000000000001,0.031609920000001825,0.029385960000011573,0.03144039999999551
0.04361,0.03643908000000077,0.0286483600000077,0.028796839999989932
0.043620000000000006,0.03413475999999739,0.04162756000000603,0.02392391999999539
0.04363,0.02722551999998979,0.030503960000006665,0.031291960000004185
0.043640000000000005,0.034308880000001894,0.01598483999999946,0.02310331999999464
0.04365,0.022300040000004247,0.030626959999995443,0.04190852000000545
0.043660000000000004,0.01328351999999434,0.023412839999996386,0.027711599999999694
0.04367,0.029192439999995948,0.018142919999990965,0.02630751999999941
0.043680000000000004,0.024181359999994465,0.026478959999994073,0.03651124000000595
0.04369000000000001,0.027013000000011656,0.04093628000000758,0.04345496000000159
0.0437,0.02330260000000711,0.03591292000000761,0.03811407999999577
0.043710000000000006,0.027806959999994676,0.02262623999999685,0.04229507999999609
0.04372,0.03210816000000533,0.02498827999999534,0.037352839999994523
0.043730000000000005,0.030946120000003012,0.024147560000011534,0.029207480000005333
0.04374,0.029387560000006693,0.024852919999999577,0.026066200000011776
0.043750000000000004,0.03083824000001036,0.034547199999997405,0.028110280000010177
0.04376,0.027531360000000785,0.038435360000000154,0.02488968000000664
0.04377,0.030227279999995003,0.03992140000000199,0.026733399999999193
0.043780000000000006,0.030798160000006534,0.025703280000000293,0.032429279999988944
0.04379,0.048899479999995166,0.03694231999999591,0.02680940000000562
0.043800000000000006,0.01670848000000962,0.03211111999999991,0.0344009199999952
0.04381,0.02316636000000651,0.03353268000000459,0.03676672000000648
0.043820000000000005,0.0459760800000029,0.023812159999995298,0.038272920000009564
0.04383,0.026519639999996326,0.03805748000000096,0.029208799999995462
0.043840000000000004,0.024308240000001303,0.03300455999999404,0.02858959999999947
0.04385000000000001,0.03649040000000635,0.04780056000001228,0.028863199999999957
0.04386,0.024286000000000335,0.029799760000005452,0.03792803999999722
0.043870000000000006,0.022907520000011297,0.02034883999999493,0.025524519999994277
0.04388,0.032103480000011606,0.031733440000007024,0.02996196000000791
0.043890000000000005,0.031814880000010905,0.023728239999989038,0.04391228000000509
0.0439,0.031144960000006442,0.023609999999993334,0.03301400000000048
0.043910000000000005,0.027171240000001932,0.04645347999999632,0.03479163999999559
0.04392,0.035247680000000274,0.03668428000000052,0.03725712000000592
0.043930000000000004,0.01644811999999923,0.042188800000005584,0.034554479999999714
0.04394000000000001,0.012119840000000902,0.03538783999999528,0.032138040000000936
0.04395,0.02628608000000487,0.033559960000005745,0.038309959999996174
0.043960000000000006,0.010997040000005722,0.040202600000000574,0.025109959999995917
0.04397,0.04093968000000222,0.0306869999999892,0.013533960000000119
0.043980000000000005,0.028004559999995925,0.027578600000005494,0.03117280000000199
0.04399,0.01633620000000025,0.027383280000001092,0.024089600000011188
0.044000000000000004,0.023892000000003553,0.03155868000000165,0.02600640000000098
0.04401,0.025099199999996418,0.026358640000000936,0.029512960000000872
0.044020000000000004,0.03310307999999408,0.034804359999999805,0.043561120000001154
0.04403000000000001,0.03056088000000091,0.025081960000005392,0.04901784000000733
0.04404,0.023575880000004254,0.019599800000001336,0.055174600000007366
0.044050000000000006,0.03307812000000134,0.06020976000000286,0.03277872000000596
0.04406,0.03781980000000692,0.0310275200000009,0.030077200000005643
0.044070000000000005,0.03317411999999593,0.028397680000007367,0.04837656000000664
0.04408,0.02944067999999082,0.03253628000000782,0.04042539999999566
0.044090000000000004,0.03234131999999111,0.022659120000007863,0.03499148000000571
0.0441,0.0445017599999915,0.02934348000000814,0.045255000000000906
0.04411,0.04350124000000169,0.029206480000005797,0.03013631999999568
0.044120000000000006,0.032852279999993766,0.03615664000000029,0.023730840000005124
0.04413,0.02146815999999512,0.0224833600000055,0.03451331999999955
0.044140000000000006,0.03076139999999663,0.04098748000000088,0.02421544000000677
0.04415,0.027864119999994937,0.02563711999999585,0.04185435999999008
0.044160000000000005,0.03159635999999896,0.028657000000005525,0.024292959999994573
0.04417,0.021531759999993745,0.021201879999995076,0.03948648000000079
0.044180000000000004,0.023572800000001438,0.044609319999999744,0.01586352000000741
0.04419000000000001,0.03593996000000297,0.039851359999995783,0.03896772000000714
0.0442,0.03911455999998913,0.031522199999990404,0.02346472000000549
0.044210000000000006,0.012648760000000488,0.029801159999995917,0.026141400000004655
0.04422,0.0294076000000063,0.021837000000006088,0.04604300000000274
0.044230000000000005,0.01700019999999639,0.0360687199999962,0.01610171999999974
0.04424,0.02310499999999982,0.033175599999995906,0.02937431999999491
0.044250000000000005,0.032528039999996684,0.03547208000000638,0.02337936000000566
0.04426,0.01840992000000529,0.038750800000005844,0.026271160000003978
0.044270000000000004,0.019771200000001505,0.029988399999996192,0.03432760000000523
0.04428000000000001,0.022145559999999943,0.03814324000000722,0.03721168000000984
0.04429,0.01786543999999983,0.04214080000001183,0.03236680000000586
0.044300000000000006,0.03652752000000466,0.030048320000006477,0.019782240000005082
0.04431,0.022647040000001242,0.03295232000000036,0.024577680000004844
0.044320000000000005,0.03894208000000313,0.01639340000000578,0.015917319999995357
0.04433,0.027985519999995122,0.03128764000000775,0.023650160000011588
0.044340000000000004,0.038717160000000916,0.02049440000000555,0.030172880000000728
0.04435,0.04176515999999514,0.0228112400000058,0.029553880000004664
0.044360000000000004,0.027807040000006715,0.02893988000000651,0.023591239999998723
0.04437000000000001,0.04558507999999612,0.03390800000000578,0.03012604000000305
0.04438,0.030967079999995914,0.022943799999993148,0.027219279999999735
0.044390000000000006,0.05508252000000269,0.025986919999998775,0.032412639999994476
0.0444,0.032886759999991765,0.04105748000000344,0.028211440000001694
0.044410000000000005,0.027039719999989636,0.03222883999999677,0.04527748000000259
0.04442,0.029169199999996613,0.031961720000011316,0.028051960000000556
0.044430000000000004,0.03843460000000789,0.036615440000007375,0.03884380000000527
0.04444,0.04378827999999568,0.015582199999989551,0.03364236000000597
0.04445,0.034509000000005854,0.03547392000000831,0.030051479999996626
0.044460000000000006,0.050786080000006985,0.021557040000000464,0.024655080000005925
0.04447,0.03581084000000975,0.015859839999995563,0.022982559999989934
0.044480000000000006,0.04170688000000621,0.02580691999999439,0.02347463999999089
0.04449,0.023407840000007982,0.02067852000000126,0.017782239999995564
0.044500000000000005,0.027109159999996902,0.01637439999998909,0.023951359999988996
0.04451,0.014807720000000904,0.01979231999999435,0.03374291999999146
0.044520000000000004,0.023632399999999238,0.02054812000000527,0.019028679999995336
0.04453000000000001,0.009564720000002119,0.027724639999995464,0.046604520000000454
0.04454,0.02440703999999484,0.03070420000000841,0.04240724000000112
0.044550000000000006,0.029888199999990706,0.03455072000000062,0.0261008799999995
0.04456,0.02827535999999337,0.027212919999995575,0.027996159999995565
0.044570000000000005,0.023260919999989613,0.030031159999994735,0.02618792000000053
0.04458,0.03526663999999523,0.03551632000000596,0.02768672000000808
0.044590000000000005,0.018987759999999864,0.03834048000000819,0.030871840000007512
0.0446,0.01726312000000141,0.04796040000000853,0.03554776000000478
0.044610000000000004,0.016076799999993487,0.03778883999999635,0.02127459999999601
0.04462000000000001,0.02887827999999359,0.03242887999999547,0.039149720000000755
0.04463,0.02771771999999322,0.03202711999999446,0.027687559999994685
0.044640000000000006,0.028592119999993827,0.0268543599999955,0.03377260000000702
0.04465,0.013320839999994831,0.03812608000000814,0.04286300000000695
0.044660000000000005,0.02024084000000149,0.023214439999999642,0.04765976000000227
0.04467,0.04415544000000595,0.023003919999993815,0.025463799999995353
0.044680000000000004,0.03574824000000273,0.026334760000005723,0.0304879600000061
0.04469,0.033272280000009,0.028585359999995213,0.04984612000000744
0.044700000000000004,0.03748600000000116,0.03158904000000056,0.023263360000011748
0.04471000000000001,0.0326081599999962,0.025191479999994385,0.028365039999999987
0.04472,0.03378748000000059,0.02926135999998999,0.04437064000000013
0.044730000000000006,0.019735320000004716,0.025926039999994332,0.03792851999999668
0.04474,0.016416559999994983,0.03154412000000206,0.018173879999994196
0.044750000000000005,0.029251399999999917,0.03606868000000216,0.030365559999989137
0.04476,0.023772880000005985,0.015973959999990097,0.03301071999998926
0.044770000000000004,0.04494560000000884,0.03198704000000242,0.03207303999999597
0.04478,0.025641440000000775,0.028535600000001025,0.02895072000000105
0.04479,0.029735200000007938,0.017447519999999345,0.0245242000000009
0.044800000000000006,0.02155004000000592,0.033684519999996984,0.03117376000000221
0.04481,0.04039159999999403,0.03617179999999504,0.02896291999999696
0.044820000000000006,0.02296492000000093,0.048244879999996125,0.03910920000000152
0.04483,0.015675080000005958,0.04030972000000664,0.02954104000000422
0.044840000000000005,0.03208064000000728,0.01699811999999476,0.03104044000000258
0.04485,0.03111224000000718,0.009538720000005513,0.037260359999994844
0.044860000000000004,0.031449160000001565,0.029458760000005517,0.021853799999993574
0.04487000000000001,0.024461999999997572,0.028991160000005785,0.02752496000000095
0.04488,0.024930599999999012,0.017854359999995226,0.02377775999999571
0.044890000000000006,0.03750831999999037,0.03273356000000017,0.03595183999999997
0.0449,0.035736759999996204,0.042937240000006434,0.03422708000001198
0.044910000000000005,0.032745639999994,0.03997788000000034,0.03781844000000784
0.04492,0.016401480000000516,0.04741208000000175,0.023435240000001103
0.044930000000000005,0.030927520000004382,0.03398951999999561,0.034180279999997586
0.04494,0.03770508000000117,0.035191639999995736,0.029016400000005917
0.044950000000000004,0.026047679999999202,0.03338655999999478,0.027134119999995238
0.04496000000000001,0.021989999999994507,0.03631547999999556,0.04192756000000545
0.04497,0.01907676000000188,0.028433319999994384,0.03644920000000198
0.044980000000000006,0.03508755999999512,0.04442755999999646,0.03233967999999382
0.04499,0.027392599999994088,0.02975039999999603,0.022566000000007084
0.045000000000000005,0.033906880000000035,0.033066600000007045,0.0188156399999941
0.04501,0.0226808399999964,0.018357400000011768,0.028796720000003783
0.045020000000000004,0.03422812000000172,0.031145040000007094,0.029529320000001184
0.04503,0.04330596000000129,0.039345600000002055,0.035171960000008655
0.045040000000000004,0.021638760000009714,0.03364548000001095,0.02967764000000641
0.04505000000000001,0.021562320000006456,0.02775784000000989,0.04736028000000734
0.04506,0.033222240000000486,0.021043400000001645,0.051725600000000774
0.045070000000000006,0.029195480000011584,0.03390468000000332,0.02528687999999607
0.04508,0.031034040000006514,0.03892028000001176,0.01780603999999924
0.045090000000000005,0.03072540000000739,0.034579360000002946,0.02083912000000026
0.0451,0.02823384000000737,0.027547120000011496,0.030452400000004827
0.045110000000000004,0.030181240000002146,0.033347640000007575,0.038729719999994736
0.04512,0.031927519999994,0.0325148000000053,0.03983432000000522
0.04513,0.02525396000000014,0.02779484000000975,0.028104640000011494
0.045140000000000007,0.032985479999996105,0.03047552000000735,0.03760376000000823
0.04515,0.03312076000000189,0.03011856000000528,0.027791800000005463
0.045160000000000006,0.04794875999998904,0.040660599999995384,0.03545072000001155
0.04517,0.022065400000001605,0.042793560000006434,0.022593200000004077
0.045180000000000005,0.021673120000006412,0.025653599999999672,0.026016440000005272
0.04519,0.018581880000005584,0.04221344000001197,0.036560560000007306
0.045200000000000004,0.03072796000000146,0.03957396000000448,0.034536280000007635
0.04521000000000001,0.025715520000004412,0.03877204000000287,0.019720840000006616
0.04522,0.037812280000000024,0.04019028000000686,0.018592320000003992
0.045230000000000006,0.04687972000001185,0.011385599999993593,0.028826639999999907
0.04524,0.011205680000005273,0.024391479999994217,0.027141920000007976
0.045250000000000005,0.025606480000006076,0.020664999999989293,0.02826399999999616
0.04526,0.03892268000000747,0.03641507999999556,0.02410119999999872
0.045270000000000005,0.02367912000000955,0.041189920000005736,0.019430559999998553
0.04528,0.03479291999999632,0.03060344000000561,0.03390284000001133
0.045290000000000004,0.02989367999999036,0.030430839999999345,0.02532152000000049
0.04530000000000001,0.04206996000000144,0.037911799999995076,0.022616439999994246
0.04531,0.036498920000003085,0.015148639999993774,0.04010048000000211
0.045320000000000006,0.03853300000000715,0.03107576000000698,0.03294527999999065
0.04533,0.02313039999999526,0.026029719999995156,0.025487439999999598
0.045340000000000005,0.03322539999999961,0.026031319999999164,0.02072243999999641
0.04535,0.02877835999999464,0.03336407999999725,0.024137960000005534
0.045360000000000004,0.026752639999993853,0.01180663999999527,0.02993411999999526
0.04537,0.03218599999999442,0.031013440000008153,0.014492879999993527
0.045380000000000004,0.029397199999993826,0.024571920000005108,0.020846840000002684
0.04539000000000001,0.03213283999999444,0.03726399999999498,0.031462520000006516
0.0454,0.035436319999999376,0.025990680000006983,0.022870439999996228
0.045410000000000006,0.03594623999999921,0.028228160000002802,0.02865116000000213
0.04542,0.029229119999999387,0.029913040000003062,0.02720776000000084
0.045430000000000005,0.04614156000000596,0.032709479999997924,0.03280927999998995
0.04544,0.03274068000000986,0.026675519999995106,0.027389239999993875
0.045450000000000004,0.03411739999999939,0.01745167999999864,0.022991839999994265
0.04546,0.020133919999995874,0.03898187999999657,0.03126399999999479
0.045470000000000003,0.017083840000000013,0.02706856000000073,0.033628079999993926
0.04548000000000001,0.04588656000000025,0.035892200000000554,0.02726423999999355
0.04549,0.0316496399999932,0.04930488000000231,0.03882012000000632
0.045500000000000006,0.035813080000006416,0.03650232000000776,0.020963199999993257
0.04551,0.026821640000006232,0.0385826800000115,0.03201207999999924
0.045520000000000005,0.041254800000012005,0.03018199999999653,0.03846180000000083
0.04553,0.04158819999999553,0.032450760000002264,0.036503439999996584
0.045540000000000004,0.04324647999999565,0.019430640000010945,0.01640540000000364
0.04555000000000001,0.0230706799999972,0.022072240000000423,0.026623319999989393
0.04556,0.031993439999991324,0.030458479999994917,0.03510975999999588
0.045570000000000006,0.04384827999999086,0.036066079999995546,0.02573904000000534
0.04558,0.025399559999990228,0.03456087999999594,0.04040960000000168
0.045590000000000006,0.04160352000000286,0.0270077200000022,0.025653479999995222
0.0456,0.055315919999990464,0.026207840000008042,0.021069119999990747
0.045610000000000005,0.04490563999999049,0.041812320000008285,0.04373283999999503
0.04562,0.03588083999999473,0.028125600000002172,0.017816160000001136
0.045630000000000004,0.03230495999999363,0.038938360000000505,0.030693879999997488
0.04564000000000001,0.031639799999996644,0.02831596000000171,0.02631508000000163
0.04565,0.0260618000000001,0.014263760000005779,0.023290240000004698
0.045660000000000006,0.029845560000007237,0.021584359999991042,0.022465440000001845
0.04567,0.03664508000000716,0.04201724000000305,0.03418815999999447
0.045680000000000005,0.027267240000001792,0.03555291999999957,0.04426187999999598
0.04569,0.03836776000000554,0.023275439999999835,0.03225235999999068
0.045700000000000005,0.027183039999996553,0.035888480000000035,0.04025492000000061
0.04571,0.03538323999999509,0.00929967999999718,0.03536527999999552
0.045720000000000004,0.04046211999999402,0.020086639999996415,0.03397472000000093
0.04573000000000001,0.03784920000000188,0.011695440000004994,0.03833048000000498
0.04574,0.029826640000006243,0.03668812000000002,0.040216200000001125
0.045750000000000006,0.027031440000002155,0.015866199999999598,0.036442440000012094
0.04576,0.025839920000000922,0.032524800000003004,0.021356040000005926
0.045770000000000005,0.030552799999994468,0.028226120000001742,0.029080240000001444
0.04578,0.02986259999999479,0.03398728000000184,0.017111600000008817
0.045790000000000004,0.03622840000000575,0.022645560000007205,0.01870244000000458
0.0458,0.023579200000000775,0.024128279999995013,0.03516107999999452
0.045810000000000003,0.03274840000000703,0.03236503999999401,0.04055791999999564
0.04582000000000001,0.01559247999998938,0.027628480000000503,0.05866819999999626
0.04583,0.04351456000000034,0.020246920000005792,0.037243520000000294
0.045840000000000006,0.03962759999999558,0.03290448000000605,0.03262660000000208
0.04585,0.02787431999999458,0.02911232000000939,0.02176767999999587
0.045860000000000005,0.038032040000008635,0.02313987999999513,0.03518399999999818
0.04587,0.029589519999996233,0.023031319999989457,0.02505567999999506
0.045880000000000004,0.015000000000000208,0.024272999999993466,0.04455455999999605
0.04589000000000001,0.0234691200000053,0.031568200000004806,0.03041183999999933
0.0459,0.03686107999999987,0.03310547999999694,0.0333041200000048
0.045910000000000006,0.02233035999999508,0.028300560000001713,0.02379584000000806
0.04592,0.03665588000000281,0.023581799999993196,0.013551760000009832
0.045930000000000006,0.016920879999996776,0.020221120000009293,0.034405960000007854
0.04594,0.033949640000003806,0.016599159999999977,0.036822480000008095
0.045950000000000005,0.024536359999996475,0.026728079999999592,0.023746479999994515
0.04596,0.02966443999999652,0.023554440000000287,0.024327720000005614
0.045970000000000004,0.03264559999999999,0.03770655999998933,0.03329759999999931
0.04598000000000001,0.028798200000000832,0.028025959999994667,0.026139880000001718
0.04599,0.018846559999989132,0.025872279999989676,0.03475371999999685
0.046000000000000006,0.04112175999999391,0.038110640000000064,0.02269135999999542
0.04601,0.0192461999999951,0.04613352000000079,0.041659919999994195
0.046020000000000005,0.028924639999995498,0.0249067599999998,0.030083400000005936
0.04603,0.027229199999993695,0.03270416000000807,0.03400127999999625
0.046040000000000005,0.03659508000000607,0.028007080000007595,0.033401839999995346
0.04605,0.030927679999999638,0.018984040000011335,0.054301359999994726
0.046060000000000004,0.0465740400000086,0.01833352000000529,0.02980704000000463
0.04607000000000001,0.032003560000009874,0.0318260800000074,0.0243057999999941
0.04608,0.044325000000001974,0.0377466799999994,0.02355100000001035
0.046090000000000006,0.024529879999996406,0.03518816000000421,0.025337800000004553
0.0461,0.03402812000000043,0.029668480000003477,0.021748320000000054
0.046110000000000005,0.02522307999999492,0.028942359999994574,0.02893904000000522
0.04612,0.03236699999999401,0.020531600000001416,0.033778799999995585
0.046130000000000004,0.016253919999995068,0.04704344000000256,0.042843839999997045
0.04614,0.02275772000000616,0.03464299999999573,0.021879159999990697
0.046150000000000004,0.026519680000000344,0.022810240000000145,0.025266480000001645
0.04616000000000001,0.022446920000004332,0.02257072000000643,0.038650199999995125
0.04617,0.03419620000000024,0.02664656000000079,0.0544982799999988
0.046180000000000006,0.02377807999999495,0.028825520000011425,0.035487719999989835
0.04619,0.018866800000001776,0.035848120000011516,0.03374259999998991
0.046200000000000005,0.03398203999999134,0.028959040000009175,0.03237631999998993
0.04621,0.03354535999999674,0.03179444000000666,0.038457480000001786
0.046220000000000004,0.027485879999989467,0.014642879999998451,0.03790096000000091
0.04623000000000001,0.03752243999999701,0.01711832000000636,0.02465988000000776
0.04624,0.02777879999998937,0.03842047999999496,0.024735400000005327
0.046250000000000006,0.029633520000001617,0.03868540000000495,0.028952519999995856
0.04626,0.042233840000007725,0.04441807999999613,0.02455560000000616
0.046270000000000006,0.04264920000000195,0.04517363999999658,0.04797607999999709
0.04628,0.03182647999999491,0.023759399999991392,0.03713540000000617
0.046290000000000005,0.0448769999999957,0.02597283999999843,0.01565651999999574
0.0463,0.03591431999999156,0.021060199999995546,0.04943644000000604
0.046310000000000004,0.03496712000000137,0.0368191999999962,0.019332399999995357
0.04632000000000001,0.019393919999993906,0.013459799999995383,0.027841359999997258
0.04633,0.028858919999994737,0.024335680000011267,0.03705496000000063
0.046340000000000006,0.018302199999990314,0.03347028000000029,0.038638919999999785
0.04635,0.03440192000000482,0.030474480000001282,0.013727200000004458
0.046360000000000005,0.02133175999999405,0.04227348000000251,0.027193120000000327
0.04637,0.02768768000001153,0.031071840000000482,0.04833140000000006
0.046380000000000005,0.03982307999999551,0.029536360000001257,0.028367119999999378
0.04639,0.03214396000000268,0.03509727999999349,0.03252767999999975
0.046400000000000004,0.023932199999993815,0.034310920000001986,0.02575023999999851
0.04641000000000001,0.03906384000000182,0.04356131999999486,0.02239024000000712
0.04642,0.028140759999993867,0.02619108000000604,0.027759960000007747
0.046430000000000006,0.03149335999998928,0.04599164000000148,0.029485519999996032
0.04644,0.03361807999999572,0.017733719999995182,0.04072496000000135
0.046450000000000005,0.03808124000000426,0.017107560000003127,0.045039160000007135
0.04646,0.04735988000000257,0.01893647999999431,0.02444919999999955
0.046470000000000004,0.024023200000000994,0.0210092400000044,0.016742759999995818
0.04648,0.038188800000006,0.016820880000003917,0.017527360000006063
0.046490000000000004,0.04609359999999509,0.026777599999994472,0.030632120000006532
0.04650000000000001,0.050876040000002114,0.03121164000001128,0.035308520000006824
0.04651,0.04383700000000659,0.022404999999999183,0.0182665200000114
0.046520000000000006,0.0336928400000013,0.04588859999999468,0.01807544000000665
0.04653,0.03101408000000204,0.02460680000001059,0.03291419999999728
0.046540000000000005,0.015367040000000783,0.0406742800000035,0.037527839999994914
0.04655,0.03364284000000607,0.031388000000000464,0.022327839999994593
0.046560000000000004,0.04137707999999625,0.03554260000000029,0.012701359999995694
0.04657000000000001,0.03399148000000646,0.04510816000000709,0.01897983999999709
0.04658,0.031194360000001718,0.03229151999999485,0.028721439999999612
0.046590000000000006,0.01779088000000492,0.04302972000000729,0.02157264000000176
0.0466,0.032865120000001434,0.032952200000011325,0.02502860000000005
0.046610000000000006,0.015903479999999227,0.03771532000000004,0.028484519999996783
0.04662,0.0651149599999973,0.024063680000000316,0.02863336000000042
0.046630000000000005,0.02880439999999709,0.029867760000006096,0.020056200000007133
0.04664,0.04667584000000109,0.027263880000001656,0.026136760000007076
0.046650000000000004,0.035301040000000644,0.024528719999999435,0.04297216000001196
0.04666000000000001,0.018214839999996846,0.03770651999999416,0.04437560000000764
0.04667,0.02560384000000745,0.023594560000004625,0.02384563999999624
0.046680000000000006,0.01856356000001166,0.03023719999999983,0.016377120000006993
0.04669,0.014622999999996365,0.045075760000004184,0.04114447999999998
0.046700000000000005,0.031940760000000935,0.022296200000005872,0.033904440000006954
0.04671,0.021823999999999656,0.04196803999999998,0.03938704000000612
0.046720000000000005,0.022527639999999585,0.04710735999999939,0.02968984000000169
0.04673,0.023445080000000968,0.039507079999993366,0.027835479999995607
0.046740000000000004,0.03177176000000067,0.025757440000003635,0.04414047999999468
0.04675000000000001,0.024869239999990658,0.02942075999999448,0.02622567999998968
0.04676,0.023013559999996894,0.018157200000001008,0.03937135999999529
0.046770000000000006,0.02443839999999682,0.033051839999989605,0.013831159999992959
0.04678,0.03111140000000133,0.023614400000006888,0.011460279999995894
0.046790000000000005,0.027770480000011484,0.037535960000007716,0.028265440000000256
0.0468,0.02945811999999973,0.03323008000000707,0.01940916000000635
0.046810000000000004,0.01854680000000619,0.039813320000005654,0.04390088000000503
0.04682,0.03852411999999507,0.034450920000007906,0.013930719999994151
0.046830000000000004,0.027107680000006924,0.03493319999999734,0.029101359999996114
0.04684000000000001,0.030971799999995043,0.036811960000000504,0.029765119999994684
0.04685,0.034195999999995154,0.045369320000006694,0.036081320000006835
0.046860000000000006,0.030359960000005574,0.04571700000000606,0.021650360000007814
0.04687,0.021620200000000877,0.03325575999999886,0.0420094800000115
0.046880000000000005,0.03506863999999586,0.031660079999997766,0.03628847999999367
0.04689,0.016589559999999053,0.016709920000006803,0.03680080000000425
0.046900000000000004,0.026047640000002252,0.0331701999999995,0.030582720000003748
0.04691000000000001,0.04720340000000693,0.036140720000005996,0.013458319999988817
0.04692,0.030273720000003963,0.022421520000005496,0.041341640000000374
0.046930000000000006,0.0361459200000063,0.019242360000000285,0.022353199999994515
0.04694,0.032093760000011656,0.03342612000000208,0.025546520000000197
0.046950000000000006,0.036540240000001355,0.038859440000002105,0.02789123999999649
0.04696,0.02930956000000112,0.026049200000000654,0.031220120000006093
0.046970000000000005,0.031587480000001895,0.02815556000001141,0.017448680000006326
0.04698,0.023963319999994247,0.03288515999999612,0.018302280000004747
0.046990000000000004,0.043927920000001994,0.03767964000000568,0.02942459999999993
0.04700000000000001,0.04586119999999523,0.04639028000000647,0.01782211999999613
0.04701,0.0332267599999955,0.0533038400000068,0.03278744000000183
0.047020000000000006,0.03087743999998992,0.01246084000000408,0.02546607999999376
0.04703,0.02832647999999488,0.03492084000000652,0.027601960000001473
0.047040000000000005,0.028126399999994656,0.030908520000006712,0.018671079999991142
0.04705,0.04730515999999622,0.02540308000001035,0.03188964000000409
0.047060000000000005,0.041112319999996406,0.024169040000007243,0.031646079999993325
0.04707,0.04014979999999094,0.025488440000004595,0.034789639999993384
0.047080000000000004,0.045851200000000716,0.028164920000001155,0.02756280000000969
0.04709000000000001,0.033103599999991594,0.028325000000005228,0.035934120000009714
0.0471,0.023680679999989532,0.02582983999999615,0.02441604000000611
0.047110000000000006,0.032497199999993204,0.023407440000004533,0.03409256000000023
0.04712,0.05424383999999522,0.03187500000000648,0.02988796000000179
0.047130000000000005,0.025299119999995533,0.01754956000001024,0.022378120000005258
0.04714,0.01753880000000232,0.021923679999997173,0.03381295999999368
0.047150000000000004,0.021716479999997387,0.02842891999999538,0.03069616000000391
0.04716,0.025053799999993843,0.047500879999999704,0.03159672000000365
0.047170000000000004,0.027290760000000497,0.02101071999999529,0.03084028000000654
0.04718000000000001,0.034755679999995334,0.021730280000009667,0.03445775999999457
0.04719,0.03297087999999739,0.016892320000005883,0.03510776000000701
0.047200000000000006,0.03048496000000077,0.028622400000002633,0.028984920000006652
0.04721,0.018966559999999986,0.0214586800000101,0.03417932000000629
0.047220000000000005,0.03440391999999962,0.03608572000000433,0.0344584399999965
0.04723,0.019092400000011195,0.05015244000000181,0.04263703999999601
0.047240000000000004,0.01728224000000106,0.020640760000006336,0.043412399999995
0.04725000000000001,0.03329612000000594,0.03388847999999297,0.023150959999997778
0.04726,0.03497576000000621,0.012970840000004953,0.021344080000005497
0.047270000000000006,0.028951160000009326,0.02892451999998902,0.033765960000001025
0.04728,0.05634604000000796,0.02190383999999328,0.024848080000004248
0.047290000000000006,0.022279399999995512,0.03508851999999991,0.017390119999999985
0.0473,0.032573439999996276,0.03612988000000844,0.026768440000002863
0.047310000000000005,0.024780319999994912,0.031226360000006677,0.032046160000006825
0.04732,0.032876479999999826,0.027223279999996422,0.01888436000000077
0.047330000000000004,0.037409320000002445,0.017906760000008036,0.030115040000004832
0.04734000000000001,0.04151144000000195,0.033838959999994235,0.04173916000000676
0.04735,0.02694303999999012,0.04018031999999158,0.025523560000000053
0.047360000000000006,0.03175047999999435,0.030867160000001493,0.028662119999994927
0.04737,0.033210679999995024,0.02678628000000473,0.03180639999999949
0.047380000000000005,0.0585545599999958,0.027563519999989555,0.030205679999994146
0.04739,0.03745331999999401,0.02609268000000021,0.03586500000000488
0.047400000000000005,0.015031920000000587,0.015824559999999863,0.021926039999997413
0.04741,0.04328000000000562,0.023131120000006354,0.024968880000000686
0.047420000000000004,0.029301999999989867,0.026947080000001834,0.02667747999999047
0.04743000000000001,0.03294459999999721,0.030571480000004918,0.034595439999999936
0.04744,0.02952791999999653,0.02389931999998906,0.040504920000007986
0.047450000000000006,0.036768759999994634,0.02781720000000115,0.03175772000000669
0.04746,0.02344700000000473,0.028330879999989792,0.034564960000004565
0.047470000000000005,0.02552923999999964,0.047832680000007254,0.0293691599999998
0.04748,0.03089612000000583,0.022669960000005603,0.028326039999994595
0.047490000000000004,0.03245932000000606,0.04123764000000125,0.021826159999995296
0.0475,0.029300240000006087,0.03344236000000066,0.019388839999995792
0.047510000000000004,0.027210319999994712,0.01897487999999208,0.030044760000004504
0.04752000000000001,0.025334399999996697,0.037228160000001,0.032469960000000825
0.04753,0.0365312400000067,0.05052555999999534,0.026836399999995375
0.047540000000000006,0.04945799999999696,0.02360652000000564,0.040586559999996136
0.04755,0.0484471199999968,0.02075971999999898,0.04299435999999035
0.047560000000000005,0.053667519999996215,0.028884560000004528,0.040901199999995516
0.04757,0.03919439999998999,0.026843639999995575,0.02969127999999537
0.047580000000000004,0.025222119999999404,0.05085076000000059,0.02903539999999474
0.04759000000000001,0.02525988000000474,0.0376913600000052,0.03600420000000112
0.0476,0.025830320000001256,0.02586596000000025,0.03258044000001124
0.047610000000000006,0.028288439999993448,0.027052399999995407,0.02314244000000033
0.04762,0.017424439999999396,0.021123360000001843,0.03084607999999474
0.047630000000000006,0.018288919999996236,0.027346519999998854,0.03214140000000684
0.04764,0.039128599999995343,0.03694647999999928,0.03606035999999639
0.047650000000000005,0.040006559999994945,0.02172724000000571,0.049861680000002434
0.04766,0.02685276000001161,0.029320800000000508,0.020855040000000734
0.047670000000000004,0.015740479999996032,0.039625600000007505,0.0352204799999951
0.04768000000000001,0.023330239999993917,0.02374807999999835,0.021481160000011254
0.04769,0.03682004000000082,0.03494483999999405,0.024124159999995027
0.047700000000000006,0.038493520000005825,0.03507075999998922,0.02649356000000548
0.04771,0.040233280000000614,0.02184496000000186,0.038512679999999626
0.047720000000000005,0.03947555999999187,0.020847519999999446,0.023543480000011562
0.04773,0.04043623999999712,0.029682879999995655,0.030343960000011636
0.047740000000000005,0.030636519999996753,0.03131803999999517,0.027893880000007257
0.04775,0.04242652000000582,0.04112219999999549,0.03070364000000021
0.047760000000000004,0.01980756000000566,0.04364424000000594,0.04247296000000179
0.04777000000000001,0.02993739999999752,0.025828999999995682,0.03901023999999472
0.04778,0.028155319999994426,0.018244919999995137,0.02570692000000019
0.047790000000000006,0.023510439999995913,0.0419293200000018,0.03638507999999375
0.0478,0.031270839999996074,0.033589240000008035,0.03157812000000568
0.047810000000000005,0.022512560000007335,0.020991399999993585,0.03936720000000613
0.04782,0.03919592000000024,0.022021320000000795,0.033132880000000954
0.047830000000000004,0.020445999999999336,0.017682760000001605,0.028372320000004607
0.04784,0.02243912000000014,0.035316119999999084,0.03228403999999391
0.047850000000000004,0.03410539999999445,0.0219901200000002,0.04151208000000424
0.04786000000000001,0.024738239999995748,0.027610080000001053,0.02726916000000165
0.04787,0.023841159999995663,0.02396251999999577,0.03214356000000721
0.047880000000000006,0.0268232000000012,0.02309843999999979,0.021408960000010288
0.04789,0.03972484000000119,0.021505960000005698,0.02839328000000227
0.047900000000000005,0.03335176000000777,0.03844047999999956,0.01840859999999931
0.04791,0.034482320000000274,0.026652319999999986,0.03449824000000463
0.047920000000000004,0.03733560000000104,0.024872160000001454,0.019491560000003273
0.04793000000000001,0.032236440000004925,0.027571959999993633,0.017908680000007938
0.04794,0.036484999999994897,0.021581560000000995,0.02882099999999959
0.047950000000000007,0.03278024000000729,0.03202755999999519,0.03692851999999513
0.04796,0.027998400000005592,0.02696407999999474,0.03589163999998921
0.047970000000000006,0.041121360000001696,0.02842715999998872,0.028052919999999863
0.04798,0.026583360000007515,0.019028159999998247,0.03359959999999918
0.047990000000000005,0.020800760000006552,0.022876119999994428,0.04345124000000135
0.048,0.043959359999997234,0.03561588000000499,0.033361800000005826
0.048010000000000004,0.048652399999996085,0.04830252000000119,0.02110995999998964
0.04802000000000001,0.03668628000000291,0.03227476000000151,0.019413880000005736
0.04803,0.025424560000002434,0.02400744000000104,0.02227560000000681
0.048040000000000006,0.033121839999996246,0.022833279999994703,0.01252680000000934
0.04805,0.03223432000000474,0.03669864000000062,0.02840211999998965
0.048060000000000005,0.025935440000005337,0.04008392000000457,0.028774679999997502
0.04807,0.03914743999999562,0.02020972000000749,0.02547764000000963
0.048080000000000005,0.030508279999995946,0.028655600000000246,0.02561895999999439
0.04809,0.025765319999995085,0.015711719999994368,0.020358879999996783
0.048100000000000004,0.030487639999995028,0.03199391999998948,0.02688436000000134
0.04811000000000001,0.04306248000000192,0.041667560000002116,0.031232000000010262
0.04812,0.06101232000000846,0.02126544000000174,0.04255180000000187
0.048130000000000006,0.03630824000001146,0.03152863999999579,0.03889580000001161
0.04814,0.02536287999999942,0.021184039999995033,0.02973340000000488
0.048150000000000005,0.02754411999999908,0.024474400000006023,0.03548816000000581
0.04816,0.040209320000001915,0.022327200000000432,0.03488911999999573
0.048170000000000004,0.03041619999999559,0.03449763999999951,0.030843600000001085
0.04818,0.026412079999994852,0.024626119999999835,0.025529320000000577
0.048190000000000004,0.030250440000000167,0.02890519999998993,0.022750999999997672
0.04820000000000001,0.03596172000000975,0.0218513999999895,0.03801192000000085
0.04821,0.03672656000001165,0.02186655999999415,0.04437516000000157
0.048220000000000006,0.04070988000000763,0.041812119999999044,0.02788832000000144
0.04823,0.040229600000004494,0.027951680000004777,0.02949719999999574
0.048240000000000005,0.03466719999999361,0.044068320000012,0.033610679999995285
0.04825,0.022443960000004027,0.027026039999998707,0.03624567999999489
0.048260000000000004,0.03354175999999892,0.03342912000000897,0.04503384000000532
0.04827000000000001,0.027339040000003458,0.031935760000007585,0.042502080000011815
0.04828,0.041544519999994846,0.024177199999994275,0.02988259999999933
0.048290000000000007,0.025907079999995454,0.015013280000006448,0.03355596000000617
0.0483,0.025125759999998814,0.03380616000000253,0.029348160000001785
0.048310000000000006,0.03257196000000546,0.021476320000001468,0.022913159999999485
0.04832,0.02014352000000234,0.0377081199999959,0.025789600000002313
0.048330000000000005,0.016083040000011713,0.023509559999989153,0.034449599999997145
0.04834,0.039785119999996905,0.020384839999999467,0.047092240000007814
0.048350000000000004,0.039188439999994475,0.01725387999999522,0.03947788000000251
0.04836000000000001,0.047144039999994815,0.019182880000004045,0.029364560000004872
0.04837,0.018740679999997352,0.029944679999994502,0.036980760000008356
0.048380000000000006,0.018902040000009387,0.021327720000007513,0.02807195999999581
0.04839,0.030379520000000947,0.023767599999989862,0.024644800000008
0.048400000000000006,0.035365119999994865,0.04136595999999504,0.04704296000000212
0.04841,0.012763999999989352,0.02896755999998977,0.02628864000000251
0.048420000000000005,0.029226880000001593,0.024858959999994674,0.029244800000006975
0.04843,0.030731640000001323,0.03788427999999508,0.021802120000000227
0.048440000000000004,0.027932440000000017,0.025422920000004783,0.04248568000000148
0.04845000000000001,0.017137160000005383,0.026122679999990562,0.03646916000000276
0.04846,0.038802000000000184,0.033087679999995276,0.021588120000003604
0.048470000000000006,0.02797488000000241,0.04902772000000512,0.020852400000004673
0.04848,0.034082400000001296,0.04424460000000993,0.028133200000005062
0.048490000000000005,0.025605120000007146,0.0529859600000122,0.027312679999999624
0.0485,0.034012999999996366,0.03414868000001211,0.02272656000001124
0.048510000000000005,0.03016963999999517,0.02752596000000597,0.05206388000000195
0.04852,0.03838367999999345,0.03095092000000721,0.021581439999999515
0.048530000000000004,0.030760680000000352,0.018723400000000646,0.04545796000000189
0.04854000000000001,0.021639639999994898,0.034806679999989855,0.02179268000000945
0.04855,0.031653839999996845,0.054155039999996074,0.020245679999994087
0.048560000000000006,0.028306600000006496,0.03968735999999706,0.03792011999999592
0.04857,0.03202632000000007,0.042402039999997226,0.029089280000009547
0.048580000000000005,0.03565940000000582,0.03135483999999476,0.03629572000000843
0.04859,0.03514563999999448,0.04518599999999767,0.030628879999994647
0.048600000000000004,0.02336291999999671,0.028253319999993743,0.0222429999999994
0.04861000000000001,0.0423025200000039,0.04329492000000097,0.020473000000004474
0.048620000000000003,0.043308320000006076,0.03551488000000492,0.027180920000000556
0.04863000000000001,0.04868652000000214,0.02213560000000031,0.04273144000000098
0.04864,0.018745480000010258,0.05352360000000072,0.02434728000000466
0.048650000000000006,0.021692320000006288,0.02254008000000047,0.01968235999999654
0.04866,0.026345400000005924,0.025885760000004483,0.038083000000011843
0.048670000000000005,0.019648760000002267,0.03171028000000416,0.022966000000000594
0.04868,0.031507079999995205,0.01865612000000461,0.0237719999999998
0.048690000000000004,0.02862747999999488,0.02027552000000472,0.037129240000000084
0.04870000000000001,0.012580159999990482,0.03715992000000604,0.030529839999999617
0.04871,0.0333945599999936,0.03335304000000688,0.03143816000000065
0.048720000000000006,0.0310602799999968,0.035970719999998825,0.034196799999995565
0.04873,0.0292293199999889,0.03665056000000653,0.04055251999999608
0.048740000000000006,0.02308384000000564,0.033039239999989464,0.04703408000000167
0.04875,0.037236520000008155,0.027914160000006058,0.04055459999999527
0.048760000000000005,0.02674924000001118,0.027851159999993883,0.0344119999999998
0.04877,0.030817520000005722,0.042593160000005126,0.030520079999990252
0.048780000000000004,0.03551916000000684,0.00822627999999629,0.03444351999999965
0.04879000000000001,0.02201680000000046,0.023653799999994334,0.03240903999999978
0.0488,0.029910600000009595,0.03571644000000691,0.03441056000000221
0.048810000000000006,0.030864880000004393,0.02784688000000145,0.017808360000000214
0.04882,0.024085960000001693,0.019951680000006695,0.019527160000011746
0.048830000000000005,0.03574811999999331,0.031647400000004725,0.02659128000000768
0.04884,0.023692560000006337,0.02362263999999467,0.030451520000000794
0.048850000000000005,0.035863799999994755,0.026829759999988868,0.03660643999999701
0.04886,0.03891624000000507,0.04334236000000261,0.02506132000000745
0.048870000000000004,0.027803600000005837,0.026595999999995266,0.026223199999998704
0.04888000000000001,0.02962952000000607,0.026027559999995262,0.018131600000001295
0.04889,0.04385124000000136,0.03184779999999646,0.03269223999999978
0.048900000000000006,0.019278839999991148,0.028447999999994967,0.018124199999999868
0.04891,0.032741760000001244,0.020587599999995144,0.021684799999993395
0.048920000000000005,0.017200760000006306,0.03210291999999488,0.024653320000005266
0.04893,0.032199680000001306,0.022840959999998436,0.028033879999993773
0.048940000000000004,0.039589400000004556,0.020870760000007184,0.029091279999991084
0.04895000000000001,0.037682679999994036,0.03714723999999601,0.019917599999994793
0.048960000000000004,0.036824880000001274,0.012113440000009114,0.017777919999996034
0.04897000000000001,0.03689876000000643,0.023567639999994748,0.015698679999995576
0.04898,0.038446400000006174,0.032194479999994814,0.024661120000005737
0.048990000000000006,0.03228152000000511,0.04943563999999012,0.028550240000000712
0.049,0.03659255999999634,0.03703347999998982,0.025841520000005835
0.049010000000000005,0.037782960000000816,0.029186759999990746,0.02439312000000106
0.04902,0.031317440000000585,0.04268967999999536,0.027528000000007675
0.049030000000000004,0.019489119999989098,0.033391800000002,0.025314280000006482
0.04904000000000001,0.05568959999999044,0.04733776000000149,0.03183440000000003
0.04905,0.04334259999998993,0.036961879999989976,0.028987079999994007
0.049060000000000006,0.016711879999993386,0.038775799999994476,0.020911760000004092
0.04907,0.05559827999999796,0.03529995999999016,0.032755319999994786
0.049080000000000006,0.04024976000000149,0.02112647999999432,0.015685239999990424
0.04909,0.027040840000005686,0.01362328000001074,0.02223939999999653
0.049100000000000005,0.026931840000000856,0.030599440000004894,0.027285640000011647
0.04911,0.02174816000000727,0.0371551200000019,0.03824215999999498
0.049120000000000004,0.0309360800000076,0.02887823999999682,0.04952160000000077
0.04913000000000001,0.0263508399999944,0.03084764000000271,0.021418320000000213
0.04914,0.026213280000007225,0.0363453199999964,0.0157662800000035
0.049150000000000006,0.02899576000000185,0.03866808000000026,0.021142039999994797
0.04916,0.02325576000000733,0.03826804000000041,0.018158839999995884
0.049170000000000005,0.022590239999996455,0.030606039999999585,0.028080400000002014
0.04918,0.03196244000000817,0.027252920000001787,0.030379359999994037
0.049190000000000005,0.02700512000000281,0.02921128000000657,0.014327160000007095
0.0492,0.024418760000004175,0.0321175999999955,0.022323919999993662
0.049210000000000004,0.021964040000011623,0.03970075999999549,0.06032236000000805
0.04922000000000001,0.04226808000000076,0.024435160000000112,0.027775239999993904
0.04923,0.026133239999999395,0.015394759999996399,0.045445800000000675
0.049240000000000006,0.022505679999989772,0.022379240000001237,0.029251200000001094
0.04925,0.018467599999999508,0.027914960000006442,0.04732015999999591
0.049260000000000005,0.021875239999997607,0.02398975999999677,0.037902839999995296
0.04927,0.03872912000000207,0.022753240000004206,0.03077987999999528
0.049280000000000004,0.036393920000001474,0.03453059999999985,0.032889799999995535
0.04929000000000001,0.045084360000005715,0.03650967999999697,0.027328279999995264
0.049300000000000004,0.028492880000001112,0.015096919999999516,0.026004559999993855
0.04931000000000001,0.035828480000000155,0.024231960000007075,0.046147199999997716
0.04932,0.031820520000000824,0.01979708000000451,0.02841240000000035
0.049330000000000006,0.038791239999998825,0.04138892000000066,0.030392919999995986
0.04934,0.03517387999999372,0.02409407999999988,0.04406652000000238
0.049350000000000005,0.02768927999999611,0.02195275999999435,0.03008088000000062
0.04936,0.02646987999999659,0.03329763999999671,0.023852439999995333
0.049370000000000004,0.025919599999995106,0.0366929599999951,0.04408919999999693
0.04938000000000001,0.03530272000000161,0.021192439999995885,0.019785320000005994
0.04939,0.017390200000010684,0.025897639999995697,0.017726919999989075
0.049400000000000006,0.02868279999999381,0.029879280000001646,0.03256288000000215
0.04941,0.022496880000006166,0.03724504000000099,0.031010720000005605
0.049420000000000006,0.030983320000001414,0.029954439999999475,0.03306252000000644
0.04943,0.02944296000000183,0.023611560000006204,0.04482768000001187
0.049440000000000005,0.018357799999994488,0.03840772000000104,0.03506296000000656
0.04945,0.02746772000000078,0.02954959999999519,0.031433400000001555
0.049460000000000004,0.027507119999993355,0.03533108000000977,0.02958887999999036
0.04947000000000001,0.020364680000002352,0.01748460000000017,0.030171319999993906
0.04948,0.023903519999996254,0.01445028000000467,0.025509200000000856
0.049490000000000006,0.031025200000000426,0.03616720000000572,0.02777956000000161
0.0495,0.024200959999996153,0.035751480000005886,0.03149152000000371
0.049510000000000005,0.028899599999999567,0.02121492000000014,0.022750799999994017
0.04952,0.0370905600000044,0.027824400000001626,0.02378415999999447
0.049530000000000005,0.02304828000000639,0.02918179999999374,0.01864964000000469
0.04954,0.035104560000000444,0.0266927199999986,0.027475519999995757
0.049550000000000004,0.03874235999999634,0.036172000000000405,0.023161839999993977
0.04956000000000001,0.025324840000000463,0.026126559999999324,0.047285520000011974
0.04957,0.04645040000000843,0.04214208000000315,0.0495887600000057
0.049580000000000006,0.02852860000000427,0.020768280000010228,0.028651279999999987
0.04959,0.022518679999994722,0.025763920000005342,0.025057480000005742
0.049600000000000005,0.04202643999998954,0.03606491999999138,0.04230280000001147
0.04961,0.0434419199999904,0.04785019999999562,0.0278527200000071
0.049620000000000004,0.03546555999998952,0.03264803999999492,0.02437979999999403
0.04963000000000001,0.03007719999999402,0.015733039999991743,0.030111439999989813
0.049640000000000004,0.043588919999990955,0.02604272000000774,0.029848720000000967
0.04965000000000001,0.04632431999999023,0.03218288000000749,0.01720496000000344
0.04966,0.03761396000000147,0.021829360000007254,0.03445052000000359
0.049670000000000006,0.03881923999999705,0.03615564000000679,0.04192404000000628
0.04968,0.026594479999994952,0.03402759999999534,0.016000199999993248
0.049690000000000005,0.03318744000000124,0.024767799999997467,0.02632987999999685
0.0497,0.030791959999994654,0.02952875999998984,0.031496880000007374
0.049710000000000004,0.03614763999999086,0.020427959999995658,0.03208971999999712
0.04972000000000001,0.02822751999999683,0.027131880000000292,0.024852439999995365
0.04973,0.02522663999999964,0.026608119999993397,0.034995399999999975
0.049740000000000006,0.015413440000007606,0.03427983999999519,0.02523096000000061
0.04975,0.034130719999994806,0.044153839999999264,0.021450079999996284
0.049760000000000006,0.029686879999996023,0.041613920000007604,0.030974760000006683
0.04977,0.028350840000000772,0.02203879999999827,0.024372760000001742
0.049780000000000005,0.02747287999999476,0.04876655999999511,0.03453403999998909
0.04979,0.028847839999999993,0.05535212000000002,0.029051840000006372
0.049800000000000004,0.030917599999994834,0.026862239999994326,0.02344424000000389
0.04981000000000001,0.038161359999999575,0.0354313199999955,0.01833907999999576
0.04982,0.036672399999995164,0.021179520000000146,0.028422400000001777
0.049830000000000006,0.027984920000005603,0.018255159999989966,0.032061520000002855
0.04984,0.041289760000009654,0.028419239999993448,0.030551839999996343
0.049850000000000005,0.04885884000000669,0.039191240000005,0.018997200000006487
0.04986,0.03794695999999597,0.04721928000000678,0.031179359999994653
0.049870000000000005,0.0376744399999957,0.04948772000000227,0.021781359999994514
0.04988,0.05482755999999642,0.029082920000005567,0.03671268000000442
0.049890000000000004,0.030892080000000537,0.015246680000010254,0.030584400000005556
0.04990000000000001,0.012264079999994133,0.032017600000005,0.022738720000005944
0.04991,0.013240920000011485,0.04085492000000424,0.018263639999994623
0.049920000000000006,0.03518700000000255,0.0393964799999936,0.028959760000006635
0.04993,0.024559079999994893,0.042903440000001236,0.03462408000000003
0.049940000000000005,0.03650908000000062,0.03997264000000209,0.023143920000006844
0.04995,0.037548319999995916,0.03715655999999346,0.01961931999999069
0.049960000000000004,0.021090679999999862,0.04163139999999487,0.03782440000000195
0.04997000000000001,0.01678140000000075,0.0309796400000016,0.02477347999999615
0.049980000000000004,0.027612759999999802,0.02905604000000551,0.02853748000000699
0.04999000000000001,0.02555652000000438,0.027738120000006024,0.022615720000003406
0.05,0.020211079999988946,0.04098316000000647,0.03292036000000416
0.050010000000000006,0.022806079999996332,0.04192236000000686,0.019607320000005445
0.05002,0.028209759999999532,0.02020839999999926,0.021012159999998413
0.050030000000000005,0.04202012000000651,0.03783007999999866,0.03481848000000785
0.05004,0.03979152000000273,0.030922279999996753,0.041664080000008305
0.050050000000000004,0.02665960000000545,0.033269920000000466,0.02294459999999647
0.05006000000000001,0.03762759999999552,0.026605480000006593,0.027124040000006018
0.05007,0.03156107999999484,0.04200076000000673,0.02134075999998909
0.050080000000000006,0.025776960000004782,0.03169476000000561,0.024255879999996285
0.05009,0.03290667999999767,0.03348059999999518,0.038056359999995085
0.050100000000000006,0.034959320000000425,0.029037520000001347,0.019971720000009633
0.05011,0.04196564000000137,0.038519080000006284,0.03864700000000162
0.050120000000000005,0.044491399999995976,0.03512336000000169,0.014190639999988762
0.05013,0.04167135999999095,0.02311808000000086,0.02601251999999499
0.050140000000000004,0.047192479999990086,0.033860679999996174,0.04758404000000202
0.05015000000000001,0.03945964000000073,0.029463799999995495,0.019394920000004624
0.05016,0.03253491999999762,0.04338227999999381,0.022971839999995174
0.050170000000000006,0.04414012000000796,0.02887011999999528,0.02331219999998898
0.05018,0.03131748000000047,0.02213948000000544,0.02869459999999554
0.050190000000000005,0.020988839999995228,0.036556280000003986,0.01430567999999347
0.0502,0.024635760000006047,0.03498223999999618,0.018428039999995104
0.050210000000000005,0.03519403999999602,0.02708172000000381,0.023768959999989663
0.05022,0.02647011999999005,0.02325356000000083,0.024684160000002574
0.050230000000000004,0.021015360000009586,0.03555099999999565,0.0203739999999901
0.05024000000000001,0.02981616000000088,0.026146080000008048,0.02239603999999491
0.05025,0.02599980000000169,0.026489440000001172,0.031703799999995154
0.050260000000000006,0.03161687999998916,0.01931516000000038,0.036296240000005774
0.05027,0.03176552000000606,0.031021479999989564,0.04028928000001187
0.050280000000000005,0.041913560000001696,0.02739552000000787,0.03213415999999575
0.05029,0.024056560000005466,0.02892732000000084,0.05705508000000599
0.050300000000000004,0.014683360000005146,0.03393996000000302,0.04461780000000596
0.05031000000000001,0.037761440000012025,0.033057800000000456,0.04541780000000634
0.050320000000000004,0.021017120000005628,0.043317360000002636,0.03408532000001007
0.05033000000000001,0.03448027999999404,0.04086596000000711,0.03324660000001003
0.05034,0.04678355999999616,0.033217960000011704,0.04898768000000867
0.050350000000000006,0.044094680000001205,0.02893984000000598,0.04597256000000145
0.05036,0.04725320000000225,0.02310659999999847,0.044316320000006695
0.050370000000000005,0.025281440000001435,0.019782680000011,0.023896240000006234
0.05038,0.029795640000001514,0.031552759999994386,0.023430760000000796
0.050390000000000004,0.023395680000004422,0.017616360000007384,0.02899128000000406
0.05040000000000001,0.03321347999999674,0.0331459600000059,0.02720724000000076
0.05041,0.03082392000000756,0.03587544000000997,0.02956935999999364
0.050420000000000006,0.02328243999999744,0.04366672000000719,0.014650560000006252
0.05043,0.04533752000000657,0.014293840000006667,0.026677840000007818
0.050440000000000006,0.02014199999999964,0.015079559999995138,0.03240587999999894
0.05045,0.01705712000000044,0.022569759999999283,0.03420236000000543
0.050460000000000005,0.02994083999999622,0.021937240000010967,0.03125844000000567
0.05047,0.030968120000001067,0.029283359999996348,0.04403020000000612
0.050480000000000004,0.03283032000000047,0.03813448000000151,0.03455816000001177
0.05049000000000001,0.024989680000000153,0.05679247999999055,0.033386400000011765
0.0505,0.02547723999999515,0.0372642799999936,0.04002764000001184
0.050510000000000006,0.035781999999994624,0.04151324000000115,0.02668928000000963
0.05052,0.037647200000000935,0.02877080000000169,0.03338339999999612
0.050530000000000005,0.02544700000000721,0.02862651999999573,0.03732080000000086
0.05054,0.022449319999996487,0.022858159999996484,0.03113032000000053
0.050550000000000005,0.020900320000000704,0.03388844000000485,0.027042320000001386
0.05056,0.027430560000006758,0.037631160000001,0.03618844000000522
0.050570000000000004,0.02521400000000554,0.027065600000001324,0.04424492000000233
0.05058000000000001,0.03407427999999923,0.02957119999999311,0.03277812000000552
0.05059,0.03174596000000047,0.030610479999993296,0.03244172000000041
0.050600000000000006,0.04436256000000621,0.02569064000001106,0.05038291999999459
0.05061,0.03115923999999577,0.015884120000002274,0.030937600000000343
0.050620000000000005,0.03400888000000142,0.03119195999999461,0.03692759999999363
0.05063,0.018125360000006425,0.033659320000006605,0.044480319999994355
0.050640000000000004,0.03586655999999008,0.03162895999999785,0.03892643999998933
0.05065000000000001,0.021833759999989263,0.023928359999995544,0.031800320000002505
0.050660000000000004,0.027351279999989354,0.02750847999999865,0.02012068000000551
0.05067000000000001,0.012283360000004847,0.033312320000005974,0.027610040000001036
0.05068,0.01628164000001113,0.03060567999999403,0.047007640000005055
0.050690000000000006,0.025158879999996712,0.02416840000000595,0.028680880000002216
0.0507,0.025046520000011507,0.029117999999996008,0.04342388000000763
0.050710000000000005,0.01670444000000623,0.04786399999999742,0.037781760000001635
0.05072,0.052881360000007434,0.04076875999999486,0.035271080000004375
0.050730000000000004,0.02824567999999479,0.03815839999999385,0.035735360000007425
0.05074000000000001,0.028507599999994138,0.031519279999994154,0.028631280000000984
0.05075,0.03782075999999686,0.04053088000000193,0.024714640000006113
0.050760000000000007,0.04105232000000012,0.024282159999995275,0.03206296000000389
0.05077,0.026534880000006787,0.042549000000003744,0.024232880000005952
0.050780000000000006,0.01646488000000429,0.0419025600000068,0.03526996000000159
0.05079,0.031251560000000046,0.03244164000000528,0.03905128000000077
0.050800000000000005,0.016688639999999727,0.028376000000004918,0.058233880000005796
0.05081,0.02775727999999004,0.030825520000011514,0.025193599999999747
0.050820000000000004,0.051286719999995754,0.031578120000005774,0.04303240000000176
0.05083000000000001,0.04005059999999495,0.04826187999999602,0.027688959999994982
0.05084,0.032936799999996595,0.047529759999995654,0.04948563999999606
0.050850000000000006,0.01177559999999541,0.033720680000005825,0.03212639999999495
0.05086,0.027209040000011262,0.022954359999993172,0.01959152000000096
0.050870000000000005,0.03362632000000074,0.023102680000003418,0.02259992000000279
0.05088,0.03198676000000372,0.03287896000000616,0.03261384000000075
0.050890000000000005,0.032231159999989406,0.023034879999993457,0.04099704000000652
0.0509,0.031759079999995124,0.01910339999999345,0.02365563999999853
0.050910000000000004,0.017930519999996095,0.04113204000000197,0.026887080000005843
0.05092000000000001,0.027574440000005192,0.0399839199999893,0.020590800000006685
0.05093,0.03207920000000758,0.028179679999993143,0.03529252000001156
0.050940000000000006,0.03268416000000293,0.022183679999994647,0.030827960000006784
0.05095,0.026526119999999275,0.02860859999999323,0.03935660000001128
0.050960000000000005,0.022608080000000124,0.012627679999995416,0.01549880000000578
0.05097,0.029146280000006335,0.01789627999999688,0.030746640000011583
0.050980000000000004,0.019557559999990728,0.02989244000000699,0.02736184000000627
0.05099000000000001,0.029412320000007926,0.030747960000007016,0.019093800000009604
0.051000000000000004,0.018016480000000158,0.042275039999994844,0.03812860000000481
0.05101000000000001,0.013827120000006214,0.018282959999996337,0.02713544000000559
0.05102,0.03709800000000172,0.046041239999997,0.018089600000011002
0.051030000000000006,0.01881164000001111,0.026732879999999733,0.0324220000000018
0.05104,0.030945959999993652,0.026663480000007643,0.017661799999994055
0.051050000000000005,0.027754400000001636,0.047327080000005316,0.022785480000001745
0.05106,0.03440904000001153,0.04051504000000512,0.016750519999999935
0.051070000000000004,0.028427520000007003,0.019136680000000402,0.026297680000001943
0.05108000000000001,0.03922436000000766,0.01277396000000159,0.02176647999999541
0.05109,0.021292359999994973,0.022851040000004978,0.03229159999999482
0.051100000000000007,0.028714400000001375,0.023522799999997013,0.02207871999999982
0.05111,0.037148400000000865,0.030595520000007873,0.036410560000001264
0.051120000000000006,0.02279404000000002,0.02230444000000601,0.033734680000006304
0.05113,0.019212319999996993,0.03296071999999472,0.02834720000000655
0.051140000000000005,0.01883272000000105,0.020073919999999464,0.03942608000000522
0.05115,0.013939080000005035,0.01806359999999975,0.021128040000010652
0.051160000000000004,0.022355960000005663,0.030926120000000012,0.029912440000006472
0.05117000000000001,0.026708000000009727,0.018402039999996938,0.019022799999993
0.05118,0.023246680000005706,0.02030467999999692,0.03408263999999392
0.051190000000000006,0.035679920000002086,0.03437175999998902,0.022461080000005407
0.0512,0.042784840000000476,0.017785599999993764,0.030386680000002098
0.051210000000000006,0.03272668000000097,0.0389892399999946,0.039521799999993786
0.05122,0.039652160000005876,0.026489200000004688,0.03307964000000209
0.051230000000000005,0.042483400000004425,0.025809480000009634,0.04177644000000599
0.05124,0.03885120000000075,0.030929600000005938,0.04028219999999542
0.051250000000000004,0.03982964000000486,0.03367380000000738,0.02310760000000337
0.05126000000000001,0.019698679999989126,0.029331320000000074,0.04230464000000814
0.05127,0.029481560000005437,0.02522119999999968,0.041585599999995775
0.051280000000000006,0.032384159999993556,0.022077160000011323,0.02669111999999706
0.05129,0.029541319999990948,0.02474544000000621,0.029926640000011804
0.051300000000000005,0.027853360000000823,0.028052360000009553,0.03126447999999538
0.05131,0.03633467999999421,0.03004824000000813,0.0438841200000007
0.051320000000000005,0.015147080000005633,0.05832356000000128,0.03438936000000107
0.05133000000000001,0.0258597599999952,0.03190008000000495,0.03130103999999428
0.051340000000000004,0.02584200000001169,0.025561079999994258,0.03791179999999454
0.05135000000000001,0.035327599999999966,0.026682639999999615,0.023720400000011927
0.05136,0.0431075600000039,0.03023503999999982,0.030862640000010082
0.051370000000000006,0.04316580000000627,0.0312094000000065,0.02750228000000423
0.05138,0.04676132000000619,0.030942520000005972,0.029561720000009544
0.051390000000000005,0.02238964000000216,0.023798079999994486,0.030081320000004984
0.0514,0.017364599999995352,0.0256593999999988,0.03572724000000637
0.051410000000000004,0.030459879999993885,0.03710600000000693,0.040460840000004335
0.05142000000000001,0.02882104000000126,0.03366892000000356,0.02191416000000614
0.051430000000000003,0.022782320000010757,0.04570387999999693,0.040572400000000355
0.05144000000000001,0.01811508000000445,0.0233270800000045,0.04042100000000017
0.05145,0.02469416000000357,0.029446839999994895,0.02633743999999564
0.051460000000000006,0.030958839999996712,0.03977860000000078,0.028385959999999735
0.05147,0.024570800000004788,0.024562360000004342,0.01910420000000781
0.051480000000000005,0.019753560000000815,0.023128720000011205,0.0369833999999965
0.05149,0.01970876000000018,0.027908520000007063,0.027157880000006886
0.051500000000000004,0.032621720000004815,0.026501800000006317,0.017206440000007015
0.05151000000000001,0.02215080000001174,0.034395160000006406,0.030320439999997163
0.05152,0.018453839999994504,0.033360479999995515,0.0447419200000083
0.051530000000000006,0.01890476000000574,0.02823716000001116,0.029531480000006625
0.05154,0.027313160000002834,0.04282472000000173,0.03241412000000017
0.051550000000000006,0.05884860000000312,0.025661800000000803,0.02215080000001167
0.05156,0.04222596000001181,0.030371120000001788,0.02240856000000116
0.051570000000000005,0.022743960000001215,0.029302520000001466,0.03642316000000219
0.05158,0.023540519999994527,0.02670672000000225,0.017998400000000303
0.051590000000000004,0.019966599999999893,0.017227640000011098,0.03397028000000791
0.05160000000000001,0.04353288000000082,0.02239031999999592,0.04415232000000667
0.05161,0.015727679999995945,0.034383559999997884,0.021123520000007306
0.051620000000000006,0.023105439999995866,0.03898807999999568,0.0468130400000009
0.05163,0.03797187999999554,0.022700039999989687,0.027622000000007474
0.051640000000000005,0.044594000000001036,0.031619319999996356,0.020708719999996742
0.05165,0.021005440000006096,0.025061160000005998,0.02409147999999975
0.051660000000000005,0.020245560000007386,0.04030711999999378,0.022370919999996575
0.05167000000000001,0.035407040000004796,0.041093319999995055,0.0223314799999948
0.051680000000000004,0.03197868000000649,0.020445559999999502,0.04060779999999952
0.05169000000000001,0.026091880000006454,0.029185519999993866,0.030392640000000873
0.0517,0.040981559999995074,0.04214047999999705,0.024929800000001546
0.051710000000000006,0.02991416000000671,0.027328079999999765,0.039571359999997356
0.05172,0.024452320000009718,0.030398599999995203,0.02927483999998995
0.051730000000000005,0.013155919999999781,0.029407160000005286,0.0391225599999948
0.05174,0.026510359999999164,0.0404110400000018,0.017887679999997106
0.051750000000000004,0.02314560000000476,0.023364080000006497,0.024531799999996436
0.05176000000000001,0.027615040000010246,0.02471111999999897,0.042889159999990246
0.051770000000000004,0.03519648000000628,0.03551383999999727,0.026864919999991476
0.05178000000000001,0.03583895999999434,0.030460760000006862,0.027585120000001594
0.05179,0.038082080000000254,0.03947015999999965,0.03087943999998997
0.051800000000000006,0.019677680000006685,0.04837516000000098,0.04246679999999506
0.05181,0.026825640000001507,0.029824040000005988,0.024737079999989916
0.051820000000000005,0.0218342800000034,0.03895671999999544,0.021192239999996546
0.05183,0.03622819999999913,0.046232999999995215,0.03310735999999894
0.051840000000000004,0.02336840000000625,0.035513599999989674,0.022564400000006025
0.05185000000000001,0.02511147999998931,0.04256876000000056,0.0164102399999999
0.05186,0.028491439999999903,0.028735999999999477,0.02970963999998884
0.051870000000000006,0.02084551999999951,0.014693880000004869,0.03509864000000132
0.05188,0.01993135999999989,0.02938752000000707,0.027185480000001466
0.051890000000000006,0.036406599999994564,0.02505924000000621,0.02586980000000559
0.0519,0.028105559999994832,0.02414540000000984,0.04569088000000606
0.051910000000000005,0.04205835999999665,0.02227924000000579,0.025501720000009845
0.05192,0.03769256000000021,0.017322039999995337,0.02359260000000595
0.051930000000000004,0.03687544000000061,0.03641839999999984,0.022669120000005344
0.05194000000000001,0.024806039999999703,0.03134080000001099,0.019348079999998487
0.05195,0.025169840000007885,0.040452639999997424,0.03080863999999634
0.051960000000000006,0.028923720000006266,0.034415879999999496,0.033285920000007525
0.05197,0.015569320000006966,0.02680508000000065,0.032707639999994924
0.051980000000000005,0.021133360000000264,0.02467112000000443,0.0461256000000009
0.05199,0.017308640000004708,0.024039319999996308,0.025506879999999624
0.052000000000000005,0.028888080000004902,0.0312966800000068,0.024700600000006474
0.05201000000000001,0.02911759999999518,0.027955719999989515,0.03843724000000222
0.052020000000000004,0.03601331999999589,0.050164400000002565,0.033007800000001766
0.05203000000000001,0.033311200000006355,0.028490719999993846,0.02622919999999432
0.05204,0.04028551999999783,0.05263924000000005,0.02397791999999473
0.052050000000000006,0.028376199999997437,0.035088679999998935,0.025726799999997822
0.05206,0.03316567999999585,0.028454239999989306,0.02358439999998928
0.052070000000000005,0.024585039999989226,0.04170332000000174,0.03088075999999374
0.05208,0.022389400000007706,0.02428711999999455,0.02672284000000685
0.052090000000000004,0.032876640000001726,0.030306680000002403,0.02495288000000072
0.05210000000000001,0.04631820000001235,0.04634952000000521,0.025877200000003896
0.052110000000000004,0.036189640000005796,0.042891239999995334,0.019958680000000454
0.05212000000000001,0.042084400000008106,0.04906171999999702,0.018828480000000123
0.05213,0.034333360000000784,0.03872716000000092,0.03237283999999998
0.052140000000000006,0.018242720000005135,0.025887400000005032,0.022583959999994713
0.05215,0.029529280000005962,0.033188160000003415,0.03263903999999346
0.052160000000000005,0.0381604000000072,0.02559579999999638,0.045947640000006965
0.05217,0.04836176000001188,0.03496883999999469,0.0245635600000118
0.052180000000000004,0.029419480000004345,0.03322880000000076,0.019726119999998914
0.05219000000000001,0.027247079999999407,0.02476432000000758,0.03591043999999616
0.0522,0.0315101600000037,0.03411623999999943,0.03821475999999621
0.052210000000000006,0.01874364000000575,0.02733367999999708,0.02198811999999972
0.05222,0.03385568000000478,0.02772227999999417,0.03809859999999573
0.052230000000000006,0.030799720000006917,0.026830719999993924,0.028708600000007724
0.05224,0.030670639999994035,0.028045000000000545,0.037412119999998404
0.052250000000000005,0.03403064000000589,0.013637080000001202,0.01555323999998883
0.05226,0.03804472000000796,0.022065560000006586,0.019817840000011692
0.052270000000000004,0.028511720000000768,0.030062000000008186,0.03759236000000761
0.05228000000000001,0.035703400000006,0.017515279999999408,0.023080440000007786
0.05229,0.030967160000007835,0.03221259999999877,0.02111044000000231
0.052300000000000006,0.030839040000005733,0.022022400000001104,0.023532239999996776
0.05231,0.024543560000006296,0.013981559999999707,0.022399919999996718
0.052320000000000005,0.027677560000000188,0.040743920000007344,0.037708680000001084
0.05233,0.02422679999999856,0.024716600000001813,0.05042132000000179
0.052340000000000005,0.029201279999989102,0.03692028000001159,0.041009920000002
0.05235000000000001,0.023453679999994006,0.03394664000001162,0.03362444000000068
0.052360000000000004,0.017183599999994716,0.032312080000003886,0.03271504000000644
0.05237000000000001,0.023468799999996605,0.034733600000000524,0.029996159999995952
0.05238,0.03324443999998919,0.026305159999991154,0.033199759999993694
0.052390000000000006,0.020847199999994324,0.04614140000000719,0.020797840000001747
0.0524,0.0491066000000013,0.014674800000005027,0.021022439999995212
0.052410000000000005,0.02833219999999369,0.022081639999999805,0.02479027999998961
0.05242,0.01479591999999942,0.018377319999994104,0.030170839999989624
0.052430000000000004,0.02678600000000394,0.029204000000005528,0.024876160000001812
0.05244000000000001,0.029367160000010845,0.025528680000007364,0.018517320000000278
0.052450000000000004,0.01739716000000086,0.017589079999998283,0.05163979999999737
0.05246000000000001,0.03638143999999945,0.02988751999999912,0.04609852000000731
0.05247,0.014615160000007657,0.01608515999999595,0.015501839999999127
0.052480000000000006,0.02187120000001118,0.03988563999999537,0.04029731999999978
0.05249,0.023853400000001166,0.022543320000004308,0.022883519999996223
0.052500000000000005,0.04313352000000658,0.04517064000000021,0.023588800000001794
0.05251,0.03648667999999973,0.03829559999999597,0.017492719999998196
0.052520000000000004,0.05276468000000344,0.02089048000000074,0.03666660000000681
0.05253000000000001,0.03781780000000663,0.020449839999989037,0.03564760000001084
0.05254,0.0350699200000026,0.04108655999998924,0.028697560000005565
0.052550000000000006,0.030474439999994968,0.03772443999999461,0.03261267999999682
0.05256,0.02335291999998937,0.027233479999989953,0.020512920000004403
0.052570000000000006,0.03218351999999478,0.018704519999992973,0.050457560000006924
0.05258,0.027147279999995548,0.04459143999999957,0.0318856800000068
0.052590000000000005,0.028795000000000927,0.044850200000004975,0.03318632000000179
0.0526,0.03228451999999603,0.026844680000005994,0.039417200000002026
0.052610000000000004,0.01363255999999984,0.042113919999994934,0.03731399999999019
0.05262000000000001,0.02505296000000531,0.029107360000001182,0.0296644799999951
0.05263,0.027160280000005827,0.013923440000000571,0.019764400000000026
0.052640000000000006,0.023388759999999113,0.03510644000000007,0.028544000000002765
0.05265,0.021181440000001477,0.03279564000000146,0.024985320000006132
0.052660000000000005,0.021843759999989616,0.0427722000000064,0.030190160000000663
0.05267,0.03330595999999609,0.03377648000000531,0.025969520000000294
0.052680000000000005,0.036489119999995503,0.05533904000000606,0.014714040000001068
0.05269000000000001,0.024715479999994853,0.03528735999999626,0.016626440000006244
0.052700000000000004,0.026466720000006938,0.022136880000005292,0.0287477200000053
0.05271000000000001,0.027584079999996264,0.026470639999994373,0.03300620000000058
0.05272,0.03510456000000202,0.028902960000000682,0.01939487999999772
0.052730000000000006,0.02664620000000768,0.025148559999993998,0.02811179999999575
0.05274,0.025884399999993202,0.03199596000000007,0.03030904000000006
0.052750000000000005,0.012403719999998295,0.046756280000001135,0.03090700000000685
0.05276,0.028211240000003714,0.042022000000001926,0.026411760000006692
0.052770000000000004,0.01900499999999401,0.026780880000006262,0.024439319999996614
0.05278000000000001,0.023073879999999564,0.031929480000002806,0.025366600000002112
0.052790000000000004,0.027255559999994693,0.03473503999999486,0.03243740000000044
0.05280000000000001,0.0338508000000116,0.021672519999994998,0.03784496000000224
0.05281,0.029417120000006007,0.04151107999999943,0.03585496000000042
0.052820000000000006,0.04070552000000718,0.022615840000007513,0.05027035999999619
0.05283,0.037967720000007296,0.021372880000005912,0.020801879999995398
0.052840000000000005,0.04465995999999511,0.03195952000001182,0.025877200000005957
0.05285,0.02664115999999364,0.048153560000005334,0.03655220000000779
0.052860000000000004,0.032845559999999545,0.022713599999989367,0.034333200000011395
0.05287000000000001,0.030184079999990225,0.0437459199999962,0.022242159999995348
0.05288,0.030123999999994065,0.029032999999994976,0.031280520000000304
0.052890000000000006,0.026184960000006786,0.030311439999989486,0.04128048000000071
0.0529,0.03950500000000237,0.04147740000000494,0.029571679999997068
0.052910000000000006,0.016887120000000165,0.025999919999997165,0.02099908000000521
0.05292,0.031331599999998745,0.03165123999999892,0.03323743999999529
0.052930000000000005,0.03130428000001132,0.0250498799999952,0.03691775999999688
0.05294,0.03805620000000814,0.02993491999999523,0.022721959999996613
0.052950000000000004,0.03894612000000203,0.013893680000003336,0.042000319999996955
0.05296000000000001,0.05122240000000761,0.02638728000000155,0.01750372000001041
0.05297,0.027541840000004675,0.04518984000000107,0.019717319999999514
0.052980000000000006,0.03733884000000136,0.033125280000001,0.03376527999999615
0.05299,0.029327079999995176,0.038592439999990215,0.027304040000000966
0.053000000000000005,0.03926395999999434,0.021946599999995032,0.02220084000001129
0.05301,0.016162999999999903,0.029302919999994428,0.029624560000001448
0.053020000000000005,0.03420924000000452,0.017464280000010882,0.013467159999995062
0.05303000000000001,0.017215040000009868,0.027412760000009487,0.026341799999999055
0.053040000000000004,0.022449239999999256,0.03792668000000165,0.03407083999999582
0.05305000000000001,0.024869639999998857,0.04102524000000735,0.029010360000001748
0.05306,0.039389239999994566,0.022293640000005614,0.018968920000000458
0.053070000000000006,0.029383519999994584,0.03549220000000191,0.04109400000000836
0.05308,0.028966599999999128,0.04528075999999569,0.026450840000007636
0.053090000000000005,0.032749639999999004,0.05456063999999421,0.04488816000000311
0.0531,0.01772528000000143,0.03039360000000637,0.030482080000001608
0.053110000000000004,0.023959640000006308,0.036605000000006375,0.03753492000000781
0.05312000000000001,0.031548680000000266,0.030058920000003965,0.03565783999999776
0.053130000000000004,0.03975072000000176,0.03690644000000539,0.027749159999997032
0.05314000000000001,0.02815147999999624,0.027603879999995355,0.04522844000001114
0.05315,0.033815920000007535,0.034057640000001,0.028503760000001255
0.053160000000000006,0.025360680000002474,0.036322880000006726,0.03481711999999437
0.05317,0.0269230799999995,0.03732976000000738,0.04644560000000194
0.053180000000000005,0.017559479999994798,0.0411791600000067,0.05192139999999625
0.05319,0.025496760000004365,0.05462972000000737,0.03472247999999983
0.053200000000000004,0.03212560000000134,0.031432320000007515,0.0303013599999963
0.05321000000000001,0.023021280000010743,0.032328720000011434,0.047055959999995435
0.05322,0.0435095999999936,0.0320320400000079,0.04012459999999521
0.053230000000000006,0.04481872000000192,0.020678600000005373,0.03929467999999528
0.05324,0.03427772000000133,0.029818400000007413,0.023796679999996833
0.053250000000000006,0.029601279999995473,0.03217707999998952,0.044674560000000384
0.05326,0.03276275999999506,0.030625159999996994,0.02059659999999941
0.053270000000000005,0.02862008000000093,0.022266519999989822,0.030415399999995017
0.05328,0.020572880000006084,0.03357619999999464,0.036301080000006584
0.053290000000000004,0.03258844000000552,0.04502312000000185,0.03485167999999886
0.05330000000000001,0.05365084000000846,0.03626519999999768,0.030734959999995478
0.05331,0.032665520000011515,0.0316454800000026,0.034827120000000635
0.053320000000000006,0.026126800000001296,0.029108680000008234,0.035203400000006976
0.05333,0.0163355600000103,0.031529759999994654,0.029588840000001913
0.053340000000000005,0.02882703999999399,0.025431239999994658,0.025863880000001283
0.05335,0.017984560000004108,0.024468759999996766,0.035202440000006385
0.053360000000000005,0.03662883999999684,0.017948720000000067,0.04352236000000052
0.05337000000000001,0.03114343999998944,0.027765959999996988,0.04131352000000654
0.053380000000000004,0.027272720000001627,0.03182604000000435,0.04124791999999569
0.05339000000000001,0.022188919999999817,0.02814247999998914,0.025010679999997048
0.0534,0.038113919999994805,0.02702607999999332,0.04331340000000621
0.053410000000000006,0.023229439999989714,0.02376455999999541,0.029034520000000785
0.05342,0.019392359999988933,0.02935196000000623,0.029670079999996175
0.053430000000000005,0.03427288000000454,0.03734024000000135,0.02861568000000591
0.05344,0.026594599999993536,0.03582456000000264,0.04093556000000079
0.053450000000000004,0.02270519999999126,0.024461800000000384,0.033113039999999455
0.05346000000000001,0.02364655999998926,0.02172827999998905,0.027895039999995635
0.053470000000000004,0.027586079999994895,0.020759640000004097,0.03623287999999981
0.05348000000000001,0.03046060000000549,0.029906760000007932,0.032716640000005265
0.05349,0.03227880000001064,0.018121000000006982,0.03474603999999988
0.053500000000000006,0.03194411999999655,0.014215319999996472,0.030163880000005423
0.05351,0.021488559999999306,0.02479644000000705,0.05238372000000048
0.053520000000000005,0.049377720000000944,0.025503559999996737,0.03689616000000031
0.05353,0.025807600000005575,0.02714663999998996,0.0332385999999995
0.053540000000000004,0.03819659999999962,0.023678599999995012,0.0258363199999947
0.05355000000000001,0.024174599999989683,0.016842119999994215,0.025970199999999336
0.05356,0.049478080000002166,0.03401071999999539,0.031110639999998944
0.053570000000000007,0.026966000000007033,0.017480600000000557,0.04265128000000005
0.05358,0.018802120000000103,0.03850347999999018,0.022894919999999916
0.053590000000000006,0.029025520000002122,0.04112976000000143,0.03342147999998987
0.0536,0.02827503999999413,0.03614240000000048,0.026726039999994552
0.053610000000000005,0.02757636000000509,0.039085399999989376,0.021460199999995863
0.05362,0.04138968000000021,0.03070664000000704,0.0458122800000023
0.053630000000000004,0.04104599999999982,0.014716800000005947,0.04579080000000707
0.05364000000000001,0.043648160000000366,0.038049280000007894,0.028764920000001006
0.05365,0.01990608000001156,0.020272879999994727,0.019936680000002163
0.053660000000000006,0.035870760000004574,0.019587160000000197,0.017211640000010995
0.05367,0.030314400000004803,0.046286559999993745,0.016902520000011377
0.053680000000000005,0.029967760000004638,0.0292339200000097,0.02284991999999327
0.05369,0.029599800000001675,0.02747596000000512,0.022124159999999945
0.053700000000000005,0.03208488000000257,0.04227348000000859,0.03471140000000152
0.05371000000000001,0.041107760000007175,0.02851007999998895,0.04337548000000078
0.053720000000000004,0.027304520000001237,0.0435107600000081,0.055317560000005365
0.05373000000000001,0.01658408000000593,0.03052264000000978,0.028279159999991012
0.05374,0.015712800000004145,0.022826360000007637,0.03729096000000186
0.053750000000000006,0.02576899999999371,0.027292480000007783,0.03243716000000196
0.05376,0.034772120000003785,0.03020804000001171,0.023105759999993574
0.053770000000000005,0.029148479999996136,0.06404092000000398,0.043855719999999696
0.05378,0.037886799999995585,0.029647640000002744,0.04121279999999729
0.053790000000000004,0.02252343999999476,0.031460400000002824,0.03398488000000013
0.05380000000000001,0.024266440000010662,0.017503599999990925,0.03280655999999745
0.053810000000000004,0.035607640000006706,0.03284240000000009,0.03619695999999387
0.05382000000000001,0.02670712000000204,0.02976812000000089,0.03763096000000092
0.05383,0.033591520000001436,0.03701784000001177,0.038602280000001876
0.053840000000000006,0.018550439999990013,0.01931836000001012,0.03828224000000164
0.05385,0.03246003999999444,0.02112564000000084,0.02808456000000132
0.053860000000000005,0.023603759999994867,0.017004999999993956,0.02466651999998964
0.05387,0.036424520000001535,0.020898919999999637,0.03870239999999994
0.053880000000000004,0.025209920000000795,0.029113799999994694,0.02413464000000529
0.05389000000000001,0.04238415999999398,0.02534723999999509,0.0390352400000016
0.0539,0.037815080000001125,0.017601240000006475,0.023624760000001195
0.053910000000000007,0.04320412000000213,0.03650656000000171,0.03796271999999587
0.05392,0.030760640000002042,0.02656236000000156,0.020461040000005364
0.053930000000000006,0.03345719999998943,0.03088996000000638,0.019561399999996378
0.05394,0.05113671999999011,0.02707475999999437,0.03359507999999689
0.053950000000000005,0.035446159999991,0.028371359999994877,0.0419377599999895
0.05396,0.054791560000001564,0.033468760000007355,0.03066155999999434
0.053970000000000004,0.02820372000000082,0.01716511999999396,0.027303599999994387
0.05398000000000001,0.02914544000000655,0.025685199999994548,0.03501071999998918
0.05399,0.0344274800000067,0.020773319999999224,0.04150852000000768
0.054000000000000006,0.030417319999989027,0.036722840000005134,0.030285199999996192
0.05401,0.021477640000006064,0.0334812000000097,0.034464360000001935
0.054020000000000006,0.03278936000000123,0.03754984000000823,0.035389640000001055
0.05403,0.03548311999999475,0.03167011999999958,0.03870787999999367
0.054040000000000005,0.027298279999997337,0.04673752000000855,0.032739199999994695
0.05405000000000001,0.01737615999999613,0.02396103999999896,0.03393919999999501
0.054060000000000004,0.022538200000000612,0.028052880000009606,0.01312592000000174
0.05407000000000001,0.03158928000000697,0.03359644000000761,0.02473552000000701
0.05408,0.023226799999999145,0.02555384000000964,0.04221615999999757
0.054090000000000006,0.035184760000008565,0.01672155999999698,0.03126612000000626
0.0541,0.03634288000000129,0.021789599999999125,0.03190084000000222
0.054110000000000005,0.04746715999999567,0.029204519999999425,0.029100760000006633
0.05412,0.037649320000006384,0.0354902400000017,0.027580319999995117
0.054130000000000005,0.027098680000005655,0.03189384000000657,0.0236599199999935
0.05414000000000001,0.03413847999999518,0.04094639999999593,0.016771479999995113
0.054150000000000004,0.02429275999999859,0.0238876000000061,0.02251003999999315
0.05416000000000001,0.01153544000000573,0.021407800000001195,0.01889055999999322
0.05417,0.04257336000000805,0.030146040000002094,0.028351720000007602
0.054180000000000006,0.023126119999995764,0.040790920000001264,0.035493920000005584
0.05419,0.026851040000005225,0.025484160000002632,0.04244751999999997
0.054200000000000005,0.035292360000007766,0.03357468000000091,0.03220000000000032
0.05421,0.03318559999999526,0.044155600000006796,0.035975039999995274
0.054220000000000004,0.027942719999996216,0.02798120000000657,0.02554228000000131
0.05423000000000001,0.016116720000009424,0.03351632000000629,0.033804879999989386
0.054240000000000003,0.023881440000006852,0.049331760000007024,0.03820391999999464
0.05425000000000001,0.024082359999997135,0.025839919999999975,0.04004360000000159
0.05426,0.02814403999999946,0.034065600000006226,0.03479683999999006
0.054270000000000006,0.01965767999999532,0.037626119999997716,0.035300800000001464
0.05428,0.01795299999999418,0.017486240000004483,0.025523919999995762
0.054290000000000005,0.0324768799999947,0.023259800000000868,0.02470707999999505
0.0543,0.03647760000000754,0.0265241999999975,0.021805720000002245
0.054310000000000004,0.036980760000008425,0.027684280000001303,0.024703359999993606
0.05432000000000001,0.04573300000000775,0.025368600000000813,0.027765159999994873
0.05433,0.0259092400000008,0.026628679999993618,0.01748140000001008
0.054340000000000006,0.03560555999999575,0.032327559999993746,0.03620212000000066
0.05435,0.03759720000000537,0.03808796000000661,0.02398179999999338
0.054360000000000006,0.03271207999999688,0.0627333200000073,0.021261480000006217
0.05437,0.02756615999998962,0.016708880000001366,0.02851367999999941
0.054380000000000005,0.03962323999999919,0.023170320000006316,0.021365319999995736
0.05439000000000001,0.0265065599999946,0.037615240000011416,0.03321272000000628
0.054400000000000004,0.03631167999999498,0.03246347999999354,0.023556280000011552
0.05441000000000001,0.0357552799999947,0.04215431999999591,0.021407719999999086
0.05442,0.02743323999999437,0.015995720000001084,0.029463880000001254
0.054430000000000006,0.016685519999997147,0.030311679999994748,0.02720972000000765
0.05444,0.022975240000007193,0.02943491999999387,0.03218551999999957
0.054450000000000005,0.019140159999995673,0.03887392000000017,0.03857204000000101
0.05446,0.027013600000004013,0.02608515999999378,0.03722508000001177
0.054470000000000005,0.03840452000000015,0.019600479999999088,0.033634400000005865
0.05448000000000001,0.024103800000001285,0.013646240000010301,0.03128984000000791
0.054490000000000004,0.03263891999999552,0.026311840000010984,0.03033147999999541
0.05450000000000001,0.04725679999999516,0.034152840000010835,0.018832359999999108
0.05451,0.03837331999998942,0.023299319999992848,0.019884120000002337
0.054520000000000006,0.04279247999999003,0.02952516000000968,0.03731387999999504
0.05453,0.02345651999999528,0.03196767999999961,0.038405080000001035
0.054540000000000005,0.03676735999999591,0.03410904000000628,0.02698048000000987
0.05455,0.028765759999995553,0.03933415999999615,0.03726747999999905
0.054560000000000004,0.024222880000004644,0.03365619999999583,0.029429120000009232
0.05457000000000001,0.01404292000000148,0.04013675999999616,0.02269660000000022
0.054580000000000004,0.020239119999996728,0.03357347999999577,0.029165600000004597
0.05459000000000001,0.024386120000006617,0.04078936000000104,0.025625040000011562
0.0546,0.04104768000000118,0.03999840000000019,0.03367108000000472
0.054610000000000006,0.03669184000000778,0.030582600000011683,0.036988400000010475
0.05462,0.03648456000000776,0.03383080000000067,0.0326464800000062
0.054630000000000005,0.051987080000008894,0.05791179999999545,0.031906599999999466
0.05464,0.0367981999999956,0.03687756000000003,0.020451719999998265
0.054650000000000004,0.03822459999999958,0.03902460000000166,0.03770735999999584
0.05466000000000001,0.0197095999999887,0.028432480000007292,0.048511680000006635
0.05467,0.03144152000000579,0.040807039999994923,0.0410426800000061
0.054680000000000006,0.03417048000000066,0.019922359999994303,0.04341380000000053
0.05469,0.028637679999993806,0.02821115999999535,0.024737960000005717
0.054700000000000006,0.03003680000000194,0.036673679999992076,0.015284440000001736
0.05471,0.02043060000000719,0.03104876000000748,0.017819479999989486
0.054720000000000005,0.03270732000000019,0.03708416000000246,0.026157160000000707
0.05473000000000001,0.02952772000000526,0.017097159999997405,0.024878719999996402
0.054740000000000004,0.038288759999998076,0.02845916000000017,0.042726080000002054
0.05475000000000001,0.02807180000000589,0.01662824000000676,0.02346688000000525
0.05476,0.019655000000000596,0.03414459999999516,0.02499323999999996
0.054770000000000006,0.03361539999999565,0.03373571999999996,0.025648040000004087
0.05478,0.023926679999994392,0.025734880000007093,0.041687560000001705
0.054790000000000005,0.0211369599999952,0.027433880000005007,0.018908639999989534
0.0548,0.022240920000000254,0.02823268000000063,0.01580287999999356
0.054810000000000005,0.028817720000005178,0.021148680000000253,0.042572919999995386
0.05482000000000001,0.03247392000000602,0.02920207999999709,0.03173923999999434
0.054830000000000004,0.026208400000000017,0.0322026000000007,0.02859087999999984
0.05484000000000001,0.030648079999994367,0.02920999999999389,0.027646239999995673
0.05485,0.030395960000006283,0.03334451999999969,0.03915571999998949
0.054860000000000006,0.02468740000000553,0.038434039999994694,0.05546651999999046
0.05487,0.018449839999990822,0.016633359999993023,0.03010963999999536
0.054880000000000005,0.021504000000004554,0.037293320000005854,0.039097759999994694
0.05489,0.029639360000000177,0.039369240000001735,0.036063840000001395
0.054900000000000004,0.042311319999997266,0.02981215999999552,0.02842132000000479
0.05491000000000001,0.014493639999993804,0.03725656000000619,0.034967239999996506
0.054920000000000004,0.03532980000000234,0.04205656000000585,0.027067239999993872
0.05493000000000001,0.023205080000000867,0.05546336000000678,0.02730295999999497
0.05494,0.03016504000000601,0.02772388000001049,0.021385119999996146
0.054950000000000006,0.031499720000005546,0.028807240000000817,0.02392556000000564
0.05496,0.03198503999999491,0.03599856000000758,0.03762628000001163
0.054970000000000005,0.02786028000000587,0.028872399999999843,0.03141876000000744
0.05498,0.04094588000000686,0.03209136000000464,0.030896560000011394
0.054990000000000004,0.03465236000000701,0.03530139999999481,0.02446756000000506
0.05500000000000001,0.01903439999999861,0.019800599999989992,0.035059839999999724
0.05501,0.02690283999999605,0.024029719999994793,0.027332559999996706
0.055020000000000006,0.04320304000000309,0.044429399999998426,0.04101168000000721
0.05503,0.03137148000000463,0.02833083999999717,0.03051984000000156
0.055040000000000006,0.03167696000001018,0.03652276000000533,0.020682480000006824
0.05505,0.03455560000000643,0.024142399999998752,0.04402023999999571
0.055060000000000005,0.033091720000005063,0.03909968000000494,0.03373379999999508
0.05507000000000001,0.02865508000000576,0.020337759999989425,0.028003879999995443
0.055080000000000004,0.04269035999999544,0.03171288000000482,0.031868040000000084
0.05509000000000001,0.02275336000000946,0.025552400000002674,0.03590239999999996
0.0551,0.0332116000000115,0.02928719999999444,0.031323400000000286
0.055110000000000006,0.03986856000001079,0.022485119999989693,0.02371024000000444
0.05512,0.034751680000004746,0.03333804000000122,0.044364440000008026
0.055130000000000005,0.034130760000006574,0.02703892000000165,0.036999720000005926
0.05514,0.02158600000000351,0.02122180000001113,0.04073043999999576
0.055150000000000005,0.021459279999994984,0.02404911999999871,0.031350439999994255
0.05516000000000001,0.0396493199999945,0.01876511999999389,0.034394040000000084
0.055170000000000004,0.024662039999989543,0.024962000000001927,0.03481288000001017
0.05518000000000001,0.03772967999999889,0.04398620000000279,0.03648652000000134
0.05519,0.03920824000000057,0.02230608000001165,0.04611028000000458
0.055200000000000006,0.024929800000001633,0.01978068000000774,0.045100080000004865
0.05521,0.0299030000000017,0.021475880000001505,0.03950764000001196
0.055220000000000005,0.03656367999999039,0.03083584000000982,0.02623196000000464
0.05523,0.04816876000000113,0.021274040000001066,0.03130596000000527
0.055240000000000004,0.03703559999999535,0.026395240000001263,0.04384560000000599
0.05525000000000001,0.03096567999998988,0.02552667999999053,0.038178680000006626
0.055260000000000004,0.02976727999999508,0.04040879999999614,0.021381720000000982
0.05527000000000001,0.03318608000000715,0.04294768000000543,0.04811780000000241
0.05528,0.035783320000001825,0.02091635999999526,0.02735000000000505
0.055290000000000006,0.03476444000000063,0.04107767999999764,0.026799919999996605
0.0553,0.05049236000000788,0.028710479999990376,0.013705280000001013
0.055310000000000005,0.022269200000004333,0.03851187999999788,0.018004320000001767
0.05532,0.028126040000010767,0.02542612000000152,0.03262172000000515
0.055330000000000004,0.03946227999999579,0.020453120000000356,0.020039319999993276
0.05534000000000001,0.04065512000000573,0.04408880000000029,0.03658203999999492
0.05535,0.0398613200000078,0.030282680000005828,0.02302847999999996
0.055360000000000006,0.03950811999999729,0.030076919999995705,0.033683040000006124
0.05537,0.016671800000006082,0.0233972800000116,0.03914672000000606
0.055380000000000006,0.033248840000006184,0.03278608000000674,0.03730508000000107
0.05539,0.03642547999999713,0.028769000000004333,0.022372400000007467
0.055400000000000005,0.03266336000000175,0.028343199999995773,0.04239863999999684
0.05541000000000001,0.01930023999999921,0.040127440000000465,0.027992840000004873
0.055420000000000004,0.022724920000011577,0.044763240000006276,0.023918520000005185
0.05543000000000001,0.030965959999997583,0.042237639999996565,0.03885964000000157
0.05544,0.019001839999995093,0.03771771999999367,0.03326404000000072
0.055450000000000006,0.01614400000000644,0.026037159999993176,0.013288720000010865
0.05546,0.029505920000005504,0.026949040000003876,0.0339420400000079
0.055470000000000005,0.05254588000000759,0.018133560000005832,0.032731040000011355
0.05548,0.03422872000000182,0.01610600000000504,0.03459708000000491
0.055490000000000005,0.03750464000000787,0.05132316000000609,0.03777052000000021
0.05550000000000001,0.04125120000000224,0.05054140000000497,0.024424120000009455
0.055510000000000004,0.02679200000000162,0.01966411999999479,0.043296840000000086
0.05552000000000001,0.05916872000000913,0.014306839999996494,0.024395919999999592
0.05553,0.03886883999999784,0.025302600000006916,0.02160556000000079
0.055540000000000006,0.03524799999999525,0.04017531999999448,0.016172919999994997
0.05555,0.025888120000005732,0.039915479999995396,0.0263444800000044
0.055560000000000005,0.034681400000007634,0.0367265599999994,0.033812760000010114
0.05557,0.019519039999999935,0.03616312000000565,0.03794708000001177
0.055580000000000004,0.05163020000000599,0.03940800000000614,0.02406056000001044
0.05559000000000001,0.020899679999997398,0.03957092000000574,0.01891911999999503
0.055600000000000004,0.035399559999990844,0.023487359999995926,0.05214436000000002
0.05561000000000001,0.02921139999999522,0.027596159999996216,0.026676000000005848
0.05562,0.018643399999998738,0.048509120000000946,0.02028707999999448
0.055630000000000006,0.026037120000004577,0.024911799999995664,0.023947280000004883
0.05564,0.03735511999999366,0.02751544000000655,0.035796359999994636
0.055650000000000005,0.036829159999994185,0.033890240000001584,0.02225744000000542
0.05566,0.031128879999991272,0.03131623999999947,0.04333156000000713
0.055670000000000004,0.028836039999993516,0.011927520000000615,0.024368759999998792
0.05568000000000001,0.0390314400000027,0.029186279999993573,0.042858199999991776
0.05569,0.024138119999995218,0.042685879999989546,0.03556383999998933
0.055700000000000006,0.02561864000000006,0.03361799999999759,0.04602327999999707
0.05571,0.0240653200000043,0.04086652000000224,0.027965519999994914
0.055720000000000006,0.025307279999995155,0.04262339999999625,0.025348679999989084
0.05573,0.033245960000005605,0.03447108000000598,0.037091079999993504
0.055740000000000005,0.039643160000000656,0.02530288000000603,0.01268692000001039
0.05575000000000001,0.01730739999999482,0.0360624799999968,0.02318476000000789
0.055760000000000004,0.03529360000000022,0.03815707999999085,0.01916704000000028
0.05577000000000001,0.03554243999999537,0.02996000000001175,0.03508023999999897
0.05578,0.03544407999999532,0.025448160000011162,0.04017840000000672
0.055790000000000006,0.02910872000000595,0.052972840000001784,0.028137640000000838
0.0558,0.04769360000000082,0.04668740000000378,0.021360960000005418
0.055810000000000005,0.030381639999994093,0.026549120000011774,0.04131344000000052
0.05582,0.030027599999995318,0.039765880000006484,0.03132395999999943
0.055830000000000005,0.024257239999989196,0.03105888000001146,0.030507279999995276
0.05584000000000001,0.04561372000000841,0.028307840000005385,0.016784880000003607
0.055850000000000004,0.01987028000000041,0.03468103999999533,0.05088796000000643
0.05586000000000001,0.03156088000000724,0.02773900000000491,0.028000999999994194
0.05587,0.036064759999996414,0.026215159999995692,0.013507800000001518
0.055880000000000006,0.045238159999995635,0.016013920000006215,0.020340159999995545
0.05589,0.038304680000000334,0.018327120000000915,0.026629840000001688
0.055900000000000005,0.04510543999999521,0.03472704000000624,0.03292971999999394
0.05591,0.03410116000000147,0.035149600000011445,0.024256439999994887
0.055920000000000004,0.029061919999994464,0.032816999999996,0.02555792000000429
0.05593000000000001,0.04559716000000536,0.025312760000006488,0.019292880000005678
0.055940000000000004,0.04669172000000774,0.025118920000007258,0.03150600000000714
0.05595000000000001,0.025157799999995074,0.03593736000000673,0.0282498800000052
0.05596,0.04444535999999486,0.02692056000000747,0.03308655999999673
0.055970000000000006,0.04250872000000079,0.02493196000000058,0.03772084000000713
0.05598,0.02852132000000148,0.024212879999995076,0.023602039999997042
0.055990000000000005,0.03360132000000192,0.01908424000000155,0.02739231999999487
0.056,0.04317680000000634,0.028703000000001495,0.020141640000002306
0.056010000000000004,0.04798776000001241,0.02296876000000014,0.03150383999999346
0.05602000000000001,0.046982880000008234,0.025158959999994436,0.0453697199999901
0.05603,0.040357400000012304,0.02121875999998963,0.03175287999998963
0.056040000000000006,0.040104400000009935,0.03334667999998979,0.014927679999995851
0.05605,0.02751163999999944,0.03573779999999911,0.02648808000000745
0.056060000000000006,0.024953080000001248,0.04193763999999499,0.021367759999994598
0.05607,0.013795400000007571,0.01930135999999934,0.02002951999999407
0.056080000000000005,0.017236640000004237,0.030426360000000367,0.03327492000000204
0.05609000000000001,0.015185959999999343,0.021389480000001532,0.028393879999995375
0.056100000000000004,0.01662172000000483,0.03858648000000716,0.041982840000006766
0.05611000000000001,0.055167600000000226,0.028982920000004974,0.02608660000001091
0.05612,0.04113128000000777,0.05960956000000747,0.03178763999999549
0.056130000000000006,0.015463080000004781,0.043429240000012095,0.04758619999999627
0.05614,0.023256479999995375,0.03594764000000058,0.027469160000000093
0.056150000000000005,0.020669159999999943,0.03590720000000591,0.0271871600000066
0.05616,0.03574811999999356,0.04291260000000863,0.029146879999994175
0.056170000000000005,0.04129243999999465,0.04715628000000587,0.02634447999998996
0.05618000000000001,0.022838320000005647,0.03958048000000014,0.031013800000002128
0.056190000000000004,0.023815680000005935,0.04083248000000834,0.021448720000000636
0.05620000000000001,0.02776188000000064,0.029688120000007794,0.03320844000000161
0.05621,0.035561279999996025,0.03212463999999579,0.02816668000000152
0.056220000000000006,0.047109959999996245,0.024563239999989987,0.03255271999999514
0.05623,0.03348707999999494,0.02744567999999444,0.026862319999998965
0.056240000000000005,0.021584600000004006,0.029748360000001445,0.038037160000001236
0.05625,0.03589943999998997,0.032783600000002106,0.017678720000000054
0.056260000000000004,0.03644539999999487,0.023665720000001694,0.03365408000000169
0.05627000000000001,0.033468120000000545,0.037241240000000786,0.03278904000000607
0.056280000000000004,0.029816200000000917,0.01107943999999094,0.044873920000006444
0.05629000000000001,0.02417655999999386,0.02205612000000084,0.027065520000006716
0.0563,0.04350451999999335,0.03377288000000043,0.03316448000000484
0.056310000000000006,0.021538720000005607,0.017773599999994998,0.0355129200000023
0.05632,0.018563720000003427,0.043692080000000064,0.0322200000000015
0.056330000000000005,0.023665399999999604,0.03689944000000182,0.02610880000000051
0.05634,0.040987639999995995,0.039831999999994115,0.029978559999995835
0.056350000000000004,0.02881087999999626,0.027744799999994747,0.02682191999999467
0.05636000000000001,0.04324344000000036,0.019978520000001315,0.021082480000005024
0.05637,0.022228000000005098,0.01586723999999998,0.03864204000000094
0.056380000000000006,0.04284791999999683,0.031794999999993946,0.03809404000000042
0.05639,0.02634276000000567,0.022982880000004712,0.030068080000002387
0.056400000000000006,0.025000039999994783,0.02139976000000085,0.02550092000000763
0.05641,0.037523319999995836,0.035278159999993695,0.026942839999993813
0.056420000000000005,0.03773019999999394,0.03990644000000449,0.021019399999994748
0.05643000000000001,0.030231760000006,0.016520119999996002,0.027892240000001817
0.056440000000000004,0.024441919999996238,0.025958040000000973,0.03350943999999786
0.05645000000000001,0.03338280000000114,0.03980139999999552,0.02077284000000049
0.05646,0.02254712000000192,0.038463479999995547,0.0323353600000076
0.056470000000000006,0.030978799999995633,0.03958556000000222,0.022932280000005318
0.05648,0.033169880000006854,0.042906920000000674,0.03372436000000556
0.056490000000000005,0.032273440000007855,0.023684479999999765,0.024522960000000295
0.0565,0.024209160000006426,0.01735363999999599,0.029382200000001243
0.056510000000000005,0.030748639999993874,0.037553199999994756,0.02766884000000662
0.05652000000000001,0.0323983999999942,0.018950240000000552,0.030279800000005977
0.056530000000000004,0.023388080000011257,0.043572800000002423,0.023937039999995007
0.05654000000000001,0.01922628000001099,0.013830840000000587,0.037864079999995075
0.05655,0.04109295999999686,0.023170280000007915,0.01764171999999378
0.056560000000000006,0.028266519999989942,0.06389440000000138,0.027727080000003988
0.05657,0.03862796000000584,0.039546280000006505,0.023448039999994407
0.056580000000000005,0.023633920000005415,0.03274052000000561,0.029016439999994707
0.05659,0.03326607999999986,0.033947439999996123,0.025480719999995835
0.056600000000000004,0.014926720000002149,0.03248611999999455,0.026906360000007793
0.05661000000000001,0.014851760000007003,0.023887239999994935,0.04057575999999684
0.056620000000000004,0.033328600000004954,0.022632200000006344,0.042915600000001004
0.05663000000000001,0.01694763999999847,0.037037040000001596,0.022868839999996997
0.05664,0.024509199999995412,0.032145960000002166,0.032260439999997684
0.056650000000000006,0.03171172000000408,0.05060604000000017,0.029492239999999552
0.05666,0.04741883999999438,0.027147279999995787,0.040122040000001316
0.056670000000000005,0.03889555999999354,0.04267863999999487,0.015891039999996213
0.05668,0.03202067999998958,0.031475599999993796,0.04432647999999531
0.056690000000000004,0.03423903999999406,0.02071308000000619,0.038363000000001424
0.05670000000000001,0.02386160000000594,0.02237516000000058,0.04024335999999362
0.05671,0.03832499999999571,0.028193999999994206,0.029919279999996454
0.056720000000000007,0.0403454400000072,0.030206200000000405,0.024787000000001544
0.05673,0.025386040000002046,0.018202879999993645,0.02902508000000167
0.056740000000000006,0.030791280000006624,0.047310720000004705,0.020028879999995135
0.05675,0.042023760000006564,0.0289558800000045,0.0241008400000062
0.056760000000000005,0.04183384000000738,0.021206799999995588,0.03661016000000018
0.05677000000000001,0.036812319999994694,0.03230087999999976,0.020183360000007165
0.056780000000000004,0.025687239999989727,0.023469240000006573,0.038315240000002214
0.05679000000000001,0.025825040000001517,0.020876160000006614,0.03225032000000186
0.0568,0.03368144000000214,0.044730239999996736,0.038314959999996574
0.056810000000000006,0.024311080000000714,0.019923919999993517,0.030059720000006125
0.05682,0.018848600000001454,0.01966108000000565,0.018199279999996383
0.056830000000000006,0.03004144000000081,0.021550160000000256,0.01958608000000012
0.05684,0.027850840000006347,0.023772039999993652,0.04144908000000095
0.056850000000000005,0.0173879999999998,0.028282959999994035,0.037317399999999376
0.05686000000000001,0.02886720000000764,0.020689320000004258,0.028666680000009593
0.056870000000000004,0.033266720000006994,0.016786760000003533,0.026643759999990226
0.05688000000000001,0.02596208000000564,0.045345880000004835,0.03627239999999468
0.05689,0.0380495999999937,0.020922440000008577,0.0416099199999952
0.056900000000000006,0.034487159999995104,0.02349116000000963,0.028275480000004533
0.05691,0.030247560000000232,0.029088079999999725,0.027611760000006213
0.056920000000000005,0.018907759999995093,0.051663120000002616,0.033943600000007346
0.05693,0.0265915599999946,0.022319120000007152,0.03791759999999579
0.056940000000000004,0.03490355999999423,0.027668320000011883,0.03863131999998981
0.05695000000000001,0.021577079999999423,0.024791440000006174,0.023572200000011458
0.056960000000000004,0.026020240000001284,0.040981720000001644,0.04225292000001193
0.05697000000000001,0.03080387999999593,0.025984560000004226,0.03038608000000689
0.05698,0.020420280000004287,0.01740567999999364,0.020068800000011582
0.056990000000000006,0.0284712800000021,0.026852079999995677,0.03161784000001136
0.057,0.025721959999996376,0.023113240000000694,0.032731600000011254
0.057010000000000005,0.023721880000001992,0.02276868000000804,0.03323032000001181
0.05702,0.01302656000000136,0.022418480000005292,0.019061320000007365
0.057030000000000004,0.013949639999998839,0.026581520000002138,0.036268079999994415
0.05704000000000001,0.05098284000000274,0.03574244000000044,0.03147599999999992
0.057050000000000003,0.04043392000000619,0.032981799999993476,0.022765319999995846
0.05706000000000001,0.03037172000000976,0.026291079999993187,0.027057039999999935
0.05707,0.03231752000000052,0.056851759999994186,0.03619639999999994
0.057080000000000006,0.03902132000000144,0.04619372000000006,0.02471615999999927
0.05709,0.04457412000000668,0.03632556000000065,0.020318799999995526
0.057100000000000005,0.038588440000005594,0.01726495999999123,0.03444927999999943
0.05711000000000001,0.034354600000000846,0.02591360000000106,0.03406608000000006
0.057120000000000004,0.02051759999999448,0.03180744000000563,0.01706700000000606
0.05713000000000001,0.03118628000000555,0.023333119999989122,0.03417840000000463
0.05714,0.035720800000000295,0.028269119999994687,0.03260092000000364
0.057150000000000006,0.03584704000000174,0.03544439999999732,0.0292281199999941
0.05716,0.024102879999994987,0.02605011999999469,0.029942440000001114
0.057170000000000006,0.018700879999999524,0.010781999999991031,0.04946036000000745
0.05718,0.044956640000000984,0.030147159999996967,0.029265240000001764
0.057190000000000005,0.04076907999999997,0.03503652000000122,0.039567720000006947
0.05720000000000001,0.03355560000000667,0.02110924000000144,0.03825080000000032
0.057210000000000004,0.0369864000000115,0.035840360000007156,0.036985960000011725
0.05722000000000001,0.031004960000005622,0.03556139999999433,0.0311110799999996
0.05723,0.02739564000000136,0.03495055999999642,0.027006080000004613
0.057240000000000006,0.02441928000000584,0.026855759999995347,0.028974560000005548
0.05725,0.019744680000006374,0.03267703999999365,0.038850520000003726
0.057260000000000005,0.051846640000005606,0.02900391999999437,0.0188918000000046
0.05727,0.03687512000000484,0.03842691999999557,0.031968599999999465
0.057280000000000005,0.022611400000006887,0.021237639999994316,0.02737320000000034
0.05729000000000001,0.01809251999999967,0.023427960000004962,0.030252959999999513
0.057300000000000004,0.026146119999996806,0.028233840000007407,0.023292879999989472
0.05731000000000001,0.025688199999999974,0.02009343999999509,0.024139360000011132
0.05732,0.037681920000002554,0.025593999999996127,0.015585279999999419
0.057330000000000006,0.02125984000000123,0.020978639999999535,0.02773840000000089
0.05734,0.01474956000000633,0.01481187999999331,0.020578839999997062
0.057350000000000005,0.03197607999998921,0.03153352000000583,0.014723360000000935
0.05736,0.0313208400000039,0.022370760000005027,0.006829759999991762
0.057370000000000004,0.022830199999999114,0.034748680000000524,0.01789412000000326
0.05738000000000001,0.03203523999999963,0.025393119999991415,0.025135039999994162
0.057390000000000004,0.04291564000000056,0.023759839999995126,0.04426328000000668
0.05740000000000001,0.018125320000006502,0.02418752000000013,0.03616723999999665
0.05741,0.03230836000000372,0.03630868000000824,0.04641071999999626
0.057420000000000006,0.04373303999999202,0.06048612000000844,0.031008879999995152
0.05743,0.02408287999999543,0.043504160000008375,0.03724332000000549
0.057440000000000005,0.022468000000000453,0.03379336000000786,0.04831363999999441
0.05745000000000001,0.027344839999993306,0.04900587999999864,0.05079859999999597
0.057460000000000004,0.0594741199999944,0.04693992000000691,0.04464204000000689
0.05747000000000001,0.033936079999999556,0.04246103999999653,0.030830320000000695
0.05748,0.015145039999996375,0.02814715999999442,0.018686040000004112
0.057490000000000006,0.025257600000000727,0.022209880000009667,0.023277560000000728
0.0575,0.0138681199999999,0.03688612000000595,0.032178880000001825
0.057510000000000006,0.031375359999993656,0.04517820000000863,0.022944959999996052
0.05752,0.03466607999999005,0.015468720000005839,0.02702451999999662
0.057530000000000005,0.03357003999999503,0.021655720000007064,0.025334759999996855
0.05754000000000001,0.028487600000007166,0.01606156000000472,0.03768283999999734
0.057550000000000004,0.018104760000003356,0.03201539999999537,0.020223519999989188
0.05756000000000001,0.02216808000000682,0.037750120000007194,0.01948416000000473
0.05757,0.04511936000000139,0.02910020000000779,0.027874280000005556
0.057580000000000006,0.03637928000000791,0.026538080000000585,0.038244960000002236
0.05759,0.03541267999999747,0.03577032000000322,0.01638747999999956
0.057600000000000005,0.0473455199999963,0.037690480000002025,0.04439528000000505
0.05761,0.06497875999999604,0.0306270399999948,0.030101760000000873
0.057620000000000005,0.029262799999991557,0.0303670800000007,0.03582335999999382
0.05763000000000001,0.03160715999999001,0.041381760000001336,0.038696160000007244
0.057640000000000004,0.046762919999994636,0.032648800000007666,0.035976239999994795
0.05765000000000001,0.034785040000007164,0.02864312000000614,0.0222074400000011
0.05766,0.028146039999999727,0.03305700000000554,0.019509319999995358
0.057670000000000006,0.026442720000005727,0.046937240000006174,0.024420999999999627
0.05768,0.03894816000000026,0.03731492000000812,0.02841160000001142
0.057690000000000005,0.05123979999999707,0.022045200000000816,0.02016712000000733
0.0577,0.04569644000000164,0.02006508000000797,0.02378752000000661
0.057710000000000004,0.03481923999999597,0.03334680000000725,0.037522799999997476
0.05772000000000001,0.034624359999995254,0.03311399999999523,0.022284120000000258
0.057730000000000004,0.03486427999999413,0.030402039999993913,0.028265199999995265
0.05774000000000001,0.029728039999993416,0.035351200000003975,0.028598240000001354
0.05775,0.03147948000000685,0.046442879999996044,0.02340135999999996
0.057760000000000006,0.02360512000000073,0.030331640000001013,0.0193687199999936
0.05777,0.025187399999993202,0.02154015999999549,0.03340239999999438
0.057780000000000005,0.03156867999999994,0.030598720000001668,0.035604040000001905
0.05779000000000001,0.021253400000000366,0.04017171999999828,0.037010360000001845
0.057800000000000004,0.030306280000002156,0.02613735999999028,0.023957279999995473
0.05781000000000001,0.040609320000002,0.025779839999999478,0.014442600000004514
0.05782,0.030081800000006875,0.04060972000000784,0.03307187999999952
0.057830000000000006,0.037747280000006773,0.04070020000001169,0.022826640000000172
0.05784,0.029000679999996785,0.05671388000000747,0.033862439999996934
0.057850000000000006,0.02668380000001144,0.036071839999999245,0.019808960000007654
0.05786,0.03357471999999732,0.03208011999999941,0.027723880000010706
0.057870000000000005,0.045749680000002714,0.028455240000006127,0.05032704000000678
0.05788000000000001,0.027721600000000145,0.028985200000008194,0.03962504000001188
0.057890000000000004,0.023401680000001295,0.03061000000000423,0.04154908000001101
0.05790000000000001,0.03080019999999389,0.033467999999994086,0.04523912000000045
0.05791,0.04125968000000135,0.05048183999999618,0.0320470000000015
0.057920000000000006,0.02574924000000131,0.04344163999999649,0.026621960000006852
0.05793,0.033942240000001254,0.021103359999993392,0.021711040000001295
0.057940000000000005,0.03419564000000684,0.016245080000006983,0.01920031999999448
0.05795,0.032126040000001715,0.028167199999999712,0.04164284000000149
0.057960000000000005,0.02379879999999439,0.026725600000001397,0.028888799999995805
0.05797000000000001,0.013996679999996752,0.019953479999995246,0.03396971999999957
0.057980000000000004,0.020209520000006396,0.02016096000000151,0.026605520000004226
0.05799000000000001,0.015062520000005897,0.03781187999999443,0.018679320000006144
0.058,0.025116240000011485,0.023405480000004128,0.03006300000000462
0.058010000000000006,0.034986280000005414,0.030949000000005545,0.04086848000000464
0.05802,0.03182524000000667,0.02529027999999345,0.0299556000000064
0.058030000000000005,0.023112280000010983,0.01944679999999422,0.027229920000005382
0.05804,0.027984560000006767,0.03441076000000488,0.038749520000006865
0.058050000000000004,0.028102400000006304,0.03529360000000065,0.03555084000000061
0.05806000000000001,0.027690279999993753,0.026431519999997703,0.04963496000000543
0.058070000000000004,0.01662524000000623,0.030161480000000674,0.033839920000007136
0.05808000000000001,0.0313432400000071,0.029281440000001678,0.02386047999998886
0.05809,0.026571240000001526,0.02441619999999553,0.030402039999997302
0.058100000000000006,0.01741016000000552,0.028550199999998804,0.013792519999995695
0.05811,0.020026480000001238,0.02557448000000484,0.020080479999993767
0.058120000000000005,0.0358081199999891,0.030655680000006794,0.02118531999999956
0.05813000000000001,0.03994820000000062,0.02843932000000147,0.03891487999999378
0.058140000000000004,0.013402319999995398,0.027687040000000347,0.04118759999999725
0.05815000000000001,0.017564840000000723,0.027447959999996593,0.029810239999994898
0.05816,0.034520640000006,0.029066039999995567,0.04285875999999023
0.058170000000000006,0.0274182000000005,0.027395720000000092,0.03977015999999009
0.05818,0.029384439999996244,0.0381662800000014,0.03926923999999092
0.058190000000000006,0.01854520000001047,0.0219420399999944,0.038481399999996155
0.0582,0.023009159999994488,0.03130087999999972,0.02946856000000056
0.058210000000000005,0.041602000000002234,0.03562811999999394,0.020434400000009314
0.05822000000000001,0.020505559999994715,0.024217120000006562,0.03533772000000182
0.058230000000000004,0.04258927999999411,0.019801160000006698,0.041763039999993944
0.05824000000000001,0.018771959999993447,0.014805400000003535,0.023373479999994538
0.05825,0.028742239999995207,0.033964400000000755,0.03310364000000065
0.058260000000000006,0.03462615999999552,0.022881240000004098,0.0313994000000043
0.05827,0.02875175999999585,0.027585559999994243,0.02643711999999344
0.058280000000000005,0.024685559999989688,0.015027200000010888,0.023602920000004544
0.05829,0.03492847999999627,0.028565640000011574,0.022990919999999207
0.058300000000000005,0.04243979999999703,0.03853704000000443,0.03959407999999542
0.05831000000000001,0.024049919999993553,0.03645288000000464,0.02522307999999478
0.058320000000000004,0.03180596000000492,0.037183000000005094,0.015717200000006128
0.05833000000000001,0.0210286799999932,0.03181608000000589,0.02566872000000551
0.05834,0.03754847999999599,0.02873736000000646,0.033734519999996083
0.058350000000000006,0.031049439999995106,0.02867964000000531,0.03556584000000559
0.05836,0.033705559999995735,0.019079800000003602,0.043242920000002086
0.058370000000000005,0.02838971999999632,0.02167632000000198,0.03875084000000108
0.05838,0.04114195999999624,0.014443439999999393,0.025548399999999753
0.058390000000000004,0.04667219999999613,0.035374400000000514,0.03269451999999521
0.05840000000000001,0.03320559999999565,0.0245321199999999,0.034147560000001465
0.058410000000000004,0.0366860000000002,0.017569719999991084,0.03540216000000061
0.05842000000000001,0.035564440000001085,0.024248599999989642,0.058422400000002345
0.05843,0.02122855999999383,0.030576719999995946,0.03834219999999523
0.058440000000000006,0.037954120000000736,0.03594952000000729,0.03476020000000102
0.05845,0.03648027999999378,0.033636360000005076,0.04384560000000603
0.058460000000000005,0.03492331999999407,0.03139076000000583,0.04480496000000643
0.05847000000000001,0.03607815999999419,0.048272399999995434,0.03736508000000587
0.058480000000000004,0.0361213199999951,0.034150999999996004,0.03386252000000674
0.05849000000000001,0.03267671999999652,0.02894471999999548,0.028043800000005597
0.0585,0.03668488000000067,0.020132760000004867,0.02823767999999647
0.058510000000000006,0.03219375999999494,0.027951000000001173,0.04256511999999749
0.05852,0.03747983999999601,0.025676680000001412,0.026598000000008223
0.058530000000000006,0.02699599999999512,0.029719800000001118,0.03635216000000467
0.05854,0.044479200000007595,0.03137415999999663,0.035822920000005476
0.058550000000000005,0.03854232000000148,0.03379704000000626,0.024705759999993398
0.05856000000000001,0.028661320000007512,0.04651412000000015,0.046985679999995374
0.058570000000000004,0.02410448000000759,0.025680400000001727,0.021709639999995128
0.05858000000000001,0.021199759999993326,0.02256767999999607,0.04903772000000159
0.05859,0.03492756000000451,0.022112800000005678,0.02154555999999527
0.058600000000000006,0.030222159999996695,0.01844884000000748,0.02933227999999459
0.05861,0.03156720000000214,0.016213800000001326,0.027135320000005198
0.058620000000000005,0.027139800000002302,0.038531719999999936,0.019464720000005153
0.05863,0.021444280000003778,0.031309679999995496,0.041315360000001064
0.058640000000000005,0.03477236000000005,0.026725960000005728,0.03236656000000794
0.05865000000000001,0.01519048000000325,0.0210442400000058,0.031904640000008165
0.058660000000000004,0.026942120000000794,0.022662320000001058,0.05842924000000104
0.05867000000000001,0.038469199999998836,0.028587719999996136,0.03967764000000671
0.05868,0.028125600000000073,0.021508280000005327,0.029776000000005663
0.058690000000000006,0.028223479999989236,0.03648615999999554,0.019369040000011023
0.0587,0.053717759999997235,0.030753240000004754,0.031986400000009886
0.058710000000000005,0.04483860000000183,0.0168287999999999,0.03086656000000627
0.05872,0.02149663999999471,0.013300800000000517,0.028207800000007915
0.058730000000000004,0.026884999999996738,0.030871799999998926,0.022025400000004743
0.05874000000000001,0.038961319999991514,0.025050560000006487,0.031646240000010394
0.058750000000000004,0.02518747999999973,0.025903000000001456,0.0166827200000001
0.05876000000000001,0.030980439999994887,0.044253039999994755,0.024638920000005272
0.05877,0.04006443999999741,0.028334560000005275,0.05176912000000118
0.058780000000000006,0.016075399999998546,0.03862299999999541,0.02239931999999522
0.05879,0.03070676000000195,0.024228159999998534,0.02050376000000115
0.058800000000000005,0.03207544000000025,0.01728492000000547,0.024395000000000847
0.05881000000000001,0.028086520000001433,0.04633736000000532,0.027442000000005993
0.058820000000000004,0.031276480000012055,0.020402840000003752,0.02965148000000665
0.05883000000000001,0.03125920000001138,0.020812039999994748,0.026975559999996238
0.05884,0.026771720000009627,0.021388680000004063,0.05273544000000696
0.058850000000000006,0.04033536000000843,0.035106600000001244,0.0457724400000074
0.05886,0.06039260000000727,0.04020663999999782,0.024077160000011394
0.058870000000000006,0.04487720000000632,0.03913608000000017,0.03533936000001165
0.05888,0.03767696000001027,0.04398599999999651,0.018071799999998604
0.058890000000000005,0.025312479999999346,0.037592600000006755,0.029188360000002207
0.05890000000000001,0.028818160000005286,0.044408799999995995,0.03328596000000229
0.058910000000000004,0.03395188000000771,0.04631452000000034,0.02595779999999464
0.05892000000000001,0.016162880000001798,0.04751092000000697,0.019892280000006455
0.05893,0.032223840000006575,0.03902404000000625,0.03486587999999985
0.058940000000000006,0.03836327999999431,0.031106320000005863,0.020903760000000948
0.05895,0.013822999999996494,0.030225640000009987,0.017995920000011042
0.058960000000000005,0.03410727999999546,0.024581559999997303,0.02068860000000555
0.05897,0.022974520000005456,0.028413240000003757,0.03435295999999967
0.058980000000000005,0.02512523999999431,0.031671600000003984,0.022694120000006555
0.05899000000000001,0.01974712000000577,0.05548891999999559,0.030857080000006365
0.059000000000000004,0.03570763999999432,0.027207760000000917,0.025603879999995718
0.05901000000000001,0.02123036000000212,0.029839279999989497,0.03274963999999934
0.05902,0.029883159999997695,0.03397080000000222,0.04093015999999364
0.059030000000000006,0.02591716000000022,0.03107959999999937,0.040719599999993805
0.05904,0.024249279999993777,0.023224479999999936,0.03716692000000006
0.059050000000000005,0.02192352000000742,0.03832783999999483,0.02681975999999097
0.05906,0.03377936000000271,0.02228844000000377,0.03764128000000461
0.059070000000000004,0.026245080000000934,0.01926527999999524,0.029861600000006035
0.05908000000000001,0.018794039999999776,0.024783879999996625,0.029477200000006424
0.059090000000000004,0.04272735999999505,0.040642800000002574,0.024427520000006652
0.05910000000000001,0.041748079999999264,0.03394319999999697,0.04576656000000349
0.05911,0.0262087200000096,0.03162131999999487,0.021804559999994273
0.059120000000000006,0.02478284000000668,0.01923708000000415,0.01986623999999437
0.05913,0.016817039999995332,0.02795992000000585,0.03150692000000016
0.059140000000000005,0.02750515999999595,0.024746559999994422,0.02888475999999907
0.05915000000000001,0.03215495999999487,0.023045679999996904,0.03231351999999143
0.059160000000000004,0.025009159999994923,0.04258619999999019,0.025506600000000556
0.05917000000000001,0.027985919999999713,0.03219635999999458,0.02805224000000366
0.05918,0.032060840000004975,0.020944240000005936,0.02297148000000466
0.059190000000000006,0.029731319999999554,0.019382880000001147,0.034234080000001325
0.0592,0.03572723999999972,0.03338856000001164,0.022902720000007773
0.059210000000000006,0.02419180000000551,0.025225080000011516,0.03819019999998895
0.05922,0.029752360000000866,0.023622960000010126,0.03950916000000653
0.059230000000000005,0.026487199999994448,0.029142079999994585,0.03798560000000532
0.05924000000000001,0.035391200000000726,0.019570679999998307,0.024189639999999474
0.059250000000000004,0.028528239999991337,0.033691840000006544,0.02694307999998971
0.05926000000000001,0.030728759999990002,0.028632879999999677,0.01375288000000087
0.05927,0.022364640000007978,0.023122039999999285,0.014341920000011102
0.059280000000000006,0.02962699999999435,0.03727020000000026,0.039556400000000776
0.05929,0.04204755999999698,0.021464679999995944,0.036244960000002574
0.059300000000000005,0.021490759999996355,0.02943136000000111,0.041202359999996566
0.05931,0.025077199999996535,0.045134320000003426,0.04581864000000175
0.059320000000000005,0.020544440000001746,0.03767800000000007,0.031583799999999856
0.05933000000000001,0.026851200000001685,0.051290279999994325,0.0458680800000009
0.059340000000000004,0.03238512000000164,0.028791999999989472,0.030431359999994127
0.05935000000000001,0.02456971999998974,0.03171120000000582,0.026029239999999905
0.05936,0.02394140000000467,0.02359664000000997,0.02725987999999402
0.059370000000000006,0.020331600000006264,0.026714559999999915,0.04359223999999547
0.05938,0.01892555999999387,0.037019720000006806,0.025962080000005414
0.059390000000000005,0.03185423999999084,0.029137560000005468,0.044548040000001045
0.0594,0.021662199999994643,0.02389503999999584,0.02762711999999312
0.059410000000000004,0.025600279999996218,0.04802432000000857,0.033986159999996594
0.05942000000000001,0.017843280000000725,0.05055400000000166,0.041145119999999584
0.059430000000000004,0.018245240000005627,0.033769839999996026,0.018504280000008592
0.05944000000000001,0.03592980000000165,0.028662440000001534,0.028757760000003976
0.05945,0.03213227999999487,0.019987679999995327,0.041320400000012046
0.059460000000000006,0.04291876000000217,0.03476903999999332,0.02643375999999794
0.05947,0.04516107999999712,0.02037920000000075,0.01642103999999911
0.059480000000000005,0.018619119999998622,0.020708319999990253,0.03951512000000231
0.05949000000000001,0.040236519999996424,0.017367559999989544,0.0317781600000051
0.059500000000000004,0.04612136000000212,0.03432971999999451,0.027448600000011335
0.05951000000000001,0.036827039999996335,0.03649019999999967,0.029570919999996448
0.05952,0.045245040000001506,0.036109839999995,0.026102919999994655
0.059530000000000007,0.04073836000000643,0.024074120000007214,0.027449560000001292
0.05954,0.05068796000000461,0.02643931999999422,0.03548695999999988
0.059550000000000006,0.031338200000001024,0.03229360000000577,0.03333639999999509
0.05956,0.02991828000000048,0.03430552000000708,0.02588600000000616
0.059570000000000005,0.036249400000006864,0.03934748000000443,0.027719200000001717
0.05958000000000001,0.029487600000006872,0.037379279999996316,0.04887668000000169
0.059590000000000004,0.03204656000000661,0.035857239999995856,0.025141600000007897
0.05960000000000001,0.01585388000000987,0.020421639999990644,0.037180240000005506
0.05961,0.035886000000006135,0.028612719999996525,0.021755999999998735
0.059620000000000006,0.025193360000006344,0.015594359999989241,0.04907544000000162
0.05963,0.024924439999994212,0.025863480000007686,0.045601880000001815
0.059640000000000006,0.024140239999994356,0.03058704000000052,0.03766620000001214
0.05965,0.023284400000007404,0.049145520000011794,0.015768120000006283
0.059660000000000005,0.023672040000006115,0.025207120000011227,0.025162519999994165
0.05967000000000001,0.037845159999996915,0.03356016000000157,0.019368120000006154
0.059680000000000004,0.048764880000002245,0.0271845600000069,0.030584040000011588
0.05969000000000001,0.022378160000005382,0.02898228000000028,0.04037724000000637
0.0597,0.02888879999999405,0.034179080000000216,0.03295148000000059
0.059710000000000006,0.045669919999995374,0.02433411999999524,0.029265720000001577
0.05972,0.03408980000000502,0.03356912000000212,0.04079192000000664
0.059730000000000005,0.03096583999999064,0.018935320000006584,0.026979239999995654
0.05974,0.0207676799999998,0.028767799999998147,0.02492980000000179
0.059750000000000004,0.02960292000000701,0.030346280000007067,0.023692280000006404
0.05976000000000001,0.03497832000000469,0.031612000000000466,0.026789840000001307
0.059770000000000004,0.018142439999999153,0.026047519999994106,0.042655600000001175
0.05978000000000001,0.034056519999999625,0.018147039999994907,0.022582680000011273
0.05979,0.025909880000007515,0.01881719999999612,0.02744200000001181
0.059800000000000006,0.036307560000004194,0.01981887999999602,0.049182280000011964
0.05981,0.025726000000010612,0.032672999999993374,0.02668412000000519
0.059820000000000005,0.03370116000000139,0.03284167999999443,0.043492240000001625
0.05983000000000001,0.036572360000011704,0.020948399999994278,0.03353823999999567
0.059840000000000004,0.02459880000000347,0.0297760399999993,0.038128279999990994
0.05985000000000001,0.05196804000000059,0.028789519999995856,0.021147640000006355
0.059860000000000003,0.05213179999999556,0.033881880000008587,0.03356532000001061
0.05987000000000001,0.028322880000001594,0.03541804,0.04652220000000649
0.05988,0.033906639999993445,0.041658560000006915,0.042386000000004656
0.059890000000000006,0.029848159999994107,0.04085052000000432,0.0377060800000117
0.0599,0.02958407999999664,0.03959528000000157,0.03772652000000575
0.059910000000000005,0.03301008000000013,0.02521619999998961,0.024038080000006148
0.05992000000000001,0.03321428000000071,0.012903399999994397,0.041499319999989466
0.059930000000000004,0.03942984000000178,0.025256319999994475,0.019581759999989064
0.05994000000000001,0.020611679999999636,0.026517999999988905,0.038038799999999255
0.05995,0.02827000000000625,0.022949039999994054,0.037575480000001105
0.059960000000000006,0.029500640000000685,0.01658320000000476,0.020560720000001694
0.05997,0.031262039999989916,0.04100804000000217,0.02566392000000156
0.059980000000000006,0.028772640000001612,0.022754080000005547,0.020916119999994653
0.05999,0.022749159999995078,0.019527240000007565,0.02193919999999465
0.060000000000000005,0.02776440000000171,0.02205144000000762,0.02968392000000089
0.06001000000000001,0.028412439999995768,0.027002640000001264,0.037896359999996104
0.060020000000000004,0.03064151999999118,0.02815608000000618,0.03849660000000614
0.06003000000000001,0.03799975999999354,0.02699323999999985,0.041004959999995844
0.06004,0.028077640000006496,0.022887440000011097,0.05716563999999664
0.060050000000000006,0.0257069199999999,0.027611959999999738,0.04488996000000633
0.06006,0.04357975999999719,0.023387759999999553,0.03749183999999646
0.060070000000000005,0.037393720000000005,0.05676348000000215,0.02341519999999562
0.06008,0.02525059999999497,0.04059552000000773,0.03417407999999606
0.060090000000000005,0.014932519999990049,0.03825272000000697,0.010650079999995673
0.06010000000000001,0.03791135999999471,0.019738120000005854,0.02453448000000087
0.060110000000000004,0.03091276000000972,0.025877199999996676,0.021899880000003414
0.06012000000000001,0.04539292000000651,0.03527660000000707,0.0387112000000077
0.06013,0.05464624000000849,0.030900680000006765,0.03273492000001019
0.060140000000000006,0.04147304000000658,0.021131000000006273,0.04156872000000593
0.06015,0.04465056000000722,0.04572775999999725,0.04000979999999986
0.060160000000000005,0.04067112000000731,0.02483707999999937,0.03254831999999423
0.06017000000000001,0.02759128000000739,0.0182190399999965,0.01977291999999472
0.060180000000000004,0.01728095999999127,0.038641320000006224,0.02918987999998952
0.06019000000000001,0.024035039999999352,0.02260259999999734,0.02893463999999552
0.060200000000000004,0.03197019999999988,0.03341019999999685,0.03898116000000872
0.06021000000000001,0.018460079999996253,0.02372724000000786,0.028723720000000702
0.06022,0.03945036000000549,0.03427236000000594,0.027409880000005975
0.060230000000000006,0.025732720000004896,0.023886720000002856,0.03896548000000606
0.06024,0.024450640000004485,0.0319924000000018,0.02631784000000024
0.060250000000000005,0.030686000000006167,0.023900800000006765,0.02356172000001135
0.06026000000000001,0.032132759999995354,0.030154319999995263,0.028521120000005562
0.060270000000000004,0.020974320000011516,0.037628119999993825,0.02339859999999501
0.06028000000000001,0.03463748000000694,0.028925600000001474,0.027127600000001213
0.06029,0.028441440000000866,0.025391000000007616,0.025405039999994296
0.060300000000000006,0.030418079999989266,0.026927240000007464,0.0347836799999934
0.06031,0.01777348000000011,0.023965079999999455,0.028359159999994926
0.060320000000000006,0.029873839999999405,0.019585120000005774,0.02952904000000095
0.06033,0.018078359999991352,0.027361000000005853,0.01786815999999516
0.060340000000000005,0.02904660000000716,0.04211996000000319,0.019918760000004875
0.06035000000000001,0.03192484000000396,0.03785800000001113,0.025306440000005464
0.060360000000000004,0.026602800000005693,0.031876559999995,0.027729719999993116
0.06037000000000001,0.033642320000011605,0.029796199999990496,0.018207800000007747
0.06038,0.02975444000000255,0.047842360000005905,0.033062039999990134
0.060390000000000006,0.03728796000000644,0.026470679999991194,0.029788719999995272
0.0604,0.05062524000000757,0.03998176000000177,0.028930840000005235
0.060410000000000005,0.03196676000000151,0.027868479999994093,0.039432999999995666
0.06042,0.025570360000007186,0.029978599999990113,0.0358847599999997
0.060430000000000005,0.017192360000006845,0.024988719999995343,0.04003107999999803
0.06044000000000001,0.03359075999999613,0.03617767999999821,0.0310962400000059
0.060450000000000004,0.03594959999999564,0.030496560000005286,0.030368280000001944
0.06046000000000001,0.039900120000006034,0.024040120000005532,0.017991439999999453
0.06047,0.020520320000011378,0.01711791999999505,0.021812120000006544
0.060480000000000006,0.015806360000010497,0.02753515999998898,0.024300879999999414
0.06049,0.023664880000004163,0.015732839999990176,0.015982679999999888
0.060500000000000005,0.022066040000001643,0.030323400000001385,0.032567160000007665
0.06051000000000001,0.03242347999999486,0.02446780000000078,0.02150488000000626
0.060520000000000004,0.016598159999994973,0.014349759999999864,0.02590228000000474
0.06053000000000001,0.03096131999999549,0.02478472000000172,0.024850960000006604
0.060540000000000004,0.028223840000006804,0.043209919999995475,0.034832840000000656
0.06055000000000001,0.039822919999996605,0.04691292,0.037251240000000886
0.06056,0.026284880000000267,0.024536919999994508,0.027782480000001285
0.060570000000000006,0.021192640000003725,0.03518987999999391,0.024888760000010918
0.06058,0.017101359999996155,0.04352600000000186,0.03963616000000111
0.060590000000000005,0.030278640000000776,0.02036723999999608,0.021088079999999582
0.06060000000000001,0.02007543999999996,0.022671600000004004,0.03258332000000161
0.060610000000000004,0.022473880000007496,0.0244077600000008,0.014472479999994287
0.06062000000000001,0.038255000000008185,0.03647083999999635,0.021268640000006625
0.06063,0.027118119999996186,0.037792239999993704,0.02822291999999985
0.060640000000000006,0.033984639999996166,0.026062960000000017,0.027261759999999635
0.06065,0.028705400000007847,0.03662456000000315,0.014925479999999504
0.060660000000000006,0.04108104000000128,0.04161799999999815,0.02814435999999892
0.06067,0.020941279999996048,0.022588879999995565,0.02137084000000553
0.060680000000000005,0.026769240000000187,0.02004099999999047,0.018736879999996122
0.06069000000000001,0.03283343999999526,0.02752860000000052,0.03399504000000208
0.060700000000000004,0.028298960000000553,0.03670712000000228,0.03358520000000817
0.06071000000000001,0.02896503999999966,0.025907120000001976,0.026711160000007006
0.06072,0.028783600000001294,0.028368200000006658,0.025957119999990792
0.060730000000000006,0.040404000000000946,0.02853132000000182,0.01905451999999044
0.06074,0.02684383999999414,0.03829220000000231,0.023258959999994545
0.060750000000000005,0.03532703999999707,0.02298780000000001,0.03252419999999568
0.06076,0.02814444000000188,0.033028440000005925,0.028235639999989702
0.060770000000000005,0.01790660000000038,0.035644079999995644,0.030605720000002414
0.06078000000000001,0.01576212000000456,0.036042880000006626,0.01885828000000078
0.060790000000000004,0.021194960000001577,0.027724880000006537,0.028208999999999384
0.06080000000000001,0.04438492000000673,0.039478120000002274,0.024970280000006777
0.06081,0.031464960000001645,0.025717240000006726,0.021929160000007226
0.060820000000000006,0.023446080000005774,0.03069228000000693,0.036525280000001804
0.06083,0.03740156000000773,0.03652136000000207,0.030772240000004735
0.060840000000000005,0.03261507999999939,0.03892032000001164,0.027067000000006197
0.06085000000000001,0.02924236000000089,0.04044500000000339,0.01949459999999531
0.060860000000000004,0.029411760000005255,0.02523476000000649,0.029090959999993293
0.06087000000000001,0.031164559999999467,0.023382200000001137,0.027057679999995834
0.060880000000000004,0.04161207999999594,0.02144740000000774,0.035702920000000436
0.06089000000000001,0.03771611999999943,0.027173319999999633,0.02093808000000035
0.0609,0.02960384000000005,0.029812639999993354,0.02593779999999587
0.060910000000000006,0.02094088000000861,0.03216727999999489,0.02835703999999608
0.06092,0.03677256000000131,0.027965639999995656,0.03288796000000642
0.060930000000000005,0.048305639999999976,0.0466048399999898,0.033482200000001565
0.06094000000000001,0.03619799999999696,0.03143648000000801,0.02758960000000223
0.060950000000000004,0.03105115999999371,0.025230320000000216,0.030884880000002675
0.06096000000000001,0.0392707600000077,0.026949720000001693,0.020897959999989772
0.06097,0.031098160000005953,0.03384355999999705,0.03371447999999346
0.060980000000000006,0.03151303999999971,0.0277121999999889,0.044355359999995604
0.06099,0.03357916000000639,0.029600199999993554,0.018914879999993566
0.061000000000000006,0.04105132000000739,0.03310287999999515,0.015663679999999958
0.06101,0.02281396000000056,0.03937388000000599,0.03226708000000717
0.061020000000000005,0.021897679999995773,0.03598860000000435,0.0201609999999962
0.06103000000000001,0.036674679999994256,0.019889920000004828,0.04322316000000167
0.061040000000000004,0.0445485599999965,0.014599760000001146,0.04083764000000242
0.06105000000000001,0.036669520000007,0.02945331999999403,0.017592959999990564
0.06106,0.03288027999999523,0.0457485199999963,0.027784479999996652
0.061070000000000006,0.024679600000000995,0.037909239999995535,0.030903760000001185
0.06108,0.023602800000003834,0.0384044799999957,0.03181152000000819
0.061090000000000005,0.038900320000001105,0.03489036000000047,0.022297639999995473
0.0611,0.028922920000000577,0.027492399999994244,0.030962959999997403
0.061110000000000005,0.02038904000000974,0.036129200000000146,0.022474799999993324
0.06112000000000001,0.02982388000000495,0.02573540000000547,0.02838147999999665
0.061130000000000004,0.030921360000001424,0.04388948000000822,0.04197064000000248
0.06114000000000001,0.03137923999999582,0.017081200000011273,0.02114199999999957
0.06115,0.03907671999999644,0.04220976000000036,0.025485080000000767
0.061160000000000006,0.031763239999993566,0.02315100000001031,0.02724504000000008
0.06117,0.03212328000000588,0.0326632800000065,0.026371880000004927
0.061180000000000005,0.02616592000001175,0.0312056800000024,0.02870608000000962
0.06119000000000001,0.028935919999995258,0.027582280000009805,0.024445480000010605
0.061200000000000004,0.025439279999995,0.015054480000000108,0.028623840000004168
0.06121000000000001,0.023978120000005612,0.039969239999995035,0.03949608000000658
0.061220000000000004,0.037225400000005716,0.031567760000004386,0.03675788000000729
0.06123000000000001,0.03470756000000425,0.013097119999994774,0.03748980000000439
0.06124,0.031957080000000034,0.03204959999999327,0.04979032000000678
0.061250000000000006,0.023352840000008843,0.041403320000007134,0.024427520000010475
0.06126,0.024290200000005348,0.027719679999996184,0.030417840000011378
0.061270000000000005,0.031172400000008437,0.025744000000002647,0.03468816000000642
0.06128000000000001,0.024658240000000692,0.025830760000006055,0.024607040000004615
0.061290000000000004,0.03714015999999644,0.04392140000000257,0.029409240000004697
0.06130000000000001,0.04765007999999682,0.020850200000004326,0.022663240000011173
0.06131,0.03657060000000226,0.02360152000000149,0.03570804000000725
0.061320000000000006,0.05202324000000258,0.015866119999993492,0.042070760000007125
0.06133,0.039026959999995954,0.025039279999995088,0.026552240000007252
0.061340000000000006,0.016248000000005595,0.04648240000000156,0.02772756000000466
0.06135,0.032955920000005356,0.034783879999997436,0.023046560000000434
0.061360000000000005,0.01725064000000419,0.01941903999999649,0.02777436000000102
0.06137000000000001,0.026808759999995477,0.012391320000001324,0.018737640000000153
0.061380000000000004,0.02886347999999558,0.030906399999996052,0.026910400000005805
0.06139000000000001,0.03617203999999469,0.04100471999999831,0.018955600000005846
0.0614,0.025585000000004597,0.040154559999995766,0.027201720000005924
0.061410000000000006,0.029338080000000672,0.03345203999999527,0.02687447999998953
0.06142,0.033160080000004616,0.029530439999995103,0.038911839999997276
0.061430000000000005,0.03189632000000101,0.03219988000000649,0.029164680000002496
0.06144000000000001,0.02271916000000639,0.027225840000011166,0.03667576000000733
0.061450000000000005,0.031838280000011564,0.03391364000000167,0.02242951999999382
0.06146000000000001,0.03671228000000737,0.019387560000000255,0.024051799999997684
0.061470000000000004,0.02478712000000564,0.020431639999996226,0.034317880000000286
0.06148000000000001,0.0328068399999905,0.03637020000000013,0.020101399999994298
0.06149,0.040036520000008596,0.011668080000001604,0.019007759999999062
0.061500000000000006,0.025124639999997533,0.03385104000000693,0.052770360000008294
0.06151,0.045818720000002235,0.02946556000001153,0.03417260000000732
0.061520000000000005,0.03341680000000134,0.0241592800000072,0.02124804000000426
0.06153000000000001,0.029790760000005478,0.043717080000008235,0.03840767999999527
0.061540000000000004,0.0284557599999956,0.022690000000002604,0.022609280000001248
0.06155000000000001,0.051531959999996026,0.022450039999999158,0.028488199999999828
0.061560000000000004,0.03375455999999534,0.034126079999999795,0.031282240000000086
0.06157000000000001,0.0318056800000058,0.029625880000005836,0.029143920000007217
0.06158,0.03545247999999532,0.022064399999994207,0.017873920000007492
0.061590000000000006,0.038669480000002976,0.03402855999999403,0.018007159999989728
0.0616,0.03493604000000058,0.03651791999999463,0.02177139999999499
0.061610000000000005,0.029884160000002172,0.029156359999993837,0.03017652000000023
0.06162000000000001,0.031866559999994,0.023928560000006437,0.018440200000003997
0.061630000000000004,0.028083079999990473,0.042745800000007064,0.020496560000005316
0.06164000000000001,0.01719211999999547,0.02309071999999955,0.027008239999999715
0.06165,0.044904760000001105,0.03489136000000172,0.03243200000000587
0.061660000000000006,0.023348640000011852,0.02825340000001127,0.04797220000001009
0.06167,0.029717200000001637,0.029637400000000196,0.046235279999997214
0.061680000000000006,0.02954792000000033,0.02477476000000427,0.03722083999999806
0.06169,0.02450167999999333,0.021032400000004687,0.037779040000006314
0.061700000000000005,0.02976103999999402,0.03682555999999671,0.02757327999999495
0.06171000000000001,0.020331479999994972,0.02044976000000052,0.020770080000004226
0.061720000000000004,0.035945160000005125,0.022366800000004825,0.023031960000006676
0.06173000000000001,0.018723559999999213,0.024334840000003962,0.05314744000000574
0.06174,0.03508168000000439,0.02503751999999492,0.0424258800000057
0.061750000000000006,0.01193344000000499,0.028135800000006563,0.046098560000001516
0.06176,0.05189168000000518,0.03417244000000687,0.03642180000001144
0.061770000000000005,0.027522840000006963,0.029890919999997694,0.02677483999999973
0.06178000000000001,0.038169080000010965,0.022942999999997615,0.025162320000007024
0.061790000000000005,0.02912064000001044,0.030857839999998117,0.028470760000007287
0.06180000000000001,0.02267996000000454,0.026884999999995086,0.030502320000007382
0.061810000000000004,0.024237000000000536,0.029942640000006075,0.019702839999999368
0.06182000000000001,0.02826448000000112,0.038533000000007325,0.03005251999999163
0.06183,0.01862440000000168,0.026072039999994436,0.03850707999999609
0.061840000000000006,0.028629639999997028,0.0224867199999946,0.02913167999999512
0.06185,0.035326040000002584,0.019448119999989615,0.025367919999995773
0.061860000000000005,0.055023920000007734,0.023815319999997087,0.037230760000001736
0.06187000000000001,0.03395996000000581,0.022038359999996458,0.03350904000000215
0.061880000000000004,0.021010559999999696,0.03336107999999358,0.03917696000000468
0.06189000000000001,0.027365079999996572,0.0233828800000012,0.0526126400000034
0.061900000000000004,0.029885519999997664,0.028091760000011446,0.024188520000011336
0.06191000000000001,0.03353035999999176,0.022227960000005167,0.025459200000002423
0.06192,0.03463567999999043,0.01598708000000774,0.025443079999996666
0.061930000000000006,0.019349799999990282,0.024889960000006265,0.02454691999999503
0.06194,0.019155840000004493,0.024288559999999515,0.02800556000000088
0.061950000000000005,0.030546120000002487,0.027047040000005195,0.051714480000001575
0.06196000000000001,0.024680400000001962,0.04510660000000187,0.025776520000006374
0.061970000000000004,0.027780480000011654,0.039196479999995835,0.03645791999999516
0.06198000000000001,0.023391760000001316,0.04519847999999619,0.026199800000006823
0.06199,0.03657836000000692,0.02966747999999844,0.031010080000000436
0.062000000000000006,0.016466159999994553,0.037072879999995284,0.029758879999996914
0.06201,0.0286900000000027,0.03260295999998947,0.012484920000005591
0.062020000000000006,0.027714480000007577,0.02377015999998968,0.025685640000000783
0.06203,0.02341972000000597,0.030107000000006896,0.0306398800000066
0.062040000000000005,0.03112647999999476,0.04066904000000599,0.029561399999997007
0.06205000000000001,0.015111319999994108,0.02930484000000146,0.02475099999999732
0.062060000000000004,0.026367559999991127,0.018317120000000117,0.029968960000004156
0.06207000000000001,0.03653992000000226,0.019469799999993653,0.03719748000000772
0.06208,0.02316143999999115,0.026613000000011634,0.030412000000006732
0.062090000000000006,0.035870199999995384,0.02263943999999401,0.039606799999996396
0.0621,0.035546599999993246,0.03420599999999401,0.04156575999999663
0.062110000000000005,0.023155119999995966,0.024405040000006106,0.033142439999994486
0.06212000000000001,0.027307000000006607,0.022519640000000486,0.03280192000000408
0.062130000000000005,0.0286485600000017,0.016810159999996546,0.019385280000011083
0.06214000000000001,0.03486920000000465,0.04886916000000261,0.032218559999994845
0.062150000000000004,0.021407440000004063,0.0421346000000019,0.03294712000000253
0.06216000000000001,0.04610140000000682,0.019691719999995225,0.02882436000000529
0.06217,0.0240647999999951,0.03210187999999776,0.029731600000005284
0.062180000000000006,0.027665720000005507,0.031595440000001904,0.031073839999999867
0.06219,0.029696839999999468,0.02800855999999354,0.028463120000004817
0.062200000000000005,0.04105435999999547,0.020897599999995704,0.036260439999994974
0.06221000000000001,0.03567968000000585,0.050917480000001056,0.028835880000007114
0.062220000000000004,0.03571448000000829,0.019698239999989715,0.03908896000000167
0.06223000000000001,0.0293397200000022,0.026775319999995103,0.04167616000000147
0.062240000000000004,0.02017292000000645,0.03516676000000089,0.03471836000000592
0.06225000000000001,0.03228860000000625,0.023993999999995838,0.024976560000004932
0.06226,0.023934600000005475,0.024487840000006263,0.03130960000000401
0.062270000000000006,0.019856160000005126,0.0322414799999962,0.031587240000004596
0.06228,0.041666319999995746,0.043006799999996244,0.04219320000000447
0.062290000000000005,0.027022560000000164,0.04031559999999607,0.029427600000006746
0.06230000000000001,0.028782640000000168,0.0354195599999964,0.02493159999999836
0.062310000000000004,0.01718472000000778,0.028210119999999162,0.038787999999999295
0.06232000000000001,0.02391688000000507,0.0323956800000078,0.0263425199999951
0.06233,0.0238975199999961,0.029210839999995006,0.03312496000000659
0.062340000000000007,0.025004320000000683,0.030957960000007514,0.027478000000000377
0.06235,0.031080359999996542,0.030963680000004132,0.0477096000000015
0.062360000000000006,0.025866079999989737,0.02151300000001125,0.030652880000001888
0.06237,0.021451839999989623,0.020238160000006916,0.015645720000001327
0.062380000000000005,0.026445519999990973,0.03809148000000102,0.03952455999999673
0.06239000000000001,0.037140160000000304,0.04148932000000502,0.038413880000007464
0.062400000000000004,0.025903559999996523,0.024965080000005878,0.020470560000008704
0.06241000000000001,0.022416759999993915,0.02182504000000143,0.031889560000011745
0.06242,0.03787576000000758,0.034352240000006036,0.026310240000004717
0.062430000000000006,0.02552368000000777,0.027716119999995074,0.022850720000000237
0.06244,0.04115956000001191,0.023917199999995302,0.031588320000006984
0.062450000000000006,0.027206160000005794,0.03343508000000631,0.029124560000007214
0.06246000000000001,0.030243399999995826,0.025361279999991736,0.029845679999994715
0.062470000000000005,0.034762160000005954,0.028239279999995454,0.031897519999995946
0.06248000000000001,0.044057839999998724,0.02435155999999627,0.0193954800000076
0.062490000000000004,0.028478759999995527,0.02800659999999466,0.027346320000005128
0.0625,0.02950359999999146,0.04177704000000518,0.017186239999997504
0.06251000000000001,0.033583879999996964,0.01954623999999918,0.018152840000001322
0.06252,0.032693079999995774,0.027419000000009817,0.03092988000000804
0.06253,0.012995640000004121,0.02231060000000986,0.03430727999999707
0.06254,0.021120640000010148,0.026586480000006667,0.010974359999999777
0.06255000000000001,0.038308600000007555,0.026486120000000744,0.03265391999999502
0.06256,0.026765639999997485,0.03283024000000007,0.015333799999995162
0.06257,0.043932199999993926,0.026683920000004427,0.029706080000011726
0.06258000000000001,0.03713068000000185,0.04511144000000243,0.04453347999999505
0.06259,0.026440680000003918,0.023157760000005995,0.05254595999999623
0.0626,0.04277088000000644,0.020854480000009647,0.026958879999996525
0.06261,0.02200816000000724,0.028988640000006803,0.026280320000006928
0.06262000000000001,0.02072815999999411,0.04424283999999978,0.014252040000004566
0.06263,0.030193200000004427,0.048298480000001705,0.03478387999999473
0.06264,0.02902172000000481,0.031149520000006998,0.03234639999999409
0.06265000000000001,0.030288559999999666,0.03714504000000689,0.01916704000000233
0.06266000000000001,0.02789392000000531,0.028029640000006927,0.02405500000000084
0.06267,0.02115148000000543,0.03640968000000796,0.022611080000007888
0.06268,0.03398472000000168,0.02578508000000509,0.027881720000007156
0.06269000000000001,0.02513048000000461,0.03318524000000031,0.04477331999999998
0.0627,0.029384440000004796,0.025806160000002538,0.029886240000007534
0.06271,0.03772516000000119,0.030696720000001197,0.017528719999989593
0.06272000000000001,0.037579200000001416,0.021336279999997473,0.02951299999999982
0.06273000000000001,0.0287755600000011,0.015807479999988997,0.029207039999994532
0.06274,0.03829760000000588,0.027044920000002286,0.026660319999999665
0.06275,0.030088360000001597,0.03048192000000226,0.02764743999999337
0.06276000000000001,0.031247719999989144,0.03263992000000682,0.0330518400000055
0.06277,0.03272411999999673,0.02713756000000546,0.020955960000000447
0.06278,0.027170199999999298,0.02297983999999459,0.029243079999996105
0.06279,0.02116008000000619,0.04632143999999968,0.04282568000000542
0.06280000000000001,0.025884479999994006,0.03234031999999892,0.02649896000000184
0.06281,0.019087120000004097,0.04425812000000144,0.022791320000007144
0.06282,0.03106664000000668,0.01587863999999632,0.048405160000008385
0.06283000000000001,0.03619060000001023,0.02484172000000063,0.03414812000000745
0.06284000000000001,0.023705519999995688,0.02890171999999619,0.03003388000001163
0.06285,0.024352160000004407,0.0263840799999964,0.035918200000012064
0.06286,0.029622400000001624,0.012062119999993093,0.03131848000000092
0.06287000000000001,0.03558627999999344,0.0451275200000017,0.01559284000000674
0.06288,0.018352439999999887,0.03965575999999617,0.025632839999999366
0.06289,0.02912496000000664,0.020304320000003623,0.028389520000000744
0.06290000000000001,0.025079320000006473,0.022056239999995817,0.026188920000006118
0.06291000000000001,0.027708639999994202,0.025982440000004305,0.02518456000000684
0.06292,0.04183704000000682,0.03539292000000868,0.03953112000000665
0.06293,0.02968475999999904,0.038755960000005994,0.027089280000011623
0.06294000000000001,0.0352443199999945,0.042968240000008005,0.02087988000000411
0.06295,0.02309436000000155,0.050579320000007345,0.023151480000005626
0.06296,0.02310180000000667,0.04435436000000868,0.020209679999999064
0.06297000000000001,0.030577480000003064,0.030524639999997598,0.018322320000011716
0.06298000000000001,0.026174960000001326,0.020124639999995298,0.025512040000001457
0.06299,0.034444999999994806,0.024965599999994138,0.02006996000000092
0.063,0.028704880000006656,0.03075168000000419,0.039807760000001594
0.06301000000000001,0.037979240000001004,0.026816440000006016,0.0395318799999948
0.06302,0.03510124000000135,0.018396640000006043,0.03774460000000033
0.06303,0.021138599999995615,0.036817480000006154,0.032780439999996046
0.06304,0.02692395999999907,0.028867960000002312,0.028151479999995812
0.06305000000000001,0.025593439999995325,0.044922040000000996,0.05089116000000067
0.06306,0.028839120000000242,0.02905767999999609,0.03465355999999551
0.06307,0.03326559999999599,0.032130160000005174,0.03016404000000687
0.06308000000000001,0.04386607999999442,0.05098632000000605,0.02187291999999543
0.06309000000000001,0.018787639999995092,0.047797200000007596,0.01649408000000048
0.0631,0.025708119999995168,0.04408248000000496,0.030506519999993684
0.06311,0.033915000000000625,0.01701307999998995,0.04648923999999623
0.06312000000000001,0.038935560000001285,0.024170839999989452,0.04264995999999676
0.06313,0.028906880000005835,0.028526799999995196,0.03374487999999582
0.06314,0.04059288000000607,0.026878000000000124,0.035276120000006655
0.06315000000000001,0.04027112000000453,0.031155360000004746,0.0227111199999957
0.06316000000000001,0.021650280000004796,0.042606880000000256,0.023734000000000335
0.06317,0.03630180000000524,0.02102747999999669,0.024357159999995468
0.06318,0.03262520000000679,0.026874399999991427,0.05118607999999606
0.06319000000000001,0.02636776000000472,0.02531455999999636,0.032958600000001045
0.0632,0.04319888000000728,0.0294358799999969,0.03671496000000668
0.06321,0.03456667999999511,0.015365439999995425,0.035499039999999836
0.06322,0.02172199999999422,0.05853300000000807,0.034705479999995
0.06323000000000001,0.0275317599999935,0.033710720000004885,0.02807071999998936
0.06324,0.020252799999991886,0.02038468000000163,0.028987000000001376
0.06325,0.035661080000000324,0.03804959999999335,0.02829224000000703
0.06326000000000001,0.03310972000000398,0.027053559999995206,0.02452032000001139
0.06327,0.03260931999999948,0.030009400000006542,0.03852440000000569
0.06328,0.011486040000004126,0.02086987999999674,0.024132760000004576
0.06329,0.012522279999993679,0.030367480000010556,0.02358483999999946
0.06330000000000001,0.019398559999988834,0.030003480000002112,0.026144039999999348
0.06331,0.02202440000001102,0.025923560000002052,0.025494120000004002
0.06332,0.03820932000000185,0.033303919999996885,0.02638836000000166
0.06333000000000001,0.03293332000000494,0.033155639999997315,0.030737200000005585
0.06334000000000001,0.02387952000000673,0.03474711999999029,0.04339760000000602
0.06335,0.024349120000010615,0.023328039999993253,0.03443016000000774
0.06336,0.030509279999999493,0.024155999999998908,0.038592920000006116
0.06337000000000001,0.03426572000000036,0.032772320000005004,0.045452920000003144
0.06338,0.039861880000001626,0.019886000000005618,0.044844800000004834
0.06339,0.023970200000009576,0.020293439999995493,0.030211960000000527
0.06340000000000001,0.036042320000011646,0.04020047999999685,0.022364679999996136
0.06341000000000001,0.03338820000000712,0.03504732000000145,0.04312144000000243
0.06342,0.0288794000000066,0.01725268000000344,0.015722519999991885
0.06343,0.029245440000010264,0.021656920000006748,0.018788600000005342
0.06344000000000001,0.03333760000000093,0.025023600000010526,0.04135140000000505
0.06345,0.014280839999996372,0.03799123999999915,0.029109199999994242
0.06346,0.031168120000004552,0.03670535999999964,0.02715172000000433
0.06347,0.04625979999999655,0.03450715999999681,0.03960956000000713
0.06348000000000001,0.033081520000005506,0.02898868000000664,0.02764931999999481
0.06349,0.03655871999999614,0.02998836000001072,0.046870800000008074
0.0635,0.033082760000000884,0.025209959999998727,0.01830147999999425
0.06351000000000001,0.030601360000006617,0.03253764000000058,0.03184443999999571
0.06352000000000001,0.03920028000000057,0.03228107999999528,0.019030760000000656
0.06353,0.03493207999999377,0.03571532000000658,0.022167120000007468
0.06354,0.039338119999995674,0.02603452000000598,0.02437064000000114
0.06355000000000001,0.042439639999995525,0.03767596000000058,0.024848640000006434
0.06356,0.035320199999995035,0.03495188000000312,0.035466640000006815
0.06357,0.03062800000000587,0.04224327999999566,0.03291024000000702
0.06358000000000001,0.04856284000000689,0.03838219999999085,0.03532876000000003
0.06359000000000001,0.028355480000011344,0.035885359999990527,0.029392919999999906
0.0636,0.048490080000006965,0.03846928000000033,0.03830111999999549
0.06361,0.0342492400000052,0.020669240000002243,0.01942796000000482
0.06362000000000001,0.02789779999999467,0.033841599999995246,0.02520995999998932
0.06363,0.03462440000000228,0.039887960000006224,0.04129480000000139
0.06364,0.032083560000007255,0.04020952000000604,0.032684080000007935
0.06365000000000001,0.027690800000000296,0.03993540000000523,0.03321539999999738
0.06366000000000001,0.02778328000000154,0.030119519999999442,0.018911639999999043
0.06367,0.021284959999994604,0.03053499999999028,0.04226372000000677
0.06368,0.027384960000011543,0.03478995999999997,0.05112688000000599
0.06369000000000001,0.03169688000000794,0.019440039999995214,0.018439159999994657
0.0637,0.018938200000007177,0.026689159999999216,0.04804496000000075
0.06371,0.018701799999995956,0.01840339999999541,0.04498884000000116
0.06372,0.035152360000002686,0.020859320000006287,0.0416044399999974
0.06373000000000001,0.023284999999994345,0.03365288000000728,0.024317399999996412
0.06374,0.020340840000005602,0.020392000000000732,0.02868860000000789
0.06375,0.016747640000006364,0.028108160000004587,0.04416388000000775
0.06376000000000001,0.017169520000000278,0.041003519999996525,0.030097599999999662
0.06377000000000001,0.042742720000007804,0.032975959999995336,0.029022640000006154
0.06378,0.026313320000005767,0.02665203999999482,0.04152976000000131
0.06379,0.029734440000006072,0.035189719999997475,0.031345680000001284
0.06380000000000001,0.03421479999999962,0.031589719999997296,0.023877519999990233
0.06381,0.033518520000005894,0.026952160000007448,0.030639999999997603
0.06382,0.03266116000000347,0.024458439999996105,0.022890000000006436
0.06383000000000001,0.04438904000000106,0.029774479999989233,0.023613359999995316
0.06384000000000001,0.021192120000010906,0.01890532000000241,0.0380395199999951
0.06385,0.0359514400000063,0.02315663999999931,0.03815671999999558
0.06386,0.02364359999999568,0.02216340000001175,0.034876159999995465
0.06387000000000001,0.02206508000000784,0.015525960000005458,0.026792119999996263
0.06388,0.02282439999999588,0.014988680000003838,0.030668080000000517
0.06389,0.022242120000003873,0.03344587999999545,0.0390647599999972
0.0639,0.027767120000001352,0.04550451999999601,0.015489719999994392
0.06391000000000001,0.027062320000001278,0.0387099999999963,0.0328237599999964
0.06392,0.033741400000006444,0.03678940000000092,0.031603359999997256
0.06393,0.017971359999994215,0.031834640000006624,0.035424959999993816
0.06394000000000001,0.033031559999996025,0.04488499999999497,0.0354282000000074
0.06395,0.028268999999995548,0.03603271999999042,0.027231359999994386
0.06396,0.04028519999999668,0.03225519999999466,0.02675540000000482
0.06397,0.02328412000000754,0.03754419999999462,0.03166435999999976
0.06398000000000001,0.025849600000005152,0.03428707999999438,0.02849571999999572
0.06399,0.01730815999999498,0.03422939999999654,0.02174611999999685
0.064,0.03033336000000057,0.02152823999999509,0.03371272000000611
0.06401000000000001,0.025293600000000332,0.03706976000000614,0.01664811999998947
0.06402000000000001,0.02902616000000181,0.027633759999994578,0.0268911199999964
0.06403,0.02304744000000735,0.03681892000000624,0.027382200000001633
0.06404,0.04011031999999601,0.038450400000008,0.025767160000007575
0.06405000000000001,0.03441987999999752,0.02636176000001148,0.03132932000000288
0.06406,0.029013079999996423,0.03218592000001163,0.0204346400000077
0.06407,0.036957159999995035,0.03826920000000714,0.02759819999999514
0.06408000000000001,0.02946980000000569,0.03346660000000704,0.02313292000000007
0.06409000000000001,0.03734131999999638,0.02668152000000548,0.025453360000005636
0.0641,0.03148075999999353,0.024459640000000487,0.0315303999999953
0.06411,0.01139467999999919,0.02267099999999608,0.034135640000008634
0.06412000000000001,0.02899575999999974,0.047082200000000414,0.02157664000000551
0.06413,0.027912359999996094,0.030607800000005004,0.03741311999999437
0.06414,0.018240039999990618,0.032045200000004624,0.03154331999999418
0.06415,0.041697040000001837,0.03146944000000263,0.02229243999999634
0.06416000000000001,0.03582044000000194,0.016143199999995212,0.03594964000000001
0.06417,0.03377192000000172,0.02668812000000571,0.027545639999993647
0.06418,0.023619759999990577,0.02124208000000918,0.05614527999999093
0.06419000000000001,0.03436691999999979,0.042152360000007036,0.03149055999999868
0.06420000000000001,0.03856248000000245,0.040179799999995804,0.015205799999994121
0.06421,0.0412444399999898,0.026546760000011792,0.015914039999989294
0.06422,0.04434879999999589,0.023421960000006327,0.02881304000000059
0.06423000000000001,0.021750239999998616,0.016573560000009875,0.025969999999995004
0.06424,0.03692244000001164,0.01445403999999516,0.03219236000000461
0.06425,0.02942295999999425,0.02741568000000591,0.02507072000000096
0.06426000000000001,0.022732920000000035,0.030267760000005785,0.029167159999996552
0.06427000000000001,0.016120000000001883,0.03162412000001163,0.0220945200000066
0.06428,0.03400168000001149,0.043051360000001246,0.03805504000000833
0.06429,0.03209020000000176,0.04807508000000694,0.03850815999999539
0.06430000000000001,0.021899199999996437,0.05054299999999639,0.03572679999999792
0.06431,0.030025720000004915,0.027564839999997752,0.02663296000000202
0.06432,0.0344028800000069,0.025745640000008143,0.02050187999999516
0.06433000000000001,0.018558759999995546,0.018898720000005226,0.021226160000004653
0.06434000000000001,0.040290319999996355,0.02452871999999923,0.011746999999993077
0.06435,0.044871920000006366,0.03187076000000458,0.03175092000000711
0.06436,0.0473866799999954,0.026063479999995323,0.026168839999994913
0.06437000000000001,0.027996160000005873,0.040893479999989955,0.017139520000006347
0.06438,0.031188080000001752,0.030162719999998894,0.022113240000001335
0.06439,0.03228988000000162,0.02702863999999881,0.020592319999994498
0.0644,0.028814479999993866,0.039328719999999796,0.02790416000000796
0.06441000000000001,0.029129120000004664,0.03130640000000117,0.02860823999999978
0.06442,0.022231559999995536,0.03844991999999405,0.03542839999999701
0.06443,0.027344480000001857,0.03925799999999608,0.020386479999996463
0.06444000000000001,0.025408239999999326,0.040385799999995343,0.020624919999998503
0.06445000000000001,0.04249232000000659,0.03299639999999513,0.047233279999995215
0.06446,0.028067880000005443,0.028058440000005548,0.028426320000000414
0.06447,0.03129276000000041,0.045002360000005605,0.03401564000000057
0.06448000000000001,0.032490959999990014,0.04117904000000065,0.030586960000002668
0.06449,0.0274667199999953,0.04678004000000656,0.03322755999999959
0.0645,0.015127360000000046,0.03875804000000176,0.05284759999999474
0.06451000000000001,0.04385363999999478,0.02605100000000652,0.023066200000000113
0.06452000000000001,0.019770280000006024,0.0317213600000013,0.03490600000000558
0.06453,0.018568440000000783,0.025987480000000493,0.04330244000000362
0.06454,0.020630840000000768,0.037979519999995034,0.04644971999999721
0.06455000000000001,0.03163652000000589,0.036988999999994866,0.029353320000010796
0.06456,0.04066828000000129,0.029521840000001624,0.0466876000000069
0.06457,0.023948639999999487,0.026601039999991388,0.03414712000000583
0.06458,0.02621527999999051,0.045269880000003704,0.028288120000007785
0.06459000000000001,0.034811320000000125,0.054945039999998065,0.024890959999989682
0.0646,0.03718396000000025,0.02834875999999562,0.033690479999995755
0.06461,0.02797916000000573,0.02525075999999962,0.022991000000007727
0.06462000000000001,0.02703291999999401,0.03442440000001142,0.024413840000005443
0.06463,0.03783388000000482,0.026185240000005366,0.042616439999997785
0.06464,0.018626120000001366,0.04157336000000041,0.02885120000000201
0.06465,0.026052400000007397,0.015887600000006153,0.027989759999994798
0.06466000000000001,0.03980715999999985,0.036804080000004694,0.042617199999995026
0.06467,0.02734736000000518,0.034034400000005474,0.023064679999995456
0.06468,0.051355960000000256,0.03960288000000637,0.03901067999999754
0.06469000000000001,0.02053560000000056,0.036010759999995395,0.030810839999996165
0.06470000000000001,0.036703040000001325,0.020032040000005757,0.027129800000002
0.06471,0.029196039999995118,0.027045280000005657,0.01981635999999936
0.06472,0.01615255999999545,0.021374599999989842,0.032326080000000666
0.06473000000000001,0.03492499999998952,0.03344076000000458,0.025238440000009268
0.06474,0.04116767999999538,0.02757636000001182,0.019560439999990235
0.06475,0.024577079999995425,0.025844879999995594,0.019010519999992988
0.06476000000000001,0.045261960000001544,0.021569199999996454,0.038715280000002204
0.06477000000000001,0.041222840000001384,0.04448644000000166,0.02732831999999517
0.06478,0.04040972000000262,0.016623039999989188,0.03726035999999675
0.06479,0.026573440000005916,0.03441200000000045,0.029587479999999937
0.06480000000000001,0.024533000000006716,0.021863160000007917,0.029346959999994992
0.06481,0.019113480000006032,0.029369079999996425,0.04121139999999519
0.06482,0.021962240000000063,0.051781880000002355,0.03957844000000618
0.06483,0.022747680000005696,0.03469028000000771,0.03861004000000191
0.06484000000000001,0.037672560000005934,0.021440239999993924,0.06382844000000099
0.06485,0.03269627999999535,0.028924599999994728,0.03188796000001043
0.06486,0.0324814799999959,0.04029775999999493,0.033229920000005596
0.06487000000000001,0.03820300000000752,0.03696563999999017,0.024342879999996916
0.06488000000000001,0.020137480000007153,0.05009127999999625,0.02486532000000474
0.06489,0.03490652000000711,0.025528079999996355,0.027592879999996
0.0649,0.029320880000001777,0.02361176000000627,0.03651128000000076
0.06491000000000001,0.02244596000000533,0.03227980000000628,0.02620328000000664
0.06492,0.025100160000005485,0.027308640000005085,0.029051920000000477
0.06493,0.03340380000000185,0.031012519999993483,0.0300129599999961
0.06494000000000001,0.028915559999996166,0.0410852400000061,0.02403107999999633
0.06495000000000001,0.02717848000000462,0.050830680000006324,0.02210563999999418
0.06496,0.023417879999999367,0.03315012000000547,0.029420439999999673
0.06497,0.019438880000000932,0.04882715999999617,0.05256199999999577
0.06498000000000001,0.024077760000004923,0.03885439999999386,0.025452360000000153
0.06499,0.020293320000009517,0.031443799999996205,0.022794359999989335
0.065,0.03502459999999968,0.04227059999999502,0.027024320000006468
0.06501000000000001,0.03006243999999766,0.04022731999999403,0.02472151999999694
0.06502000000000001,0.028660280000005665,0.0282003599999969,0.020157719999990234
0.06503,0.023901920000005746,0.03045155999999995,0.022837120000006064
0.06504,0.03520588000000109,0.03038668000000207,0.029210040000001568
0.06505000000000001,0.016653119999998706,0.023798599999990892,0.03293303999999155
0.06506,0.022485439999996203,0.03046108000000578,0.03507915999999131
0.06507,0.014226119999999426,0.027911079999998666,0.030154960000006323
0.06508,0.016858560000009497,0.03153624000000049,0.03188416000000535
0.06509000000000001,0.023900000000009174,0.030183959999994545,0.016366119999991918
0.0651,0.01966712000000479,0.030473759999995423,0.021477199999996723
0.06511,0.030814120000000365,0.03266116000000042,0.027971240000001327
0.06512000000000001,0.026433319999994324,0.04128276000000632,0.03376252000000239
0.06513000000000001,0.022206919999994055,0.03563468000001121,0.043222560000005406
0.06514,0.019708279999999943,0.047086760000003475,0.062472320000002184
0.06515,0.03784876000000149,0.0403692399999953,0.034523240000001634
0.06516000000000001,0.03114628000000697,0.050066159999995155,0.03884692000000636
0.06517,0.026609400000007766,0.029425760000008225,0.03582364000001064
0.06518,0.023609600000000855,0.024413880000006535,0.03875012000000553
0.06519000000000001,0.0435522800000004,0.020509120000000183,0.03952807999999637
0.06520000000000001,0.014839280000000808,0.029407919999999425,0.047781879999996876
0.06521,0.016928519999990965,0.04000395999999714,0.028672359999996202
0.06522,0.027726599999993995,0.028260399999990006,0.024060759999993825
0.06523000000000001,0.03828719999999789,0.03456539999999416,0.029315520000004588
0.06524,0.028801519999995678,0.03428056000000073,0.018996639999996682
0.06525,0.024666440000005053,0.04192556000000173,0.043233319999995426
0.06526,0.021565160000005634,0.029641519999999606,0.012074440000000618
0.06527000000000001,0.027032320000007392,0.024843879999994302,0.03639991999999726
0.06528,0.03391924000000169,0.025410200000005337,0.016221319999991105
0.06529,0.0346441199999997,0.03058351999999415,0.022159399999995173
0.06530000000000001,0.04052772000000602,0.03967703999998969,0.02706968
0.06531,0.03244928000000602,0.024901439999994786,0.01687188000000695
0.06532,0.02693675999999547,0.042101719999996845,0.030810799999996533
0.06533,0.029356080000006356,0.034773279999998755,0.0503258800000083
0.06534000000000001,0.02923200000001171,0.02228967999999475,0.02652599999999427
0.06535,0.02711800000000709,0.041368760000000386,0.029242320000011635
0.06536,0.022424600000001186,0.023385999999993978,0.023541959999999463
0.06537000000000001,0.04507620000000241,0.033452439999995455,0.028483520000006802
0.06538000000000001,0.011564000000006347,0.03298780000000027,0.017866960000011357
0.06539,0.026669040000005386,0.03638376000000062,0.037907759999996446
0.0654,0.019865640000007435,0.0344956399999957,0.010456799999994236
0.06541000000000001,0.017029800000007044,0.034808959999996024,0.02719340000000601
0.06542,0.011646559999988903,0.02665755999999419,0.03016892000000148
0.06543,0.04917544000000323,0.02342020000000567,0.03656775999999529
0.06544000000000001,0.03783220000000701,0.042603160000011964,0.03269407999999735
0.06545000000000001,0.02442047999999475,0.03592544000000762,0.012329639999999706
0.06546,0.022819079999997362,0.02797472000000081,0.02007635999999522
0.06547,0.03500707999999584,0.03607203999999437,0.02023224000000624
0.06548000000000001,0.027240640000005974,0.026987079999989783,0.025823399999993866
0.06549,0.022899119999995627,0.03737332000000066,0.02457175999999999
0.0655,0.034542679999993574,0.027304320000000593,0.03099611999999551
0.06551,0.044078839999992056,0.03898444000000463,0.041312840000005104
0.06552000000000001,0.021355159999993743,0.03305343999999968,0.023384840000011148
0.06553,0.03700075999998929,0.026420199999995175,0.04041015999999419
0.06554,0.042860199999993465,0.02146148000000762,0.030845559999999893
0.06555000000000001,0.039719399999999135,0.03695772000001176,0.029319319999989275
0.06556000000000001,0.04194820000000023,0.04596052000000844,0.031108720000001363
0.06557,0.03422399999999989,0.033289600000011445,0.02096511999999453
0.06558,0.01821091999999601,0.03537116000000435,0.026516720000002103
0.06559000000000001,0.027740919999996394,0.03641548000000789,0.02125368000000169
0.0656,0.028160960000001484,0.024809760000005756,0.018152120000006006
0.06561,0.034117680000001746,0.03637252000000111,0.011406159999993741
0.06562000000000001,0.028405120000001297,0.03062887999999712,0.030222599999996692
0.06563000000000001,0.0204739199999997,0.029653680000005508,0.03961252000000217
0.06564,0.018332320000009943,0.040499119999996426,0.027241679999996705
0.06565,0.024658960000006235,0.036242760000006286,0.0253609999999963
0.06566000000000001,0.023131879999994893,0.04706260000000117,0.018704400000006078
0.06567,0.03337987999999095,0.015856359999990452,0.014892879999993487
0.06568,0.03209136000000122,0.01932864000000437,0.033825119999996926
0.06569000000000001,0.018306919999999442,0.027226520000007966,0.02209291999999418
0.06570000000000001,0.035546559999995814,0.02815407999999627,0.03794259999998991
0.06571,0.056783159999996224,0.029344879999993436,0.03537507999999484
0.06572,0.049176959999995835,0.046971559999996276,0.025866519999989946
0.06573000000000001,0.044383639999995866,0.033950200000000694,0.03393151999999516
0.06574,0.04011803999999515,0.018985759999989638,0.041227159999989126
0.06575,0.06699191999999692,0.024567200000005413,0.0477356800000006
0.06576,0.05883743999999622,0.01880875999999452,0.027041399999989654
0.06577000000000001,0.0418765599999952,0.033504559999999656,0.02720235999999565
0.06578,0.040509120000006886,0.03750331999999479,0.030765679999995785
0.06579,0.026847519999999826,0.037318319999989365,0.0429265199999962
0.06580000000000001,0.034422400000002115,0.019581400000001133,0.03770872000000086
0.06581000000000001,0.024855120000005896,0.05004260000000788,0.02932132000000145
0.06582,0.03278551999999567,0.03162440000000743,0.015552280000003381
0.06583,0.036402319999996074,0.03229131999998961,0.03279772000000662
0.06584000000000001,0.02071351999999453,0.02698127999999943,0.02702315999999749
0.06585,0.0352788799999942,0.03156655999999401,0.02829032000000578
0.06586,0.034127839999999715,0.039825760000008564,0.03578868000000699
0.06587000000000001,0.019193599999995207,0.023551440000005933,0.03539876000000698
0.06588000000000001,0.03522208000000209,0.024937720000005943,0.020060840000004385
0.06589,0.035141840000001805,0.020391639999995784,0.03651723999999904
0.0659,0.03242327999999643,0.027805480000003917,0.025489320000003986
0.06591000000000001,0.030606679999991074,0.022711559999995835,0.044513040000007977
0.06592,0.023395760000001785,0.03492775999999524,0.02397207999999021
0.06593,0.026793639999993783,0.042114920000005676,0.022771280000001396
0.06594,0.02644535999999429,0.03905296000000024,0.021286119999994246
0.06595000000000001,0.02281039999998953,0.026497519999989786,0.03257288000000602
0.06596,0.03560864000001109,0.02254975999999016,0.028968920000000675
0.06597,0.028766039999989036,0.020460240000007467,0.03432976000000149
0.06598000000000001,0.04544543999999971,0.03143700000000674,0.02311308000000578
0.06599000000000001,0.0369380800000011,0.024149000000005395,0.03580804000000617
0.066,0.02937060000000189,0.03427167999999949,0.058288520000000524
0.06601,0.023941840000000717,0.03715016000000086,0.04150248000000719
0.06602000000000001,0.013626839999994516,0.03584128000000216,0.027549199999988873
0.06603,0.032585839999994995,0.039304800000007085,0.01767364000000054
0.06604,0.03224163999999405,0.03378628000000569,0.015554840000002216
0.06605000000000001,0.03611147999999551,0.02071832000000662,0.023264559999997703
0.06606000000000001,0.03597955999999352,0.031181799999993324,0.03444556000000763
0.06607,0.033146519999995024,0.027233879999993847,0.024867759999999652
0.06608,0.03919716000000559,0.03587376000000467,0.028325440000004715
0.06609000000000001,0.024850000000005455,0.041523040000004736,0.03459672000000674
0.0661,0.037308080000007064,0.03323883999999431,0.033713240000001386
0.06611,0.03906952000000346,0.02957943999999462,0.023904599999996206
0.06612000000000001,0.027298799999995314,0.03656564000000002,0.03323299999999002
0.06613000000000001,0.023459879999993848,0.02526203999998965,0.024920119999996406
0.06614,0.03084299999999406,0.034458879999996306,0.03645056000000723
0.06615,0.044860439999992056,0.025007119999995542,0.03083956000000046
0.06616000000000001,0.02942559999999674,0.03808768000000835,0.018601680000001255
0.06617,0.024792479999989528,0.02791063999999899,0.031006360000010835
0.06618,0.03318615999999536,0.03189672000000091,0.026584520000006377
0.06619,0.038424999999995726,0.038100999999993945,0.039201959999996525
0.06620000000000001,0.019578160000005108,0.028482199999993407,0.025999599999998676
0.06621,0.034362840000000026,0.024198559999988916,0.035122840000004915
0.06622,0.03921040000000711,0.020638160000006622,0.02566940000000977
0.06623000000000001,0.026931560000006415,0.024459839999998758,0.04495208000000112
0.06624000000000001,0.03257920000000127,0.02745436000001136,0.027021960000002027
0.06625,0.044104879999995766,0.03006056000001057,0.026459760000001165
0.06626,0.05300887999999562,0.03108168000000053,0.02773471999999424
0.06627000000000001,0.043487920000006466,0.023534600000010387,0.027237879999989018
0.06628,0.050095000000002624,0.035212000000000854,0.030386840000002063
0.06629,0.05007820000000162,0.04692296000000148,0.04346448000000159
0.06630000000000001,0.04345732000000144,0.04686748000000145,0.029985200000008115
0.06631000000000001,0.03097528000000702,0.02977895999999413,0.04046780000000141
0.06632,0.031056719999990802,0.01846467999999439,0.01773772000000557
0.06633,0.020970359999990883,0.02042619999999365,0.023309000000005593
0.06634000000000001,0.02322324000000122,0.026310400000008227,0.032926559999999425
0.06635,0.02332167999999941,0.03976079999999735,0.031929160000011364
0.06636,0.024670399999999728,0.023732520000006245,0.04680712000001193
0.06637000000000001,0.0297618400000024,0.03659175999999943,0.02543340000001096
0.06638000000000001,0.042239400000005985,0.0261972800000025,0.026288120000005452
0.06639,0.030978560000011503,0.02668687999999789,0.030352280000003066
0.0664,0.035989400000001316,0.033724159999998254,0.03981828000000683
0.06641000000000001,0.03139320000000409,0.026713679999995563,0.03234116000000565
0.06642,0.03188760000000618,0.03463539999999511,0.034109799999993994
0.06643,0.04099552000000796,0.022960879999995843,0.03575468000000808
0.06644,0.042992199999999536,0.0275148800000051,0.03820791999999999
0.06645000000000001,0.01865068000000428,0.03773923999999551,0.021651799999993886
0.06646,0.023752799999994256,0.02429103999999335,0.04382627999999716
0.06647,0.02734975999999893,0.021333960000002573,0.025334439999995254
0.06648000000000001,0.025323200000006936,0.02923008000000667,0.026108240000005514
0.06649000000000001,0.018134000000001572,0.03640867999999587,0.047096920000000035
0.0665,0.028582039999994778,0.029928560000005884,0.032830839999995816
0.06651,0.03175928000000739,0.03601584000000065,0.036175480000009946
0.06652000000000001,0.028308120000007035,0.026603119999990196,0.019265760000005346
0.06653,0.02901880000001176,0.022319599999993445,0.039167680000000274
0.06654,0.014914080000001082,0.02369788000000422,0.04371451999999648
0.06655000000000001,0.023431280000000575,0.015949080000010146,0.046932679999996056
0.06656000000000001,0.04460828000000913,0.02968712000000598,0.049680799999996895
0.06657,0.037098160000006285,0.02856588000000636,0.03754031999999552
0.06658,0.033169600000009285,0.039389239999994934,0.02682336000000609
0.06659000000000001,0.04331520000000236,0.049522840000007784,0.030784520000009568
0.0666,0.04367340000000262,0.031184399999991626,0.028299439999999666
0.06661,0.0179434800000114,0.040942839999997274,0.03735348000000663
0.06662,0.027686240000007904,0.033282919999996094,0.03707124000000627
0.06663000000000001,0.026049680000001376,0.01769863999999559,0.03146980000000542
0.06664,0.03999983999998972,0.022824240000006126,0.017480440000005714
0.06665,0.03842255999999963,0.03999696000000183,0.029229200000007637
0.06666000000000001,0.04014232000000011,0.035888440000001985,0.029289239999995952
0.06667000000000001,0.023624600000001057,0.026853479999994916,0.02492691999998931
0.06668,0.016823920000005124,0.03641619999999581,0.01874011999999535
0.06669,0.02081116000000573,0.029620719999995975,0.0220443200000061
0.06670000000000001,0.029825680000006807,0.046943840000002075,0.02325292000000139
0.06671,0.023816160000000777,0.041150840000005,0.019097200000007114
0.06672,0.040151600000001626,0.030663959999994196,0.05283064000000365
0.06673000000000001,0.027114520000000156,0.029290319999994045,0.021803200000011347
0.06674000000000001,0.02384303999999955,0.021587199999995425,0.032333560000011585
0.06675,0.02535843999999361,0.029430800000000874,0.026379879999994332
0.06676,0.025989040000000983,0.029303160000001167,0.03769908000000174
0.06677000000000001,0.03156796000000313,0.029808799999991403,0.026861040000005745
0.06678,0.02698912000000756,0.021911879999996466,0.029782800000000866
0.06679,0.03540695999999535,0.03708747999999472,0.026300879999999482
0.06680000000000001,0.033967639999994935,0.02937791999999596,0.03808047999999741
0.06681000000000001,0.03016559999999469,0.03854047999999649,0.03471671999999006
0.06682,0.0484692000000075,0.04123716000000235,0.04042291999999018
0.06683,0.03595224000000077,0.028154279999995483,0.022760160000000827
0.06684000000000001,0.025777759999992916,0.020748719999993056,0.03127255999999521
0.06685,0.022569760000004928,0.03229079999999671,0.039510399999996684
0.06686,0.030147199999990444,0.019830959999995717,0.03699908000000628
0.06687,0.030573519999994518,0.02531240000000406,0.029991280000006584
0.06688000000000001,0.019415960000007552,0.020389519999995498,0.03850528000000098
0.06689,0.02415028000000106,0.034831160000004115,0.029321120000005543
0.0669,0.028132920000011722,0.01932547999999932,0.04863939999999748
0.06691000000000001,0.03985488000000637,0.016637040000006445,0.036867599999990334
0.06692000000000001,0.03958164000000207,0.03253536000000732,0.05250443999999001
0.06693,0.05075895999999555,0.015190720000005284,0.029630960000001576
0.06694,0.03404348000000552,0.03518812000000566,0.03708672000000297
0.06695000000000001,0.02485092000000701,0.03016400000000635,0.04136500000000782
0.06696,0.026800519999994096,0.037702879999995,0.031474280000003164
0.06697,0.027726720000006626,0.013682399999994764,0.03819311999998961
0.06698000000000001,0.03022815999999916,0.03794516000000504,0.0352861200000008
0.06699000000000001,0.03358603999999725,0.04501140000000753,0.04275275999999543
0.067,0.022225599999990416,0.024682959999994092,0.0336580399999936
0.06701,0.026348720000003836,0.028130120000001483,0.02311411999998964
0.06702000000000001,0.03407504000000575,0.02576679999998956,0.027263279999999758
0.06703,0.03433720000000664,0.0256631600000078,0.02350895999999892
0.06704,0.036192319999994664,0.033326319999997994,0.031891560000010706
0.06705000000000001,0.03323020000000386,0.03923959999999609,0.027179799999994442
0.06706000000000001,0.022529160000001568,0.03217060000000252,0.016301359999993874
0.06707,0.032420199999999656,0.020726520000008988,0.02910676000000178
0.06708,0.01883731999999372,0.00879068000000678,0.04300588000000106
0.06709000000000001,0.019048119999999055,0.03870543999999558,0.03916448000000765
0.0671,0.016822400000000976,0.023391719999999352,0.025906919999999865
0.06711,0.030460159999989758,0.01883012000000429,0.029077119999999762
0.06712,0.015418599999994299,0.02769612000000572,0.033433000000001385
0.06713000000000001,0.0368877199999902,0.026088239999994628,0.03258231999999684
0.06714,0.030655479999999354,0.032928119999996716,0.03221380000000573
0.06715,0.031199600000000077,0.028388600000004136,0.04340259999999616
0.06716000000000001,0.03773196000000191,0.04228076000000607,0.028032480000008363
0.06717000000000001,0.05017280000000111,0.0265650800000061,0.026716760000006393
0.06718,0.02643119999998905,0.02219084000000429,0.02321287999999503
0.06719,0.030369119999999954,0.03220704000000457,0.043115439999996064
0.06720000000000001,0.04454400000000325,0.0313895999999996,0.037592879999995894
0.06721,0.0313627599999957,0.029634360000005824,0.044488320000001545
0.06722,0.012158399999989678,0.03461844000000779,0.03782315999999777
0.06723000000000001,0.0334596799999951,0.03738336000000784,0.030249200000005555
0.06724000000000001,0.022792840000007784,0.029002280000001497,0.045252440000005986
0.06725,0.02180536000000621,0.03824920000000153,0.03350504000000588
0.06726,0.032157800000006086,0.028729759999994945,0.03728503999999794
0.06727000000000001,0.03543624000000655,0.02395536000000507,0.027184239999994766
0.06728,0.02905651999999459,0.02066019999999304,0.03929900000000192
0.06729,0.04096375999999523,0.03130931999999451,0.030721560000000685
0.0673,0.04651043999999611,0.024119840000001388,0.01830847999999857
0.06731000000000001,0.043418240000006596,0.0339492400000117,0.027023600000010573
0.06732,0.04493532000000639,0.0209088000000004,0.026206320000010552
0.06733,0.03622260000000008,0.02585504000000724,0.02778592000001161
0.06734000000000001,0.021866960000011287,0.03994664000001182,0.04467808000000177
0.06735000000000001,0.04035188000000865,0.021707520000011405,0.03639420000000204
0.06736,0.035263920000001996,0.038282000000001024,0.025116079999996863
0.06737,0.027149720000000474,0.030830240000000106,0.028227200000001708
0.06738000000000001,0.03422295999999431,0.01804799999999442,0.037916400000006505
0.06739,0.046427119999995686,0.025083840000000527,0.032546399999995555
0.0674,0.028594719999996607,0.018953520000007013,0.024226839999995545
0.06741000000000001,0.023019079999990803,0.033843880000012025,0.027009520000006663
0.06742000000000001,0.023805720000005255,0.025828679999999486,0.037409080000003925
0.06743,0.028205720000000805,0.03919227999999478,0.024143560000004283
0.06744,0.02850912000000623,0.02460132000001153,0.04350008000000574
0.06745000000000001,0.02564240000000041,0.03414459999999683,0.026564480000004352
0.06746,0.02596580000000558,0.0381420800000037,0.04139932000000684
0.06747,0.01392975999999432,0.04219704000000481,0.03930600000000547
0.06748000000000001,0.021810119999999673,0.03323824000000611,0.023559640000003216
0.06749000000000001,0.018882199999993216,0.027097319999999654,0.021002760000008874
0.0675,0.0155691999999998,0.030691200000009917,0.03253479999999734
0.06751,0.03343807999999417,0.024382919999993286,0.026405079999997198
0.06752000000000001,0.036765639999997726,0.024546880000003962,0.03667028000000065
0.06753,0.022324000000005208,0.03363796000001198,0.02296404000001181
0.06754,0.015433160000008776,0.021404519999999132,0.023415919999999084
0.06755,0.030322360000000513,0.031921359999999746,0.030526640000011953
0.06756000000000001,0.022491399999995654,0.02777072000000018,0.0223889200000035
0.06757,0.033607520000001084,0.028687160000004316,0.018510000000010213
0.06758,0.029786199999994725,0.0349659600000011,0.042468320000012265
0.06759000000000001,0.02688183999998899,0.02866668000000999,0.030709360000012034
0.06760000000000001,0.023799039999995938,0.027131880000000625,0.04781988000000825
0.06761,0.03470064000000666,0.037205120000007495,0.030498999999999762
0.06762,0.027531839999999523,0.02494455999999674,0.023012200000004805
0.06763000000000001,0.02583452000000059,0.018090479999994767,0.02977888000000245
0.06764,0.0369732800000008,0.03651480000000526,0.03987620000000191
0.06765,0.04892899999999525,0.016796039999994863,0.05095372000000748
0.06766000000000001,0.03745191999999752,0.04058195999999681,0.0330337600000066
0.06767000000000001,0.03665239999999578,0.02521291999999553,0.032605600000007284
0.06768,0.037744559999997415,0.01730507999999448,0.022764480000006908
0.06769,0.03674659999999551,0.014383919999988969,0.03809287999999438
0.06770000000000001,0.024254920000000194,0.02737192000000484,0.036703599999991426
0.06771,0.043725600000003556,0.028495639999995225,0.03366540000000003
0.06772,0.03359983999999667,0.03244920000000193,0.03185211999999675
0.06773000000000001,0.03451220000000486,0.025450840000005942,0.03315175999999538
0.06774000000000001,0.018304640000001784,0.04710244000000519,0.019226159999989702
0.06775,0.03572204000000045,0.025330760000009757,0.023088799999997606
0.06776,0.012411399999994816,0.024852240000003283,0.035967080000000526
0.06777000000000001,0.0327682800000066,0.019710240000004098,0.029222680000000105
0.06778,0.023591520000000657,0.024651359999994765,0.030713839999996637
0.06779,0.0398244400000005,0.03038711999999637,0.012540720000010325
0.0678,0.03947299999998954,0.04108168000000124,0.03697083999999446
0.06781000000000001,0.04249924000000637,0.02510547999999473,0.029983560000001498
0.06782,0.047525880000008645,0.03440187999999383,0.03464764000000154
0.06783,0.031610679999995214,0.02922723999998983,0.028112679999999425
0.06784000000000001,0.02519336000000599,0.028815879999999388,0.027612440000000186
0.06785000000000001,0.02903064000000769,0.03335963999999442,0.026422480000007433
0.06786,0.01710632000000789,0.030270079999999325,0.027245519999999208
0.06787,0.016841440000000617,0.04951447999999684,0.022246640000007253
0.06788000000000001,0.027196999999990486,0.02750488000000065,0.026430400000000402
0.06789,0.04207748000000218,0.032209759999996354,0.044609200000004796
0.0679,0.03947416000000004,0.04056348000000049,0.022745560000001518
0.06791000000000001,0.03711959999999409,0.033028919999998095,0.024901920000001413
0.06792000000000001,0.033286159999995894,0.0511654799999961,0.02472959999999387
0.06793,0.02619832000000181,0.025224839999993903,0.027905160000001723
0.06794,0.03496155999999553,0.02184119999999529,0.026126799999994885
0.06795000000000001,0.026715400000006356,0.01949176000000144,0.021484519999995986
0.06796,0.01733879999999405,0.04695816000000087,0.028505399999994022
0.06797,0.03376892000000137,0.02823300000000045,0.030334959999989915
0.06798,0.029963999999990068,0.036062479999996615,0.025962079999992033
0.06799000000000001,0.02582171999999607,0.04120231999999581,0.037732839999994536
0.068,0.029182119999997886,0.036547920000004355,0.030205479999997124
0.06801,0.017414159999999287,0.03264448000000169,0.02653211999999975
0.06802000000000001,0.02258092000000088,0.03832531999999937,0.026802559999991652
0.06803000000000001,0.02418535999999478,0.03453747999999934,0.03658771999999607
0.06804,0.021802599999995502,0.028817520000005828,0.025123919999993742
0.06805,0.01533656000000423,0.031053919999995898,0.024657679999995737
0.06806000000000001,0.037850600000006875,0.02868600000000609,0.023200199999993582
0.06807,0.0222829199999954,0.03431932000000067,0.03200300000000732
0.06808,0.030901680000005795,0.03510548000000053,0.036799759999993666
0.06809000000000001,0.0261323199999994,0.023245040000002624,0.04640343999999617
0.06810000000000001,0.02468371999999029,0.022232879999999917,0.018639039999993154
0.06811,0.03230096000000034,0.022773880000011435,0.030911720000004483
0.06812,0.030145440000004044,0.04312136000000205,0.03502079999999355
0.06813000000000001,0.022471440000007187,0.029093320000009765,0.039165319999995916
0.06814,0.024162879999999637,0.030631960000001467,0.04017904000000557
0.06815,0.020780880000006288,0.03699128000000087,0.03639403999999613
0.06816000000000001,0.03445228000001174,0.020773920000009317,0.03643967999999567
0.06817000000000001,0.03179288000000764,0.03013235999999366,0.02027335999999894
0.06818,0.017912999999999353,0.03950692000000027,0.05201304000000105
0.06819,0.03845539999999337,0.04718399999999826,0.032729679999993995
0.06820000000000001,0.04367443999999531,0.033328679999995676,0.03707964000000575
0.06821,0.033126559999989875,0.02579019999999539,0.06384700000000655
0.06822,0.04159508000000046,0.024579239999995808,0.048998119999996
0.06823,0.030498319999997688,0.03968075999999545,0.03547843999999527
0.06824000000000001,0.042525999999997184,0.04051780000000154,0.03630899999999406
0.06825,0.044807159999990326,0.03791383999999697,0.03221007999999974
0.06826,0.05948072000000194,0.03709295999999483,0.02161975999999099
0.06827000000000001,0.024729079999995473,0.04160395999999757,0.02654915999998925
0.06828000000000001,0.04287371999999405,0.027659239999989774,0.033864639999990155
0.06829,0.03556324000000613,0.02416600000000723,0.04028343999999457
0.0683,0.013410039999992804,0.019887199999997423,0.02827243999999455
0.06831000000000001,0.02142712000000648,0.031263520000002064,0.0266667199999953
0.06832,0.02831348000000641,0.0226145200000022,0.020778720000005826
0.06833,0.01740016000000089,0.024887279999989714,0.0414945600000022
0.06834000000000001,0.03268024000000122,0.03713180000000138,0.0394888000000017
0.06835000000000001,0.028408160000007458,0.03623008000000649,0.051565399999999956
0.06836,0.023927560000007102,0.01866076000000593,0.03357487999999914
0.06837,0.03833148000000664,0.02123903999999678,0.050067640000002696
0.06838000000000001,0.019844400000000463,0.019022200000005964,0.026009879999995062
0.06839,0.0345494399999977,0.01998920000000134,0.030477640000006488
0.0684,0.03788964000000041,0.03497580000000084,0.03383012000000747
0.06841000000000001,0.030407200000006997,0.03710547999999676,0.0383496399999959
0.06842000000000001,0.03815308000000134,0.01694400000000242,0.044211279999995065
0.06843,0.029249239999999555,0.03529623999999433,0.04082067999999636
0.06844,0.036869639999999114,0.033888919999996915,0.046266559999990436
0.06845000000000001,0.021742439999994305,0.011684599999989437,0.03586655999999004
0.06846000000000001,0.015162919999993672,0.019715199999999645,0.02778944000000632
0.06847,0.011011360000004192,0.016909879999995,0.03911656000000136
0.06848,0.03389111999999719,0.0291246000000073,0.025772640000006137
0.06849000000000001,0.021012159999995172,0.024372359999999513,0.027409720000005685
0.0685,0.03308467999999569,0.029327599999993494,0.03596468000000284
0.06851,0.027562280000003846,0.014831160000000202,0.02551783999999614
0.06852000000000001,0.05086956000000717,0.04268344000000735,0.01870727999999642
0.06853000000000001,0.04578052000000764,0.038559239999994735,0.04203708000000189
0.06854,0.0357933600000057,0.03150547999999451,0.029417440000005925
0.06855,0.026689520000008068,0.024398120000000214,0.024932720000005387
0.06856000000000001,0.02844791999999534,0.029954799999999678,0.02660616000000071
0.06857,0.023253040000006265,0.02700760000000579,0.02819164000000154
0.06858,0.0338375199999956,0.042745359999997304,0.03138808000000598
0.06859000000000001,0.041287880000001824,0.018200120000001017,0.027817440000005706
0.06860000000000001,0.02233236000000451,0.01943296000000052,0.029479800000004084
0.06861,0.041923720000000865,0.022500400000004427,0.02362259999999495
0.06862,0.03807940000000714,0.031719880000000006,0.027709719999995875
0.06863000000000001,0.02542143999999604,0.016679600000000953,0.03545128000000069
0.06864,0.03017984000000267,0.03241019999999671,0.030884479999999558
0.06865,0.031388000000000915,0.030120359999993906,0.060739280000005454
0.06866,0.024830240000005513,0.025145800000006224,0.015619919999999256
0.06867000000000001,0.03481652000000035,0.02501220000000517,0.01664004000000676
0.06868,0.04325308000000094,0.03185935999999584,0.022270320000004052
0.06869,0.028133280000006932,0.02626804000000005,0.020531080000000496
0.06870000000000001,0.03164476000000673,0.019582479999991215,0.04054820000000223
0.06871000000000001,0.03468480000000546,0.026102199999990864,0.019618160000005644
0.06872,0.024241199999993402,0.02699807999999618,0.03983620000000677
0.06873,0.034607959999999764,0.027884879999994294,0.03162128000001013
0.06874000000000001,0.02735448000000611,0.045736200000000476,0.025853400000000127
0.06875,0.04392076000001152,0.039478640000000884,0.023663120000001696
0.06876,0.03026116000000608,0.03892328000000534,0.03133548000000398
0.06877000000000001,0.016298199999990413,0.024024440000006,0.02469936000001108
0.06878000000000001,0.05003403999999512,0.03340168000000174,0.04024348000000685
0.06879,0.03198595999999955,0.044771959999993956,0.020480519999991433
0.0688,0.027761200000006838,0.030193119999989335,0.02271351999999428
0.06881000000000001,0.029459359999989405,0.025177639999989107,0.04470676000000205
0.06882,0.031899959999994766,0.033187120000008556,0.03893324000000033
0.06883,0.02943351999998964,0.03240703999999435,0.028248760000001108
0.06884000000000001,0.030611760000005147,0.014915760000000534,0.02656452000000705
0.06885000000000001,0.0435553199999955,0.021815920000006924,0.028647000000007545
0.06886,0.02408707999999584,0.029652280000011737,0.016922079999994476
0.06887,0.02484740000000445,0.024822000000001298,0.02462659999999983
0.06888000000000001,0.036269200000007266,0.04888336000000674,0.0258816000000117
0.06889,0.04430456000000057,0.026782120000010685,0.034391640000001444
0.0689,0.02343299999999526,0.03662435999999339,0.0364843200000017
0.06891,0.02319595999999934,0.03028863999999455,0.01959884000000054
0.06892000000000001,0.03070351999999367,0.02338372000000145,0.025207120000011334
0.06893,0.02243067999999366,0.031246599999989248,0.03525016000001179
0.06894,0.019765359999995395,0.030031600000001425,0.018216160000000658
0.06895000000000001,0.036870119999995975,0.02737323999999401,0.03828736000000844
0.06896000000000001,0.03238651999999138,0.03083476000000002,0.039656199999996145
0.06897,0.035806719999995254,0.02628299999999434,0.033753599999996116
0.06898,0.039808520000002026,0.030167679999996175,0.031179719999996747
0.06899000000000001,0.03472891999999101,0.06908711999999603,0.04244928000000815
0.069,0.025132039999993597,0.03284407999999569,0.015486279999999658
0.06901,0.031115239999993667,0.030205559999999163,0.04642807999999474
0.06902000000000001,0.03788107999999572,0.03739780000000183,0.05185115999999478
0.06903000000000001,0.03812019999999541,0.022310639999998702,0.030494519999995254
0.06904,0.03496087999999524,0.0366276000000073,0.04595495999998931
0.06905,0.027799320000001116,0.01304735999999853,0.02422864000000064
0.06906000000000001,0.027339480000005734,0.027349079999995207,0.02814464000000024
0.06907,0.024461040000005516,0.01849804000000512,0.02123036000000236
0.06908,0.024884040000001908,0.03245843999999644,0.03617128000000221
0.06909000000000001,0.02677088000000763,0.02120087999999685,0.013523760000000086
0.06910000000000001,0.021310319999995175,0.030365839999994263,0.02905451999999435
0.06911,0.031012639999993492,0.021539600000004523,0.025774280000006096
0.06912,0.023150520000000323,0.029157920000004743,0.028796639999997382
0.06913000000000001,0.02794743999999941,0.05270364000000771,0.0335686800000083
0.06914000000000001,0.02493411999998976,0.03958816000000454,0.02435888000000821
0.06915,0.019482680000002525,0.03588384000000044,0.03961892000000625
0.06916,0.016959319999999986,0.02619088000001069,0.06774580000000913
0.06917000000000001,0.023949080000006482,0.027989759999996942,0.03382612000000215
0.06918,0.04357776000000804,0.03404500000000046,0.026314160000006317
0.06919,0.02595907999999534,0.03587376000001148,0.040223840000006734
0.06920000000000001,0.03004575999999795,0.02237724000000594,0.03550608000000226
0.06921000000000001,0.016551479999995785,0.03303008000000431,0.04904644000000635
0.06922,0.03108384000000105,0.03564199999999482,0.03360712000001152
0.06923,0.029755960000000206,0.03566176000000013,0.04151120000000818
0.06924000000000001,0.025973279999998756,0.02446767999999636,0.03736044000000449
0.06925,0.045855839999997296,0.014199680000000929,0.03580191999999374
0.06926,0.02937628000000417,0.024288600000005427,0.012311879999995022
0.06927000000000001,0.04131936000000121,0.02052676000001133,0.029891720000004694
0.06928000000000001,0.021889320000004743,0.029165079999999597,0.02482204000000766
0.06929,0.03843616000000708,0.020027239999999488,0.024799839999996562
0.0693,0.025189879999989385,0.022592920000005352,0.024950199999998632
0.06931000000000001,0.035385320000000865,0.03138800000000052,0.019532079999993717
0.06932,0.020094400000005428,0.034208160000007745,0.02262568000000635
0.06933,0.03742044000000049,0.03170208000001165,0.029026120000002043
0.06934,0.0426881199999998,0.029248320000006486,0.03422288000000217
0.06935000000000001,0.03888915999999997,0.04289252000000039,0.042502959999995024
0.06936,0.029435400000003584,0.02285928000000604,0.021349480000005586
0.06937,0.016253919999995113,0.03576668000000504,0.026062000000001407
0.06938000000000001,0.04442796000000753,0.028529400000005225,0.013909959999995586
0.06939000000000001,0.027824439999999926,0.04318355999999602,0.04335455999999565
0.0694,0.03484504000000159,0.04545444000000581,0.03719744000000089
0.06941,0.03768976000000675,0.04439599999999515,0.027071160000004472
0.06942000000000001,0.02999136000000741,0.050211160000005084,0.02514980000000011
0.06943,0.038123520000008064,0.03598560000000595,0.016663640000007612
0.06944,0.029887199999997612,0.023664760000009954,0.020810319999994387
0.06945000000000001,0.030346639999989954,0.03013343999999925,0.0194525200000046
0.06946000000000001,0.03249175999998998,0.030769239999994726,0.036329840000000335
0.06947,0.033446640000004954,0.03539872000000172,0.0227218400000054
0.06948,0.018930159999993017,0.022331719999993584,0.02363767999999468
0.06949000000000001,0.025280479999996736,0.031086519999988724,0.03387499999999956
0.0695,0.037533400000000945,0.03747548000000544,0.02659811999999976
0.06951,0.03721015999999405,0.05378492000000803,0.050003520000002404
0.06952000000000001,0.038156480000001235,0.0387744400000053,0.024032360000010373
0.06953000000000001,0.0165452799999903,0.034370159999999976,0.025101919999991125
0.06954,0.0343477199999956,0.022595360000007874,0.028402920000007017
0.06955,0.02464556000000739,0.04279195999999485,0.01738656000000475
0.06956000000000001,0.04517715999999776,0.020874959999989284,0.02583032000000071
0.06957,0.03087104000000123,0.042707160000005844,0.02385915999999961
0.06958,0.030658240000004982,0.03512564000000146,0.043859239999999945
0.06959,0.025155800000004475,0.03150519999999898,0.03858087999999521
0.06960000000000001,0.035807640000004665,0.02964991999999573,0.037160560000006546
0.06961,0.04608968000000691,0.037245040000000264,0.0293503999999959
0.06962,0.02769020000000124,0.025927640000001438,0.040132720000005076
0.06963000000000001,0.01611044000000522,0.03348144000000711,0.037911200000007854
0.06964000000000001,0.03204551999999986,0.017734880000006795,0.03142235999999748
0.06965,0.017330840000006772,0.039003240000000786,0.03561651999999523
0.06966,0.03138868000000445,0.04955960000001182,0.03151024000000515
0.06967000000000001,0.025489280000011574,0.03812040000001206,0.045914480000002464
0.06968,0.01513447999999498,0.03563012000000459,0.02598500000000649
0.06969,0.02604711999999434,0.03520712000001157,0.022229200000011724
0.06970000000000001,0.027257560000006176,0.02954492000001163,0.028691160000009684
0.06971000000000001,0.02374196000000234,0.034383319999999544,0.029295920000005336
0.06972,0.04331096000000129,0.026511200000005668,0.026867640000001622
0.06973,0.03396660000000041,0.02770704000000696,0.04611700000000558
0.06974000000000001,0.021726759999997323,0.03788612000000536,0.035198560000007706
0.06975,0.0212524000000048,0.056649680000007044,0.0261745600000056
0.06976,0.022733999999999793,0.05033724000000706,0.02864700000000769
0.06977000000000001,0.024554160000006327,0.032690720000001415,0.0438330000000014
0.06978000000000001,0.03704480000000807,0.02195631999999939,0.018306080000009592
0.06979,0.02950491999999964,0.022851080000005096,0.026811280000006644
0.0698,0.01926868000000551,0.03866667999999966,0.030831879999994313
0.06981000000000001,0.027039440000000064,0.03591111999999579,0.05387160000000569
0.06982000000000001,0.03784876000000096,0.03657463999999394,0.030029199999994382
0.06983,0.016125600000000306,0.042716760000006876,0.0317796399999937
0.06984,0.03938511999999687,0.031125640000001314,0.023078599999993527
0.06985000000000001,0.03188343999999457,0.039813320000005904,0.03327655999999499
0.06986,0.035639319999996935,0.02057388000000511,0.03249224000000044
0.06987,0.030563679999990708,0.02573467999999942,0.037765159999994545
0.06988000000000001,0.028888639999991576,0.02574876000000064,0.02677140000000078
0.06989000000000001,0.027461680000001303,0.02941832000000054,0.029483159999997472
0.0699,0.03938819999999496,0.03267691999999505,0.025903599999991457
0.06991,0.04311680000000681,0.03611496000000814,0.02892451999998923
0.06992000000000001,0.022084280000000976,0.038228280000008046,0.044412039999995934
0.06993,0.029390879999999484,0.042831559999997985,0.02748711999999456
0.06994,0.02796776000000454,0.04492316000000505,0.03298183999999694
0.06995000000000001,0.026189599999999407,0.056318720000001966,0.02888919999999646
0.06996000000000001,0.015611160000005599,0.045992840000005364,0.017405680000005443
0.06997,0.02891315999999993,0.027401720000007585,0.02805968000000093
0.06998,0.02611496000000755,0.03878968000000252,0.02759504000000526
0.06999000000000001,0.02405504000000093,0.039314920000006116,0.024162880000006066
0.07,0.03207408000000755,0.03148168000000798,0.041301640000001597
0.07001,0.023444440000007217,0.023664639999995705,0.031122920000002195
0.07002,0.02662495999999329,0.02641655999999526,0.02725971999999321
0.07003000000000001,0.033790199999989036,0.02864027999999405,0.01684556000000715
0.07004,0.025069319999995378,0.045981959999995464,0.02490556000000524
0.07005,0.03692447999999418,0.03202088000000099,0.018301280000001224
0.07006000000000001,0.024987639999999655,0.03351036000000713,0.015452399999994839
0.07007000000000001,0.01929028000000502,0.03204068000000673,0.03273507999999454
0.07008,0.03130284000000611,0.04672920000000698,0.03299263999999149
0.07009,0.03378544000000145,0.03049176000001134,0.030512519999990988
0.07010000000000001,0.036315920000001604,0.025623960000001424,0.012372800000001224
0.07011,0.04450223999999163,0.019332239999994377,0.01575120000000337
0.07012,0.044846559999990016,0.014409799999999796,0.017501399999993856
0.07013000000000001,0.03810007999999112,0.03486764000000785,0.03476927999998936
0.07014000000000001,0.026903399999994734,0.027649279999999794,0.024714680000001012
0.07015,0.03722440000000753,0.037854480000000856,0.041357319999996894
0.07016,0.039905919999997146,0.034003280000004264,0.014882359999996368
0.07017000000000001,0.022348999999993808,0.030298520000000818,0.03218559999999671
0.07018,0.028031160000000666,0.023329959999999424,0.03184616000000713
0.07019,0.0331023999999902,0.04203979999999719,0.042001360000006774
0.07020000000000001,0.03161447999999409,0.0370013600000043,0.03154380000000141
0.07021000000000001,0.03353051999999627,0.04580232000000641,0.028040719999994922
0.07022,0.03929407999999416,0.034530640000003616,0.027131160000006618
0.07023,0.047828000000005345,0.039624440000001225,0.02920516000000722
0.07024000000000001,0.023988680000005085,0.027110160000003772,0.03276864000000042
0.07025,0.05644924000000128,0.024642999999995314,0.025929799999989477
0.07026,0.026684760000010892,0.03189972000000574,0.040493800000001245
0.07027,0.03308376000001155,0.025685720000003767,0.04069331999999398
0.07028000000000001,0.0316702399999951,0.04522236000000155,0.02037140000000016
0.07029,0.04382292000000049,0.015463840000000886,0.03801259999999381
0.0703,0.03776487999999925,0.01533156000000627,0.019842360000001863
0.07031000000000001,0.03348079999999656,0.03979424000000048,0.01886411999999736
0.07032000000000001,0.022862239999994344,0.02223051999999886,0.026850200000006232
0.07033,0.025884600000000375,0.012881320000006366,0.020926839999989524
0.07034,0.038817840000011226,0.03288248000000462,0.03435940000000034
0.07035000000000001,0.032006000000005384,0.01838532000000062,0.026558959999999753
0.07036,0.02182099999998932,0.025772759999993726,0.028113239999999276
0.07037,0.016164559999998957,0.03750359999999158,0.026735520000004946
0.07038000000000001,0.02222043999999983,0.04222559999999741,0.048913000000000456
0.07039000000000001,0.023019520000004626,0.029873679999991513,0.031612519999995266
0.0704,0.03339780000000086,0.028218800000001022,0.018645439999998754
0.07041,0.02940475999999499,0.03422515999999719,0.023348319999996887
0.07042000000000001,0.05932775999999778,0.04258571999999607,0.02982816000000056
0.07043,0.03845003999999043,0.03737015999998994,0.0368076800000008
0.07044,0.03183299999999495,0.04202931999999579,0.02736079999999678
0.07045000000000001,0.032812519999995425,0.04188316000000122,0.022410839999995772
0.07046000000000001,0.03289144000000005,0.030928439999999717,0.02821663999999566
0.07047,0.030170480000000024,0.012959040000006118,0.027781719999995038
0.07048,0.02984560000000603,0.022047200000000277,0.029292559999999437
0.07049000000000001,0.041585000000005035,0.019587439999999817,0.03206780000000066
0.07050000000000001,0.022801279999995556,0.03608427999999905,0.022502360000005297
0.07051,0.030667040000004555,0.01746651999998976,0.035994760000006655
0.07052,0.03753619999999446,0.030396159999996366,0.04260796000000684
0.07053000000000001,0.021238040000006043,0.0326699599999953,0.02962844000000643
0.07054,0.02126348000000185,0.01959215999999015,0.04060911999999546
0.07055,0.03647820000000156,0.039332960000006946,0.02761439999999539
0.07056000000000001,0.03239195999999489,0.019991320000007116,0.03252872000000003
0.07057000000000001,0.030685879999989188,0.02808668000000011,0.024426800000000477
0.07058,0.021332960000006895,0.03185135999999521,0.028905999999995227
0.07059,0.032330480000001764,0.029405520000004137,0.026457519999993177
0.07060000000000001,0.023971120000001615,0.019627039999996168,0.017023880000006097
0.07061,0.03657063999999937,0.028731600000006744,0.037654480000011904
0.07062,0.03802928000000465,0.04262660000000229,0.03533320000000562
0.07063000000000001,0.02847136000000005,0.022991280000000437,0.027163479999995487
0.07064000000000001,0.027461320000004244,0.02193756000000553,0.01848408000000171
0.07065,0.015028400000005285,0.04481648000000106,0.02630451999999303
0.07066,0.04384472000000042,0.02992804000000738,0.01994708000001139
0.07067000000000001,0.023700720000005972,0.02582836000000763,0.035304920000007727
0.07068,0.02485492000000277,0.036577239999994814,0.05342311999999869
0.07069,0.02711144000000131,0.02175359999999581,0.03072712000000119
0.0707,0.03784128000000243,0.02528771999998968,0.033406400000000176
0.07071000000000001,0.03922384000000636,0.03043487999999973,0.021014600000000817
0.07072,0.03112868000001128,0.031207799999994113,0.03090120000000166
0.07073,0.02736708000000109,0.018633279999994538,0.028088960000000652
0.07074000000000001,0.03134695999999905,0.03183440000000092,0.024286920000000985
0.07075000000000001,0.035546040000000355,0.021276679999995062,0.019386239999989768
0.07076,0.0355448799999964,0.02590472000000077,0.02514404000000777
0.07077,0.02496871999999356,0.03699564000000184,0.03658780000000067
0.07078000000000001,0.031727199999999886,0.03668976000000448,0.027965519999994748
0.07079,0.041933639999995664,0.023843480000005596,0.024434999999993944
0.0708,0.025491400000011762,0.028349520000006803,0.022164880000000643
0.07081000000000001,0.025553360000009358,0.055872840000007445,0.030198240000001823
0.07082000000000001,0.03604707999999965,0.037931160000006896,0.028747440000005085
0.07083,0.030352240000000492,0.025991360000007447,0.0211047200000004
0.07084,0.03354392000000619,0.04395676000000111,0.03657320000000275
0.07085000000000001,0.028596199999990825,0.02779023999999666,0.025817239999991366
0.07086,0.04990712000000235,0.030046239999995554,0.03553608000000158
0.07087,0.03157064000000182,0.028247320000000926,0.022247040000000766
0.07088000000000001,0.03903564000000197,0.05025992000000812,0.029783160000005998
0.07089000000000001,0.03975103999999667,0.026610719999991272,0.01316903999999593
0.0709,0.023471760000001073,0.02582775999999031,0.028503359999994652
0.07091,0.037383920000001514,0.026124559999994412,0.027066119999996138
0.07092000000000001,0.04174279999999426,0.01937892000000133,0.034529800000002116
0.07093,0.023822439999999487,0.01885455999998998,0.027785160000000277
0.07094,0.03225719999999595,0.027897199999995584,0.03610600000000502
0.07095,0.046544640000007485,0.029455560000005404,0.0374162000000008
0.07096000000000001,0.025448720000001087,0.03552720000000513,0.03078728000000188
0.07097,0.0274382800000114,0.029325720000000936,0.021282480000004187
0.07098,0.02778408000000614,0.01948600000000561,0.024607800000002213
0.07099000000000001,0.025336800000005596,0.033328400000011055,0.019982319999990138
0.07100000000000001,0.03596284000000067,0.045480680000001696,0.036720439999997787
0.07101,0.03848495999999723,0.04750640000000631,0.03957560000000803
0.07102,0.020068759999990325,0.014104920000000878,0.019298080000006382
0.07103000000000001,0.022949079999996787,0.017973520000001738,0.028756280000004943
0.07104,0.024917760000001527,0.022982799999994707,0.02428024000000094
0.07105,0.04237124000000034,0.014115799999999084,0.031632520000002586
0.07106000000000001,0.0397343999999972,0.02733852000000099,0.04236759999999948
0.07107000000000001,0.02462099999999211,0.03320755999999499,0.036746479999996924
0.07108,0.03188263999999786,0.039519760000007446,0.024655560000005603
0.07109,0.033253600000000605,0.03313404000000029,0.020881800000006428
0.07110000000000001,0.03784668000000088,0.020410400000001154,0.021264519999999898
0.07111,0.022338799999996013,0.021727120000001123,0.02346743999999488
0.07112,0.021055840000006883,0.021305280000001228,0.024863599999999673
0.07113000000000001,0.025361880000001086,0.022510800000005306,0.020413959999994697
0.07114000000000001,0.020764480000006854,0.02483852000000624,0.029257160000001073
0.07115,0.03330971999999431,0.023145560000001092,0.026572600000006642
0.07116,0.029437279999996475,0.015444920000001534,0.03200760000000603
0.07117000000000001,0.022576759999989957,0.02492064000000513,0.02850752000001147
0.07118000000000001,0.028821319999997454,0.026444800000006714,0.01399243999999561
0.07119,0.019163319999993572,0.03292340000000038,0.02733296000000683
0.0712,0.01845712000000586,0.036400279999996954,0.032717120000000294
0.07121000000000001,0.028022440000006435,0.023905759999993195,0.031168200000006613
0.07122,0.03598284000000693,0.016822320000005695,0.04199292000000709
0.07123,0.03445203999999608,0.054366360000005484,0.01945028000001118
0.07124000000000001,0.027290320000000222,0.03646488000000502,0.025147000000005325
0.07125000000000001,0.029466239999994988,0.03672140000000222,0.03528588000000149
0.07126,0.02485636000000428,0.022950999999995742,0.025478119999998494
0.07127,0.02362476000000165,0.021155960000004904,0.028379480000001796
0.07128000000000001,0.023684479999999425,0.027880839999993908,0.02136103999999458
0.07129,0.020321320000006776,0.02163023999999922,0.024809800000000364
0.0713,0.038583200000006444,0.04165240000000588,0.026700640000000556
0.07131000000000001,0.017453399999999664,0.038289960000008894,0.0303442800000008
0.07132000000000001,0.042198800000004186,0.0349092799999996,0.021370840000001307
0.07133,0.026680399999988967,0.025218160000005506,0.024719759999996378
0.07134,0.022589800000006065,0.04407659999999597,0.03062731999999356
0.07135000000000001,0.045890720000000364,0.04219180000000522,0.029863880000001144
0.07136,0.015287960000005662,0.04481207999999595,0.04101867999999628
0.07137,0.016945920000006262,0.032979800000010134,0.03890775999999578
0.07138,0.03375160000000627,0.035792920000006084,0.03388200000000569
0.07139000000000001,0.03533356000000229,0.02650136000001015,0.04116119999999504
0.0714,0.03475567999999485,0.035389320000006136,0.0405122800000059
0.07141,0.05019968000000245,0.03693556000000085,0.03364224000000551
0.07142000000000001,0.04679992000000055,0.029524119999990182,0.03360807999999353
0.07143000000000001,0.024531080000006585,0.01864567999999693,0.0360676000000006
0.07144,0.037328199999995516,0.0259200799999951,0.03567776000000557
0.07145,0.038382840000007135,0.02292803999999631,0.027672960000001294
0.07146000000000001,0.04680963999999583,0.029909759999995716,0.03176323999999546
0.07147,0.03072184000000606,0.024171000000006104,0.03838524000000324
0.07148,0.04768287999999599,0.05966344000000754,0.015076200000006243
0.07149000000000001,0.03520927999999005,0.033761319999996306,0.01764163999999421
0.07150000000000001,0.02624999999999555,0.03836812000000493,0.01984971999998957
0.07151,0.023779480000000266,0.030480279999995308,0.028178199999999494
0.07152,0.03137135999999449,0.023302400000006277,0.033951359999989085
0.07153000000000001,0.04192556000000139,0.01726556000000624,0.03598523999999704
0.07154,0.029163479999997632,0.03404707999999979,0.023489520000007834
0.07155,0.02172875999999955,0.03390592000000639,0.02108427999999741
0.07156000000000001,0.04154511999999561,0.031684080000008205,0.02346772000000046
0.07157000000000001,0.026851959999995307,0.037010679999995126,0.03464920000000094
0.07158,0.025985040000004355,0.029382319999996836,0.030802079999997067
0.07159,0.029111200000007213,0.020710439999995677,0.039952759999995265
0.07160000000000001,0.04557607999999656,0.02389436000000189,0.025919839999989345
0.07161000000000001,0.01846552000000044,0.02377391999999063,0.04153411999999549
0.07162,0.03586700000000663,0.044030680000005935,0.03260896000000842
0.07163,0.025196520000001114,0.023367639999996175,0.037785920000011713
0.07164000000000001,0.019744400000006202,0.04258756000000659,0.03344004000000753
0.07165,0.013395520000007348,0.030502880000005908,0.033663840000000986
0.07166,0.025335600000000527,0.026327600000001183,0.04166296000000066
0.07167000000000001,0.03962191999999524,0.024350159999993855,0.019546520000000088
0.07168000000000001,0.05995659999999437,0.031652399999994335,0.031445679999994765
0.07169,0.03606539999999337,0.03230052000000589,0.02850815999999552
0.0717,0.026106880000000422,0.021604240000007754,0.03095568000000131
0.07171000000000001,0.025047040000000912,0.0412125599999965,0.034459480000007724
0.07172,0.04322444000000685,0.041814759999996745,0.03995792000000691
0.07173,0.020982320000006143,0.038150399999996074,0.03445072000000176
0.07174000000000001,0.02767835999999172,0.030602319999996068,0.04639504000000573
0.07175000000000001,0.05014439999999395,0.04176159999999566,0.03894900000000655
0.07176,0.06385764000000081,0.04810927999999614,0.03619084000000448
0.07177,0.04284096000000088,0.022729319999999432,0.03647443999999519
0.07178000000000001,0.0314428799999993,0.028981439999999498,0.04252867999999587
0.07179,0.026639039999993716,0.02560883999998968,0.030383879999997
0.0718,0.028319599999995476,0.04977915999999577,0.03000400000000141
0.07181000000000001,0.0345425599999951,0.027928599999994554,0.031845999999989695
0.07182000000000001,0.043080479999997215,0.025773399999995075,0.03275900000000098
0.07183,0.0291630400000009,0.031183479999996485,0.02389764000000759
0.07184,0.031450880000005885,0.025670639999993923,0.02713816000000427
0.07185000000000001,0.0307938400000015,0.023101519999994522,0.026021199999990415
0.07186000000000001,0.021009640000006227,0.02644256000000477,0.03551971999999719
0.07187,0.028645639999999504,0.035720199999995164,0.02723627999999122
0.07188,0.032161919999996964,0.03844071999999541,0.03434228000000178
0.07189000000000001,0.028005640000002153,0.032315640000006515,0.024805400000005723
0.0719,0.018729520000000683,0.03299704000000623,0.03805624000000649
0.07191,0.02793292000000056,0.027947760000005643,0.022805080000000644
0.07192000000000001,0.033009200000004596,0.03082631999999991,0.02663323999999445
0.07193000000000001,0.03460328000000801,0.02428272000000051,0.02492236000000342
0.07194,0.024012000000000592,0.027444239999990516,0.02918904000000078
0.07195,0.035811360000004705,0.024687559999994776,0.02211083999999379
0.07196000000000001,0.03195392000000518,0.027548719999999784,0.031300280000006425
0.07197,0.0366115200000079,0.02694800000000618,0.03342240000000294
0.07198,0.02700931999999957,0.02577332000000007,0.029956879999995193
0.07199000000000001,0.029000359999996835,0.04095596000000096,0.02018367999999468
0.07200000000000001,0.030904080000004237,0.030851959999996743,0.019614320000000154
0.07201,0.021796200000001674,0.024191280000004055,0.03290876000000083
0.07202,0.03706935999999433,0.03297819999999548,0.0333689200000013
0.07203000000000001,0.03332335999999447,0.02846352000000176,0.030623519999989555
0.07204,0.02468843999999335,0.03614611999999706,0.019860799999990627
0.07205,0.031139480000006544,0.015780760000007405,0.02995675999999408
0.07206,0.037746639999999845,0.021230120000006684,0.022949079999994845
0.07207000000000001,0.03253923999999441,0.03046323999999066,0.022908639999989933
0.07208,0.024429319999989006,0.018070839999991917,0.030276240000004385
0.07209,0.03774075999998939,0.040110119999997126,0.027623559999993965
0.07210000000000001,0.029550519999995438,0.020144039999995325,0.03221075999999426
0.07211000000000001,0.044354040000008234,0.04209575999999483,0.019150279999998836
0.07212,0.037632280000004445,0.036800999999994054,0.027796720000006492
0.07213,0.02961564000000041,0.02110764000001174,0.02618312000000639
0.07214000000000001,0.01379011999999985,0.026160440000004514,0.020225679999995225
0.07215,0.023530279999989526,0.034998319999993546,0.023329800000001306
0.07216,0.024849159999993112,0.018063679999991013,0.034552080000001255
0.07217000000000001,0.04583515999999565,0.03158592000000112,0.02621519999999555
0.07218000000000001,0.043522560000006885,0.015571399999996266,0.03418871999999495
0.07219,0.0428203599999999,0.02524747999999957,0.028981119999993737
0.0722,0.04245932000000639,0.02307855999999913,0.02201084000000516
0.07221000000000001,0.02569763999999593,0.029256079999991556,0.03424612000000025
0.07222,0.019350280000000407,0.032127799999991484,0.03946863999999584
0.07223,0.030194239999999616,0.03053039999999149,0.04239675999999507
0.07224000000000001,0.03438608000000678,0.029685119999989934,0.026758680000001176
0.07225000000000001,0.0328146000000103,0.036395080000000246,0.03302123999999461
0.07226,0.04571448000000816,0.034781440000002155,0.036520119999996395
0.07227,0.04567195999999679,0.041230239999999606,0.030214560000001892
0.07228000000000001,0.043108200000004704,0.03460603999999978,0.030759479999995516
0.07229000000000001,0.024054039999995572,0.03900568000000851,0.033653000000004415
0.0723,0.030112600000008143,0.0208343600000055,0.025175079999995534
0.07231,0.019693479999995156,0.023184560000006398,0.036457200000001445
0.07232000000000001,0.02760659999999481,0.03238147999999655,0.02937032000000659
0.07233,0.029480280000000775,0.027610919999994828,0.03200100000000656
0.07234,0.018025320000010333,0.032935919999995684,0.017690160000006384
0.07235000000000001,0.03294804000000163,0.034121600000000404,0.041083320000011705
0.07236000000000001,0.0437265200000056,0.026714960000006026,0.0443291200000082
0.07237,0.04810400000000721,0.024256399999995203,0.02623828000001159
0.07238,0.04404164000000579,0.031126679999994848,0.026421480000009958
0.07239000000000001,0.03268168000000072,0.028475439999999706,0.02411064000000131
0.0724,0.040168600000001844,0.03528403999999606,0.028984520000006567
0.07241,0.027683400000005954,0.023223960000004717,0.03262956000000605
0.07242000000000001,0.04251659999999465,0.023959239999996433,0.030091360000011915
0.07243000000000001,0.028238439999998716,0.03248144000000183,0.02943556000000699
0.07244,0.021569239999994556,0.039240280000007066,0.028970200000011416
0.07245,0.03397888000000737,0.017536680000010393,0.025906600000000727
0.07246000000000001,0.03414924000000695,0.018465080000007697,0.020582319999996105
0.07247,0.03422295999999477,0.03692096000000467,0.022830200000006053
0.07248,0.0308664800000016,0.03270216000001176,0.0331362000000007
0.07249000000000001,0.026250880000006218,0.020249239999999582,0.03801536000000056
0.07250000000000001,0.04420287999999441,0.03112736000000057,0.022142719999995744
0.07251,0.026803520000002086,0.033725360000004756,0.04247479999999007
0.07252,0.01576583999999034,0.022533839999999344,0.052086440000001816
0.07253000000000001,0.03825119999999411,0.03158864000000476,0.02696180000000576
0.07254000000000001,0.035602519999990805,0.0510762000000017,0.02484239999999998
0.07255,0.051705199999990376,0.024146760000011893,0.03523424000000163
0.07256,0.03458575999998998,0.025969840000011558,0.03146451999999862
0.07257000000000001,0.04122495999999573,0.04735091999999432,0.019064479999998166
0.07258,0.03682811999999372,0.03527396000000574,0.04018888000000591
0.07259,0.025066039999995293,0.04430648000000701,0.017850079999995702
0.07260000000000001,0.03772076000000586,0.040215880000008,0.02289184000001164
0.07261000000000001,0.029133360000000212,0.03830203999999964,0.026732359999995712
0.07262,0.028139959999998757,0.03511367999999596,0.02621263999999923
0.07263,0.03256300000000093,0.046137240000007095,0.043468159999995565
0.07264000000000001,0.02741792000000783,0.031035119999995333,0.02176812000000051
0.07265,0.03133592000000107,0.01855455999999497,0.04123740000000519
0.07266,0.037409759999999986,0.04507740000000549,0.03534140000000696
0.07267000000000001,0.03209283999999524,0.035204040000000755,0.021205080000000945
0.07268000000000001,0.018148319999996814,0.03786564000000767,0.026326199999996136
0.07269,0.026414119999999923,0.027429839999999987,0.027177360000000917
0.0727,0.027942519999994336,0.029365159999994752,0.042487640000008396
0.07271000000000001,0.03616716000000745,0.030432040000005735,0.04369600000001149
0.07272,0.038948240000002535,0.02828863999999421,0.023511519999993465
0.07273,0.03466904000000538,0.02747140000000521,0.029918280000003572
0.07274,0.03736720000000636,0.039773559999997585,0.03284504000000154
0.07275000000000001,0.032685240000005375,0.03955176000001167,0.038607280000007196
0.07276,0.02740596000000467,0.029148720000004336,0.01689636000000061
0.07277,0.04450612000000699,0.04140468000000028,0.03077472000000683
0.07278000000000001,0.0278983600000059,0.01398951999999545,0.022041639999996688
0.07279000000000001,0.03087652000000601,0.018772560000000268,0.026071680000001873
0.0728,0.028770199999999673,0.03557172000000971,0.027556920000001595
0.07281,0.02895255999999636,0.026256600000005056,0.029464960000005553
0.07282000000000001,0.036528439999999385,0.037878559999999124,0.024336719999995607
0.07283,0.023139799999999204,0.03079500000000483,0.04401084000000087
0.07284,0.02901820000000088,0.03990672000000191,0.03359199999998971
0.07285000000000001,0.035983879999995305,0.020798560000007023,0.054969799999997376
0.07286000000000001,0.03170656000000031,0.038447199999994776,0.03605835999999581
0.07287,0.023570039999991636,0.034927280000007936,0.03967055999999055
0.07288,0.03160823999999676,0.03028952000000833,0.028422599999994216
0.07289000000000001,0.016251919999990455,0.025794320000011414,0.03947035999999537
0.0729,0.021220639999995093,0.02642116000000027,0.036253519999995217
0.07291,0.01931340000000512,0.029856920000007586,0.03224616000000774
0.07292000000000001,0.026739080000005477,0.02392444000000606,0.02142612000000142
0.07293000000000001,0.04243688000000019,0.047473040000006524,0.019097119999994683
0.07294,0.023854400000004952,0.046316320000006725,0.025090359999994434
0.07295,0.018668680000011297,0.03565188000000952,0.029092760000005054
0.07296000000000001,0.017003280000000096,0.03136356000000632,0.04246615999999547
0.07297000000000001,0.047059400000005316,0.036573600000010274,0.015680439999995993
0.07298,0.031691800000005176,0.044495600000010065,0.021640320000001136
0.07299,0.028124359999995883,0.04699175999999966,0.027364919999998714
0.07300000000000001,0.029275760000006184,0.033200960000005955,0.04012724000000572
0.07301,0.027905479999997054,0.0414047599999956,0.018046920000004046
0.07302,0.025859319999995033,0.034786159999996236,0.04215116000000642
0.07303000000000001,0.03235208000000457,0.03895288000000061,0.0239452800000053
0.07304000000000001,0.040051759999994205,0.0429524000000009,0.022510480000010987
0.07305,0.03201975999999056,0.049428560000006214,0.011463880000000913
0.07306,0.02427964000000497,0.04235867999999973,0.021897600000005256
0.07307000000000001,0.034266879999996225,0.04575704000000642,0.03457208000000606
0.07308,0.030460439999996296,0.04761596000000684,0.01629299999999999
0.07309,0.03217868000000646,0.0406353600000001,0.03018320000000642
0.07310000000000001,0.03418492000000692,0.034804439999993934,0.023591200000000798
0.07311000000000001,0.02307383999999938,0.03430343999999595,0.03166180000000109
0.07312,0.017819559999995817,0.030280559999994384,0.02370684000001112
0.07313,0.03068819999999903,0.04073987999999583,0.030424360000007963
0.07314000000000001,0.03173276000000537,0.03490775999999556,0.026743280000006298
0.07315,0.03330448000000497,0.04543199999999659,0.0255246400000076
0.07316,0.028368680000001666,0.028673760000004128,0.02207183999999931
0.07317000000000001,0.03198167999999518,0.025230879999999324,0.03079844000000025
0.07318000000000001,0.01827239999999425,0.050795200000007215,0.019419799999994537
0.07319,0.03973604000000107,0.04265084000000648,0.020615240000005912
0.0732,0.03388816000000805,0.03609236000000461,0.02987863999999968
0.07321000000000001,0.0202916800000107,0.03300872000000998,0.04015288000000152
0.07322000000000001,0.03992184000000203,0.03807460000000713,0.028086120000000634
0.07323,0.03005576000000741,0.033307520000011734,0.029669880000002747
0.07324,0.019433959999990383,0.03981260000000585,0.033239799999996135
0.07325000000000001,0.050363719999995074,0.048179600000001925,0.03674227999999607
0.07326,0.03297792000000312,0.02535871999999369,0.04204052000000601
0.07327,0.019821680000004886,0.019890799999994282,0.023367759999994867
0.07328000000000001,0.03082244000000675,0.02074244000000118,0.014201680000005087
0.07329000000000001,0.04516543999999462,0.027936959999995147,0.039808159999993264
0.0733,0.032651879999989884,0.026581400000005338,0.03988863999999503
0.07331,0.02050656000000033,0.03645635999999523,0.02394639999999382
0.07332000000000001,0.013512399999995527,0.020270799999988907,0.03305472000000459
0.07333,0.036567199999996094,0.024644239999990568,0.029000399999994788
0.07334,0.03511068000000708,0.03268923999999493,0.022241760000000853
0.07335000000000001,0.03747507999999692,0.034771279999994166,0.02922612000000173
0.07336000000000001,0.027092240000001325,0.031175479999989174,0.02802764000001141
0.07337,0.022641879999991173,0.01979584000000762,0.03785296000000574
0.07338,0.038912279999997114,0.023877239999995064,0.03032040000000628
0.07339000000000001,0.031012159999991577,0.01718532000000074,0.035194119999994486
0.0734,0.03989684000000265,0.032227080000011836,0.031996999999999984
0.07341,0.02661611999999694,0.021081640000011333,0.04055588000000419
0.07342,0.03493212000000011,0.021131360000011378,0.05509404000000734
0.07343000000000001,0.043287719999990225,0.020683800000000214,0.037433239999996246
0.07344,0.037310239999994325,0.026767720000004522,0.03847316000000602
0.07345,0.033203119999995714,0.026753360000009763,0.04045500000000059
0.07346000000000001,0.029197160000004902,0.04698080000000668,0.03558183999999605
0.07347000000000001,0.03339548000000736,0.024032000000005518,0.02678631999999024
0.07348,0.02019255999999589,0.03611079999999995,0.0339094399999904
0.07349,0.02926663999999513,0.031226719999995253,0.03815696
0.07350000000000001,0.019048279999990602,0.033788279999995875,0.02355183999999916
0.07351,0.022930919999991358,0.03700495999999591,0.02125864000000518
0.07352,0.02629072000000778,0.023453040000006392,0.026691640000009967
0.07353000000000001,0.03708711999999523,0.034753880000004615,0.01881352000000011
0.07354000000000001,0.02659111999999925,0.03187184000000069,0.03925432000000536
0.07355,0.012418839999999279,0.03736144000000619,0.04304880000000818
0.07356,0.02658756000000044,0.01674360000000456,0.0329134000000059
0.07357000000000001,0.019351600000005333,0.022405960000007084,0.024686000000000395
0.07358,0.022226600000001675,0.02319512000000014,0.027762880000001974
0.07359,0.032446080000004596,0.025670800000007425,0.03346700000000635
0.07360000000000001,0.02016579999999057,0.028702280000006603,0.027665560000002518
0.07361000000000001,0.042263639999995495,0.0226636399999947,0.023066000000001113
0.07362,0.02763228000000482,0.0475713599999957,0.025506879999999833
0.07363,0.03292532000000678,0.01887336000000152,0.03316759999999676
0.07364000000000001,0.0377049200000078,0.013853880000009927,0.027264040000005377
0.07365000000000001,0.02921412000001157,0.016378720000005748,0.023958320000006465
0.07366,0.0350531600000065,0.022513919999994508,0.04301124000000721
0.07367,0.03695668000000696,0.034271840000002926,0.03331679999999664
0.07368000000000001,0.03330824000000573,0.02134836000000086,0.02920947999999089
0.07369,0.037805680000006295,0.032546760000011894,0.03284480000000692
0.0737,0.03971720000000139,0.019333160000005914,0.023962759999995066
0.07371000000000001,0.04250508000000125,0.023455479999989304,0.01793611999999374
0.07372000000000001,0.02778444000000515,0.03648012000000013,0.03460484000000463
0.07373,0.02130912000000035,0.02836436000000654,0.018463240000000047
0.07374,0.028254400000005116,0.021965399999999143,0.029123959999999692
0.07375000000000001,0.03920352000000619,0.02646720000000826,0.030261200000001057
0.07376,0.04255095999999706,0.03245171999999483,0.01858759999999522
0.07377,0.017954080000001187,0.027587920000000925,0.03773180000000597
0.07378000000000001,0.027094200000007007,0.04245059999999554,0.023550159999993745
0.07379000000000001,0.032643319999999316,0.025537319999989084,0.020155440000004403
0.0738,0.031957519999995646,0.03711832000000084,0.023133439999999048
0.07381,0.02324688000000608,0.025093640000002287,0.025986319999989578
0.07382000000000001,0.023058040000006084,0.054853840000003144,0.028688360000001675
0.07383,0.027946879999994276,0.014831559999997305,0.025604040000000987
0.07384,0.025620719999995937,0.03164968000000191,0.027807959999999708
0.07385000000000001,0.04190783999999943,0.02941903999999456,0.04029787999999006
0.07386000000000001,0.028728159999994896,0.0177348800000049,0.04088247999999701
0.07387,0.030047679999989082,0.023050120000011724,0.031210199999996805
0.07388,0.012788280000006392,0.034482480000008066,0.03059292000000021
0.07389000000000001,0.03472868000001139,0.016083999999995078,0.020286599999996262
0.07390000000000001,0.03266732000000542,0.025925999999994797,0.02748703999999631
0.07391,0.021241400000001086,0.02693900000000571,0.04830452000000075
0.07392,0.022913920000004084,0.022522800000005158,0.024151680000004835
0.07393000000000001,0.035280880000001784,0.0345234399999956,0.03139327999999945
0.07394,0.019324199999997148,0.024591559999995072,0.022122279999996403
0.07395,0.020193359999998703,0.020608119999993017,0.025620840000005893
0.07396000000000001,0.029409520000001993,0.024651799999995467,0.03617192000000144
0.07397000000000001,0.03257807999999783,0.037965399999993814,0.020458480000005157
0.07398,0.029072919999988883,0.02131379999999629,0.03480875999999173
0.07399,0.01941500000000434,0.026643039999989834,0.0448792799999958
0.07400000000000001,0.031097920000004827,0.02247443999999139,0.02676503999999407
0.07401,0.03335400000000149,0.028167439999995256,0.044727160000007773
0.07402,0.022945600000004906,0.030993719999999406,0.02590711999999562
0.07403000000000001,0.036347120000011446,0.042422400000002455,0.04247443999999535
0.07404000000000001,0.024370120000004408,0.025377920000005605,0.02337019999998986
0.07405,0.02618944000000656,0.04820168000000225,0.03090075999999543
0.07406,0.03128664000000581,0.04391728000000172,0.03223131999998959
0.07407000000000001,0.03144956000000107,0.029021760000005312,0.028538039999994547
0.07408000000000001,0.01873075999999988,0.03582056000000102,0.03158328000000106
0.07409,0.02068523999999698,0.02876119999999548,0.035915479999995184
0.0741,0.02145191999999512,0.04889555999999448,0.038490000000006554
0.07411000000000001,0.022226800000005844,0.027757759999994046,0.042424640000008
0.07412,0.04164576000000839,0.035342679999993395,0.046504319999990704
0.07413,0.031654159999997274,0.016482639999993436,0.038706199999996346
0.07414000000000001,0.022389040000009623,0.03352972000000699,0.03704011999999651
0.07415000000000001,0.034779080000000816,0.013713120000002302,0.04608147999999881
0.07416,0.026986440000006315,0.02361828000000439,0.02239935999999526
0.07417,0.027179120000005854,0.03362091999999328,0.027053919999995187
0.07418000000000001,0.03801004000000165,0.01790595999998917,0.023689960000005846
0.07419,0.037468080000000986,0.02814956000000557,0.023504560000001406
0.0742,0.029320359999992336,0.027752160000005296,0.029290479999995327
0.07421000000000001,0.04904035999999584,0.020100360000000952,0.024412000000006116
0.07422000000000001,0.04078031999999528,0.04098759999999647,0.03350807999999731
0.07423,0.02805479999999533,0.02767071999998921,0.030934759999994718
0.07424,0.02049215999998982,0.025368600000001632,0.02727564000000504
0.07425000000000001,0.019824800000006082,0.02456388000000689,0.01614252000000721
0.07426,0.01921564000000009,0.043039880000004686,0.030579839999995223
0.07427,0.023147680000001294,0.03500419999999643,0.026369479999993187
0.07428000000000001,0.02916584000000277,0.03461852000000004,0.05166347999999383
0.07429000000000001,0.024605039999994298,0.02677020000000001,0.028028000000005004
0.0743,0.021668959999995685,0.0316174000000115,0.023905000000001914
0.07431,0.037736760000010514,0.029326040000010913,0.030259320000001075
0.07432000000000001,0.03481027999999632,0.04079264000000147,0.04333263999999471
0.07433000000000001,0.023962279999994663,0.040804040000001054,0.050098679999994226
0.07434,0.04870688000000076,0.03713060000001165,0.034239279999989616
0.07435,0.019356600000001296,0.032733080000011565,0.02847552000000158
0.07436000000000001,0.04216232000000704,0.033626480000001555,0.03952023999999637
0.07437,0.03157780000000766,0.028107520000011505,0.028710279999995578
0.07438,0.013748079999998315,0.02771120000000599,0.0341140800000019
0.07439000000000001,0.022241639999993543,0.03518092000000698,0.023480320000007035
0.07440000000000001,0.03306708000000643,0.03689236000000555,0.021039639999994898
0.07441,0.03062255999999336,0.02522543999999953,0.03174416000000011
0.07442,0.02645240000000668,0.029387680000007972,0.024377720000000803
0.07443000000000001,0.04236188000000758,0.020103799999998333,0.02030375999998968
0.07444,0.04340924000000786,0.029037359999991418,0.02860788000000014
0.07445,0.03491088000000779,0.03885795999999318,0.035687239999990024
0.07446000000000001,0.03850400000000647,0.04179532000000503,0.030828039999995612
0.07447000000000001,0.053248080000005596,0.0364077200000014,0.03010380000000132
0.07448,0.023210800000005,0.03029848000000094,0.02222335999999625
0.07449,0.030422000000007693,0.03189271999999861,0.021268359999996815
0.07450000000000001,0.028382400000004616,0.02083116000000408,0.04318452000001163
0.07451,0.0318429600000075,0.04639024000000738,0.022421079999996624
0.07452,0.03042876000000554,0.019051279999999685,0.02251175999998875
0.07453000000000001,0.02533631999999599,0.016685720000009736,0.035999080000005755
0.07454000000000001,0.040496880000008305,0.04974780000000868,0.04617291999999563
0.07455,0.0354066399999963,0.04521892000000653,0.026493439999995358
0.07456,0.011678039999999591,0.03340568000000612,0.04679639999999031
0.07457000000000001,0.03212436000000547,0.04139976000000206,0.040888320000001414
0.07458000000000001,0.025518320000006787,0.03414383999999984,0.031104680000002827
0.07459,0.030563600000011862,0.019253159999995044,0.01602384000000587
0.0746,0.01826436000001131,0.023245359999994122,0.014223840000006108
0.07461000000000001,0.03442196000000132,0.030357360000011328,0.03249687999999922
0.07462,0.036009000000011775,0.02557720000000215,0.04561667999999499
0.07463,0.009305640000011097,0.0431940400000023,0.033853679999994425
0.07464000000000001,0.027349720000001843,0.02760891999999586,0.050216280000002646
0.07465000000000001,0.041479399999995316,0.03715324000000489,0.028044320000006874
0.07466,0.030227319999993753,0.041956720000008094,0.040714479999996576
0.07467,0.02905379999999419,0.02113528000000099,0.023675600000004998
0.07468000000000001,0.015700960000001908,0.03940624000000293,0.02671688000000065
0.07469,0.019750239999998545,0.020655479999989627,0.034947680000007184
0.0747,0.04348860000000635,0.019572719999993722,0.0269836399999896
0.07471000000000001,0.023796639999995328,0.03797071999999875,0.04176500000000211
0.07472000000000001,0.02736915999999696,0.015886599999996243,0.017570880000007488
0.07473,0.02850476000000033,0.03957064000000164,0.03302259999999667
0.07474,0.020455280000000957,0.02231508000000142,0.035919759999996824
0.07475000000000001,0.043231679999997,0.02873376000000771,0.025208119999995424
0.07476000000000001,0.025208959999996894,0.029647160000006143,0.04790332000000185
0.07477,0.03797072000000558,0.026467080000005347,0.027631879999994315
0.07478,0.023915120000011204,0.032517400000008446,0.029905959999989375
0.07479000000000001,0.03305076000001133,0.024454480000009503,0.03944939999999556
0.0748,0.023450280000011228,0.030427960000006922,0.042685520000007256
0.07481,0.02541536000000927,0.02246552000000772,0.02397816000000497
0.07482000000000001,0.04367891999999738,0.020344080000006922,0.03245964000000082
0.07483000000000001,0.028061799999994034,0.02854176000000671,0.024137640000000224
0.07484,0.03786411999999508,0.035486960000000026,0.046589639999994485
0.07485,0.031494560000007096,0.01422980000000687,0.024490080000006083
0.07486000000000001,0.0362250800000019,0.030323680000005303,0.029928080000005648
0.07487,0.020623399999993495,0.04012120000000085,0.026977679999997138
0.07488,0.03380859999999336,0.037453080000007244,0.03796856000000173
0.07489000000000001,0.0289276399999998,0.029056359999990646,0.03240328000000405
0.07490000000000001,0.025470159999999322,0.01268844000000113,0.03258183999999657
0.07491,0.013903040000001097,0.0310635200000079,0.02738827999999541
0.07492,0.0322794400000117,0.021467360000007638,0.027731319999999886
0.07493000000000001,0.025904959999993208,0.028243439999993774,0.025270800000001356
0.07494,0.028954920000006285,0.026975719999994166,0.03175735999999417
0.07495,0.02899471999999679,0.035279000000000366,0.023198840000001043
0.07496000000000001,0.03266396000000165,0.03731607999999579,0.016350840000003957
0.07497000000000001,0.04070595999999161,0.05093907999999565,0.033220840000001264
0.07498,0.029303160000001358,0.04519196000000146,0.029344480000001436
0.07499,0.016742160000005817,0.028268679999990085,0.03909323999999743
0.07500000000000001,0.02092152000000033,0.024665479999989567,0.03275879999999696
0.07501000000000001,0.025825360000001008,0.025006160000000745,0.034560520000002
0.07502,0.03589072000000179,0.027179359999994008,0.021623920000011138
0.07503,0.02137295999999504,0.04743324000000242,0.03378880000000611
0.07504000000000001,0.030403239999999825,0.014593839999995027,0.02414251999999791
0.07505,0.041162079999996756,0.014984040000011255,0.028350839999994153
0.07506,0.03500879999999508,0.02422051999999868,0.023989040000000385
0.07507000000000001,0.042626159999995854,0.03013423999999669,0.025270760000006654
0.07508000000000001,0.02331496000000546,0.03433992000000639,0.019799080000005093
0.07509,0.03398195999999387,0.01620311999998939,0.03022279999999372
0.0751,0.04176803999999018,0.029838079999993994,0.03929283999999622
0.07511000000000001,0.020058439999995705,0.014463920000001126,0.0242620399999898
0.07512,0.023951119999996297,0.02083687999999935,0.03773179999999485
0.07513,0.03011411999999948,0.023449959999995697,0.034452680000006716
0.07514000000000001,0.03522039999999987,0.019662199999994565,0.02790500000000178
0.07515000000000001,0.019740679999993852,0.0327090399999998,0.03262559999999697
0.07516,0.045718039999999766,0.0374238800000066,0.03556243999999438
0.07517,0.018418839999999406,0.02751132000000621,0.011715519999995523
0.07518000000000001,0.031203439999995475,0.029967760000004465,0.02584648000001183
0.07519,0.02664027999999421,0.03705316000000718,0.024688600000008047
0.0752,0.029347600000004415,0.014561440000011689,0.02000387999999899
0.07521000000000001,0.022472080000000717,0.029508479999998827,0.030368799999994662
0.07522000000000001,0.029147200000006996,0.029001160000007044,0.03054816000000173
0.07523,0.030126079999995743,0.03826968000000057,0.03260572000000257
0.07524,0.01806851999999471,0.03880312000000296,0.02461227999999914
0.07525000000000001,0.029958880000008258,0.055582880000005594,0.02041083999999598
0.07526000000000001,0.035887639999997716,0.030171480000005278,0.03144131999999655
0.07527,0.034099560000000334,0.04333792000000006,0.025139359999999382
0.07528,0.0284027599999897,0.03757008000000516,0.02262268000000648
0.07529000000000001,0.02507292000000414,0.02519164000000026,0.028355320000006817
0.0753,0.03682135999999675,0.01914535999999637,0.03443040000000089
0.07531,0.027258920000005345,0.029314960000005642,0.0422134400000085
0.07532000000000001,0.03602332000000576,0.04035583999999524,0.03245575999999625
0.07533000000000001,0.02884380000000566,0.03849119999999753,0.050492560000000554
0.07534,0.02955148000001069,0.02946808000000032,0.041257640000000706
0.07535,0.027634400000006044,0.0393219999999998,0.026446079999994723
0.07536000000000001,0.031807119999995886,0.03036255999999991,0.021286160000000758
0.07537,0.03764267999999566,0.024648239999993854,0.017912960000000613
0.07538,0.037393400000002915,0.04078808000000174,0.03127131999999613
0.07539000000000001,0.022844079999991926,0.03290403999999556,0.03200752000000541
0.07540000000000001,0.014315479999994735,0.03363131999999619,0.04109196000000535
0.07541,0.027370280000006166,0.029066520000011524,0.018805799999994533
0.07542,0.030656159999995884,0.032942319999999546,0.015203840000006928
0.07543000000000001,0.025030040000005825,0.022747120000011355,0.015026760000000165
0.07544000000000001,0.022024479999995045,0.03229935999999473,0.026222520000001973
0.07545,0.03416408000000657,0.0353896400000048,0.047524119999997574
0.07546,0.018374879999999538,0.03545828000000557,0.03130528000000125
0.07547000000000001,0.042137520000008234,0.034805480000006626,0.035863400000001065
0.07548,0.02226112000000658,0.01892875999999916,0.024420840000000953
0.07549,0.02494595999999309,0.029464720000005305,0.0354860800000048
0.07550000000000001,0.02370127999999956,0.032014640000001024,0.025731120000003695
0.07551000000000001,0.029188359999996066,0.032030120000007094,0.03405240000000694
0.07552,0.035901319999996996,0.028300240000007686,0.03684596000000654
0.07553,0.027946040000000446,0.027719080000000628,0.0340007600000068
0.07554000000000001,0.03014400000000089,0.040447320000001445,0.030716720000011476
0.07555,0.031023319999995677,0.027600760000000425,0.029229280000004583
0.07556,0.024878719999994584,0.03258975999999579,0.033034560000001476
0.07557000000000001,0.020507360000001626,0.02441083999999572,0.01870420000000493
0.07558000000000001,0.02531168000000581,0.02713235999999521,0.024490160000006606
0.07559,0.017152639999993648,0.026579600000001067,0.013904479999992902
0.0756,0.032605520000002074,0.023542679999996426,0.029207640000006176
0.07561000000000001,0.037618840000000195,0.030481320000000103,0.030192920000007558
0.07562,0.027211840000004775,0.02521964000000568,0.023360600000007236
0.07563,0.03426472000000556,0.020739559999997475,0.05145924000000709
0.07564000000000001,0.03640632000000096,0.02811240000000492,0.04218440000000626
0.07565000000000001,0.04410120000000212,0.017234959999995737,0.019240200000005453
0.07566,0.04382228000001152,0.020796000000006216,0.027523360000002182
0.07567,0.0329095600000021,0.026359479999995376,0.02432491999999689
0.07568000000000001,0.04186020000000483,0.032706320000007866,0.017845719999994545
0.07569000000000001,0.03410288000000607,0.017347800000007733,0.033467320000005504
0.0757,0.025760919999995992,0.020276679999999492,0.023082959999996294
0.07571,0.023914880000004593,0.031192600000006378,0.02942507999999981
0.07572000000000001,0.03516315999999597,0.025931399999999837,0.031882240000001776
0.07573,0.04564623999999646,0.04365244000000601,0.02912952000000131
0.07574,0.03310303999999977,0.014968120000006137,0.04055496000000663
0.07575000000000001,0.025486040000006864,0.023043319999998667,0.04350832000000623
0.07576000000000001,0.022035719999999842,0.03317779999999646,0.02354919999999466
0.07577,0.02335480000000022,0.024624879999994884,0.04018116000000718
0.07578,0.03484303999999428,0.024424600000001257,0.02689383999999473
0.07579000000000001,0.024084319999998646,0.024854439999990433,0.03380560000000674
0.0758,0.03987983999999509,0.023390399999996148,0.021545520000005265
0.07581,0.02995915999999356,0.02588767999999749,0.018828479999999908
0.07582000000000001,0.02461560000000394,0.04123068000000648,0.03745367999999484
0.07583000000000001,0.021830280000006252,0.036705480000000845,0.0343748799999998
0.07584,0.025917480000011137,0.039927720000008105,0.01849651999999542
0.07585,0.022033239999998955,0.017983959999999667,0.03678715999999657
0.07586000000000001,0.034610560000000436,0.03622664000000595,0.031031960000007245
0.07587,0.03627224000000166,0.021154439999999847,0.023348279999997033
0.07588,0.038087359999996726,0.027278960000005625,0.04605195999999798
0.07589000000000001,0.02557827999999573,0.03353060000001122,0.018545119999994638
0.07590000000000001,0.032489680000006,0.028759199999993327,0.029923720000002388
0.07591,0.039639599999995785,0.03832956000000582,0.028952839999994668
0.07592,0.0379377999999961,0.03881184000000568,0.032854639999989804
0.07593000000000001,0.03368352000000705,0.03195915999999649,0.027274999999997093
0.07594000000000001,0.027918439999990097,0.028266919999995855,0.024993999999994392
0.07595,0.03682072000000023,0.0346058800000003,0.026869120000011626
0.07596,0.026355599999994227,0.0327696400000104,0.04485748000000514
0.07597000000000001,0.03030831999999024,0.025721279999995027,0.050272200000001925
0.07598,0.031233759999995073,0.013394559999993129,0.0335071199999953
0.07599,0.02678708000000796,0.02085932000000641,0.026271719999994874
0.07600000000000001,0.022277279999994792,0.01965244000000469,0.02579720000000671
0.07601000000000001,0.029261840000000032,0.037415880000007395,0.026381400000000856
0.07602,0.02518004000000483,0.03453292000001168,0.03867623999999584
0.07603,0.026518760000001723,0.017189080000000332,0.04270307999999422
0.07604000000000001,0.02695416000000598,0.02918903999999899,0.03439080000000612
0.07605,0.025270719999989102,0.02867652000000559,0.03383760000000134
0.07606,0.0179449599999897,0.026761800000004523,0.026876999999995484
0.07607000000000001,0.030911240000005388,0.046959880000011965,0.03618143999999663
0.07608000000000001,0.02945803999999573,0.0312787200000003,0.042641159999996
0.07609,0.043884600000001134,0.03183832000001158,0.029379639999993244
0.0761,0.025000400000000964,0.027125760000000432,0.04023004000000626
0.07611000000000001,0.03730003999999136,0.024699080000001445,0.029929000000006444
0.07612000000000001,0.03514088000000028,0.05365664000000347,0.03608027999999584
0.07613,0.02315915999999586,0.0524908400000035,0.029440399999995197
0.07614,0.026064680000005634,0.025455920000002612,0.026696600000000494
0.07615000000000001,0.024527800000000367,0.03271983999999171,0.02150663999999345
0.07616,0.01972388000001047,0.023842960000007355,0.02364480000000435
0.07617,0.023496600000000263,0.02274095999999738,0.018385039999995408
0.07618000000000001,0.02142603999999854,0.03410488000000141,0.029149520000006687
0.07619000000000001,0.03616400000000623,0.03348288000000523,0.04387947999999791
0.0762,0.03350720000000251,0.03324376000000551,0.03729608000000808
0.07621,0.032140439999996155,0.03186615999999471,0.028182840000009767
0.07622000000000001,0.022553520000004348,0.013205480000005789,0.02077775999999451
0.07623,0.02679452000000985,0.030444720000007308,0.03299207999999979
0.07624,0.03204616000000434,0.028585440000001582,0.028719360000000905
0.07625000000000001,0.01799456000000454,0.03252652000000574,0.019853559999994927
0.07626000000000001,0.03359456000000499,0.043294560000006595,0.03446488000000432
0.07627,0.027968280000002,0.033400320000002356,0.034151240000011775
0.07628,0.04129287999999443,0.0164037599999986,0.030230800000000748
0.07629000000000001,0.03148343999999387,0.03170088000000018,0.03346423999999484
0.0763,0.019670400000000737,0.031190520000003767,0.03199579999999676
0.07631,0.02196416000000461,0.023572240000006673,0.024792800000007133
0.07632000000000001,0.02430663999999486,0.025274480000001265,0.025606479999996313
0.07633000000000001,0.023235359999999393,0.03360292000000068,0.019880000000004807
0.07634,0.021875640000007544,0.03381876000000776,0.02846659999999682
0.07635,0.031226400000006434,0.017370679999999913,0.03793051999999642
0.07636000000000001,0.028065639999994906,0.036371359999996924,0.0251865600000065
0.07637000000000001,0.037448680000007034,0.015759960000006408,0.02936592000001172
0.07638,0.03293484000000483,0.043375800000001186,0.02473672000000552
0.07639,0.023082279999999948,0.038943799999993256,0.031294959999995514
0.07640000000000001,0.03998092000000721,0.0269358400000058,0.04285612000000143
0.07641,0.035428320000002574,0.023084679999994227,0.02942708000001182
0.07642,0.012704320000003317,0.01915899999999375,0.043388759999999874
0.07643000000000001,0.028875879999998806,0.024880400000001697,0.03947807999999953
0.07644000000000001,0.022189519999995636,0.03214415999999633,0.02455376000001175
0.07645,0.03812455999998933,0.042441639999995645,0.03383404000000621
0.07646,0.023476559999995095,0.03570332000000184,0.02833235999999504
0.07647000000000001,0.031052040000005374,0.021609279999989763,0.03511559999999594
0.07648,0.026670279999994398,0.02086652000000147,0.03527320000000108
0.07649,0.03139087999999964,0.03386540000000227,0.02727344000000484
0.07650000000000001,0.02831451999999975,0.04063408000000172,0.0477719200000054
0.07651000000000001,0.03875396000000018,0.027077199999996672,0.03505300000000024
0.07652,0.02075084000000395,0.036249200000001355,0.03614984000000804
0.07653,0.028127599999999694,0.036078799999995415,0.028396640000010052
0.07654000000000001,0.02568920000000516,0.034884319999998914,0.023780960000006436
0.07655,0.02317444000000492,0.03524500000000067,0.027490680000001568
0.07656,0.026874560000011823,0.041879800000006684,0.025134560000005402
0.07657000000000001,0.0319318800000003,0.030329240000006752,0.028809400000006466
0.07658000000000001,0.03687316000000639,0.050342800000007494,0.021978640000007897
0.07659,0.038489200000005004,0.0201086400000052,0.015684080000001613
0.0766,0.02980584000000597,0.03372440000000503,0.02176955999999606
0.07661000000000001,0.031434080000000766,0.03861916000000555,0.0284981199999942
0.07662000000000001,0.030906000000004978,0.036665959999994675,0.038024959999995514
0.07663,0.04434859999999422,0.04015116000000534,0.01521443999999486
0.07664,0.03627335999999972,0.026584840000011243,0.028173239999994024
0.07665000000000001,0.03555868000000009,0.03316687999999361,0.027804879999989107
0.07666,0.02812508000000941,0.010943560000003641,0.032210959999996874
0.07667,0.034376040000008504,0.04490171999999729,0.026198439999995153
0.07668000000000001,0.021591439999999518,0.03489228000000641,0.04469351999999443
0.07669000000000001,0.03528920000000468,0.04052204000000066,0.031074919999993855
0.0767,0.02562988000000572,0.042534640000006015,0.01838391999998915
0.07671,0.03128920000000472,0.03625752000000689,0.021945919999989134
0.07672000000000001,0.030095160000010238,0.026588520000011336,0.04498192000000241
0.07673,0.03079508000000039,0.019477880000004385,0.01949716000000092
0.07674,0.03966008000001192,0.026127080000004632,0.01641056000000095
0.07675000000000001,0.02571052000000754,0.0349784400000047,0.028599999999999924
0.07676000000000001,0.017047840000004512,0.035050119999996056,0.0360294400000105
0.07677,0.014447200000000408,0.036726600000006215,0.030358040000001155
0.07678,0.021970159999999163,0.022065480000002007,0.023227680000011353
0.07679000000000001,0.020351720000004198,0.03726620000001213,0.029313759999999637
0.07680000000000001,0.025527960000001043,0.03956132000000582,0.02851399999999759
0.07681,0.030780439999996113,0.030252440000007784,0.03253475999999688
0.07682,0.030019479999989346,0.02512739999999454,0.034445559999999986
0.07683000000000001,0.019748559999995197,0.033933360000000794,0.03497704000000172
0.07684,0.026753999999991188,0.029580080000011638,0.026529760000007424
0.07685,0.025740679999994617,0.033999799999999906,0.020376159999990467
0.07686000000000001,0.02276556000000416,0.05047316000000734,0.029880560000000635
0.07687000000000001,0.040762479999994494,0.027107160000005317,0.03297432000000096
0.07688,0.02176860000000093,0.02214628000000525,0.026980760000000437
0.07689,0.03296144000001187,0.024683439999994394,0.027048280000006784
0.07690000000000001,0.0331606800000007,0.03215436000000209,0.032510200000006304
0.07691,0.033344640000007225,0.024272679999996053,0.03736768000000665
0.07692,0.025763560000011752,0.031082200000001586,0.03333364000000043
0.07693000000000001,0.020846680000005762,0.022907159999996193,0.023062800000005275
0.07694000000000001,0.027970159999999692,0.02384331999999887,0.03450044000000663
0.07695,0.043650320000000825,0.02896632000000102,0.03064444000000552
0.07696,0.04282436000000802,0.023710799999999355,0.03697488000000521
0.07697000000000001,0.033364240000006526,0.034818720000001246,0.03422956000000587
0.07698,0.024667040000003977,0.021089840000001327,0.037192919999995834
0.07699,0.04265772000000034,0.0186411599999934,0.04072980000000193
0.07700000000000001,0.0393332000000054,0.016749240000011323,0.04150016000000615
0.07701000000000001,0.030686000000005875,0.04334447999999961,0.04661435999999588
0.07702,0.03174831999999747,0.02191208000000117,0.0313390000000053
0.07703,0.019703399999994358,0.030765199999991107,0.03181607999999552
0.07704000000000001,0.02313647999999629,0.030105199999989868,0.049575519999996445
0.07705000000000001,0.02714132000000016,0.036204839999989434,0.028863759999995086
0.07706,0.021166039999989172,0.03934235999999673,0.05950108000000201
0.07707,0.04233199999999016,0.025686759999991367,0.020226760000000402
0.07708000000000001,0.0481659599999981,0.021156200000007227,0.03814156000000739
0.07709,0.020618639999994335,0.02670547999999676,0.02470420000000788
0.0771,0.04060616000000117,0.026307359999998954,0.024755400000005073
0.07711000000000001,0.025506879999999697,0.03996208000000587,0.024161999999995295
0.07712000000000001,0.02206659999999684,0.03984608000000649,0.023308080000006493
0.07713,0.03252463999999765,0.024672880000004716,0.02729184000000652
0.07714,0.028875440000000346,0.026371359999994588,0.021788680000006656
0.07715000000000001,0.025508600000011202,0.02797072000000529,0.037561840000006494
0.07716,0.032003400000006836,0.031679680000005817,0.03349447999999564
0.07717,0.030190800000006648,0.026893000000010124,0.03988908000001089
0.07718000000000001,0.0315081600000065,0.03488992000000002,0.043728360000010916
0.07719000000000001,0.0384346400000084,0.03163163999998905,0.025064840000006552
0.0772,0.018071920000007218,0.02821279999999702,0.025625600000006674
0.07721,0.046737439999998326,0.03298928000000058,0.020140680000010413
0.07722000000000001,0.03537883999999749,0.030577079999989373,0.01760280000000391
0.07723000000000001,0.02726875999999704,0.02054527999999041,0.020185880000010887
0.07724,0.05394820000000121,0.024924559999994243,0.03217600000000552
0.07725000000000001,0.031385999999993974,0.019717439999993893,0.030985359999994837
0.07726000000000001,0.04305979999999989,0.02599359999999985,0.03202332000000601
0.07727,0.028309279999995562,0.02832944000000815,0.027652240000003978
0.07728,0.023638839999998416,0.036369120000001524,0.01795395999999891
0.07729000000000001,0.04374348000000873,0.033187399999993594,0.02314831999999496
0.07730000000000001,0.023717719999993517,0.03622091999998915,0.03753404000000095
0.07731,0.04640076000000767,0.0297096000000003,0.019694000000004822
0.07732,0.03708215999999518,0.02726923999999043,0.0288506400000046
0.07733000000000001,0.03696059999999362,0.01853491999999719,0.020023320000006
0.07734,0.037384080000006314,0.02761040000000016,0.019984440000010872
0.07735,0.03320808000000143,0.028309959999996203,0.03130612000000636
0.07736000000000001,0.0252980000000111,0.03780499999999438,0.033141360000009626
0.07737000000000001,0.027086920000001194,0.04369224000000085,0.024300880000007578
0.07738,0.029555119999996056,0.022144719999997533,0.015331799999994223
0.07739,0.026958800000000123,0.024878999999999915,0.03208027999999373
0.07740000000000001,0.024978159999999493,0.027688399999989743,0.019965039999993977
0.07741,0.0394928400000021,0.025747159999990554,0.02958763999999534
0.07742,0.023135960000007158,0.02398767999999509,0.026831359999993785
0.07743000000000001,0.040247600000001015,0.021726040000002365,0.03987067999999439
0.07744000000000001,0.04048360000000195,0.016766079999997113,0.0245707600000011
0.07745,0.024849079999995076,0.048583439999999985,0.025685639999996873
0.07746,0.02270303999999948,0.04250800000001182,0.02529831999999774
0.07747000000000001,0.02626996000000016,0.04335828000000755,0.03171179999999561
0.07748000000000001,0.02985868000001087,0.03419780000000129,0.03567135999999073
0.07749,0.025115920000003872,0.02526607999999964,0.03825831999999607
0.0775,0.024346960000010385,0.02136584000000388,0.016683679999989383
0.07751000000000001,0.025984520000011585,0.031014000000006616,0.04350351999999419
0.07752,0.027353960000000434,0.01068552000000869,0.02081395999999487
0.07753,0.03300468000000014,0.036079760000011535,0.027385320000000615
0.07754000000000001,0.025119320000000965,0.012143839999999524,0.03025776000000571
0.07755000000000001,0.019758240000004024,0.03495248000000162,0.04650508000000454
0.07756,0.031909279999993836,0.030920800000003947,0.026003359999996974
0.07757,0.018282479999995147,0.038284680000007974,0.04253344000000782
0.07758000000000001,0.028964040000011827,0.04889944000000218,0.013035400000003267
0.07759,0.026390400000011863,0.03065128000000044,0.021239120000000174
0.0776,0.03171072000000452,0.02603204000000752,0.02253831999999408
0.07761000000000001,0.03236448000000416,0.027820200000006217,0.02982895999999598
0.07762000000000001,0.03025896000000671,0.04262987999999677,0.03479971999999384
0.07763,0.0289267200000067,0.02563608000000015,0.03762811999999397
0.07764,0.048170200000011945,0.02352712000000058,0.04076772000000461
0.07765000000000001,0.034475960000002054,0.03641039999998999,0.02606084000000481
0.07766,0.01921176000000632,0.0450840399999946,0.0473992400000071
0.07767,0.04326976000000777,0.03310123999999395,0.05022712000000728
0.07768000000000001,0.025767239999995944,0.04519971999999411,0.03601292000000522
0.07769000000000001,0.0382587600000001,0.029070759999988958,0.01566987999999648
0.0777,0.0350901600000052,0.02071591999999494,0.02408192000000202
0.07771,0.017961120000000573,0.01967083999999574,0.019303760000000968
0.07772000000000001,0.027752879999989565,0.036521799999994616,0.016044999999999938
0.07773000000000001,0.027669639999998594,0.028420919999993112,0.03460611999999436
0.07774,0.03501011999999956,0.025981959999993955,0.025679960000001823
0.07775,0.015088400000003922,0.03645628000000602,0.03391232000001179
0.07776000000000001,0.018926799999997527,0.04347264000000238,0.01665132000000701
0.07777,0.03103843999999509,0.017099880000003207,0.03388671999999664
0.07778,0.027078359999996877,0.03555868000000103,0.015720640000005056
0.07779000000000001,0.03631399999999561,0.04761132000000068,0.03042424000000668
0.07780000000000001,0.0481380399999953,0.02918387999999483,0.025976920000000465
0.07781,0.03811223999998933,0.03629059999999319,0.03548327999998926
0.07782,0.030365120000006362,0.023428640000000753,0.017565199999999802
0.07783000000000001,0.033559919999995816,0.02103268000000071,0.03174816000000188
0.07784,0.02649904000000754,0.04213088000000175,0.02930339999999486
0.07785,0.029391879999994774,0.02107431999999415,0.03890696000000695
0.07786000000000001,0.0408723599999956,0.03146036000000814,0.03475088000000093
0.07787000000000001,0.03310543999999516,0.03689948000000802,0.03942756000000704
0.07788,0.016604559999993898,0.01925548000000073,0.024626600000001716
0.07789,0.02650244000000385,0.033209760000000706,0.022661639999994734
0.07790000000000001,0.028886960000001266,0.030547640000007148,0.01706423999999459
0.07791000000000001,0.01532332000000737,0.030784040000002205,0.045190960000008815
0.07792,0.02682724000000076,0.029888479999993466,0.01808696000000084
0.07793000000000001,0.03259292000000596,0.03645327999999423,0.013685880000000995
0.07794000000000001,0.040694000000008765,0.02273447999998976,0.023165399999999257
0.07795,0.04301744000000039,0.024598999999999458,0.020115519999996324
0.07796,0.01498096000000622,0.023240160000011376,0.031703599999994815
0.07797000000000001,0.021179879999989236,0.033314720000009596,0.017105479999994497
0.07798000000000001,0.02342839999999631,0.04568972000000727,0.025465520000011455
0.07799,0.031964679999999274,0.037341960000011595,0.021720880000011683
0.078,0.03769668000001125,0.05674984000000864,0.03066388000000129
0.07801000000000001,0.030225600000010497,0.046794760000007096,0.05920888000000245
0.07802,0.045687199999995355,0.027700719999995342,0.03371415999999455
0.07803,0.02429179999999228,0.021673320000005,0.04080443999999752
0.07804000000000001,0.041718760000002485,0.027276079999996625,0.03348648000000071
0.07805000000000001,0.02006976000000722,0.02929804000000713,0.032024080000009655
0.07806,0.017969159999993767,0.030067080000005575,0.02794480000000095
0.07807,0.0340676000000006,0.03084236000000089,0.028711200000007396
0.07808000000000001,0.04452375999999916,0.03354400000000146,0.03057463999999436
0.07809,0.016814600000000457,0.020601200000005454,0.015924479999994058
0.0781,0.025116920000004702,0.025740800000011062,0.050901640000001976
0.07811000000000001,0.023492199999999235,0.031168039999999602,0.03338080000000638
0.07812000000000001,0.030309239999995307,0.022268120000000127,0.030757960000002117
0.07813,0.038914760000004926,0.02320659999999415,0.017696120000005228
0.07814,0.024747120000011273,0.02508091999999733,0.023909840000011715
0.07815000000000001,0.03284288000000696,0.030390759999995933,0.039463720000006385
0.07816000000000001,0.02696243999999507,0.03786671999999528,0.016519719999994797
0.07817,0.027275919999993473,0.04385556000000579,0.02476351999998947
0.07818,0.021843319999995302,0.032817800000006496,0.03023388000000487
0.07819000000000001,0.02191804000000633,0.039648399999995525,0.03387328000000444
0.0782,0.031015200000002068,0.0382253599999955,0.029093320000009797
0.07821,0.020843839999996183,0.03880944000000667,0.04965224000000453
0.07822000000000001,0.03428072000000168,0.037364640000006034,0.029236160000006322
0.07823000000000001,0.026004199999999016,0.04735471999999651,0.023368680000004787
0.07824,0.024131120000006473,0.044152519999996344,0.025801080000007047
0.07825,0.03910491999999994,0.04304563999999586,0.03542444000000043
0.07826000000000001,0.032542040000006225,0.04017239999999957,0.023688040000001218
0.07827,0.034503479999999684,0.02788976000000975,0.025131600000006343
0.07828,0.027810159999999754,0.023762880000001582,0.029872879999994627
0.07829000000000001,0.016644400000006346,0.05398336000000026,0.03581663999999643
0.07830000000000001,0.01872980000000064,0.022782600000004594,0.03234707999999003
0.07831,0.03130403999999699,0.029498320000007537,0.043869680000001035
0.07832,0.029249240000001973,0.031897359999997696,0.03853168000000089
0.07833000000000001,0.03522872000000815,0.02142504000000145,0.031597200000005
0.07834,0.023813319999997678,0.016792119999995657,0.022794760000006072
0.07835,0.034544959999994275,0.02593031999999971,0.025661480000006443
0.07836000000000001,0.02382756000000683,0.01971044000000755,0.05121024000000129
0.07837000000000001,0.02789172000000663,0.02912400000000187,0.038091719999996006
0.07838,0.023189200000001704,0.03405276000001171,0.04149323999999785
0.07839,0.0357322399999951,0.030581160000008045,0.02797571999999587
0.07840000000000001,0.020944519999999175,0.01635487999999429,0.03128660000000538
0.07841000000000001,0.034757720000006466,0.01917228000000652,0.019220639999994755
0.07842,0.036102800000007644,0.025068519999993932,0.02396776000000454
0.07843,0.01849756000001051,0.02763008000000416,0.028668040000002382
0.07844000000000001,0.02771480000000139,0.017137320000004203,0.03729143999999676
0.07845,0.03266712000000184,0.014599200000005332,0.0104960399999888
0.07846,0.033164000000007056,0.03383840000000717,0.029803720000000384
0.07847000000000001,0.051794400000007394,0.021379240000006492,0.033129280000006596
0.07848000000000001,0.024207600000006248,0.02766179999999366,0.024964440000006152
0.07849,0.043037680000001056,0.015371960000004525,0.024027520000006304
0.0785,0.031539079999995834,0.014863920000001236,0.038847199999998715
0.07851000000000001,0.02070016000000516,0.03832976000000111,0.03269756000000593
0.07852,0.02306336000000634,0.024856920000005132,0.029798760000006478
0.07853,0.034593119999989416,0.03912144000000244,0.034685359999994496
0.07854000000000001,0.045201879999996385,0.039144040000007804,0.032278639999999865
0.07855000000000001,0.024594999999989212,0.043384960000007015,0.029997320000006312
0.07856,0.028038280000005165,0.03409228000000682,0.02578571999999482
0.07857,0.03452296000000122,0.03328696000000125,0.02612296000000034
0.07858000000000001,0.01663459999999624,0.0336261200000016,0.04013019999999491
0.07859000000000001,0.045415760000004905,0.023045040000000974,0.027903519999996095
0.0786,0.04270459999999706,0.028741840000001094,0.02856099999999667
0.07861000000000001,0.042447080000005584,0.02324128000000048,0.02596815999998951
0.07862000000000001,0.040166000000000666,0.022456560000005395,0.04861127999999515
0.07863,0.021474359999990835,0.02579824000000128,0.028106960000006686
0.07864,0.03324856000000605,0.024464039999994584,0.03338827999999532
0.07865000000000001,0.03189420000000436,0.0134917200000044,0.03533356000000226
0.07866000000000001,0.03970860000000662,0.020549560000005112,0.03827311999999713
0.07867,0.02122752000001043,0.029863520000001514,0.03659368000000282
0.07868,0.04220976000000177,0.016996360000001594,0.01923647999999035
0.07869000000000001,0.02401524000001132,0.03332504000000505,0.04924284000000231
0.0787,0.03694560000000845,0.022388240000011755,0.03844767999999351
0.07871,0.015492240000009289,0.032731959999995244,0.02204872000000643
0.07872000000000001,0.03227136000000019,0.0233545999999947,0.020976040000005344
0.07873000000000001,0.026975000000000006,0.03446767999999698,0.02763280000000569
0.07874,0.048850039999999345,0.024699359999994397,0.02948963999999938
0.07875,0.03185651999999572,0.02533943999999946,0.019561800000003293
0.07876000000000001,0.030396519999989706,0.028995479999993905,0.029778600000005852
0.07877,0.03555796000000496,0.030601679999999375,0.03888444000000205
0.07878,0.03166091999998983,0.041663160000009164,0.020903839999993293
0.07879000000000001,0.036870399999989735,0.035112560000008376,0.03346431999999682
0.07880000000000001,0.01823311999998949,0.024475560000004826,0.0396416399999968
0.07881,0.023656880000006042,0.03339219999999917,0.029475239999997696
0.07882,0.025842479999997274,0.024657960000001186,0.03693888000000164
0.07883000000000001,0.021089760000004558,0.03700564000000492,0.03972764000000084
0.07884000000000001,0.015568200000006124,0.031946520000000346,0.020702840000011026
0.07885,0.024307120000002014,0.0271593599999976,0.03149824000000765
0.07886,0.014223519999989293,0.045937600000000973,0.02708864000000071
0.07887000000000001,0.024967199999995953,0.04036519999999155,0.028519999999999504
0.07888,0.033136599999994985,0.033693119999995635,0.02097823999999624
0.07889,0.03273823999999554,0.040842720000006515,0.03233867999999686
0.07890000000000001,0.019476320000001754,0.03969408000000109,0.03346723999999396
0.07891000000000001,0.04983571999999441,0.027332920000011644,0.03505187999998986
0.07892,0.04326559999999607,0.0268699200000013,0.02796607999999809
0.07893,0.023142199999994492,0.03582820000000748,0.025332279999994583
0.07894000000000001,0.038944039999995475,0.03093504000001167,0.0334618399999996
0.07895,0.029665599999995285,0.024474599999995475,0.03265496000000041
0.07896,0.01784444000000713,0.04930555999999482,0.04511456000000071
0.07897000000000001,0.02996327999999455,0.04275024000000296,0.03399219999999393
0.07898000000000001,0.04044360000000117,0.03415599999999069,0.028065599999999895
0.07899,0.014666239999994871,0.03188851999999969,0.026865160000004756
0.079,0.021221920000000644,0.03819087999999552,0.01726524000000127
0.07901000000000001,0.045788200000007225,0.034012839999995624,0.0211680800000066
0.07902,0.027897560000005386,0.025468080000000143,0.04508848000000055
0.07903,0.027063360000000605,0.015745640000005792,0.030089800000002023
0.07904000000000001,0.03308788000000279,0.031133599999995046,0.037811720000005
0.07905000000000001,0.0303146400000066,0.037637439999995526,0.036825080000011896
0.07906,0.03924719999999447,0.0566661199999952,0.04802720000001203
0.07907,0.029209919999995036,0.02524920000000121,0.016949680000001716
0.07908000000000001,0.032490479999994964,0.02382596000001143,0.027606479999999673
0.07909000000000001,0.026933480000005873,0.0351725600000014,0.02394655999999486
0.0791,0.024135879999994284,0.03067336000000483,0.028349640000005682
0.07911,0.03740067999999508,0.027663479999993103,0.023549640000005204
0.07912000000000001,0.03419187999999472,0.03098808000001151,0.029338239999995318
0.07913,0.023018599999996572,0.04131096000000131,0.03515664000000177
0.07914,0.036911719999994826,0.024993960000005918,0.04058643999999741
0.07915000000000001,0.026390920000000744,0.02975792000000536,0.02740607999999399
0.07916000000000001,0.04251304000000875,0.015793600000000893,0.03760124000000732
0.07917,0.040083000000006044,0.03462440000000072,0.03963180000000711
0.07918,0.025709080000005893,0.06227844000000217,0.03854756000000211
0.07919000000000001,0.02656932000000114,0.036995520000005735,0.028154920000006065
0.0792,0.03125123999999467,0.028187599999995955,0.03059320000000142
0.07921,0.04049027999999441,0.037400000000000606,0.038555080000001775
0.07922000000000001,0.03154875999999551,0.025551800000005797,0.034253119999999346
0.07923000000000001,0.030056239999995772,0.035192079999993534,0.018376079999988967
0.07924,0.052952320000000726,0.02443764000000188,0.016929720000007253
0.07925,0.03578879999999401,0.029957080000000347,0.03146652000001139
0.07926000000000001,0.02054527999999036,0.0363092799999946,0.03206572000000168
0.07927000000000001,0.03314243999999921,0.031571280000001645,0.023288799999999728
0.07928,0.021584159999993333,0.034200239999997314,0.025614479999999596
0.07929000000000001,0.02768208000000195,0.032423279999993206,0.03048119999999651
0.07930000000000001,0.01793355999999993,0.04461667999999611,0.03751203999999505
0.07931,0.03917115999999891,0.04380964000000704,0.04575147999999686
0.07932,0.0398711999999958,0.03978583999999555,0.041418280000006934
0.07933000000000001,0.051169559999995715,0.04098367999999495,0.03326683999999063
0.07934000000000001,0.0368128399999959,0.034542440000000535,0.036713719999995786
0.07935,0.0190214799999922,0.03519748000000022,0.026891800000004507
0.07936,0.024294600000000652,0.044555079999990095,0.021828200000006837
0.07937000000000001,0.029267319999990642,0.02393227999999529,0.0276261599999896
0.07938,0.03201663999998979,0.04289448000000696,0.011643120000002158
0.07939,0.042337399999996146,0.019497199999995486,0.02028619999999934
0.07940000000000001,0.022894959999994947,0.024745680000011414,0.02465199999999526
0.07941000000000001,0.030071080000000992,0.03159168000000103,0.029436080000005117
0.07942,0.01908000000000466,0.023932199999993832,0.03327556000000464
0.07943,0.04648652000000482,0.028219319999999888,0.02500776000000985
0.07944000000000001,0.036159320000001195,0.04278167999999573,0.04033199999998981
0.07945,0.04044244000001192,0.02796116000000088,0.05063199999999663
0.07946,0.02168956000001128,0.04537936000000864,0.03382171999999575
0.07947000000000001,0.025708040000006704,0.038765439999994426,0.04318764000000004
0.07948000000000001,0.03475864000000198,0.030107240000000056,0.036144920000002315
0.07949,0.025478960000011805,0.021586919999998743,0.040746200000007705
0.0795,0.018383359999999394,0.015945119999995035,0.03269423999999979
0.07951000000000001,0.026951400000004854,0.028458399999995724,0.0327516799999951
0.07952000000000001,0.04184236000000237,0.03519391999998976,0.018073240000003533
0.07953,0.028601759999994363,0.024917800000001527,0.04407467999999543
0.07954,0.03688883999999001,0.016129160000001135,0.033485080000001305
0.07955000000000001,0.02363131999999972,0.029323520000007566,0.030046039999993945
0.07956,0.025518159999994034,0.019787560000000006,0.02471131999999708
0.07957,0.017935080000000065,0.028522000000000842,0.020327720000005437
0.07958000000000001,0.030087079999996585,0.03982612000000035,0.018857520000000953
0.07959000000000001,0.018474959999996363,0.0446234399999949,0.029192880000004993
0.0796,0.026245440000000793,0.021711400000005866,0.018053199999995304
0.07961,0.03576848000000584,0.036392640000001295,0.024770679999998674
0.07962000000000001,0.025785080000007368,0.019295160000009706,0.016928719999999602
0.07963,0.031274400000006114,0.0215302799999996,0.02792444000001177
0.07964,0.018735960000006352,0.023281920000001687,0.024276400000007695
0.07965000000000001,0.03244480000000694,0.028502919999994727,0.032072920000001046
0.07966000000000001,0.024194439999994384,0.031209079999994362,0.012978560000010327
0.07967,0.014665680000004615,0.02097391999999976,0.026556120000001064
0.07968,0.021465640000004716,0.028500400000006646,0.037006360000001806
0.07969000000000001,0.015801000000011563,0.028231920000005004,0.03860328000000065
0.07970000000000001,0.021207680000000423,0.032792879999995625,0.043048800000007936
0.07971,0.03528568000000085,0.03221707999999636,0.029720760000011573
0.07972000000000001,0.021806360000010454,0.034432000000008095,0.046369680000011876
0.07973000000000001,0.03468600000000081,0.026544680000000317,0.027144920000011563
0.07974,0.03673048000000166,0.02095400000000036,0.022163079999996543
0.07975,0.023538120000006765,0.030076639999995082,0.028786000000003545
0.07976000000000001,0.02143604000001089,0.04561040000000072,0.02752924000000001
0.07977000000000001,0.030029640000006998,0.020492879999989843,0.02745296000000581
0.07978,0.027166840000004244,0.029655040000001107,0.024065040000007854
0.07979,0.02403068000000548,0.020783599999994885,0.027758319999998476
0.07980000000000001,0.024930159999988974,0.015334519999995282,0.019228039999995155
0.07981,0.019314839999999393,0.03532251999998971,0.0545875999999965
0.07982,0.0416660400000025,0.019963319999994004,0.04238175999998941
0.07983000000000001,0.028282999999994073,0.02840200000000171,0.022707560000003447
0.07984000000000001,0.019729080000006203,0.030192239999994354,0.029336880000003666
0.07985,0.030972880000007703,0.026943680000006867,0.010092200000004898
0.07986,0.02696716000000733,0.01966827999999583,0.04524911999999946
0.07987000000000001,0.04293632000000842,0.02950660000000106,0.048958360000002164
0.07988,0.022105999999999012,0.04030668000000214,0.012770679999998293
0.07989,0.03289380000000106,0.02558203999999113,0.020292719999998588
0.07990000000000001,0.024424440000000443,0.025742679999993336,0.02071155999999553
0.07991000000000001,0.03374403999999547,0.018682319999993823,0.02030348000000131
0.07992,0.03850287999999554,0.026323919999995574,0.018641199999995334
0.07993,0.02866684000000533,0.041251959999997125,0.033745640000005746
0.07994000000000001,0.031184560000005013,0.0262428000000017,0.02741084000000981
0.07995000000000001,0.04859780000000206,0.029399880000008347,0.018537799999998102
0.07996,0.03344739999999348,0.023664359999999416,0.022581879999996245
0.07997000000000001,0.033549640000005466,0.03263055999999893,0.020402519999996812
0.07998000000000001,0.026369200000002695,0.040081800000006954,0.021441879999989505
0.07999,0.025364960000004384,0.02358595999999926,0.018479319999993683
0.08,0.017928079999995693,0.020514079999989776,0.038936120000002496
0.08001000000000001,0.025551640000004348,0.04276063999999996,0.02852672000000686
0.08002000000000001,0.03081024000000032,0.023817280000001065,0.03274240000000098
0.08003,0.032675519999995135,0.029070759999988677,0.03065631999999418
0.08004,0.029826560000000293,0.021170679999998134,0.0469559999999995
0.08005000000000001,0.024698920000001026,0.030611880000001975,0.033610439999990034
0.08006,0.034535440000006,0.016020360000009438,0.024769200000001282
0.08007,0.0148068000000088,0.02531936000000126,0.041881680000007186
0.08008000000000001,0.0258239599999996,0.03496743999999652,0.0458648800000065
0.08009000000000001,0.03686200000000247,0.020578959999993644,0.04412436000000626
0.0801,0.018702399999999397,0.028492959999994356,0.03506560000000165
0.08011,0.023632399999999096,0.026299199999994142,0.036600120000002075
0.08012000000000001,0.02326963999999909,0.035913720000000045,0.04583828000001161
0.08013,0.021805599999999047,0.01742943999999556,0.024638280000011274
0.08014,0.026069919999994546,0.02782075999999405,0.024717560000000277
0.08015000000000001,0.01830876000000029,0.031037279999996358,0.039989079999999455
0.08016000000000001,0.021491000000001707,0.02589032000000151,0.03925020000000528
0.08017,0.027130279999989623,0.028112279999996242,0.04892296000000109
0.08018,0.04077920000000259,0.026462519999996152,0.029706080000011684
0.08019000000000001,0.02256943999999562,0.02772691999998926,0.027814680000010666
0.08020000000000001,0.023213599999988982,0.03713703999999543,0.045962280000004734
0.08021,0.035527240000005574,0.029162240000006504,0.029878679999993444
0.08022,0.03205767999999666,0.024671160000010378,0.013951680000011197
0.08023000000000001,0.03066728000000037,0.026924400000005108,0.03547939999999606
0.08024,0.04039200000000118,0.04766748000000551,0.040524159999995486
0.08025,0.024863680000002185,0.03625140000000137,0.03796416000000526
0.08026000000000001,0.035201240000007177,0.027116679999996528,0.0274180399999992
0.08027000000000001,0.03254140000000489,0.023851359999995287,0.023788920000000005
0.08028,0.04166347999999403,0.025461840000002442,0.018707760000010714
0.08029,0.04180239999999467,0.022235240000007195,0.029906360000005353
0.08030000000000001,0.03684307999999653,0.013800240000001254,0.033567720000006344
0.08031,0.024733520000005803,0.03568300000000619,0.044528600000007204
0.08032,0.028648800000007458,0.03416935999999657,0.02915072000000427
0.08033000000000001,0.021939679999995704,0.0327816799999977,0.02462280000000641
0.08034000000000001,0.022631760000005545,0.023852439999995274,0.02564504000000232
0.08035,0.032528600000005,0.027580839999989767,0.032877920000000706
0.08036,0.019310000000010458,0.021397119999996706,0.02381152000000767
0.08037000000000001,0.03775183999999668,0.021243999999988918,0.02678403999999797
0.08038000000000001,0.03690024000000635,0.02608043999999422,0.02080895999999567
0.08039,0.028763960000000737,0.02855792000000512,0.030471520000001327
0.08040000000000001,0.04175356000000871,0.024399480000000296,0.021904880000006514
0.08041000000000001,0.018811280000011595,0.01879216000000121,0.05056763999999686
0.08042,0.02586184000000232,0.052324039999995776,0.04568919999999667
0.08043,0.045511119999999454,0.032433839999990145,0.052362560000001404
0.08044000000000001,0.01491531999999915,0.033458240000002706,0.03162248000000787
0.08045000000000001,0.02678712000000781,0.028515800000001885,0.044368520000005136
0.08046,0.02904524000000753,0.014260239999992957,0.015986960000004817
0.08047,0.03325760000000065,0.0173582000000061,0.029327240000006118
0.08048000000000001,0.02731804000000584,0.03190000000000198,0.04231324000000139
0.08049,0.029407800000001805,0.022392159999991577,0.02514652000000014
0.0805,0.024621239999996027,0.027738800000001045,0.026964040000011687
0.08051000000000001,0.03326508000000831,0.019290999999989664,0.026481920000001963
0.08052000000000001,0.023178760000000805,0.03220552000000446,0.018587639999995194
0.08053,0.03468384000000137,0.043313759999999916,0.029452920000005437
0.08054,0.03196655999999421,0.03946808000000087,0.019786280000005076
0.08055000000000001,0.027504480000003686,0.02444711999999373,0.030122920000000802
0.08056,0.01954847999999562,0.028452919999999986,0.023354719999995745
0.08057,0.039382320000006514,0.0403644400000009,0.02620227999999891
0.08058000000000001,0.03464248000000674,0.037400560000012004,0.023578000000004592
0.08059000000000001,0.0353416000000029,0.031238440000006865,0.030901000000005757
0.0806,0.019939240000010384,0.019914719999998543,0.03687200000000473
0.08061,0.03193128000000752,0.026352279999999933,0.03216503999999949
0.08062000000000001,0.03378128000000243,0.022529840000007635,0.012494960000006165
0.08063000000000001,0.026414000000005353,0.027849439999994268,0.02155536000000472
0.08064,0.03685512000000589,0.02001848000000578,0.029876559999995552
0.08065000000000001,0.03640648000000622,0.02283156000001048,0.028172200000001285
0.08066000000000001,0.035565800000005546,0.031710000000010403,0.04113136000000071
0.08067,0.03383564000000171,0.020170440000010344,0.024624000000001645
0.08068,0.016340360000000984,0.03123076000000573,0.04441076000000519
0.08069000000000001,0.03671964000001153,0.030822040000007465,0.040514480000006015
0.08070000000000001,0.016694959999998486,0.04458176000000209,0.03230800000000961
0.08071,0.03179655999999958,0.02953112000000643,0.028718800000004777
0.08072,0.017902399999989622,0.025540799999993223,0.03161963999999955
0.08073000000000001,0.023724639999997382,0.03125379999999465,0.026258240000002514
0.08074,0.01713563999998905,0.030713319999993556,0.028084440000000314
0.08075,0.026157400000005923,0.02607108000000468,0.01903783999998973
0.08076000000000001,0.02629140000001164,0.04810564000001198,0.02187055999999572
0.08077000000000001,0.03995776000000429,0.026331360000005723,0.024540839999996154
0.08078,0.023655199999993673,0.03357188000000501,0.03114116000001089
0.08079,0.037484199999995756,0.030860840000004438,0.03949000000001179
0.08080000000000001,0.019624999999994803,0.03424988000000527,0.03485432000000587
0.08081,0.03360144000000684,0.031129320000001952,0.03444224000000562
0.08082,0.023608400000001348,0.023939720000004674,0.0310018399999952
0.08083000000000001,0.044305239999999295,0.030354640000005158,0.033423640000010725
0.08084000000000001,0.03978183999999704,0.030788160000005553,0.04272700000000617
0.08085,0.03478592000000211,0.032609200000006666,0.025938720000005418
0.08086,0.012769200000002234,0.02914492000001144,0.021137759999995134
0.08087000000000001,0.022690599999993243,0.02231588000000125,0.03799991999999722
0.08088000000000001,0.03678519999999673,0.035441400000000824,0.023636640000004396
0.08089,0.036229720000007105,0.022050079999995607,0.028330120000001142
0.0809,0.02561931999999619,0.01880820000000085,0.03103240000000122
0.08091000000000001,0.0457376800000066,0.03185292000000558,0.030951400000007213
0.08092,0.030385079999995294,0.028927759999996364,0.027582440000004566
0.08093,0.020820719999995397,0.02424504000000095,0.025219239999993724
0.08094000000000001,0.03696087999999618,0.015446520000000633,0.022645999999989546
0.08095000000000001,0.03411591999999421,0.0262941200000009,0.032945279999990314
0.08096,0.04031292000000223,0.018764920000000032,0.04222868000000116
0.08097,0.04149920000000707,0.038648360000008306,0.035641639999994514
0.08098000000000001,0.02638707999999108,0.023683600000001914,0.05933035999999826
0.08099,0.02409484000000096,0.03115287999999957,0.03293631999999568
0.081,0.029167040000002673,0.032084360000001234,0.028652320000004186
0.08101000000000001,0.043834560000001674,0.03759776000000067,0.030632879999999748
0.08102000000000001,0.04876912000000191,0.032655680000004725,0.04190028000000683
0.08103,0.0383207599999998,0.026908800000000573,0.039037680000009976
0.08104,0.037714800000005634,0.04932980000000069,0.035018280000006057
0.08105000000000001,0.04118316000000301,0.03357283999999874,0.03370051999999969
0.08106000000000001,0.02899807999999493,0.019726399999994357,0.03181287999999543
0.08107,0.03475347999999573,0.018850159999991373,0.03594723999999611
0.08108000000000001,0.028874400000006302,0.03530312000000149,0.02758476000000598
0.08109000000000001,0.05068952000000881,0.02148247999999323,0.03224200000000539
0.0811,0.02906636000000071,0.0463117999999954,0.013143439999989624
0.08111,0.03541828000000625,0.05157943999999577,0.028386240000001967
0.08112000000000001,0.037318800000008354,0.027504519999993395,0.04468816000000848
0.08113000000000001,0.039275080000006304,0.02162804000000451,0.030309920000007137
0.08114,0.05085712000000673,0.01847764000000611,0.027308080000006684
0.08115,0.04717872000000672,0.03541036000000139,0.021506840000000447
0.08116000000000001,0.039432879999999726,0.027605920000009432,0.017068520000010298
0.08117,0.044793560000000024,0.019362520000007617,0.016573399999995003
0.08118,0.036399799999999795,0.02878476000000827,0.03531315999999975
0.08119000000000001,0.05121200000000065,0.0329467999999973,0.03455164000000135
0.08120000000000001,0.03034668000000082,0.032626159999995664,0.024755319999994616
0.08121,0.024858320000007945,0.023965639999995243,0.030292320000005403
0.08122,0.0459907600000068,0.0312468000000063,0.0189623999999953
0.08123000000000001,0.03152048000000392,0.043487079999995515,0.04361303999999759
0.08124,0.023356719999995015,0.03232735999999476,0.03763591999999785
0.08125,0.02313763999999427,0.02919847999999557,0.02724232000001138
0.08126000000000001,0.026708720000000977,0.03419752000000838,0.038066200000012124
0.08127000000000001,0.031245799999995282,0.024495759999994177,0.03300108000000751
0.08128,0.020250839999999697,0.031227240000001023,0.026587520000000284
0.08129,0.027737680000009975,0.020714479999995886,0.027713040000007832
0.08130000000000001,0.017572560000000337,0.03019019999999531,0.02569756000000461
0.08131000000000001,0.04874031999999922,0.02841443999999546,0.024130320000009687
0.08132,0.031166519999999746,0.025466480000011536,0.030271400000004996
0.08133000000000001,0.027109720000003716,0.026336640000010725,0.02858428000001014
0.08134000000000001,0.029783959999994822,0.0296892400000059,0.029935239999998024
0.08135,0.03990444000000712,0.028186720000000373,0.0305162400000014
0.08136,0.03906072000000085,0.01640823999999612,0.033687159999994595
0.08137000000000001,0.055947640000007584,0.028768960000004475,0.02263287999999988
0.08138000000000001,0.037915960000004155,0.032664960000001665,0.021711240000005554
0.08139,0.0194208399999985,0.040131120000003885,0.02899780000000682
0.0814,0.03707324000000998,0.024042680000005236,0.017760520000001397
0.08141000000000001,0.030249400000006584,0.03919008000001063,0.02670527999999315
0.08142,0.043739160000006175,0.03451096000000651,0.031048959999995032
0.08143,0.024233479999995727,0.030656880000006638,0.015051159999993468
0.08144000000000001,0.024268679999989762,0.03746747999999599,0.02235100000001019
0.08145000000000001,0.036737439999995694,0.031071000000006236,0.026188200000006382
0.08146,0.03907191999999689,0.03586431999999639,0.02696368000000386
0.08147,0.03602147999998908,0.02346875999998973,0.04053080000000527
0.08148000000000001,0.026406719999989694,0.02381051999999957,0.026562400000001724
0.08149,0.0325214399999965,0.03264896000000656,0.03598503999999361
0.0815,0.03763711999999566,0.044890200000001865,0.022624919999998397
0.08151000000000001,0.031588160000006,0.01971391999999429,0.027322920000009018
0.08152000000000001,0.03524715999999931,0.03161131999999717,0.02658076000000562
0.08153,0.008102919999994575,0.04947832000000147,0.03514351999999955
0.08154,0.03758551999999595,0.020059599999994543,0.01185424000000354
0.08155000000000001,0.03305119999999425,0.02851072000000775,0.02794028000000957
0.08156000000000001,0.026804119999999248,0.023948440000006774,0.03426104000000843
0.08157,0.04136960000000068,0.02159164000000743,0.01588456000000595
0.08158,0.03224171999999798,0.02516327999999399,0.02982103999998946
0.08159000000000001,0.030735199999989245,0.03410863999999406,0.03483643999999414
0.0816,0.02652604000000266,0.0262092799999998,0.03775047999999529
0.08161,0.02158956000000709,0.021527520000001066,0.046060159999993945
0.08162000000000001,0.02292452000000429,0.035812679999994546,0.026568039999989735
0.08163000000000001,0.022828919999995305,0.02589927999999351,0.021185960000001565
0.08164,0.017289960000006082,0.029965840000005736,0.016306879999999486
0.08165,0.02448564000000089,0.03572440000000582,0.03122748000000688
0.08166000000000001,0.025620680000005246,0.03065060000000633,0.017549720000000296
0.08167,0.020737280000011207,0.021790600000010475,0.02818011999999314
0.08168,0.04193380000000802,0.0252679999999939,0.016120800000006003
0.08169000000000001,0.027667920000000235,0.03078127999999564,0.014265959999994655
0.08170000000000001,0.035094160000001096,0.014475920000004772,0.03355052000000059
0.08171,0.03566504000000562,0.019221320000000666,0.021289599999989636
0.08172,0.05074115999999612,0.019135999999998998,0.022590159999988892
0.08173000000000001,0.04689660000000567,0.033340919999996714,0.01710755999999584
0.08174000000000001,0.023116120000009628,0.026999279999996757,0.03876375999999457
0.08175,0.03086672000000692,0.03186067999999614,0.028127520000004475
0.08176000000000001,0.020670680000010433,0.03215811999999611,0.03323612000000091
0.08177000000000001,0.026890160000006748,0.040542919999991794,0.02835644000000182
0.08178,0.022910440000005656,0.04478439999999163,0.027392720000004245
0.08179,0.03684931999999736,0.04560255999999201,0.03405076000000003
0.08180000000000001,0.026180760000000025,0.05064644000000525,0.02331079999999891
0.08181000000000001,0.03158452000001153,0.033399240000006714,0.040951360000007264
0.08182,0.03293120000000653,0.0350673200000056,0.035299720000005405
0.08183,0.02553172000000524,0.033671280000001705,0.029067799999999464
0.08184000000000001,0.033920920000006974,0.035209239999995555,0.03068468000000043
0.08185,0.048046960000005946,0.023487239999995455,0.02106980000000542
0.08186,0.04344800000000659,0.023675919999993352,0.04251768000000201
0.08187000000000001,0.043507520000002006,0.03486916000000183,0.03894208000000305
0.08188000000000001,0.03420320000001158,0.04095647999999347,0.019304760000005815
0.08189,0.048440200000007205,0.022067680000007625,0.025448640000006274
0.0819,0.021514600000006066,0.026808959999996163,0.031547720000005414
0.08191000000000001,0.04085756000000673,0.04801516000000692,0.029733760000004557
0.08192,0.05226116000000486,0.047190960000008296,0.031228760000001476
0.08193,0.038391560000001664,0.03715192000000566,0.03101524000000597
0.08194000000000001,0.04813047999999622,0.030574079999995566,0.0372061600000054
0.08195000000000001,0.041720159999995655,0.04219220000000019,0.043088440000002115
0.08196,0.029897079999995482,0.02792348000000435,0.039708640000006394
0.08197,0.041465599999996515,0.03897016000001148,0.035551480000010786
0.08198000000000001,0.03959127999999361,0.03812312000000753,0.035257440000005906
0.08199000000000001,0.029570839999994235,0.0237705199999999,0.028523079999999767
0.082,0.029845199999996748,0.024181079999998807,0.021382400000006095
0.08201000000000001,0.030232999999991454,0.016729639999999674,0.03252276000001069
0.08202000000000001,0.033628160000000185,0.021789640000005394,0.031221800000011523
0.08203,0.024910480000005043,0.016162920000006013,0.019370879999993446
0.08204,0.025824479999996125,0.031125640000001356,0.03356723999999615
0.08205000000000001,0.021561120000000645,0.030804040000001073,0.03907376000000518
0.08206000000000001,0.03253035999999716,0.039447200000001646,0.020788160000005676
0.08207,0.036306839999997606,0.030172880000000162,0.02833756000000035
0.08208,0.03762544000000602,0.03189072000000007,0.03679183999999521
0.08209000000000001,0.02044500000000045,0.04916244000000764,0.050994200000000094
0.0821,0.014802319999993388,0.045454960000001064,0.027827479999994895
0.08211,0.03257167999999637,0.02334639999999433,0.039244480000011434
0.08212000000000001,0.02845244000000493,0.02382384000000487,0.02932480000001169
0.08213000000000001,0.02761384000000576,0.026768799999994562,0.03344287999999928
0.08214,0.030282919999995907,0.04887124000000773,0.0169315600000066
0.08215,0.021940920000006126,0.03223347999999574,0.03508040000000456
0.08216000000000001,0.03312752000000135,0.02870535999999998,0.024663360000006348
0.08217,0.02941567999999715,0.030118679999994815,0.03662608000000526
0.08218,0.035145760000006805,0.024780480000005083,0.019182440000004332
0.08219000000000001,0.02982563999999149,0.038613560000003724,0.02740139999999519
0.08220000000000001,0.02267559999999153,0.01737904000000519,0.020773719999995666
0.08221,0.023535880000000974,0.030034279999999528,0.030881800000006603
0.08222,0.02640291999999463,0.044215440000007045,0.022490080000006157
0.08223000000000001,0.031027200000001146,0.03768748000000614,0.02980167999999989
0.08224000000000001,0.04174852000000227,0.028787800000011916,0.023789840000000548
0.08225,0.017873200000005918,0.01911628000001131,0.021078280000007797
0.08226000000000001,0.04171072000000466,0.03234047999999991,0.03255855999999719
0.08227000000000001,0.0301192800000026,0.02953600000000712,0.02590539999999916
0.08228,0.03489492000000048,0.027350040000005345,0.031224400000007656
0.08229,0.02666211999999727,0.034430320000000486,0.027559240000000297
0.08230000000000001,0.03831807999999568,0.038808919999996284,0.028000199999993244
0.08231000000000001,0.0339217199999898,0.03234831999999539,0.032900360000000774
0.08232,0.027130399999995166,0.025245759999995364,0.02323959999999472
0.08233,0.027451160000005196,0.03493760000000148,0.029999919999996866
0.08234000000000001,0.028437159999995684,0.03277827999999624,0.02984355999999465
0.08235,0.0277684400000058,0.023637200000000302,0.03200443999999452
0.08236,0.03329863999999558,0.02604691999999527,0.020905599999999292
0.08237000000000001,0.04275687999999603,0.03122124000000634,0.0381729600000001
0.08238000000000001,0.022758999999995012,0.04402552000001175,0.02464904000000432
0.08239,0.0523045200000027,0.037403200000011565,0.0447984000000061
0.0824,0.028311440000001367,0.023863040000007472,0.04559127999999589
0.08241000000000001,0.013982120000010312,0.030825400000005485,0.034435040000000035
0.08242000000000001,0.020158319999998515,0.03474872000000447,0.021325360000004286
0.08243,0.028468920000003863,0.02032183999999294,0.02423192000000494
0.08244000000000001,0.04246848000000421,0.03371743999999415,0.03774724000000988
0.08245000000000001,0.03500280000000553,0.028175759999994155,0.028495160000010077
0.08246,0.043547480000005856,0.02669919999999623,0.026111200000005205
0.08247,0.03622604000000522,0.02448771999998983,0.03680240000000602
0.08248000000000001,0.045680319999994126,0.01402236000000111,0.037462039999999905
0.08249000000000001,0.02758264000000507,0.029242840000000787,0.0156280400000047
0.0825,0.04650291999999519,0.023883360000005543,0.02342867999999328
0.08251,0.02857468000000645,0.034294360000000704,0.01721235999999985
0.08252000000000001,0.035848720000007224,0.028416799999997615,0.021081039999992134
0.08253,0.029158000000005572,0.033694080000000425,0.018426640000000192
0.08254,0.030032560000010464,0.040914839999999925,0.020567120000007127
0.08255000000000001,0.033240240000010655,0.0360242400000076,0.013891720000004524
0.08256000000000001,0.028285520000006458,0.05232140000000226,0.018234080000000402
0.08257,0.0411264000000061,0.027648120000011565,0.031311199999999415
0.08258,0.03020187999999501,0.03370543999999665,0.03781192000000204
0.08259000000000001,0.03350711999999383,0.04044920000000034,0.021823399999996072
0.0826,0.026681039999995135,0.03244020000000582,0.028372320000001897
0.08261,0.030312559999996037,0.027462000000001697,0.02736759999998984
0.08262000000000001,0.03719824000000128,0.022097359999993862,0.02157599999999513
0.08263000000000001,0.022165559999994575,0.019106680000001704,0.03845408000000166
0.08264,0.030248000000005826,0.033966600000002255,0.044899280000000666
0.08265,0.025983919999991265,0.019565079999999603,0.03738340000000292
0.08266000000000001,0.03253283999999565,0.01837172000001155,0.014784039999997441
0.08267000000000001,0.04891776000000342,0.018756400000003455,0.04262491999999548
0.08268,0.03288291999999553,0.02414900000000543,0.03668971999999494
0.08269000000000001,0.03753711999999011,0.012089560000010944,0.025466999999990775
0.08270000000000001,0.046351359999989496,0.03970720000000013,0.03595256000000166
0.08271,0.02344571999999468,0.03349196000000744,0.03231528000000244
0.08272,0.0399864799999975,0.042515040000006735,0.025308880000001623
0.08273000000000001,0.03724655999998951,0.023208080000001,0.028207360000001916
0.08274000000000001,0.0451116799999956,0.016177160000005353,0.026222479999999847
0.08275,0.0319234399999993,0.034004040000001186,0.016799759999993048
0.08276,0.02588711999999478,0.027618200000000755,0.0237415599999964
0.08277000000000001,0.024087199999994723,0.023336799999995984,0.026211640000006867
0.08278,0.02888923999999633,0.024886160000000507,0.036338599999996515
0.08279,0.030161439999997396,0.0334556400000004,0.0415613599999972
0.08280000000000001,0.030641199999995906,0.01950543999999648,0.021997679999996293
0.08281000000000001,0.040106679999998104,0.03824803999999492,0.03000815999999461
0.08282,0.03158388000000085,0.019478640000001653,0.023256239999995675
0.08283,0.02519015999998923,0.02786960000000052,0.02409443999999964
0.08284000000000001,0.013006200000000169,0.029196280000000803,0.031075119999989444
0.08285000000000001,0.03366368000000023,0.04380776000000031,0.025546559999994754
0.08286,0.032721400000002114,0.02885168000001087,0.049231679999989494
0.08287000000000001,0.03956563999999623,0.027031760000009515,0.030281999999990653
0.08288000000000001,0.036849280000006014,0.030070239999994714,0.03949159999999514
0.08289,0.041035040000000945,0.02750143999999148,0.04292659999999471
0.0829,0.027146520000000163,0.020819719999994466,0.030868759999996713
0.08291000000000001,0.026888799999996188,0.031175480000001272,0.02705171999999562
0.08292000000000001,0.032135560000000875,0.024154119999990904,0.029461120000006752
0.08293,0.027808559999999368,0.016791640000000496,0.023681920000001865
0.08294000000000001,0.029530920000004554,0.02264236000000577,0.03278763999999536
0.08295000000000001,0.03751308000000646,0.023369639999994845,0.05062291999999713
0.08296,0.030249879999995025,0.017547000000005024,0.028451759999993345
0.08297,0.02719595999999954,0.03352984000000053,0.040703519999994504
0.08298000000000001,0.0395385199999985,0.03279980000000221,0.04022295999999408
0.08299000000000001,0.04180128000000827,0.03283899999999933,0.03136295999999685
0.083,0.04262924000000607,0.02625044000000053,0.022410439999989533
0.08301,0.03189071999999953,0.03044616000000452,0.03051163999999955
0.08302000000000001,0.028963319999990453,0.03721395999999972,0.02322328000000522
0.08303,0.03331936000000143,0.020948319999994434,0.024479239999988824
0.08304,0.03013132000000572,0.02768516000001169,0.04140651999999922
0.08305000000000001,0.020104640000011567,0.05029812000000367,0.025349079999996957
0.08306000000000001,0.02462744000000518,0.03140352000000994,0.022625279999997614
0.08307,0.022052880000005038,0.021732720000004768,0.02332776000000028
0.08308,0.027289960000000012,0.03241632000000605,0.02040867999999607
0.08309000000000001,0.03564719999999463,0.03261912000001098,0.025358400000006963
0.08310000000000001,0.032791439999999825,0.026942439999994724,0.04001008000000172
0.08311,0.039203200000000195,0.017521479999996602,0.023207840000000344
0.08312000000000001,0.031670760000007556,0.021496280000000544,0.039011720000007744
0.08313000000000001,0.038849200000001825,0.04121840000000002,0.038663680000005606
0.08314,0.03356468000000282,0.025874119999993252,0.044220959999998734
0.08315,0.032471319999996355,0.011420879999988873,0.030193960000005998
0.08316000000000001,0.024836039999993405,0.03565359999999904,0.03599132000000246
0.08317000000000001,0.019589120000004845,0.020151800000001392,0.020177440000007582
0.08318,0.032690799999994524,0.023455680000000752,0.0223168800000048
0.08319,0.028949560000005387,0.026544759999995057,0.029395760000001873
0.08320000000000001,0.02499776000000121,0.024982880000001085,0.02410656000000031
0.08321,0.03453591999999535,0.02554308000000959,0.020365160000002373
0.08322,0.021558040000001125,0.04542248000000003,0.0324469200000054
0.08323000000000001,0.03453595999999533,0.03636651999999959,0.039084160000000326
0.08324000000000001,0.03549228000000694,0.03739320000000446,0.04219327999999938
0.08325,0.022047400000004096,0.032516880000009234,0.028796159999996074
0.08326,0.02109892000000052,0.026701280000001482,0.03317708000000039
0.08327000000000001,0.03402064000000058,0.023667200000007882,0.02353496000000604
0.08328,0.03363307999999617,0.027290999999989695,0.038168120000000846
0.08329,0.03668392000000736,0.016904920000000996,0.03091219999998911
0.08330000000000001,0.02771984000000129,0.01890095999999951,0.02403115999999401
0.08331000000000001,0.03690496000000798,0.032290240000007575,0.030686880000010793
0.08332,0.03622315999999816,0.024536080000007753,0.029847200000001333
0.08333,0.02148864000000022,0.02312760000000174,0.037587799999997354
0.08334000000000001,0.025301919999991294,0.02466884000000998,0.023350920000007064
0.08335000000000001,0.027099680000001094,0.030769280000000444,0.03807104000000404
0.08336,0.03626019999999603,0.03801600000000643,0.03774912000000147
0.08337000000000001,0.03200343999999597,0.024463160000007672,0.03931324000000164
0.08338000000000001,0.03752856000000637,0.02472783999999414,0.030231319999996016
0.08339,0.03919384000000223,0.029365039999996758,0.03527703999999475
0.0834,0.03633864000000009,0.017974440000004654,0.034146839999996056
0.08341000000000001,0.03496767999999643,0.031073720000004648,0.039562240000006375
0.08342000000000001,0.044381160000006706,0.04543775999999504,0.023765359999995562
0.08343,0.033196960000005785,0.022894439999999773,0.026018079999995412
0.08344,0.046268080000001176,0.02845120000000543,0.020085680000000532
0.08345000000000001,0.02718880000000193,0.04241083999999608,0.014983999999995902
0.08346,0.02573076000000613,0.04589388000000571,0.030136359999999612
0.08347,0.028215720000000954,0.05557359999999814,0.03720015999999609
0.08348000000000001,0.025529279999994773,0.02329099999999551,0.03638891999999047
0.08349000000000001,0.025675040000005832,0.02193227999999498,0.027427519999996746
0.0835,0.02220796000000613,0.012093400000003595,0.02560856000000129
0.08351,0.022882080000001585,0.022826199999993777,0.02439167999999575
0.08352000000000001,0.013452160000008609,0.0447496799999946,0.02746936000000784
0.08353000000000001,0.037609840000000755,0.04080667999998999,0.029468639999995865
0.08354,0.030350279999999882,0.03791304000000672,0.030505000000001517
0.08355000000000001,0.022083999999995624,0.03868711999999494,0.03286604000000197
0.08356000000000001,0.041440399999995985,0.03639603999999579,0.03426079999999096
0.08357,0.027875240000004863,0.030886879999995412,0.05003839999999744
0.08358,0.025429160000003885,0.02428184000000533,0.029984359999991564
0.08359000000000001,0.03037548000000121,0.026927680000000037,0.027509040000002063
0.08360000000000001,0.03098372000000146,0.03244407999999587,0.02785187999998982
0.08361,0.018168959999995224,0.04350400000000452,0.04496339999999752
0.08362000000000001,0.04126604000000222,0.030060840000004987,0.034784359999989495
0.08363000000000001,0.03810519999999015,0.01730867999999362,0.02649047999999512
0.08364,0.02950595999998934,0.03624751999999657,0.029361440000005568
0.08365,0.03805991999999463,0.01788384000000036,0.04397987999998957
0.08366000000000001,0.025646559999988983,0.033546280000006694,0.0224829199999957
0.08367000000000001,0.03570492000000759,0.023799080000005197,0.04078296000000218
0.08368,0.03516656000000649,0.029069120000006308,0.0314592400000062
0.08369,0.029845639999996194,0.036123439999995594,0.02409871999999596
0.08370000000000001,0.029848160000011455,0.031100200000006052,0.036446920000004886
0.08371,0.03544296000000785,0.03873563999999598,0.013241080000007042
0.08372,0.03971644000000714,0.05558812000000484,0.014611160000004555
0.08373000000000001,0.019753680000003545,0.04149312000001036,0.02613508000001181
0.08374000000000001,0.02496408000000037,0.03920556000000094,0.04282200000000184
0.08375,0.024108720000000715,0.03189760000000564,0.025987760000011746
0.08376,0.021263279999999544,0.03820280000000621,0.0369888800000006
0.08377000000000001,0.050942320000000194,0.01904960000001092,0.028000479999999155
0.08378000000000001,0.026826520000006873,0.01799916000001121,0.040618359999998764
0.08379,0.027990280000006158,0.03224779999999591,0.03314879999999788
0.08380000000000001,0.0255443599999984,0.04000988000000662,0.04409040000000048
0.08381000000000001,0.02989075999999654,0.030793559999995862,0.024494560000000887
0.08382,0.02517071999999831,0.043511800000008,0.04420711999999563
0.08383,0.038329080000005025,0.0417826000000083,0.019567519999989902
0.08384000000000001,0.025406079999995997,0.042955080000001644,0.02448408000000564
0.08385000000000001,0.03240383999999963,0.04153956000000683,0.013300280000003183
0.08386,0.040060920000008236,0.042984960000007344,0.029826999999994545
0.08387,0.03153400000000005,0.028784680000002068,0.029228120000000975
0.08388000000000001,0.023999799999999467,0.038815359999995455,0.01814267999999319
0.08389,0.031516640000005515,0.02839795999999965,0.03211624000000143
0.0839,0.021339959999998846,0.023487840000005592,0.050626240000008635
0.08391000000000001,0.028997880000002123,0.034342599999999446,0.04074960000001156
0.08392000000000001,0.026140599999994574,0.03987879999999723,0.018527040000009414
0.08393,0.03017827999999477,0.022256399999995635,0.036057640000008016
0.08394,0.024642320000001862,0.033254800000005434,0.01348772000000121
0.08395000000000001,0.02797403999999713,0.02722532000001081,0.020806880000005395
0.08396,0.037888120000008116,0.033795080000006035,0.01889424000000112
0.08397,0.03484548000001099,0.022133200000005036,0.02759883999999433
0.08398000000000001,0.037886920000011176,0.029529160000007323,0.03794775999999432
0.08399000000000001,0.029471360000000536,0.03893176000000606,0.037248600000001894
0.084,0.04071120000000825,0.03211284000000022,0.02788604000000084
0.08401,0.01101312000000316,0.02760360000000433,0.030521720000001553
0.08402000000000001,0.019643079999994185,0.03958955999999397,0.028205520000004067
0.08403000000000001,0.018739240000010607,0.039963319999994966,0.02582607999999335
0.08404,0.034509080000002766,0.023459840000001505,0.036525600000001046
0.08405000000000001,0.04346064000000548,0.03839624000000022,0.01834616000000118
0.08406000000000001,0.04454972000000249,0.01254756000000903,0.03498079999999986
0.08407,0.0423190400000011,0.03318256000000462,0.03805720000000785
0.08408,0.01957351999998991,0.038358479999994054,0.025274799999989765
0.08409000000000001,0.03184803999999472,0.038702960000000834,0.031527160000007645
0.08410000000000001,0.046299999999996115,0.02799200000000132,0.026129840000001944
0.08411,0.02459171999999866,0.03054907999999703,0.02852867999999546
0.08412,0.032461440000006336,0.02258399999999637,0.03447160000000584
0.08413000000000001,0.04649256000000094,0.02500067999999655,0.026486560000007365
0.08414,0.02053631999999571,0.01946244000000546,0.01947072000000996
0.08415,0.04765108000000561,0.03362324000000155,0.022970240000006536
0.08416000000000001,0.036215199999996575,0.02183536000000744,0.021781280000006027
0.08417000000000001,0.020679520000004135,0.04642684000000766,0.02892983999999944
0.08418,0.024002719999989562,0.03144247999999685,0.01842671999999509
0.08419,0.02765031999998969,0.034898560000001626,0.03152523999999488
0.08420000000000001,0.033305159999993846,0.041045520000001695,0.019899480000000077
0.08421000000000001,0.0376154799999895,0.025407439999989158,0.0326987200000074
0.08422,0.034434119999991616,0.02949371999999735,0.013609440000005102
0.08423000000000001,0.03569171999999559,0.02598504000000674,0.0224662799999946
0.08424000000000001,0.031383720000001385,0.05176892000000202,0.03749808000000828
0.08425,0.029304840000001418,0.024708160000006314,0.025648160000003636
0.08426,0.028899759999995802,0.03208663999999628,0.014267320000004854
0.08427000000000001,0.033706440000005056,0.031823840000006855,0.027336839999999658
0.08428000000000001,0.040007720000001204,0.021828679999993293,0.0302496800000024
0.08429,0.03279888000000665,0.03598504000000495,0.02748460000000043
0.08430000000000001,0.029581439999999546,0.02460496000000554,0.04931920000000265
0.08431000000000001,0.021487719999999558,0.03501816000000064,0.0434829599999948
0.08432,0.021363560000011796,0.036148079999999035,0.03148539999998926
0.08433,0.016613000000011532,0.03567231999999958,0.021023519999991455
0.08434000000000001,0.027074119999993346,0.031579560000000825,0.04284968000000057
0.08435000000000001,0.0467147199999996,0.014839159999994647,0.03550403999999158
0.08436,0.019218200000000137,0.03514655999999545,0.03030359999999148
0.08437,0.019582600000007652,0.0255695599999945,0.016927240000007632
0.08438000000000001,0.016153840000000017,0.023592639999993944,0.03720251999999081
0.08439,0.03995964000000481,0.03767036000000186,0.03295352000000151
0.0844,0.036558040000001846,0.024022440000006525,0.023849160000001382
0.08441000000000001,0.02324344000000708,0.031132240000007964,0.0311617600000114
0.08442000000000001,0.038574400000000834,0.046892760000000505,0.019980000000010507
0.08443,0.01720439999999681,0.018580359999989058,0.030287400000005522
0.08444,0.030142799999994505,0.03195483999999678,0.03497179999999553
0.08445000000000001,0.028135360000004675,0.022603799999999646,0.05332992000000157
0.08446000000000001,0.02834092000000644,0.040769479999995126,0.03559200000000155
0.08447,0.030798360000009035,0.018487279999989566,0.04176323999999646
0.08448000000000001,0.02962871999999963,0.02427715999998921,0.022285280000005372
0.08449000000000001,0.028353400000006832,0.03198199999999139,0.030877439999990156
0.0845,0.03060611999999445,0.02889911999999561,0.03414384000000193
0.08451,0.022998760000006228,0.03131615999999325,0.024041720000000134
0.08452000000000001,0.046691920000006784,0.03874956000000502,0.03966296000000461
0.08453000000000001,0.04179920000000559,0.021317400000001707,0.021730640000003555
0.08454,0.03900232000000602,0.035192840000007476,0.025609680000007736
0.08455,0.031209000000011547,0.018249439999994205,0.03482200000000763
0.08456000000000001,0.019522880000001953,0.03743656000000067,0.03667740000000279
0.08457,0.02478903999999867,0.014117559999994844,0.020795280000001335
0.08458,0.038991280000005,0.037853520000006725,0.03222671999999685
0.08459000000000001,0.014102560000004295,0.03979323999999991,0.02266968000000034
0.08460000000000001,0.011471360000000043,0.03289979999999332,0.01841299999999609
0.08461,0.03402132000000124,0.022140159999996516,0.021622040000007406
0.08462,0.03331908000000645,0.030279559999995598,0.039783519999995194
0.08463000000000001,0.02719052000000412,0.043971880000001524,0.0431541600000009
0.08464,0.03010688000001127,0.031297439999994695,0.03323815999999525
0.08465,0.03156224000000605,0.028080640000001177,0.03414695999999531
0.08466000000000001,0.0331419600000024,0.029928639999995184,0.02424352000000091
0.08467000000000001,0.027628560000006675,0.03790759999999742,0.03296447999999008
0.08468,0.01771967999999644,0.02112655999999912,0.0358334000000016
0.08469,0.018622439999999293,0.03397636000000518,0.02595488000000276
0.08470000000000001,0.02472496000000053,0.022928679999995757,0.029619840000000803
0.08471000000000001,0.02527200000000032,0.043665520000008694,0.03532916000000599
0.08472,0.025149800000004337,0.037695000000006695,0.03485732000000652
0.08473000000000001,0.016676520000000142,0.028237759999995594,0.04207283999999729
0.08474000000000001,0.019342839999994033,0.021214679999995857,0.03153832000000784
0.08475,0.022573239999993895,0.02790143999998922,0.03213764000000599
0.08476,0.03450072000000632,0.03049815999999454,0.03171124000000603
0.08477000000000001,0.03433684000001148,0.023723319999993973,0.028291920000006347
0.08478000000000001,0.02617124000000148,0.027322760000006947,0.040185440000001925
0.08479,0.034675080000005534,0.041237120000004616,0.025356040000006276
0.0848,0.03726680000000221,0.03658635999999692,0.02179704000000607
0.08481000000000001,0.042392239999995314,0.03869468000000204,0.033234999999993554
0.08482,0.01439980000000136,0.023352120000004674,0.02893992000000095
0.08483,0.03953884000000318,0.028635080000000226,0.039388799999994416
0.08484000000000001,0.03082499999999476,0.036712839999993654,0.017545120000004733
0.08485000000000001,0.024691720000006925,0.027292200000006078,0.02137192000000468
0.08486,0.04067383999999981,0.025863759999994573,0.0263689999999932
0.08487,0.027294439999999635,0.02236691999999962,0.02733323999999968
0.08488000000000001,0.027127640000001237,0.03936248000000298,0.010183199999994435
0.08489000000000001,0.0316491599999931,0.033931600000006897,0.027629640000006603
0.0849,0.019150119999993945,0.02639132000000744,0.013806360000010391
0.08491000000000001,0.014354799999998802,0.047514400000005876,0.01729208000001116
0.08492000000000001,0.037352080000001196,0.043846640000005474,0.03415548000000961
0.08493,0.021333440000000734,0.03313687999999657,0.02295767999999543
0.08494,0.025737720000005897,0.027217920000006657,0.01964911999999847
0.08495000000000001,0.02483824000000555,0.025288600000007523,0.027966360000004558
0.08496000000000001,0.028719320000000652,0.023407920000000564,0.0198673200000052
0.08497,0.04084775999999831,0.02223699999999411,0.02129592000000625
0.08498000000000001,0.029010199999994712,0.03487396000000709,0.028027039999994417
0.08499000000000001,0.0253745600000055,0.024112360000005786,0.027329719999993198
0.085,0.02596772000000632,0.029172440000007887,0.019218119999999977
0.08501,0.020315599999999552,0.022852320000009623,0.025997400000000767
0.08502000000000001,0.028542559999997705,0.03770640000001156,0.012460240000009325
0.08503000000000001,0.025287119999999993,0.019527560000007316,0.04948608000000506
0.08504,0.02696959999999998,0.03336712000000759,0.025800880000011524
0.08505,0.036532239999997086,0.024040760000001615,0.032998760000006365
0.08506000000000001,0.030304919999999715,0.031423999999999785,0.01800520000000742
0.08507,0.041466640000007375,0.013612519999994778,0.013139799999999735
0.08508,0.02643388000001144,0.03276563999999561,0.032559880000002
0.08509000000000001,0.019458120000000263,0.042190879999996087,0.015537799999995308
0.08510000000000001,0.044473440000005186,0.0346063199999984,0.03446976000000758
0.08511,0.026967719999994835,0.042591320000008155,0.03287132000000619
0.08512,0.03511599999999708,0.018770240000006724,0.0321708799999942
0.08513000000000001,0.0306575600000006,0.02733495999999939,0.027195800000001973
0.08514000000000001,0.03793344000000245,0.03826440000000659,0.03889016000000062
0.08515,0.023296919999999423,0.03829184000000813,0.034146000000001925
0.08516000000000001,0.035435639999989825,0.028651080000001366,0.02660552000000431
0.08517000000000001,0.022664079999994573,0.037761079999993744,0.04557135999999715
0.08518,0.014054519999990137,0.04794463999999548,0.04904983999999622
0.08519,0.014487159999994127,0.031096280000000778,0.036008319999991927
0.08520000000000001,0.01631231999999543,0.05270248000000188,0.023042320000001386
0.08521000000000001,0.02451492000000569,0.026452280000011423,0.029248520000004663
0.08522,0.04315076000000021,0.02815240000000159,0.048191120000000275
0.08523,0.018809919999995033,0.030058640000005406,0.03200615999999766
0.08524000000000001,0.0556064800000005,0.01477787999999926,0.02531343999999456
0.08525,0.026843959999989005,0.036806799999996406,0.03113280000000506
0.08526,0.020995999999994908,0.0330747600000015,0.03361135999999539
0.08527000000000001,0.01754015999999562,0.03342435999999556,0.03194203999999511
0.08528000000000001,0.033356759999999236,0.025078839999995318,0.019274919999989457
0.08529,0.03271495999999667,0.0162424800000064,0.03373899999999247
0.0853,0.04669284000000241,0.024820240000001253,0.040688440000004274
0.08531000000000001,0.0283875999999969,0.03454091999999588,0.022592439999997
0.08532000000000001,0.03449243999999396,0.03546544000001121,0.018490160000000765
0.08533,0.03630591999999702,0.037729880000008584,0.03012560000000274
0.08534000000000001,0.03575719999999533,0.02482887999999533,0.012064399999993812
0.08535000000000001,0.04214503999999572,0.03238503999999317,0.020277440000001774
0.08536,0.03809436000000601,0.034176680000006315,0.02186812000000032
0.08537,0.02703064000000186,0.029346119999996857,0.03839319999999949
0.08538000000000001,0.026884639999994808,0.021817760000011226,0.027300800000000715
0.08539000000000001,0.03145260000000568,0.026702999999999057,0.04344335999999393
0.0854,0.029950640000001034,0.0345759200000103,0.03609224000000004
0.08541000000000001,0.03003824000001044,0.03874308000001003,0.024928040000001508
0.08542000000000001,0.03909088000000779,0.028500400000004332,0.022097160000004085
0.08543,0.03339664000000557,0.032595080000005786,0.03491504000000412
0.08544,0.028167680000006662,0.020811319999997094,0.02540447999999577
0.08545000000000001,0.024990160000004143,0.03884799999999517,0.020394720000010785
0.08546000000000001,0.027349000000004023,0.02176063999999337,0.020518039999994776
0.08547,0.02198167999999497,0.019726480000004203,0.0378229999999952
0.08548,0.04425115999999429,0.030304560000001785,0.023568799999994523
0.08549000000000001,0.03785115999999453,0.03725688000000725,0.027260840000004727
0.0855,0.02288336000000597,0.031034440000007033,0.034052640000012104
0.08551,0.019005840000000135,0.03389919999999679,0.025240320000011886
0.08552000000000001,0.019224919999994858,0.024006120000007684,0.02934912000001179
0.08553000000000001,0.036764480000005005,0.04042343999999508,0.013487079999994347
0.08554,0.04057440000000482,0.04163127999999553,0.031331120000003626
0.08555,0.029479640000005438,0.03926956000000729,0.021700759999994646
0.08556000000000001,0.03332019999999497,0.03228147999999622,0.023102520000003016
0.08557000000000001,0.0389100799999895,0.03421531999999486,0.028705919999995073
0.08558,0.03509832000000659,0.039306560000000684,0.04012215999999625
0.08559000000000001,0.03699164000000146,0.03568871999999482,0.029074519999989626
0.08560000000000001,0.030874799999993433,0.03434867999999871,0.034152999999995666
0.08561,0.040817880000006454,0.033313519999995725,0.031334679999990685
0.08562,0.03394172000000598,0.03376840000000678,0.03933463999999611
0.08563000000000001,0.02544556000000717,0.019670839999995797,0.03790783999999629
0.08564000000000001,0.03571775999999704,0.027431239999994556,0.0327031599999999
0.08565,0.023204199999998933,0.029901359999996425,0.024155400000009937
0.08566000000000001,0.04790135999999791,0.024299920000003368,0.026098279999999814
0.08567000000000001,0.028492399999995126,0.020497639999995692,0.02836628000000999
0.08568,0.02440343999998907,0.022090959999989668,0.03568220000000814
0.08569,0.028639719999991643,0.02714083999999625,0.03141780000000637
0.08570000000000001,0.03775471999999634,0.02674727999999099,0.03758143999999955
0.08571000000000001,0.044002879999994485,0.017071000000005828,0.036847079999999297
0.08572,0.026044999999993924,0.03111359999999426,0.04262016000000631
0.08573,0.033737240000011846,0.022522480000010687,0.04323248000000875
0.08574000000000001,0.016746599999995237,0.02488436000000138,0.030217840000005967
0.08575,0.015209040000011104,0.02109972000000097,0.030837079999998792
0.08576,0.024398880000000824,0.01725315999999823,0.02982404000000637
0.08577000000000001,0.021746120000000615,0.033583360000000055,0.029820959999995636
0.08578000000000001,0.03805987999999421,0.02890971999999527,0.035428520000006805
0.08579,0.0332500799999946,0.027942280000005194,0.03444835999999574
0.0858,0.03189420000000411,0.017039399999990202,0.03915531999999507
0.08581000000000001,0.024625599999990228,0.026646839999999863,0.03862299999999754
0.08582000000000001,0.02882291999999,0.02888712000000602,0.04373691999999467
0.08583,0.030842959999999538,0.03501168000000414,0.021532919999999622
0.08584000000000001,0.04476923999999513,0.04017696000000166,0.03540859999999365
0.08585000000000001,0.03326403999999539,0.05369768000000136,0.041049200000002305
0.08586,0.03590228000000486,0.012231159999993297,0.04440148000000694
0.08587,0.03094215999999525,0.03204151999999497,0.02814396000000107
0.08588000000000001,0.03621820000000045,0.03416531999999593,0.033185839999993284
0.08589000000000001,0.027584359999989382,0.033388920000000495,0.019704840000001105
0.0859,0.04097831999999497,0.034172840000000086,0.03479983999999663
0.08591,0.026748040000000247,0.03715388000000517,0.02884928000000814
0.08592000000000001,0.013169559999994257,0.01838264000000346,0.029805520000004422
0.08593,0.03650348000000177,0.03138672000000032,0.03968131999999492
0.08594,0.03113624000000267,0.027697719999990798,0.034489599999989885
0.08595000000000001,0.024363480000001082,0.019314679999989183,0.030145920000006286
0.08596000000000001,0.017160599999997448,0.029879640000005838,0.037189040000011296
0.08597,0.019633279999994382,0.03190491999999571,0.04150716000000254
0.08598,0.01676988000000624,0.03966203999999657,0.03326495999999184
0.08599000000000001,0.023933439999999098,0.029702400000005857,0.031227439999994215
0.08600000000000001,0.033927080000006125,0.02807251999999456,0.039529599999994156
0.08601,0.034716760000006675,0.017089879999991692,0.03726495999999179
0.08602000000000001,0.031703280000010325,0.03281399999999944,0.02477487999999962
0.08603000000000001,0.049314760000005065,0.02854047999999621,0.029909960000006522
0.08604,0.03435820000000937,0.03643280000000017,0.043852680000007166
0.08605,0.02576844000000087,0.023573879999993413,0.050789839999996964
0.08606000000000001,0.03236472000000264,0.02977035999999121,0.03268635999999956
0.08607000000000001,0.022811640000011048,0.03546487999999659,0.028201240000005845
0.08608,0.021923520000007208,0.036528479999996845,0.02558960000000205
0.08609000000000001,0.021222320000005995,0.036565999999994596,0.03484364000000037
0.08610000000000001,0.027794239999999762,0.02555420000000453,0.03342435999999537
0.08611,0.02468384000000382,0.02672851999999601,0.03678700000000263
0.08612,0.029798599999990842,0.029569160000007883,0.02520384000000736
0.08613000000000001,0.030969879999990898,0.036104960000007555,0.03569088000000187
0.08614000000000001,0.03862052000000115,0.04274632000000195,0.02366832000000567
0.08615,0.026260319999990313,0.03128788000000115,0.029596240000000093
0.08616,0.047705239999995694,0.020342599999999194,0.026589800000005666
0.08617000000000001,0.025460360000006062,0.03366607999999994,0.02474620000000024
0.08618,0.040424999999996075,0.033552240000005826,0.03414047999998973
0.08619,0.03017531999999587,0.01931031999999528,0.053342040000000965
0.08620000000000001,0.04023984000000172,0.023940840000006083,0.042895719999996
0.08621000000000001,0.028645599999999865,0.025847000000000755,0.04857868000000724
0.08622,0.02562655999999653,0.02202347999999637,0.040269319999995806
0.08623,0.03025444000000548,0.02483684000000776,0.026856239999995833
0.08624000000000001,0.03405864000000542,0.015025479999995633,0.02495288000000052
0.08625000000000001,0.03774251999999605,0.016948839999989366,0.03256356000000612
0.08626,0.026570919999997302,0.01804104000000557,0.023775960000009807
0.08627000000000001,0.023199520000007384,0.014415159999999271,0.028622200000006474
0.08628000000000001,0.035889760000004836,0.023923120000005182,0.03825992000000644
0.08629,0.04268880000000189,0.04889960000000538,0.02558591999999959
0.0863,0.029354479999999763,0.041806040000000405,0.03898324000000185
0.08631000000000001,0.03939152000000279,0.032386240000002016,0.032409920000001466
0.08632000000000001,0.038148360000001075,0.020200840000011284,0.030629160000003833
0.08633,0.0443725600000007,0.02993788000000563,0.03335224000000759
0.08634000000000001,0.046532960000008235,0.02708344000000666,0.02945108000000129
0.08635000000000001,0.057516640000007106,0.04281083999999692,0.025328279999994624
0.08636,0.041232000000008075,0.02773591999999517,0.024149080000010408
0.08637,0.0242023999999934,0.04052648000001082,0.03514184000000164
0.08638000000000001,0.017352319999999456,0.034922440000011615,0.027080279999995377
0.08639000000000001,0.044318000000007914,0.04102992000000591,0.039283440000006525
0.0864,0.029589559999999265,0.045494000000004656,0.03852708000000469
0.08641,0.031153199999994517,0.03132296000000031,0.023756600000011185
0.08642000000000001,0.02668967999999464,0.02400183999999886,0.018344119999999308
0.08643,0.013423479999988984,0.023904999999999944,0.01798000000001055
0.08644,0.032921320000001884,0.020614519999995914,0.03921208000000199
0.08645000000000001,0.039883880000007775,0.01994264000000791,0.025138080000000222
0.08646000000000001,0.0253424399999945,0.03023891999999528,0.022846880000000184
0.08647,0.023905479999994594,0.03224219999999787,0.019502040000010254
0.08648,0.019676839999999904,0.020550919999994286,0.02013688000000509
0.08649000000000001,0.027462359999998204,0.03291828000000019,0.03625308000000697
0.08650000000000001,0.0313814400000018,0.02868719999999513,0.027847000000007442
0.08651,0.04181872000000174,0.03254128000001118,0.03456148000000457
0.08652000000000001,0.03906996000000088,0.046526720000003366,0.03190552000000677
0.08653000000000001,0.036566040000008064,0.04507136000000318,0.03330927999999613
0.08654,0.026031960000005662,0.028986480000007354,0.03679031999999642
0.08655,0.029367559999989957,0.036908040000007136,0.04987192000000644
0.08656000000000001,0.030078399999991515,0.02981520000000896,0.026383080000006456
0.08657000000000001,0.015256720000005749,0.030532880000011926,0.042461880000001014
0.08658,0.03932443999999455,0.04403236000000054,0.02777916000000436
0.08659,0.017107639999994713,0.03002756000000981,0.021947080000011443
0.08660000000000001,0.026520119999996216,0.04811979999999584,0.020629360000006945
0.08661,0.02721499999999389,0.04574231999999981,0.017028120000009455
0.08662,0.016212760000009593,0.034352919999999225,0.026850319999999754
0.08663000000000001,0.025852320000000477,0.03251367999999911,0.037012399999995116
0.08664000000000001,0.03269728000000681,0.039085199999996115,0.02133052000000765
0.08665,0.03974772000000236,0.03502172000000444,0.03292759999999384
0.08666,0.028374240000011892,0.023961560000004288,0.022970760000001283
0.08667000000000001,0.021234719999999565,0.046608400000000674,0.02856592000001179
0.08668000000000001,0.03840820000000131,0.025951680000006472,0.030688080000000072
0.08669,0.024754840000006058,0.04264796000000632,0.022307680000006526
0.08670000000000001,0.02369295999999422,0.03432283999999541,0.019611640000011143
0.08671000000000001,0.028675559999991596,0.04074840000000719,0.03840148000000497
0.08672,0.03426847999999451,0.03074480000000155,0.02212848000000714
0.08673,0.031041400000000517,0.03290640000001149,0.03813788000000069
0.08674000000000001,0.02336803999998992,0.026701119999997695,0.026417799999993666
0.08675000000000001,0.04325147999999685,0.03285500000000689,0.0346339199999963
0.08676,0.03105239999999524,0.0443644800000044,0.030286119999999795
0.08677000000000001,0.032568760000000245,0.02416208000000214,0.021629520000005724
0.08678000000000001,0.02466732000000015,0.02976067999999982,0.03513460000000592
0.08679,0.028615680000006194,0.02632900000000634,0.040187599999995605
0.0868,0.03437115999999867,0.02617876000000122,0.046351839999999846
0.08681000000000001,0.020072320000000796,0.018440160000011214,0.022545560000001484
0.08682000000000001,0.028563399999997102,0.03536804000000611,0.034336800000011325
0.08683,0.03810816000000545,0.034166440000001436,0.027359320000000544
0.08684,0.030785999999997225,0.035593680000001175,0.03519683999999003
0.08685000000000001,0.029009480000009285,0.02871112000000033,0.03386395999999412
0.08686,0.018610440000001525,0.04134604000000674,0.03917195999999606
0.08687,0.025851879999999883,0.022409640000006708,0.03212227999999607
0.08688000000000001,0.0222967999999954,0.03828600000000071,0.03419815999999489
0.08689000000000001,0.028396480000001265,0.029420560000000616,0.05462279999999469
0.0869,0.03606756000000214,0.02496063999999335,0.030992519999996047
0.08691,0.0327485599999945,0.019659680000000426,0.023335440000005463
0.08692000000000001,0.025958760000001746,0.025044359999997,0.023704640000007788
0.08693000000000001,0.019670080000000506,0.05401516000000065,0.03427524000000214
0.08694,0.03313139999999993,0.027476919999994687,0.03978707999999027
0.08695000000000001,0.03123416000000824,0.026491399999996106,0.02690108000000042
0.08696000000000001,0.045915560000006364,0.020227479999995756,0.0315865199999912
0.08697,0.04038308000000608,0.030533520000002815,0.04296323999999383
0.08698,0.014888799999995875,0.024266039999995437,0.042645679999997584
0.08699000000000001,0.024511240000005794,0.04130376000000188,0.04804099999999068
0.08700000000000001,0.033788840000000556,0.021089599999999868,0.025049199999995112
0.08701,0.02876015999999943,0.03502612000000197,0.03702100000000098
0.08702000000000001,0.026350159999993943,0.028519800000001712,0.025700720000006075
0.08703000000000001,0.03578964000000621,0.029050720000011306,0.030807079999995542
0.08704,0.028988520000011436,0.02970284000000617,0.046448879999996674
0.08705,0.030036320000009498,0.01773068000000348,0.03252960000000201
0.08706000000000001,0.039230080000006745,0.03455895999999168,0.03830455999999585
0.08707000000000001,0.024488320000000424,0.040864399999996595,0.03828151999999003
0.08708,0.04621560000000436,0.01563764000000126,0.04836459999999499
0.08709,0.03533595999999534,0.025275120000000918,0.036901720000006674
0.08710000000000001,0.03622176000000562,0.03191504000000652,0.025479320000005336
0.08711,0.049500200000006433,0.038436120000005715,0.047667800000004826
0.08712,0.04443724000000207,0.03227980000000649,0.03327444000000117
0.08713000000000001,0.029209239999995192,0.04208276000000255,0.031081760000001433
0.08714000000000001,0.032719599999993916,0.01954632000000128,0.02737240000001138
0.08715,0.020998319999995206,0.027229560000011574,0.020515639999999516
0.08716,0.024678919999994886,0.028509759999994413,0.02857819999999957
0.08717000000000001,0.03213688000000569,0.0231085200000071,0.01861400000001096
0.08718000000000001,0.01900548000000645,0.01315275999999429,0.029544839999998636
0.08719,0.037867840000006876,0.026091439999999994,0.0249233200000079
0.08720000000000001,0.026367599999996244,0.031892719999998854,0.03555244000000721
0.08721000000000001,0.017645359999994517,0.025184560000003953,0.03025951999999373
0.08722,0.03547764000000661,0.03390868000001156,0.027742879999991372
0.08723,0.028248640000006316,0.038948360000001764,0.03627024000000599
0.08724000000000001,0.019105439999996237,0.035662000000001415,0.03379128000000444
0.08725000000000001,0.03580236000000701,0.042660160000001224,0.0454556000000011
0.08726,0.03682880000000125,0.03158719999999564,0.04227160000000411
0.08727,0.033713080000002636,0.03138016000000584,0.04459128000000085
0.08728000000000001,0.04215176000000788,0.013762000000001485,0.03752560000000614
0.08729,0.036832520000002734,0.030641520000006067,0.03483751999999552
0.0873,0.04351668000000028,0.017223239999998523,0.03411324000000158
0.08731000000000001,0.04365276000001162,0.021154280000000338,0.029164440000000586
0.08732000000000001,0.03869908000000151,0.04252776000000141,0.03787764000000665
0.08733,0.03930187999999604,0.03149628000001183,0.02090316000000107
0.08734,0.03501196000000295,0.019642440000000295,0.040650120000006805
0.08735000000000001,0.023585519999993355,0.025520520000000407,0.045287880000006026
0.08736000000000001,0.027750520000000608,0.018850200000003543,0.03466996000000048
0.08737,0.022207439999989156,0.042252960000011754,0.03318692000000525
0.08738000000000001,0.02812148000000311,0.03777852000000786,0.044617560000005226
0.08739000000000001,0.026970960000006067,0.027968760000005654,0.0372730000000057
0.0874,0.03574903999999414,0.02841988000000781,0.020822280000005886
0.08741,0.017453080000005738,0.031727240000005826,0.024001879999995205
0.08742000000000001,0.03062079999999641,0.021009200000004447,0.017077040000011222
0.08743000000000001,0.02858923999999389,0.03316327999999452,0.021759880000011177
0.08744,0.022287599999988996,0.03022839999999708,0.01639912000001084
0.08745000000000001,0.03404480000000722,0.03131775999999688,0.036653440000006574
0.08746000000000001,0.02052488000000664,0.028663880000001293,0.03377292000000636
0.08747,0.018131560000006597,0.04876912000000036,0.042014439999995816
0.08748,0.020607600000005725,0.029991679999999788,0.023637519999995502
0.08749000000000001,0.0180592000000005,0.022133200000005026,0.03557399999999601
0.08750000000000001,0.02009448000000038,0.024850280000004683,0.022442479999989173
0.08751,0.03687196000000846,0.04124616000000464,0.034424959999995314
0.08752,0.02054588000000425,0.04420704000000514,0.037331559999995184
0.08753000000000001,0.017844400000000673,0.026060600000003563,0.02100236000000483
0.08754,0.021015720000000637,0.03972463999999802,0.027608680000005704
0.08755,0.017815720000000253,0.02479388000000112,0.03880336000000664
0.08756000000000001,0.03383695999999707,0.027050119999997232,0.01978780000000029
0.08757000000000001,0.04297392000000075,0.04135712000000033,0.0388275200000109
0.08758,0.025451199999993627,0.022429920000005026,0.028407120000011332
0.08759,0.019227039999994193,0.027224360000007396,0.023526080000001056
0.08760000000000001,0.031006359999999046,0.02001768000001048,0.03068624000000802
0.08761000000000001,0.021098160000005788,0.020144040000007146,0.019889960000007634
0.08762,0.03818656000000519,0.02106016000001074,0.03236472000000239
0.08763000000000001,0.027088160000005752,0.02717503999998887,0.0326055200000047
0.08764000000000001,0.024095079999994485,0.0338085999999891,0.02314563999999392
0.08765,0.025141759999995045,0.027571399999995146,0.029923480000001106
0.08766,0.01970455999998976,0.02234380000000573,0.03924911999999918
0.08767000000000001,0.038862439999998236,0.020461999999996604,0.049306719999999964
0.08768000000000001,0.02099564000000667,0.007415720000009229,0.043068359999994754
0.08769,0.0259028800000049,0.030573440000006006,0.029266200000012045
0.08770000000000001,0.02271512000000176,0.025043480000005953,0.028185160000000088
0.08771000000000001,0.038926519999999805,0.016833279999994323,0.022599080000005052
0.08772,0.029668920000004012,0.031374520000005506,0.04938440000000584
0.08773,0.030892400000005243,0.03840144000000456,0.0512054800000073
0.08774000000000001,0.04482135999999716,0.025852960000005514,0.04140003999999577
0.08775000000000001,0.022057519999995067,0.0292847200000002,0.04872543999999598
0.08776,0.024130919999991347,0.05490152000000114,0.04865179999999577
0.08777,0.03361811999999567,0.03964712000000855,0.029000479999995266
0.08778000000000001,0.03603476000000705,0.021448960000005172,0.029121999999991363
0.08779,0.03327308000000712,0.018317200000000353,0.034340119999996095
0.0878,0.025523760000000208,0.030709199999994316,0.03110759999999654
0.08781000000000001,0.046643079999997276,0.023843200000005938,0.02478700000000174
0.08782000000000001,0.03408872000000519,0.03097099999999434,0.031328239999991486
0.08783,0.027790760000005847,0.01620923999999734,0.02343703999999507
0.08784,0.03778460000000422,0.021849320000000474,0.023261840000000047
0.08785000000000001,0.03532072000000579,0.03309127999999597,0.03397791999999507
0.08786000000000001,0.025493400000004152,0.02332136000000157,0.02895020000000029
0.08787,0.0395349200000116,0.032128039999993314,0.03925964000000095
0.08788000000000001,0.040154000000005276,0.036373879999994724,0.03556328000000017
0.08789000000000001,0.017253120000000535,0.01540435999999462,0.04316188000000681
0.0879,0.027207240000001052,0.027550279999999504,0.043819160000005526
0.08791,0.022607840000007668,0.024493560000005406,0.04949756000000605
0.08792000000000001,0.043185200000008306,0.029489480000008207,0.046856560000006195
0.08793000000000001,0.016203200000011235,0.03068816000000764,0.04027932000000675
0.08794,0.03176820000000711,0.02928440000000714,0.028221720000010574
0.08795,0.029664399999996375,0.048057640000001865,0.03499080000000647
0.08796000000000001,0.04194496000000692,0.028300760000006267,0.028349520000006723
0.08797,0.040671120000005105,0.03941620000000103,0.02899924000000607
0.08798,0.03459288000000775,0.019090720000001164,0.018899799999995606
0.08799000000000001,0.03137720000000537,0.018428960000000043,0.02754288000000075
0.08800000000000001,0.04228863999999514,0.027599720000006808,0.03283936000000181
0.08801,0.03375271999999534,0.034246519999995,0.01969863999999561
0.08802,0.02939332000000684,0.029400199999996608,0.03270547999999472
0.08803000000000001,0.026299199999994305,0.02955632000000654,0.032421280000002044
0.08804000000000001,0.02416204000000158,0.022020120000006048,0.02848475999999921
0.08805,0.0328120000000005,0.01610832000000481,0.029228960000001646
0.08806000000000001,0.036164079999997184,0.01973292000001142,0.03502627999999617
0.08807000000000001,0.023552400000002215,0.028290320000001513,0.030466760000001467
0.08808,0.030484440000002368,0.025058639999995174,0.026452920000001583
0.08809,0.025091400000007764,0.031202519999997166,0.024415720000005914
0.08810000000000001,0.022110120000011408,0.035142599999990094,0.019856519999995128
0.08811000000000001,0.029825680000010138,0.02974691999999471,0.026915919999990028
0.08812,0.033601919999996,0.04189388000000533,0.026663799999995397
0.08813000000000001,0.04035188000000882,0.02954484000000588,0.03555111999999449
0.08814000000000001,0.02976024000000561,0.020628639999998526,0.022579800000005652
0.08815,0.02174348000000609,0.04592404000000629,0.027851320000004242
0.08816,0.03550327999999568,0.024158080000005334,0.017769840000001053
0.08817000000000001,0.044954040000005795,0.019605799999999687,0.02633412000000043
0.08818000000000001,0.03404192000000132,0.014138200000001004,0.03501352000001198
0.08819,0.03539011999999396,0.022990159999999964,0.024552520000007724
0.0882,0.0490680799999946,0.038029240000001054,0.03154408000000795
0.08821000000000001,0.023013679999989246,0.025767639999996057,0.03182291999999968
0.08822,0.02299859999999517,0.029552919999999643,0.015306680000004746
0.08823,0.027405039999994187,0.026620200000006415,0.026515080000004874
0.08824000000000001,0.024872359999989546,0.03180788000000099,0.0333817600000015
0.08825000000000001,0.03664280000000199,0.026283560000006975,0.019166799999996015
0.08826,0.03353167999999551,0.03271284000000486,0.02800716000000619
0.08827,0.023169079999999433,0.027172800000001336,0.033188160000005906
0.08828000000000001,0.02188299999999398,0.026480319999994062,0.03861348000001163
0.08829000000000001,0.02573471999999418,0.014639999999994966,0.02336852000000567
0.0883,0.03412847999999962,0.02037223999998904,0.03585383999999498
0.08831000000000001,0.021406919999993744,0.02161619999999554,0.042878000000000686
0.08832000000000001,0.023463840000004975,0.038104520000001495,0.028286720000006073
0.08833,0.0352030399999979,0.03282440000000784,0.022696199999995347
0.08834,0.019981639999997414,0.022937559999999593,0.02739667999999473
0.08835000000000001,0.01193044000000446,0.025182360000006912,0.04198579999999871
0.08836000000000001,0.024384800000000078,0.03185856000000023,0.029949600000011158
0.08837,0.029614120000000105,0.026033239999999052,0.035427640000002446
0.08838000000000001,0.03840964000000519,0.02181536000001165,0.044530879999999995
0.08839000000000001,0.02298567999999453,0.04259124000000042,0.014842399999999872
0.0884,0.03037115999999915,0.029950480000005938,0.022182400000006014
0.08841,0.04274531999999737,0.03135939999999541,0.036640720000006725
0.08842000000000001,0.022316119999994763,0.044637839999990075,0.03094415999999663
0.08843000000000001,0.03481396000000667,0.019424320000006108,0.0164465599999891
0.08844,0.020105280000001103,0.03627475999999457,0.0386088399999918
0.08845,0.03200652000000057,0.024532239999994643,0.021004559999994035
0.08846000000000001,0.03148555999998943,0.041049600000005876,0.035805840000000935
0.08847000000000001,0.037184479999991714,0.03143016000000761,0.033313159999995075
0.08848,0.02909108000000091,0.04186968000000135,0.02107292000000465
0.08849000000000001,0.031034440000007043,0.029487200000004442,0.049461719999994595
0.08850000000000001,0.039670480000001125,0.034486960000001385,0.024021919999994815
0.08851,0.043531760000001384,0.03201451999999422,0.016163679999990167
0.08852,0.03342511999999673,0.02594451999999393,0.02998520000000794
0.08853000000000001,0.025282439999995607,0.025740919999996337,0.04424920000000192
0.08854000000000001,0.04012867999999772,0.03833895999999824,0.024782599999996532
0.08855,0.027749079999996984,0.03666516000000805,0.023128159999994506
0.08856000000000001,0.036169719999990115,0.026577599999997797,0.022126319999995793
0.08857000000000001,0.02536971999999005,0.023039959999995176,0.04010692000000419
0.08858,0.04187107999999154,0.048224440000000465,0.041994720000006744
0.08859,0.02266795999999562,0.029082919999994968,0.04325832000000845
0.08860000000000001,0.029622760000001604,0.04556032000000067,0.03410496000000804
0.08861000000000001,0.030329280000001273,0.027520760000011635,0.01078195999999384
0.08862,0.01737407999999492,0.03252840000001089,0.014800319999993674
0.08863,0.03578399999999995,0.031806360000010185,0.03855055999999618
0.08864000000000001,0.032769119999999076,0.026139760000000255,0.05248495999999797
0.08865,0.034466200000006164,0.029066880000005225,0.031590720000001904
0.08866,0.021154040000005248,0.02866484000000653,0.02170084000000663
0.08867000000000001,0.030930119999995304,0.03958308000000757,0.031362759999993495
0.08868000000000001,0.04602971999999619,0.028545920000006584,0.020286559999992893
0.08869,0.041815359999995104,0.019346399999995274,0.045164880000002496
0.0887,0.03583076000000105,0.031546439999994194,0.02286572000000177
0.08871000000000001,0.04172556000000259,0.03871427999999529,0.02142432000000441
0.08872000000000001,0.023065719999999873,0.031385039999989255,0.03410856000000163
0.08873,0.027189560000007253,0.039946359999996496,0.037941800000001094
0.08874000000000001,0.028907759999995702,0.03772532000000099,0.02284963999999303
0.08875000000000001,0.020974039999995413,0.03595479999999971,0.021361960000006334
0.08876,0.02804239999998939,0.033461360000000516,0.02098447999999635
0.08877,0.030069679999998683,0.0291167199999901,0.028854320000005658
0.08878000000000001,0.022753880000001277,0.03847087999999624,0.02562860000000107
0.08879000000000001,0.02188368000000529,0.020564959999995382,0.021990040000000877
0.0888,0.02817076000000098,0.01788144000001055,0.03390456000000214
0.08881000000000001,0.017263680000002463,0.02145768000000664,0.030191879999994696
0.08882000000000001,0.028247600000000633,0.03116951999999455,0.027386199999989824
0.08883,0.029500880000004965,0.033177719999995775,0.052233479999990305
0.08884,0.012898920000002216,0.03134948000000583,0.04570563999999032
0.08885000000000001,0.0426883600000028,0.057729680000006466,0.047682679999994544
0.08886000000000001,0.0436986399999961,0.04935116000000593,0.03604539999999459
0.08887,0.01844220000001028,0.02239888000000649,0.033441199999996
0.08888,0.03194831999999551,0.04709660000000138,0.029010519999993323
0.08889000000000001,0.04061067999999711,0.022239959999988734,0.018319240000001593
0.0889,0.03102311999999767,0.04806856000000171,0.024080519999991147
0.08891,0.03180239999999425,0.03772440000000567,0.034517599999995166
0.08892000000000001,0.028728759999989965,0.04472352000000796,0.022457519999995026
0.08893000000000001,0.037054959999993906,0.02845775999999446,0.025894200000004256
0.08894,0.03168283999999751,0.029669679999998918,0.02890796000001134
0.08895,0.03253536000000523,0.025709839999994783,0.039180160000010046
0.08896000000000001,0.02788231999999399,0.03410019999999956,0.027469799999999732
0.08897000000000001,0.031042920000007513,0.03926203999999432,0.02917668000000705
0.08898,0.02714012000000046,0.027510200000006018,0.022190159999999976
0.08899000000000001,0.03683572000000016,0.02941295999999574,0.034639600000000347
0.08900000000000001,0.026208520000000984,0.025613479999994217,0.02826376000000603
0.08901,0.025202359999995663,0.029125920000000523,0.030360640000001386
0.08902,0.03380903999999677,0.03972595999999439,0.03643852000000713
0.08903000000000001,0.0219477200000053,0.03411771999999602,0.035080279999995564
0.08904000000000001,0.02985867999999002,0.031530359999993776,0.038291000000006126
0.08905,0.028621119999998883,0.024023840000006177,0.0403489600000063
0.08906000000000001,0.031229519999994567,0.018112600000007476,0.041135639999995685
0.08907000000000001,0.04836224000000495,0.021636520000007573,0.04206328000000009
0.08908,0.022938160000001522,0.03542596000000627,0.022533799999994802
0.08909,0.03246035999999635,0.038046840000006625,0.027481079999995578
0.08910000000000001,0.015338319999996027,0.01901784000000613,0.029059839999995864
0.08911000000000001,0.03020976000000175,0.02895028000000707,0.025764599999995738
0.08912,0.03277924000000795,0.02098328000000108,0.015466079999989564
0.08913,0.02781775999998994,0.025729999999999906,0.021305559999994724
0.08914000000000001,0.03838203999999173,0.025113240000007392,0.03464760000000133
0.08915000000000001,0.03736291999999736,0.024445480000002056,0.038372800000001706
0.08916,0.042601759999994576,0.03342608000000689,0.01913295999999481
0.08917000000000001,0.03242251999999979,0.02258672000000012,0.024508760000000334
0.08918000000000001,0.042364040000001976,0.04290508000000094,0.0393686000000017
0.08919,0.03745096000000675,0.034905999999995524,0.026763280000000618
0.0892,0.03342136000000405,0.027300440000007614,0.022444520000000242
0.08921000000000001,0.02305824000001037,0.02308332000001151,0.0205177599999998
0.08922000000000001,0.03176500000000724,0.03700316000001192,0.023512359999996055
0.08923,0.02754748000000522,0.038629600000006196,0.017370280000010573
0.08924000000000001,0.03940572000000103,0.01789295999999432,0.03400343999999599
0.08925000000000001,0.030970959999999926,0.03144131999999525,0.02013468000000863
0.08926,0.0255711999999932,0.04250743999999365,0.024164000000005934
0.08927,0.022547520000011558,0.03552927999999542,0.04271576000000207
0.08928000000000001,0.03614160000000267,0.029019640000006106,0.018935600000000413
0.08929000000000001,0.02603184000000445,0.03963139999999495,0.034572919999995406
0.0893,0.019879640000005302,0.036925280000000775,0.027603679999999204
0.08931,0.024649679999996184,0.02801116000001123,0.03165120000000627
0.08932000000000001,0.033790119999994414,0.045348240000002475,0.03321684000000056
0.08933,0.03512863999999524,0.03497232000001152,0.02457284000001121
0.08934,0.026834199999997633,0.025151200000006056,0.03133540000000569
0.08935000000000001,0.0275477200000053,0.032192720000004706,0.020206120000007505
0.08936000000000001,0.019947759999993986,0.021765519999994556,0.02031619999999464
0.08937,0.02493064000000348,0.034975000000000464,0.02193136000000578
0.08938,0.018266840000005224,0.01918396000000631,0.048244080000011944
0.08939000000000001,0.0295119600000118,0.027976120000005947,0.03841535999999587
0.08940000000000001,0.04110252000000345,0.04629384000000796,0.04237188000000574
0.08941,0.030786680000011637,0.025098240000010784,0.03832868000000824
0.08942000000000001,0.03617248000000052,0.02822040000000586,0.031644520000002084
0.08943000000000001,0.048923440000003725,0.02371492000000742,0.0415861200000072
0.08944,0.02430300000000155,0.015722800000005074,0.037712200000001125
0.08945,0.02356988000000668,0.012716080000009728,0.02552188000000182
0.08946000000000001,0.01887748000000504,0.022787320000001252,0.032668080000000356
0.08947000000000001,0.019553880000004176,0.024874919999989482,0.024729800000000836
0.08948,0.029247320000001374,0.02655771999999038,0.03813712000000213
0.08949000000000001,0.014463519999998333,0.02976803999998994,0.03337536000000119
0.08950000000000001,0.022250439999999802,0.03944355999999501,0.02974732000000521
0.08951,0.016828760000005275,0.043805480000004914,0.01751352000000616
0.08952,0.01874463999999419,0.035590200000006726,0.026891920000000086
0.08953000000000001,0.029967240000002237,0.03243623999999484,0.03162291999998994
0.08954000000000001,0.020753880000006626,0.01608411999999456,0.04427339999999991
0.08955,0.027228680000007072,0.043618280000002126,0.018291840000007796
0.08956,0.028768680000001986,0.03495871999999368,0.029620639999995268
0.08957000000000001,0.02521440000000729,0.033958640000001684,0.035158400000005266
0.08958,0.03431112000000106,0.050197760000002464,0.026993360000005656
0.08959,0.04066336000000176,0.03236376000001038,0.029865440000011206
0.08960000000000001,0.01620911999999456,0.02869756000000553,0.025379040000005477
0.08961000000000001,0.030245679999994512,0.029936640000010423,0.036692720000002205
0.08962,0.024646519999997098,0.02240348000000147,0.03284923999999965
0.08963,0.03394135999999078,0.03234663999999004,0.030533480000002184
0.08964000000000001,0.042264199999990405,0.02766447999999124,0.02108959999999965
0.08965000000000001,0.03205635999999502,0.03650563999999015,0.032680240000000686
0.08966,0.01684548000000098,0.024027239999989885,0.02710400000000451
0.08967000000000001,0.020807640000005935,0.018836279999989186,0.03518607999999962
0.08968000000000001,0.03931919999999469,0.03411920000000161,0.02994884000000035
0.08969,0.023355319999994663,0.0339418000000015,0.03469503999999599
0.0897,0.03491748000000021,0.026917559999994876,0.020244320000005818
0.08971000000000001,0.03725624000000207,0.038468000000000724,0.03106324000001135
0.08972000000000001,0.0381330799999919,0.03642332000000616,0.02846140000001135
0.08973,0.04507059999999464,0.0340779600000053,0.024870240000000196
0.08974000000000001,0.031275679999996406,0.03299080000000674,0.022289639999999347
0.08975000000000001,0.032244319999994435,0.03986304000000787,0.03618868000000695
0.08976,0.024498119999990898,0.0135582800000047,0.022446559999989072
0.08977,0.030925640000000414,0.04525748000000162,0.02543720000000016
0.08978000000000001,0.01791564000000585,0.03598691999999861,0.02822820000000103
0.08979000000000001,0.03666375999999518,0.038901039999994516,0.025407959999999737
0.0898,0.03005964000000079,0.04302440000000233,0.030848119999999635
0.08981,0.0254040400000007,0.02060451999999912,0.050574720000006665
0.08982000000000001,0.021219840000011307,0.02465583999999664,0.05011864000000728
0.08983000000000001,0.021888319999999996,0.034246480000006074,0.02839456000000497
0.08984,0.03354180000000149,0.049073880000000084,0.027770839999993673
0.08985000000000001,0.020445679999996087,0.03295456000000595,0.04315175999999968
0.08986000000000001,0.030819239999995706,0.023264719999994313,0.028791999999989513
0.08987,0.04564431999999484,0.02623004000000079,0.02140196000000125
0.08988,0.04052604000000297,0.023668720000005777,0.03467600000000074
0.08989000000000001,0.024363719999994347,0.02931011999999668,0.03289188000000735
0.08990000000000001,0.03586023999999333,0.017569120000001104,0.039503519999994505
0.08991,0.034478040000000224,0.030053680000002393,0.013311799999994964
0.08992000000000001,0.028570199999989984,0.03156676000000152,0.035444919999996
0.08993000000000001,0.024949800000006656,0.01650596000000503,0.029129280000006093
0.08994,0.03334495999999661,0.0508328400000005,0.02530044000000477
0.08995,0.03110711999999511,0.027283760000000074,0.045269120000002334
0.08996000000000001,0.02207108000000571,0.031559920000005834,0.023560040000006357
0.08997000000000001,0.03451880000000691,0.03499504000000776,0.03770335999999535
0.08998,0.03137515999999883,0.03207344000000786,0.03142659999999995
0.08999,0.028059680000000507,0.031884160000001126,0.03712292000000166
0.09000000000000001,0.027304760000005725,0.04763876000000165,0.030585839999995097
0.09001,0.026359640000006183,0.02723052000000104,0.03971143999999549
0.09002,0.034297119999996004,0.02194788000001119,0.05105772000000201
0.09003000000000001,0.035721120000005546,0.03006452000000656,0.03491080000000637
0.09004000000000001,0.03906904000000557,0.01510111999999489,0.038822280000007
0.09005,0.048599280000002215,0.021405999999992813,0.04612112000000597
0.09006,0.0442834000000067,0.03385232000000057,0.04324484000000596
0.09007000000000001,0.02744347999999523,0.036746520000000456,0.0326454800000008
0.09008000000000001,0.02106355999999605,0.01922679999999497,0.013574600000005238
0.09009,0.018948200000001383,0.020560320000005905,0.020226440000006687
0.09010000000000001,0.02787447999999928,0.05366364000000425,0.023261480000006468
0.09011000000000001,0.028403920000006147,0.025428120000001834,0.032739720000004746
0.09012,0.02705496000000019,0.025621040000007478,0.04032596000000025
0.09013,0.021779639999995593,0.04238612000000089,0.022256640000009018
0.09014000000000001,0.024008520000001008,0.02213808000000054,0.03202131999999481
0.09015000000000001,0.032387440000002224,0.03876767999999524,0.03989436000000634
0.09016,0.01686963999999833,0.03416596000000121,0.030943840000000285
0.09017000000000001,0.02254599999999977,0.028746200000000263,0.038342599999990144
0.09018000000000001,0.02296436000000175,0.03589416000000085,0.02621144000000182
0.09019,0.024396040000000806,0.036731719999993785,0.026688640000000034
0.0902,0.028626959999999903,0.03046003999999457,0.027515920000005828
0.09021000000000001,0.01708388000000407,0.019296199999993695,0.01859340000000095
0.09022000000000001,0.023452759999996946,0.019367639999995714,0.026451119999993996
0.09023,0.01250140000000524,0.01898447999999596,0.02248784000000626
0.09024,0.024253200000006362,0.022805960000007154,0.03579136000000625
0.09025000000000001,0.020556080000006176,0.024986960000001526,0.028762039999995687
0.09026,0.018328239999994764,0.04455372000000689,0.02215592000000457
0.09027,0.04174384000000229,0.03409240000000566,0.04052571999999832
0.09028000000000001,0.02815891999999116,0.02526247999999618,0.03699552000000864
0.09029000000000001,0.023027479999994598,0.025182479999991455,0.04419548000000894
0.0903,0.030325920000006043,0.03291335999999693,0.03173348000000613
0.09031,0.035465960000000706,0.02881727999999093,0.015406679999994465
0.09032000000000001,0.030886160000000808,0.03151564000000065,0.018173880000004937
0.09033000000000001,0.03868336000000059,0.03667132000000784,0.02783571999998976
0.09034,0.02909919999999424,0.028092760000000484,0.016445519999999148
0.09035000000000001,0.03624868000000663,0.025706000000004798,0.027479760000000675
0.09036000000000001,0.032726080000001274,0.039415720000001375,0.03475091999999583
0.09037,0.025545040000006486,0.037411520000008205,0.03718940000000172
0.09038,0.024739560000006044,0.025553920000004872,0.011538360000002058
0.09039000000000001,0.023463560000006566,0.02169895999999913,0.011840760000006178
0.09040000000000001,0.022270520000001123,0.03449760000000592,0.032066439999993465
0.09041,0.027735600000007667,0.03218068000000847,0.04250984000000128
0.09042000000000001,0.02780964000000652,0.03633996000000694,0.0329997600000015
0.09043000000000001,0.03005040000000781,0.02616800000001124,0.04893924000000261
0.09044,0.028690559999998585,0.0212141200000004,0.02464615999999472
0.09045,0.032469640000000875,0.018613999999997057,0.03818359999998992
0.09046000000000001,0.03718503999999544,0.0401463999999936,0.026385999999996874
0.09047000000000001,0.01845076000000122,0.030414639999995403,0.03724963999999354
0.09048,0.03510739999999941,0.037694000000004946,0.03871403999999
0.09049,0.03365311999999755,0.02546851999999408,0.03236251999999605
0.09050000000000001,0.022853640000004997,0.03506976000000677,0.03087083999999606
0.09051000000000001,0.02088671999999462,0.029871680000000244,0.0388787599999957
0.09052,0.03546032000000234,0.01659084000000419,0.033729479999990326
0.09053000000000001,0.01900495999999523,0.0340599199999969,0.03462268000000635
0.09054000000000001,0.023040800000005197,0.02754084000000037,0.024739359999999457
0.09055,0.043424359999993896,0.026895240000000896,0.018015839999995193
0.09056,0.03925052000000379,0.03228711999999478,0.0222006800000041
0.09057000000000001,0.03786067999999312,0.01838503999999533,0.03235540000000556
0.09058000000000001,0.046035040000000776,0.03451392000000482,0.0232288400000004
0.09059,0.02434776000000535,0.03215440000000198,0.024570520000006448
0.09060000000000001,0.03101880000000109,0.04093227999999692,0.03587524000000593
0.09061000000000001,0.024369640000010337,0.033239799999996496,0.022481240000003615
0.09062,0.03191072000000535,0.019294079999995425,0.0270884399999933
0.09063,0.027168720000005957,0.041653720000007985,0.042097960000011765
0.09064000000000001,0.023895800000011735,0.0391860799999951,0.029086000000005996
0.09065000000000001,0.03703664000000194,0.027138199999999685,0.04437188000000635
0.09066,0.025977399999995245,0.01690599999999465,0.04968552000000867
0.09067,0.0248286399999955,0.01690727999999508,0.02108083999999373
0.09068000000000001,0.0261689200000012,0.021544040000007342,0.0306319999999964
0.09069,0.030542839999994516,0.019374120000005327,0.04497807999999582
0.0907,0.03461067999999672,0.024514239999989074,0.04070980000000065
0.09071000000000001,0.05412143999999544,0.018723560000001447,0.0323721999999916
0.09072000000000001,0.032339120000000346,0.01904803999999401,0.040892880000002164
0.09073,0.02533916000000629,0.020511360000005727,0.042835599999993604
0.09074,0.027074280000000665,0.027476640000001065,0.030227039999994994
0.09075000000000001,0.015493600000004987,0.017029800000006985,0.04096515999999531
0.09076000000000001,0.03354504000000695,0.027271880000007118,0.022900359999994523
0.09077,0.02368960000001133,0.04438144000000229,0.021901919999991127
0.09078000000000001,0.020402359999993305,0.020912919999999044,0.043502280000006784
0.09079000000000001,0.01893688000000506,0.03786927999999567,0.048782840000007086
0.0908,0.046853280000000413,0.049654799999998354,0.013966760000001105
0.09081,0.026381799999993252,0.0280616799999998,0.026890479999995106
0.09082000000000001,0.019988600000003662,0.02979171999999927,0.035846159999995304
0.09083000000000001,0.02645124000000939,0.031243079999996516,0.01998719999999526
0.09084,0.031093760000011645,0.0326244000000021,0.030003360000004878
0.09085000000000001,0.028034999999993246,0.024272399999994382,0.03807512000000497
0.09086000000000001,0.028865760000005597,0.023061880000000978,0.02462891999999941
0.09087,0.02247192000000715,0.024340280000000963,0.025927160000000588
0.09088,0.031463760000006266,0.024011959999999628,0.03203324000000628
0.09089000000000001,0.02234792000000579,0.043431960000001574,0.0384433600000051
0.09090000000000001,0.0206004399999994,0.020597800000000593,0.02796176000001168
0.09091,0.023922879999999917,0.03572755999999327,0.030517240000001614
0.09092,0.03809908000000035,0.03779187999999489,0.021925880000007003
0.09093000000000001,0.027185160000001346,0.03789543999999483,0.0319817999999894
0.09094000000000001,0.044878040000001646,0.02190888000000156,0.02872187999999601
0.09095,0.022648680000006634,0.022922399999988984,0.019769359999995684
0.09096000000000001,0.02835016000000162,0.025994439999996777,0.02677920000000165
0.09097000000000001,0.022469200000004543,0.035086760000002805,0.04320551999999054
0.09098,0.03611908000000642,0.026747719999995163,0.03558703999999015
0.09099,0.046242040000007686,0.03170859999999558,0.029586039999996407
0.09100000000000001,0.026129680000004242,0.025722279999994175,0.028067679999996695
0.09101000000000001,0.023312919999999276,0.023969000000004178,0.014750880000003838
0.09102,0.01321255999998945,0.020844480000011382,0.019851279999999707
0.09103000000000001,0.030166320000006117,0.034396160000011965,0.034211440000002126
0.09104000000000001,0.021913839999994498,0.023887920000006068,0.030223159999995752
0.09105,0.011808240000000964,0.023209920000000914,0.04445540000000057
0.09106,0.029901439999994103,0.026027239999989998,0.036977240000004685
0.09107000000000001,0.04582984000000286,0.023227239999989824,0.02187348000000757
0.09108000000000001,0.034721840000001856,0.01687200000000179,0.02479855999999754
0.09109,0.030049799999994752,0.0351597199999948,0.022214759999995757
0.09110000000000001,0.02733343999999932,0.03526851999999521,0.029887679999997623
0.09111000000000001,0.03180019999999654,0.02527776000000223,0.0318852799999945
0.09112,0.030516079999994648,0.024681680000003654,0.03960671999999004
0.09113,0.027439279999991222,0.025203719999998698,0.03862155999999565
0.09114000000000001,0.025236360000001696,0.01995560000000603,0.023253919999999532
0.09115000000000001,0.02376908000000131,0.037673320000005325,0.052185719999996216
0.09116,0.030908079999997264,0.03068863999999832,0.029760960000002164
0.09117,0.04092679999999816,0.03407667999999734,0.036362360000002224
0.09118000000000001,0.02001008000000129,0.021630239999993646,0.027348079999998887
0.09119000000000001,0.038785400000001254,0.026964559999995516,0.04413132000000028
0.0912,0.027308159999994995,0.02970452000000152,0.023249839999988916
0.09121000000000001,0.02487440000000589,0.02238743999999303,0.027003560000005575
0.09122000000000001,0.036415639999994184,0.02035227999999977,0.04578644000000758
0.09123,0.03283567999999966,0.03136980000001003,0.031724840000000636
0.09124,0.03434140000000654,0.02713060000001123,0.03158548000000142
0.09125000000000001,0.022486000000009575,0.02077904000000028,0.04174076000000184
0.09126000000000001,0.02006480000001003,0.026209759999999475,0.029701239999993325
0.09127,0.025278919999994126,0.024814679999996175,0.030118640000005838
0.09128000000000001,0.031189839999995587,0.025585239999997133,0.02848056000000098
0.09129000000000001,0.03794031999999881,0.017230199999999165,0.024193360000005326
0.0913,0.015998880000006415,0.024252279999997097,0.03402060000000829
0.09131,0.021983879999994457,0.02259404000000507,0.02776684000000758
0.09132000000000001,0.028917400000008097,0.03066295999998907,0.026067560000002047
0.09133000000000001,0.03572052000000737,0.035292959999994544,0.022393080000000388
0.09134,0.04380944000000319,0.053386560000005946,0.014529600000005706
0.09135,0.028289719999996854,0.011621160000005392,0.019929079999991425
0.09136000000000001,0.029990280000000296,0.032266159999994416,0.025867959999995613
0.09137,0.035343199999996334,0.044371679999997596,0.029217960000000633
0.09138,0.03445408,0.025680959999991693,0.03674872000000485
0.09139000000000001,0.025502359999995186,0.02718603999999716,0.03721703999999637
0.09140000000000001,0.027931840000000187,0.036572800000000565,0.029401680000005575
0.09141,0.019195200000006123,0.030384720000008317,0.03222943999999615
0.09142,0.01810564000001128,0.024954360000007374,0.03246756000000199
0.09143000000000001,0.03592868000001143,0.024371960000008016,0.04066799999999452
0.09144000000000001,0.05190676000000318,0.027306080000011362,0.044892879999990115
0.09145,0.0377286400000043,0.03514867999999995,0.041406079999994794
0.09146000000000001,0.032309360000012034,0.027123680000005562,0.029607479999991686
0.09147000000000001,0.029101000000000043,0.03590375999999653,0.03203456000000049
0.09148,0.025078720000001997,0.026273480000005938,0.020980920000000455
0.09149,0.030517080000007742,0.04331240000000484,0.03233775999999561
0.09150000000000001,0.028424600000001472,0.038207040000004924,0.02209492000000022
0.09151000000000001,0.036009680000008155,0.039434000000006644,0.04139783999999422
0.09152,0.023111559999995715,0.04279920000001208,0.010884279999998438
0.09153000000000001,0.049263680000000434,0.03365948000000777,0.019090799999996067
0.09154000000000001,0.04864327999999636,0.03320756000000783,0.0225913599999989
0.09155,0.04108643999999819,0.03608436000000147,0.02527351999999978
0.09156,0.018076479999999485,0.04386652000001207,0.03280556000000112
0.09157000000000001,0.026856120000000934,0.028260800000009828,0.029691800000005167
0.09158000000000001,0.0303653999999996,0.021533600000000527,0.0535519200000071
0.09159,0.009602400000005198,0.02277220000001151,0.036354599999996004
0.0916,0.01516555999998899,0.04113600000000471,0.03434511999999564
0.09161000000000001,0.02140263999998985,0.030056240000002492,0.028293159999995692
0.09162000000000001,0.03464651999999492,0.03796876000000622,0.02929356000000589
0.09163,0.019601999999999297,0.020942559999997834,0.01420239999999372
0.09164000000000001,0.028209319999999795,0.04078603999999714,0.04259324000000065
0.09165000000000001,0.02446724000000166,0.019233559999996146,0.027770240000006385
0.09166,0.052847520000000786,0.04076900000000513,0.014405079999994075
0.09167,0.03642452000000148,0.011867719999999901,0.03409787999998925
0.09168000000000001,0.03429107999999398,0.03148655999999326,0.03278528000000055
0.09169000000000001,0.03129960000000603,0.0222733600000045,0.05225328000000559
0.0917,0.02475652000000429,0.02520703999999451,0.025996159999995997
0.09171000000000001,0.04792912000000787,0.0161265599999949,0.02388283999999561
0.09172000000000001,0.03543716000000791,0.029035559999994628,0.04055019999999947
0.09173,0.02905692000000796,0.03390824000000194,0.021377559999999372
0.09174,0.02674764000000051,0.023384080000006253,0.019340279999999894
0.09175000000000001,0.03280840000000139,0.011502960000002395,0.02223759999999371
0.09176000000000001,0.030943799999993266,0.03061307999999639,0.021179879999991
0.09177,0.03854660000000144,0.032243600000002835,0.02523116000000403
0.09178000000000001,0.03241575999998916,0.029559600000011458,0.02291124000000275
0.09179000000000001,0.025288000000000997,0.01500451999999537,0.014931599999998161
0.0918,0.021223640000011347,0.027277920000000445,0.03222695999999594
0.09181,0.013749040000003227,0.02554584000000683,0.024553560000005012
0.09182000000000001,0.023162200000011214,0.033605960000007526,0.025746760000011817
0.09183000000000001,0.025121319999993553,0.03038167999999807,0.01984104000000737
0.09184,0.03692399999999446,0.03672548000000558,0.03833352000000554
0.09185,0.02804240000000648,0.023936639999994378,0.03429388000000726
0.09186000000000001,0.030881800000010323,0.017403720000000063,0.021752240000007254
0.09187000000000001,0.0325035999999947,0.020527560000001173,0.030509080000005694
0.09188,0.04216099999999425,0.04154652000000153,0.021796360000000178
0.09189000000000001,0.037411199999999895,0.02926572000000188,0.03946992000000321
0.09190000000000001,0.03232540000000745,0.037285600000006275,0.03393552000000122
0.09191,0.030823920000007672,0.030568560000001008,0.01484832000000594
0.09192,0.030563920000001688,0.02595996000000532,0.030105640000011497
0.09193000000000001,0.0338200800000011,0.029024919999998542,0.03573035999999682
0.09194000000000001,0.019439920000006588,0.030734000000000507,0.0329777599999934
0.09195,0.018863520000001306,0.031369559999996736,0.018902360000011015
0.09196000000000001,0.029425599999996898,0.01929715999999593,0.03301348000001173
0.09197000000000001,0.030550680000001745,0.01985392000000971,0.04957240000000883
0.09198,0.03337512000000123,0.029914479999996052,0.03471155999999632
0.09199,0.03010759999999405,0.02530651999998994,0.04846523999999595
0.09200000000000001,0.04384979999999626,0.045433919999996755,0.039310840000006377
0.09201000000000001,0.036160480000002285,0.03152839999999624,0.048580239999996014
0.09202,0.0363304800000051,0.02032092000000647,0.03932604000000249
0.09203,0.021370480000011346,0.02433872000000611,0.021836839999996197
0.09204000000000001,0.024667240000000232,0.030325439999995773,0.02799040000001192
0.09205,0.02034243999999848,0.030972959999999893,0.0299902800000055
0.09206,0.03513219999999394,0.02556984000001137,0.02357256000000394
0.09207000000000001,0.02686563999999554,0.03144732000000095,0.01901716000000588
0.09208000000000001,0.02704571999999461,0.02122567999999527,0.03241715999999078
0.09209,0.022902919999994414,0.03368136000000533,0.021572080000003605
0.0921,0.029997040000007077,0.03406868000000629,0.028666840000005654
0.09211000000000001,0.026825679999995272,0.024550320000005607,0.033354959999994944
0.09212000000000001,0.029528119999999953,0.03660064000000824,0.032372640000001944
0.09213,0.029326839999989956,0.030011240000005143,0.03802116000000611
0.09214000000000001,0.039565639999998105,0.036918800000007274,0.02888132000000666
0.09215000000000001,0.03566663999999727,0.030522720000006855,0.029178600000005835
0.09216,0.023404759999997325,0.03174228000000171,0.022168560000003598
0.09217,0.03205843999999976,0.02122120000000572,0.038126639999994924
0.09218000000000001,0.026670400000000243,0.04147475999999499,0.027736880000005567
0.09219000000000001,0.045503279999996225,0.04042047999999604,0.03764032000000167
0.0922,0.03026368000000567,0.030245640000005958,0.029083880000006855
0.09221000000000001,0.03281600000000586,0.029611320000000538,0.02246447999999466
0.09222000000000001,0.04119708000000699,0.04049048000000185,0.03704115999999337
0.09223,0.02779171999999939,0.038266880000005846,0.037254439999993935
0.09224,0.027519400000000763,0.028959760000010642,0.027919800000001018
0.09225000000000001,0.022268080000000034,0.026698160000005963,0.026816880000005087
0.09226000000000001,0.02828028000000708,0.049999879999994584,0.03510255999999621
0.09227,0.030144159999999868,0.04392191999999477,0.04026064000000601
0.09228,0.026273720000004074,0.03802483999999433,0.023535000000005146
0.09229000000000001,0.023247999999994565,0.016734959999994917,0.033172200000009894
0.09230000000000001,0.02831051999999068,0.031769359999996284,0.029350720000009167
0.09231,0.04138932000000098,0.03492511999999629,0.02729039999999998
0.09232000000000001,0.02230451999999529,0.03556531999999588,0.026896880000005854
0.09233000000000001,0.042437080000007316,0.04703963999999578,0.04245199999999577
0.09234,0.026714479999996273,0.024534679999990434,0.032628440000005476
0.09235,0.04637540000000372,0.027370999999994608,0.042009680000006704
0.09236000000000001,0.026190120000001038,0.036921560000001054,0.029770800000000913
0.09237000000000001,0.029244439999989092,0.05108539999998975,0.022269160000000073
0.09238,0.030496799999999716,0.04336107999999461,0.03421019999999695
0.09239000000000001,0.018813440000007876,0.025976920000000278,0.040287119999995256
0.09240000000000001,0.02544032000000964,0.022543879999995044,0.028482919999995766
0.09241,0.023599320000010013,0.01815871999999311,0.02359696000000557
0.09242,0.029292080000011586,0.030021160000005803,0.022586199999989755
0.09243000000000001,0.02265288000000546,0.017782800000000782,0.024029240000000417
0.09244000000000001,0.04382939999999662,0.03048095999999544,0.028009560000006237
0.09245,0.030059280000006277,0.04133227999999514,0.02683743999999496
0.09246000000000001,0.028510440000006174,0.03953140000000089,0.03589660000000067
0.09247000000000001,0.04171448000000809,0.03853468000000022,0.031787000000001404
0.09248,0.02791299999999975,0.03045363999999583,0.03579936000000671
0.09249,0.053622000000009315,0.029324679999989667,0.023622400000001313
0.09250000000000001,0.026208040000005747,0.05339139999999467,0.03341576000000844
0.09251000000000001,0.024690120000006706,0.033853079999995296,0.030911839999997803
0.09252,0.029540920000006337,0.030327240000007735,0.018904120000004875
0.09253,0.04400712000001175,0.060967120000009103,0.049931879999995606
0.09254000000000001,0.046914280000007344,0.04473024000000248,0.03972983999999946
0.09255000000000001,0.038797360000011875,0.020126559999999297,0.0455487200000011
0.09256,0.036178880000006824,0.02800991999999527,0.029182880000004362
0.09257000000000001,0.03610908000000658,0.040699159999994926,0.033364919999999486
0.09258000000000001,0.035751960000006494,0.023901119999998766,0.02578751999999999
0.09259,0.02724912000000458,0.028492560000000187,0.026944599999995104
0.0926,0.037728079999999525,0.03760635999999616,0.020307359999998654
0.09261000000000001,0.021971199999993227,0.028209239999997547,0.03221051999999982
0.09262000000000001,0.02768444000000233,0.024227319999993592,0.05756300000000146
0.09263,0.025300400000006537,0.019307079999995612,0.02821071999999147
0.09264000000000001,0.01869616000000624,0.020856999999999504,0.03381144000000208
0.09265000000000001,0.017856360000002312,0.04294023999999515,0.02889008000000594
0.09266,0.025644040000001707,0.015848600000010933,0.025398319999995447
0.09267,0.036857960000001466,0.04948624000000853,0.034663400000001586
0.09268000000000001,0.028406839999990594,0.039479960000004685,0.024587040000000216
0.09269000000000001,0.04951112000000224,0.0335497200000116,0.026193759999995164
0.0927,0.030994599999993804,0.051308599999996235,0.03261816000000075
0.09271,0.045440440000002726,0.03397680000000611,0.029906639999993725
0.09272000000000001,0.025129839999996673,0.03270203999999584,0.025811880000001737
0.09273,0.021135639999995185,0.04431191999998988,0.021091920000006207
0.09274,0.03148996000000795,0.02133015999999636,0.024875120000004743
0.09275000000000001,0.019808159999992886,0.016725840000007593,0.025568280000001352
0.09276000000000001,0.03661744000000367,0.025334399999996985,0.024561800000005678
0.09277,0.0355876799999951,0.027518560000005816,0.0367460000000006
0.09278,0.027011880000001584,0.025186159999995177,0.040503840000005835
0.09279000000000001,0.019349880000007005,0.03031760000000788,0.049287440000011874
0.09280000000000001,0.037008280000008074,0.01817052000000582,0.021871800000002235
0.09281,0.027493679999990233,0.020875640000004705,0.042118640000006605
0.09282000000000001,0.050048359999995864,0.02667623999999346,0.0355138800000074
0.09283000000000001,0.03154739999999589,0.02796091999999642,0.01563372000000633
0.09284,0.023817840000005596,0.03309616000000365,0.04027160000000507
0.09285,0.03676676000000197,0.025634480000004515,0.03374248000000069
0.09286000000000001,0.04428928000001201,0.03460164000000215,0.017929239999999687
0.09287000000000001,0.03921820000000043,0.017959640000006036,0.01100572000000205
0.09288,0.037017320000008326,0.035648479999989505,0.029491720000006733
0.09289000000000001,0.02495544000000438,0.04490515999999585,0.022940159999996726
0.09290000000000001,0.035758360000002064,0.04118795999999973,0.03497919999998974
0.09291,0.020019959999999733,0.030032280000004147,0.024884999999994224
0.09292,0.019893440000004627,0.024866079999999357,0.020551640000000596
0.09293000000000001,0.021690160000006665,0.03128352000000674,0.03548108000000271
0.09294000000000001,0.02587883999999548,0.04048647999999944,0.017778560000010837
0.09295,0.013230159999996651,0.026574319999997143,0.02707980000000633
0.09296,0.05205003999999718,0.047223240000001714,0.03572436000000631
0.09297000000000001,0.05325991999999535,0.028820719999995265,0.0379328400000066
0.09298000000000001,0.026151200000003875,0.03587455999999643,0.03247340000000199
0.09299,0.025267560000001524,0.02596375999999405,0.03618555999999436
0.09300000000000001,0.03972372000000047,0.035656280000000005,0.02686404000000001
0.09301000000000001,0.012738600000003885,0.02950355999999663,0.032143240000004694
0.09302,0.02785332000000563,0.030373720000001603,0.023445639999996024
0.09303,0.03783600000000174,0.022856560000005424,0.03464135999999737
0.09304000000000001,0.047957920000007544,0.021143360000011262,0.01934311999999425
0.09305000000000001,0.024817240000010853,0.02874664000001159,0.0231505200000002
0.09306,0.03799468000001182,0.027344640000006675,0.019527839999994245
0.09307000000000001,0.028332320000010357,0.01990087999999918,0.032580520000004734
0.09308000000000001,0.04034280000000658,0.028605480000004763,0.02923396000000984
0.09309,0.02219359999999951,0.04254464000000744,0.04320712000001167
0.0931,0.035739320000011544,0.02910988000000675,0.05330612000000736
0.09311000000000001,0.0391192400000064,0.02535459999999868,0.03536824000000773
0.09312000000000001,0.02028243999999581,0.02869423999999951,0.049772360000011784
0.09313,0.04126227999999468,0.03232735999999492,0.034566000000001394
0.09314000000000001,0.017682399999999984,0.025875480000004624,0.03250208000000972
0.09315000000000001,0.02701047999999316,0.02044923999999921,0.016043519999999464
0.09316,0.03219951999999415,0.03130171999999996,0.0427665600000117
0.09317,0.024325040000007347,0.03588172000000288,0.03731080000000069
0.09318000000000001,0.0304887199999944,0.026456079999999455,0.030484400000007395
0.09319000000000001,0.040883119999996,0.03703892000000196,0.017405199999997407
0.0932,0.02648564000000668,0.02799132000000759,0.04984732000000161
0.09321,0.03712152000000153,0.04252991999999721,0.022704679999997035
0.09322000000000001,0.04092664000001222,0.023399680000001134,0.03315984000000562
0.09323000000000001,0.0327373600000044,0.02978708000000708,0.025164120000008113
0.09324,0.03353527999999574,0.021348240000001538,0.03189484000000066
0.09325000000000001,0.04737260000000724,0.04278203999999189,0.03249143999999675
0.09326000000000001,0.03484124000000059,0.0447815199999944,0.02728095999999538
0.09327,0.030131319999999993,0.037501479999991455,0.02438592000000172
0.09328,0.0395101600000044,0.04494695999999989,0.04146564000000714
0.09329000000000001,0.034595520000007866,0.029668519999999202,0.020190279999997167
0.09330000000000001,0.024602400000007126,0.04282135999999412,0.02743384000000499
0.09331,0.019346199999999276,0.016478159999993264,0.018706839999996876
0.09332000000000001,0.04679360000000041,0.025968200000004667,0.029983159999991255
0.09333000000000001,0.028191000000007987,0.015854360000009914,0.04133171999999449
0.09334,0.044859320000006864,0.03014247999999997,0.03110539999999867
0.09335,0.030094999999995348,0.03427431999999499,0.022023719999990088
0.09336000000000001,0.02271407999998959,0.03687387999999999,0.018953359999989403
0.09337000000000001,0.013264599999995493,0.03299175999999951,0.019729879999996622
0.09338,0.027600120000001113,0.03225931999999531,0.02863988000000672
0.09339,0.0365011999999955,0.033172560000000954,0.018722839999988788
0.09340000000000001,0.019568119999994603,0.0454298799999965,0.03760772000000146
0.09341,0.02686320000000241,0.04715311999999899,0.022293719999996554
0.09342,0.024616279999999643,0.04403579999999782,0.026598199999994084
0.09343000000000001,0.031200159999995845,0.030160559999993806,0.03503547999999423
0.09344000000000001,0.03199076000000655,0.03626651999999005,0.03754199999999992
0.09345,0.029736880000005544,0.016910120000011186,0.029920760000002215
0.09346,0.028375079999995494,0.03336408000000677,0.014098480000002276
0.09347000000000001,0.025621200000005714,0.02552407999999671,0.027663279999999846
0.09348000000000001,0.04304028000000639,0.011764360000001452,0.029874159999999678
0.09349,0.03959772000000655,0.014165119999994251,0.04532764000000046
0.09350000000000001,0.037900640000000485,0.024491680000006535,0.0346062399999953
0.09351000000000001,0.01909144000001158,0.030429640000006888,0.03629112000000037
0.09352,0.0189277599999964,0.03365123999999931,0.02730083999999623
0.09353,0.026719960000005993,0.03546283999999445,0.03318455999999035
0.09354000000000001,0.030016440000006073,0.021095520000004375,0.03152140000000629
0.09355000000000001,0.03273636000000102,0.040639439999994184,0.021567639999994507
0.09356,0.03723876000000048,0.03557175999998937,0.034847400000004386
0.09357000000000001,0.04575168000000475,0.025944160000000292,0.03924599999999984
0.09358000000000001,0.03996935999999795,0.025671800000006243,0.021144519999989776
0.09359,0.034140040000008164,0.019139520000006034,0.04206080000000057
0.0936,0.023110720000007304,0.04311176000000723,0.030846640000004838
0.09361000000000001,0.03307167999999932,0.024728320000004626,0.045609800000000575
0.09362000000000001,0.021517399999996547,0.024754320000001467,0.029990280000005986
0.09363,0.02027335999999923,0.035641999999995316,0.05903123999999524
0.09364,0.028794359999989624,0.028881000000006908,0.029511079999996317
0.09365000000000001,0.045067280000001125,0.03685752000000096,0.031952439999999235
0.09366000000000001,0.025752999999995814,0.018407760000000717,0.034892320000006645
0.09367,0.022995400000007972,0.03838179999998948,0.026266520000011447
0.09368000000000001,0.032299400000010935,0.036843839999997026,0.024329520000001367
0.09369000000000001,0.023524520000004205,0.03519203999999357,0.04336592000000668
0.0937,0.02125548000000069,0.0312114000000019,0.03469175999999996
0.09371,0.012214960000004093,0.04572047999998952,0.035029320000007434
0.09372000000000001,0.01906368000000519,0.024502200000000265,0.021304480000004882
0.09373000000000001,0.04671167999999557,0.031026280000000395,0.030771720000009908
0.09374,0.024124559999989154,0.035767719999990885,0.023066520000011408
0.09375000000000001,0.02098443999999627,0.03754879999999589,0.04022404000000839
0.09376000000000001,0.03258447999999635,0.05184995999999589,0.023422360000006456
0.09377,0.03327124000000691,0.03150868000000561,0.032988080000011716
0.09378,0.017556599999993,0.028473039999995814,0.03210832000000522
0.09379000000000001,0.02682664000000018,0.028695519999996,0.03716656000000042
0.09380000000000001,0.028282240000002023,0.028805079999994765,0.01898544000000101
0.09381,0.03152128000000759,0.022378880000000212,0.029282319999999744
0.09382000000000001,0.03347240000000651,0.02169500000000136,0.021563960000000295
0.09383000000000001,0.034822040000007666,0.016321520000000117,0.05201128000000687
0.09384,0.04489640000000581,0.02868915999999946,0.06005240000000769
0.09385,0.02671819999999726,0.02557224000000663,0.028321360000001808
0.09386000000000001,0.02025124000000003,0.02506843999999397,0.030607599999994604
0.09387000000000001,0.025805680000008175,0.03252547999999451,0.020129000000005344
0.09388,0.036100600000008316,0.03578080000000619,0.03356919999999674
0.09389,0.03565084000000843,0.02677147999999539,0.017777759999995396
0.09390000000000001,0.027473440000008127,0.031664559999997975,0.02031879999999157
0.09391000000000001,0.02223943999999374,0.026165040000002384,0.03333403999999131
0.09392,0.02749008000000659,0.03279524000000107,0.013358359999995205
0.09393000000000001,0.02834259999998983,0.03046296000000433,0.03501067999999681
0.09394000000000001,0.030637240000000406,0.03350087999999989,0.024337079999989682
0.09395,0.025226160000004886,0.04892415999999694,0.03156907999999995
0.09396,0.02103080000000045,0.029135520000005282,0.032770039999995206
0.09397000000000001,0.043339919999999,0.03678804000001105,0.02789335999998924
0.09398000000000001,0.04310355999999712,0.028747759999993804,0.027839719999991342
0.09399,0.03718199999999147,0.046968160000002084,0.028861800000000305
0.09400000000000001,0.037786639999994626,0.027005200000010658,0.04212968000000539
0.09401000000000001,0.0350485999999901,0.031759720000010636,0.029717559999995112
0.09402,0.028003359999997136,0.03618192000000635,0.022065560000006618
0.09403,0.03340699999998928,0.037785920000011776,0.02331980000000106
0.09404000000000001,0.03468868000000015,0.0378974400000047,0.02141483999999671
0.09405000000000001,0.03922807999998992,0.03227932000000656,0.026926599999994066
0.09406,0.025520359999994573,0.015866199999999747,0.04535924000000115
0.09407,0.02369035999998923,0.031467159999995616,0.027643959999988945
0.09408000000000001,0.035717800000002034,0.036146399999993625,0.0320082400000001
0.09409000000000001,0.03228864000000038,0.029823279999993537,0.04041231999999376
0.0941,0.029286639999999548,0.013764039999996496,0.034706720000002356
0.09411000000000001,0.033995960000006376,0.034733600000006956,0.03554648000000085
0.09412000000000001,0.04269295999999527,0.021967040000000142,0.04259087999999976
0.09413,0.02277091999999701,0.027587439999999932,0.020991399999999487
0.09414,0.03218480000000535,0.029549560000006136,0.03519884000000373
0.09415000000000001,0.038833439999998186,0.037381360000001466,0.03555560000000633
0.09416000000000001,0.029599800000004742,0.017461839999999236,0.037003760000007505
0.09417,0.02990543999999708,0.019543199999996087,0.032211160000005075
0.09418000000000001,0.028782959999989883,0.039555359999994995,0.0231336000000068
0.09419000000000001,0.0329621999999957,0.045262599999990015,0.045977320000001744
0.0942,0.027998160000007398,0.021840680000005455,0.031085359999991256
0.09421,0.0409150800000047,0.03409272000000084,0.04133475999999745
0.09422000000000001,0.04000192000000795,0.028445399999994028,0.03608095999999153
0.09423000000000001,0.033724000000007415,0.029261080000002583,0.035732559999997165
0.09424,0.035806119999996194,0.024554359999999793,0.035733560000002135
0.09425000000000001,0.04862612000000258,0.03301827999999989,0.043568680000002226
0.09426000000000001,0.04228231999999446,0.03265063999999535,0.027858799999996502
0.09427,0.034277199999997156,0.03448355999999584,0.025035080000000345
0.09428,0.02684780000000062,0.036451279999998754,0.026405200000007536
0.09429000000000001,0.022762559999990557,0.053264640000002215,0.018975960000010617
0.09430000000000001,0.03590548000000071,0.028869160000005424,0.029818639999994293
0.09431,0.039315760000003204,0.026666159999994284,0.03385204000000529
0.09432,0.01554668000000026,0.019912040000008877,0.03254396000000303
0.09433000000000001,0.018007080000010788,0.03169608000000757,0.03342511999999738
0.09434000000000001,0.026432000000007685,0.032045920000010504,0.032330359999995575
0.09435,0.04168228000000286,0.027679880000006242,0.02878472000000802
0.09436000000000001,0.020680839999993685,0.037488560000000226,0.023811880000001662
0.09437000000000001,0.02784552000000123,0.023611520000011342,0.03391180000001042
0.09438,0.014909279999998859,0.03714336000000183,0.029476559999995443
0.09439,0.0316018400000012,0.024202800000004923,0.0348691600000056
0.09440000000000001,0.019987639999995074,0.01632340000000046,0.02650028000000636
0.09441000000000001,0.024453240000001673,0.035733839999999635,0.024075360000001725
0.09442,0.027170639999999673,0.03992411999999709,0.029488120000007792
0.09443000000000001,0.019766280000005586,0.025822799999993245,0.026196800000001186
0.09444000000000001,0.01622295999999433,0.03368771999998994,0.030562480000001904
0.09445,0.034129160000000464,0.03639203999999359,0.03433563999999543
0.09446,0.03165915999999977,0.028196439999995448,0.033910160000003686
0.09447000000000001,0.022082560000001562,0.024082760000001896,0.05109491999999936
0.09448000000000001,0.028739800000002324,0.028762240000006007,0.02091775999999952
0.09449,0.025261080000005542,0.01456767999999565,0.023153600000006533
0.09450000000000001,0.021493320000009676,0.023592919999995954,0.024434159999989196
0.09451000000000001,0.021888119999999497,0.02976595999999763,0.02748107999999503
0.09452,0.0468449999999946,0.04606411999999821,0.04140051999999552
0.09453,0.02288304000001162,0.0219094000000017,0.03544548000000564
0.09454000000000001,0.03973791999999969,0.02604548000000028,0.021800679999996075
0.09455000000000001,0.0292646399999961,0.0244639199999997,0.030181120000001133
0.09456,0.03275272000000315,0.026664759999996124,0.03926724000000205
0.09457,0.03167883999999557,0.022925160000005308,0.022831920000010726
0.09458000000000001,0.023860559999997488,0.05086748000000764,0.0408054400000072
0.09459000000000001,0.027352880000000673,0.03934600000000036,0.03088812000000745
0.0946,0.024788080000001433,0.04274180000000181,0.04968784000000704
0.09461000000000001,0.03318147999999661,0.044122440000011955,0.042717999999996085
0.09462000000000001,0.029284799999993883,0.038591240000001074,0.04349768000000688
0.09463,0.029046600000007614,0.021299720000005,0.017430040000000327
0.09464,0.020882359999996533,0.034084519999997065,0.025173960000006757
0.09465000000000001,0.025272039999994535,0.038935919999993816,0.025573960000004628
0.09466000000000001,0.011404439999995486,0.022738599999995713,0.025926400000005886
0.09467,0.038023279999997155,0.025422919999995946,0.03782816000000062
0.09468000000000001,0.030942359999994198,0.019940639999995076,0.022163199999995525
0.09469000000000001,0.02962103999999992,0.03000335999999712,0.030561920000006945
0.0947,0.03746847999999475,0.033507680000007097,0.023122680000005703
0.09471,0.05382731999999453,0.025611880000002033,0.0272767199999941
0.09472000000000001,0.040764280000005954,0.036489639999990144,0.030900360000000772
0.09473000000000001,0.0476610400000064,0.028480400000001762,0.036841719999994804
0.09474,0.03805751999999495,0.0291686000000012,0.045423840000007064
0.09475,0.04268059999999596,0.03098532000000602,0.03781883999999393
0.09476000000000001,0.023267999999994994,0.025891840000007542,0.021357119999999948
0.09477000000000001,0.023800519999995093,0.03428551999999611,0.04281056000000268
0.09478,0.05251780000000221,0.04502507999999961,0.03527812000000778
0.09479000000000001,0.0437639600000065,0.033935280000007166,0.02588851999999973
0.09480000000000001,0.02466688000000502,0.02973267999999595,0.05714739999999558
0.09481,0.02698128000000625,0.028709039999999842,0.025655120000002158
0.09482,0.026154360000007263,0.03863391999999618,0.058120119999997374
0.09483000000000001,0.026668560000000074,0.032633919999995986,0.03291567999999094
0.09484000000000001,0.03385807999999645,0.06036519999999577,0.0339371600000054
0.09485,0.02463395999999602,0.05055143999999644,0.033565360000005456
0.09486000000000001,0.026258479999996417,0.04676499999999549,0.038761800000006126
0.09487000000000001,0.0377307599999895,0.032505159999994426,0.03576839999999512
0.09488,0.04614255999999865,0.015782039999994495,0.01938963999999392
0.09489,0.024654319999995383,0.02870147999998939,0.03223027999999613
0.09490000000000001,0.03207128000000211,0.02244443999998911,0.028735440000005552
0.09491000000000001,0.020067480000004353,0.0350439599999951,0.026685280000005293
0.09492,0.03288099999999185,0.0379965200000014,0.04411736000000233
0.09493000000000001,0.028519920000001486,0.03195088000000041,0.03678752000000247
0.09494000000000001,0.039521959999997615,0.02933052000001056,0.02882600000000048
0.09495,0.022628199999990634,0.04306712000000223,0.013208639999995851
0.09496,0.03567920000000024,0.038682200000001665,0.018809319999989645
0.09497000000000001,0.020301079999997522,0.030065839999993772,0.04052847999999982
0.09498000000000001,0.017553360000009493,0.04774140000000553,0.0335686800000018
0.09499,0.027708760000001356,0.022867519999993185,0.03600216000000066
0.095,0.02537288000000729,0.03469972000000611,0.024012080000001396
0.09501000000000001,0.016650760000010877,0.020603800000001126,0.038260160000005025
0.09502000000000001,0.017715200000001468,0.022252040000001094,0.025398360000001993
0.09503,0.03376304000000018,0.03920423999999389,0.034804080000004164
0.09504000000000001,0.04177627999999609,0.0344847999999935,0.028697000000002366
0.09505000000000001,0.03219023999999573,0.02656323999999333,0.02685764000000155
0.09506,0.033947279999995396,0.023266079999999693,0.02673863999999313
0.09507,0.04157992000000782,0.03460548000000726,0.022562360000000205
0.09508000000000001,0.043507519999999945,0.0411879599999998,0.022736759999999384
0.09509000000000001,0.02988719999999507,0.02114952000000648,0.030617880000006616
0.0951,0.037138320000008176,0.024774600000005892,0.013776600000004347
0.09511000000000001,0.027826159999995527,0.040407480000001376,0.03513496000000521
0.09512000000000001,0.03743548000000111,0.0290980400000052,0.025890759999996786
0.09513,0.019811960000002064,0.051702920000002046,0.02007615999999498
0.09514,0.0341461200000013,0.02406451999998943,0.028793360000005985
0.09515000000000001,0.03639216000000189,0.029423479999989198,0.02771139999999774
0.09516000000000001,0.019538959999994443,0.0321448399999939,0.03331603999999487
0.09517,0.0382230799999984,0.03840588000000117,0.02686231999999147
0.09518000000000001,0.03654392000000317,0.024352240000005444,0.038887279999990226
0.09519000000000001,0.03722151999999607,0.031228160000000615,0.046464719999994214
0.0952,0.03103415999999995,0.02585143999999697,0.03501263999999342
0.09521,0.03266015999999556,0.016580160000005825,0.020249719999989545
0.09522000000000001,0.04129208000000042,0.029426080000006787,0.02680080000000443
0.09523000000000001,0.017856719999994407,0.029043280000000726,0.03618016000000601
0.09524,0.020709279999994185,0.020733440000001782,0.03258339999999623
0.09525,0.03441231999999761,0.028521560000000327,0.03507691999999436
0.09526000000000001,0.03686235999998948,0.03406963999999929,0.03692984000000168
0.09527000000000001,0.029085399999989114,0.029994200000001484,0.03986512000000069
0.09528,0.0210869599999996,0.02634492000001149,0.03255231999999961
0.09529000000000001,0.032562560000002905,0.027095560000006628,0.03669692000000183
0.09530000000000001,0.03112716000000725,0.020192920000007473,0.027558039999999624
0.09531,0.02744920000000094,0.026430800000002475,0.04481656000000443
0.09532,0.02174807999999527,0.03716032000000296,0.04000259999999996
0.09533000000000001,0.023391399999994168,0.026304000000004307,0.04241132000000087
0.09534000000000001,0.026069600000000494,0.02285292000000109,0.03241251999999531
0.09535,0.027355080000001027,0.03058367999999511,0.043374039999995034
0.09536000000000001,0.0353654399999964,0.027640240000005714,0.03312791999999611
0.09537000000000001,0.022101719999994565,0.031409959999995615,0.024856920000005386
0.09538,0.033909199999996524,0.02149760000000568,0.016188000000000168
0.09539,0.02838595999999958,0.02707843999999512,0.02166251999999651
0.09540000000000001,0.04041131999999755,0.032296039999990755,0.021418879999996435
0.09541000000000001,0.034090959999989866,0.04240031999999456,0.028465120000006238
0.09542,0.013276519999999334,0.0236701199999956,0.016929919999996303
0.09543,0.031093880000007058,0.02594868000000002,0.033750240000001
0.09544000000000001,0.033999840000002675,0.03858564000000123,0.0451667600000014
0.09545000000000001,0.021803560000000256,0.03295600000000036,0.031618279999995336
0.09546,0.023545120000004915,0.02516820000000664,0.032214719999996
0.09547000000000001,0.03163023999999979,0.03504652000000125,0.03303404000000627
0.09548000000000001,0.03942868000000154,0.04632803999999718,0.03599355999999977
0.09549,0.03155844000000521,0.02612984000000776,0.032373959999990175
0.0955,0.025847799999995872,0.038052079999996255,0.024789360000000416
0.09551000000000001,0.029529560000004524,0.031008799999991288,0.02767035999999449
0.09552000000000001,0.018089279999999472,0.03255455999999511,0.026109480000006006
0.09553,0.026327200000004568,0.021757640000005005,0.025766320000001088
0.09554000000000001,0.03412719999999974,0.020496200000005772,0.02016388000000506
0.09555000000000001,0.01416048000000135,0.02543683999999381,0.029138279999999576
0.09556,0.034203959999994676,0.024930479999995894,0.023505279999994706
0.09557,0.02794716000000626,0.038195600000006755,0.02142719999999881
0.09558000000000001,0.02990984000001165,0.030895440000005617,0.039972560000001135
0.09559000000000001,0.02736584000000639,0.0516923599999962,0.02061568000000558
0.0956,0.02694904000000391,0.04684668000000733,0.057349880000008686
0.09561000000000001,0.04142960000000614,0.038203200000011685,0.037215440000007906
0.09562000000000001,0.03320132000000237,0.040104920000001404,0.023794920000005267
0.09563,0.04156691999999956,0.031168799999994615,0.02361632000000545
0.09564,0.04796563999999842,0.04697147999999608,0.033431480000001505
0.09565000000000001,0.017329919999996515,0.04173724000000663,0.03264872000000645
0.09566000000000001,0.0354774399999954,0.03579708000000494,0.03136436000000213
0.09567,0.03273407999999545,0.026246799999994287,0.03760564000000229
0.09568,0.03311832000000025,0.019168280000005308,0.0226456000000021
0.09569000000000001,0.0378907200000086,0.01864956000000086,0.02655288000000079
0.09570000000000001,0.042647680000002235,0.014309360000005208,0.02307863999999368
0.09571,0.017169960000003426,0.022352720000005627,0.028311439999995743
0.09572000000000001,0.03158260000000513,0.027015960000005845,0.020779080000003905
0.09573000000000001,0.04316620000000563,0.020054480000009638,0.02476327999999631
0.09574,0.033443399999996196,0.02017507999999467,0.024400439999991537
0.09575,0.03907475999999479,0.017528680000011055,0.018668560000000053
0.09576000000000001,0.03346883999999489,0.042513080000003506,0.03125292000000215
0.09577000000000001,0.040208239999999985,0.02606520000000393,0.01642263999999468
0.09578,0.02999152000000067,0.023181759999988963,0.029374120000007616
0.09579000000000001,0.03597551999999937,0.030224439999999856,0.03941331999999616
0.09580000000000001,0.02608331999999649,0.035493880000005244,0.03803959999999582
0.09581,0.02853823999999581,0.03044716000000628,0.025812719999997135
0.09582,0.026748319999995177,0.02851280000000573,0.03076135999999677
0.09583000000000001,0.02829103999999296,0.03484808000000475,0.024584479999996228
0.09584000000000001,0.018858440000005226,0.027854679999997498,0.04138759999999647
0.09585,0.015217040000005093,0.03332980000000018,0.03486756000000218
0.09586000000000001,0.03275735999999459,0.027618279999994815,0.029453759999994153
0.09587000000000001,0.030291720000006968,0.02187540000000421,0.021817759999989677
0.09588,0.03171744000000866,0.025587480000001935,0.023414040000006048
0.09589,0.021474320000002798,0.02516708000000059,0.03316995999999526
0.09590000000000001,0.024062359999989038,0.023202120000000145,0.03834879999999577
0.09591000000000001,0.03055684000000755,0.025167040000000144,0.0338445600000075
0.09592,0.04300024000000044,0.025772959999994786,0.025765080000007514
0.09593,0.02409643999999206,0.02574771999999478,0.017792439999993137
0.09594000000000001,0.030691079999993553,0.030908719999994966,0.035459359999995645
0.09595000000000001,0.017070599999993816,0.034629879999996,0.02688492000000604
0.09596,0.03815971999999392,0.01842939999999552,0.02394084000000629
0.09597000000000001,0.030705160000001296,0.033931880000000615,0.03940503999999486
0.09598000000000001,0.0427560000000034,0.03654243999999523,0.02888047999999701
0.09599,0.022352040000006398,0.03489347999999592,0.0307339600000005
0.096,0.046334240000007965,0.02436923999999474,0.0187466399999898
0.09601000000000001,0.0371103600000079,0.03592407999999744,0.018668120000000198
0.09602000000000001,0.05205199999999859,0.026944559999996804,0.016402160000000273
0.09603,0.03118195999999389,0.029144400000001174,0.022613239999989185
0.09604000000000001,0.03904247999999761,0.026680599999995194,0.0265094399999953
0.09605000000000001,0.03215596000000039,0.014119679999996294,0.03550623999999683
0.09606,0.03343848000000554,0.03248644000000162,0.016353479999994047
0.09607,0.03482456000000167,0.021375239999993956,0.02442752000000657
0.09608000000000001,0.022512719999999396,0.023337840000007087,0.014545920000004164
0.09609000000000001,0.02682027999999632,0.01983683999998997,0.016965840000003576
0.0961,0.021453079999994962,0.024911759999988892,0.016441400000000984
0.09611,0.031701719999996734,0.031331960000001394,0.03275531999999466
0.09612000000000001,0.04485912000000002,0.027730760000006283,0.02912512000000618
0.09613000000000001,0.03886403999999535,0.02876704000000251,0.026103120000001794
0.09614,0.03590111999999842,0.021004079999996622,0.053903559999998116
0.09615000000000001,0.03714416000000098,0.04076832000000135,0.043511559999996674
0.09616000000000001,0.015642999999993728,0.02375287999998936,0.041511079999996175
0.09617,0.020806520000005664,0.04060420000000021,0.03671167999999415
0.09618,0.044156679999995424,0.04088168000000673,0.029306880000006003
0.09619000000000001,0.0275465200000001,0.03950495999999581,0.031518079999995646
0.09620000000000001,0.028656360000002507,0.03617240000000023,0.03634659999999546
0.09621,0.04061475999999959,0.01608784000000593,0.030280039999999057
0.09622000000000001,0.03328996,0.02172776000000011,0.029592840000004422
0.09623000000000001,0.026605639999999542,0.027647160000002564,0.03461400000000134
0.09624,0.03427784000001187,0.042902680000001615,0.024831319999999272
0.09625,0.024116400000006588,0.023541959999995754,0.022724960000000707
0.09626000000000001,0.021257640000001056,0.02449191999999991,0.02812140000000744
0.09627000000000001,0.03826196000000109,0.05762228000000699,0.02847972000000108
0.09628,0.031544000000006525,0.031586760000004245,0.027379319999999385
0.09629000000000001,0.025826479999995457,0.023278159999993265,0.028121759999999288
0.09630000000000001,0.017450840000005838,0.019842120000003557,0.03145308000000731
0.09631,0.03340840000000018,0.03848848000000172,0.023446880000000423
0.09632,0.021444280000005738,0.030644960000002375,0.04180780000000196
0.09633000000000001,0.03642540000000543,0.026751759999992422,0.031647600000010906
0.09634000000000001,0.03922588000000555,0.031818880000000195,0.03962552000001177
0.09635,0.026740199999996037,0.021963479999997256,0.03676808000000711
0.09636,0.036058120000010206,0.019755279999994737,0.03231280000000464
0.09637000000000001,0.04506128000000212,0.02625032000000127,0.027665919999995646
0.09638000000000001,0.02281516000000536,0.03148095999999684,0.015164440000006588
0.09639,0.026120680000005878,0.022992320000000586,0.04505520000000731
0.09640000000000001,0.03716347999999611,0.01654772000000125,0.03818415999999523
0.09641000000000001,0.023284400000007487,0.03396036000000215,0.024126040000010555
0.09642,0.037713919999995,0.021245119999999677,0.042261680000001405
0.09643,0.024662880000000165,0.02286764000000151,0.01519816000000623
0.09644000000000001,0.031678000000000504,0.024766400000003973,0.03844504000000121
0.09645000000000001,0.026262439999996435,0.03444244000000724,0.03568475999999944
0.09646,0.010629720000006188,0.019265520000007582,0.030904920000007795
0.09647000000000001,0.023585120000001774,0.025652240000003587,0.025442879999998887
0.09648000000000001,0.020035399999993778,0.03678195999999459,0.03572076000001167
0.09649,0.033809159999994905,0.03035024000000244,0.026478839999991465
0.0965,0.033383959999994536,0.016832560000000177,0.03238296000000129
0.09651000000000001,0.036405799999994826,0.036538039999994686,0.02380928000000132
0.09652000000000001,0.033913039999999665,0.024929839999999426,0.02334851999999517
0.09653,0.03850412000000494,0.015403200000009443,0.02636119999999501
0.09654000000000001,0.021206559999994146,0.02703631999999556,0.027278719999996332
0.09655000000000001,0.031269920000001054,0.02649899999999539,0.03522296000000634
0.09656,0.024167239999999774,0.026667679999993976,0.0413292000000003
0.09657,0.0364256799999953,0.03352619999999607,0.03500455999999443
0.09658000000000001,0.034454560000007385,0.032846120000000256,0.025379959999997658
0.09659000000000001,0.048617800000006615,0.04890724000000068,0.03051744000000819
0.0966,0.05628283999999652,0.04110347999999981,0.03252364000000822
0.09661,0.0519734799999969,0.02618320000000576,0.025723640000007972
0.09662000000000001,0.028427519999995248,0.024770320000002642,0.03410852000000717
0.09663000000000001,0.02342504000000142,0.04597523999999624,0.03370868000000067
0.09664,0.02028707999999428,0.014406160000000992,0.02946728000000021
0.09665000000000001,0.019491400000011355,0.024016000000011285,0.037068639999995524
0.09666000000000001,0.024954559999994897,0.023552680000005682,0.026183959999994566
0.09667,0.038422599999994984,0.03793935999999999,0.029960199999999562
0.09668,0.02495780000000609,0.023765839999990452,0.03797751999999642
0.09669000000000001,0.02302624000000761,0.029955359999994505,0.02855380000000659
0.09670000000000001,0.025412399999994707,0.03206508000000613,0.03190024000000767
0.09671,0.03973132000000242,0.03170520000000091,0.033762800000004124
0.09672000000000001,0.02621744000000363,0.033080719999999494,0.030748639999993718
0.09673000000000001,0.02596704000000086,0.013198199999994598,0.034250199999995116
0.09674,0.034385000000004606,0.022645640000005917,0.03472764000000162
0.09675,0.018925600000000337,0.03530172000000038,0.042446840000002956
0.09676000000000001,0.0396439599999893,0.03995331999999393,0.023934320000002403
0.09677000000000001,0.03156812000000473,0.025258520000001887,0.029668799999997428
0.09678,0.03211780000000035,0.029415800000007,0.042927640000005395
0.09679,0.024698680000000996,0.02230183999999695,0.03621316000001118
0.09680000000000001,0.03249496000000703,0.023651200000001538,0.02386588000000036
0.09681000000000001,0.04344391999999473,0.020031120000005585,0.03581872000000153
0.09682,0.03804192000000902,0.03148604000000013,0.018799560000004992
0.09683000000000001,0.043025520000002065,0.02561704000000585,0.019782720000005964
0.09684000000000001,0.038161480000004744,0.019261999999997614,0.03025180000001094
0.09685,0.027286600000010815,0.02537295999999491,0.03520716000000662
0.09686,0.02874775999999346,0.01949059999999301,0.031552279999999475
0.09687000000000001,0.04236468000000327,0.03143900000000721,0.0289899600000012
0.09688000000000001,0.029409200000004018,0.03138916000000684,0.026654960000000505
0.09689,0.020232999999994644,0.04316496000000227,0.019758879999996183
0.09690000000000001,0.022167239999999932,0.03693595999999348,0.03802536000000213
0.09691000000000001,0.03618172000000187,0.04100780000000017,0.03253100000000813
0.09692,0.021751879999995456,0.018827039999993602,0.029283520000006332
0.09693,0.02806919999999073,0.0292866000000052,0.02116660000000245
0.09694000000000001,0.03888615999999632,0.024779519999997928,0.021525439999995226
0.09695000000000001,0.027965800000006036,0.024602599999995232,0.02371312000000269
0.09696,0.03138172000000113,0.019098520000004726,0.02006552000000699
0.09697000000000001,0.04304044000001201,0.02475572000000405,0.014002799999999085
0.09698000000000001,0.047679280000012036,0.03146760000000121,0.026260639999996036
0.09699,0.018085560000005874,0.016631439999995057,0.018002039999996822
0.097,0.027723400000000224,0.03168236000000669,0.03580911999999507
0.09701000000000001,0.0383568799999959,0.057496320000008316,0.04356068000000183
0.09702000000000001,0.037762759999995815,0.02029460000000045,0.03443436000000576
0.09703,0.03364284000000098,0.02865556000000597,0.027452240000005648
0.09704,0.031072199999995595,0.025096960000008103,0.024569840000006605
0.09705000000000001,0.03580920000000726,0.028092680000001216,0.035383439999999856
0.09706000000000001,0.028944959999996366,0.0302709599999968,0.02301051999999322
0.09707,0.05160903999999509,0.029070719999998704,0.012188440000004956
0.09708000000000001,0.023301719999999616,0.03655267999999497,0.027585040000006746
0.09709000000000001,0.03268864000000278,0.02700023999999659,0.018420120000005747
0.0971,0.02928352000000688,0.02536951999999593,0.020092360000007473
0.09711,0.050135600000007954,0.014011280000006057,0.026069320000007508
0.09712000000000001,0.01403008000000627,0.03477608000000324,0.033188160000003956
0.09713000000000001,0.02331120000000579,0.03395868000000167,0.03421955999999971
0.09714,0.024608480000010802,0.039105919999995804,0.03620859999999332
0.09715000000000001,0.017348399999995434,0.05998819999999624,0.04351407999999442
0.09716000000000001,0.03543716000000133,0.032630839999999675,0.04094699999999377
0.09717,0.019969159999993963,0.03679171999999991,0.027837719999994938
0.09718,0.024793480000007254,0.03135608000000655,0.036554960000006555
0.09719000000000001,0.042698680000007865,0.031825239999999914,0.02312875999999565
0.09720000000000001,0.022824600000001017,0.04209443999999983,0.025446199999996345
0.09721,0.040231760000004176,0.03585391999999555,0.031542439999994974
0.09722000000000001,0.035258440000006025,0.04475243999999985,0.0395704800000017
0.09723000000000001,0.032110360000005604,0.03834743999999661,0.020790040000003566
0.09724000000000001,0.01868428000000022,0.031155399999995018,0.03372172000000165
0.09725,0.027064720000005434,0.031002080000005698,0.03310751999999995
0.09726000000000001,0.02286484000000977,0.027793200000003952,0.02448800000000044
0.09727000000000001,0.02703624000000632,0.017828159999998545,0.022892400000005045
0.09728,0.022780480000005366,0.019582639999999735,0.029509400000002347
0.09729,0.04507764000000735,0.024306400000004898,0.03045656000000566
0.09730000000000001,0.041163960000007,0.028450160000009796,0.029765119999996734
0.09731000000000001,0.03473779999999579,0.034099760000007036,0.03193655999999432
0.09732,0.025088440000001114,0.028407640000007443,0.02764171999999669
0.09733000000000001,0.03356135999999657,0.04486712000001177,0.031822680000000686
0.09734000000000001,0.03966875999999701,0.019716840000009304,0.03022731999999328
0.09735,0.0295387599999906,0.01672043999999682,0.039105039999997045
0.09736,0.03158960000000197,0.01882896,0.037944639999995075
0.09737000000000001,0.02948895999999975,0.02740636000001064,0.027588399999995863
0.09738000000000001,0.02395020000000048,0.03340276000001157,0.030544559999997122
0.09739,0.037120599999997866,0.03705560000000031,0.03140715999998987
0.09740000000000001,0.03171851999999805,0.030129560000006547,0.04106851999999432
0.09741000000000001,0.01947832000000579,0.021646920000004042,0.03653491999999591
0.09742,0.024244800000005895,0.02360767999999481,0.029799039999995912
0.09743,0.040411879999994293,0.0343644000000009,0.037779839999995866
0.09744000000000001,0.03155416000000633,0.020871080000010693,0.03481291999999496
0.09745000000000001,0.03484476000000481,0.0428757600000042,0.028375639999995574
0.09746,0.03086076000000713,0.04017659999998972,0.02697747999999991
0.09747,0.04028863999999708,0.028978039999990775,0.043499959999994835
0.09748000000000001,0.039965400000000456,0.04107655999999522,0.027350999999996097
0.09749000000000001,0.01068507999999498,0.030699720000005162,0.02532764000000127
0.0975,0.022490240000006503,0.024956600000011216,0.05337595999999046
0.09751000000000001,0.026019880000007666,0.026944559999994667,0.01598247999999125
0.09752000000000001,0.021003440000007593,0.023062480000006214,0.036563320000002814
0.09753,0.031395439999999546,0.01648528000000365,0.03209112000000217
0.09754,0.029609959999989447,0.02728592000000739,0.03332763999999999
0.09755000000000001,0.03224988000000553,0.036778160000005666,0.027989519999999046
0.09756000000000001,0.03745044000000075,0.03437588000001108,0.02945139999998967
0.09757,0.04716912000000042,0.03994984000000554,0.03246751999999362
0.09758000000000001,0.024844520000000144,0.02877695999999696,0.02503287999999984
0.09759000000000001,0.018660280000005882,0.030204919999996166,0.023240960000006507
0.0976,0.023970720000005014,0.03372555999999432,0.02020584000000626
0.09761,0.012322520000005846,0.031044079999999113,0.03073491999999495
0.09762000000000001,0.015797800000001087,0.027315999999995552,0.022911159999999275
0.09763000000000001,0.02556811999999481,0.02925779999999981,0.02956772000000452
0.09764,0.026767679999994538,0.050207720000003606,0.031566560000006134
0.09765000000000001,0.029144119999996516,0.02270228000000626,0.035250840000008124
0.09766000000000001,0.02114540000000624,0.03405216000000188,0.022201120000006885
0.09767,0.039667480000000886,0.03132568000000186,0.02233980000000004
0.09768,0.02635960000001141,0.03441307999999095,0.03247939999999373
0.09769000000000001,0.027480560000000764,0.04579647999999031,0.02522724000000118
0.09770000000000001,0.03221376000000504,0.02730651999999003,0.02634356000000957
0.09771,0.042271160000001966,0.03301523999999019,0.03430664000000766
0.09772,0.030737039999994872,0.023606400000000718,0.028683119999994556
0.09773000000000001,0.021852840000006805,0.025370159999989827,0.02525368000000202
0.09774000000000001,0.015752119999998277,0.03589351999999627,0.02374279999999613
0.09775,0.024867160000001463,0.03359264000000601,0.025645480000002614
0.09776000000000001,0.016774000000006638,0.02267339999999927,0.017942959999993274
0.09777000000000001,0.0244866400000056,0.04540900000000032,0.02990663999999569
0.09778,0.027253159999998406,0.031887119999994794,0.023582880000004545
0.09779,0.0328325200000008,0.043886719999994925,0.02416500000000714
0.09780000000000001,0.026245240000005717,0.02428847999999333,0.03214816000000018
0.09781000000000001,0.026365320000010736,0.029382800000010666,0.02317328000001048
0.09782,0.02700872000000961,0.0298841600000058,0.04074720000000681
0.09783000000000001,0.02278868000000494,0.030415480000006222,0.03907847999999526
0.09784000000000001,0.02469936000001109,0.033848919999995966,0.03916212000000583
0.09785,0.03067027999999468,0.03805628000000586,0.03285656000000591
0.09786,0.037071879999999856,0.038643919999994926,0.03936180000000416
0.09787000000000001,0.05259232000000526,0.037965840000006155,0.026135919999994747
0.09788000000000001,0.021310240000004064,0.02568491999999946,0.040345800000006905
0.09789,0.04299187999999518,0.05457280000000271,0.017421359999989047
0.09790000000000001,0.04354419999999502,0.025708519999990458,0.03638527999999177
0.09791000000000001,0.021144879999996348,0.04546808000000098,0.03325795999999562
0.09792000000000001,0.03080655999999492,0.01991711999999985,0.03446227999999503
0.09793,0.03250347999998991,0.021533639999994886,0.031123119999999494
0.09794000000000001,0.0190661599999963,0.024512320000005656,0.02010084000000625
0.09795000000000001,0.03660780000000834,0.030103960000009474,0.042642960000002485
0.09796,0.041211760000007196,0.03704836000000623,0.04195148000001057
0.09797,0.019962840000000183,0.03428828000000646,0.034817680000010794
0.09798000000000001,0.032815159999999885,0.031169640000004706,0.0437040000000072
0.09799000000000001,0.02508928000000962,0.020901200000001167,0.0575886000000053
0.098,0.03703004000000086,0.03386355999999992,0.044590760000006786
0.09801000000000001,0.04256836000000035,0.03274908000000705,0.0461290000000055
0.09802000000000001,0.03975503999999542,0.021323600000000557,0.032768920000005856
0.09803,0.037140519999995174,0.032366360000004056,0.022438480000006557
0.09804,0.05369071999999845,0.036058600000004555,0.025562560000004914
0.09805000000000001,0.03563759999999415,0.041211240000005527,0.043162560000005575
0.09806000000000001,0.015327640000000965,0.01705723999999523,0.039261080000005145
0.09807,0.0398228000000072,0.02978135999999462,0.03981004000000188
0.09808000000000001,0.027490040000000895,0.023574720000000556,0.04141367999998972
0.09809000000000001,0.01804155999999916,0.035863400000001926,0.05304999999999667
0.0981,0.028195320000004055,0.020960640000002393,0.04312219999999616
0.09811,0.02932488000000506,0.03208208000000181,0.05069103999999373
0.09812000000000001,0.022236120000011367,0.04009360000000132,0.02522115999999622
0.09813000000000001,0.04030244000000641,0.04060448000000661,0.030452079999995895
0.09814,0.028441640000005812,0.02842180000001125,0.029113919999995252
0.09815,0.0325870400000054,0.034083520000006994,0.036893839999995584
0.09816000000000001,0.030087079999994094,0.03220483999998918,0.05030296000000376
0.09817000000000001,0.026564119999995816,0.028813360000005346,0.048151640000006206
0.09818,0.023665839999993474,0.02726795999999566,0.040824440000006255
0.09819000000000001,0.0252665600000039,0.03897076000000205,0.031003600000005262
0.09820000000000001,0.02027528000000524,0.04313496000000613,0.03998504000000653
0.09821,0.020904520000001096,0.03280603999999679,0.025287080000005516
0.09822,0.025482920000005523,0.019478159999993524,0.03173688000000543
0.09823000000000001,0.038803400000007295,0.027505439999996814,0.028925280000000084
0.09824000000000001,0.03886603999999649,0.02206732000000359,0.030220080000001048
0.09825,0.03679647999999507,0.02683828000000164,0.019463559999999328
0.09826000000000001,0.030097839999995504,0.024797319999995585,0.025954799999999188
0.09827000000000001,0.04290967999999592,0.034169560000006476,0.028863879999999637
0.09828,0.028667199999990005,0.03620848000001043,0.030349720000000514
0.09829,0.029517560000006517,0.020599560000003403,0.017035119999991077
0.09830000000000001,0.03136892000000092,0.026102879999999606,0.032434999999996286
0.09831000000000001,0.027310960000000738,0.032427080000000594,0.03714648000000044
0.09832,0.0241361999999989,0.03594199999999988,0.03229416000000413
0.09833000000000001,0.038999680000001695,0.03601811999999579,0.033538239999995605
0.09834000000000001,0.028434999999993344,0.03936116000000124,0.041170320000007164
0.09835,0.02474736000001054,0.042460039999995064,0.0477128400000054
0.09836,0.029901720000009884,0.04576883999999569,0.020471040000005488
0.09837000000000001,0.043117359999994,0.01927659999999468,0.025826160000001496
0.09838000000000001,0.03446748000000461,0.023088599999994304,0.023090240000001358
0.09839,0.04253356000000256,0.02791556000000769,0.017340919999995964
0.0984,0.035901279999989585,0.05147856000000224,0.020181200000000062
0.09841000000000001,0.02228327999998885,0.036386680000002,0.020522279999994304
0.09842000000000001,0.02319300000000362,0.02840152000000187,0.02646987999999431
0.09843,0.03491436000000556,0.026239880000006512,0.030781599999999822
0.09844000000000001,0.027734840000006835,0.04027863999999689,0.0474472799999951
0.09845000000000001,0.025349200000006643,0.031324160000000094,0.030895559999994757
0.09846,0.02924919999999985,0.024826280000011174,0.032244399999994934
0.09847,0.025692560000000215,0.026688600000007813,0.028660439999994368
0.09848000000000001,0.028838920000001853,0.016992759999997605,0.03147652000000004
0.09849000000000001,0.014290160000004546,0.01926764000000143,0.03630543999999477
0.0985,0.039093239999997725,0.03615124000001201,0.019887640000004387
0.09851000000000001,0.04688235999999608,0.02542404000000588,0.03560648000000606
0.09852000000000001,0.038138039999994516,0.017549159999988934,0.017358399999996294
0.09853,0.0304004399999999,0.02808567999999471,0.028540599999994625
0.09854,0.02828479999999997,0.039361479999995286,0.035394479999995614
0.09855000000000001,0.016519160000005462,0.027092359999999427,0.03909644000000014
0.09856000000000001,0.04385448000000442,0.02306575999999993,0.0473852000000005
0.09857,0.03830331999999926,0.04704407999999977,0.02247195999999562
0.09858000000000001,0.020942320000001277,0.03948527999999511,0.034896399999997704
0.09859000000000001,0.022925560000002475,0.023841519999995776,0.026418920000007482
0.09860000000000001,0.022706120000011588,0.03353987999999553,0.027374359999997672
0.09861,0.028082080000001824,0.04076316000000017,0.029884079999995646
0.09862000000000001,0.03382903999999337,0.0192311599999942,0.0390011599999964
0.09863000000000001,0.028049239999994192,0.02885120000000633,0.03985659999999986
0.09864,0.01983191999999542,0.022746959999995646,0.03223299999999509
0.09865,0.03223284000000618,0.04152835999999615,0.03669172000000714
0.09866000000000001,0.019404559999993874,0.03845748000000153,0.026361720000009636
0.09867000000000001,0.04828864000000377,0.03857244000000662,0.034340240000000494
0.09868,0.02959743999999998,0.03630995999999623,0.035160280000005976
0.09869000000000001,0.016498199999989104,0.022570320000009643,0.015015199999995548
0.09870000000000001,0.028534000000002203,0.026430839999999504,0.0277363199999959
0.09871,0.03165243999999568,0.01493675999999559,0.02868623999999424
0.09872,0.03655871999999366,0.03499708000000541,0.033924040000006025
0.09873000000000001,0.025398279999993282,0.014845799999994717,0.024004040000001062
0.09874000000000001,0.026279760000006307,0.04477519999999934,0.031139240000011708
0.09875,0.03228967999999471,0.03341239999999461,0.02651184000001145
0.09876000000000001,0.032997160000001746,0.0258916400000098,0.021709720000006212
0.09877000000000001,0.034199320000001754,0.03300636000000158,0.042249160000001895
0.09878,0.025585080000001835,0.0181362799999973,0.023109680000008986
0.09879,0.03501163999999961,0.038218200000000924,0.024457480000000354
0.09880000000000001,0.019742519999997512,0.017110599999997027,0.03242848000000019
0.09881000000000001,0.04247540000000096,0.030559959999997485,0.022247959999995973
0.09882,0.02871096000000108,0.02625792000000113,0.03232132000000701
0.09883,0.05382620000000957,0.022098760000005747,0.022914960000007863
0.09884000000000001,0.03686880000001195,0.042188000000000635,0.025952879999995775
0.09885000000000001,0.03326620000001193,0.017388759999994854,0.034387159999997564
0.09886,0.028698320000011532,0.0267666800000073,0.026009440000005976
0.09887000000000001,0.03050735999999981,0.021185960000001093,0.03704979999999569
0.09888000000000001,0.025499680000010662,0.032015079999995796,0.03576888000000122
0.09889,0.03532600000001067,0.02231900000000091,0.025223200000001084
0.0989,0.04324376000000567,0.03691483999999986,0.017861200000000705
0.09891000000000001,0.024754839999996482,0.039034560000001946,0.02152440000000348
0.09892000000000001,0.024770040000004392,0.02247491999998959,0.03522608000000485
0.09893,0.02644539999999404,0.028686200000004814,0.0439297200000073
0.09894000000000001,0.023128759999989718,0.03126924000000762,0.04177011999999591
0.09895000000000001,0.029832680000006277,0.03545996000000563,0.04794968000000606
0.09896,0.032198960000007645,0.038141120000005226,0.05166756000000084
0.09897,0.03481203999999566,0.03316543999999402,0.03484424000000589
0.09898000000000001,0.022050280000004828,0.04929408000000051,0.02473155999999888
0.09899000000000001,0.02762887999999537,0.018168359999999602,0.02828156000000574
0.099,0.023105759999993158,0.02162116000000604,0.03488031999999558
0.09901000000000001,0.031206080000007033,0.017803120000005154,0.04044844000000571
0.09902000000000001,0.03094647999999486,0.04234280000000729,0.03343443999999579
0.09903,0.03136275999999356,0.04160712000001174,0.04063487999999585
0.09904,0.02984472000000145,0.03100044000000963,0.04400559999999635
0.09905000000000001,0.025690400000000165,0.03581987999999892,0.028600039999994782
0.09906000000000001,0.04070672000000201,0.04593996000000702,0.03188220000000172
0.09907,0.038727359999995124,0.03130596000000527,0.03145316000000697
0.09908,0.04240451999999403,0.024785080000002006,0.030224520000003138
0.09909000000000001,0.036719919999999774,0.020676400000007644,0.037484600000001055
0.09910000000000001,0.018293640000008594,0.008310680000006633,0.03923040000000036
0.09911,0.02886696000001165,0.014454480000009488,0.0362092400000048
0.09912000000000001,0.0358112000000039,0.040864239999993654,0.03753600000000116
0.09913000000000001,0.03410291999999454,0.019588600000003474,0.019735600000000478
0.09914,0.027095039999995643,0.03439403999999679,0.028714440000004157
0.09915,0.023711839999994863,0.028081480000001855,0.051236520000006065
0.09916000000000001,0.026740400000001708,0.039913319999995985,0.043819559999996406
0.09917000000000001,0.04206960000000143,0.024945039999996806,0.036966320000000615
0.09918,0.03595224000000617,0.026901719999996018,0.025402600000000476
0.09919000000000001,0.03102939999999611,0.028129159999999754,0.01810600000000479
0.09920000000000001,0.02368883999998959,0.037329000000005365,0.029944000000001574
0.09921,0.029090239999994265,0.033968560000001966,0.04201388000000689
0.09922,0.05993083999999665,0.023143360000011333,0.03146708000000718
0.09923000000000001,0.05301747999999575,0.019744359999998354,0.031277680000007566
0.09924000000000001,0.04085992000000036,0.036370800000001896,0.04308840000001196
0.09925,0.038436239999997436,0.05870680000000889,0.030987800000006543
0.09926000000000001,0.017787039999989783,0.04644575999999603,0.023725799999996695
0.09927000000000001,0.020287439999999313,0.05163536000000008,0.013979280000004334
0.09928000000000001,0.018324040000001953,0.024155920000004567,0.017244599999989972
0.09929,0.03271144000000121,0.029352880000000824,0.025470399999997617
0.09930000000000001,0.035460280000000115,0.02504967999999975,0.0270103600000015
0.09931000000000001,0.03287931999999018,0.02039355999999959,0.04046676000000253
0.09932,0.026595880000002563,0.02673195999999524,0.020826000000000063
0.09933,0.018271199999991994,0.03196492000000025,0.02754963999999923
0.09934000000000001,0.02808399999999534,0.03288075999999396,0.033523440000005185
0.09935000000000001,0.010660840000010392,0.03982052000000125,0.024484120000002173
0.09936,0.03687300000000531,0.02061548000000481,0.04920432000000274
0.09937000000000001,0.035253359999996764,0.022883520000006468,0.03674419999999509
0.09938000000000001,0.03588352000000709,0.031121479999996624,0.035965439999993715
0.09939,0.03633492000000784,0.021330760000009375,0.023087239999995127
0.0994,0.030678120000001398,0.031914640000006655,0.03760080000000533
0.09941000000000001,0.03503196000000719,0.03827564000000595,0.03653348000000609
0.09942000000000001,0.024816959999989674,0.02459584000000023,0.039410239999995225
0.09943,0.03013820000000108,0.04260212000000069,0.031275560000001534
0.09944000000000001,0.02717224000000682,0.029498640000001297,0.04283547999999491
0.09945000000000001,0.037597160000005445,0.02517283999999895,0.018244400000000726
0.09946,0.028122480000001237,0.01643499999999556,0.030984440000005078
0.09947,0.033448239999996285,0.041241680000000995,0.01568259999999964
0.09948000000000001,0.03875099999999572,0.04279823999999188,0.024177679999997117
0.09949000000000001,0.03257204000000032,0.04397908000000134,0.03467632000000083
0.0995,0.020504480000007423,0.030214079999995386,0.03882552000001187
0.09951,0.03529660000000108,0.01640768000000597,0.046046680000006446
0.09952000000000001,0.028278119999998755,0.027551399999989297,0.030621560000009672
0.09953000000000001,0.03656644000000167,0.02223111999999462,0.04180715999999976
0.09954,0.03213263999998906,0.03800099999999478,0.033490079999999096
0.09955000000000001,0.02863236000000006,0.02810456000000417,0.02854140000000461
0.09956000000000001,0.024262400000010922,0.026309120000002257,0.02780548000000714
0.09957,0.022889600000003636,0.029844679999995665,0.033063480000007965
0.09958,0.018059320000006002,0.03532827999998938,0.037266599999994855
0.09959000000000001,0.027579879999991008,0.04132635999999523,0.03438195999999424
0.09960000000000001,0.023758719999995306,0.024013999999999057,0.025441159999993333
0.09961,0.022547120000005434,0.027851159999993307,0.022660279999996247
0.09962000000000001,0.03644299999999424,0.02581019999999659,0.033889239999994825
0.09963000000000001,0.023442519999995404,0.024502959999994533,0.025460160000001227
0.09964,0.025242560000004268,0.027991520000000693,0.023668279999996118
0.09965,0.04129616000000073,0.028630800000000692,0.013335360000006688
0.09966000000000001,0.028071599999993195,0.023327319999999704,0.028570640000000397
0.09967000000000001,0.01107875999999483,0.03583884000000151,0.0403970000000003
0.09968,0.03844700000000025,0.028786240000001503,0.033916680000000594
0.09969000000000001,0.031065760000000126,0.023428679999995285,0.024169760000004623
0.09970000000000001,0.03279360000000027,0.0251883600000019,0.04049224000000069
0.09971000000000001,0.024366879999992846,0.010873920000005767,0.028373519999990302
0.09972,0.02692856000000405,0.0353513600000019,0.03582939999999634
0.09973000000000001,0.017175599999995444,0.027426479999995545,0.04063299999999511
0.09974000000000001,0.03189943999999991,0.03055116000000568,0.040173399999995654
0.09975,0.03847540000000022,0.03811555999999335,0.023713080000002374
0.09976,0.02554083999999961,0.027844879999995645,0.037641119999998966
0.09977000000000001,0.016257679999995518,0.02922495999999497,0.01882252000000195
0.09978000000000001,0.026368639999999798,0.03849400000000539,0.04213344000000107
0.09979,0.027566320000006212,0.034867959999993946,0.04077132000000019
0.09980000000000001,0.027563240000005606,0.033242120000007265,0.029409520000005473
0.09981000000000001,0.05298512000000575,0.03846488000000464,0.020769840000011672
0.09982,0.031202559999996167,0.025369320000001108,0.028891320000004474
0.09983,0.03148024000000161,0.018580000000001304,0.040314640000007215
0.09984000000000001,0.025318719999994597,0.028316920000004506,0.04869504000000805
0.09985000000000001,0.04063404000000687,0.023660960000004668,0.0415719600000081
0.09986,0.042477520000006284,0.0247662800000098,0.029562000000007548
0.09987000000000001,0.028823360000006338,0.03668392000000415,0.05477176000001042
0.09988000000000001,0.023614120000011386,0.02400712000001118,0.03815132000001051
0.09989,0.036284479999995185,0.027762040000001702,0.04134560000000228
0.0999,0.05430447999999419,0.014458320000007097,0.03132571999999812
0.09991000000000001,0.03682447999999485,0.023410200000006137,0.0352098000000003
0.09992000000000001,0.03340599999999353,0.02356539999999958,0.022907119999993893
0.09993,0.03156772000000472,0.022711919999995542,0.026479919999995147
0.09994000000000001,0.02578172000000096,0.021560360000001545,0.030676440000002456
0.09995000000000001,0.029713359999994284,0.033090919999997845,0.034124199999995414
0.09996000000000001,0.04514451999999454,0.014904999999996225,0.025466720000005088
0.09997,0.04064815999999013,0.018729800000001667,0.02176888000000064
0.09998000000000001,0.040498920000000826,0.03462456000000127,0.03575915999999954
0.09999000000000001,0.03129928000000136,0.03231991999999572,0.0299262399999905
