t,x
0.0,-0.123935
0.001,0.197702
0.002,-0.199934
0.003,0.037185
0.004,-0.167785
0.005,0.038174
0.006,-0.240418
0.007,0.098667
0.008,0.074251
0.009,0.06271
0.01,-0.02546
0.011,-0.332808
0.012,0.119801
0.013,0.365435
0.014,0.055352
0.015,-0.326413
0.016,-0.025872
0.017,-0.111273
0.018,-0.331275
0.019,0.177412
0.02,0.084678
0.021,0.058732
0.022,-0.295576
0.023,0.179938
0.024,0.037587
0.025,-0.073549
0.026,-0.110782
0.027,0.094379
0.028,0.169567
0.029,0.270322
0.03,0.159152
0.031,0.098975
0.032,0.277839
0.033,0.268345
0.034,0.294981
0.035,0.329082
0.036,-0.103727
0.037,-0.16517
0.038,-0.047395
0.039,0.116456
0.04,0.112002
0.041,0.284731
0.042,-0.083069
0.043,0.053422
0.044,-0.394067
0.045,-0.231616
0.046,0.372471
0.047,0.079969
0.048,-0.086681
0.049,0.043699
0.05,0.323869
0.051,-0.094419
0.052,-0.110356
0.053,-0.041744
0.054,0.230321
0.055,0.324236
0.056,0.090847
0.057,0.139414
0.058,0.12498
0.059,-0.268603
0.06,-0.281301
0.061,-0.213592
0.062,0.085329
0.063,0.127786
0.064,-0.041416
0.065,-0.054994
0.066,-0.190425
0.067,0.12263
0.068,0.058803
0.069,0.13531
0.07,-0.060281
0.071,0.156907
0.072,0.030509
0.073,-0.042287
0.074,-0.286857
0.075,-0.178985
0.076,-0.18882
0.077,-0.057009
0.078,0.185044
0.079,0.158527
0.08,-0.063634
0.081,-0.24004
0.082,0.045159
0.083,0.025591
0.084,0.145699
0.085,0.224478
0.086,0.327153
0.087,0.299011
0.088,0.023836
0.089,0.227156
0.09,-0.134446
0.091,0.071077
0.092,-0.186993
0.093,-0.178048
0.094,-0.104299
0.095,0.371263
0.096,0.45192
0.097,0.079541
0.098,0.26045
0.099,0.073415
0.1,0.188621
0.101,-0.02977
0.102,-0.053316
0.103,-0.020119
0.104,-0.087712
0.105,-0.253339
0.106,0.109101
0.107,-0.038807
0.108,0.114799
0.109,0.177869
0.11,0.040253
0.111,-0.039458
0.112,-0.097882
0.113,0.289917
0.114,0.031307
0.115,-0.43452
0.116,0.058568
0.117,-0.16231
0.118,0.264895
0.119,0.218338
0.12,-0.142882
0.121,-0.06946
0.122,0.212627
0.123,-0.215361
0.124,-0.155817
0.125,0.090081
0.126,0.108117
0.127,0.081475
0.128,-0.201725
0.129,-0.121725
0.13,0.143992
0.131,-0.174838
0.132,-0.229591
0.133,0.188244
0.134,0.42038
0.135,0.090557
0.136,0.245838
0.137,0.243825
0.138,0.071768
0.139,-0.400518
0.14,0.134964
0.141,-0.096284
0.142,-0.232889
0.143,-0.289242
0.144,0.077212
0.145,-0.087262
0.146,-0.032446
0.147,-0.118586
0.148,0.221897
0.149,-0.218943
0.15,0.229141
0.151,-0.025411
0.152,-0.210564
0.153,-0.18156
0.154,0.121179
0.155,0.028307
0.156,0.189736
0.157,-0.212622
0.158,0.072935
0.159,-0.191012
0.16,0.107455
0.161,-0.119585
0.162,-0.132672
0.163,0.083805
0.164,-0.154936
0.165,-0.163962
0.166,-0.020647
0.167,-0.162953
0.168,0.424935
0.169,0.160622
0.17,-0.006182
0.171,-0.308359
0.172,0.097721
0.173,0.151691
0.174,-0.115248
0.175,0.087246
0.176,0.005192
0.177,-0.117621
0.178,-0.113135
0.179,-0.110723
0.18,-0.028647
0.181,-0.021801
0.182,0.055971
0.183,-0.12789
0.184,-0.243887
0.185,0.472875
0.186,-0.030414
0.187,0.328706
0.188,-0.335387
0.189,-0.150137
0.19,-0.303611
0.191,0.019636
0.192,-0.024559
0.193,0.003578
0.194,0.216473
0.195,0.105556
0.196,-0.249788
0.197,-0.028398
0.198,-0.036619
0.199,-0.505924
0.2,0.003534
0.201,0.160892
0.202,-0.148016
0.203,0.102635
0.204,0.028958
0.205,-0.105742
0.206,-0.298232
0.207,0.077508
0.208,0.29542
0.209,-0.14441
0.21,0.006355
0.211,-0.231919
0.212,0.093362
0.213,-0.179633
0.214,0.006548
0.215,0.028789
0.216,-0.060078
0.217,-0.07084
0.218,0.226397
0.219,-0.174917
0.22,-0.069652
0.221,-0.338663
0.222,-0.059189
0.223,0.163091
0.224,-0.055879
0.225,-0.057061
0.226,-0.25495
0.227,-0.079833
0.228,0.07166
0.229,0.142492
0.23,0.015885
0.231,0.068785
0.232,0.344753
0.233,0.079232
0.234,0.171831
0.235,0.128123
0.236,0.010835
0.237,-0.154751
0.238,0.069599
0.239,-0.026405
0.24,0.162354
0.241,-0.002003
0.242,0.007504
0.243,-0.294798
0.244,0.322986
0.245,-0.214966
0.246,-0.115439
0.247,0.314872
0.248,0.255625
0.249,-0.083693
0.25,-0.177586
0.251,-0.27805
0.252,-0.018151
0.253,0.069775
0.254,0.242863
0.255,-0.266811
0.256,0.449942
0.257,0.082077
0.258,-0.240488
0.259,-0.006827
0.26,0.017552
0.261,-0.066181
0.262,-0.155646
0.263,-0.198331
0.264,-0.01326
0.265,0.078799
0.266,-0.046009
0.267,-0.167292
0.268,-0.078526
0.269,-0.290995
0.27,-0.011154
0.271,0.024624
0.272,0.047024
0.273,0.043119
0.274,0.025491
0.275,0.054993
0.276,-0.047032
0.277,-0.35904
0.278,-0.115383
0.279,0.244114
0.28,0.119085
0.281,0.303306
0.282,0.277081
0.283,0.009695
0.284,-0.05862
0.285,0.085668
0.286,0.16486
0.287,-0.047304
0.288,0.079359
0.289,0.074501
0.29,-0.175978
0.291,0.222819
0.292,-0.134367
0.293,0.006888
0.294,0.012801
0.295,-0.126263
0.296,-0.140037
0.297,0.041928
0.298,-0.052786
0.299,-0.007902
0.3,0.064777
0.301,-0.325357
0.302,0.509998
0.303,0.503384
0.304,0.115294
0.305,-0.009473
0.306,0.009036
0.307,-0.156516
0.308,0.311143
0.309,0.089522
0.31,0.106718
0.311,-0.011481
0.312,-0.254337
0.313,-0.026067
0.314,0.212832
0.315,0.280576
0.316,0.039826
0.317,-0.051707
0.318,0.252708
0.319,0.232435
0.32,-0.048615
0.321,-0.006417
0.322,0.025671
0.323,-0.21477
0.324,-0.263126
0.325,-0.131923
0.326,-0.27486
0.327,0.077455
0.328,-0.057296
0.329,0.092493
0.33,0.027134
0.331,-0.03636
0.332,0.169654
0.333,0.439755
0.334,0.025146
0.335,0.066501
0.336,-0.154309
0.337,0.127491
0.338,-0.425164
0.339,-0.051471
0.34,-0.236289
0.341,-0.19498
0.342,-0.244359
0.343,-0.425457
0.344,0.008949
0.345,0.054732
0.346,0.339483
0.347,0.034066
0.348,0.041224
0.349,0.14731
0.35,0.17582
0.351,0.058187
0.352,0.16769
0.353,0.105074
0.354,0.128124
0.355,-0.210665
0.356,0.215827
0.357,-0.075537
0.358,0.200155
0.359,0.16724
0.36,-0.072524
0.361,0.006581
0.362,0.057448
0.363,-0.197935
0.364,0.004835
0.365,-0.012245
0.366,0.058019
0.367,0.166169
0.368,0.447764
0.369,0.275637
0.37,0.382196
0.371,-0.277303
0.372,0.033773
0.373,0.051812
0.374,-0.083717
0.375,-0.188731
0.376,-0.207192
0.377,-0.141695
0.378,-0.201541
0.379,0.038089
0.38,0.252619
0.381,0.018561
0.382,0.263117
0.383,0.061447
0.384,-0.178781
0.385,-0.050605
0.386,-0.167312
0.387,0.001187
0.388,-0.100339
0.389,0.231921
0.39,-0.067731
0.391,-0.026686
0.392,-0.450458
0.393,-0.124054
0.394,0.178741
0.395,0.247914
0.396,0.113313
0.397,0.379795
0.398,-0.221576
0.399,0.309377
0.4,-0.20872
0.401,-0.166836
0.402,0.050887
0.403,-0.286948
0.404,-0.036406
0.405,-0.135569
0.406,0.048562
0.407,0.033692
0.408,0.14886
0.409,0.106765
0.41,-0.032606
0.411,0.107966
0.412,0.059118
0.413,0.063317
0.414,0.084601
0.415,-0.023233
0.416,0.099759
0.417,-0.085046
0.418,-0.340754
0.419,-0.106119
0.42,0.073825
0.421,-0.040244
0.422,0.10176
0.423,0.184894
0.424,0.023879
0.425,-0.135501
0.426,0.314523
0.427,-0.05299
0.428,0.159503
0.429,-0.21298
0.43,0.266387
0.431,0.307008
0.432,0.004748
0.433,0.305293
0.434,0.012272
0.435,0.08931
0.436,-0.081208
0.437,0.234443
0.438,0.43014
0.439,0.391947
0.44,-0.106089
0.441,-0.008952
0.442,0.223649
0.443,0.169199
0.444,0.10275
0.445,-0.076247
0.446,-0.289238
0.447,0.218766
0.448,-0.125343
0.449,0.569764
0.45,-0.0113
0.451,0.125531
0.452,0.140243
0.453,-0.204623
0.454,0.010586
0.455,-0.231162
0.456,0.323258
0.457,-0.021919
0.458,0.019628
0.459,0.229218
0.46,0.05908
0.461,0.28806
0.462,0.191453
0.463,0.072982
0.464,0.107973
0.465,-0.049925
0.466,0.138839
0.467,0.332918
0.468,-0.212717
0.469,-0.110645
0.47,-0.183004
0.471,-0.014639
0.472,0.112309
0.473,0.127122
0.474,0.277738
0.475,-0.257262
0.476,-0.052121
0.477,-0.287629
0.478,0.398888
0.479,0.162161
0.48,0.218503
0.481,-0.05766
0.482,-0.40534
0.483,-0.08901
0.484,-0.401345
0.485,-0.041638
0.486,-0.159064
0.487,-0.346593
0.488,0.018993
0.489,0.287022
0.49,0.11726
0.491,-0.178624
0.492,-0.286106
0.493,-0.094256
0.494,0.077187
0.495,-0.427548
0.496,0.165596
0.497,0.583819
0.498,0.293465
0.499,-0.12658
0.5,-0.038669
0.501,0.135937
0.502,0.186327
0.503,-0.161002
0.504,-0.265838
0.505,-0.094791
0.506,0.051393
0.507,0.454691
0.508,0.137204
0.509,0.23539
0.51,0.049603
0.511,0.197323
0.512,0.200727
0.513,0.469494
0.514,0.189193
0.515,-0.292303
0.516,-0.241235
0.517,0.11241
0.518,-0.117564
0.519,0.214301
0.52,0.049155
0.521,-0.341043
0.522,0.18095
0.523,-0.236614
0.524,0.16454
0.525,-0.262221
0.526,-0.226218
0.527,0.292873
0.528,0.070438
0.529,0.009029
0.53,0.173147
0.531,-0.264676
0.532,-0.32785
0.533,-0.166086
0.534,-0.226677
0.535,-0.007733
0.536,-0.137399
0.537,-0.19277
0.538,0.00401
0.539,0.111615
0.54,-0.167416
0.541,-0.368118
0.542,-0.080165
0.543,0.014852
0.544,0.034953
0.545,0.268497
0.546,0.055027
0.547,-0.155031
0.548,-0.059323
0.549,0.059741
0.55,-0.191864
0.551,-0.280512
0.552,-0.367349
0.553,-0.007861
0.554,0.105469
0.555,0.042944
0.556,0.105956
0.557,-0.025171
0.558,0.031933
0.559,0.040834
0.56,0.205878
0.561,0.328655
0.562,-0.199886
0.5630000000000001,-0.040176
0.5640000000000001,0.471294
0.5650000000000001,0.052399
0.5660000000000001,0.08678
0.5670000000000001,-0.187787
0.5680000000000001,0.047328
0.5690000000000001,-0.158496
0.5700000000000001,-0.090886
0.5710000000000001,0.001747
0.5720000000000001,0.00348
0.5730000000000001,0.154441
0.5740000000000001,-0.002051
0.5750000000000001,-0.031014
0.5760000000000001,-0.172394
0.5770000000000001,0.032245
0.5780000000000001,-0.171863
0.5790000000000001,-0.225837
0.5800000000000001,0.260622
0.5810000000000001,0.047386
0.5820000000000001,0.070711
0.5830000000000001,0.268794
0.5840000000000001,0.136779
0.5850000000000001,0.190806
0.5860000000000001,0.176238
0.5870000000000001,-0.118288
0.5880000000000001,-0.07487
0.5890000000000001,0.055514
0.5900000000000001,0.143384
0.5910000000000001,0.132915
0.5920000000000001,-0.025312
0.5930000000000001,-0.333825
0.5940000000000001,-0.15411
0.5950000000000001,-0.085009
0.5960000000000001,-0.230455
0.5970000000000001,-0.046786
0.5980000000000001,-0.118333
0.5990000000000001,-0.209205
0.6000000000000001,0.344968
0.6010000000000001,0.086965
0.6020000000000001,-0.239389
0.6030000000000001,-0.010451
0.6040000000000001,-0.273415
0.6050000000000001,-0.045695
0.6060000000000001,-0.555325
0.6070000000000001,0.070065
0.6080000000000001,-0.066102
0.6090000000000001,0.056627
0.6100000000000001,0.163297
0.6110000000000001,0.027477
0.6120000000000001,-0.092048
0.6130000000000001,0.021815
0.6140000000000001,-0.058876
0.6150000000000001,-0.11681
0.6160000000000001,-0.111405
0.6170000000000001,0.296113
0.6180000000000001,0.105498
0.6190000000000001,-0.107436
0.62,0.158217
0.621,-0.141601
0.622,0.025136
0.623,0.017749
0.624,0.047664
0.625,0.175611
0.626,0.203183
0.627,0.039363
0.628,0.117516
0.629,-0.373776
0.63,0.341446
0.631,-0.018268
0.632,-0.145653
0.633,0.085376
0.634,0.123944
0.635,-0.050382
0.636,-0.166842
0.637,0.104095
0.638,-0.265833
0.639,0.193494
0.64,-0.269447
0.641,0.022732
0.642,0.094187
0.643,0.270817
0.644,0.356671
0.645,-0.020202
0.646,-0.004144
0.647,-0.116189
0.648,-0.023498
0.649,-0.221555
0.65,0.268665
0.651,0.028584
0.652,0.027769
0.653,0.006801
0.654,0.051534
0.655,0.225867
0.656,-0.192758
0.657,0.181611
0.658,0.152301
0.659,-0.040281
0.66,-0.202907
0.661,-0.043115
0.662,-0.075195
0.663,0.208893
0.664,-0.252992
0.665,0.032279
0.666,0.185063
0.667,0.211317
0.668,-0.140303
0.669,-0.147495
0.67,-0.197652
0.671,-0.0587
0.672,0.158246
0.673,0.262504
0.674,-0.219075
0.675,0.096928
0.676,-0.056812
0.677,-0.059556
0.678,-0.004079
0.679,0.075064
0.68,0.126757
0.681,0.146648
0.682,0.190986
0.683,0.336284
0.684,0.092544
0.685,-0.142424
0.686,0.185073
0.687,-0.278868
0.6880000000000001,-0.083925
0.6890000000000001,-0.278111
0.6900000000000001,-0.11438
0.6910000000000001,-0.172128
0.6920000000000001,-0.149454
0.6930000000000001,0.104082
0.6940000000000001,-0.060227
0.6950000000000001,-0.49027
0.6960000000000001,-0.144976
0.6970000000000001,0.124033
0.6980000000000001,0.006441
0.6990000000000001,-0.274819
0.7000000000000001,-0.11352
0.7010000000000001,0.005023
0.7020000000000001,-0.160882
0.7030000000000001,-0.272364
0.7040000000000001,0.07776
0.7050000000000001,-0.143449
0.7060000000000001,-0.197201
0.7070000000000001,-0.050548
0.7080000000000001,-0.044043
0.7090000000000001,0.149655
0.7100000000000001,0.144806
0.7110000000000001,0.185877
0.7120000000000001,-0.03597
0.7130000000000001,0.123903
0.7140000000000001,-0.116862
0.7150000000000001,0.318515
0.7160000000000001,0.192494
0.7170000000000001,0.102985
0.7180000000000001,-0.273988
0.7190000000000001,-0.051169
0.7200000000000001,-0.280475
0.7210000000000001,0.065057
0.7220000000000001,0.237708
0.7230000000000001,-0.140207
0.7240000000000001,-0.082885
0.7250000000000001,-0.004192
0.7260000000000001,0.041012
0.7270000000000001,-0.155689
0.7280000000000001,0.290514
0.7290000000000001,0.31285
0.7300000000000001,0.219236
0.7310000000000001,0.062665
0.7320000000000001,-0.083337
0.7330000000000001,-0.10794
0.7340000000000001,-0.081116
0.7350000000000001,0.189527
0.7360000000000001,0.436897
0.7370000000000001,-0.320529
0.7380000000000001,-0.362225
0.7390000000000001,0.162167
0.7400000000000001,0.178311
0.7410000000000001,0.166851
0.7420000000000001,0.541312
0.7430000000000001,-0.377196
0.7440000000000001,0.023712
0.7450000000000001,-0.139983
0.7460000000000001,-0.119072
0.7470000000000001,0.123559
0.7480000000000001,-0.043103
0.7490000000000001,0.038203
0.7500000000000001,0.076457
0.7510000000000001,-0.14255
0.7520000000000001,0.020586
0.7530000000000001,-0.29186
0.7540000000000001,0.589366
0.7550000000000001,0.190832
0.7560000000000001,0.112416
0.7570000000000001,-0.33328
0.758,-0.193823
0.759,-0.012019
0.76,0.173343
0.761,0.029997
0.762,0.233891
0.763,-0.151301
0.764,0.298476
0.765,0.065317
0.766,0.249806
0.767,0.176949
0.768,0.029678
0.769,-0.064501
0.77,0.096246
0.771,-0.025361
0.772,0.181212
0.773,-0.088264
0.774,-0.0398
0.775,-0.158628
0.776,-0.231843
0.777,0.048771
0.778,-0.123577
0.779,0.111919
0.78,0.058629
0.781,0.099686
0.782,-0.048529
0.783,-0.067742
0.784,-0.06355
0.785,-0.036614
0.786,-0.149242
0.787,-0.180582
0.788,0.218504
0.789,-0.051194
0.79,0.178176
0.791,0.003453
0.792,-0.256557
0.793,-0.157594
0.794,0.119345
0.795,0.041784
0.796,0.099233
0.797,-0.111405
0.798,0.178447
0.799,0.012317
0.8,-0.048834
0.801,-0.257297
0.802,-0.056724
0.803,0.176726
0.804,-0.16233
0.805,-0.091637
0.806,0.426203
0.807,-0.292496
0.808,0.309775
0.809,-0.320883
0.81,0.181737
0.811,0.109473
0.812,0.070451
0.8130000000000001,0.098625
0.8140000000000001,0.041003
0.8150000000000001,-0.273988
0.8160000000000001,0.182513
0.8170000000000001,0.111108
0.8180000000000001,0.177669
0.8190000000000001,-0.070419
0.8200000000000001,0.360311
0.8210000000000001,-0.341962
0.8220000000000001,0.033984
0.8230000000000001,-0.123373
0.8240000000000001,-0.066132
0.8250000000000001,-0.004055
0.8260000000000001,0.291183
0.8270000000000001,0.138937
0.8280000000000001,-0.177446
0.8290000000000001,0.22208
0.8300000000000001,0.143153
0.8310000000000001,-0.005032
0.8320000000000001,0.060307
0.8330000000000001,0.125773
0.8340000000000001,0.053139
0.8350000000000001,0.101646
0.8360000000000001,0.023591
0.8370000000000001,-0.126248
0.8380000000000001,-0.086007
0.8390000000000001,0.015749
0.8400000000000001,0.065811
0.8410000000000001,0.095519
0.8420000000000001,-0.082399
0.8430000000000001,0.224038
0.8440000000000001,0.170743
0.8450000000000001,0.242334
0.8460000000000001,-0.166378
0.8470000000000001,0.207535
0.8480000000000001,0.156438
0.8490000000000001,-0.160524
0.8500000000000001,0.217128
0.8510000000000001,0.042961
0.8520000000000001,-0.06083
0.8530000000000001,-0.138685
0.8540000000000001,0.064724
0.8550000000000001,0.147025
0.8560000000000001,-0.106037
0.8570000000000001,-0.143324
0.8580000000000001,0.068004
0.8590000000000001,0.079735
0.8600000000000001,0.38919
0.8610000000000001,0.101015
0.8620000000000001,0.179759
0.8630000000000001,0.286664
0.8640000000000001,-0.204092
0.8650000000000001,-0.379117
0.8660000000000001,0.084024
0.8670000000000001,0.075307
0.8680000000000001,-0.085204
0.8690000000000001,-0.111152
0.8700000000000001,-0.132491
0.8710000000000001,0.194454
0.8720000000000001,-0.294027
0.8730000000000001,-0.323889
0.8740000000000001,0.188086
0.8750000000000001,-0.071376
0.8760000000000001,0.321105
0.8770000000000001,0.054225
0.8780000000000001,0.255167
0.8790000000000001,-0.330078
0.8800000000000001,-0.140059
0.8810000000000001,0.200436
0.8820000000000001,-0.306795
0.8830000000000001,-0.210631
0.8840000000000001,0.066046
0.8850000000000001,0.170313
0.8860000000000001,0.374808
0.8870000000000001,0.05581
0.8880000000000001,-0.11661
0.8890000000000001,0.116439
0.8900000000000001,-0.000817
0.8910000000000001,0.074514
0.8920000000000001,-0.162816
0.8930000000000001,-0.121477
0.8940000000000001,0.162287
0.895,0.096874
0.896,0.452381
0.897,-0.015103
0.898,0.310632
0.899,-0.096396
0.9,0.171609
0.901,0.016725
0.902,-0.025652
0.903,-0.15008
0.904,-0.063795
0.905,-0.065329
0.906,-0.203232
0.907,-0.211777
0.908,0.166169
0.909,-0.195519
0.91,0.326644
0.911,0.172999
0.912,-0.065583
0.913,-0.062364
0.914,0.117958
0.915,0.258568
0.916,0.073362
0.917,-0.143679
0.918,-0.12295
0.919,-0.215011
0.92,-0.241381
0.921,0.184973
0.922,-0.245375
0.923,0.066712
0.924,-0.013966
0.925,0.036513
0.926,-0.423599
0.927,0.104564
0.928,0.043976
0.929,-0.069675
0.93,-0.196766
0.931,-0.006324
0.932,0.13534
0.933,0.109234
0.934,-0.014629
0.935,-0.061174
0.936,0.035173
0.937,-0.238619
0.938,-0.149778
0.939,-0.155856
0.94,-0.14256
0.941,0.029395
0.942,-0.041059
0.943,0.020449
0.944,-0.099582
0.945,-0.051125
0.946,-0.123572
0.947,0.165703
0.948,0.145027
0.949,0.278879
0.95,0.043964
0.951,0.186691
0.952,0.142154
0.953,0.077497
0.954,-0.071547
0.955,0.198899
0.956,0.057017
0.957,-0.06026
0.958,-0.192065
0.959,-0.253388
0.96,-0.285271
0.961,0.076549
0.962,0.003855
0.963,-0.210294
0.964,-0.365354
0.965,0.203465
0.966,0.236093
0.967,-0.061298
0.968,-0.075091
0.969,-0.017033
0.97,-0.062561
0.971,0.052327
0.972,0.157449
0.973,0.074537
0.974,-0.165577
0.975,0.537844
0.976,-0.223694
0.977,-0.046554
0.978,0.183577
0.979,0.228816
0.98,0.131188
0.981,0.001688
0.982,0.212986
0.983,-0.017833
0.984,-0.330499
0.985,0.21413
0.986,-0.473261
0.987,0.160899
0.988,-0.10086
0.989,0.080062
0.99,0.103785
0.991,-0.098018
0.992,0.289213
0.993,0.306919
0.994,-0.169418
0.995,0.31488
0.996,-0.125091
0.997,-0.031867
0.998,0.214413
0.999,-0.05958
1.0,-0.054658
1.001,0.319205
1.002,0.325362
1.003,-0.076747
1.004,0.039926
1.005,0.046524
1.006,0.274289
1.007,0.07161
1.008,0.430245
1.009,0.018213
1.01,0.234093
1.011,-0.096643
1.012,0.336053
1.013,0.348201
1.014,-0.147683
1.015,-0.024734
1.016,0.107689
1.017,0.212707
1.018,0.226443
1.019,0.192001
1.02,-0.206632
1.021,-0.099775
1.022,-0.126952
1.023,0.091884
1.024,0.194625
1.025,0.542881
1.026,0.122258
1.027,-0.10648
1.028,-0.465193
1.029,0.101821
1.03,-0.000126
1.031,-0.064733
1.032,0.183953
1.033,0.032154
1.034,-0.060983
1.035,0.107885
1.036,-0.16047
1.037,0.47872
1.038,-0.397104
1.039,-0.167688
1.04,0.100102
1.041,-0.320316
1.042,-0.024604
1.043,-0.130358
1.044,0.107589
1.0450000000000002,0.064496
1.046,0.250848
1.0470000000000002,-0.149904
1.048,-0.299625
1.0490000000000002,-0.038828
1.05,0.032518
1.0510000000000002,-0.106593
1.052,-0.127151
1.0530000000000002,-0.343971
1.054,0.148118
1.0550000000000002,0.025206
1.056,-0.002519
1.0570000000000002,-0.153048
1.058,0.075382
1.0590000000000002,-0.290048
1.06,0.363841
1.0610000000000002,0.00645
1.062,-0.114896
1.0630000000000002,-0.036778
1.064,0.059376
1.0650000000000002,-0.073612
1.066,0.163573
1.0670000000000002,0.131908
1.068,0.152388
1.0690000000000002,-0.018653
1.07,-0.291751
1.0710000000000002,0.148615
1.072,0.115379
1.0730000000000002,0.081568
1.074,-0.088454
1.0750000000000002,0.104877
1.076,0.129958
1.0770000000000002,0.093351
1.078,-0.003594
1.0790000000000002,-0.060938
1.08,0.081594
1.0810000000000002,0.108574
1.082,-0.048271
1.0830000000000002,0.194207
1.084,0.105784
1.0850000000000002,0.036226
1.086,0.220979
1.0870000000000002,0.093372
1.088,-0.464004
1.0890000000000002,-0.139183
1.09,-0.207426
1.0910000000000002,0.092357
1.092,0.243618
1.0930000000000002,-0.080121
1.094,-0.011073
1.0950000000000002,0.12559
1.096,0.149217
1.0970000000000002,-0.313424
1.098,0.199789
1.0990000000000002,-0.126464
1.1,0.259864
1.1010000000000002,0.055216
1.102,-0.120482
1.103,0.175414
1.104,0.177256
1.105,0.241196
1.106,-0.09724
1.107,0.18044
1.108,0.063124
1.109,-0.113672
1.11,-0.077987
1.111,-0.153605
1.112,-0.25255
1.113,0.172316
1.114,-0.160261
1.115,0.382993
1.116,0.207111
1.117,-0.093768
1.118,0.088337
1.119,0.099849
1.12,0.004379
1.121,0.154592
1.122,0.097285
1.123,-0.010244
1.124,0.258862
1.125,0.214543
1.126,-0.220563
1.127,0.038353
1.128,0.189878
1.129,0.249962
1.13,0.026209
1.131,-0.081034
1.132,-0.109063
1.133,-0.115523
1.134,0.069336
1.135,-0.007317
1.136,0.027308
1.137,0.072935
1.138,-0.00305
1.139,0.413402
1.14,0.060462
1.141,0.162929
1.142,-0.064932
1.143,0.158712
1.144,-0.026635
1.145,-0.307445
1.146,0.189367
1.147,-0.14854
1.148,-0.329755
1.149,0.03872
1.15,0.169567
1.151,0.149866
1.152,0.466838
1.153,0.349603
1.154,-0.087838
1.155,-0.055627
1.156,-0.053467
1.157,0.261895
1.158,-0.117357
1.159,0.213261
1.16,0.319575
1.161,-0.191398
1.162,0.067861
1.163,-0.276535
1.164,-0.325141
1.165,-0.163718
1.166,-0.217386
1.167,-0.197452
1.168,-0.370291
1.169,0.342052
1.1700000000000002,0.251567
1.171,-0.305668
1.1720000000000002,0.25841
1.173,0.369979
1.1740000000000002,-0.009486
1.175,-0.451582
1.1760000000000002,0.101692
1.177,0.106948
1.1780000000000002,0.025155
1.179,0.139958
1.1800000000000002,0.309456
1.181,0.036912
1.1820000000000002,0.181355
1.183,-0.26453
1.1840000000000002,0.077807
1.185,0.177129
1.1860000000000002,0.191837
1.187,0.215761
1.1880000000000002,0.26965
1.189,0.370625
1.1900000000000002,-0.174713
1.191,-0.104765
1.1920000000000002,0.01333
1.193,0.487959
1.1940000000000002,0.054716
1.195,0.260592
1.1960000000000002,-0.044774
1.197,0.146247
1.1980000000000002,-0.025448
1.199,0.084488
1.2000000000000002,-0.182786
1.201,0.140035
1.2020000000000002,-0.028436
1.203,0.151285
1.2040000000000002,0.30979
1.205,-0.12318
1.2060000000000002,-0.128236
1.207,0.27295
1.2080000000000002,-0.09996
1.209,0.158057
1.2100000000000002,-0.023677
1.211,-0.000284
1.2120000000000002,0.354235
1.213,0.248233
1.2140000000000002,0.131823
1.215,-0.043507
1.2160000000000002,-0.158581
1.217,0.136865
1.2180000000000002,0.350447
1.219,0.070646
1.2200000000000002,0.313755
1.221,-0.320935
1.2220000000000002,0.018948
1.223,0.004937
1.2240000000000002,0.217764
1.225,0.24673
1.2260000000000002,0.329127
1.227,0.398973
1.2280000000000002,-0.505644
1.229,0.335523
1.2300000000000002,-0.015287
1.231,-0.217256
1.2320000000000002,0.373626
1.233,-0.053926
1.2340000000000002,0.093429
1.235,-0.153223
1.2360000000000002,0.067
1.237,0.015124
1.2380000000000002,0.111852
1.239,0.213652
1.24,-0.381505
1.241,0.114946
1.242,0.24503
1.243,0.375686
1.244,-0.347693
1.245,0.08804
1.246,0.190863
1.247,0.249348
1.248,-0.125596
1.249,-0.152403
1.25,0.188454
1.251,-0.028684
1.252,0.067584
1.253,0.344308
1.254,0.003853
1.255,0.262609
1.256,0.07081
1.257,0.040349
1.258,-0.000736
1.259,0.204432
1.26,-0.026441
1.261,-0.316008
1.262,0.153176
1.263,0.177334
1.264,-0.038216
1.265,-0.200558
1.266,-0.340194
1.267,0.242249
1.268,0.130496
1.269,-0.04591
1.27,0.34367
1.271,-0.031068
1.272,0.008283
1.273,-0.161715
1.274,-0.262224
1.275,-0.14472
1.276,0.366547
1.277,-0.190104
1.278,-0.107749
1.279,-0.172703
1.28,-0.071015
1.281,-0.108345
1.282,-0.070844
1.283,0.158575
1.284,-0.011653
1.285,0.182551
1.286,-0.060059
1.287,0.194303
1.288,0.264208
1.289,-0.071928
1.29,-0.191754
1.291,-0.179792
1.292,-0.028043
1.293,0.366894
1.294,0.240727
1.2950000000000002,0.267359
1.296,0.341691
1.2970000000000002,0.505195
1.298,-0.102235
1.2990000000000002,0.005858
1.3,0.324118
1.3010000000000002,0.029632
1.302,0.348552
1.3030000000000002,0.188382
1.304,-0.241891
1.3050000000000002,-0.210392
1.306,0.027462
1.3070000000000002,0.071818
1.308,-0.102293
1.3090000000000002,-0.029313
1.31,-0.057812
1.3110000000000002,0.266416
1.312,-0.200888
1.3130000000000002,-0.004228
1.314,-0.056441
1.3150000000000002,-0.124338
1.316,-0.068184
1.3170000000000002,-0.037007
1.318,-0.149566
1.3190000000000002,0.131406
1.32,-0.131133
1.3210000000000002,-0.112706
1.322,-0.215388
1.3230000000000002,-0.066311
1.324,-0.03276
1.3250000000000002,-0.153118
1.326,-0.147556
1.3270000000000002,0.22427
1.328,0.32666
1.3290000000000002,-0.097204
1.33,-0.148907
1.3310000000000002,-0.027021
1.332,-0.429165
1.3330000000000002,-0.021303
1.334,0.184986
1.3350000000000002,0.422615
1.336,0.244739
1.3370000000000002,-0.200125
1.338,0.38019
1.3390000000000002,-0.360935
1.34,-0.192051
1.3410000000000002,0.281142
1.342,0.027443
1.3430000000000002,-0.07871
1.344,0.181597
1.3450000000000002,0.16291
1.346,-0.154929
1.3470000000000002,-0.214553
1.348,-0.063629
1.3490000000000002,-0.31167
1.35,-0.109103
1.3510000000000002,-0.189202
1.352,0.168356
1.3530000000000002,0.254672
1.354,-0.071751
1.3550000000000002,-0.066868
1.356,0.038408
1.3570000000000002,0.063124
1.358,0.047221
1.3590000000000002,0.200441
1.36,-0.038035
1.3610000000000002,0.129212
1.362,0.06342
1.3630000000000002,0.054149
1.364,0.186417
1.3650000000000002,0.415807
1.366,0.084559
1.3670000000000002,0.285638
1.368,-0.003302
1.3690000000000002,-0.167773
1.37,-0.080929
1.3710000000000002,-0.027319
1.372,0.126084
1.3730000000000002,-0.321793
1.374,-0.05486
1.3750000000000002,-0.040804
1.376,-0.17128
1.377,-0.192508
1.378,0.271174
1.379,-0.153531
1.38,0.082953
1.381,0.476404
1.382,-0.005649
1.383,0.012843
1.384,0.090121
1.385,0.217083
1.386,-0.262083
1.387,0.169424
1.388,-0.13491
1.389,0.27624
1.39,0.141575
1.391,0.273369
1.392,0.112789
1.393,-0.096285
1.394,0.062091
1.395,0.030558
1.396,0.144095
1.397,0.3019
1.398,0.325668
1.399,0.095039
1.4,-0.247193
1.401,-0.410389
1.402,-0.282888
1.403,-0.059078
1.404,0.189363
1.405,0.05511
1.406,-0.015425
1.407,-0.034964
1.408,0.073843
1.409,-0.095895
1.41,-0.086769
1.411,0.369536
1.412,-0.070293
1.413,-0.194287
1.414,0.02088
1.415,-0.081718
1.416,0.101533
1.417,0.24184
1.418,0.112451
1.419,-0.224039
1.4200000000000002,0.080709
1.421,0.07907
1.4220000000000002,0.412519
1.423,0.123359
1.4240000000000002,-0.207232
1.425,0.012269
1.4260000000000002,0.027674
1.427,0.287518
1.4280000000000002,0.04364
1.429,0.045702
1.4300000000000002,-0.164492
1.431,-0.492208
1.4320000000000002,-0.011292
1.433,0.180017
1.4340000000000002,-0.062737
1.435,-0.126273
1.4360000000000002,0.292477
1.437,0.102572
1.4380000000000002,-0.072995
1.439,0.004296
1.4400000000000002,0.103938
1.441,0.16089
1.4420000000000002,0.152741
1.443,0.034316
1.4440000000000002,-0.215703
1.445,0.035929
1.4460000000000002,0.222484
1.447,0.454342
1.4480000000000002,0.185199
1.449,0.289068
1.4500000000000002,0.084575
1.451,-0.022291
1.4520000000000002,-0.197119
1.453,-0.29672
1.4540000000000002,0.279475
1.455,0.241328
1.4560000000000002,0.208699
1.457,0.05693
1.4580000000000002,-0.257389
1.459,0.106328
1.4600000000000002,-0.190977
1.461,-0.061772
1.4620000000000002,0.146943
1.463,0.145249
1.4640000000000002,-0.134954
1.465,-0.007096
1.4660000000000002,-0.104003
1.467,0.246378
1.4680000000000002,0.160899
1.469,0.03782
1.4700000000000002,-0.124014
1.471,-0.100656
1.4720000000000002,0.234876
1.473,-0.006746
1.4740000000000002,0.122386
1.475,-0.029998
1.4760000000000002,-0.33895
1.477,0.091078
1.4780000000000002,0.232913
1.479,0.088162
1.4800000000000002,0.100089
1.481,0.460358
1.4820000000000002,0.240693
1.483,0.052755
1.4840000000000002,0.211258
1.485,-0.323387
1.4860000000000002,0.068985
1.487,-0.326771
1.4880000000000002,0.05624
1.489,-0.157519
1.4900000000000002,-0.2877
1.491,0.053302
1.4920000000000002,0.007392
1.493,0.092476
1.4940000000000002,0.445561
1.495,0.003874
1.4960000000000002,0.411851
1.497,-0.041201
1.4980000000000002,-0.03263
1.499,0.282768
1.5000000000000002,-0.129921
1.501,0.018127
1.5020000000000002,-0.125688
1.503,0.07262
1.5040000000000002,-0.069155
1.505,-0.413815
1.5060000000000002,0.231815
1.507,-0.061469
1.5080000000000002,0.060381
1.509,0.155871
1.5100000000000002,0.297477
1.511,0.431875
1.5120000000000002,0.071504
1.513,0.053171
1.5140000000000002,0.21819
1.515,-0.198072
1.516,0.164815
1.517,0.03433
1.518,0.009144
1.519,-0.177131
1.52,0.194942
1.521,-0.328466
1.522,-0.28608
1.523,0.631183
1.524,-0.106249
1.525,0.239613
1.526,0.112235
1.527,-0.031547
1.528,0.280624
1.529,0.124384
1.53,0.426724
1.531,0.206696
1.532,-0.046833
1.533,-0.108988
1.534,-0.121177
1.535,0.04193
1.536,-0.053647
1.537,0.029678
1.538,-0.146905
1.539,0.21006
1.54,0.086043
1.541,0.100587
1.542,0.469264
1.543,-0.069389
1.544,0.098525
1.5450000000000002,0.53057
1.546,-0.106513
1.5470000000000002,0.492248
1.548,0.20079
1.5490000000000002,0.24107
1.55,0.159037
1.5510000000000002,0.409611
1.552,-0.023772
1.5530000000000002,0.202829
1.554,-0.19526
1.5550000000000002,0.167946
1.556,0.012979
1.5570000000000002,0.065536
1.558,0.103456
1.5590000000000002,0.162927
1.56,-0.123738
1.5610000000000002,-0.151365
1.562,-0.068888
1.5630000000000002,-0.306412
1.564,0.04222
1.5650000000000002,0.159045
1.566,0.032626
1.5670000000000002,0.119788
1.568,0.053968
1.5690000000000002,0.070702
1.57,0.029065
1.5710000000000002,0.097663
1.572,0.251679
1.5730000000000002,0.290675
1.574,0.213726
1.5750000000000002,-0.028156
1.576,0.088292
1.5770000000000002,-0.09255
1.578,0.122746
1.5790000000000002,0.328123
1.58,0.013324
1.5810000000000002,-0.311855
1.582,0.065132
1.5830000000000002,-0.133318
1.584,0.104505
1.5850000000000002,0.224785
1.586,-0.110364
1.5870000000000002,-0.343375
1.588,0.321181
1.5890000000000002,0.213765
1.59,0.111814
1.5910000000000002,-0.440069
1.592,-0.130773
1.5930000000000002,0.136088
1.594,-0.315207
1.5950000000000002,0.060462
1.596,0.189398
1.5970000000000002,-0.024968
1.598,0.159358
1.5990000000000002,0.130222
1.6,0.065192
1.6010000000000002,-0.002124
1.602,-0.118999
1.6030000000000002,-0.115617
1.604,0.05248
1.6050000000000002,0.08235
1.606,0.125098
1.6070000000000002,0.365315
1.608,-0.265489
1.6090000000000002,0.17275
1.61,-0.03122
1.6110000000000002,0.209323
1.612,0.020338
1.6130000000000002,0.12028
1.614,0.268375
1.6150000000000002,0.066577
1.616,0.153498
1.6170000000000002,0.06636
1.618,-0.165819
1.6190000000000002,0.040495
1.62,-0.006956
1.6210000000000002,-0.388333
1.622,0.241038
1.6230000000000002,0.289093
1.624,-0.239625
1.6250000000000002,-0.176951
1.626,-0.237572
1.6270000000000002,-0.15927
1.628,-0.152106
1.6290000000000002,0.109555
1.63,-0.077587
1.6310000000000002,0.073891
1.632,-0.139423
1.6330000000000002,-0.074665
1.634,0.007066
1.6350000000000002,-0.159621
1.636,0.170888
1.6370000000000002,0.382595
1.638,-0.235601
1.6390000000000002,-0.125799
1.64,-0.096435
1.6410000000000002,0.105512
1.642,0.165183
1.6430000000000002,-0.038823
1.644,-0.010285
1.6450000000000002,-0.232581
1.646,-0.037415
1.6470000000000002,-0.05749
1.648,-0.226161
1.6490000000000002,0.265363
1.65,-0.01649
1.6510000000000002,0.314757
1.652,0.35483
1.653,-0.049573
1.654,-0.207266
1.655,0.016944
1.656,-0.288455
1.657,0.236416
1.658,-0.135149
1.659,0.253894
1.66,-0.132764
1.661,-0.050083
1.662,0.042866
1.663,0.18651
1.664,-0.090904
1.665,0.272855
1.666,0.114492
1.667,-0.12136
1.668,0.070812
1.669,0.226273
1.6700000000000002,0.30959
1.671,-0.273939
1.6720000000000002,0.038401
1.673,-0.142733
1.6740000000000002,0.010994
1.675,-0.440136
1.6760000000000002,0.241185
1.677,0.18011
1.6780000000000002,-0.209781
1.679,-0.158338
1.6800000000000002,-0.196082
1.681,-0.258056
1.6820000000000002,0.074015
1.683,0.017659
1.6840000000000002,-0.400297
1.685,-0.045227
1.6860000000000002,-0.151055
1.687,0.040971
1.6880000000000002,-0.104729
1.689,0.075304
1.6900000000000002,-0.2467
1.691,0.149912
1.6920000000000002,-0.140303
1.693,-0.014882
1.6940000000000002,-0.047083
1.695,-0.040774
1.6960000000000002,0.192362
1.697,0.351628
1.6980000000000002,0.040964
1.699,-0.052508
1.7000000000000002,-0.045797
1.701,0.033537
1.7020000000000002,0.167169
1.703,-0.143807
1.7040000000000002,0.19147
1.705,-0.279692
1.7060000000000002,0.039363
1.707,-0.197061
1.7080000000000002,-0.081034
1.709,0.244226
1.7100000000000002,0.383418
1.711,0.170589
1.7120000000000002,0.078074
1.713,0.183685
1.7140000000000002,0.016828
1.715,0.245676
1.7160000000000002,0.515533
1.717,-0.110799
1.7180000000000002,0.122042
1.719,-0.200226
1.7200000000000002,0.259692
1.721,0.144279
1.7220000000000002,0.188324
1.723,-0.252334
1.7240000000000002,0.202119
1.725,0.037279
1.7260000000000002,-0.041491
1.727,0.40571
1.7280000000000002,0.390769
1.729,0.416432
1.7300000000000002,0.14257
1.731,-0.071729
1.7320000000000002,-0.176123
1.733,-0.065679
1.7340000000000002,-0.186023
1.735,-0.159158
1.7360000000000002,-0.218817
1.737,0.285831
1.7380000000000002,0.479688
1.739,-0.055376
1.7400000000000002,-0.021684
1.741,0.015571
1.7420000000000002,-0.044084
1.743,0.186801
1.7440000000000002,-0.106376
1.745,-0.100105
1.7460000000000002,0.178907
1.747,0.198786
1.7480000000000002,-0.407116
1.749,-0.363413
1.7500000000000002,0.263433
1.751,0.336393
1.7520000000000002,-0.074333
1.753,-0.23562
1.7540000000000002,-0.086451
1.755,-0.237742
1.7560000000000002,0.267866
1.757,-0.160128
1.7580000000000002,0.056788
1.759,-0.162206
1.7600000000000002,-0.169412
1.761,0.038385
1.7620000000000002,-0.031922
1.763,0.125163
1.7640000000000002,-0.345457
1.765,0.059455
1.7660000000000002,-0.104694
1.767,0.264264
1.7680000000000002,-0.016528
1.769,0.29939
1.7700000000000002,-0.160037
1.771,0.36837
1.7720000000000002,-0.001834
1.773,0.353871
1.7740000000000002,0.252768
1.775,0.277672
1.7760000000000002,-0.053896
1.777,0.121132
1.7780000000000002,0.314016
1.779,-0.102195
1.7800000000000002,0.159165
1.781,0.204656
1.7820000000000005,0.009925
1.783,0.135021
1.7840000000000005,0.102233
1.785,0.088991
1.7860000000000005,0.189829
1.787,-0.043472
1.7880000000000005,-0.104594
1.789,0.111444
1.79,0.152349
1.791,0.13291
1.792,0.232253
1.793,-0.009492
1.794,0.287725
1.7950000000000002,-0.085746
1.796,-0.111068
1.7970000000000002,-0.25881
1.798,0.218472
1.7990000000000002,-0.120225
1.8,-0.323942
1.8010000000000002,-0.134204
1.802,-0.270126
1.803,0.450355
1.804,-0.215786
1.805,-0.005116
1.806,0.094889
1.807,0.311232
1.808,-0.049517
1.809,0.267043
1.81,-0.016276
1.811,-0.01917
1.812,0.022681
1.813,0.013479
1.814,-0.02788
1.815,-0.20187
1.816,0.056677
1.817,0.125894
1.818,0.107064
1.819,-0.029696
1.82,-0.021634
1.821,-0.037509
1.822,0.537868
1.823,-0.328891
1.824,-0.064247
1.825,-0.053268
1.826,0.24324
1.827,-0.144948
1.828,0.097622
1.829,0.053118
1.83,-0.030638
1.831,-0.305627
1.832,0.107896
1.833,-0.006105
1.834,0.039391
1.835,0.239301
1.836,0.131469
1.837,0.033111
1.838,-0.104991
1.839,0.011472
1.84,-0.286158
1.841,-0.208316
1.842,-0.123805
1.843,-0.217059
1.844,0.139996
1.845,0.033834
1.846,-0.113573
1.847,-0.116815
1.848,0.029767
1.849,-0.005768
1.85,0.21323
1.851,-0.038697
1.852,0.148442
1.853,0.125105
1.854,0.025127
1.855,-0.029081
1.856,-0.114036
1.857,-0.065711
1.858,-0.165008
1.859,0.114868
1.86,0.127227
1.861,0.064261
1.862,-0.050574
1.863,-0.113481
1.864,0.163888
1.865,-0.181761
1.866,0.091286
1.867,0.01258
1.868,-0.313762
1.869,-0.097294
1.87,0.367369
1.871,-0.307127
1.872,0.001462
1.873,0.338204
1.874,-0.124911
1.875,0.127358
1.876,-0.145874
1.877,0.12778
1.878,0.137093
1.879,-0.160535
1.88,-0.070641
1.881,-0.033336
1.882,-0.258696
1.883,0.290733
1.884,-0.045867
1.885,0.264541
1.886,0.022197
1.887,0.1591
1.888,0.144499
1.889,-0.073891
1.89,-0.074333
1.891,0.018903
1.892,0.053127
1.893,0.256506
1.894,0.004422
1.895,0.377285
1.896,0.196752
1.897,0.076866
1.898,0.116671
1.899,0.081177
1.9,0.033049
1.901,-0.12402
1.902,0.021115
1.903,-0.035915
1.904,0.427645
1.905,-0.178022
1.906,0.099388
1.9070000000000005,0.431989
1.908,0.344369
1.9090000000000005,-0.243269
1.91,-0.286864
1.9110000000000005,0.549999
1.912,0.092419
1.9130000000000005,-0.357381
1.914,0.069756
1.9150000000000005,0.187194
1.916,-0.210706
1.9170000000000005,-0.22053
1.918,-0.159214
1.9190000000000005,-0.615828
1.92,-0.101479
1.9210000000000005,0.140887
1.922,-0.10752
1.9230000000000005,0.018101
1.924,0.043311
1.9250000000000005,0.14407
1.926,-0.139788
1.9270000000000005,-0.143554
1.928,-0.070576
1.929,0.114224
1.93,-0.214529
1.931,-0.137478
1.932,0.081876
1.933,-0.432541
1.934,-0.163597
1.935,0.024996
1.936,-0.166121
1.937,-0.024388
1.938,-0.115486
1.939,-0.171146
1.94,-0.077489
1.941,-0.032236
1.942,-0.099639
1.943,-0.05637
1.944,0.174755
1.945,0.166545
1.946,0.364604
1.947,0.094982
1.948,0.576453
1.949,0.14959
1.95,-0.029199
1.951,0.059113
1.952,-0.436144
1.953,0.250947
1.954,-0.394408
1.955,0.423417
1.956,0.078409
1.957,0.13623
1.958,0.224506
1.959,-0.091031
1.96,-0.045743
1.961,0.213536
1.962,0.014357
1.963,-0.195601
1.964,0.21822
1.965,-0.121409
1.966,-0.273269
1.967,-0.002842
1.968,0.083664
1.969,-0.084276
1.97,-0.334324
1.971,-0.291894
1.972,-0.059858
1.973,0.253224
1.974,0.43518
1.975,0.07725
1.976,-0.163597
1.977,0.272587
1.978,0.036366
1.979,0.114012
1.98,-0.031912
1.981,-0.128168
1.982,-0.084713
1.983,-0.148946
1.984,-0.071219
1.985,0.147396
1.986,0.091848
1.987,-0.168292
1.988,-0.067607
1.989,-0.171233
1.99,0.157
1.991,-0.012965
1.992,0.392486
1.993,-0.08571
1.994,-0.042794
1.995,0.120792
1.996,0.125655
1.997,-0.011381
1.998,0.027839
1.999,-0.111433
2.0,-0.025559
2.0010000000000003,-0.464329
2.002,0.487402
2.003,0.212011
2.004,0.130433
2.0050000000000003,-0.123967
2.006,-0.023057
2.007,0.519611
2.008,-0.260756
2.0090000000000003,-0.163315
2.01,-0.023698
2.011,-0.435555
2.012,-0.150731
2.0130000000000003,-0.270056
2.014,-0.073568
2.015,-0.074427
2.016,0.033207
2.0170000000000003,0.126394
2.018,-0.169282
2.019,-0.031077
2.02,0.365706
2.0210000000000004,0.070693
2.022,-0.051539
2.023,0.328811
2.024,0.303624
2.0250000000000004,0.235741
2.026,0.225784
2.027,-0.2493
2.028,0.290299
2.0290000000000004,-0.026346
2.03,-0.167396
2.031,0.189095
2.032,-0.072855
2.0330000000000004,-0.123461
2.0340000000000003,-0.002428
2.035,-0.091191
2.036,0.173376
2.0370000000000004,0.119385
2.0380000000000003,0.27892
2.039,-0.268482
2.04,0.078146
2.0410000000000004,0.284587
2.0420000000000003,-0.001313
2.043,-0.171422
2.044,-0.159105
2.0450000000000004,-0.059134
2.0460000000000003,-0.009375
2.047,0.198637
2.048,0.068411
2.0490000000000004,0.238949
2.0500000000000003,0.093084
2.051,-0.039122
2.052,0.06567
2.0530000000000004,-0.150689
2.0540000000000003,0.435225
2.055,-0.195374
2.056,-0.231255
2.0570000000000004,-0.343736
2.0580000000000003,0.196855
2.059,-0.036521
2.06,-0.358783
2.0610000000000004,-0.132595
2.0620000000000003,-0.136738
2.063,-0.112247
2.064,0.234864
2.0650000000000004,0.152301
2.0660000000000003,0.084225
2.067,0.449718
2.068,0.186478
2.069,-0.181943
2.0700000000000003,0.03844
2.071,-0.090828
2.072,-0.002679
2.073,-0.24249
2.0740000000000003,0.425726
2.075,-0.074282
2.076,-0.148327
2.077,-0.109003
2.0780000000000003,-0.02293
2.079,-0.04668
2.08,0.069967
2.081,0.030423
2.0820000000000003,-0.05494
2.083,0.190116
2.084,0.07838
2.085,0.075686
2.0860000000000003,-0.014007
2.087,-0.125287
2.088,0.373061
2.089,-0.111946
2.0900000000000003,0.228578
2.091,0.047316
2.092,0.372222
2.093,-0.053147
2.0940000000000003,0.13528
2.095,0.240338
2.096,0.060451
2.097,0.306282
2.0980000000000003,0.050845
2.099,-0.11604
2.1,0.161208
2.101,0.241536
2.1020000000000003,0.067672
2.103,0.13317
2.104,-0.115763
2.105,0.107827
2.1060000000000003,0.044186
2.107,0.07337
2.108,-0.038379
2.109,-0.140918
2.1100000000000003,-0.246783
2.111,-0.0129
2.112,-0.002003
2.113,-0.089531
2.1140000000000003,-0.249338
2.115,0.168923
2.116,0.014333
2.117,-0.030405
2.1180000000000003,0.050266
2.119,0.244464
2.12,-0.220493
2.121,-0.080649
2.1220000000000003,-0.181625
2.123,0.221075
2.124,0.056034
2.125,-0.047011
2.1260000000000003,0.058552
2.127,0.059614
2.128,0.092959
2.129,-0.214023
2.1300000000000003,0.144693
2.131,-0.124401
2.132,0.087128
2.133,0.239534
2.1340000000000003,0.268277
2.135,-0.079136
2.136,-0.040685
2.137,-0.282889
2.1380000000000003,0.130793
2.139,-0.249938
2.14,-0.067471
2.141,0.474373
2.1420000000000003,0.07516
2.143,-0.315667
2.144,0.073055
2.145,-0.140453
2.1460000000000004,0.208891
2.147,0.026689
2.148,0.133331
2.149,-0.137107
2.1500000000000004,0.13957
2.151,-0.107431
2.152,0.049458
2.153,-0.122665
2.1540000000000004,-0.140142
2.155,-0.036213
2.156,0.368121
2.157,0.010674
2.1580000000000004,0.031567
2.1590000000000003,0.029819
2.16,0.282519
2.161,0.229955
2.1620000000000004,0.191189
2.1630000000000003,-0.376504
2.164,0.050763
2.165,-0.019915
2.1660000000000004,0.450322
2.1670000000000003,0.046434
2.168,0.055919
2.169,0.036293
2.1700000000000004,0.227004
2.1710000000000003,0.134573
2.172,-0.274094
2.173,0.113949
2.1740000000000004,-0.096351
2.1750000000000003,0.487481
2.176,0.236819
2.177,0.434492
2.1780000000000004,0.27494
2.1790000000000003,0.077508
2.18,-0.009049
2.181,-0.094939
2.1820000000000004,-0.273283
2.1830000000000003,-0.270275
2.184,-0.213998
2.185,-0.25121
2.1860000000000004,-0.162278
2.1870000000000003,-0.00073
2.188,0.150512
2.189,-0.069338
2.1900000000000004,-0.109618
2.1910000000000003,-0.117155
2.192,-0.146051
2.193,-0.164219
2.1940000000000004,0.008757
2.1950000000000003,0.12433
2.196,0.051585
2.197,0.089108
2.1980000000000004,-0.019744
2.1990000000000003,0.308323
2.2,0.041729
2.201,-0.354135
2.2020000000000004,0.432624
2.2030000000000003,-0.17473
2.204,0.108023
2.205,-0.180244
2.206,-0.155269
2.2070000000000003,-0.036063
2.208,0.318329
2.209,0.3019
2.21,-0.019321
2.2110000000000003,-0.128638
2.212,-0.209262
2.213,-0.072291
2.214,0.249825
2.2150000000000003,-0.3075
2.216,0.012856
2.217,-0.324526
2.218,-0.132182
2.2190000000000003,0.023695
2.22,0.248148
2.221,0.250626
2.222,-0.037269
2.2230000000000003,-0.056656
2.224,0.01011
2.225,0.407518
2.226,-0.335927
2.2270000000000003,0.538812
2.228,-0.021986
2.229,-0.338807
2.23,0.292982
2.2310000000000003,-0.040839
2.232,0.21348
2.233,0.230456
2.234,-0.117209
2.2350000000000003,-0.047018
2.236,0.393287
2.237,0.110608
2.238,0.054098
2.2390000000000003,-0.381283
2.24,0.078285
2.241,0.041769
2.242,0.053524
2.2430000000000003,0.050306
2.244,-0.406815
2.245,-0.161016
2.246,0.128585
2.2470000000000003,0.244114
2.248,-0.09912
2.249,-0.168416
2.25,-0.226229
2.2510000000000003,-0.020034
2.252,-0.334418
2.253,-0.308835
2.254,0.132522
2.2550000000000003,0.285987
2.256,-0.077272
2.257,-0.068012
2.258,0.265842
2.2590000000000003,0.005778
2.26,-0.027859
2.261,-0.333122
2.262,-0.296779
2.2630000000000003,-0.062024
2.264,-0.005188
2.265,0.175041
2.266,-0.355536
2.2670000000000003,0.264409
2.268,-0.387246
2.269,0.096754
2.27,0.138522
2.2710000000000004,0.219841
2.272,-0.21394
2.273,-0.260722
2.274,0.018903
2.2750000000000004,0.037004
2.276,-0.08292
2.277,-0.054585
2.278,0.045038
2.2790000000000004,0.02485
2.28,0.236685
2.281,-0.15006
2.282,-0.054148
2.2830000000000004,-0.044116
2.2840000000000003,0.122629
2.285,0.045038
2.286,0.219317
2.2870000000000004,-0.129016
2.2880000000000003,-0.144802
2.289,-0.098008
2.29,-0.12422
2.2910000000000004,-0.103441
2.2920000000000003,-0.36007
2.293,-0.269409
2.294,-0.015215
2.2950000000000004,0.221729
2.2960000000000003,0.377663
2.297,0.27208
2.298,0.16763
2.2990000000000004,0.258976
2.3000000000000003,0.075037
2.301,-0.110235
2.302,0.264235
2.3030000000000004,-0.196949
2.3040000000000003,-0.109514
2.305,-0.463954
2.306,-0.242068
2.3070000000000004,-0.191905
2.3080000000000003,0.196644
2.309,0.026521
2.31,-0.078866
2.3110000000000004,-0.13991
2.3120000000000003,-0.392018
2.313,-0.00017
2.314,0.090305
2.3150000000000004,0.146654
2.3160000000000003,-0.191807
2.317,-0.118304
2.318,-0.086126
2.3190000000000004,-0.139462
2.3200000000000003,0.441844
2.321,-0.070192
2.322,0.293051
2.3230000000000004,-0.008612
2.3240000000000003,0.266798
2.325,0.178596
2.326,0.015121
2.3270000000000004,0.168779
2.3280000000000003,-0.074725
2.329,0.087326
2.33,0.290649
2.3310000000000004,0.322623
2.3320000000000003,0.289859
2.333,-0.294664
2.334,0.032124
2.3350000000000004,-0.214405
2.3360000000000003,0.11302
2.337,0.038148
2.338,0.307626
2.3390000000000004,0.075607
2.3400000000000003,0.171849
2.341,0.309401
2.342,-0.014374
2.343,-0.178062
2.3440000000000003,-0.015046
2.345,0.04984
2.346,0.210439
2.347,-0.045707
2.3480000000000003,0.474136
2.349,-0.135815
2.35,-0.178324
2.351,-0.244088
2.3520000000000003,0.129608
2.353,-0.223085
2.354,-0.069748
2.355,0.131911
2.3560000000000003,-0.282091
2.357,-0.123619
2.358,0.221959
2.359,0.251174
2.3600000000000003,0.15667
2.361,0.132543
2.362,0.26813
2.363,0.01888
2.3640000000000003,-0.062259
2.365,-0.008383
2.366,0.105452
2.367,-0.115914
2.3680000000000003,0.194107
2.369,-0.090134
2.37,-0.181956
2.371,-0.193743
2.3720000000000003,0.245224
2.373,0.145987
2.374,0.153709
2.375,-0.006477
2.3760000000000003,-0.269395
2.377,-0.20657
2.378,-0.182736
2.379,-0.1007
2.3800000000000003,0.220643
2.381,0.088917
2.382,-0.497319
2.383,-0.25563
2.3840000000000003,0.095677
2.385,0.084409
2.386,-0.279687
2.387,-0.269125
2.3880000000000003,-0.034357
2.389,0.146
2.39,0.017145
2.391,-0.210149
2.3920000000000003,0.063747
2.393,-0.083788
2.394,0.052617
2.395,-0.123361
2.3960000000000004,0.172229
2.397,-0.09254
2.398,-0.618519
2.399,-0.292356
2.4000000000000004,-0.004248
2.401,-0.150674
2.402,0.176393
2.403,-0.116911
2.4040000000000004,-0.177234
2.405,0.091731
2.406,-0.054596
2.407,0.078339
2.4080000000000004,-0.071386
2.4090000000000003,0.110526
2.41,0.137552
2.411,0.138097
2.4120000000000004,0.064903
2.4130000000000003,0.152906
2.414,0.050739
2.415,0.04712
2.4160000000000004,-0.076314
2.4170000000000003,0.228181
2.418,-0.18699
2.419,0.186651
2.4200000000000004,-0.461856
2.4210000000000003,-0.113925
2.422,0.048369
2.423,0.194894
2.4240000000000004,-0.05536
2.4250000000000003,0.224141
2.426,-0.000604
2.427,0.156963
2.4280000000000004,0.061665
2.4290000000000003,-0.131155
2.43,0.403149
2.431,0.35577
2.4320000000000004,0.219174
2.4330000000000003,0.221428
2.434,0.169029
2.435,0.042776
2.4360000000000004,-0.02211
2.4370000000000003,0.132309
2.438,0.27343
2.439,0.224752
2.4400000000000004,-0.186407
2.4410000000000003,-0.191603
2.442,0.19877
2.443,0.016133
2.4440000000000004,-0.271032
2.4450000000000003,-0.141055
2.446,0.382485
2.447,0.072024
2.4480000000000004,0.049059
2.4490000000000003,0.254857
2.45,0.204088
2.451,-0.160713
2.4520000000000004,-0.349329
2.4530000000000003,0.096644
2.454,0.165791
2.455,0.362998
2.4560000000000004,-0.170249
2.4570000000000003,0.134723
2.458,0.072464
2.459,0.014823
2.4600000000000004,-0.143192
2.4610000000000003,-0.145017
2.462,-0.026457
2.463,-0.006395
2.4640000000000004,0.189381
2.4650000000000003,-0.06605
2.466,0.051044
2.467,0.242699
2.4680000000000004,-0.053624
2.4690000000000003,-0.219876
2.47,0.30283
2.471,0.371163
2.4720000000000004,-0.361103
2.4730000000000003,-0.017642
2.474,-0.008663
2.475,-0.010429
2.4760000000000004,-0.231286
2.4770000000000003,-0.116686
2.478,0.107781
2.479,-0.104233
2.48,-0.163013
2.4810000000000003,0.188577
2.482,0.234639
2.483,-0.160563
2.484,0.327955
2.4850000000000003,-0.028829
2.486,0.030674
2.487,0.08933
2.488,0.071998
2.4890000000000003,0.154894
2.49,-0.183747
2.491,-0.194062
2.492,0.153774
2.4930000000000003,0.205372
2.494,0.045906
2.495,0.251147
2.496,-0.232626
2.4970000000000003,-0.210386
2.498,0.220946
2.499,0.163203
2.5,0.049996
2.5010000000000003,-0.1213
2.502,0.200444
2.503,0.079544
2.504,-0.118453
2.5050000000000003,0.247583
2.506,-0.114189
2.507,-0.068666
2.508,-0.149862
2.5090000000000003,-0.124798
2.51,-0.150673
2.511,-0.18695
2.512,-0.015861
2.5130000000000003,0.049158
2.514,0.171472
2.515,0.202913
2.516,0.045565
2.5170000000000003,0.027538
2.518,0.152125
2.519,0.045299
2.52,-0.113526
2.5210000000000004,-0.114224
2.522,-0.040067
2.523,0.180121
2.524,0.193526
2.5250000000000004,-0.06917
2.526,-0.099525
2.527,0.108916
2.528,-0.232619
2.5290000000000004,0.111058
2.53,0.236084
2.531,0.086941
2.532,-0.201541
2.5330000000000004,0.091969
2.5340000000000003,0.124528
2.535,0.275034
2.536,-0.003132
2.5370000000000004,0.155357
2.5380000000000003,0.133848
2.539,0.172685
2.54,0.106871
2.5410000000000004,0.200366
2.5420000000000003,-0.22689
2.543,0.038324
2.544,-0.033112
2.5450000000000004,-0.169638
2.5460000000000003,0.094503
2.547,0.071448
2.548,-0.218627
2.5490000000000004,-0.085091
2.5500000000000003,0.323983
2.551,-0.075289
2.552,0.199352
2.5530000000000004,0.182653
2.5540000000000003,0.035555
2.555,0.133196
2.556,-0.083615
2.5570000000000004,-0.212643
2.5580000000000003,-0.100325
2.559,-0.133992
2.56,0.057259
2.5610000000000004,-0.312134
2.5620000000000003,0.129084
2.563,0.272221
2.564,-0.024688
2.5650000000000004,0.079501
2.5660000000000003,-0.186889
2.567,0.048604
2.568,0.024877
2.5690000000000004,0.069906
2.5700000000000003,0.143675
2.571,-0.350534
2.572,0.275262
2.5730000000000004,0.146724
2.5740000000000003,-0.102281
2.575,-0.15665
2.576,-0.316774
2.5770000000000004,0.092235
2.5780000000000003,-0.06687
2.579,-0.171356
2.58,-0.303858
2.5810000000000004,0.112729
2.5820000000000003,0.426797
2.583,-0.092923
2.584,-0.074038
2.5850000000000004,-0.186062
2.5860000000000003,0.161411
2.587,0.40354
2.588,-0.027291
2.5890000000000004,-0.065823
2.5900000000000003,-0.175463
2.591,0.095847
2.592,-0.052463
2.5930000000000004,0.042625
2.5940000000000003,-0.25423
2.595,-0.018545
2.596,-0.297025
2.5970000000000004,0.048612
2.5980000000000003,-0.166999
2.599,-0.084615
2.6,0.010148
2.6010000000000004,0.187263
2.6020000000000003,-0.06353
2.603,-0.190846
2.604,-0.139313
2.6050000000000004,-0.009973
2.6060000000000003,0.053038
2.607,-0.122393
2.608,0.217179
2.6090000000000004,-0.301107
2.6100000000000003,0.092187
2.611,-0.091644
2.612,0.130382
2.6130000000000004,0.512083
2.6140000000000003,-0.085024
2.615,-0.200833
2.616,-0.079106
2.617,0.111018
2.6180000000000003,-0.240179
2.619,0.24291
2.62,0.479263
2.621,0.459955
2.6220000000000003,-0.075666
2.623,0.230589
2.624,0.112848
2.625,0.046627
2.6260000000000003,0.071447
2.627,-0.452413
2.628,-0.235678
2.629,-0.33512
2.6300000000000003,-0.108172
2.631,0.497706
2.632,0.124613
2.633,0.100598
2.6340000000000003,-0.239625
2.635,-0.306692
2.636,-0.157906
2.637,0.115819
2.6380000000000003,0.269201
2.639,0.134333
2.64,-0.696412
2.641,0.063779
2.6420000000000003,-0.004222
2.643,0.154877
2.644,-0.073329
2.645,-0.028344
2.6460000000000004,0.011449
2.647,0.096531
2.648,-0.02541
2.649,0.063213
2.6500000000000004,-0.02335
2.651,0.372015
2.652,0.085562
2.653,-0.352479
2.6540000000000004,0.148365
2.655,-0.102643
2.656,-0.202474
2.657,0.333966
2.6580000000000004,0.326139
2.6590000000000003,0.092197
2.66,-0.217218
2.661,-0.051358
2.6620000000000004,-0.215804
2.6630000000000003,-0.116189
2.664,0.005023
2.665,-0.112637
2.6660000000000004,-0.214784
2.6670000000000003,-0.200014
2.668,0.196972
2.669,0.155414
2.6700000000000004,0.148807
2.6710000000000003,-0.197172
2.672,-0.024584
2.673,0.08247
2.6740000000000004,0.089163
2.6750000000000003,0.065795
2.676,-0.023543
2.677,-0.08225
2.6780000000000004,-0.041815
2.6790000000000003,0.220419
2.68,0.394381
2.681,0.045868
2.6820000000000004,0.035116
2.6830000000000003,0.086418
2.684,-0.299074
2.685,-0.021375
2.6860000000000004,-0.011875
2.6870000000000003,0.205402
2.688,0.01743
2.689,-0.083406
2.6900000000000004,-0.066232
2.6910000000000003,0.098747
2.692,0.021854
2.693,0.272223
2.6940000000000004,-0.015189
2.6950000000000003,0.096588
2.696,0.094065
2.697,0.024588
2.6980000000000004,0.141169
2.6990000000000003,-0.048075
2.7,0.169471
2.701,0.120744
2.7020000000000004,0.354453
2.7030000000000003,-0.156497
2.704,-0.025377
2.705,0.29393
2.7060000000000004,-0.098303
2.7070000000000003,0.235958
2.708,0.123275
2.709,-0.492808
2.7100000000000004,0.117174
2.7110000000000003,0.130917
2.712,-0.138933
2.713,0.499229
2.7140000000000004,0.369967
2.7150000000000003,0.220185
2.716,0.00253
2.717,-0.135237
2.7180000000000004,-0.337288
2.7190000000000003,-0.197445
2.72,-0.059331
2.721,-0.047553
2.7220000000000004,-0.109181
2.7230000000000003,0.092678
2.724,-0.08837
2.725,0.020429
2.7260000000000004,0.271698
2.7270000000000003,0.21931
2.728,0.135915
2.729,0.062115
2.7300000000000004,-0.09497
2.7310000000000003,0.107397
2.732,0.039575
2.733,-0.00213
2.7340000000000004,0.180255
2.7350000000000003,0.105314
2.736,0.056928
2.737,-0.057071
2.7380000000000004,-0.206048
2.7390000000000003,0.202741
2.74,-0.139186
2.741,0.028795
2.7420000000000004,-0.078248
2.7430000000000003,0.269587
2.744,0.081948
2.745,0.115125
2.7460000000000004,0.05925
2.7470000000000003,0.087172
2.748,-0.078559
2.749,-0.00545
2.7500000000000004,-0.039549
2.7510000000000003,0.072674
2.752,-0.192812
2.753,-0.003389
2.754,0.139293
2.7550000000000003,-0.232444
2.756,0.433882
2.757,0.388419
2.758,0.111527
2.7590000000000003,0.218089
2.76,-0.053788
2.761,0.236315
2.762,0.436897
2.7630000000000003,-0.075678
2.764,0.155502
2.765,0.277491
2.766,0.368789
2.7670000000000003,0.436575
2.768,0.360856
2.769,-0.073233
2.77,-0.2142
2.7710000000000004,0.464353
2.772,-0.022121
2.773,-0.094474
2.774,-0.211218
2.7750000000000004,-0.473744
2.776,-0.248897
2.777,0.110612
2.778,0.044426
2.7790000000000004,-0.051023
2.78,-0.10169
2.781,-0.027225
2.782,0.110756
2.7830000000000004,0.060555
2.7840000000000003,0.148765
2.785,-0.021161
2.786,0.163482
2.7870000000000004,-0.085293
2.7880000000000003,-0.0869
2.789,-0.180275
2.79,0.057761
2.7910000000000004,0.078767
2.7920000000000003,-0.347276
2.793,0.460545
2.794,0.088801
2.7950000000000004,-0.225114
2.7960000000000003,0.081166
2.797,0.308857
2.798,0.312128
2.7990000000000004,0.093857
2.8000000000000003,0.139552
2.801,0.125343
2.802,0.085901
2.8030000000000004,0.001316
2.8040000000000003,0.088997
2.805,-0.120578
2.806,0.133427
2.8070000000000004,0.396049
2.8080000000000003,0.54578
2.809,-0.092298
2.81,0.031944
2.8110000000000004,-0.087844
2.8120000000000003,0.124262
2.813,0.107245
2.814,0.106643
2.8150000000000004,-0.081629
2.8160000000000003,-0.005188
2.817,0.236468
2.818,0.047821
2.8190000000000004,-0.081309
2.8200000000000003,0.137649
2.821,0.27318
2.822,0.107071
2.8230000000000004,0.012497
2.8240000000000003,0.049808
2.825,0.043557
2.826,-0.084077
2.8270000000000004,-0.336602
2.8280000000000003,-0.25266
2.829,-0.008067
2.83,0.179563
2.8310000000000004,0.097887
2.8320000000000003,0.163032
2.833,0.064436
2.834,-0.3847
2.8350000000000004,0.029628
2.8360000000000003,-0.050156
2.837,-0.384672
2.838,0.011778
2.8390000000000004,0.190683
2.8400000000000003,0.056339
2.841,0.040458
2.842,-0.247065
2.8430000000000004,-0.188333
2.8440000000000003,-0.266106
2.845,-0.293153
2.846,-0.095267
2.8470000000000004,0.194334
2.8480000000000003,-0.255109
2.849,0.098133
2.85,0.236314
2.8510000000000004,-0.192313
2.8520000000000003,-0.125
2.853,-0.175438
2.854,0.142928
2.8550000000000004,0.246136
2.8560000000000003,0.10652
2.857,-0.125392
2.858,0.02647
2.8590000000000004,0.471065
2.8600000000000003,0.040181
2.861,-0.024552
2.862,0.223422
2.8630000000000004,0.037004
2.8640000000000003,0.049156
2.865,0.158431
2.866,0.032796
2.8670000000000004,0.381394
2.8680000000000003,-0.213844
2.869,0.378144
2.87,-0.056574
2.8710000000000004,0.286784
2.8720000000000003,0.159299
2.873,0.258481
2.874,0.277659
2.8750000000000004,0.047812
2.8760000000000003,0.341324
2.877,0.123159
2.878,0.148901
2.8790000000000004,0.109305
2.8800000000000003,-0.026935
2.881,-0.098923
2.882,0.069667
2.8830000000000005,-0.139294
2.8840000000000003,0.198714
2.885,0.330042
2.886,0.177364
2.8870000000000005,-0.061068
2.8880000000000003,0.097565
2.889,0.093828
2.89,0.03623
2.8910000000000005,0.01509
2.8920000000000003,-0.019304
2.893,-0.144074
2.894,-0.020752
2.895,-0.097784
2.8960000000000004,0.032172
2.897,0.023349
2.898,0.096701
2.899,-0.199261
2.9000000000000004,0.102804
2.901,-0.190559
2.902,0.184894
2.903,-0.0387
2.9040000000000004,0.113339
2.905,0.474318
2.906,0.134052
2.907,-0.23952
2.9080000000000004,-0.006141
2.9090000000000003,0.259187
2.91,0.297697
2.911,0.106349
2.9120000000000004,-0.228994
2.9130000000000003,0.188498
2.914,-0.119889
2.915,0.113178
2.9160000000000004,-0.113252
2.9170000000000003,0.011785
2.918,-0.139402
2.919,0.132953
2.9200000000000004,-0.18574
2.9210000000000003,-0.149263
2.922,-0.099991
2.923,0.000458
2.9240000000000004,0.011556
2.9250000000000003,0.182195
2.926,-0.108239
2.927,0.043966
2.9280000000000004,-0.052889
2.9290000000000003,-0.127347
2.93,0.105783
2.931,0.247056
2.9320000000000004,0.038537
2.9330000000000003,-0.02166
2.934,0.26226
2.935,0.004513
2.9360000000000004,0.282116
2.9370000000000003,-0.028434
2.938,0.279263
2.939,0.156089
2.9400000000000004,-0.143533
2.9410000000000003,0.187087
2.942,0.288849
2.943,0.295733
2.9440000000000004,0.043115
2.9450000000000003,-0.040372
2.946,0.016753
2.947,0.19514
2.9480000000000004,-0.246656
2.9490000000000003,0.151207
2.95,0.25749
2.951,-0.016486
2.9520000000000004,0.078515
2.9530000000000003,0.022302
2.954,-0.052403
2.955,0.06554
2.9560000000000004,-0.168743
2.9570000000000003,0.383056
2.958,0.215152
2.959,-0.093543
2.9600000000000004,3e-05
2.9610000000000003,0.128024
2.962,-0.053363
2.963,0.029583
2.9640000000000004,0.182839
2.9650000000000003,0.02911
2.966,0.01689
2.967,-0.076623
2.9680000000000004,0.054391
2.9690000000000003,-0.515173
2.97,0.001515
2.971,0.204308
2.9720000000000004,0.356243
2.9730000000000003,0.381692
2.974,-0.291477
2.975,-0.133038
2.9760000000000004,0.247918
2.9770000000000003,-0.018483
2.978,0.03637
2.979,0.279567
2.9800000000000004,0.122539
2.9810000000000003,0.221674
2.982,0.009646
2.983,-0.135173
2.9840000000000004,-0.621734
2.9850000000000003,0.196775
2.986,-0.043824
2.987,0.041902
2.9880000000000004,-0.061305
2.9890000000000003,0.137248
2.99,0.452258
2.991,-0.054761
2.9920000000000004,0.328655
2.9930000000000003,-0.130817
2.994,0.366336
2.995,0.25351
2.9960000000000004,0.011839
2.9970000000000003,0.184288
2.998,0.458302
2.999,0.339258
3.0000000000000004,0.186798
3.0010000000000003,-0.133572
3.002,0.330348
3.003,0.192895
3.0040000000000004,-0.189509
3.0050000000000003,0.032964
3.006,-0.129041
3.007,0.061116
3.0080000000000005,-0.017043
3.0090000000000003,0.108601
3.01,0.089052
3.011,-0.097985
3.0120000000000005,0.183858
3.0130000000000003,0.159098
3.014,0.037466
3.015,0.002328
3.0160000000000005,0.215374
3.0170000000000003,0.000285
3.018,-0.363751
3.019,0.148901
3.0200000000000005,0.305465
3.0210000000000004,0.453607
3.022,-0.204069
3.023,-0.061931
3.0240000000000005,0.149915
3.0250000000000004,0.030512
3.026,-0.160304
3.027,-0.33789
3.0280000000000005,0.191288
3.0290000000000004,-0.026622
3.03,-0.069017
3.031,0.077486
3.032,-0.04106
3.0330000000000004,0.1613
3.0340000000000003,0.341906
3.035,0.281245
3.036,0.060197
3.0370000000000004,0.118216
3.0380000000000003,0.22328
3.039,0.162747
3.04,0.156108
3.0410000000000004,0.336664
3.0420000000000003,-0.407725
3.043,-0.22831
3.044,-0.087793
3.0450000000000004,0.074852
3.0460000000000003,0.079498
3.047,0.170334
3.048,0.190147
3.0490000000000004,0.345473
3.0500000000000003,-0.182092
3.051,-0.134305
3.052,0.300843
3.0530000000000004,0.384988
3.0540000000000003,0.166327
3.055,0.220345
3.056,-0.001507
3.0570000000000004,0.004556
3.0580000000000003,-0.019476
3.059,0.065979
3.06,0.373303
3.0610000000000004,0.591434
3.0620000000000003,0.322669
3.063,0.097939
3.064,-0.219838
3.0650000000000004,0.011609
3.0660000000000003,0.131135
3.067,0.324707
3.068,-0.067326
3.0690000000000004,-0.084981
3.0700000000000003,-0.217174
3.071,0.162877
3.072,0.04058
3.0730000000000004,-0.048095
3.0740000000000003,-0.169604
3.075,0.238733
3.076,0.50558
3.0770000000000004,-0.016478
3.0780000000000003,-0.011401
3.079,-0.074302
3.08,0.024586
3.0810000000000004,0.042137
3.0820000000000003,0.055056
3.083,-0.029215
3.084,0.192478
3.0850000000000004,-0.115298
3.0860000000000003,0.127312
3.087,-0.078213
3.088,0.132575
3.0890000000000004,-0.351229
3.0900000000000003,-0.05972
3.091,-0.064187
3.092,-0.057333
3.0930000000000004,-0.062718
3.0940000000000003,-0.141055
3.095,-0.350813
3.096,0.040036
3.0970000000000004,-0.358056
3.0980000000000003,-0.169787
3.099,0.021302
3.1,0.04496
3.1010000000000004,0.191064
3.1020000000000003,-0.240749
3.103,-0.06632
3.104,-0.072246
3.1050000000000004,-0.088706
3.1060000000000003,-0.091048
3.107,0.005603
3.108,0.183328
3.1090000000000004,-0.015268
3.1100000000000003,0.325024
3.111,0.073665
3.112,-0.200784
3.1130000000000004,-0.103254
3.1140000000000003,0.035797
3.115,0.114724
3.116,-0.039827
3.1170000000000004,-0.040227
3.1180000000000003,-0.018428
3.119,0.03167
3.12,0.072041
3.1210000000000004,0.236272
3.1220000000000003,0.395102
3.123,-0.196253
3.124,0.169729
3.1250000000000004,0.011873
3.1260000000000003,0.023341
3.127,0.290449
3.128,-0.044229
3.1290000000000004,0.124564
3.1300000000000003,-0.037352
3.131,-0.096128
3.132,-0.300261
3.1330000000000005,-0.083157
3.1340000000000003,-0.036558
3.135,-0.171647
3.136,-0.021947
3.1370000000000005,-0.238592
3.1380000000000003,0.112884
3.139,0.19921
3.14,0.10301
3.1410000000000005,0.065485
3.1420000000000003,0.04176
3.143,0.321238
3.144,0.163641
3.1450000000000005,0.048074
3.1460000000000004,0.321393
3.147,-0.007325
3.148,-0.034839
3.1490000000000005,-0.188876
3.1500000000000004,0.057336
3.151,0.069598
3.152,0.178145
3.1530000000000005,-0.250857
3.1540000000000004,0.215127
3.155,0.361002
3.156,-0.022397
3.1570000000000005,0.052511
3.1580000000000004,-0.013966
3.1590000000000003,-0.00309
3.16,0.40484
3.1610000000000005,0.029819
3.1620000000000004,0.230765
3.1630000000000003,0.241514
3.164,0.220577
3.1650000000000005,0.293095
3.1660000000000004,-0.00427
3.1670000000000003,-0.386729
3.168,-0.249076
3.169,0.193992
3.1700000000000004,-0.113398
3.1710000000000003,0.458033
3.172,0.492784
3.173,0.10908
3.1740000000000004,-0.028021
3.1750000000000003,0.126261
3.176,0.050496
3.177,0.028371
3.1780000000000004,-0.012894
3.1790000000000003,-0.123477
3.18,0.246821
3.181,0.168025
3.1820000000000004,0.162331
3.1830000000000003,0.034209
3.184,-0.044275
3.185,0.128654
3.1860000000000004,-0.021263
3.1870000000000003,-0.084373
3.188,0.247184
3.189,0.019405
3.1900000000000004,0.042528
3.1910000000000003,0.107826
3.192,0.165346
3.193,0.124983
3.1940000000000004,-0.139703
3.1950000000000003,0.060553
3.196,0.030927
3.197,-0.024654
3.1980000000000004,-0.070701
3.1990000000000003,0.268393
3.2,-0.017396
3.201,-0.071377
3.2020000000000004,0.125223
3.2030000000000003,-0.197587
3.204,0.00672
3.205,0.137611
3.2060000000000004,0.122503
3.2070000000000003,-0.165685
3.208,0.174495
3.209,0.099838
3.2100000000000004,-0.124258
3.2110000000000003,-0.219895
3.212,-0.028646
3.213,0.299952
3.2140000000000004,0.216093
3.2150000000000003,0.078391
3.216,-0.142628
3.217,0.3583
3.2180000000000004,-0.267719
3.2190000000000003,0.228042
3.22,0.097483
3.221,-0.003218
3.2220000000000004,-0.14684
3.2230000000000003,-0.030498
3.224,0.308775
3.225,-0.165294
3.2260000000000004,-0.200398
3.2270000000000003,0.012892
3.228,-0.255717
3.229,0.085546
3.2300000000000004,-0.111713
3.2310000000000003,0.097269
3.232,0.207294
3.233,0.122902
3.2340000000000004,0.166403
3.2350000000000003,0.144074
3.236,0.021484
3.237,-0.026268
3.2380000000000004,-0.04558
3.2390000000000003,-0.191575
3.24,-0.049533
3.241,-0.376452
3.2420000000000004,0.13452
3.2430000000000003,0.11552
3.244,0.042123
3.245,0.394263
3.2460000000000004,0.136012
3.2470000000000003,-0.01029
3.248,0.158913
3.249,-0.008792
3.2500000000000004,-0.044227
3.2510000000000003,-0.111533
3.252,0.114556
3.253,-0.092134
3.2540000000000004,0.026435
3.2550000000000003,0.310996
3.256,0.236069
3.257,-0.083849
3.2580000000000005,-0.075039
3.2590000000000003,-0.20835
3.26,0.017124
3.261,-0.081663
3.2620000000000005,0.337658
3.2630000000000003,0.072086
3.264,-0.06575
3.265,0.009136
3.2660000000000005,0.078291
3.2670000000000003,-0.001666
3.268,0.242734
3.269,-0.006934
3.2700000000000005,-0.166659
3.2710000000000004,-0.12075
3.272,-0.321718
3.273,0.252941
3.2740000000000005,0.393947
3.2750000000000004,0.162512
3.276,-0.144614
3.277,0.316602
3.2780000000000005,0.223427
3.2790000000000004,0.202025
3.28,0.406526
3.281,0.15244
3.2820000000000005,0.288275
3.2830000000000004,0.273023
3.2840000000000003,-0.078714
3.285,0.046759
3.2860000000000005,-0.030487
3.2870000000000004,-0.178213
3.2880000000000003,-0.127781
3.289,-0.196557
3.2900000000000005,0.020265
3.2910000000000004,-0.048295
3.2920000000000003,0.02675
3.293,-0.244227
3.2940000000000005,-0.066951
3.2950000000000004,0.099747
3.2960000000000003,-0.105152
3.297,0.094279
3.2980000000000005,0.100265
3.2990000000000004,-0.148825
3.3000000000000003,-0.010144
3.301,0.147345
3.3020000000000005,0.180119
3.3030000000000004,-0.138058
3.3040000000000003,-0.072927
3.305,-0.002661
3.306,0.136357
3.3070000000000004,0.039585
3.3080000000000003,0.040779
3.309,-0.099718
3.31,0.075377
3.3110000000000004,0.281428
3.3120000000000003,-0.321615
3.313,0.399693
3.314,0.184497
3.3150000000000004,0.259761
3.3160000000000003,-0.096616
3.317,-0.135395
3.318,0.153482
3.3190000000000004,0.192233
3.3200000000000003,0.139414
3.321,-0.07605
3.322,0.060025
3.3230000000000004,0.442279
3.3240000000000003,0.143407
3.325,0.165401
3.326,0.204043
3.3270000000000004,-0.049079
3.3280000000000003,0.35493
3.329,0.206997
3.33,0.203636
3.3310000000000004,0.1036
3.3320000000000003,-0.192679
3.333,0.075751
3.334,-0.07711
3.3350000000000004,-0.076852
3.3360000000000003,-0.051156
3.337,0.021438
3.338,0.297057
3.3390000000000004,-0.051181
3.3400000000000003,-0.02335
3.341,-0.192381
3.342,0.364258
3.3430000000000004,-0.503825
3.3440000000000003,-0.193006
3.345,0.069221
3.346,0.222188
3.3470000000000004,0.22422
3.3480000000000003,0.277677
3.349,-0.035621
3.35,-0.0979
3.3510000000000004,0.115836
3.3520000000000003,-0.082321
3.353,-0.107377
3.354,0.219947
3.3550000000000004,-0.060119
3.3560000000000003,-0.283687
3.357,0.027215
3.358,-0.111865
3.3590000000000004,-0.015285
3.3600000000000003,-0.148835
3.361,0.030325
3.362,0.212295
3.3630000000000004,0.053874
3.3640000000000003,-0.079142
3.365,0.002639
3.366,-0.030074
3.3670000000000004,-0.135859
3.3680000000000003,-0.114279
3.369,0.302302
3.37,-0.145808
3.3710000000000004,0.437422
3.3720000000000003,0.002788
3.373,0.147045
3.374,0.009976
3.3750000000000004,0.260454
3.3760000000000003,0.218875
3.377,0.030238
3.378,0.177315
3.3790000000000004,0.364539
3.3800000000000003,-0.101846
3.381,0.031567
3.382,0.071501
3.3830000000000005,-0.087912
3.3840000000000003,0.037819
3.385,-0.181831
3.386,-0.015526
3.3870000000000005,0.011466
3.3880000000000003,0.047198
3.389,-0.134027
3.39,-0.249104
3.3910000000000005,0.287118
3.3920000000000003,0.226241
3.393,0.061867
3.394,-0.076606
3.3950000000000005,-0.153431
3.3960000000000004,-0.040378
3.397,-0.200706
3.398,-0.049821
3.3990000000000005,-0.005877
3.4000000000000004,0.04816
3.401,0.231858
3.402,0.143199
3.4030000000000005,0.022164
3.4040000000000004,-0.015573
3.405,-0.00489
3.406,0.330741
3.4070000000000005,-0.15181
3.4080000000000004,-0.095399
3.4090000000000003,-0.236136
3.41,-0.130165
3.4110000000000005,0.044418
3.4120000000000004,0.127755
3.4130000000000003,-0.195701
3.414,-0.18574
3.4150000000000005,0.168539
3.4160000000000004,0.28346
3.4170000000000003,-0.079552
3.418,0.027346
3.4190000000000005,0.178203
3.4200000000000004,0.284574
3.4210000000000003,0.252468
3.422,0.138354
3.4230000000000005,-0.203566
3.4240000000000004,-0.127797
3.4250000000000003,-0.069312
3.426,-0.366371
3.4270000000000005,-0.286884
3.4280000000000004,0.319755
3.4290000000000003,0.536425
3.43,0.010244
3.4310000000000005,0.075279
3.4320000000000004,-0.140282
3.4330000000000003,-0.139918
3.434,0.153532
3.4350000000000005,-0.027291
3.4360000000000004,0.247199
3.4370000000000003,-0.134822
3.438,-0.572789
3.4390000000000005,0.147203
3.4400000000000004,-0.238491
3.4410000000000003,0.126927
3.442,0.171549
3.443,0.05324
3.4440000000000004,-0.040544
3.4450000000000003,0.021204
3.446,-0.008934
3.447,-0.128789
3.4480000000000004,-0.065326
3.4490000000000003,0.205191
3.45,0.336742
3.451,-0.011704
3.4520000000000004,0.030151
3.4530000000000003,-0.096041
3.454,0.207325
3.455,0.133461
3.4560000000000004,0.149201
3.4570000000000003,-0.039819
3.458,0.273402
3.459,0.0398
3.4600000000000004,0.031613
3.4610000000000003,-0.109894
3.462,-0.057535
3.463,0.179796
3.4640000000000004,0.409402
3.4650000000000003,-0.154497
3.466,0.172595
3.467,-0.091368
3.4680000000000004,0.177777
3.4690000000000003,0.224257
3.47,0.005206
3.471,-0.128679
3.4720000000000004,0.065769
3.4730000000000003,-0.055976
3.474,0.025067
3.475,0.131537
3.4760000000000004,-0.323057
3.4770000000000003,0.007281
3.478,0.110025
3.479,0.172957
3.4800000000000004,-0.006462
3.4810000000000003,0.397835
3.482,0.081869
3.483,-0.094575
3.4840000000000004,0.229106
3.4850000000000003,0.333844
3.486,0.248386
3.487,0.02342
3.4880000000000004,0.263725
3.4890000000000003,0.171747
3.49,-0.300528
3.491,-0.046909
3.4920000000000004,-0.329803
3.4930000000000003,-0.35737
3.494,-0.20458
3.495,0.168909
3.4960000000000004,0.221398
3.4970000000000003,-0.099387
3.498,0.043253
3.499,-0.406043
3.5000000000000004,0.086955
3.5010000000000003,0.190228
3.502,0.006732
3.503,-0.042295
3.5040000000000004,0.275898
3.5050000000000003,0.275773
3.506,0.179842
3.507,0.147695
3.5080000000000005,0.049105
3.5090000000000003,0.051025
3.51,0.404311
3.511,0.145571
3.5120000000000005,-0.218848
3.5130000000000003,0.056355
3.514,-0.223455
3.515,0.029022
3.5160000000000005,0.080249
3.5170000000000003,0.094718
3.518,0.124978
3.519,-0.008189
3.5200000000000005,-0.236072
3.5210000000000004,0.096589
3.522,-0.112872
3.523,-0.080716
3.5240000000000005,-0.197091
3.5250000000000004,-0.222258
3.526,0.038685
3.527,-0.32846
3.5280000000000005,0.184278
3.5290000000000004,-0.242821
3.53,-0.302798
3.531,-0.030147
3.5320000000000005,0.32797
3.5330000000000004,0.359252
3.5340000000000003,0.095786
3.535,0.188984
3.5360000000000005,-0.060213
3.5370000000000004,0.09825
3.5380000000000003,0.266769
3.539,-0.038365
3.5400000000000005,-0.014815
3.5410000000000004,-0.141855
3.5420000000000003,0.304102
3.543,0.15976
3.5440000000000005,0.421242
3.5450000000000004,0.036941
3.5460000000000003,0.334624
3.547,0.052595
3.5480000000000005,0.295797
3.5490000000000004,0.056912
3.5500000000000003,0.214876
3.551,0.330802
3.5520000000000005,-0.035379
3.5530000000000004,-0.054297
3.5540000000000003,0.094708
3.555,-0.052197
3.5560000000000005,-0.013135
3.5570000000000004,-0.042758
3.5580000000000003,-0.090399
3.559,0.109785
3.5600000000000005,0.23037
3.5610000000000004,-0.116151
3.5620000000000003,-0.168839
3.563,-0.381667
3.5640000000000005,0.279016
3.5650000000000004,-0.047086
3.5660000000000003,0.295546
3.567,0.14259
3.5680000000000005,0.085705
3.5690000000000004,0.287042
3.5700000000000003,0.211756
3.571,0.164369
3.5720000000000005,0.275767
3.5730000000000004,-0.098813
3.5740000000000003,0.212678
3.575,-0.052087
3.5760000000000005,0.222075
3.5770000000000004,-0.073452
3.5780000000000003,0.285785
3.579,-0.025372
3.58,-0.049753
3.5810000000000004,0.043561
3.5820000000000003,-0.059456
3.583,0.065665
3.584,-0.049236
3.5850000000000004,0.308332
3.5860000000000003,-0.049254
3.587,0.210705
3.588,-0.099833
3.5890000000000004,0.010454
3.5900000000000003,-0.239651
3.591,0.106359
3.592,-0.058349
3.5930000000000004,0.303566
3.5940000000000003,0.072452
3.595,0.561736
3.596,-0.102386
3.5970000000000004,0.302066
3.5980000000000003,-0.010267
3.599,-0.194872
3.6,0.036761
3.6010000000000004,-0.272338
3.6020000000000003,0.099777
3.603,-0.005584
3.604,0.205504
3.605,0.076325
3.606,0.020794
3.607,-0.257204
3.608,-0.010918
3.609,0.064703
3.61,0.306489
3.611,0.112861
3.612,-0.000608
3.613,-0.03432
3.614,-0.057652
3.615,0.155721
3.616,0.13083
3.617,0.234055
3.618,0.492297
3.619,0.094563
3.62,-0.09037
3.621,0.10939
3.622,0.291163
3.623,-0.055706
3.624,0.022802
3.625,0.03239
3.626,0.277853
3.627,0.081405
3.628,-0.032412
3.629,0.113168
3.63,-0.11348
3.631,-0.367889
3.632,-0.150655
3.633000000000001,0.01427
3.634,0.216977
3.635,0.078593
3.636,0.200004
3.637000000000001,0.022781
3.638,0.01258
3.639,0.05744
3.64,0.15582
3.641000000000001,0.201762
3.642,0.202386
3.643,-0.338458
3.644,0.062334
3.645000000000001,0.136838
3.646,0.016149
3.647,0.12409
3.648,0.12778
3.649000000000001,0.070703
3.65,0.082651
3.651,-0.124786
3.652,0.012402
3.653000000000001,-0.102419
3.654,-0.347542
3.655,-0.307197
3.656,-0.262829
3.657000000000001,0.232291
3.658,0.08325
3.659,0.040525
3.66,-0.040913
3.661000000000001,-0.281279
3.662,-0.261793
3.663,-0.090192
3.664,0.070347
3.665000000000001,0.197581
3.666,0.029112
3.667,0.056155
3.668,-0.160282
3.669000000000001,-0.252938
3.67,0.408076
3.671,-0.014558
3.672,-0.172477
3.673000000000001,0.304056
3.674,0.046365
3.675,-0.010898
3.676,0.155809
3.677000000000001,-0.20233
3.678,0.54621
3.679,-0.097608
3.68,-0.052259
3.681000000000001,0.110017
3.682,0.05354
3.683,0.139374
3.684,0.158057
3.685000000000001,-0.198546
3.686,0.269453
3.687,-0.305627
3.688,-0.001276
3.689000000000001,-0.032461
3.69,0.399237
3.691,0.320298
3.692,0.294748
3.693000000000001,0.195296
3.694,0.126707
3.695,0.245363
3.696,0.374811
3.697000000000001,-0.090824
3.698,0.019947
3.699,-0.106454
3.7,-0.100626
3.701000000000001,-0.085975
3.702,-0.009104
3.703,0.261507
3.704,0.285816
3.705000000000001,-0.161507
3.706,-0.141097
3.707,-0.097211
3.708,0.085321
3.709000000000001,-0.131631
3.71,0.01934
3.711,-0.293236
3.712,0.167216
3.713000000000001,0.085143
3.714,-0.061041
3.715,0.057515
3.716,0.268988
3.717000000000001,0.133285
3.718,-0.423526
3.719,0.002188
3.72,0.054424
3.721,0.132664
3.722,-0.317583
3.723,0.229728
3.724,-0.209009
3.725,0.252377
3.726,0.186696
3.727,-0.473372
3.728,-0.156385
3.729,-0.038997
3.73,-0.025591
3.731,0.271795
3.732,-0.007916
3.733,0.321885
3.734,0.200295
3.735,0.104993
3.736,0.397786
3.737,0.262427
3.738,-0.443247
3.739,-0.214887
3.74,0.038879
3.741,0.081026
3.742,-0.064194
3.743,-0.115561
3.744,-0.194648
3.745,0.277374
3.746,-0.177744
3.747,0.186266
3.748,0.166375
3.749,0.246938
3.75,0.012494
3.751,-0.09042
3.752,0.131454
3.753,0.117562
3.754,-0.02521
3.755,0.265473
3.756,0.026206
3.757,-0.058058
3.758000000000001,0.185407
3.759,0.143236
3.76,-0.201722
3.761,0.238361
3.762000000000001,-0.09935
3.763,0.024377
3.764,0.25671
3.765,0.092939
3.766000000000001,0.267489
3.767,0.080094
3.768,-0.092135
3.769,0.026203
3.770000000000001,0.078123
3.771,0.414017
3.772,0.011288
3.773,-0.017083
3.774000000000001,-0.044948
3.775,0.188224
3.776,0.181188
3.777,-0.105426
3.778000000000001,0.380105
3.779,0.179586
3.78,-0.197095
3.781,-0.117849
3.782000000000001,0.177137
3.783,0.009885
3.784,-0.051846
3.785,-0.132543
3.786000000000001,0.220812
3.787,0.072357
3.788,-0.18654
3.789,-0.151836
3.790000000000001,-0.309844
3.791,-0.001145
3.792,-0.379566
3.793,-0.451829
3.794000000000001,-0.033253
3.795,0.057248
3.796,0.401996
3.797,0.201667
3.798000000000001,0.146431
3.799,0.294259
3.8,0.061378
3.801,0.196428
3.802000000000001,0.140196
3.803,0.330909
3.804,-0.104028
3.805,-0.342295
3.806000000000001,0.310847
3.807,-0.211454
3.808,-0.34109
3.809,-0.079246
3.810000000000001,-0.289212
3.811,0.114905
3.812,0.267256
3.813,-0.227184
3.814000000000001,0.334263
3.815,-0.076933
3.816,0.003867
3.817,0.021573
3.818000000000001,-0.147092
3.819,-0.009549
3.82,-0.059323
3.821,0.003682
3.822000000000001,0.121367
3.823,-0.338536
3.824,0.19095
3.825,-0.321991
3.826000000000001,0.067041
3.827,-0.180347
3.828,-0.059312
3.829,-0.145218
3.830000000000001,0.263739
3.831,-0.009303
3.832,-0.057451
3.833,-0.039386
3.834000000000001,0.252605
3.835,0.058312
3.836,-0.303035
3.837,-0.152775
3.838000000000001,0.12358
3.839,0.232514
3.84,0.096126
3.841,0.170756
3.842000000000001,0.226056
3.843,-0.523338
3.844,-0.190676
3.845,0.032433
3.846000000000001,0.055899
3.847,0.161548
3.848,0.118441
3.849,0.041736
3.850000000000001,-0.148442
3.851,-0.190439
3.852,0.028603
3.853,0.013197
3.854000000000001,-0.099084
3.855,0.107289
3.856,-0.135859
3.857,-0.090747
3.858,0.321519
3.859,0.343789
3.86,-0.194634
3.861,0.201177
3.862,0.235938
3.863,0.276153
3.864,0.137376
3.865,-0.219466
3.866,-0.122734
3.867,-0.113658
3.868,-0.00793
3.869,-0.039917
3.87,0.244859
3.871,-0.093943
3.872,0.343736
3.873,0.107474
3.874,0.094131
3.875,-0.226635
3.876,-0.28531
3.877,-0.038964
3.878,-0.039066
3.879,-0.582195
3.88,-0.049132
3.881,0.225943
3.882,0.044475
3.883000000000001,0.173338
3.884,0.105492
3.885,-0.344988
3.886,0.141578
3.887000000000001,-0.028184
3.888,0.104271
3.889,0.305026
3.89,-0.213823
3.891000000000001,0.074821
3.892,-0.172358
3.893,0.328773
3.894,-0.026902
3.895000000000001,-0.226786
3.896,0.18898
3.897,0.156106
3.898,0.060685
3.899000000000001,0.184681
3.9,-0.067826
3.901,0.073041
3.902,-0.000647
3.903000000000001,0.313823
3.904,-0.625634
3.905,-0.163472
3.906,-0.127774
3.907000000000001,0.154816
3.908,0.130422
3.909,0.417119
3.91,-0.152028
3.911000000000001,-0.013895
3.912,0.098025
3.913,0.157385
3.914,0.442557
3.915000000000001,0.326688
3.916,-0.446513
3.917,-0.016335
3.918,0.174438
3.919000000000001,-0.125847
3.92,0.032295
3.921,0.036137
3.922,-0.313735
3.923000000000001,-0.027874
3.924,-0.24479
3.925,0.161024
3.926,0.050902
3.927000000000001,0.167925
3.928,0.181241
3.929,-0.087303
3.93,-0.170877
3.931000000000001,0.370619
3.932,-0.113416
3.933,0.027815
3.934,-0.212875
3.935000000000001,0.038779
3.936,0.46215
3.937,-0.058139
3.938,-0.239885
3.939000000000001,0.036311
3.94,-0.082809
3.941,-0.382529
3.942,0.097159
3.943000000000001,0.016716
3.944,0.112015
3.945,0.010764
3.946,-0.005625
3.947000000000001,-0.118098
3.948,0.267038
3.949,0.115259
3.95,-0.130659
3.951000000000001,0.259802
3.952,0.023453
3.953,0.093551
3.954,0.176806
3.955000000000001,0.199416
3.956,-0.436829
3.957,-0.207669
3.958,-0.165963
3.959000000000001,-0.330904
3.96,-0.121364
3.961,0.034141
3.962,0.392856
3.963000000000001,0.136589
3.964,-0.1386
3.965,0.00873
3.966,-0.091753
3.967000000000001,-0.002543
3.968,0.345039
3.969,-0.18109
3.97,0.259542
3.971000000000001,0.395957
3.972,-0.021751
3.973,0.189095
3.974,0.045435
3.975000000000001,0.024423
3.976,0.346699
3.977,-0.264741
3.978,0.22798
3.979000000000001,0.10669
3.98,0.20861
3.981,-0.124164
3.982,0.244533
3.983000000000001,-0.048977
3.984,0.054886
3.985,0.100342
3.986,0.008359
3.987000000000001,0.002071
3.988,-0.000987
3.989,-0.493351
3.99,-0.238349
3.991000000000001,-0.133705
3.992,-0.188129
3.993,0.390203
3.994,0.156465
3.995,0.007179
3.996,-0.110994
3.997,-0.344876
3.998,0.058661
3.999,0.021748
4.0,0.202314
4.001,-0.219456
4.002000000000001,-0.060431
4.003,0.005888
4.004,0.284699
4.005,0.150877
4.006,0.268573
4.007000000000001,0.28113
4.008,-0.197337
4.009,0.522472
4.010000000000001,-0.062364
4.011,-0.115806
4.0120000000000005,0.077238
4.013,0.13142
4.014,-0.189183
4.015000000000001,0.315318
4.016,0.025864
4.017,0.104974
4.018000000000001,-0.094749
4.019,0.096074
4.0200000000000005,-0.00631
4.021,-0.33965
4.022,-0.075016
4.023000000000001,-0.071996
4.024,0.393484
4.025,0.03024
4.026000000000001,0.295713
4.027,-0.059106
4.0280000000000005,-0.19828
4.029,-0.070732
4.03,0.108208
4.031000000000001,-0.272626
4.032,-0.165997
4.033,-0.299812
4.034000000000001,0.0531
4.035,0.127603
4.0360000000000005,0.207939
4.037,0.095559
4.038,-0.140306
4.039000000000001,0.282042
4.04,0.080444
4.041,0.109639
4.042000000000001,-0.199452
4.043,0.275908
4.0440000000000005,0.186801
4.045,0.028759
4.046,0.168193
4.047000000000001,0.202512
4.048,0.081439
4.049,0.002882
4.050000000000001,1.8e-05
4.051,-0.107057
4.0520000000000005,-0.04641
4.053,0.166836
4.054,0.210663
4.055000000000001,0.136572
4.056,0.059279
4.057,0.042527
4.058000000000001,0.153329
4.059,0.12516
4.0600000000000005,-0.127185
4.061,0.087648
4.062,0.040489
4.063000000000001,0.120289
4.064,-0.021121
4.065,0.196587
4.066000000000001,-0.007251
4.067,-0.218337
4.0680000000000005,0.036987
4.069,0.266314
4.07,-0.09837
4.071000000000001,0.183891
4.072,-0.236482
4.073,0.17929
4.074000000000001,0.198714
4.075,-0.191562
4.0760000000000005,-0.237831
4.077,-0.068898
4.078,-0.047982
4.079000000000001,-0.072026
4.08,-0.247374
4.081,-0.157583
4.082000000000001,-0.033636
4.083,0.035057
4.0840000000000005,0.30977
4.085,0.168865
4.086,-0.180569
4.087000000000001,-0.006295
4.088,-0.220706
4.089,0.20037
4.090000000000001,0.393095
4.091,0.057255
4.0920000000000005,0.287467
4.093,-0.047157
4.094,-0.299751
4.095000000000001,-0.323613
4.096,-0.160635
4.097,0.174068
4.098000000000001,0.138227
4.099,-0.038875
4.1000000000000005,0.469365
4.101,-0.082009
4.102,-0.351698
4.103000000000001,-0.287674
4.104,-0.330546
4.105,0.019793
4.106000000000001,0.027638
4.107,-0.184683
4.1080000000000005,0.024484
4.109,0.154354
4.11,0.452341
4.111000000000001,-0.129291
4.112,-0.089633
4.113,0.233181
4.114000000000001,0.235024
4.115,0.143046
4.1160000000000005,-0.046186
4.117,0.02471
4.118,0.177241
4.119000000000001,0.034909
4.12,0.429812
4.121,0.241356
4.122000000000001,-0.050286
4.123,0.015409
4.1240000000000006,0.247987
4.125,-0.202173
4.126,0.444298
4.127000000000001,-0.012469
4.128,-0.046157
4.129,-0.035404
4.130000000000001,-0.020892
4.131,0.056611
4.132000000000001,0.12089
4.133,0.018716
4.134,0.25985
4.135000000000001,-0.060748
4.136,-0.294913
4.1370000000000005,0.105681
4.138,-0.32019
4.139,0.035383
4.140000000000001,0.234632
4.141,0.099318
4.142,-0.435934
4.143000000000001,0.116092
4.144,0.240484
4.1450000000000005,0.070713
4.146,0.153788
4.147,-0.121123
4.148000000000001,-0.182314
4.149,0.213633
4.15,-0.328409
4.151000000000001,0.114631
4.152,0.21221
4.1530000000000005,0.081932
4.154,0.0075
4.155,0.080516
4.156000000000001,0.202909
4.157,0.220496
4.158,-0.140457
4.159000000000001,-0.124482
4.16,0.151463
4.1610000000000005,0.027944
4.162,0.02853
4.163,0.243046
4.164000000000001,-0.142299
4.165,0.217426
4.166,-0.095525
4.167000000000001,0.238556
4.168,-0.017635
4.1690000000000005,-0.143298
4.17,0.258152
4.171,0.089206
4.172000000000001,-0.206133
4.173,0.19811
4.174,0.088226
4.175000000000001,-0.115486
4.176,0.063138
4.1770000000000005,-0.137501
4.178,0.008012
4.179,-0.106593
4.180000000000001,-0.412707
4.181,0.232043
4.182,-0.093717
4.183000000000001,-0.144331
4.184,-0.21287
4.1850000000000005,-0.157087
4.186,0.1462
4.187,-0.15486
4.188000000000001,-0.101342
4.189,-0.047476
4.19,0.109373
4.191000000000001,-0.045512
4.192,0.115439
4.1930000000000005,0.050412
4.194,-0.088494
4.195,0.169031
4.196000000000001,0.251261
4.197,-0.113305
4.198,0.225774
4.199000000000001,0.233541
4.2,0.461022
4.2010000000000005,0.023388
4.202,0.401644
4.203,0.06104
4.204000000000001,0.134261
4.205,0.051227
4.206,0.287068
4.207000000000001,0.553429
4.208,0.062878
4.2090000000000005,0.275699
4.21,0.033746
4.211,-0.120241
4.212000000000001,0.138734
4.213,0.041003
4.214,0.05936
4.215000000000001,0.171821
4.216,-0.035694
4.2170000000000005,-0.017958
4.218,0.08242
4.219,-0.088633
4.220000000000001,0.039439
4.221,0.017929
4.222,0.309854
4.223000000000001,-0.288604
4.224,-0.086364
4.2250000000000005,0.277119
4.226,0.467524
4.227,0.247348
4.228000000000001,-0.16287
4.229,0.076775
4.23,0.093645
4.231000000000001,0.411187
4.232,-0.207529
4.2330000000000005,0.120355
4.234,0.198667
4.235,0.067165
4.236000000000001,-0.275693
4.237,0.050102
4.238,-0.033223
4.239000000000001,-0.044745
4.24,0.119399
4.2410000000000005,0.190232
4.242,0.161238
4.243,0.157958
4.244000000000001,0.297736
4.245,0.105991
4.246,-0.230131
4.247000000000001,0.097206
4.248,0.12167
4.2490000000000006,-0.013212
4.25,0.043312
4.251,-0.052497
4.252000000000001,-0.046711
4.253,0.127231
4.254,0.155011
4.255000000000001,0.210813
4.256,0.156008
4.257000000000001,0.014262
4.258,0.351428
4.259,0.265923
4.260000000000001,0.113826
4.261,0.006805
4.2620000000000005,0.313466
4.263000000000001,0.024779
4.264,-0.139952
4.265000000000001,-0.109124
4.266,0.22053
4.267,0.027998
4.268000000000001,0.066222
4.269,0.063315
4.2700000000000005,-0.25932
4.271,-0.049845
4.272,0.172456
4.273000000000001,0.046579
4.274,-0.147671
4.275,0.385074
4.276000000000001,0.063711
4.277,-0.119498
4.2780000000000005,0.05206
4.279,0.132417
4.28,0.294934
4.281000000000001,0.102109
4.282,0.172009
4.283,0.254713
4.284000000000001,0.279775
4.285,-0.217869
4.2860000000000005,0.248795
4.287,-0.057965
4.288,-0.062437
4.289000000000001,-0.234725
4.29,-0.043846
4.291,0.306731
4.292000000000001,0.080746
4.293,0.034014
4.2940000000000005,0.042645
4.295,0.019303
4.296,0.021197
4.297000000000001,0.061506
4.298,0.584623
4.299,-0.01756
4.300000000000001,0.244333
4.301,0.117629
4.3020000000000005,0.320694
4.303,-0.01302
4.304,0.024394
4.305000000000001,0.659217
4.306,-0.200914
4.307,0.08705
4.308000000000001,-0.012565
4.309,0.507459
4.3100000000000005,-0.066247
4.311,-0.262968
4.312,0.066064
4.313000000000001,0.021424
4.314,-0.226118
4.315,-0.223233
4.316000000000001,0.084354
4.317,-0.128551
4.3180000000000005,0.19469
4.319,0.445654
4.32,-0.020667
4.321000000000001,0.065606
4.322,-0.00499
4.323,0.092233
4.324000000000001,-0.1575
4.325,0.254459
4.3260000000000005,-0.0071
4.327,0.153904
4.328,0.337931
4.329000000000001,0.206253
4.33,0.055983
4.331,0.197328
4.332000000000001,0.332546
4.333,-0.06096
4.3340000000000005,0.092244
4.335,-0.015178
4.336,0.22517
4.337000000000001,0.155535
4.338,0.237495
4.339,0.216836
4.340000000000001,0.242874
4.341,0.149682
4.3420000000000005,0.121764
4.343,0.542529
4.344,0.099403
4.345000000000001,-0.301123
4.346,-0.188384
4.347,-0.202451
4.348000000000001,0.086399
4.349,-0.161673
4.3500000000000005,0.028543
4.351,0.132948
4.352,0.116835
4.353000000000001,-0.054047
4.354,-0.09779
4.355,-0.026555
4.356000000000001,0.079848
4.357,-0.269948
4.3580000000000005,0.204492
4.359,-0.073509
4.36,0.0454
4.361000000000001,-0.171106
4.362,0.074834
4.363,0.319805
4.364000000000001,0.309849
4.365,0.330651
4.3660000000000005,0.041402
4.367,0.285493
4.368,-0.061235
4.369000000000001,0.258844
4.37,-0.015615
4.371,-0.113958
4.372000000000001,-0.273912
4.373,0.194429
4.3740000000000006,-0.041665
4.375,0.295487
4.376,0.162119
4.377000000000001,0.088022
4.378,0.184832
4.379,0.125409
4.380000000000001,0.319727
4.381,0.038789
4.382000000000001,-0.109173
4.383,-0.125225
4.384,0.18632
4.385000000000001,0.344862
4.386,0.310744
4.3870000000000005,-0.2229
4.388000000000001,-0.094017
4.389,0.084462
4.390000000000001,0.040513
4.391,-0.445825
4.392,-0.012723
4.393000000000001,0.371965
4.394,0.167013
4.3950000000000005,0.00215
4.396000000000001,0.064698
4.397,-0.393705
4.398000000000001,0.300332
4.399,-0.062856
4.4,0.131809
4.401000000000001,-0.114958
4.402,0.152506
4.4030000000000005,-0.225127
4.404000000000001,0.095943
4.405,-0.002581
4.406000000000001,-0.121477
4.407,0.313362
4.408,0.228747
4.409000000000001,0.060349
4.41,0.269657
4.4110000000000005,0.496796
4.412,0.10908
4.413,0.193532
4.414000000000001,-0.030558
4.415,0.290686
4.416,0.221712
4.417000000000001,0.319849
4.418,-0.357852
4.4190000000000005,0.161539
4.42,-0.196167
4.421,-0.094318
4.422000000000001,-0.107928
4.423,0.072196
4.424,0.119014
4.425000000000001,-0.080964
4.426,0.091277
4.4270000000000005,0.148741
4.428,-0.466221
4.429,0.144527
4.430000000000001,-0.019798
4.431,0.196648
4.432,0.177928
4.433000000000001,0.032579
4.434,0.008568
4.4350000000000005,-0.015147
4.436,0.270668
4.437,0.011824
4.438000000000001,0.380992
4.439,0.102154
4.44,0.084325
4.441000000000001,-0.202112
4.442,0.221889
4.4430000000000005,-0.207408
4.444,0.090098
4.445,0.002884
4.446000000000001,0.214802
4.447,-0.073522
4.448,0.276995
4.449000000000001,0.099032
4.45,0.042158
4.4510000000000005,-0.08208
4.452,-0.192109
4.453,0.030944
4.454000000000001,0.146864
4.455,0.019453
4.456,0.227854
4.457000000000001,0.181563
4.458,0.273359
4.4590000000000005,-0.017162
4.46,0.331361
4.461,-0.114802
4.462000000000001,0.091997
4.463,0.154815
4.464,0.140678
4.465000000000001,0.212161
4.466,0.05391
4.4670000000000005,-0.409616
4.468,0.123203
4.469,-0.168392
4.470000000000001,0.343227
4.471,0.132261
4.472,0.075795
4.473000000000001,0.344265
4.474,-0.107452
4.4750000000000005,-0.387966
4.476,0.354447
4.477,0.050945
4.478000000000001,-0.061204
4.479,0.181884
4.48,0.104762
4.481000000000001,0.281655
4.482,0.271261
4.4830000000000005,-0.254707
4.484,-0.105849
4.485,-0.005312
4.486000000000001,-0.052052
4.487,0.146584
4.488,0.473149
4.489000000000001,0.184555
4.49,-0.091194
4.4910000000000005,0.103803
4.492,-0.099197
4.493,0.198842
4.494000000000001,-0.045677
4.495,-0.040111
4.496,-0.141314
4.497000000000001,-0.00633
4.498,0.191542
4.4990000000000006,-0.411654
4.5,0.193767
4.501,-0.003644
4.502000000000001,-0.002416
4.503,-0.202752
4.504,-0.086093
4.505000000000001,-0.139116
4.506,0.350713
4.507000000000001,0.319526
4.508,0.249349
4.509,-0.203124
4.510000000000001,0.011169
4.511,-0.258079
4.5120000000000005,0.185617
4.513000000000001,0.203446
4.514,0.076287
4.515000000000001,0.114354
4.516,-0.072442
4.517,-0.069773
4.518000000000001,0.116419
4.519,-0.047424
4.5200000000000005,-0.038304
4.521000000000001,0.073637
4.522,0.311045
4.523000000000001,-0.065431
4.524,0.11355
4.525,0.122915
4.526000000000001,0.093071
4.527,-0.000159
4.5280000000000005,0.082261
4.529000000000001,-0.247595
4.53,0.075979
4.531000000000001,0.135885
4.532,-0.1894
4.533,0.096587
4.534000000000001,-0.071944
4.535,0.124875
4.5360000000000005,0.127725
4.537000000000001,0.174873
4.538,0.079103
4.539000000000001,0.024753
4.54,-0.106009
4.541,0.132075
4.542000000000001,-0.028588
4.543,-0.062594
4.5440000000000005,-0.145266
4.545,-0.075226
4.546,-0.007309
4.547000000000001,0.023712
4.548,0.115938
4.549,0.124383
4.550000000000001,0.201584
4.551,-0.03699
4.5520000000000005,0.353977
4.553,-0.06542
4.554,0.156306
4.555000000000001,-0.066535
4.556,0.24831
4.557,0.223422
4.558000000000001,0.306049
4.559,0.034161
4.5600000000000005,0.263117
4.561,0.100203
4.562,0.237938
4.563000000000001,0.188529
4.564,0.351132
4.565,0.089954
4.566000000000001,-0.174854
4.567,0.043747
4.5680000000000005,0.28159
4.569,-0.124139
4.57,0.440987
4.571000000000001,0.042979
4.572,-0.122158
4.573,0.039096
4.574000000000001,-0.27318
4.575,0.102673
4.5760000000000005,0.330935
4.577,-0.001284
4.578,-0.016525
4.579000000000001,0.03315
4.58,-0.215291
4.581,-0.252292
4.582000000000001,0.105398
4.583,0.123228
4.5840000000000005,-0.21961
4.585,0.193024
4.586,-0.141622
4.587000000000001,-0.022076
4.588,0.240935
4.589,0.185256
4.590000000000001,-0.453498
4.591,-0.342919
4.5920000000000005,-0.173987
4.593,-0.07313
4.594,-0.031625
4.595000000000001,-0.014108
4.596,0.106533
4.597,0.081202
4.598000000000001,0.302672
4.599,0.19714
4.6000000000000005,-0.008674
4.601,0.086937
4.602,0.139363
4.603000000000001,0.157148
4.604,0.156141
4.605,-0.01654
4.606000000000001,-0.154867
4.607,-0.194581
4.6080000000000005,-0.381564
4.609,-0.029465
4.61,-0.254469
4.611000000000001,-0.094987
4.612,0.469681
4.613,0.147842
4.614000000000001,0.214756
4.615,-0.072741
4.6160000000000005,0.087537
4.617,0.300382
4.618,0.159032
4.619000000000001,0.171175
4.62,-0.07745
4.621,-0.067794
4.622000000000001,0.277543
4.623,-0.140142
4.6240000000000006,0.271318
4.625,0.161538
4.626,0.033521
4.627000000000001,-0.027263
4.628,-0.036356
4.629,0.303199
4.630000000000001,0.435246
4.631,-0.290821
4.632000000000001,0.164539
4.633,0.34275
4.634,0.170802
4.635000000000001,-0.152464
4.636,0.580509
4.6370000000000005,0.086434
4.638000000000001,0.322868
4.639,-0.044491
4.640000000000001,0.000737
4.641,0.192759
4.642,-0.080655
4.643000000000001,-0.050607
4.644,-0.017833
4.6450000000000005,-0.343699
4.646000000000001,-0.37343
4.647,-0.28606
4.648000000000001,0.377054
4.649,0.130657
4.65,0.40359
4.651000000000001,0.254373
4.652,0.082787
4.6530000000000005,-0.310709
4.654000000000001,-0.398214
4.655,-0.024531
4.656000000000001,0.005347
4.657,0.23863
4.658,-0.027081
4.659000000000001,0.329021
4.66,0.034022
4.6610000000000005,0.145779
4.662000000000001,0.106562
4.663,0.050087
4.664000000000001,0.224208
4.665,0.135028
4.666,0.171472
4.667000000000001,-0.12962
4.668,-0.140768
4.6690000000000005,0.076875
4.670000000000001,0.375795
4.671,-0.08096
4.672000000000001,0.508249
4.673,0.050778
4.674,0.011288
4.675000000000001,0.241718
4.676,-0.123856
4.6770000000000005,0.062818
4.678000000000001,-0.061539
4.679,0.246013
4.680000000000001,-0.345572
4.681,0.032283
4.682,0.220145
4.683000000000001,0.026154
4.684,-0.157124
4.6850000000000005,0.111646
4.686,-0.306731
4.687,0.437059
4.688000000000001,0.221826
4.689,0.355716
4.69,-0.251403
4.691000000000001,-0.062133
4.692,0.103326
4.6930000000000005,0.11058
4.694,0.115538
4.695,0.222213
4.696000000000001,0.059665
4.697,0.202338
4.698,0.349477
4.699000000000001,0.129422
4.7,0.224937
4.7010000000000005,-0.010244
4.702,-0.034969
4.703,-0.118036
4.704000000000001,-0.174046
4.705,-0.043721
4.706,0.072918
4.707000000000001,-0.270911
4.708,-0.079265
4.7090000000000005,0.144839
4.71,-0.021019
4.711,0.112934
4.712000000000001,-0.236207
4.713,-0.193578
4.714,-0.324859
4.715000000000001,0.000236
4.716,-0.020128
4.7170000000000005,-0.004555
4.718,-0.146446
4.719,0.091108
4.720000000000001,0.400889
4.721,0.36208
4.722,-0.201189
4.723000000000001,-0.058451
4.724,0.210873
4.7250000000000005,-0.08937
4.726,0.118303
4.727,0.272696
4.728000000000001,-0.043031
4.729,0.016872
4.73,0.093956
4.731000000000001,-0.205512
4.732,0.078243
4.7330000000000005,-0.34971
4.734,-0.182305
4.735,0.190307
4.736000000000001,-0.041273
4.737,0.006571
4.738,0.00903
4.739000000000001,0.542985
4.74,-0.059804
4.7410000000000005,-0.140376
4.742,0.011037
4.743,0.019618
4.744000000000001,-0.058687
4.745,0.190742
4.746,-0.048871
4.747000000000001,0.4264
4.748,-0.081324
4.7490000000000006,0.104095
4.75,0.104838
4.751,-0.12235
4.752000000000001,0.029022
4.753,0.249337
4.754,0.009714
4.755000000000001,0.284483
4.756,0.384499
4.757000000000001,0.08811
4.758,0.078834
4.759,-0.076
4.760000000000001,-0.020995
4.761,0.018554
4.7620000000000005,0.12214
4.763000000000001,0.235884
4.764,-0.137087
4.765000000000001,0.420176
4.766,0.014717
4.767,-0.20309
4.768000000000001,-0.170738
4.769,-0.272476
4.7700000000000005,-0.050132
4.771000000000001,0.18687
4.772,-0.005496
4.773000000000001,-0.258507
4.774,-0.132611
4.775,0.128323
4.776000000000001,-0.134359
4.777,0.095161
4.7780000000000005,0.3429
4.779000000000001,0.199069
4.78,0.103428
4.781000000000001,0.092619
4.782,0.350426
4.783,0.240751
4.784000000000001,0.10771
4.785,-0.055651
4.7860000000000005,-0.106007
4.787000000000001,0.010773
4.788,0.314429
4.789000000000001,0.406403
4.79,0.206005
4.791,-0.030901
4.792000000000001,-0.003428
4.793,0.121186
4.7940000000000005,-0.150983
4.795000000000001,0.19763
4.796,-0.123654
4.797000000000001,0.098335
4.798,-0.030946
4.799,0.073081
4.800000000000001,0.002028
4.801,0.168927
4.8020000000000005,0.355121
4.803000000000001,0.296492
4.804,0.056988
4.805000000000001,0.150461
4.806,0.137966
4.807,-0.029095
4.808000000000001,0.254361
4.809,0.236685
4.8100000000000005,0.086706
4.811000000000001,0.244544
4.812,-0.030002
4.813000000000001,-0.132666
4.814,0.143537
4.815,-0.004628
4.816000000000001,0.123507
4.817,-0.06377
4.8180000000000005,0.402066
4.819,-0.101123
4.82,-0.096574
4.821000000000001,0.203137
4.822,-0.009034
4.823,0.18071
4.824000000000001,-0.310102
4.825,0.121952
4.8260000000000005,-0.245068
4.827,-0.01543
4.828,0.025499
4.829000000000001,-0.006089
4.83,0.528792
4.831,-0.263667
4.832000000000001,0.027989
4.833,-0.234318
4.8340000000000005,-0.047325
4.835,0.042304
4.836,-0.228722
4.837000000000001,-0.053157
4.838,0.064418
4.839,0.183232
4.840000000000001,0.022089
4.841,-0.062471
4.8420000000000005,-0.004771
4.843,0.435267
4.844,0.177967
4.845000000000001,-0.155119
4.846,-0.227175
4.847,0.063538
4.848000000000001,0.109637
4.849,-0.494983
4.8500000000000005,-0.050392
4.851,-0.059005
4.852,-0.168621
4.853000000000001,0.087537
4.854,0.05904
4.855,0.014425
4.856000000000001,-0.031682
4.857,0.063472
4.8580000000000005,0.405782
4.859,0.133863
4.86,-0.357279
4.861000000000001,0.090841
4.862,-0.281267
4.863,-0.090693
4.864000000000001,0.153
4.865,-0.036701
4.8660000000000005,-0.126812
4.867,0.394274
4.868,0.044695
4.869000000000001,-0.165117
4.87,-0.040038
4.871,0.17863
4.872000000000001,0.154236
4.873,0.049504
4.8740000000000006,-0.112229
4.875,-0.042405
4.876,-0.132094
4.877000000000001,-0.145094
4.878,0.456108
4.879,0.066203
4.880000000000001,0.1262
4.881,0.148944
4.882000000000001,-0.020012
4.883,-0.176429
4.884,-0.218137
4.885000000000001,0.330651
4.886,-0.139315
4.8870000000000005,0.11829
4.888000000000001,0.25361
4.889,0.266446
4.890000000000001,-0.175398
4.891,0.067013
4.892,0.008204
4.893000000000001,-0.234633
4.894,-0.425316
4.8950000000000005,-0.430292
4.896000000000001,-0.02936
4.897,0.09613
4.898000000000001,-0.072915
4.899,0.110701
4.9,0.110348
4.901000000000001,0.219961
4.902,0.222334
4.9030000000000005,0.332495
4.904000000000001,0.326195
4.905,0.229353
4.906000000000001,-0.043574
4.907,0.123005
4.908,-0.355851
4.909000000000001,-0.069518
4.91,0.164044
4.9110000000000005,-0.042404
4.912000000000001,0.380011
4.913,0.306303
4.914000000000001,0.102682
4.915,0.184573
4.916,-0.305357
4.917000000000001,-0.113519
4.918,-0.090298
4.9190000000000005,-0.086127
4.920000000000001,-0.259979
4.921,0.075536
4.922000000000001,-0.346909
4.923,0.015915
4.924,0.347646
4.925000000000001,0.098846
4.926,0.220153
4.9270000000000005,0.350382
4.928000000000001,0.190369
4.929,0.0604
4.930000000000001,-0.316915
4.931,0.144228
4.932,0.127049
4.933000000000001,0.201576
4.934,0.139949
4.9350000000000005,0.020115
4.936000000000001,0.254345
4.937,0.11607
4.938000000000001,-0.003597
4.939,0.176458
4.94,-0.174401
4.941000000000001,0.111286
4.942,0.291746
4.9430000000000005,0.238107
4.944000000000001,-0.058153
4.945,0.22384
4.946000000000001,0.160364
4.947,0.066412
4.948,0.063624
4.949000000000001,0.349755
4.95,0.542529
4.9510000000000005,0.150371
4.952000000000001,-0.050156
4.953,0.312001
4.954000000000001,-0.051424
4.955,0.069623
4.956,0.12846
4.957000000000001,0.42735
4.958,0.296492
4.9590000000000005,-0.036768
4.96,-0.133351
4.961,-0.067015
4.962000000000001,-0.01334
4.963,0.123081
4.964,-0.002921
4.965000000000001,0.06863
4.966,0.176914
4.9670000000000005,0.216162
4.968,-0.0214
4.969,0.085522
4.970000000000001,0.403466
4.971,0.133444
4.972,-0.143454
4.973000000000001,0.25587
4.974,-0.25645
4.9750000000000005,0.337143
4.976,-0.068977
4.977,0.07287
4.978000000000001,-0.054618
4.979,0.064092
4.98,0.34451
4.981000000000001,0.001465
4.982,-0.039404
4.9830000000000005,-0.275683
4.984,0.108175
4.985,0.34979
4.986000000000001,0.398029
4.987,0.199201
4.988,-0.311644
4.989000000000001,0.195003
4.99,0.026411
4.9910000000000005,0.074625
4.992,-0.352917
4.993,-0.12576
4.994000000000001,-0.061236
4.995,0.281185
4.996,0.090695
4.997000000000001,0.076338
4.998,-0.116447
4.9990000000000006,0.129585
5.0,0.201813
5.001,-0.155034
5.002000000000001,-0.039476
5.003,0.075064
5.004,0.219886
5.005000000000001,-0.0436
5.006,-0.088318
5.007000000000001,0.095559
5.008,0.13002
5.009,-0.021606
5.010000000000001,0.168883
5.011,0.41072
5.0120000000000005,0.047365
5.013000000000001,-0.036324
5.014,0.400034
5.015000000000001,-0.085047
5.016,0.168483
5.017,-0.170367
5.018000000000001,-0.070676
5.019,0.156882
5.0200000000000005,0.226011
5.021000000000001,0.239005
5.022,0.213229
5.023000000000001,0.199789
5.024,0.02342
5.025,0.109089
5.026000000000001,-0.260413
5.027,-0.38717
5.0280000000000005,0.032151
5.029000000000001,0.149773
5.03,-0.183293
5.031000000000001,0.385777
5.032,-0.041737
5.033,0.161558
5.034000000000001,-0.067828
5.035,0.414829
5.0360000000000005,0.065527
5.037000000000001,0.094885
5.038,0.154096
5.039000000000001,0.204272
5.04,0.125775
5.041,0.091008
5.042000000000001,0.183175
5.043,0.165646
5.0440000000000005,-0.107698
5.045000000000001,-0.049409
5.046,-0.132359
5.047000000000001,0.132549
5.048,0.153151
5.049,0.49501
5.050000000000001,0.041382
5.051,-0.012829
5.0520000000000005,0.324392
5.053000000000001,0.030694
5.054,0.317909
5.055000000000001,0.003633
5.056,-0.149575
5.057,-0.105665
5.058000000000001,-2.8e-05
5.059,-0.102984
5.0600000000000005,0.285952
5.061000000000001,-0.101887
5.062,0.196528
5.063000000000001,0.442564
5.064,-0.165549
5.065,0.287265
5.066000000000001,-0.115704
5.067,-0.147615
5.0680000000000005,-0.018974
5.069000000000001,-0.235104
5.07,-0.136275
5.071000000000001,-0.23539
5.072,0.254195
5.073,0.232903
5.074000000000001,-0.118276
5.075,-0.00322
5.0760000000000005,-0.193312
5.077000000000001,0.037062
5.078,0.184281
5.079000000000001,0.266026
5.08,0.01392
5.081,0.347615
5.082000000000001,0.131372
5.083,0.134376
5.0840000000000005,0.020885
5.085000000000001,-0.118412
5.086,0.025515
5.087000000000001,0.021389
5.088,0.338257
5.089,0.363083
5.090000000000001,0.138498
5.091,0.292137
5.0920000000000005,0.181308
5.093000000000001,-0.156078
5.094,0.096528
5.095000000000001,0.017794
5.096,0.094176
5.097,-0.164885
5.098000000000001,0.288832
5.099,0.190507
5.1000000000000005,-0.077025
5.101,0.040471
5.102,0.345467
5.103000000000001,0.216098
5.104,0.473321
5.105,0.050169
5.106000000000001,0.418393
5.107,0.552991
5.1080000000000005,0.104163
5.109,-0.124775
5.11,0.108233
5.111000000000001,-0.022667
5.112,0.399556
5.113,-0.135027
5.114000000000001,-0.078649
5.115,0.085933
5.1160000000000005,0.25938
5.117,0.342055
5.118,0.089085
5.119000000000001,-0.072974
5.12,0.135349
5.121,0.228943
5.122000000000001,0.106472
5.123,-0.142487
5.1240000000000006,0.096185
5.125,-0.236932
5.126,0.062359
5.127000000000001,-0.282889
5.128,0.176458
5.129,0.119391
5.130000000000001,-0.215077
5.131,0.17216
5.132000000000001,0.151116
5.133,0.054707
5.134,0.188893
5.135000000000001,0.199141
5.136,0.352205
5.1370000000000005,0.159296
5.138000000000001,0.091575
5.139,-0.086982
5.140000000000001,-0.127286
5.141,-0.021161
5.142,0.251751
5.143000000000001,0.385714
5.144,-0.052737
5.1450000000000005,-0.109025
5.146000000000001,0.096758
5.147,-0.096069
5.148000000000001,0.052744
5.149,0.11765
5.15,-0.188662
5.151000000000001,0.38991
5.152,-0.050104
5.1530000000000005,-0.104283
5.154000000000001,0.053527
5.155,-0.041936
5.156000000000001,-0.010909
5.157,-0.389383
5.158,0.076074
5.159000000000001,0.024154
5.16,0.087184
5.1610000000000005,0.007692
5.162000000000001,-0.075143
5.163,0.06002
5.164000000000001,0.20272
5.165,0.393295
5.166,0.08096
5.167000000000001,0.271801
5.168,-0.028986
5.1690000000000005,0.138435
5.170000000000001,-0.039376
5.171,0.232677
5.172000000000001,-0.175281
5.173,0.560803
5.174,-0.12182
5.175000000000001,0.027743
5.176,0.231146
5.1770000000000005,-0.035077
5.178000000000001,0.037593
5.179,-0.115322
5.180000000000001,0.256242
5.181,0.373475
5.182,-0.189611
5.183000000000001,0.108922
5.184,-0.214605
5.1850000000000005,-0.086746
5.186000000000001,-0.057861
5.187,0.169202
5.188000000000001,0.278963
5.189,0.100819
5.19,0.2275
5.191000000000001,0.039753
5.192,0.225514
5.1930000000000005,0.065016
5.194000000000001,0.170118
5.195,0.147587
5.196000000000001,0.429266
5.197,-0.085661
5.198,0.171729
5.199000000000001,-0.146289
5.2,0.250204
5.2010000000000005,0.33232
5.202000000000001,0.052617
5.203,0.261954
5.204000000000001,0.22243
5.205,0.093486
5.206,0.158891
5.207000000000001,-0.252808
5.208,-0.205898
5.2090000000000005,0.082819
5.210000000000001,0.154704
5.211,0.282966
5.212000000000001,-0.044455
5.213,-0.167296
5.214,-0.06247
5.215000000000001,-0.265421
5.216,-0.014132
5.2170000000000005,0.023743
5.218000000000001,-0.110045
5.219,0.09403
5.220000000000001,0.26095
5.221,0.229371
5.222,0.153947
5.223000000000001,-0.183399
5.224,-0.003221
5.2250000000000005,0.278504
5.226000000000001,0.048458
5.227,0.020656
5.228000000000001,0.155593
5.229,0.018832
5.23,-0.093609
5.231000000000001,0.117149
5.232,0.222334
5.2330000000000005,0.148014
5.234,0.392476
5.235,0.072822
5.236000000000001,-0.007251
5.237,-0.223425
5.238,-0.124673
5.239000000000001,0.171472
5.24,0.084373
5.2410000000000005,0.230654
5.242,0.376178
5.243,-0.150119
5.244000000000001,0.452242
5.245,-0.152579
5.246,0.161863
5.247000000000001,-0.042424
5.248,0.091809
5.2490000000000006,0.422591
5.25,-0.023019
5.251,0.182127
5.252000000000001,0.351944
5.253,0.041858
5.254,-0.1241
5.255000000000001,-0.321566
5.256,-0.138878
5.257000000000001,-0.075873
5.258,0.155675
5.259,-0.076191
5.260000000000001,-0.121647
5.261,0.255874
5.2620000000000005,0.042415
5.263000000000001,-0.073415
5.264,0.094662
5.265000000000001,0.5063
5.266,0.207573
5.267,-0.082351
5.268000000000001,0.111944
5.269,0.02516
5.2700000000000005,0.121434
5.271000000000001,0.057118
5.272,-0.052019
5.273000000000001,0.550327
5.274,-0.010097
5.275,-0.292653
5.276000000000001,-0.106752
5.277,-0.174386
5.2780000000000005,0.110236
5.279000000000001,0.20073
5.28,0.352603
5.281000000000001,-0.173915
5.282,0.094849
5.283,0.173026
5.284000000000001,-0.004055
5.285,0.189575
5.2860000000000005,0.058295
5.287000000000001,0.000543
5.288,0.049054
5.289000000000001,0.000276
5.29,-0.127931
5.291,0.195057
5.292000000000001,0.156087
5.293,0.238685
5.2940000000000005,0.001942
5.295000000000001,-0.171913
5.296,0.468074
5.297000000000001,0.149763
5.298,0.253995
5.299,-0.140466
5.300000000000001,-0.068033
5.301,0.191382
5.3020000000000005,0.107616
5.303000000000001,-0.023911
5.304,0.241272
5.305000000000001,-0.275638
5.306,-0.094465
5.307,0.519658
5.308000000000001,-0.280484
5.309,0.0077
5.3100000000000005,-0.083286
5.311000000000001,0.121615
5.312,0.104916
5.313000000000001,0.196364
5.314,-0.236891
5.315,0.345004
5.316000000000001,-0.102113
5.317,0.108738
5.3180000000000005,0.045234
5.319000000000001,-0.029284
5.32,-0.02954
5.321000000000001,0.274489
5.322,0.277217
5.323,0.032779
5.324000000000001,0.279251
5.325,-0.044354
5.3260000000000005,0.094322
5.327000000000001,0.025377
5.328,-0.063998
5.329000000000001,0.048765
5.33,-0.049402
5.331,0.21313
5.332000000000001,0.069166
5.333,0.175041
5.3340000000000005,0.134488
5.335000000000001,0.149724
5.336,-0.262048
5.337000000000001,-0.328724
5.338,0.119287
5.339,-0.04087
5.340000000000001,-0.168581
5.341,-0.033914
5.3420000000000005,0.141659
5.343000000000001,0.04712
5.344,0.337979
5.345000000000001,0.101602
5.346,-0.065024
5.347,0.642084
5.348000000000001,0.080897
5.349,0.33896
5.3500000000000005,-0.102527
5.351000000000001,-0.00271
5.352,0.045725
5.353000000000001,0.441451
5.354,0.119688
5.355,0.267916
5.356000000000001,0.268211
5.357,0.053633
5.3580000000000005,0.197416
5.359000000000001,0.221307
5.36,-0.252898
5.361000000000001,-0.019921
5.362,-0.093459
5.363,-0.127162
5.364000000000001,0.331152
5.365,0.041224
5.3660000000000005,-0.012629
5.367000000000001,0.12706
5.368,0.085507
5.369000000000001,0.142697
5.37,-0.019248
5.371,0.2643
5.372000000000001,0.277332
5.373,-0.199659
5.3740000000000006,0.284117
5.375,0.118155
5.376,0.073813
5.377000000000001,-0.239924
5.378,-0.005773
5.379,0.113508
5.380000000000001,0.062316
5.381,0.089274
5.382000000000001,0.217019
5.383,0.034865
5.384,0.032305
5.385000000000001,-0.082846
5.386,0.358241
5.3870000000000005,0.096985
5.388000000000001,0.243785
5.389,0.294362
5.390000000000001,0.136198
5.391,0.143705
5.392,0.427538
5.393000000000001,-0.037777
5.394,-0.083225
5.3950000000000005,0.365917
5.396000000000001,-0.042802
5.397,-0.004256
5.398000000000001,0.09245
5.399,-0.019682
5.4,-0.251679
5.401000000000001,0.474352
5.402,0.002828
5.4030000000000005,0.057298
5.404000000000001,0.055982
5.405,0.357306
5.406000000000001,0.370792
5.407,0.227829
5.408,0.279642
5.409000000000001,-0.125369
5.41,0.404906
5.4110000000000005,-0.153
5.412000000000001,0.188942
5.413,0.352197
5.414000000000001,0.254238
5.415,0.144361
5.416,0.136949
5.417000000000001,-0.257697
5.418,0.002862
5.4190000000000005,0.074408
5.420000000000001,0.103068
5.421,0.15723
5.422000000000001,-0.103014
5.423,0.05334
5.424,-0.12551
5.425000000000001,0.165396
5.426,0.075542
5.4270000000000005,-0.032736
5.428000000000001,0.124226
5.429,0.256366
5.430000000000001,0.067989
5.431,0.088816
5.432,0.151845
5.433000000000001,0.185073
5.434,-0.002335
5.4350000000000005,0.015799
5.436000000000001,-0.026075
5.437,-0.462079
5.438000000000001,-0.087497
5.439,0.085044
5.44,0.218978
5.441000000000001,-0.013249
5.442,0.21444
5.4430000000000005,0.07553
5.444000000000001,0.117744
5.445,-0.074663
5.446000000000001,0.179286
5.447,-0.211272
5.448,-0.163277
5.449000000000001,-0.022937
5.45,0.163281
5.4510000000000005,-0.071387
5.452000000000001,0.145022
5.453,-0.189782
5.454000000000001,-0.181316
5.455,0.023588
5.456,0.119871
5.457000000000001,-0.111097
5.458,0.406716
5.4590000000000005,-0.375918
5.460000000000001,0.136612
5.461,0.005656
5.462000000000001,-0.014281
5.463,0.281721
5.464,-0.094688
5.465000000000001,0.10354
5.466,0.156434
5.4670000000000005,-0.139982
5.468000000000001,-0.163076
5.469,0.021387
5.470000000000001,-0.105609
5.471,-0.249641
5.472,-0.139767
5.473000000000001,0.082788
5.474,0.098754
5.4750000000000005,0.090603
5.476000000000001,-0.134947
5.477,0.221968
5.478000000000001,0.025122
5.479,-0.115258
5.48,-0.334898
5.481000000000001,-0.185902
5.482,0.164327
5.4830000000000005,-0.070233
5.484000000000001,0.2221
5.485,-0.006904
5.486000000000001,-0.037133
5.487,-0.223896
5.488,0.036414
5.489000000000001,0.151245
5.49,0.220756
5.4910000000000005,-0.059766
5.492000000000001,-0.29654
5.493,-0.151934
5.494000000000001,0.302774
5.495,0.062813
5.496,0.039314
5.497000000000001,0.145571
5.498,0.089588
5.4990000000000006,0.223876
5.500000000000001,0.129677
5.501,0.028794
5.502000000000001,0.191259
5.503,0.077134
5.504,0.101424
5.505000000000001,0.10424
5.506,-0.079619
5.507000000000001,-0.150436
5.508,0.069748
5.509,0.309399
5.510000000000001,0.195224
5.511,-0.069049
5.5120000000000005,0.196644
5.513000000000001,-0.303663
5.514,-0.180007
5.515000000000001,0.219972
5.516,0.132427
5.517,0.171067
5.518000000000001,-0.018912
5.519,0.21313
5.5200000000000005,0.526522
5.521000000000001,0.161301
5.522,0.170843
5.523000000000001,0.222505
5.524,-0.149555
5.525,0.436422
5.526000000000001,0.025253
5.527,-0.116319
5.5280000000000005,-0.022849
5.529000000000001,0.06301
5.53,-0.021595
5.531000000000001,0.339613
5.532,0.389508
5.533,-0.040558
5.534000000000001,0.166605
5.535,0.222778
5.5360000000000005,0.241927
5.537000000000001,-0.293138
5.538,-0.031772
5.539000000000001,0.176519
5.54,-0.010898
5.541,-0.013878
5.542000000000001,-0.094538
5.543,0.291724
5.5440000000000005,0.067218
5.545000000000001,0.047533
5.546,-0.179933
5.547000000000001,-0.02236
5.548,0.335853
5.549,-0.070233
5.550000000000001,0.070374
5.551,0.304813
5.5520000000000005,0.257315
5.553000000000001,0.380002
5.554,0.110403
5.555000000000001,-0.119391
5.556,0.347551
5.557,0.004014
5.558000000000001,-0.296335
5.559,0.085137
5.5600000000000005,0.108737
5.561000000000001,0.123842
5.562,0.191523
5.563000000000001,0.00126
5.564,-0.12639
5.565,0.133987
5.566000000000001,0.265358
5.567,-0.027736
5.5680000000000005,-0.072183
5.569000000000001,0.162812
5.57,0.024963
5.571000000000001,-0.130054
5.572,0.030722
5.573,0.279908
5.574000000000001,0.056732
5.575,0.228317
5.5760000000000005,0.094536
5.577000000000001,0.355815
5.578,0.273034
5.579000000000001,0.29364
5.58,0.201287
5.581,0.084268
5.582000000000001,0.159036
5.583,-0.067452
5.5840000000000005,-0.121748
5.585000000000001,-0.172994
5.586,-0.013135
5.587000000000001,0.061552
5.588,0.184684
5.589,0.423243
5.590000000000001,0.073629
5.591,0.19561
5.5920000000000005,0.023472
5.593000000000001,0.093774
5.594,0.157162
5.595000000000001,0.161434
5.596,0.257344
5.597,0.275779
5.598000000000001,-0.156717
5.599,0.327632
5.6000000000000005,0.213689
5.601000000000001,-0.040264
5.602,0.007999
5.603000000000001,-0.080314
5.604,0.25792
5.605,0.205164
5.606000000000001,-0.048125
5.607,0.246414
5.6080000000000005,-0.089276
5.609000000000001,0.099462
5.61,-0.085658
5.611000000000001,0.022666
5.612,-0.167575
5.613,0.182266
5.614000000000001,0.103289
5.615,0.135235
5.6160000000000005,-0.248637
5.617000000000001,0.030381
5.618,-0.111306
5.619000000000001,0.018335
5.62,-0.326287
5.621,0.037675
5.622000000000001,0.175234
5.623,0.069473
5.6240000000000006,-0.221012
5.625000000000001,0.019655
5.626,-0.076281
5.627000000000001,0.088864
5.628,-0.078463
5.629,-0.016059
5.630000000000001,-0.067601
5.631,0.159177
5.632000000000001,0.136675
5.633000000000001,0.35855
5.634,0.481787
5.635000000000001,0.065944
5.636,-0.123194
5.6370000000000005,-0.151553
5.638000000000001,0.233413
5.639,0.039391
5.640000000000001,0.001168
5.641000000000001,0.160025
5.642,-0.174548
5.643000000000001,0.320427
5.644,-0.066819
5.6450000000000005,0.020272
5.646000000000001,0.459941
5.647,-0.161093
5.648000000000001,0.275236
5.649,0.059403
5.65,0.072106
5.651000000000001,0.186502
5.652,0.308616
5.6530000000000005,0.131071
5.654000000000001,-0.056827
5.655,-0.134722
5.656000000000001,0.075037
5.657,0.053585
5.658,0.252676
5.659000000000001,0.09153
5.66,0.106503
5.6610000000000005,-0.076668
5.662000000000001,-0.036978
5.663,-0.070421
5.664000000000001,0.004531
5.665,-0.041598
5.666,0.100028
5.667000000000001,-0.017833
5.668,-0.01232
5.6690000000000005,0.297255
5.670000000000001,0.131276
5.671,0.402687
5.672000000000001,0.281886
5.673,-0.058621
5.674,0.576335
5.675000000000001,0.230963
5.676,-0.128592
5.6770000000000005,-0.093973
5.678000000000001,-0.003887
5.679,-0.000693
5.680000000000001,-0.061859
5.681,0.459704
5.682,0.124081
5.683000000000001,0.125714
5.684,0.171421
5.6850000000000005,0.145051
5.686000000000001,-0.125158
5.687,-0.083657
5.688000000000001,0.276653
5.689,0.099988
5.69,0.102003
5.691000000000001,0.130045
5.692,0.004513
5.6930000000000005,0.172818
5.694000000000001,-0.149252
5.695,0.085736
5.696000000000001,0.425141
5.697,0.203664
5.698,0.028439
5.699000000000001,0.270451
5.7,-0.05296
5.7010000000000005,-0.010795
5.702000000000001,0.366458
5.703,-0.215189
5.704000000000001,-0.137638
5.705,0.017613
5.706,0.019873
5.707000000000001,-0.356135
5.708,0.287833
5.7090000000000005,-0.071692
5.710000000000001,0.184761
5.711,0.082508
5.712000000000001,-0.001877
5.713,0.399164
5.714,0.051906
5.715000000000001,0.184532
5.716,0.332684
5.7170000000000005,0.225361
5.718000000000001,0.06752
5.719,0.192753
5.720000000000001,-0.086332
5.721,0.11203
5.722,0.144163
5.723000000000001,-0.364931
5.724,-0.000538
5.7250000000000005,0.124853
5.726000000000001,0.218057
5.727,0.142026
5.728000000000001,0.034066
5.729,0.363562
5.73,-0.086711
5.731000000000001,0.020728
5.732,0.027952
5.7330000000000005,-0.297319
5.734000000000001,0.225913
5.735,0.200153
5.736000000000001,-0.208584
5.737,-0.137138
5.738,0.413462
5.739000000000001,0.239122
5.74,-0.240469
5.7410000000000005,0.027723
5.742000000000001,0.073764
5.743,0.417699
5.744000000000001,-0.320699
5.745,0.066577
5.746,0.15097
5.747000000000001,0.160557
5.748,-0.301237
5.7490000000000006,0.152803
5.750000000000001,-0.223455
5.751,0.12228
5.752000000000001,0.156108
5.753,0.141293
5.754,0.006268
5.755000000000001,-0.13008
5.756,0.049753
5.757000000000001,-0.054638
5.758000000000001,0.407741
5.759,0.145717
5.760000000000001,0.141293
5.761,0.233476
5.7620000000000005,0.068534
5.763000000000001,0.17454
5.764,0.091863
5.765000000000001,-0.01696
5.766000000000001,-0.318035
5.767,-0.192014
5.768000000000001,0.017603
5.769,-0.022737
5.7700000000000005,-0.101555
5.771000000000001,0.046749
5.772,-0.109089
5.773000000000001,0.091969
5.774000000000001,-0.158297
5.775,-0.108477
5.776000000000001,0.116302
5.777,-0.15856
5.7780000000000005,0.146495
5.779000000000001,0.070872
5.78,-0.007929
5.781000000000001,0.168087
5.782000000000001,-0.018111
5.783,-0.129064
5.784000000000001,0.060709
5.785,-0.014898
5.7860000000000005,0.096133
5.787000000000001,0.419517
5.788,0.066992
5.789000000000001,0.389517
5.79,-0.154513
5.791,0.274755
5.792000000000001,-0.005441
5.793,0.124971
5.7940000000000005,0.555712
5.795000000000001,-0.12758
5.796,-0.130609
5.797000000000001,-0.099552
5.798,0.018993
5.799,0.19539
5.800000000000001,0.083745
5.801,0.051468
5.8020000000000005,-0.133251
5.803000000000001,0.222517
5.804,0.043047
5.805000000000001,0.0991
5.806,0.270534
5.807,0.012582
5.808000000000001,0.044954
5.809,0.107637
5.8100000000000005,0.086144
5.811000000000001,0.304047
5.812,0.048566
5.813000000000001,0.004143
5.814,0.291632
5.815,0.029533
5.816000000000001,-0.064774
5.817,-0.18191
5.8180000000000005,-0.243138
5.819000000000001,0.413655
5.82,0.194644
5.821000000000001,0.065536
5.822,-0.128152
5.823,0.147709
5.824000000000001,-0.004604
5.825,-0.388333
5.8260000000000005,-0.023755
5.827000000000001,-0.077536
5.828,0.417013
5.829000000000001,0.4381
5.83,0.120642
5.831,-0.108573
5.832000000000001,0.089777
5.833,0.051921
5.8340000000000005,0.00783
5.835000000000001,0.086619
5.836,0.005179
5.837000000000001,0.13066
5.838,0.426309
5.839,0.014787
5.840000000000001,-0.020845
5.841,0.265853
5.8420000000000005,0.03773
5.843000000000001,0.080437
5.844,0.290833
5.845000000000001,0.157796
5.846,0.033379
5.847,0.125046
5.848000000000001,0.134563
5.849,0.292072
5.8500000000000005,-0.102061
5.851000000000001,0.141033
5.852,0.198764
5.853000000000001,0.132429
5.854,-0.116028
5.855,-0.00117
5.856000000000001,-0.273186
5.857,0.035701
5.8580000000000005,-0.120914
5.859000000000001,0.282737
5.86,0.006474
5.861000000000001,-0.133948
5.862,-0.150674
5.863,0.078189
5.864000000000001,0.132331
5.865,-0.053381
5.8660000000000005,0.05755
5.867000000000001,0.214353
5.868,0.090081
5.869000000000001,0.004599
5.87,0.20528
5.871,0.214951
5.872000000000001,0.306368
5.873,-0.18191
5.8740000000000006,0.051211
5.875000000000001,0.282584
5.876,0.301952
5.877000000000001,0.345345
5.878,0.010742
5.879,0.170143
5.880000000000001,-0.208268
5.881,0.001903
5.882000000000001,-0.063495
5.883000000000001,-0.151789
5.884,-0.029466
5.885000000000001,0.4063
5.886,0.060464
5.8870000000000005,-0.096655
5.888000000000001,0.017523
5.889,-0.09773
5.890000000000001,-0.119326
5.891000000000001,0.075439
5.892,0.000658
5.893000000000001,0.310523
5.894,0.168197
5.8950000000000005,-0.223443
5.896000000000001,0.194158
5.897,0.196703
5.898000000000001,0.475174
5.899000000000001,0.058527
5.9,0.100567
5.901000000000001,0.049207
5.902,0.251806
5.9030000000000005,-0.085447
5.904000000000001,-0.075576
5.905,0.032103
5.906000000000001,-0.123047
5.907000000000001,0.14063
5.908,-0.160651
5.909000000000001,-0.247963
5.91,0.045858
5.9110000000000005,-0.279745
5.912000000000001,-0.043248
5.913,-0.022488
5.914000000000001,0.068944
5.915000000000001,-0.24361
5.916,-0.015551
5.917000000000001,-0.111402
5.918,0.038328
5.9190000000000005,0.040483
5.920000000000001,-0.311722
5.921,-0.205528
5.922000000000001,-0.288543
5.923,0.167854
5.924,-0.110651
5.925000000000001,0.050198
5.926,0.156761
5.9270000000000005,-0.232965
5.928000000000001,0.065156
5.929,-0.23431
5.930000000000001,0.098335
5.931,0.067631
5.932,-0.268733
5.933000000000001,-0.391752
5.934,-0.165933
5.9350000000000005,0.068679
5.936000000000001,0.091118
5.937,-0.005478
5.938000000000001,-0.051574
5.939,0.057556
5.94,0.228028
5.941000000000001,0.045485
5.942,0.127226
5.9430000000000005,-0.362143
5.944000000000001,-0.078959
5.945,0.107132
5.946000000000001,-0.166527
5.947,-0.147572
5.948,0.262481
5.949000000000001,0.055769
5.95,0.266409
5.9510000000000005,0.455637
5.952000000000001,0.261911
5.953,-0.088903
5.954000000000001,0.151782
5.955,0.073392
5.956,0.169179
5.957000000000001,0.186596
5.958,0.211296
5.9590000000000005,0.028702
5.960000000000001,-0.172391
5.961,-0.33089
5.962000000000001,-0.01892
5.963,-0.333439
5.964,0.248931
5.965000000000001,-0.122669
5.966,-0.1235
5.9670000000000005,-0.016641
5.968000000000001,-0.003812
5.969,-0.125096
5.970000000000001,0.184354
5.971,0.24847
5.972,0.002408
5.973000000000001,-0.241677
5.974,0.033664
5.9750000000000005,0.198235
5.976000000000001,-0.264862
5.977,0.271997
5.978000000000001,-0.006014
5.979,0.082227
5.98,0.065666
5.981000000000001,-0.018026
5.982,-0.030568
5.9830000000000005,-0.05481
5.984000000000001,-0.060236
5.985,-0.15034
5.986000000000001,0.425038
5.987,0.165964
5.988,0.073068
5.989000000000001,-0.0475
5.99,-0.019484
5.9910000000000005,0.122766
5.992000000000001,-0.065289
5.993,0.265368
5.994000000000001,-0.025553
5.995,-0.002146
5.996,-0.485296
5.997000000000001,0.182281
5.998,0.111956
5.9990000000000006,0.145526
6.000000000000001,0.201517
6.001,-0.004138
6.002000000000001,-0.054582
6.003,0.506884
6.004,-0.064602
6.005000000000001,0.317899
6.006,-0.228357
6.007000000000001,-0.198773
6.008000000000001,-0.105931
6.009,0.088189
6.010000000000001,0.059895
6.011,0.087169
6.0120000000000005,0.238979
6.013000000000001,0.345307
6.014,-0.070855
6.015000000000001,0.124478
6.016000000000001,-0.07241
6.017,0.162562
6.018000000000001,-0.040318
6.019,-0.030155
6.0200000000000005,0.271583
6.021000000000001,-0.214189
6.022,0.052972
6.023000000000001,0.038246
6.024000000000001,-0.102308
6.025,0.243185
6.026000000000001,0.089206
6.027,-0.100325
6.0280000000000005,0.127744
6.029000000000001,-0.035278
6.03,0.081232
6.031000000000001,-0.035063
6.032000000000001,0.481336
6.033,-0.080375
6.034000000000001,-0.014101
6.035,0.305243
6.0360000000000005,-0.018428
6.037000000000001,0.168608
6.038,0.283502
6.039000000000001,-0.209186
6.040000000000001,-0.066104
6.041,0.146217
6.042000000000001,0.257732
6.043,-0.180905
6.0440000000000005,0.170597
6.045000000000001,0.18404
6.046,0.232895
6.047000000000001,0.018361
6.048000000000001,-0.115829
6.049,0.090288
6.050000000000001,0.491147
6.051,-0.042866
6.0520000000000005,-0.049167
6.053000000000001,-0.013895
6.054,0.158009
6.055000000000001,0.119353
6.056000000000001,0.040059
6.057,0.347534
6.058000000000001,0.251436
6.059,0.208743
6.0600000000000005,0.031804
6.061000000000001,0.202564
6.062,-0.030909
6.063000000000001,-0.044904
6.064,-0.014028
6.065,-0.231076
6.066000000000001,0.242373
6.067,-0.086681
6.0680000000000005,-0.342516
6.069000000000001,-0.149765
6.07,0.191897
6.071000000000001,-0.239362
6.072,0.046366
6.073,0.157768
6.074000000000001,0.196353
6.075,0.079659
6.0760000000000005,-0.267448
6.077000000000001,-0.169418
6.078,0.262691
6.079000000000001,0.085098
6.08,-0.046292
6.081,0.126268
6.082000000000001,-0.233275
6.083,-0.144327
6.0840000000000005,-0.093571
6.085000000000001,-0.052091
6.086,-0.007266
6.087000000000001,-0.183355
6.088,-0.269429
6.089,-0.108789
6.090000000000001,0.350617
6.091,0.438239
6.0920000000000005,0.178524
6.093000000000001,0.059765
6.094,-0.015255
6.095000000000001,-0.33826
6.096,0.154279
6.097,-0.054331
6.098000000000001,-0.130749
6.099,0.072194
6.1000000000000005,0.360889
6.101000000000001,0.349363
6.102,0.31034
6.103000000000001,0.386644
6.104,0.154039
6.105,0.055882
6.106000000000001,0.005686
6.107,-0.125215
6.1080000000000005,0.201772
6.109000000000001,0.20426
6.11,0.006601
6.111000000000001,-0.286061
6.112,-0.068171
6.113,0.123194
6.114000000000001,0.024257
6.115,-0.013707
6.1160000000000005,0.401811
6.117000000000001,0.531272
6.118,0.159502
6.119000000000001,0.083639
6.12,-0.013348
6.121,0.187642
6.122000000000001,0.237752
6.123,0.000929
6.1240000000000006,-0.39847
6.125000000000001,-0.081618
6.126,0.30965
6.127000000000001,0.406609
6.128,0.036705
6.129,-0.078377
6.130000000000001,-0.071242
6.131,-0.267152
6.132000000000001,-0.074279
6.133000000000001,-0.000513
6.134,-0.068686
6.135000000000001,0.313573
6.136,-0.098945
6.1370000000000005,0.008185
6.138000000000001,0.259419
6.139,-0.068935
6.140000000000001,-0.281269
6.141000000000001,0.119751
6.142,-0.020174
6.143000000000001,-0.264245
6.144,0.055778
6.1450000000000005,-0.245013
6.146000000000001,0.064054
6.147,0.084772
6.148000000000001,-0.189174
6.149000000000001,0.02048
6.15,-0.270969
6.151000000000001,-0.238069
6.152,-0.241536
6.1530000000000005,-0.524799
6.154000000000001,0.184865
6.155,0.272397
6.156000000000001,0.067032
6.157000000000001,0.265939
6.158,0.306912
6.159000000000001,0.078461
6.16,-0.1501
6.1610000000000005,-0.295518
6.162000000000001,0.296072
6.163,-0.141161
6.164000000000001,0.11664
6.165000000000001,-0.128317
6.166,0.0166
6.167000000000001,-0.051356
6.168,-0.08341
6.1690000000000005,0.519797
6.170000000000001,0.248627
6.171,-0.119829
6.172000000000001,-0.16789
6.173000000000001,0.011244
6.174,-0.12923
6.175000000000001,-0.108015
6.176,0.198925
6.1770000000000005,-0.018111
6.178000000000001,-0.333696
6.179,0.036909
6.180000000000001,0.06035
6.181000000000001,0.053889
6.182,0.150372
6.183000000000001,-0.007164
6.184,-0.121428
6.1850000000000005,0.173002
6.186000000000001,0.122212
6.187,0.282671
6.188000000000001,0.106363
6.189000000000001,0.237893
6.19,0.017613
6.191000000000001,0.128408
6.192,0.05917
6.1930000000000005,0.139286
6.194000000000001,-0.240987
6.195,-0.101174
6.196000000000001,0.358441
6.197,-0.102518
6.198,0.140784
6.199000000000001,0.143126
6.2,0.129177
6.2010000000000005,0.227671
6.202000000000001,0.029306
6.203,0.156791
6.204000000000001,0.001548
6.205,0.266658
6.206,0.174304
6.207000000000001,-0.105686
6.208,0.134008
6.2090000000000005,-0.197734
6.210000000000001,0.048557
6.211,-0.005712
6.212000000000001,-0.069241
6.213,0.315426
6.214,-0.121273
6.215000000000001,-0.022848
6.216,0.225355
6.2170000000000005,0.489595
6.218000000000001,-0.197221
6.219,0.057515
6.220000000000001,0.071292
6.221,-0.183926
6.222,-0.097406
6.223000000000001,0.390438
6.224,0.01719
6.2250000000000005,-0.264044
6.226000000000001,0.348516
6.227,-0.049447
6.228000000000001,-0.019699
6.229,0.341401
6.23,0.013393
6.231000000000001,-0.048021
6.232,-0.384819
6.2330000000000005,0.333631
6.234000000000001,0.144607
6.235,0.005575
6.236000000000001,0.061842
6.237,0.265465
6.238,-0.15576
6.239000000000001,0.205
6.24,-0.178014
6.2410000000000005,-0.098674
6.242000000000001,0.294119
6.243,-0.04361
6.244000000000001,-0.21322
6.245,0.029583
6.246,0.14741
6.247000000000001,0.247846
6.248,0.138575
6.2490000000000006,-0.054406
6.250000000000001,0.324414
6.251,0.03268
6.252000000000001,0.221799
6.253,0.244874
6.254,-0.005287
6.255000000000001,0.169107
6.256,-0.437135
6.257000000000001,-0.193632
6.258000000000001,0.050253
6.259,0.070764
6.260000000000001,0.097986
6.261,0.001945
6.2620000000000005,0.16785
6.263000000000001,-0.041936
6.264,0.259207
6.265000000000001,0.160221
6.266000000000001,0.299446
6.267,-0.1493
6.268000000000001,0.081112
6.269,0.105549
6.2700000000000005,0.524738
6.271000000000001,0.232999
6.272,0.217366
6.273000000000001,0.18585
6.274000000000001,0.363295
6.275,-0.052653
6.276000000000001,0.21903
6.277,-0.242947
6.2780000000000005,-0.084508
6.279000000000001,-0.176605
6.28,-0.139881
6.281000000000001,-0.090329
6.282000000000001,-0.059998
6.283,-0.088212
6.284000000000001,-0.090148
6.285,0.050006
6.2860000000000005,-0.167934
6.287000000000001,0.128132
6.288,-0.392544
6.289000000000001,0.043427
6.290000000000001,0.150482
6.291,0.000289
6.292000000000001,0.048061
6.293,0.076439
6.2940000000000005,0.461053
6.295000000000001,0.147182
6.296,-0.095117
6.297000000000001,-0.111333
6.298000000000001,-0.1296
6.299,0.282992
6.300000000000001,-0.232603
6.301,0.207023
6.3020000000000005,0.098837
6.303000000000001,0.031044
6.304,0.163604
6.305000000000001,0.057323
6.306000000000001,0.048005
6.307,0.010445
6.308000000000001,0.359391
6.309,-0.064489
6.3100000000000005,-0.066386
6.311000000000001,0.06727
6.312,0.103774
6.313000000000001,-0.162796
6.314000000000001,0.210711
6.315,0.104248
6.316000000000001,0.108179
6.317,0.30673
6.3180000000000005,0.141107
6.319000000000001,-0.210116
6.32,0.296358
6.321000000000001,0.34313
6.322000000000001,-0.099442
6.323,0.353814
6.324000000000001,0.184694
6.325,0.364283
6.3260000000000005,-0.052507
6.327000000000001,0.163671
6.328,0.301917
6.329000000000001,0.230166
6.330000000000001,0.078422
6.331,0.143174
6.332000000000001,0.133035
6.333,-0.097484
6.3340000000000005,0.15714
6.335000000000001,-0.206747
6.336,0.12881
6.337000000000001,-0.193502
6.338,-0.129887
6.339,0.210132
6.340000000000001,0.105139
6.341,-0.0069
6.3420000000000005,0.295439
6.343000000000001,-0.068559
6.344,-0.131224
6.345000000000001,0.387785
6.346,0.096925
6.347,-0.20107
6.348000000000001,0.043145
6.349,0.116177
6.3500000000000005,-0.141901
6.351000000000001,-0.214148
6.352,0.18062
6.353000000000001,0.153995
6.354,-0.081892
6.355,0.102131
6.356000000000001,-0.009457
6.357,0.080364
6.3580000000000005,-0.041747
6.359000000000001,-0.080055
6.36,-0.096407
6.361000000000001,0.061894
6.362,0.082436
6.363,-0.224421
6.364000000000001,-0.194924
6.365,0.126444
6.3660000000000005,-0.122471
6.367000000000001,0.268401
6.368,-0.330463
6.369000000000001,-0.268517
6.37,-0.014365
6.371,0.178063
6.372000000000001,0.362166
6.373,-0.297873
6.3740000000000006,0.069952
6.375000000000001,0.092254
6.376,0.030248
6.377000000000001,0.277444
6.378,0.219753
6.379,0.245804
6.380000000000001,-0.201042
6.381,-0.013627
6.382000000000001,-0.034329
6.383000000000001,0.166711
6.384,0.2583
6.385000000000001,0.230787
6.386,0.219145
6.3870000000000005,0.201023
6.388000000000001,0.498557
6.389,0.298536
6.390000000000001,0.069854
6.391000000000001,0.21137
6.392,-0.077234
6.393000000000001,-0.249219
6.394,0.07656
6.3950000000000005,0.283131
6.396000000000001,0.375295
6.397,0.246407
6.398000000000001,0.024891
6.399000000000001,0.192441
6.4,0.291016
6.401000000000001,0.089929
6.402,0.172457
6.4030000000000005,0.171282
6.404000000000001,-0.003177
6.405,0.188254
6.406000000000001,0.179771
6.407000000000001,0.167632
6.408,-0.111687
6.409000000000001,-0.232664
6.41,0.056288
6.4110000000000005,0.198558
6.412000000000001,0.145042
6.413,-0.019447
6.414000000000001,-0.107623
6.415000000000001,-0.022233
6.416,0.210926
6.417000000000001,0.078296
6.418,0.059211
6.4190000000000005,-0.343423
6.420000000000001,-0.065973
6.421,0.146167
6.422000000000001,0.081857
6.423000000000001,-0.034185
6.424,0.380481
6.425000000000001,-0.023715
6.426,0.058178
6.4270000000000005,0.281791
6.428000000000001,0.112654
6.429,0.305076
6.430000000000001,-0.02282
6.431000000000001,0.164283
6.432,0.207272
6.433000000000001,0.184681
6.434,0.207221
6.4350000000000005,0.151557
6.436000000000001,0.064088
6.437,0.076699
6.438000000000001,0.163894
6.439000000000001,-0.003555
6.44,-0.585266
6.441000000000001,-0.14255
6.442,-0.046889
6.4430000000000005,0.014708
6.444000000000001,0.102628
6.445,-0.359701
6.446000000000001,0.092124
6.447000000000001,-0.413392
6.448,0.355241
6.449000000000001,-0.153892
6.45,0.081922
6.4510000000000005,0.181901
6.452000000000001,-0.055857
6.453,0.170103
6.454000000000001,0.266989
6.455000000000001,0.007692
6.456,0.053472
6.457000000000001,-0.070031
6.458,0.287577
6.4590000000000005,-0.210075
6.460000000000001,0.172297
6.461,0.372948
6.462000000000001,0.262625
6.463000000000001,-0.291694
6.464,-0.133914
6.465000000000001,0.254408
6.466,0.45193
6.4670000000000005,0.079446
6.468000000000001,0.174592
6.469,0.092979
6.470000000000001,0.340896
6.471,0.337899
6.472,0.173582
6.473000000000001,-0.222862
6.474,-0.241941
6.4750000000000005,0.090567
6.476000000000001,-0.044044
6.477,0.094698
6.478000000000001,-0.047534
6.479,-0.089187
6.48,-0.085886
6.481000000000001,-0.140692
6.482,0.048667
6.4830000000000005,0.109881
6.484000000000001,0.060146
6.485,-0.363474
6.486000000000001,0.05457
6.487,-0.134639
6.488,0.050343
6.489000000000001,0.076534
6.49,0.159627
6.4910000000000005,0.157427
6.492000000000001,0.089651
6.493,-0.056608
6.494000000000001,-0.033141
6.495,-0.143845
6.496,0.233029
6.497000000000001,0.01258
6.498,0.122867
6.4990000000000006,-0.103644
6.500000000000001,-0.002556
6.501,0.085978
6.502000000000001,0.310206
6.503,0.113778
6.504,0.082514
6.505000000000001,0.233029
6.506,0.01326
6.507000000000001,0.103909
6.508000000000001,-0.084482
6.509,0.37263
6.510000000000001,0.234786
6.511,-0.244059
6.5120000000000005,0.041333
6.513000000000001,0.006009
6.514,-0.088516
6.515000000000001,-0.018566
6.516000000000001,-0.174046
6.517,0.056424
6.518000000000001,-0.085948
6.519,0.32918
6.5200000000000005,0.090567
6.521000000000001,-0.035711
6.522,0.220124
6.523000000000001,0.039586
6.524000000000001,-0.191902
6.525,0.117495
6.526000000000001,0.14767
6.527,0.313034
6.5280000000000005,0.332772
6.529000000000001,0.125465
6.53,-0.443797
6.531000000000001,-0.113261
6.532000000000001,0.395976
6.533,0.052561
6.534000000000001,-0.201842
6.535,0.352615
6.5360000000000005,0.080302
6.537000000000001,0.016145
6.538,0.237874
6.539000000000001,-0.191468
6.540000000000001,0.178551
6.541,-0.007484
6.542000000000001,-0.105949
6.543,-0.171803
6.5440000000000005,-0.283677
6.545000000000001,0.052984
6.546,-0.158674
6.547000000000001,0.213782
6.548000000000001,0.141934
6.549,-0.182169
6.550000000000001,0.09258
6.551,0.258225
6.5520000000000005,0.380094
6.553000000000001,0.413343
6.554,-0.027078
6.555000000000001,0.295163
6.556000000000001,-0.066794
6.557,0.393321
6.558000000000001,0.158971
6.559,0.049952
6.5600000000000005,-0.029471
6.561000000000001,-0.105448
6.562,0.120645
6.563000000000001,0.309487
6.564000000000001,0.119133
6.565,0.003635
6.566000000000001,0.138291
6.567,0.063112
6.5680000000000005,0.357874
6.569000000000001,0.302834
6.57,0.087537
6.571000000000001,-0.11433
6.572000000000001,-0.039024
6.573,0.181007
6.574000000000001,-0.074472
6.575,0.028091
6.5760000000000005,0.002359
6.577000000000001,-0.103715
6.578,0.353532
6.579000000000001,0.271958
6.580000000000001,-0.053112
6.581,-0.14031
6.582000000000001,-0.108373
6.583,-0.147249
6.5840000000000005,0.281992
6.585000000000001,-0.123667
6.586,-0.030331
6.587000000000001,0.00389
6.588000000000001,0.131366
6.589,-0.068534
6.590000000000001,0.231035
6.591,0.118868
6.5920000000000005,-0.066951
6.593000000000001,0.02221
6.594,0.332536
6.595000000000001,0.00492
6.596000000000001,0.136551
6.597,-0.117083
6.598000000000001,-0.069408
6.599,-0.216611
6.6000000000000005,-0.015207
6.601000000000001,-0.23658
6.602,0.26147
6.603000000000001,0.010666
6.604000000000001,-0.082473
6.605,0.251574
6.606000000000001,0.010976
6.607,0.080074
6.6080000000000005,-0.168088
6.609000000000001,0.122238
6.61,-0.12782
6.611000000000001,-0.103204
6.612,-0.395855
6.613,-0.118807
6.614000000000001,-0.003428
6.615,-0.052225
6.6160000000000005,-0.036379
6.617000000000001,0.31968
6.618,0.209863
6.619000000000001,0.449271
6.62,0.042932
6.621,-0.121379
6.622000000000001,0.046293
6.623,-0.050783
6.6240000000000006,-0.082945
6.625000000000001,0.222378
6.626,0.077912
6.627000000000001,0.138155
6.628,0.211482
6.629,-0.284487
6.630000000000001,0.092639
6.631,0.093089
6.632000000000001,-0.040773
6.633000000000001,0.137936
6.634,0.001806
6.635000000000001,-0.482253
6.636,0.171338
6.6370000000000005,-0.11858
6.638000000000001,0.248707
6.639,-0.112784
6.640000000000001,0.124838
6.641000000000001,0.135937
6.642,0.145858
6.643000000000001,0.154222
6.644,0.160365
6.6450000000000005,-0.047482
6.646000000000001,0.17967
6.647,-0.154151
6.648000000000001,-0.110942
6.649000000000001,-0.013674
6.65,-0.213292
6.651000000000001,-0.10027
6.652,-0.114732
6.6530000000000005,0.291422
6.654000000000001,0.254962
6.655,-0.015575
6.656000000000001,0.363753
6.657000000000001,-0.013111
6.658,-0.078992
6.659000000000001,-0.070682
6.66,-0.005046
6.6610000000000005,-0.128621
6.662000000000001,-0.165252
6.663,0.242765
6.664000000000001,0.109632
6.665000000000001,-0.05978
6.666,-0.001168
6.667000000000001,0.010371
6.668,-0.168785
6.6690000000000005,-0.029351
6.670000000000001,0.258436
6.671,0.018821
6.672000000000001,-0.15842
6.673000000000001,-0.11192
6.674,-0.032208
6.675000000000001,0.172707
6.676,0.07669
6.6770000000000005,-0.048812
6.678000000000001,-0.298558
6.679,0.474261
6.680000000000001,-0.264574
6.681000000000001,-0.040184
6.682,-0.016767
6.683000000000001,0.133181
6.684,0.147778
6.6850000000000005,0.326265
6.686000000000001,-0.214127
6.687,0.289105
6.688000000000001,-0.14278
6.689000000000001,-0.129642
6.69,0.308957
6.691000000000001,-0.067452
6.692,0.05868
6.6930000000000005,0.004977
6.694000000000001,0.205549
6.695,0.418823
6.696000000000001,0.080046
6.697000000000001,-0.123477
6.698,-0.119571
6.699000000000001,-0.16577
6.7,0.00254
6.7010000000000005,0.047339
6.702000000000001,0.272448
6.703,0.212
6.704000000000001,0.110285
6.705000000000001,0.050902
6.706,0.106034
6.707000000000001,0.097617
6.708,-0.365728
6.7090000000000005,0.114303
6.710000000000001,-0.026321
6.711,-0.157527
6.712000000000001,-0.085768
6.713000000000001,-0.11338
6.714,-0.273336
6.715000000000001,-0.127687
6.716,-0.287649
6.7170000000000005,-0.235998
6.718000000000001,-0.149336
6.719,0.108856
6.720000000000001,0.136991
6.721000000000001,-0.055472
6.722,0.165039
6.723000000000001,0.073566
6.724,0.252002
6.7250000000000005,0.242068
6.726000000000001,-0.008487
6.727,0.467823
6.728000000000001,0.353406
6.729000000000001,0.208333
6.73,0.099838
6.731000000000001,0.116767
6.732,0.026325
6.7330000000000005,0.1369
6.734000000000001,0.13977
6.735,-0.000927
6.736000000000001,-0.010427
6.737000000000001,0.314059
6.738,0.049307
6.739000000000001,0.084435
6.74,0.177893
6.7410000000000005,-0.24426
6.742000000000001,0.388234
6.743,0.116423
6.744000000000001,0.244544
6.745000000000001,0.032386
6.746,0.415687
6.747000000000001,-0.153567
6.748,-0.1962
6.7490000000000006,0.077069
6.750000000000001,0.273587
6.751,-0.051708
6.752000000000001,-0.031445
6.753,-0.047083
6.754,0.259608
6.755000000000001,-0.028472
6.756,-0.000407
6.757000000000001,0.106485
6.758000000000001,0.25572
6.759,0.27918
6.760000000000001,0.115475
6.761,-0.222637
6.7620000000000005,0.05656
6.763000000000001,-0.030372
6.764,0.269712
6.765000000000001,0.385775
6.766000000000001,0.356578
6.767,0.087257
6.768000000000001,0.008183
6.769,0.289026
6.7700000000000005,0.011958
6.771000000000001,0.021341
6.772,-0.02823
6.773000000000001,0.274312
6.774000000000001,-0.039965
6.775,0.21423
6.776000000000001,-0.082884
6.777,-0.232867
6.7780000000000005,0.117195
6.779000000000001,-0.28289
6.78,0.134906
6.781000000000001,-0.131065
6.782000000000001,-0.034439
6.783,0.04792
6.784000000000001,-0.166835
6.785,0.729078
6.7860000000000005,-0.178659
6.787000000000001,0.209814
6.788,0.327501
6.789000000000001,0.226172
6.790000000000001,0.229866
6.791,0.081319
6.792000000000001,-0.0317
6.793,0.109672
6.7940000000000005,0.01059
6.795000000000001,-0.180903
6.796,0.166641
6.797000000000001,-0.018403
6.798000000000001,0.035249
6.799,0.241254
6.800000000000001,0.013452
6.801,-0.039219
6.8020000000000005,0.120072
6.803000000000001,-0.11663
6.804,0.281974
6.805000000000001,0.05872
6.806000000000001,0.105148
6.807,0.05914
6.808000000000001,0.139427
6.809,-0.063629
6.8100000000000005,-0.377979
6.811000000000001,0.100733
6.812,-0.14586
6.813000000000001,0.04494
6.814000000000001,-0.000493
6.815,0.064746
6.816000000000001,-0.142951
6.817,0.242222
6.8180000000000005,0.363849
6.819000000000001,0.187042
6.82,-0.114958
6.821000000000001,0.023146
6.822000000000001,0.320347
6.823,-0.323622
6.824000000000001,-0.003896
6.825,-0.048141
6.8260000000000005,-0.129291
6.827000000000001,0.237925
6.828,-0.304171
6.829000000000001,0.120579
6.830000000000001,0.036443
6.831,-0.03739
6.832000000000001,0.274626
6.833,-0.070036
6.8340000000000005,-0.287672
6.835000000000001,-0.429364
6.836,-0.136341
6.837000000000001,-0.07313
6.838000000000001,-0.091123
6.839,-0.016469
6.840000000000001,-0.013844
6.841,0.110906
6.8420000000000005,-0.041096
6.843000000000001,0.041408
6.844,-0.003722
6.845000000000001,-0.054876
6.846000000000001,-0.157313
6.847,-0.039673
6.848000000000001,-0.365165
6.849,0.011482
6.8500000000000005,0.331774
6.851000000000001,0.070922
6.852,0.111251
6.853000000000001,-0.089758
6.854000000000001,-0.22927
6.855,0.029948
6.856000000000001,0.232309
6.857,0.079908
6.8580000000000005,-0.03719
6.859000000000001,0.1527
6.86,0.020861
6.861000000000001,0.108525
6.862000000000001,-0.076374
6.863,0.045939
6.864000000000001,-0.252943
6.865,-0.0498
6.8660000000000005,0.284679
6.867000000000001,-0.153059
6.868,0.027952
6.869000000000001,-0.063656
6.870000000000001,0.143688
6.871,-0.006531
6.872000000000001,-0.038626
6.873,-0.095163
6.8740000000000006,0.205313
6.875000000000001,0.145987
6.876,0.215475
6.877000000000001,0.084851
6.878000000000001,-0.158301
6.879,0.104065
6.880000000000001,0.166612
6.881,0.582333
6.882000000000001,0.383081
6.883000000000001,0.314058
6.884,-0.041491
6.885000000000001,0.466286
6.886,0.196831
6.8870000000000005,0.19632
6.888000000000001,0.188622
6.889,0.013255
6.890000000000001,0.077454
6.891000000000001,-0.040403
6.892,0.105686
6.893000000000001,-0.01756
6.894,0.028563
6.8950000000000005,-0.072197
6.896000000000001,0.134259
6.897,0.300615
6.898000000000001,-0.338243
6.899000000000001,0.339222
6.9,-0.017672
6.901000000000001,-0.191202
6.902,0.149048
6.9030000000000005,0.17266
6.904000000000001,-0.012869
6.905,-0.175625
6.906000000000001,-0.15729
6.907000000000001,-0.046835
6.908,0.061724
6.909000000000001,0.073323
6.91,-0.203531
6.9110000000000005,0.183394
6.912000000000001,-0.343944
6.913,-0.116982
6.914000000000001,0.120118
6.915000000000001,0.267073
6.916,0.121543
6.917000000000001,0.123764
6.918,0.127909
6.9190000000000005,0.231836
6.920000000000001,-0.006471
6.921,-0.163496
6.922000000000001,0.097625
6.923000000000001,0.08717
6.924,-0.094592
6.925000000000001,0.095957
6.926,0.045868
6.9270000000000005,0.221084
6.928000000000001,0.131073
6.929,-0.072326
6.930000000000001,-0.213011
6.931000000000001,0.395272
6.932,0.168426
6.933000000000001,0.058178
6.934,-0.066151
6.9350000000000005,0.22327
6.936000000000001,-0.116545
6.937,0.118723
6.938000000000001,0.119644
6.939000000000001,0.257666
6.94,0.170983
6.941000000000001,0.065592
6.942,0.138319
6.9430000000000005,0.037738
6.944000000000001,0.310385
6.945,0.172254
6.946000000000001,0.053982
6.947000000000001,0.241458
6.948,-0.275799
6.949000000000001,-0.005038
6.95,0.353583
6.9510000000000005,0.002639
6.952000000000001,-0.092976
6.953,0.295348
6.954000000000001,0.090715
6.955000000000001,0.142534
6.956,0.144515
6.957000000000001,0.270963
6.958,-0.036705
6.9590000000000005,0.04544
6.960000000000001,-0.256577
6.961,0.37108
6.962000000000001,0.261632
6.963000000000001,0.226079
6.964,0.275581
6.965000000000001,0.19042
6.966,0.29416
6.9670000000000005,-0.172818
6.968000000000001,-0.06944
6.969,-0.285265
6.970000000000001,0.01312
6.971000000000001,0.157768
6.972,-0.227079
6.973000000000001,0.039025
6.974,0.182356
6.9750000000000005,-0.139402
6.976000000000001,0.285545
6.977,0.111587
6.978000000000001,-0.146714
6.979000000000001,0.000616
6.98,-0.039579
6.981000000000001,0.150119
6.982,0.089039
6.9830000000000005,-0.286856
6.984000000000001,-0.444968
6.985,0.097442
6.986000000000001,0.352928
6.987000000000001,0.546847
6.988,0.047019
6.989000000000001,-0.159418
6.99,0.000878
6.9910000000000005,0.109672
6.992000000000001,0.307005
6.993,0.058771
6.994000000000001,0.140324
6.995000000000001,0.110551
6.996,0.154294
6.997000000000001,0.302064
6.998,0.243224
6.9990000000000006,-0.130001
7.000000000000001,0.007805
7.001,-0.01264
7.002000000000001,-0.306685
7.003000000000001,-0.127215
7.004,0.090211
7.005000000000001,-0.036011
7.006,0.132956
7.007000000000001,0.356237
7.008000000000001,0.441201
7.009,-0.386995
7.010000000000001,-0.191081
7.011000000000001,-0.031839
7.0120000000000005,0.170532
7.013000000000001,0.317535
7.014,0.1798
7.015000000000001,0.196258
7.016000000000001,-0.131401
7.017,0.121835
7.018000000000001,0.163155
7.019000000000001,0.332175
7.0200000000000005,-0.002009
7.021000000000001,-0.066183
7.022,-0.114908
7.023000000000001,0.234424
7.024000000000001,0.121615
7.025,-0.022859
7.026000000000001,-0.007183
7.027,-0.020726
7.0280000000000005,-0.022733
7.029000000000001,-0.156684
7.03,-0.006904
7.031000000000001,0.094902
7.032000000000001,0.248709
7.033,0.072337
7.034000000000001,-0.312851
7.035,0.2044
7.0360000000000005,0.03069
7.037000000000001,0.184781
7.038,-0.083578
7.039000000000001,-0.11686
7.040000000000001,-0.09837
7.041,-0.107961
7.042000000000001,0.135253
7.043,4.8e-05
7.0440000000000005,0.235001
7.045000000000001,-0.113059
7.046,-0.015672
7.047000000000001,0.092319
7.048000000000001,0.080545
7.049,0.169063
7.050000000000001,0.047691
7.051,0.184684
7.0520000000000005,0.061672
7.053000000000001,0.14225
7.054,0.130843
7.055000000000001,0.176335
7.056000000000001,0.24422
7.057,0.326958
7.058000000000001,-0.150117
7.059,0.208426
7.0600000000000005,0.017436
7.061000000000001,-0.103072
7.062,-0.117438
7.063000000000001,0.087598
7.064000000000001,-0.071409
7.065,-0.167162
7.066000000000001,0.244128
7.067,0.103785
7.0680000000000005,0.253353
7.069000000000001,0.083009
7.07,-0.006656
7.071000000000001,0.114183
7.072000000000001,-0.142375
7.073,-0.029237
7.074000000000001,-0.143912
7.075,0.141473
7.0760000000000005,0.15155
7.077000000000001,0.106544
7.078,0.035462
7.079000000000001,-0.035268
7.080000000000001,-0.040075
7.081,0.181945
7.082000000000001,-0.166763
7.083,0.358566
7.0840000000000005,-0.056759
7.085000000000001,-0.321502
7.086,0.326448
7.087000000000001,0.200517
7.088000000000001,0.258701
7.089,0.199065
7.090000000000001,0.038879
7.091,-0.27315
7.0920000000000005,-0.035621
7.093000000000001,0.15244
7.094,0.153156
7.095000000000001,0.027731
7.096000000000001,0.086004
7.097,-0.055617
7.098000000000001,-0.026113
7.099,-0.060352
7.1000000000000005,0.241125
7.101000000000001,0.531264
7.102,0.376132
7.103000000000001,0.620053
7.104000000000001,0.275946
7.105,0.354989
7.106000000000001,0.044818
7.107,0.256417
7.1080000000000005,0.134007
7.109000000000001,-0.054543
7.11,0.162106
7.111000000000001,-0.096406
7.112000000000001,0.183721
7.113,0.192894
7.114000000000001,0.28482
7.115,0.196435
7.1160000000000005,0.088683
7.117000000000001,-0.14934
7.118,0.13818
7.119000000000001,0.19042
7.120000000000001,0.3467
7.121,-0.17869
7.122000000000001,-0.118122
7.123,0.168336
7.1240000000000006,-0.177154
7.125000000000001,0.16728
7.126,0.437813
7.127000000000001,-0.055548
7.128000000000001,-0.026902
7.129,0.089219
7.130000000000001,0.128912
7.131,0.023739
7.132000000000001,-0.119317
7.133000000000001,0.430014
7.134,0.184197
7.135000000000001,0.129851
7.136000000000001,0.362934
7.1370000000000005,-0.229642
7.138000000000001,0.148056
7.139,0.086507
7.140000000000001,-0.084242
7.141000000000001,-0.131615
7.142,0.465511
7.143000000000001,-0.31931
7.144000000000001,-0.28837
7.1450000000000005,0.322782
7.146000000000001,0.471081
7.147,0.18298
7.148000000000001,0.062809
7.149000000000001,-0.051139
7.15,0.103516
7.151000000000001,-0.072489
7.152000000000001,0.206971
7.1530000000000005,0.185575
7.154000000000001,0.153368
7.155,0.594708
7.156000000000001,0.425345
7.157000000000001,0.03944
7.158,-0.008012
7.159000000000001,0.020589
7.16,0.00877
7.1610000000000005,0.183755
7.162000000000001,0.106475
7.163,-0.12876
7.164000000000001,-0.016007
7.165000000000001,-0.036771
7.166,0.002672
7.167000000000001,-0.032768
7.168,0.08372
7.1690000000000005,0.373431
7.170000000000001,0.449498
7.171,0.068171
7.172000000000001,0.229218
7.173000000000001,0.057964
7.174,-0.083219
7.175000000000001,0.156909
7.176,0.125651
7.1770000000000005,-0.011334
7.178000000000001,0.176297
7.179,0.271952
7.180000000000001,0.046683
7.181000000000001,0.143833
7.182,0.538281
7.183000000000001,-0.001413
7.184,-0.164992
7.1850000000000005,0.223048
7.186000000000001,0.592062
7.187,0.198486
7.188000000000001,0.060502
7.189000000000001,0.246921
7.19,0.065685
7.191000000000001,0.050307
7.192,0.180301
7.1930000000000005,-0.034036
7.194000000000001,0.066829
7.195,0.128054
7.196000000000001,-0.115426
7.197000000000001,0.114064
7.198,-0.0012
7.199000000000001,0.079084
7.2,0.150619
7.2010000000000005,0.029629
7.202000000000001,0.31376
7.203,0.413158
7.204000000000001,-0.002967
7.205000000000001,0.012892
7.206,-0.076546
7.207000000000001,-0.171976
7.208,0.158358
7.209,0.425831
7.210000000000001,0.17278
7.211,0.156632
7.212000000000001,-0.132728
7.213000000000001,0.06098
7.214,0.08762
7.215000000000001,0.062486
7.216,0.346313
7.217,0.183315
7.218000000000001,0.175709
7.219,0.231634
7.220000000000001,-0.119735
7.221000000000001,0.097267
7.222,-0.144098
7.223000000000001,0.0302
7.224,0.075209
7.225,-0.198631
7.226000000000001,0.113755
7.227,0.124006
7.228000000000001,-0.244551
7.229000000000001,0.117602
7.23,0.106172
7.231000000000001,0.161524
7.232,-0.329392
7.233,0.082951
7.234000000000001,-0.008791
7.235,0.217556
7.236000000000001,0.095905
7.237000000000001,0.160956
7.238,0.091646
7.239000000000001,0.107689
7.24,0.126644
7.241,0.054328
7.242000000000001,0.307357
7.243,0.195226
7.244000000000001,0.199866
7.245000000000001,0.426796
7.246,-0.128644
7.247000000000001,0.366797
7.248,-0.040661
7.249,0.19521
7.250000000000001,0.090557
7.251,0.340633
7.252000000000001,0.270148
7.253000000000001,0.211109
7.254,-0.217807
7.255000000000001,0.27759
7.256,0.091891
7.257000000000001,0.117897
7.258000000000001,-0.210589
7.259,-0.206017
7.260000000000001,0.09252
7.261000000000001,0.10708
7.262,0.353083
7.263000000000001,0.17866
7.264,0.182308
7.265000000000001,0.252904
7.266000000000001,0.418337
7.267,-0.109575
7.268000000000001,0.490144
7.269000000000001,0.365849
7.27,0.306658
7.271000000000001,-0.255401
7.272,0.089154
7.273000000000001,0.08272
7.274000000000001,0.062452
7.275,0.235508
7.276000000000001,0.328878
7.277000000000001,0.33725
7.278,-0.147882
7.279000000000001,0.269527
7.28,-0.074829
7.281000000000001,-0.018032
7.282000000000001,0.109138
7.283,-0.072855
7.284000000000001,0.131247
7.285000000000001,0.26729
7.286,0.010117
7.287000000000001,0.150873
7.288,0.083719
7.289000000000001,0.135563
7.290000000000001,0.256241
7.291,0.043976
7.292000000000001,-0.022272
7.293000000000001,0.027181
7.294,-0.05069
7.295000000000001,-0.233045
7.296,0.090222
7.297000000000001,0.007821
7.298000000000001,0.111399
7.299,0.026631
7.300000000000001,0.387911
7.301,0.189849
7.302,0.095964
7.303000000000001,0.099804
7.304,0.061461
7.305000000000001,0.087704
7.306000000000001,-0.097169
7.307,-0.021606
7.308000000000001,0.262825
7.309,0.144702
7.31,0.197982
7.311000000000001,0.037745
7.312,-0.145797
7.313000000000001,-0.079783
7.314000000000001,0.138596
7.315,0.092882
7.316000000000001,0.21918
7.317,-0.04199
7.318,0.164366
7.319000000000001,0.118005
7.32,0.145699
7.321000000000001,0.078291
7.322000000000001,-0.128564
7.323,-0.000185
7.324000000000001,0.054569
7.325,-0.110633
7.326,0.510003
7.327000000000001,0.159964
7.328,0.030242
7.329000000000001,0.249261
7.330000000000001,0.01156
7.331,0.068865
7.332000000000001,-0.343412
7.333,0.00011
7.334,0.375397
7.335000000000001,-0.17928
7.336,-0.05988
7.337000000000001,0.113481
7.338000000000001,0.135168
7.339,-0.073416
7.340000000000001,-0.041711
7.341,0.32421
7.342,0.033337
7.343000000000001,-0.169735
7.344,0.138544
7.345000000000001,0.461821
7.346000000000001,-0.105666
7.347,0.171408
7.348000000000001,0.254752
7.349,0.31824
7.35,0.234365
7.351000000000001,0.124806
7.352,-0.073916
7.353000000000001,0.127591
7.354000000000001,0.300548
7.355,0.250712
7.356000000000001,0.129781
7.357,-0.071737
7.358,-0.317864
7.359000000000001,0.124188
7.36,0.039245
7.361000000000001,0.133116
7.362000000000001,-0.048046
7.363,-0.339068
7.364000000000001,0.091933
7.365,0.124498
7.366,0.134618
7.367000000000001,0.075164
7.368,0.146619
7.369000000000001,0.327725
7.370000000000001,0.284641
7.371,0.417599
7.372000000000001,0.217512
7.373,0.133942
7.374,0.32412
7.375000000000001,0.113906
7.376,-0.003728
7.377000000000001,0.26927
7.378000000000001,0.239986
7.379,0.234615
7.380000000000001,0.020387
7.381,0.181308
7.382000000000001,0.007103
7.383000000000001,0.210252
7.384,-0.014415
7.385000000000001,-0.056093
7.386000000000001,-0.050642
7.387,0.1187
7.388000000000001,0.158635
7.389,0.069547
7.390000000000001,0.304221
7.391000000000001,0.038805
7.392,0.14985
7.393000000000001,-0.267634
7.394000000000001,0.203328
7.395,-0.088428
7.396000000000001,0.284972
7.397,-0.186368
7.398000000000001,0.162397
7.399000000000001,0.006192
7.4,0.208659
7.401000000000001,0.196226
7.402000000000001,0.279876
7.403,0.096525
7.404000000000001,-0.136497
7.405,-0.210851
7.406000000000001,0.064226
7.407000000000001,-0.094345
7.408,-0.042266
7.409000000000001,-0.023351
7.410000000000001,0.068478
7.411,0.315079
7.412000000000001,-0.023235
7.413,-0.056101
7.414000000000001,0.076128
7.415000000000001,0.096076
7.416,0.119745
7.417000000000001,0.031804
7.418000000000001,-0.101709
7.419,0.167281
7.420000000000001,-0.02102
7.421,0.065604
7.422000000000001,-0.222038
7.423000000000001,-0.042877
7.424,-0.049939
7.425000000000001,-0.240552
7.426000000000001,0.182459
7.427,0.093688
7.428000000000001,0.328695
7.429,0.295976
7.430000000000001,0.148252
7.431000000000001,0.164007
7.432,-0.077552
7.433000000000001,0.14507
7.434000000000001,-0.003934
7.435,0.342289
7.436000000000001,0.077157
7.437,0.1149
7.438000000000001,0.334241
7.439000000000001,-0.021439
7.44,-0.064094
7.441000000000001,-0.177186
7.442,0.076829
7.443,-0.086535
7.444000000000001,0.064281
7.445,0.160031
7.446000000000001,0.050302
7.447000000000001,0.374163
7.448,0.22399
7.449000000000001,0.279233
7.45,0.003252
7.451,0.258522
7.452000000000001,-0.057854
7.453,-0.132962
7.454000000000001,-0.006105
7.455000000000001,-0.247241
7.456,0.021952
7.457000000000001,0.058038
7.458,0.162957
7.459,-0.176294
7.460000000000001,-0.288391
7.461,0.252636
7.462000000000001,0.266686
7.463000000000001,0.112302
7.464,0.191383
7.465000000000001,0.229521
7.466,0.460137
7.467,0.23207
7.468000000000001,0.236054
7.469,0.304962
7.470000000000001,0.471255
7.471000000000001,-0.005158
7.472,-0.034876
7.473000000000001,0.079465
7.474,0.384505
7.475,0.008237
7.476000000000001,-0.228164
7.477,0.154619
7.478000000000001,0.206677
7.479000000000001,0.116871
7.48,0.314081
7.481000000000001,-0.138515
7.482,0.096868
7.483,0.193097
7.484000000000001,0.242347
7.485,0.215703
7.486000000000001,0.301203
7.487000000000001,-0.033809
7.488,-0.123935
7.489000000000001,-0.030226
7.49,0.169811
7.491,-0.201239
7.492000000000001,0.30562
7.493,-0.193456
7.494000000000001,0.13634
7.495000000000001,-0.227358
7.496,0.128672
7.497000000000001,0.042919
7.498,-0.143949
7.499,0.127425
7.500000000000001,-0.113417
7.501,0.148659
7.502000000000001,0.256919
7.503000000000001,0.349432
7.504,-0.012158
7.505000000000001,0.003367
7.506,0.253472
7.507000000000001,0.295727
7.508000000000001,0.071022
7.509,0.198486
7.510000000000001,-0.214574
7.511000000000001,-0.073447
7.512,0.029909
7.513000000000001,0.155648
7.514,0.050541
7.515000000000001,0.117757
7.516000000000001,0.025906
7.517,-0.390312
7.518000000000001,0.344162
7.519000000000001,-0.050193
7.52,0.626845
7.521000000000001,0.258883
7.522,0.092263
7.523000000000001,0.284432
7.524000000000001,0.059714
7.525,-0.064076
7.526000000000001,-0.259389
7.527000000000001,-0.054144
7.528,0.279858
7.529000000000001,0.160491
7.53,0.134523
7.531000000000001,-0.170758
7.532000000000001,0.004059
7.533,0.060617
7.534000000000001,0.19922
7.535000000000001,0.143484
7.536,0.222093
7.537000000000001,0.204315
7.538,0.351097
7.539000000000001,0.172798
7.540000000000001,-0.183351
7.541,0.256425
7.542000000000001,-0.185348
7.543000000000001,0.183994
7.544,-0.056574
7.545000000000001,0.213818
7.546,0.177691
7.547000000000001,0.047457
7.548000000000001,-0.290013
7.549,0.213713
7.550000000000001,0.529348
7.551000000000001,-0.002284
7.552,0.021086
7.553000000000001,0.074591
7.554,0.110992
7.555000000000001,0.267238
7.556000000000001,0.171998
7.557,-0.150783
7.558000000000001,0.153212
7.559000000000001,-0.022541
7.56,0.054364
7.561000000000001,0.10249
7.562,0.334023
7.563000000000001,0.042061
7.564000000000001,0.155088
7.565,0.071132
7.566000000000001,-0.22931
7.567000000000001,0.013457
7.568,0.092124
7.569000000000001,0.218113
7.57,-0.047224
7.571000000000001,-0.044156
7.572000000000001,0.350577
7.573,-0.15004
7.574000000000001,0.054489
7.575,-0.033961
7.576,-0.21855
7.577000000000001,0.260881
7.578,-0.117837
7.579000000000001,0.159898
7.580000000000001,0.014554
7.581,0.100146
7.582000000000001,0.248707
7.583,-0.087166
7.584,-0.248948
7.585000000000001,-0.106144
7.586,0.104267
7.587000000000001,-0.034744
7.588000000000001,-0.180389
7.589,0.319466
7.590000000000001,0.161186
7.591,0.143954
7.592,-0.084426
7.593000000000001,-0.13182
7.594,0.128417
7.595000000000001,0.15349
7.596000000000001,-0.16237
7.597,0.233329
7.598000000000001,0.047182
7.599,0.050437
7.6,-0.038029
7.601000000000001,0.145072
7.602,-0.073822
7.603000000000001,0.318356
7.604000000000001,0.083445
7.605,0.126204
7.606000000000001,-0.045472
7.607,-0.108349
7.608,0.15107
7.609000000000001,-0.07332
7.61,0.118761
7.611000000000001,0.079341
7.612000000000001,0.250305
7.613,-0.18194
7.614000000000001,0.070918
7.615,0.122972
7.616,-0.237843
7.617000000000001,-0.320939
7.618,-0.05922
7.619000000000001,0.019059
7.620000000000001,-0.018396
7.621,0.034705
7.622000000000001,0.191013
7.623,0.180437
7.624,0.303967
7.625000000000001,0.21977
7.626,0.406437
7.627000000000001,0.53728
7.628000000000001,0.263703
7.629,0.278658
7.630000000000001,-0.052326
7.631,0.02002
7.632000000000001,-0.008597
7.633000000000001,0.167188
7.634,0.187061
7.635000000000001,0.176021
7.636000000000001,0.446091
7.637,0.302966
7.638000000000001,0.037723
7.639,0.088357
7.640000000000001,0.051453
7.641000000000001,0.008008
7.642,0.278243
7.643000000000001,0.316483
7.644000000000001,-0.209975
7.645,0.27665
7.646000000000001,0.317421
7.647,0.098392
7.648000000000001,0.369774
7.649000000000001,0.319998
7.65,-0.233256
7.651000000000001,-0.042949
7.652000000000001,0.027639
7.653,-0.136891
7.654000000000001,0.092607
7.655,-0.280499
7.656000000000001,-0.140751
7.657000000000001,-0.025665
7.658,0.155122
7.659000000000001,-0.140414
7.660000000000001,-0.188546
7.661,-0.016127
7.662000000000001,-0.217416
7.663,0.073762
7.664000000000001,0.312598
7.665000000000001,0.069324
7.666,-0.031172
7.667000000000001,0.087188
7.668000000000001,1.2e-05
7.669,-0.163465
7.670000000000001,0.205358
7.671,-0.020147
7.672000000000001,0.157131
7.673000000000001,-0.119195
7.674,0.065512
7.675000000000001,0.106567
7.676000000000001,0.007656
7.677,-0.130564
7.678000000000001,0.081603
7.679,0.028463
7.680000000000001,0.177968
7.681000000000001,0.093606
7.682,0.049107
7.683000000000001,0.076422
7.684000000000001,-0.141048
7.685,-0.038361
7.686000000000001,0.030652
7.687,0.358371
7.688000000000001,0.178978
7.689000000000001,0.059766
7.69,0.416493
7.691000000000001,-0.051633
7.692000000000001,0.21113
7.693,0.197673
7.694000000000001,-0.102905
7.695,0.191453
7.696000000000001,0.266122
7.697000000000001,-0.146166
7.698,0.133247
7.699000000000001,-0.083664
7.700000000000001,0.231522
7.701,0.08933
7.702000000000001,0.123203
7.703,0.066644
7.704000000000001,-0.002718
7.705000000000001,-0.09186
7.706,-0.180504
7.707000000000001,0.13557
7.708000000000001,0.007851
7.709,-0.03245
7.710000000000001,-0.261889
7.711,0.162279
7.712000000000001,-0.048031
7.713000000000001,-0.096731
7.714,0.05961
7.715000000000001,-0.311063
7.716,0.198813
7.717,0.302059
7.718000000000001,0.241661
7.719,0.21408
7.720000000000001,-4.9e-05
7.721000000000001,0.062887
7.722,0.10053
7.723000000000001,-0.11902
7.724,0.194362
7.725,-0.21815
7.726000000000001,-0.285302
7.727,0.364462
7.728000000000001,0.033792
7.729000000000001,-0.222846
7.73,-0.010959
7.731000000000001,-0.209764
7.732,-0.153938
7.733,-0.155923
7.734000000000001,-0.022747
7.735,0.165125
7.736000000000001,0.026812
7.737000000000001,-0.167653
7.738,-0.049482
7.739000000000001,0.354329
7.74,-0.171606
7.741,-0.116785
7.742000000000001,-0.145704
7.743,-0.342339
7.744000000000001,0.174212
7.745000000000001,-0.131248
7.746,0.008275
7.747000000000001,0.074984
7.748,0.197732
7.749,0.022597
7.750000000000001,0.014808
7.751,-0.095975
7.752000000000001,0.080302
7.753000000000001,-0.194913
7.754,-0.014778
7.755000000000001,-0.271226
7.756,-0.069809
7.757000000000001,0.076067
7.758000000000001,-0.157576
7.759,-0.109749
7.760000000000001,-0.049265
7.761000000000001,-0.157935
7.762,0.00014
7.763000000000001,-0.019793
7.764,0.185617
7.765000000000001,-0.271067
7.766000000000001,-0.10241
7.767,0.292487
7.768000000000001,0.344085
7.769000000000001,0.190232
7.77,0.11281
7.771000000000001,-0.132049
7.772,0.177147
7.773000000000001,-0.231585
7.774000000000001,-0.047535
7.775,0.300615
7.776000000000001,-0.033861
7.777000000000001,0.370912
7.778,-0.051146
7.779000000000001,-0.031059
7.78,-0.028098
7.781000000000001,-0.030644
7.782000000000001,0.128056
7.783,0.054783
7.784000000000001,0.313765
7.785000000000001,-0.294859
7.786,0.199355
7.787000000000001,-0.089073
7.788,0.074411
7.789000000000001,-0.127684
7.790000000000001,0.045716
7.791,-0.217475
7.792000000000001,0.100218
7.793000000000001,-0.143603
7.794,-0.214326
7.795000000000001,0.182978
7.796,-0.052188
7.797000000000001,0.256644
7.798000000000001,-0.160008
7.799,-0.200225
7.800000000000001,-0.135394
7.801000000000001,0.037708
7.802,0.110435
7.803000000000001,0.211095
7.804,0.436867
7.805000000000001,0.045663
7.806000000000001,-0.160957
7.807,0.120218
7.808000000000001,0.278082
7.809000000000001,-0.034512
7.81,-0.057118
7.811000000000001,-0.259156
7.812,-0.014604
7.813000000000001,0.05879
7.814000000000001,-0.543385
7.815,-0.106157
7.816000000000001,-0.293106
7.817000000000001,0.312407
7.818,0.102721
7.819000000000001,-0.504322
7.82,-0.078591
7.821000000000001,-0.304193
7.822000000000001,-0.114964
7.823,-0.08267
7.824000000000001,-0.148224
7.825000000000001,-0.113877
7.826,-0.125395
7.827000000000001,0.012538
7.828,0.070816
7.829000000000001,0.067713
7.830000000000001,0.201392
7.831,-0.244945
7.832000000000001,0.165618
7.833000000000001,0.108266
7.834,0.23903
7.835000000000001,0.031026
7.836,-0.033231
7.837000000000001,-0.091154
7.838000000000001,0.097267
7.839,-0.028601
7.840000000000001,-0.0967
7.841000000000001,0.145884
7.842,-0.12319
7.843000000000001,-0.130001
7.844,-0.163401
7.845000000000001,-0.022221
7.846000000000001,0.115899
7.847,0.151905
7.848000000000001,-0.008404
7.849,-0.118245
7.85,-0.056793
7.851000000000001,-0.15876
7.852,0.391757
7.853000000000001,0.020886
7.854000000000001,-0.047777
7.855,-0.175963
7.856000000000001,-0.150436
7.857,0.257868
7.858,-0.101736
7.859000000000001,-0.050746
7.86,0.230622
7.861000000000001,-0.166617
7.862000000000001,0.270331
7.863,0.154967
7.864000000000001,-0.013061
7.865,0.133801
7.866,-0.063525
7.867000000000001,0.425406
7.868,0.020473
7.869000000000001,0.055951
7.870000000000001,0.245978
7.871,0.216116
7.872000000000001,0.178385
7.873,0.340915
7.874,-0.100928
7.875000000000001,0.016871
7.876,0.126638
7.877000000000001,0.002841
7.878000000000001,0.00809
7.879,0.0022
7.880000000000001,0.185216
7.881,0.25529
7.882000000000001,-0.301661
7.883000000000001,-0.044284
7.884,-0.113323
7.885000000000001,0.064391
7.886000000000001,0.170014
7.887,0.002844
7.888000000000001,0.517768
7.889,0.041249
7.890000000000001,-0.001455
7.891000000000001,-0.055165
7.892,0.166798
7.893000000000001,-0.159307
7.894000000000001,0.292534
7.895,-0.061571
7.896000000000001,0.042937
7.897,-0.046782
7.898000000000001,0.129599
7.899000000000001,-0.363436
7.9,-0.042708
7.901000000000001,0.255955
7.902000000000001,-0.085572
7.903,0.032305
7.904000000000001,-0.084028
7.905,-0.097746
7.906000000000001,-0.302852
7.907000000000001,-0.219581
7.908,-0.148065
7.909000000000001,0.38758
7.910000000000001,0.276364
7.911,0.013379
7.912000000000001,0.074465
7.913,0.222169
7.914000000000001,0.077916
7.915000000000001,-0.121214
7.916,-0.285245
7.917000000000001,-0.111966
7.918000000000001,-0.017122
7.919,0.011958
7.920000000000001,0.478909
7.921,0.126019
7.922000000000001,-0.207147
7.923000000000001,-0.002208
7.924,0.091452
7.925000000000001,0.117309
7.926000000000001,-0.102481
7.927,-0.21961
7.928000000000001,0.21631
7.929,0.261064
7.930000000000001,-0.011489
7.931000000000001,0.018067
7.932,-0.259156
7.933000000000001,0.239428
7.934000000000001,0.070399
7.935,0.167615
7.936000000000001,0.338632
7.937,-0.175249
7.938000000000001,0.075129
7.939000000000001,-0.128993
7.94,0.261832
7.941000000000001,-0.085246
7.942000000000001,0.219049
7.943,-0.013393
7.944000000000001,-0.031096
7.945,0.078038
7.946000000000001,-0.057518
7.947000000000001,-0.132134
7.948,-0.149107
7.949000000000001,-0.183782
7.950000000000001,-0.222674
7.951,-0.339549
7.952000000000001,0.029632
7.953,0.140254
7.954000000000001,0.048408
7.955000000000001,-0.077994
7.956,-0.230684
7.957000000000001,0.10054
7.958000000000001,0.346423
7.959,-0.074195
7.960000000000001,-0.033922
7.961,-0.217218
7.962000000000001,0.077132
7.963000000000001,-0.040111
7.964,0.016494
7.965000000000001,0.083961
7.966000000000001,-0.117032
7.967,0.014112
7.968000000000001,0.337085
7.969,0.052843
7.970000000000001,-0.293256
7.971000000000001,-0.05554
7.972,-0.110912
7.973000000000001,0.07614
7.974000000000001,0.13061
7.975,0.011862
7.976000000000001,0.035575
7.977,-0.275778
7.978000000000001,0.454157
7.979000000000001,-0.066902
7.98,-0.103062
7.981000000000001,-0.185552
7.982000000000001,0.033314
7.983,0.171365
7.984000000000001,0.036959
7.985,0.259175
7.986000000000001,0.144749
7.987000000000001,0.262781
7.988,0.222402
7.989000000000001,-0.046553
7.99,-0.314837
7.991,-0.119956
7.992000000000001,0.014474
7.993,-0.034278
7.994000000000001,-0.184561
7.995000000000001,0.003416
7.996,-0.148428
7.997000000000001,0.06739
7.998,0.03184
7.999,-0.035711
8.0,-0.151374
8.001000000000001,-0.3275
8.002,-0.002353
8.003,0.115259
8.004000000000001,-0.060451
8.005,-0.005997
8.006,-0.176236
8.007000000000001,0.158815
8.008000000000001,-0.068818
8.009,0.087113
8.01,0.212489
8.011000000000001,0.056254
8.012,-0.047241
8.013,0.09548
8.014000000000001,-0.288484
8.015,-0.2735
8.016,0.165285
8.017000000000001,0.121368
8.018,-0.069846
8.019,-0.252709
8.020000000000001,-0.060999
8.021,-0.047311
8.022,0.006951
8.023000000000001,-0.03774
8.024000000000001,0.13231
8.025,-0.003731
8.026,0.115234
8.027000000000001,-0.108401
8.028,-0.063963
8.029,-0.330561
8.030000000000001,-0.232919
8.031,-0.120825
8.032,0.283
8.033000000000001,0.40875
8.034,0.414377
8.035,0.006355
8.036000000000001,0.240893
8.037,-0.14368
8.038,0.003887
8.039000000000001,0.077348
8.040000000000001,-0.154361
8.041,0.097497
8.042,0.098853
8.043000000000001,0.002376
8.044,-0.06157
8.045,0.099642
8.046000000000001,0.018127
8.047,-0.121287
8.048,0.125286
8.049000000000001,0.060117
8.05,-0.057796
8.051,-0.059543
8.052000000000001,0.156274
8.053,0.22742
8.054,0.101417
8.055000000000001,-0.055429
8.056000000000001,0.201364
8.057,0.302502
8.058,-0.086782
8.059000000000001,0.204506
8.06,-0.17723
8.061,0.234726
8.062000000000001,-0.129207
8.063,-0.134483
8.064,0.007978
8.065000000000001,0.277025
8.066,-0.004126
8.067,-0.281301
8.068000000000001,0.19986
8.069,-0.004555
8.07,-0.151492
8.071000000000002,0.190969
8.072000000000001,-0.015138
8.073,-0.04563
8.074,0.116368
8.075000000000001,0.13626
8.076,-0.230889
8.077,0.125536
8.078000000000001,-0.089408
8.079,-0.096981
8.08,0.041602
8.081000000000001,-0.259862
8.082,-0.107623
8.083,0.088257
8.084000000000001,-0.233862
8.085,0.322378
8.086,0.103456
8.087000000000002,-0.073086
8.088000000000001,-0.163615
8.089,0.014827
8.09,0.05374
8.091000000000001,-0.162724
8.092,-0.128313
8.093,0.1844
8.094000000000001,-0.218685
8.095,-0.150117
8.096,0.487172
8.097000000000001,0.329558
8.098,0.188351
8.099,0.307015
8.100000000000001,0.29016
8.101,0.022623
8.102,0.147625
8.103000000000002,0.032905
8.104000000000001,0.076013
8.105,0.000934
8.106,-0.144056
8.107000000000001,-0.18913
8.108,0.031424
8.109,0.317693
8.110000000000001,0.29812
8.111,0.004144
8.112,-0.005465
8.113000000000001,-0.062138
8.114,0.145958
8.115,0.009695
8.116000000000001,0.010361
8.117,0.001024
8.118,0.303991
8.119000000000002,0.035026
8.120000000000001,0.124263
8.121,0.06589
8.122,0.204066
8.123000000000001,0.22103
8.124,-0.073297
8.125,0.453852
8.126000000000001,0.110992
8.127,0.115479
8.128,-0.035047
8.129000000000001,0.088568
8.13,0.408606
8.131,-0.02746
8.132000000000001,-0.314429
8.133000000000001,0.259429
8.134,-0.219171
8.135,-0.018395
8.136000000000001,0.093721
8.137,0.283651
8.138,0.051144
8.139000000000001,-0.337011
8.14,0.236432
8.141,-0.034965
8.142000000000001,-0.07819
8.143,-0.246716
8.144,0.262909
8.145000000000001,-0.030757
8.146,0.13053
8.147,-0.062205
8.148000000000001,-0.243956
8.149000000000001,0.344384
8.15,0.162728
8.151,0.274636
8.152000000000001,0.153621
8.153,0.139804
8.154,-0.101187
8.155000000000001,-0.327386
8.156,0.209652
8.157,-0.051077
8.158000000000001,-0.094152
8.159,0.243623
8.16,0.149369
8.161000000000001,0.091343
8.162,0.071767
8.163,-0.133889
8.164000000000001,-0.171991
8.165000000000001,-0.109754
8.166,0.130263
8.167,0.251543
8.168000000000001,-0.102768
8.169,0.078593
8.17,-0.288464
8.171000000000001,-0.421789
8.172,-0.067828
8.173,-0.029617
8.174000000000001,0.447087
8.175,-0.180353
8.176,0.283228
8.177000000000001,0.090847
8.178,0.001986
8.179,0.502697
8.180000000000001,0.139048
8.181000000000001,0.338832
8.182,-0.039134
8.183,0.061875
8.184000000000001,-0.299568
8.185,-0.138758
8.186,-0.007583
8.187000000000001,-0.057904
8.188,0.12468
8.189,-0.034927
8.190000000000001,0.328856
8.191,0.120663
8.192,0.377565
8.193000000000001,0.088489
8.194,-0.043196
8.195,-0.242267
8.196000000000002,-0.2098
8.197000000000001,0.083284
8.198,-0.045386
8.199,0.11991
8.200000000000001,0.204315
8.201,0.383891
8.202,0.061672
8.203000000000001,-0.05382
8.204,0.002844
8.205,0.119189
8.206000000000001,0.011433
8.207,0.168718
8.208,0.041881
8.209000000000001,0.399453
8.21,0.100802
8.211,-0.119662
8.212000000000002,0.148442
8.213000000000001,-0.039469
8.214,0.076524
8.215,0.008052
8.216000000000001,0.061526
8.217,-0.038104
8.218,-0.142964
8.219000000000001,-0.422565
8.22,-0.182798
8.221,0.215972
8.222000000000001,0.214259
8.223,-0.061906
8.224,0.101112
8.225000000000001,-0.319215
8.226,-0.242844
8.227,0.016821
8.228000000000002,-0.009981
8.229000000000001,-0.169197
8.23,-0.146078
8.231,-0.29653
8.232000000000001,-0.341357
8.233,0.110005
8.234,0.295613
8.235000000000001,0.100321
8.236,0.001564
8.237,0.14342
8.238000000000001,0.13477
8.239,-0.09064
8.24,0.050155
8.241000000000001,0.292173
8.242,-0.049021
8.243,0.351341
8.244000000000002,-0.011122
8.245000000000001,0.253237
8.246,0.010073
8.247,0.050552
8.248000000000001,0.065206
8.249,-0.172
8.25,0.146617
8.251000000000001,0.183061
8.252,0.110992
8.253,0.13099
8.254000000000001,0.080526
8.255,-0.067925
8.256,-0.052542
8.257000000000001,-0.123643
8.258000000000001,-0.306898
8.259,0.115823
8.260000000000002,0.105092
8.261000000000001,0.098747
8.262,-0.113329
8.263,0.008095
8.264000000000001,-0.22827
8.265,-0.152639
8.266,-0.326692
8.267000000000001,-0.199464
8.268,0.159439
8.269,0.146133
8.270000000000001,0.316415
8.271,0.491362
8.272,0.223996
8.273000000000001,0.021998
8.274000000000001,0.001758
8.275,0.015984
8.276,-0.260296
8.277000000000001,0.007332
8.278,-0.269325
8.279,-0.004865
8.280000000000001,0.00149
8.281,0.077266
8.282,-0.082009
8.283000000000001,-0.149179
8.284,0.101393
8.285,0.117054
8.286000000000001,0.210041
8.287,-0.006129
8.288,-0.170024
8.289000000000001,0.021742
8.290000000000001,-0.179576
8.291,-0.217603
8.292,-0.275655
8.293000000000001,-0.507619
8.294,0.032163
8.295,0.095376
8.296000000000001,0.402718
8.297,0.230026
8.298,-0.140322
8.299000000000001,-0.122504
8.3,0.032659
8.301,-0.029507
8.302000000000001,0.142954
8.303,0.077465
8.304,0.2528
8.305000000000001,-0.17363
8.306000000000001,-0.029964
8.307,0.17587
8.308,0.113925
8.309000000000001,0.178627
8.31,-0.299658
8.311,0.38829
8.312000000000001,-0.055907
8.313,-0.066966
8.314,-0.164492
8.315000000000001,0.134468
8.316,-0.057712
8.317,0.017648
8.318000000000001,0.421208
8.319,0.274048
8.32,-0.254823
8.321000000000002,0.237401
8.322000000000001,0.23037
8.323,-0.118746
8.324,0.285334
8.325000000000001,-0.066876
8.326,0.11975
8.327,0.126142
8.328000000000001,0.187496
8.329,-0.114212
8.33,-0.002839
8.331000000000001,0.590438
8.332,0.078939
8.333,-0.32067
8.334000000000001,0.212899
8.335,-0.270784
8.336,-0.416238
8.337000000000002,-0.07862
8.338000000000001,0.065629
8.339,0.164032
8.34,-0.199608
8.341000000000001,0.007391
8.342,0.139971
8.343,0.147413
8.344000000000001,-0.096257
8.345,0.03028
8.346,0.23831
8.347000000000001,0.34686
8.348,-0.095909
8.349,0.317002
8.350000000000001,0.04562
8.351,-0.110839
8.352,-0.363654
8.353000000000002,0.203281
8.354000000000001,-0.026673
8.355,0.243366
8.356,0.251348
8.357000000000001,0.411206
8.358,0.212287
8.359,-0.071283
8.360000000000001,-0.128318
8.361,-0.055351
8.362,-0.015495
8.363000000000001,-0.065266
8.364,0.345488
8.365,0.135304
8.366000000000001,-0.058968
8.367,0.02002
8.368,0.032339
8.369000000000002,0.003173
8.370000000000001,-0.056387
8.371,-0.494424
8.372,-0.213627
8.373000000000001,0.005292
8.374,0.087353
8.375,-0.134996
8.376000000000001,0.234587
8.377,0.29276
8.378,0.32639
8.379000000000001,0.360503
8.38,0.136922
8.381,0.121166
8.382000000000001,0.001264
8.383000000000001,0.034717
8.384,0.135999
8.385000000000002,0.091342
8.386000000000001,-0.156382
8.387,-0.314769
8.388,0.235896
8.389000000000001,0.204791
8.39,-0.024004
8.391,-0.074692
8.392000000000001,-0.107308
8.393,0.19484
8.394,0.135511
8.395000000000001,0.089107
8.396,0.200659
8.397,0.079267
8.398000000000001,-0.214416
8.399000000000001,0.220807
8.4,0.063383
8.401,-0.301177
8.402000000000001,0.215671
8.403,-0.022864
8.404,0.083695
8.405000000000001,-0.085358
8.406,-0.307514
8.407,0.054084
8.408000000000001,-0.142432
8.409,-0.186879
8.41,0.373786
8.411000000000001,0.016805
8.412,0.283368
8.413,0.183396
8.414000000000001,0.023098
8.415000000000001,0.093564
8.416,0.130545
8.417,0.1384
8.418000000000001,0.331942
8.419,0.25007
8.42,0.197356
8.421000000000001,0.048505
8.422,0.094244
8.423,0.058783
8.424000000000001,0.330981
8.425,-0.020893
8.426,0.11314
8.427000000000001,0.06546
8.428,0.075086
8.429,-0.304373
8.430000000000001,0.189614
8.431000000000001,-0.051146
8.432,0.116167
8.433,0.179217
8.434000000000001,-0.058116
8.435,0.00942
8.436,-0.01728
8.437000000000001,0.180191
8.438,0.090342
8.439,0.18975
8.440000000000001,0.036153
8.441,-0.20568
8.442,-0.326549
8.443000000000001,0.15374
8.444,-0.114531
8.445,0.192737
8.446000000000002,0.043369
8.447000000000001,0.156184
8.448,0.259912
8.449,0.102708
8.450000000000001,0.153603
8.451,-0.553866
8.452,-0.050034
8.453000000000001,-0.09686
8.454,0.109204
8.455,-0.377126
8.456000000000001,-0.24285
8.457,0.195591
8.458,0.083448
8.459000000000001,-0.051363
8.46,-0.137202
8.461,0.158895
8.462000000000002,0.276364
8.463000000000001,0.352979
8.464,0.182921
8.465,-0.044995
8.466000000000001,0.145688
8.467,-0.092735
8.468,-0.044903
8.469000000000001,-0.231053
8.47,-0.008231
8.471,0.08328
8.472000000000001,0.253809
8.473,-0.141859
8.474,0.132758
8.475000000000001,0.110463
8.476,0.172635
8.477,0.278963
8.478000000000002,-0.061871
8.479000000000001,-0.205796
8.48,0.023283
8.481,0.013684
8.482000000000001,0.084158
8.483,-0.093149
8.484,0.136737
8.485000000000001,0.329832
8.486,0.360053
8.487,-0.187972
8.488000000000001,0.275304
8.489,0.32414
8.49,0.142954
8.491000000000001,0.275048
8.492,0.225192
8.493,0.182789
8.494000000000002,0.121067
8.495000000000001,-0.061303
8.496,-0.098573
8.497,-0.095895
8.498000000000001,-0.006386
8.499,0.21257
8.5,-0.230837
8.501000000000001,0.091632
8.502,-0.135787
8.503,0.484999
8.504000000000001,0.386675
8.505,0.428591
8.506,0.018643
8.507000000000001,-0.427122
8.508000000000001,-0.069121
8.509,0.015726
8.510000000000002,0.178729
8.511000000000001,0.002084
8.512,0.282634
8.513,0.033159
8.514000000000001,-0.086476
8.515,0.216932
8.516,0.375542
8.517000000000001,-0.052463
8.518,0.317426
8.519,0.074781
8.520000000000001,0.028662
8.521,0.004379
8.522,-0.027033
8.523000000000001,0.094982
8.524000000000001,0.177656
8.525,-0.184357
8.526000000000002,0.261763
8.527000000000001,-0.065428
8.528,-0.019079
8.529,-0.044044
8.530000000000001,0.146843
8.531,-0.031651
8.532,0.066991
8.533000000000001,0.161904
8.534,0.14538
8.535,-0.10289
8.536000000000001,-0.070038
8.537,0.261589
8.538,0.429024
8.539000000000001,0.331482
8.540000000000001,0.253166
8.541,0.320194
8.542,0.230486
8.543000000000001,0.042269
8.544,0.101944
8.545,0.25046
8.546000000000001,-0.015973
8.547,-0.28289
8.548,0.251903
8.549000000000001,0.281992
8.55,0.1542
8.551,0.134091
8.552000000000001,0.206029
8.553,0.297905
8.554,-0.034165
8.555000000000001,0.104822
8.556000000000001,-0.336662
8.557,0.428475
8.558,-0.054386
8.559000000000001,0.214631
8.56,0.153096
8.561,0.214151
8.562000000000001,-0.245992
8.563,-0.069288
8.564,0.169903
8.565000000000001,0.21462
8.566,-0.150199
8.567,0.375992
8.568000000000001,0.315682
8.569,0.083284
8.57,0.183924
8.571000000000002,0.043017
8.572000000000001,0.048455
8.573,-0.014426
8.574,-0.122914
8.575000000000001,0.18766
8.576,0.24411
8.577,-0.267721
8.578000000000001,-0.181818
8.579,0.059009
8.58,0.28167
8.581000000000001,-0.018672
8.582,0.039594
8.583,-0.04218
8.584000000000001,0.325339
8.585,-0.265034
8.586,-0.267772
8.587000000000002,0.466543
8.588000000000001,0.068797
8.589,0.013801
8.59,0.350517
8.591000000000001,0.184324
8.592,0.246162
8.593,0.029111
8.594000000000001,-0.084935
8.595,0.028503
8.596,0.053177
8.597000000000001,0.302322
8.598,-0.119429
8.599,0.057681
8.600000000000001,0.069512
8.601,0.221729
8.602,0.162902
8.603000000000002,0.133836
8.604000000000001,0.05723
8.605,0.148339
8.606,-0.00213
8.607000000000001,0.019752
8.608,0.305293
8.609,0.079684
8.610000000000001,0.353437
8.611,0.287149
8.612,0.03529
8.613000000000001,-0.006
8.614,0.197926
8.615,-0.201782
8.616000000000001,0.415827
8.617,0.242931
8.618,0.003647
8.619000000000002,0.274418
8.620000000000001,0.251814
8.621,0.25274
8.622,0.029999
8.623000000000001,0.463034
8.624,0.08898
8.625,0.091749
8.626000000000001,-0.10539
8.627,0.106683
8.628,0.042937
8.629000000000001,0.0606
8.63,0.221028
8.631,-0.028051
8.632000000000001,0.162804
8.633000000000001,0.035578
8.634,-0.053155
8.635000000000002,-0.033134
8.636000000000001,0.443462
8.637,-0.23243
8.638,-0.002588
8.639000000000001,-0.154686
8.64,0.086632
8.641,0.133865
8.642000000000001,0.085293
8.643,0.432174
8.644,0.056708
8.645000000000001,0.145445
8.646,-0.139917
8.647,0.18885
8.648000000000001,0.216719
8.649000000000001,0.195531
8.65,-0.021478
8.651000000000002,-0.212122
8.652000000000001,-0.227274
8.653,-0.122879
8.654,0.088254
8.655000000000001,0.037905
8.656,0.29924
8.657,0.329191
8.658000000000001,-0.061838
8.659,0.222969
8.66,0.262458
8.661000000000001,0.085862
8.662,-0.048449
8.663,0.294083
8.664000000000001,0.180895
8.665000000000001,0.14321
8.666,0.099161
8.667000000000002,0.108795
8.668000000000001,0.083585
8.669,0.540224
8.67,0.206084
8.671000000000001,0.23989
8.672,0.258419
8.673,0.095677
8.674000000000001,0.108609
8.675,0.163199
8.676,-0.050566
8.677000000000001,-0.0571
8.678,0.231352
8.679,0.090014
8.680000000000001,0.588144
8.681000000000001,0.069378
8.682,0.101569
8.683,-0.137585
8.684000000000001,0.168945
8.685,0.147203
8.686,0.394423
8.687000000000001,0.01934
8.688,0.203456
8.689,0.008777
8.690000000000001,0.376975
8.691,0.053276
8.692,-0.120825
8.693000000000001,0.145188
8.694,-0.118571
8.695,-0.075127
8.696000000000002,0.152247
8.697000000000001,0.353766
8.698,-0.026037
8.699,-0.054733
8.700000000000001,-0.07452
8.701,-0.041602
8.702,0.047035
8.703000000000001,0.230017
8.704,0.202741
8.705,0.118712
8.706000000000001,0.272604
8.707,0.133024
8.708,0.0168
8.709000000000001,0.493735
8.71,-0.067388
8.711,0.128923
8.712000000000002,0.080621
8.713000000000001,0.179047
8.714,0.255726
8.715,0.322455
8.716000000000001,-0.083836
8.717,0.289263
8.718,0.181745
8.719000000000001,-0.248801
8.72,0.064261
8.721,0.026719
8.722000000000001,-0.015167
8.723,0.251428
8.724,0.549053
8.725000000000001,-0.025742
8.726,0.072029
8.727,0.216818
8.728000000000002,0.307002
8.729000000000001,-0.045819
8.73,0.381395
8.731,-0.006417
8.732000000000001,0.066712
8.733,-0.112586
8.734,0.092085
8.735000000000001,0.211515
8.736,0.096076
8.737,-0.059601
8.738000000000001,0.179524
8.739,-0.111507
8.74,0.188888
8.741000000000001,0.0077
8.742,0.081146
8.743,0.208248
8.744000000000002,-0.430219
8.745000000000001,0.231962
8.746,0.187996
8.747,0.255613
8.748000000000001,0.111406
8.749,-0.084772
8.75,-0.089588
8.751000000000001,-0.079234
8.752,0.152978
8.753,-0.054229
8.754000000000001,-0.110819
8.755,0.111936
8.756,0.361418
8.757000000000001,0.062636
8.758000000000001,-0.16186
8.759,-0.147019
8.760000000000002,-0.186281
8.761000000000001,0.165365
8.762,0.106796
8.763,0.05886
8.764000000000001,0.063801
8.765,0.293822
8.766,0.554017
8.767000000000001,-0.064062
8.768,0.117944
8.769,-0.083776
8.770000000000001,-0.000623
8.771,0.112026
8.772,-0.280507
8.773000000000001,0.184078
8.774000000000001,-0.087823
8.775,-0.212619
8.776000000000002,0.072084
8.777000000000001,-0.211125
8.778,0.32067
8.779,0.282916
8.780000000000001,0.172526
8.781,0.219398
8.782,0.089272
8.783000000000001,-0.044961
8.784,-0.044893
8.785,0.166552
8.786000000000001,0.094755
8.787,0.219344
8.788,-0.179699
8.789000000000001,0.244305
8.790000000000001,0.014655
8.791,-0.028032
8.792000000000002,0.281872
8.793000000000001,0.249988
8.794,-0.043091
8.795,0.155355
8.796000000000001,0.196435
8.797,0.687836
8.798,-0.08219
8.799000000000001,0.18736
8.8,0.033
8.801,-0.185464
8.802000000000001,0.067147
8.803,0.4153
8.804,0.069284
8.805000000000001,-0.008231
8.806000000000001,0.093813
8.807,0.453021
8.808000000000002,0.346966
8.809000000000001,0.28486
8.81,0.304445
8.811,-0.032742
8.812000000000001,-0.069942
8.813,0.200297
8.814,-0.015018
8.815000000000001,-0.212506
8.816,-0.010491
8.817,-0.036643
8.818000000000001,0.274323
8.819,-0.084118
8.82,0.016896
8.821000000000002,0.080013
8.822000000000001,0.017976
8.823,0.048172
8.824,-0.017718
8.825000000000001,0.087609
8.826,-0.220753
8.827,0.151548
8.828000000000001,-0.068022
8.829,0.14944
8.83,0.142056
8.831000000000001,0.047574
8.832,0.12657
8.833,0.321301
8.834000000000001,0.008247
8.835,0.28501
8.836,0.240125
8.837000000000002,0.310714
8.838000000000001,0.143506
8.839,0.18084
8.84,-0.105126
8.841000000000001,0.291676
8.842,-0.167295
8.843,0.24268
8.844000000000001,0.170802
8.845,-0.083354
8.846,0.115079
8.847000000000001,-0.00994
8.848,-0.290908
8.849,0.155035
8.850000000000001,0.28101
8.851,0.046381
8.852,0.03112
8.853000000000002,0.097267
8.854000000000001,0.042318
8.855,0.314797
8.856,0.093211
8.857000000000001,0.013627
8.858,0.262823
8.859,0.386001
8.860000000000001,0.365315
8.861,-0.106821
8.862,-0.40615
8.863000000000001,0.20102
8.864,-0.351343
8.865,0.156872
8.866000000000001,-0.179664
8.867,-0.087867
8.868,-0.058653
8.869000000000002,0.285318
8.870000000000001,-0.055248
8.871,-0.167917
8.872,0.077358
8.873000000000001,0.277873
8.874,-0.48949
8.875,0.047198
8.876000000000001,-0.001234
8.877,0.14767
8.878,-0.027522
8.879000000000001,0.019521
8.88,0.010915
8.881,0.47945
8.882000000000001,0.065421
8.883000000000001,0.331927
8.884,0.170801
8.885000000000002,0.493252
8.886000000000001,-0.103105
8.887,0.187192
8.888,0.110759
8.889000000000001,-0.07454
8.89,-0.255046
8.891,-0.114911
8.892000000000001,0.154008
8.893,-0.091716
8.894,-0.098133
8.895000000000001,-0.231131
8.896,-0.545506
8.897,-0.021462
8.898000000000001,-0.392504
8.899000000000001,-0.048116
8.9,0.391665
8.901000000000002,0.222105
8.902000000000001,0.264812
8.903,0.00239
8.904,-0.023482
8.905000000000001,-0.223996
8.906,0.162795
8.907,0.054759
8.908000000000001,-0.010302
8.909,0.149081
8.91,-0.006862
8.911000000000001,0.108308
8.912,0.103384
8.913,0.230254
8.914000000000001,0.183073
8.915000000000001,-0.017958
8.916,-0.087235
8.917000000000002,-0.092072
8.918000000000001,-0.206953
8.919,0.031651
8.92,0.235741
8.921000000000001,0.377211
8.922,-0.094721
8.923,0.249816
8.924000000000001,0.028556
8.925,0.250008
8.926,0.18938
8.927000000000001,-0.043254
8.928,0.045639
8.929,0.28577
8.930000000000001,0.194469
8.931000000000001,-0.076467
8.932,0.09007
8.933000000000002,-0.022194
8.934000000000001,0.267886
8.935,0.414098
8.936,0.086803
8.937000000000001,0.434235
8.938,0.108912
8.939,0.502302
8.940000000000001,-0.039819
8.941,0.044779
8.942,0.112992
8.943000000000001,-0.081178
8.944,0.116691
8.945,-0.123806
8.946000000000002,0.241116
8.947000000000001,-0.257791
8.948,-0.098593
8.949000000000002,0.165739
8.950000000000001,-0.023375
8.951,-0.213575
8.952,0.021871
8.953000000000001,0.140403
8.954,0.151656
8.955,0.233029
8.956000000000001,0.246414
8.957,0.149862
8.958,-0.215704
8.959000000000001,-0.192448
8.96,0.27394
8.961,0.338137
8.962000000000002,-0.116813
8.963000000000001,-0.038416
8.964,0.139484
8.965,0.312418
8.966000000000001,0.093383
8.967,0.289998
8.968,0.2325
8.969000000000001,0.413331
8.97,0.108425
8.971,0.372276
8.972000000000001,0.29359
8.973,0.072969
8.974,0.083284
8.975000000000001,0.004963
8.976,0.035363
8.977,0.090547
8.978000000000002,0.15156
8.979000000000001,0.293951
8.98,0.108865
8.981,-0.065759
8.982000000000001,0.491503
8.983,-0.08211
8.984,0.153571
8.985000000000001,0.163915
8.986,-0.155138
8.987,0.012224
8.988000000000001,0.212331
8.989,0.378527
8.99,0.094233
8.991000000000001,0.157874
8.992,0.188099
8.993,0.206767
8.994000000000002,0.199504
8.995000000000001,0.253543
8.996,-0.107652
8.997,-0.244815
8.998000000000001,0.10419
8.999,0.34247
9.0,0.266965
9.001000000000001,0.3396
9.002,-0.022501
9.003,-0.023443
9.004000000000001,-0.340545
9.005,0.437759
9.006,-0.067374
9.007000000000001,0.139749
9.008,0.281697
9.009,0.088483
9.010000000000002,0.072975
9.011,0.2743
9.012,0.47663
9.013,-0.085709
9.014,-0.378167
9.015,-0.023231
9.016,-0.272608
9.017,-0.192441
9.018,-0.132192
9.019,-0.185749
9.02,0.178732
9.021,0.261649
9.022,-0.22492
9.023,0.19194
9.024,0.270785
9.025,0.052601
9.026000000000002,-0.023754
9.027,-0.187556
9.028,-0.086303
9.029,0.210495
9.03,0.028102
9.031,-0.070224
9.032,0.242334
9.033,-0.266093
9.034,-0.261315
9.035,0.115457
9.036,-0.090327
9.037,0.262649
9.038,-0.025792
9.039,-0.007366
9.04,0.040817
9.041,0.162848
9.042000000000002,-0.159457
9.043,-0.108671
9.044,-0.036008
9.045,-0.547237
9.046,0.130025
9.047,0.085016
9.048,0.08396
9.049,0.043882
9.05,-0.13772
9.051,0.195758
9.052,0.476965
9.053,0.119316
9.054,-0.040403
9.055,0.177532
9.056,0.179868
9.057,-0.069815
9.058000000000002,0.196473
9.059,0.054236
9.06,0.366708
9.061,0.094119
9.062,-0.057609
9.063,0.226063
9.064,0.221592
9.065,0.18277
9.066,-0.022835
9.067,0.031991
9.068,-0.053372
9.069,0.237862
9.07,-0.290814
9.071000000000002,-0.21222
9.072,0.126568
9.073,-0.213683
9.074000000000002,-0.042303
9.075,0.188731
9.076,-0.063528
9.077,-0.029659
9.078,0.231011
9.079,-0.187944
9.08,-0.349309
9.081,-0.126887
9.082,0.081638
9.083,0.022621
9.084,0.144478
9.085,0.157032
9.086,-0.27096
9.087000000000002,-0.01819
9.088,0.104795
9.089,0.079486
9.09,-0.157004
9.091,-0.084156
9.092,-0.027307
9.093,-0.122262
9.094,-0.06479
9.095,0.036805
9.096,-0.164568
9.097,0.036035
9.098,-0.045867
9.099,0.098725
9.1,0.126752
9.101,0.117812
9.102,-0.126351
9.103000000000002,0.137663
9.104,0.202885
9.105,-0.094891
9.106,0.097552
9.107,0.458813
9.108,0.061378
9.109,-0.109749
9.11,-0.283692
9.111,-0.072119
9.112,0.18055
9.113,-0.001263
9.114,0.4604
9.115,0.46485
9.116,0.184642
9.117,0.13977
9.118,-0.124024
9.119000000000002,-0.083717
9.12,0.230461
9.121,0.218429
9.122,0.330346
9.123,0.074659
9.124,0.000329
9.125,-0.079085
9.126,0.223122
9.127,0.165127
9.128,0.022447
9.129,0.231219
9.13,0.006182
9.131,0.292734
9.132,0.05515
9.133,0.084641
9.134,0.419241
9.135000000000002,0.494432
9.136,0.157976
9.137,0.023361
9.138,0.11417
9.139,-0.230168
9.14,-0.099396
9.141,-0.068108
9.142,0.298862
9.143,0.077895
9.144,0.250712
9.145,-0.041453
9.146,-0.046327
9.147,0.188693
9.148,0.138015
9.149,0.278522
9.15,-0.111612
9.151000000000002,0.163715
9.152,0.103646
9.153,0.168694
9.154,0.210658
9.155,-0.166285
9.156,-0.115527
9.157,-0.114288
9.158,0.23081
9.159,0.388391
9.16,-0.427203
9.161,0.088398
9.162,-0.040414
9.163,0.00237
9.164,-0.021829
9.165,0.248548
9.166,0.043126
9.167000000000002,0.054591
9.168,0.174893
9.169,0.281226
9.17,-0.252262
9.171,0.356285
9.172,0.485401
9.173,-0.123812
9.174,0.228959
9.175,0.189382
9.176,0.152865
9.177,0.079158
9.178,0.155528
9.179,0.118242
9.18,0.254969
9.181,0.227215
9.182,0.492589
9.183000000000002,0.015297
9.184,0.397982
9.185,0.101206
9.186,-0.04621
9.187,0.220999
9.188,0.069366
9.189,0.006107
9.19,-0.009076
9.191,-0.366115
9.192,0.018386
9.193,0.276445
9.194,-0.168536
9.195,0.107572
9.196000000000002,-0.16908
9.197,-0.397079
9.198,-0.057216
9.199000000000002,0.454492
9.2,0.281869
9.201,0.130393
9.202,0.0738
9.203,0.204529
9.204,0.040331
9.205,-0.103462
9.206,-0.10954
9.207,-0.067653
9.208,0.109234
9.209,-0.138682
9.21,0.149655
9.211,0.046873
9.212000000000002,-0.198014
9.213,-0.056299
9.214,-0.075598
9.215000000000002,0.157373
9.216,-0.223208
9.217,-0.102074
9.218,0.178495
9.219,0.128436
9.22,0.159496
9.221,-0.136212
9.222,0.067013
9.223,-0.407037
9.224,-0.202032
9.225,0.045478
9.226,0.180306
9.227,-0.160359
9.228000000000002,0.119594
9.229,0.430256
9.23,0.01706
9.231,0.010047
9.232,0.447516
9.233,0.21607
9.234,0.028896
9.235,-0.106699
9.236,0.0242
9.237,0.432624
9.238,-0.146736
9.239,-0.114543
9.24,0.176162
9.241,-0.046981
9.242,-0.231905
9.243,0.093987
9.244000000000002,0.018578
9.245,0.073489
9.246,0.220124
9.247,-0.254578
9.248,0.145906
9.249,-0.184883
9.25,0.059279
9.251,0.01002
9.252,0.181431
9.253,0.179954
9.254,-0.107537
9.255,0.056156
9.256,0.560368
9.257,-0.029883
9.258,0.233559
9.259,0.213389
9.260000000000002,0.151317
9.261,0.144964
9.262,-0.15783
9.263,0.038641
9.264,0.030244
9.265,0.282777
9.266,0.055642
9.267,0.046037
9.268,-0.01712
9.269,0.144662
9.27,0.045115
9.271,0.11628
9.272,0.302541
9.273,-0.049144
9.274,0.378861
9.275,-0.039874
9.276000000000002,0.041029
9.277,0.216642
9.278,-0.296378
9.279,-0.045191
9.28,0.213145
9.281,0.217707
9.282,0.183315
9.283,0.143447
9.284,0.180114
9.285,0.071716
9.286,0.227762
9.287,-0.074759
9.288,0.089341
9.289,0.09653
9.29,-0.244968
9.291,0.162127
9.292000000000002,0.073177
9.293,0.107071
9.294,0.293039
9.295,-0.036588
9.296,-0.048046
9.297,-0.0959
9.298,-0.244825
9.299,0.040885
9.3,-0.099799
9.301,-0.226652
9.302,-0.098584
9.303,0.188494
9.304,-0.192475
9.305,0.023236
9.306,-7e-05
9.307,-0.126042
9.308000000000002,-0.199303
9.309,0.284701
9.31,0.11935
9.311,-0.035934
9.312,-0.012181
9.313,0.301324
9.314,-0.027685
9.315,0.299098
9.316,0.036542
9.317,-0.154957
9.318,0.147559
9.319,0.101275
9.32,0.071873
9.321000000000002,-0.138176
9.322,0.08073
9.323,0.134824
9.324000000000002,-0.023403
9.325,-0.083764
9.326,0.15219
9.327,0.060077
9.328,-0.088516
9.329,-0.108145
9.33,0.1967
9.331,0.182154
9.332,-0.355949
9.333,0.529646
9.334,-0.027009
9.335,-0.15486
9.336,-0.031294
9.337000000000002,0.045185
9.338,0.238776
9.339,0.274773
9.340000000000002,0.28516
9.341,0.009955
9.342,0.121708
9.343,0.075086
9.344,-0.133157
9.345,-0.020449
9.346,0.369785
9.347,-0.086705
9.348,-0.133281
9.349,0.325577
9.35,-0.058383
9.351,0.158462
9.352,0.013513
9.353000000000002,0.100758
9.354,-0.028905
9.355,0.078057
9.356000000000002,-0.305223
9.357,-0.06323
9.358,-0.190077
9.359,-0.019361
9.36,0.05511
9.361,0.237793
9.362,-0.048672
9.363,-0.071313
9.364,-0.389398
9.365,-0.021155
9.366,0.357836
9.367,0.00166
9.368,0.013156
9.369000000000002,0.259093
9.37,-0.274124
9.371,0.089791
9.372,0.126693
9.373,0.119808
9.374,-0.588076
9.375,0.204436
9.376,0.053677
9.377,-0.13908
9.378,0.318367
9.379,0.007877
9.38,-0.071377
9.381,0.221718
9.382,-0.054673
9.383,0.067637
9.384,0.008446
9.385000000000002,-0.127215
9.386,-0.01708
9.387,-0.004655
9.388,0.138558
9.389,-0.137923
9.39,0.027
9.391,0.102945
9.392,-0.253441
9.393,-0.306916
9.394,0.148623
9.395,0.244017
9.396,0.225431
9.397,-0.11252
9.398,0.003373
9.399,-0.084636
9.4,0.27239
9.401000000000002,-0.1235
9.402,-0.250455
9.403,0.2035
9.404,0.175914
9.405,0.252708
9.406,0.150825
9.407,-0.424917
9.408,0.157535
9.409,-0.00685
9.41,-0.102399
9.411,-0.127532
9.412,0.013825
9.413,-0.01337
9.414,-0.077366
9.415,0.023951
9.416,0.299607
9.417000000000002,0.247445
9.418,-0.166063
9.419,-0.375304
9.42,-0.253298
9.421,-0.015207
9.422,-0.021225
9.423,-0.426105
9.424,0.148759
9.425,-0.215776
9.426,-0.011678
9.427,0.165831
9.428,-0.00595
9.429,-0.028184
9.43,0.469402
9.431,0.193445
9.432,0.093038
9.433000000000002,-0.06995
9.434,0.292743
9.435,-0.060594
9.436,0.394786
9.437,-0.112535
9.438,-0.032768
9.439,0.065854
9.44,0.274935
9.441,-0.02048
9.442,-0.248214
9.443,0.092663
9.444,0.13083
9.445,-0.064644
9.446000000000002,0.014587
9.447,0.066154
9.448,-0.080117
9.449000000000002,0.162487
9.45,0.031664
9.451,-0.175769
9.452,-0.10522
9.453,-0.025132
9.454,0.283717
9.455,0.192372
9.456,0.246939
9.457,-0.068962
9.458,0.088955
9.459,-0.003939
9.46,0.039606
9.461,-0.209557
9.462000000000002,0.029394
9.463,0.002624
9.464,0.159563
9.465000000000002,0.223767
9.466,0.170171
9.467,0.166515
9.468,0.369607
9.469,0.169396
9.47,-0.132227
9.471,-0.296473
9.472,-0.230294
9.473,-0.114518
9.474,-0.093181
9.475,0.173527
9.476,0.139844
9.477,0.209765
9.478000000000002,0.106703
9.479,0.24855
9.48,0.150415
9.481000000000002,-0.106059
9.482,0.357625
9.483,0.09496
9.484,0.072939
9.485,0.096871
9.486,0.404022
9.487,-0.03636
9.488,-0.277291
9.489,0.422485
9.49,0.467807
9.491,-0.095722
9.492,0.020978
9.493,-0.180137
9.494000000000002,0.118611
9.495,0.067068
9.496,-0.287694
9.497000000000002,-0.081242
9.498,0.239675
9.499,0.198988
9.5,0.188606
9.501,-0.167384
9.502,0.313042
9.503,-0.288533
9.504,0.161759
9.505,0.272616
9.506,0.307446
9.507,0.274198
9.508,0.101648
9.509,0.065156
9.510000000000002,0.025977
9.511,0.026295
9.512,0.162146
9.513,0.057476
9.514,0.305499
9.515,0.483332
9.516,0.039288
9.517,0.076154
9.518,-0.14423
9.519,0.085959
9.52,0.060329
9.521,-0.062839
9.522,0.156296
9.523,0.241345
9.524,0.233996
9.525,0.252172
9.526000000000002,-0.140035
9.527,0.223681
9.528,-0.015696
9.529,-0.297237
9.53,0.130799
9.531,-0.339238
9.532,0.064352
9.533,0.263446
9.534,-0.10757
9.535,0.228835
9.536,0.226139
9.537,0.213121
9.538,0.240522
9.539,-0.009104
9.54,0.005411
9.541,0.000116
9.542000000000002,-0.028371
9.543,0.228604
9.544,0.121536
9.545,-0.302657
9.546,-0.44562
9.547,0.138556
9.548,0.272416
9.549,0.232346
9.55,0.267924
9.551,0.101774
9.552,0.014077
9.553,0.15544
9.554,-0.1882
9.555,0.057216
9.556,0.020227
9.557,0.138965
9.558000000000002,-0.041344
9.559,0.196193
9.56,0.017506
9.561,0.199862
9.562,0.096756
9.563,-0.019893
9.564,0.269083
9.565,-0.133705
9.566,-0.019954
9.567,-0.052261
9.568,-0.297104
9.569,0.047296
9.57,-0.207879
9.571000000000002,-0.201734
9.572,-0.323619
9.573,-0.011812
9.574000000000002,-0.261137
9.575,0.249579
9.576,0.097391
9.577,0.077172
9.578,0.19987
9.579,-0.034119
9.58,-0.084905
9.581,0.237037
9.582,0.268203
9.583,0.106758
9.584,-0.336783
9.585,-0.047839
9.586,0.417684
9.587000000000002,0.547608
9.588,0.083725
9.589,0.040045
9.590000000000002,0.020408
9.591,-0.294188
9.592,0.164542
9.593,0.025376
9.594,0.114382
9.595,-0.067114
9.596,0.239732
9.597,0.112594
9.598,-0.064895
9.599,0.044113
9.6,0.079927
9.601,0.072127
9.602,0.213527
9.603000000000002,0.039721
9.604,0.207426
9.605,0.123622
9.606000000000002,0.195636
9.607,0.174155
9.608,-0.174111
9.609,-0.09648
9.61,0.407476
9.611,-0.188717
9.612,0.073734
9.613,-0.000894
9.614,0.016851
9.615,-0.286063
9.616,0.205794
9.617,0.03781
9.618,0.077562
9.619000000000002,0.082514
9.62,0.240723
9.621,0.119549
9.622000000000002,0.359241
9.623,0.148789
9.624,-0.128798
9.625,0.233161
9.626,0.163439
9.627,0.285927
9.628,-0.106059
9.629,0.229029
9.63,-0.187621
9.631,0.252768
9.632,0.188947
9.633,-0.039022
9.634,0.164149
9.635000000000002,0.239612
9.636,0.02949
9.637,0.14514
9.638,0.191196
9.639,-0.151494
9.64,0.326878
9.641,0.289933
9.642,0.364845
9.643,0.010709
9.644,-0.076174
9.645,-0.174307
9.646,0.080764
9.647,0.113481
9.648,-0.024435
9.649,-0.040959
9.65,0.289112
9.651000000000002,0.183091
9.652,-0.05026
9.653,0.081676
9.654,0.01728
9.655,0.238865
9.656,-0.217009
9.657,-0.07471
9.658,0.052662
9.659,0.009566
9.66,0.161844
9.661,0.019093
9.662,-0.009709
9.663,-0.109181
9.664,0.225393
9.665,-0.032636
9.666,-0.031464
9.667000000000002,-0.262415
9.668,-0.253348
9.669,-0.142782
9.67,-0.037306
9.671,-0.045342
9.672,-0.002837
9.673,0.263379
9.674,0.076836
9.675,-0.006504
9.676,-0.006224
9.677,0.358822
9.678,0.073585
9.679,-0.022507
9.68,0.02413
9.681,0.125403
9.682,-0.099662
9.683000000000002,-0.159013
9.684,-0.369009
9.685,0.144453
9.686,0.196548
9.687,0.060823
9.688,-0.024334
9.689,-0.096452
9.69,-0.504657
9.691,0.010379
9.692,0.243151
9.693,0.015276
9.694,0.189913
9.695,0.417037
9.696000000000002,0.04494
9.697,0.223422
9.698,0.141429
9.699000000000002,-0.077014
9.7,0.07213
9.701,0.184452
9.702,-0.019212
9.703,-0.117133
9.704,0.188942
9.705,0.325564
9.706,0.014676
9.707,-0.001565
9.708,0.441594
9.709,-0.160286
9.71,0.226978
9.711,-0.091007
9.712000000000002,0.11126
9.713,0.490986
9.714,0.273743
9.715000000000002,-0.100698
9.716,0.140107
9.717,-0.245745
9.718,-0.183662
9.719,0.199864
9.72,0.158978
9.721,0.258799
9.722,-0.083866
9.723,0.351209
9.724,0.054985
9.725,-0.215159
9.726,-0.134773
9.727,-0.260447
9.728000000000002,-0.039593
9.729,0.17327
9.73,-0.125464
9.731000000000002,0.069063
9.732,0.005594
9.733,0.084878
9.734,-0.192082
9.735,0.269149
9.736,-0.114315
9.737,0.264718
9.738,-0.145395
9.739,0.034931
9.74,-0.310896
9.741,0.121029
9.742,0.042875
9.743,-0.408655
9.744000000000002,-0.488042
9.745,0.277194
9.746,0.265318
9.747000000000002,-0.035621
9.748,0.147361
9.749,-0.058116
9.75,0.252266
9.751,0.310707
9.752,0.131523
9.753,0.034578
9.754,-0.379698
9.755,-0.196935
9.756,-0.306251
9.757,-0.073765
9.758,0.283776
9.759,-0.053975
9.760000000000002,0.197453
9.761,-0.168379
9.762,0.043272
9.763000000000002,0.078345
9.764,0.096589
9.765,-0.115383
9.766,0.109744
9.767,-0.181473
9.768,0.017534
9.769,0.086951
9.77,0.018948
9.771,0.139288
9.772,-0.207158
9.773,-0.172131
9.774,-0.123877
9.775,0.143288
9.776000000000002,0.303712
9.777,0.128293
9.778,-0.324033
9.779,-0.319105
9.78,-0.092417
9.781,0.304374
9.782,0.30316
9.783,-0.111586
9.784,0.039783
9.785,-0.064849
9.786,0.087259
9.787,-0.037243
9.788,0.026917
9.789,-0.147391
9.79,0.002796
9.791,-0.131828
9.792000000000002,0.149983
9.793,-0.011802
9.794,0.147715
9.795,-0.088409
9.796,0.076699
9.797,0.058934
9.798,0.063176
9.799,0.102223
9.8,-0.036307
9.801,0.065672
9.802,0.444485
9.803,-0.301256
9.804,-0.13198
9.805,0.055273
9.806,-0.17925
9.807,0.017915
9.808000000000002,0.182919
9.809,-0.352556
9.81,-0.091687
9.811,0.015265
9.812,0.001505
9.813,-0.127403
9.814,-0.175836
9.815,0.1833
9.816,0.191809
9.817,0.06407
9.818,0.084478
9.819,-0.011816
9.82,-0.038452
9.821000000000002,0.091579
9.822,-0.046993
9.823,0.224174
9.824000000000002,0.054376
9.825,-0.022396
9.826,-0.075211
9.827,-0.124172
9.828,0.217507
9.829,0.037514
9.83,-0.125372
9.831,-0.536942
9.832,0.04432
9.833,-0.043351
9.834,0.144417
9.835,-0.192368
9.836,-0.196083
9.837000000000002,-0.461846
9.838,0.044426
9.839,-0.286105
9.840000000000002,-0.206052
9.841,0.032052
9.842,0.223993
9.843,-0.106355
9.844,0.197774
9.845,-0.515069
9.846,-0.244427
9.847,-0.189209
9.848,-0.361063
9.849,0.184614
9.85,0.096865
9.851,0.131028
9.852,0.218295
9.853000000000002,0.130917
9.854,0.001278
9.855,-0.111071
9.856000000000002,-0.267273
9.857,-0.106507
9.858,0.016917
9.859,0.319699
9.86,0.025191
9.861,0.13642
9.862,0.34127
9.863,0.111371
9.864,0.348049
9.865,-0.020761
9.866,-0.080923
9.867,-0.097456
9.868,0.009122
9.869000000000002,0.252125
9.87,0.242777
9.871,-0.143741
9.872000000000002,0.248234
9.873,0.294176
9.874,0.004141
9.875,0.460287
9.876,-0.052306
9.877,0.078457
9.878,-0.032467
9.879,0.403179
9.88,0.404174
9.881,-0.129434
9.882,0.224913
9.883,0.009691
9.884,-0.105504
9.885000000000002,-0.022642
9.886,-0.091378
9.887,0.047613
9.888000000000002,-0.274916
9.889,-0.192543
9.89,0.320337
9.891,-0.13079
9.892,0.019258
9.893,-0.154247
9.894,0.02327
9.895,0.088809
9.896,0.298905
9.897,0.251174
9.898,-0.109942
9.899,-0.341035
9.9,-0.316884
9.901000000000002,-0.167206
9.902,-0.075664
9.903,-0.369544
9.904000000000002,-0.309079
9.905,-0.131518
9.906,-0.146248
9.907,0.066056
9.908,0.102366
9.909,0.270617
9.91,-0.010732
9.911,-0.113449
9.912,-0.235908
9.913,0.000543
9.914,0.195027
9.915,0.153679
9.916,-0.053786
9.917000000000002,-0.008354
9.918,0.383965
9.919,-0.224271
9.92,0.06191
9.921,0.032424
9.922,-0.128359
9.923,0.325304
9.924,-0.17262
9.925,0.11979
9.926,0.498419
9.927,-0.262292
9.928,-0.414734
9.929,-0.051636
9.93,0.03924
9.931,0.018586
9.932,0.280347
9.933000000000002,0.19429
9.934,0.383374
9.935,-0.216793
9.936,0.111017
9.937,0.040525
9.938,-0.045534
9.939,-0.028933
9.94,0.010151
9.941,-0.151717
9.942,-0.277287
9.943,-0.188015
9.944,-0.146696
9.945,0.002796
9.946000000000002,0.205415
9.947,0.150219
9.948,0.142763
9.949000000000002,0.093621
9.95,0.14446
9.951,0.093649
9.952,0.128761
9.953,0.107582
9.954,0.253496
9.955,0.098993
9.956,0.107299
9.957,0.40957
9.958,-0.251608
9.959,0.128609
9.96,-0.170813
9.961,-0.109214
9.962000000000002,0.03308
9.963,-0.224417
9.964,-0.049784
9.965000000000002,0.479879
9.966,0.205269
9.967,0.131243
9.968,0.028424
9.969,0.223273
9.97,0.269839
9.971,0.129004
9.972,0.359607
9.973,0.143642
9.974,-0.109916
9.975,0.153762
9.976,0.247825
9.977,-0.027856
9.978000000000002,0.235209
9.979,-0.11184
9.98,-0.28529
9.981000000000002,-0.06216
9.982,0.065487
9.983,0.316527
9.984,0.005584
9.985,-0.073329
9.986,0.35885
9.987,-0.135347
9.988,0.174868
9.989,-0.109958
9.99,0.166434
9.991,0.153
9.992,-0.066169
9.993,0.085229
9.994000000000002,0.201962
9.995,0.267019
9.996,-0.004729
9.997000000000002,-0.10724
9.998,-0.176043
9.999,-0.066598
10.0,-0.112389
10.001,0.026985
10.002,0.195738
10.003,0.03781
10.004,-0.059423
10.005,0.155977
10.006,0.28921
10.007,0.178311
10.008,0.249587
10.009,-0.095702
10.010000000000002,-0.017159
10.011,-0.060498
10.012,0.295559
10.013000000000002,0.032175
10.014,0.183328
10.015,0.235119
10.016,0.057913
10.017,0.360098
10.018,0.15134
10.019,-0.014397
10.02,0.035528
10.021,-0.43262
10.022,-0.281276
10.023,0.012852
10.024,0.354767
10.025,-0.048111
10.026000000000002,-0.006995
10.027,0.047913
10.028,0.240974
10.029000000000002,-0.025804
10.03,0.369589
10.031,-0.027494
10.032,0.119644
10.033,-0.00656
10.034,-0.304866
10.035,0.181761
10.036,0.094671
10.037,0.168003
10.038,0.386203
10.039,-0.032108
10.04,-0.163013
10.041,0.24847
10.042000000000002,-0.191692
10.043,-0.017765
10.044,0.002261
10.045000000000002,-0.072552
10.046,0.133444
10.047,0.05865
10.048,0.041157
10.049,0.109881
10.05,0.34653
10.051,0.316645
10.052,0.265183
10.053,0.180189
10.054,0.050852
10.055,-0.2307
10.056,-0.088312
10.057,0.180655
10.058000000000002,-0.022429
10.059,-0.030886
10.06,0.118136
10.061,0.310517
10.062,-0.099996
10.063,-0.060278
10.064,-0.415255
10.065,-0.036521
10.066,-0.178041
10.067,0.035725
10.068,-0.097231
10.069,-0.221729
10.07,-0.10939
10.071000000000002,-0.159972
10.072,0.203953
10.073,0.109965
10.074000000000002,0.309024
10.075,0.03705
10.076,-0.093383
10.077,-0.365098
10.078,0.368483
10.079,-0.04363
10.08,-0.236815
10.081,0.453666
10.082,-0.259614
10.083,-0.193976
10.084,-0.118679
10.085,0.336683
10.086,0.307802
10.087000000000002,0.100425
10.088,-0.006786
10.089,0.009503
10.090000000000002,0.235818
10.091,0.052899
10.092,-0.036507
10.093,-0.261338
10.094,-0.150522
10.095,0.405487
10.096,-0.187529
10.097,-0.126136
10.098,-0.174682
10.099,-0.015575
10.1,-0.017993
10.101,0.400218
10.102,-0.105057
10.103000000000002,0.254414
10.104,-0.209883
10.105,0.102117
10.106000000000002,-0.096728
10.107,0.199153
10.108,0.198157
10.109,-0.291724
10.11,0.049007
10.111,-0.081444
10.112,0.107491
10.113,0.381983
10.114,-0.076193
10.115,0.236638
10.116,-0.22716
10.117,0.094546
10.118,-0.102333
10.119000000000002,-0.193982
10.12,-0.150376
10.121,-0.124775
10.122000000000002,0.076924
10.123,0.05491
10.124,0.055121
10.125,-0.147311
10.126,0.207436
10.127,-0.023754
10.128,0.053603
10.129,-0.019782
10.13,0.095496
10.131,-0.077948
10.132,0.152186
10.133,0.080486
10.134,0.192919
10.135000000000002,-0.018546
10.136,0.255118
10.137,0.032458
10.138000000000002,-0.014895
10.139,-0.052577
10.14,0.103456
10.141,0.216465
10.142,-0.192702
10.143,-0.071865
10.144,-0.028013
10.145,-0.031012
10.146,-0.16144
10.147,0.073088
10.148,0.006518
10.149,-0.050563
10.15,-0.147393
10.151000000000002,-0.322674
10.152,-0.076534
10.153,0.363276
10.154000000000002,0.16702
10.155,-0.147696
10.156,0.03332
10.157,0.156232
10.158,-0.005778
10.159,0.093885
10.16,0.093771
10.161,-0.215943
10.162,0.055902
10.163,0.210336
10.164,-0.117401
10.165,0.12961
10.166,0.084023
10.167000000000002,-0.079728
10.168,0.260628
10.169,-0.21406
10.170000000000002,-0.19527
10.171,0.135736
10.172,-0.363255
10.173,0.319921
10.174,0.489868
10.175,0.078625
10.176,0.255478
10.177,-0.019977
10.178,-0.120807
10.179,-0.116065
10.18,0.015844
10.181,0.115475
10.182,0.297768
10.183000000000002,0.087944
10.184,-0.340844
10.185,0.202097
10.186000000000002,-0.048181
10.187,0.213646
10.188,0.331915
10.189,0.106069
10.19,-0.553219
10.191,0.063398
10.192,0.118603
10.193,0.337258
10.194,-0.01641
10.195,0.07235
10.196000000000002,0.100227
10.197,-0.0827
10.198,-0.018553
10.199000000000002,0.24704
10.2,0.02616
10.201,-0.098353
10.202,0.002715
10.203,0.211423
10.204,0.288701
10.205,0.080621
10.206,0.354513
10.207,0.489771
10.208,-0.105078
10.209,-0.11501
10.21,0.592175
10.211,-0.056995
10.212000000000002,0.187457
10.213,-0.727661
10.214,-0.046125
10.215000000000002,-0.210051
10.216,0.086918
10.217,-0.200914
10.218,0.252099
10.219,0.004061
10.22,-0.03619
10.221,-0.060405
10.222,-0.239782
10.223,0.220573
10.224,0.145717
10.225,-0.124598
10.226,0.000372
10.227,-0.044926
10.228000000000002,0.051395
10.229,0.08858
10.23,0.042838
10.231000000000002,-0.12557
10.232,0.118632
10.233,-0.081226
10.234,0.258408
10.235,-0.004331
10.236,0.126078
10.237,-0.170293
10.238,-0.069049
10.239,0.133331
10.24,0.168668
10.241,0.020654
10.242,0.242691
10.243,0.267897
10.244000000000002,0.070539
10.245,0.091028
10.246,0.060587
10.247000000000002,0.0587
10.248,-0.02153
10.249,0.285188
10.25,0.066391
10.251,-0.259927
10.252,0.097208
10.253,0.276699
10.254,-0.100941
10.255,0.048309
10.256,-0.030596
10.257,-0.270197
10.258,0.123926
10.259,0.251075
10.260000000000002,0.282366
10.261,-0.039827
10.262,-0.093119
10.263000000000002,-0.038938
10.264,0.017383
10.265,0.208011
10.266,-0.033336
10.267,0.094602
10.268,0.01859
10.269,0.227021
10.27,0.086384
10.271,-0.147
10.272,0.052148
10.273,0.082928
10.274,0.143619
10.275,-0.018926
10.276000000000002,0.003716
10.277,0.172546
10.278,-0.159509
10.279000000000002,-0.085173
10.28,-0.080311
10.281,0.228521
10.282,-0.084965
10.283,0.150875
10.284,0.212099
10.285,-0.207745
10.286,-0.102677
10.287,0.099034
10.288,0.393238
10.289,-0.024088
10.29,0.213961
10.291,0.199789
10.292000000000002,0.137596
10.293,0.088622
10.294,-0.31417
10.295000000000002,0.230012
10.296,0.188795
10.297,0.029632
10.298,-0.046064
10.299,0.119474
10.3,0.246736
10.301,-0.009015
10.302,-0.10285
10.303,0.13453
10.304,-0.048356
10.305,-0.028164
10.306,0.188214
10.307,0.051162
10.308000000000002,0.154142
10.309,0.295319
10.31,0.461578
10.311000000000002,0.085127
10.312,-0.051564
10.313,-0.304642
10.314,0.087781
10.315,0.340415
10.316,-0.1914
10.317,-0.143399
10.318,-0.229338
10.319,0.220718
10.32,0.014628
10.321000000000002,0.1195
10.322,0.136465
10.323,-0.043631
10.324000000000002,0.17047
10.325,0.08678
10.326,0.384096
10.327,-0.214283
10.328,0.295599
10.329,0.233527
10.33,-0.008612
10.331,-0.408462
10.332,0.176818
10.333,0.268747
10.334,-0.243114
10.335,-0.075263
10.336,0.015398
10.337000000000002,-0.010163
10.338,0.285397
10.339,0.147559
10.340000000000002,0.168377
10.341,0.071135
10.342,0.003704
10.343,-0.122819
10.344,0.035511
10.345,0.185427
10.346,0.129373
10.347,0.328047
10.348,0.049504
10.349,-0.23339
10.35,0.099161
10.351,-0.169122
10.352,0.263309
10.353000000000002,0.043183
10.354,-0.013774
10.355,-0.116427
10.356000000000002,0.144872
10.357,0.275938
10.358,0.012228
10.359,0.108172
10.36,-0.187549
10.361,0.001832
10.362,0.032343
10.363,-0.182154
10.364,-0.05641
10.365,0.13133
10.366,0.126757
10.367,-0.044311
10.368,0.029581
10.369000000000002,0.186061
10.37,-0.223703
10.371,-0.002718
10.372000000000002,0.012183
10.373,0.049105
10.374,0.161086
10.375,-0.289387
10.376,-0.0872
10.377,0.036882
10.378,0.157405
10.379,-0.059163
10.38,0.073718
10.381,-0.005939
10.382,0.04821
10.383,0.136509
10.384,-0.058804
10.385000000000002,0.15748
10.386,0.04106
10.387,0.048148
10.388000000000002,0.083038
10.389,0.067754
10.39,-0.104099
10.391,-0.244534
10.392,0.0621
10.393,0.003275
10.394,0.087174
10.395,-0.008754
10.396,0.11156
10.397,0.026206
10.398,0.306286
10.399,0.093373
10.4,-0.033679
10.401000000000002,-0.006676
10.402,-0.013492
10.403,0.019446
10.404000000000002,-0.140069
10.405,-0.034951
10.406,0.130222
10.407,0.306666
10.408,-0.046947
10.409,-0.075968
10.41,-0.124714
10.411,0.048086
10.412,-0.105535
10.413,0.052028
10.414,-0.149997
10.415,0.491496
10.416,-0.009797
10.417000000000002,-0.339591
10.418,0.004617
10.419,-0.066279
10.420000000000002,0.247589
10.421,0.01838
10.422,0.054025
10.423,0.063301
10.424,0.236076
10.425,-0.11229
10.426,-0.224702
10.427,0.226032
10.428,0.083554
10.429,0.20841
10.43,-0.117587
10.431,0.357763
10.432,-0.121477
10.433000000000002,-0.240398
10.434,0.040502
10.435,0.133713
10.436000000000002,0.038518
10.437,0.034434
10.438,-0.147404
10.439,-0.145529
10.44,0.035528
10.441,0.037265
10.442,0.057328
10.443,-0.038544
10.444,0.061875
10.445,-0.049637
10.446000000000002,0.062192
10.447,0.126877
10.448,0.358964
10.449000000000002,-0.120011
10.45,0.394118
10.451,0.20827
10.452000000000002,-0.024959
10.453,-0.040336
10.454,0.114736
10.455,0.454075
10.456,0.273981
10.457,0.162279
10.458,0.170879
10.459,-0.001311
10.46,-0.053999
10.461,0.3204
10.462000000000002,0.050302
10.463,0.023226
10.464,0.006352
10.465000000000002,0.021987
10.466,0.221864
10.467,0.033753
10.468,0.513303
10.469,-0.023599
10.47,-0.107111
10.471,0.040848
10.472,0.214188
10.473,-0.112043
10.474,0.05917
10.475,0.030666
10.476,-0.268477
10.477,-0.244354
10.478000000000002,-0.041709
10.479,-0.011904
10.48,-0.15665
10.481000000000002,0.356448
10.482,0.098114
10.483,0.034129
10.484,0.045234
10.485,-0.191644
10.486,0.063951
10.487,0.062705
10.488,0.208967
10.489,-0.078468
10.49,-0.148999
10.491,-0.038049
10.492,0.211688
10.493,0.031285
10.494000000000002,-0.086214
10.495,0.441772
10.496,0.022118
10.497000000000002,0.125837
10.498,0.056355
10.499,-0.222449
10.5,0.151408
10.501,0.144018
10.502,0.194365
10.503,-0.051395
10.504,0.474249
10.505,0.253944
10.506,0.017988
10.507,-0.013104
10.508,0.300247
10.509,-0.051707
10.510000000000002,0.413239
10.511,-0.203485
10.512,0.153621
10.513000000000002,-0.09873
10.514,-0.145082
10.515,0.147439
10.516,0.200372
10.517,0.071081
10.518,-0.105927
10.519,0.150047
10.52,-0.049144
10.521,-0.113218
10.522,0.007246
10.523,0.04106
10.524,-0.151895
10.525,-0.04607
10.526000000000002,-0.142098
10.527,0.247747
10.528,-0.045515
10.529000000000002,0.111838
10.53,0.208239
10.531,0.25183
10.532,0.094671
10.533,0.097821
10.534,0.103601
10.535,-0.105769
10.536,0.283926
10.537,-0.006417
10.538,0.113874
10.539,0.038757
10.54,0.056288
10.541,-0.328388
10.542000000000002,0.094199
10.543,0.069494
10.544,0.357463
10.545000000000002,0.018294
10.546,0.01754
10.547,-0.284488
10.548,0.073868
10.549,0.055403
10.55,0.04198
10.551,-0.217712
10.552,-0.350585
10.553,0.146111
10.554,0.223087
10.555,-0.116714
10.556,0.084278
10.557,0.006298
10.558000000000002,0.266469
10.559,-0.132639
10.56,-0.177579
10.561000000000002,0.142827
10.562,0.103266
10.563,0.095687
10.564,-0.225196
10.565,-0.350798
10.566,-0.235641
10.567,0.339097
10.568,-0.050314
10.569,0.039733
10.57,-0.188229
10.571000000000002,0.124066
10.572,0.157628
10.573,0.178246
10.574000000000002,-0.147086
10.575,0.153724
10.576,-0.14516
10.577000000000002,0.263703
10.578,0.181986
10.579,-0.065562
10.58,0.650053
10.581,-0.172555
10.582,-0.414461
10.583,0.202777
10.584,0.025629
10.585,0.053095
10.586,0.026981
10.587000000000002,0.111956
10.588,-0.11181
10.589,-0.32444
10.590000000000002,0.24174
10.591,0.215621
10.592,0.369447
10.593000000000002,-0.139729
10.594,0.379563
10.595,-0.005678
10.596,0.215302
10.597,0.150004
10.598,0.075465
10.599,-0.059145
10.6,-0.040774
10.601,0.000278
10.602,-0.451544
10.603000000000002,0.192859
10.604,0.272011
10.605,-0.029846
10.606000000000002,0.023466
10.607,-0.047742
10.608,0.297935
10.609,-0.152892
10.61,-0.081791
10.611,0.117542
10.612,-0.066134
10.613,-0.074992
10.614,-0.124044
10.615,-0.018504
10.616,0.09025
10.617,0.005701
10.618,0.232102
10.619000000000002,0.013413
10.62,-0.335145
10.621,0.293715
10.622000000000002,-0.118586
10.623,-0.059486
10.624,0.11235
10.625,-0.265893
10.626,-0.17018
10.627,-0.270111
10.628,0.096758
10.629,-0.187758
10.63,0.232865
10.631,0.335585
10.632,-0.01819
10.633,-0.238686
10.634,0.082898
10.635000000000002,-0.193435
10.636,0.002985
10.637,-0.076765
10.638000000000002,-0.234361
10.639,0.45526
10.64,0.118157
10.641,0.072732
10.642,0.459626
10.643,-0.086184
10.644,-0.15262
10.645,0.142373
10.646,-0.411204
10.647,-0.137318
10.648,0.181361
10.649,0.071501
10.65,0.141992
10.651000000000002,0.028093
10.652,-0.174594
10.653,0.073746
10.654000000000002,0.146339
10.655,0.422899
10.656,0.089108
10.657,0.167829
10.658,0.329489
10.659,0.220403
10.66,0.282691
10.661,-0.069583
10.662,-0.173292
10.663,0.186015
10.664,0.151332
10.665,0.110992
10.666,0.327061
10.667000000000002,0.051475
10.668,0.191961
10.669,0.456973
10.670000000000002,0.502284
10.671,-0.37997
10.672,0.394202
10.673,-0.151435
10.674,-0.059106
10.675,-0.251977
10.676,0.106139
10.677,0.213061
10.678,0.018515
10.679,0.30666
10.68,0.348319
10.681,0.126274
10.682,-0.125309
10.683000000000002,-0.407079
10.684,-0.066518
10.685,0.080821
10.686000000000002,0.08548
10.687,0.239651
10.688,-0.251674
10.689,0.056689
10.69,0.20689
10.691,-0.238653
10.692,0.087016
10.693,-0.105605
10.694,-0.067842
10.695,-0.085164
10.696000000000002,-0.369209
10.697,-0.03087
10.698,0.10557
10.699000000000002,0.239213
10.7,0.329289
10.701,-0.158217
10.702000000000002,-0.173897
10.703,0.149682
10.704,0.277369
10.705,-0.097674
10.706,-0.213128
10.707,0.010854
10.708,0.102002
10.709,0.21154
10.71,0.038829
10.711,0.046682
10.712000000000002,0.338655
10.713,0.099116
10.714,-0.202883
10.715000000000002,0.021527
10.716,-0.179359
10.717,0.200649
10.718000000000002,0.307447
10.719,-0.027561
10.72,-0.076559
10.721,-0.116264
10.722,0.138797
10.723,0.049703
10.724,0.051493
10.725,0.135048
10.726,0.078291
10.727,0.067192
10.728000000000002,-0.286831
10.729,-0.124728
10.73,-0.212304
10.731000000000002,-0.21269
10.732,0.073754
10.733,0.236006
10.734000000000002,0.124806
10.735,0.067348
10.736,0.347373
10.737,0.270944
10.738,0.060152
10.739,0.064936
10.74,0.236006
10.741,0.012403
10.742,0.210841
10.743,0.235935
10.744000000000002,-0.047767
10.745,-0.304402
10.746,-0.116234
10.747000000000002,-0.171741
10.748,0.12472
10.749,0.013457
10.75,0.307884
10.751,0.105858
10.752,0.192859
10.753,0.479263
10.754,-0.009943
10.755,-0.091349
10.756,0.122221
10.757,-0.091411
10.758,-0.100762
10.759,0.01325
10.760000000000002,0.166314
10.761,-0.020363
10.762,-0.131518
10.763000000000002,0.125775
10.764,0.206477
10.765,0.152281
10.766,-0.013061
10.767,0.270189
10.768,0.051403
10.769,0.020521
10.77,-0.063413
10.771,-0.122673
10.772,-0.112705
10.773,0.191722
10.774,0.221598
10.775,0.11296
10.776000000000002,-0.031222
10.777,-0.098317
10.778,0.127184
10.779000000000002,-0.392686
10.78,-0.12003
10.781,0.07103
10.782,-0.026493
10.783,0.061423
10.784,0.072029
10.785,0.064624
10.786,-0.102347
10.787,0.003389
10.788,-0.023132
10.789,0.200947
10.79,-0.385711
10.791,0.069776
10.792000000000002,-0.146099
10.793,-0.091652
10.794,0.04826
10.795000000000002,-0.034052
10.796,0.133909
10.797,0.254957
10.798,0.289096
10.799,0.022167
10.8,0.087815
10.801,0.168424
10.802,0.133281
10.803,0.168301
10.804,0.353005
10.805,0.093857
10.806,-0.072879
10.807,-0.069267
10.808000000000002,-0.18953
10.809,0.120016
10.81,0.068926
10.811000000000002,0.018216
10.812,0.345636
10.813,0.051897
10.814,0.086858
10.815,-0.03366
10.816,-0.284484
10.817,0.063471
10.818,0.313159
10.819,-0.044822
10.82,0.164034
10.821000000000002,-0.10038
10.822,0.118244
10.823,0.146981
10.824000000000002,0.165953
10.825,0.501493
10.826,0.354236
10.827000000000002,0.157957
10.828,-0.282084
10.829,-0.067119
10.83,-0.050139
10.831,0.149607
10.832,-0.14177
10.833,0.117138
10.834,-0.330753
10.835,0.243168
10.836,0.210536
10.837000000000002,0.020657
10.838,-0.04982
10.839,-0.043343
10.840000000000002,-0.192516
10.841,0.136167
10.842,0.286956
10.843000000000002,-0.005675
10.844,-0.237722
10.845,-0.098593
10.846,0.277862
10.847,-0.156458
10.848,0.101321
10.849,-0.150929
10.85,0.256033
10.851,0.074434
10.852,-0.181363
10.853000000000002,-0.041669
10.854,0.157976
10.855,-0.006142
10.856000000000002,-0.158798
10.857,0.320463
10.858,0.21465
10.859000000000002,-0.03122
10.86,0.013205
10.861,-0.034306
10.862,-0.025795
10.863,-0.044905
10.864,0.069124
10.865,0.152377
10.866,-0.093407
10.867,0.317002
10.868,-0.027551
10.869000000000002,-0.170192
10.87,0.412179
10.871,0.045708
10.872000000000002,0.056768
10.873,0.261044
10.874,0.083031
10.875000000000002,-0.03718
10.876,-0.165665
10.877,0.163032
10.878,0.300324
10.879,0.096078
10.88,0.207792
10.881,-0.2271
10.882,0.107547
10.883,0.027898
10.884,-0.102419
10.885000000000002,-0.294722
10.886,0.097193
10.887,0.028702
10.888000000000002,0.071026
10.889,-0.342757
10.89,-0.010835
10.891,-0.11995
10.892,-0.196712
10.893,-0.282066
10.894,-0.057564
10.895,0.02597
10.896,0.226131
10.897,0.185448
10.898,-0.002473
10.899,0.00218
10.9,0.10871
10.901000000000002,-0.253834
10.902,-0.108701
10.903,0.242373
10.904000000000002,0.024241
10.905,0.43409
10.906,0.2283
10.907,-0.087902
10.908,0.718943
10.909,-0.146737
10.91,-0.176121
10.911,0.14374
10.912,0.001462
10.913,0.14556
10.914,-0.001023
10.915,-0.077471
10.916,0.36362
10.917000000000002,-0.143959
10.918,-0.02264
10.919,0.253353
10.920000000000002,-0.014332
10.921,0.074984
10.922,0.457933
10.923,-0.079753
10.924,0.003296
10.925,0.254597
10.926,0.202395
10.927,0.010655
10.928,-0.156118
10.929,-0.152106
10.93,0.184164
10.931,0.257516
10.932,0.341636
10.933000000000002,0.156264
10.934,-0.002681
10.935,0.139733
10.936000000000002,-0.003597
10.937,0.098828
10.938,0.138295
10.939,-0.250196
10.94,-0.077605
10.941,0.117734
10.942,-0.173036
10.943,0.134649
10.944,0.04678
10.945,0.044858
10.946000000000002,0.259916
10.947,0.308323
10.948,0.198506
10.949000000000002,0.00102
10.95,0.11035
10.951,-0.024673
10.952000000000002,-0.075903
10.953,0.370168
10.954,-0.111659
10.955,0.197559
10.956,0.048111
10.957,0.027484
10.958,0.19743
10.959,-0.009687
10.96,0.324901
10.961,0.28799
10.962000000000002,-0.134002
10.963,-0.188985
10.964,-0.297944
10.965000000000002,0.107932
10.966,-0.207517
10.967,0.165552
10.968000000000002,0.085988
10.969,-0.247808
10.97,-0.213794
10.971,0.025904
10.972,-0.024928
10.973,-0.26527
10.974,0.256821
10.975,0.083892
10.976,-0.265341
10.977,-0.066284
10.978000000000002,-0.134446
10.979,-0.086972
10.98,-0.305959
10.981000000000002,0.200585
10.982,-0.01911
10.983,0.142026
10.984000000000002,-0.183285
10.985,0.098103
10.986,0.066151
10.987,0.096012
10.988,0.096474
10.989,-0.182831
10.99,0.074796
10.991,-0.038385
10.992,0.174553
10.993,0.060788
10.994000000000002,0.148146
10.995,-0.055532
10.996,0.299843
10.997000000000002,0.147367
10.998,0.070384
10.999,-0.034866
11.000000000000002,0.460522
11.001,0.060791
11.002,0.328089
11.003,0.09967
11.004,-0.317704
11.005,0.039197
11.006,-0.183568
11.007,0.071873
11.008,-0.106576
11.009,-0.157581
11.010000000000002,0.263577
11.011,0.078013
11.012,-0.086361
11.013000000000002,0.153491
11.014,0.430136
11.015,0.418208
11.016,0.32918
11.017,-0.016252
11.018,-0.009159
11.019,0.185806
11.02,0.087076
11.021,-0.266093
11.022,-0.089408
11.023,0.100389
11.024,0.757024
11.025,-0.025132
11.026000000000002,-0.227548
11.027,0.121635
11.028,0.23741
11.029000000000002,0.060949
11.03,0.122292
11.031,0.03225
11.032,0.030708
11.033,0.007461
11.034,0.152287
11.035,0.349115
11.036,0.146981
11.037,0.007124
11.038,0.20147
11.039,-0.12576
11.04,0.012097
11.041,0.276572
11.042000000000002,0.280188
11.043,0.196408
11.044,0.125343
11.045000000000002,0.078483
11.046,0.124918
11.047,0.12124
11.048,-0.068559
11.049,-0.238706
11.05,0.511797
11.051,0.169606
11.052,0.354673
11.053,0.215497
11.054,0.205521
11.055,0.042283
11.056,-0.228131
11.057,0.106498
11.058000000000002,0.204497
11.059,0.151128
11.06,0.153131
11.061000000000002,0.290273
11.062,0.145072
11.063,-0.211201
11.064,-0.211669
11.065,-0.037886
11.066,-0.056895
11.067,-0.10285
11.068,0.268409
11.069,0.058821
11.07,-0.004722
11.071000000000002,0.014182
11.072,0.218667
11.073,0.214836
11.074000000000002,0.425881
11.075,0.259907
11.076,-0.060505
11.077000000000002,0.098582
11.078,-0.03569
11.079,0.565471
11.08,0.113898
11.081,0.368454
11.082,-0.071821
11.083,0.157101
11.084,-0.119743
11.085,0.513078
11.086,0.223119
11.087000000000002,0.230918
11.088,0.222481
11.089,0.3428
11.090000000000002,0.243776
11.091,0.194494
11.092,0.080116
11.093000000000002,0.090547
11.094,-0.023315
11.095,-0.28289
11.096,-0.015106
11.097,-0.150714
11.098,-0.213658
11.099,0.039556
11.1,0.335956
11.101,0.21238
11.102,-0.074893
11.103000000000002,0.114118
11.104,-0.201087
11.105,0.000434
11.106000000000002,0.039575
11.107,-0.058675
11.108,0.229029
11.109000000000002,-0.146673
11.11,0.419305
11.111,0.141408
11.112,0.500358
11.113,0.170996
11.114,0.272726
11.115,0.087537
11.116,0.205415
11.117,-0.086184
11.118,0.158404
11.119000000000002,-0.014618
11.12,0.05117
11.121,-0.091944
11.122000000000002,0.332787
11.123,0.570339
11.124,-0.070389
11.125000000000002,0.009255
11.126,0.253405
11.127,0.647503
11.128,0.392849
11.129,-0.190234
11.13,-0.014142
11.131,0.25809
11.132,0.199653
11.133,0.324326
11.134,0.170126
11.135000000000002,0.144222
11.136,-0.123408
11.137,-0.280497
11.138000000000002,-0.122614
11.139,0.10973
11.14,-0.07576
11.141000000000002,-0.401063
11.142,0.195612
11.143,0.297215
11.144,0.347728
11.145,-0.168306
11.146,-0.118648
11.147,0.093631
11.148,0.032458
11.149,0.014466
11.15,-0.033766
11.151000000000002,0.152312
11.152,-0.255192
11.153,-0.017477
11.154000000000002,0.046135
11.155,0.381394
11.156,-0.154764
11.157,-0.062793
11.158,0.027701
11.159,-0.031763
11.16,0.053106
11.161,0.25948
11.162,-0.078028
11.163,-0.055472
11.164,-0.095066
11.165,0.156042
11.166,0.022267
11.167000000000002,0.348574
11.168,0.183735
11.169,0.149145
11.170000000000002,0.125351
11.171,0.30403
11.172,0.017687
11.173,-0.053039
11.174,-0.017198
11.175,0.100384
11.176,0.146061
11.177,0.243231
11.178,0.381791
11.179,0.145459
11.18,-0.00096
11.181,0.286273
11.182,-0.078438
11.183000000000002,0.334924
11.184,0.086059
11.185,0.095967
11.186000000000002,0.132246
11.187,0.163921
11.188,0.125772
11.189,-0.037719
11.19,0.035508
11.191,0.340287
11.192,0.070272
11.193,0.080984
11.194,0.068994
11.195,0.076268
11.196000000000002,0.116665
11.197,0.178737
11.198,0.093335
11.199000000000002,0.324985
11.2,-0.007888
11.201,0.350228
11.202000000000002,-0.162381
11.203,0.13045
11.204,-0.001842
11.205,0.051403
11.206,-0.732211
11.207,0.114056
11.208,-0.095891
11.209,0.001412
11.21,-0.158785
11.211,-0.008791
11.212000000000002,0.243124
11.213,0.059401
11.214,0.129027
11.215000000000002,-0.182527
11.216,0.148613
11.217,0.137938
11.218000000000002,0.129229
11.219,-0.138329
11.22,0.262527
11.221,0.201821
11.222,0.145731
11.223,0.197115
11.224,0.008861
11.225,0.042053
11.226,0.242143
11.227,-0.194153
11.228000000000002,-0.12985
11.229,0.029164
11.23,0.168936
11.231000000000002,0.178872
11.232,0.040398
11.233,-0.127168
11.234000000000002,0.008047
11.235,0.460047
11.236,0.056255
11.237,0.201904
11.238,0.144952
11.239,0.486847
11.24,-0.011286
11.241,-0.093264
11.242,0.242813
11.243,-0.019419
11.244000000000002,0.194094
11.245,-0.013613
11.246,0.36588
11.247000000000002,-0.0544
11.248,0.369447
11.249,0.301482
11.250000000000002,-0.006972
11.251,-0.12592
11.252,0.178663
11.253,0.037025
11.254,-0.014975
11.255,-0.047706
11.256,0.224024
11.257,0.078982
11.258,0.099108
11.259,0.255659
11.260000000000002,0.265962
11.261,-0.032015
11.262,0.22271
11.263000000000002,-0.142131
11.264,-0.248036
11.265,-0.010776
11.266000000000002,-0.277336
11.267,0.046171
11.268,-0.194447
11.269,-0.076099
11.27,0.073886
11.271,-0.005271
11.272,-0.008735
11.273,-0.393569
11.274,0.238081
11.275,0.15532
11.276000000000002,-0.209249
11.277,0.023941
11.278,0.197129
11.279000000000002,0.226421
11.28,-0.071601
11.281,-0.009186
11.282000000000002,0.32191
11.283,-0.009284
11.284,0.028156
11.285,0.295376
11.286,0.253944
11.287,-0.124171
11.288,-0.027291
11.289,-0.094531
11.29,0.087411
11.291,0.03596
11.292000000000002,0.31588
11.293,0.298219
11.294,0.074873
11.295000000000002,0.253609
11.296,0.157483
11.297,0.251233
11.298,-0.216059
11.299,0.084325
11.3,-0.033074
11.301,0.147863
11.302,-0.254405
11.303,0.182556
11.304,-0.076312
11.305,0.281142
11.306,0.209556
11.307,-0.000927
11.308000000000002,0.056708
11.309,-0.104667
11.31,0.521989
11.311000000000002,0.101995
11.312,0.060382
11.313,-0.179094
11.314,0.231113
11.315,-0.274182
11.316,-0.010798
11.317,0.158391
11.318,-0.022694
11.319,0.058757
11.32,-0.21459
11.321000000000002,-0.119218
11.322,-0.018386
11.323,0.111177
11.324000000000002,0.031139
11.325,0.289799
11.326,-0.170538
11.327000000000002,-0.111325
11.328,0.124041
11.329,0.151959
11.33,0.022949
11.331,-0.085978
11.332,0.301318
11.333,-0.01522
11.334,-0.111838
11.335,0.517976
11.336,0.070978
11.337000000000002,0.120653
11.338,-0.228049
11.339,-0.113455
11.340000000000002,0.077623
11.341,-0.065973
11.342,-0.209038
11.343000000000002,0.187463
11.344,0.265047
11.345,0.230445
11.346,-0.109298
11.347,0.233164
11.348,0.378892
11.349,0.242639
11.35,0.015927
11.351,-0.197819
11.352,0.13186
11.353000000000002,0.023303
11.354,0.344214
11.355,0.296955
11.356000000000002,-0.009835
11.357,-0.132772
11.358,0.014253
11.359000000000002,0.010289
11.36,-0.096728
11.361,0.039509
11.362,0.161893
11.363,0.155809
11.364,0.056712
11.365,0.282567
11.366,0.158108
11.367,-0.144227
11.368,-0.144596
11.369000000000002,0.060203
11.37,-0.310688
11.371,0.122719
11.372000000000002,0.316897
11.373,0.079964
11.374,-0.240168
11.375000000000002,0.005525
11.376,0.139824
11.377,-0.277296
11.378,-0.136256
11.379,0.304522
11.38,-0.025537
11.381,0.037448
11.382,0.040339
11.383,-0.066926
11.384,-0.374133
11.385000000000002,0.308241
11.386,0.143293
11.387,0.303037
11.388000000000002,-0.044524
11.389,0.16901
11.39,-0.016525
11.391000000000002,-0.12658
11.392,-0.055665
11.393,0.228351
11.394,0.005065
11.395,-0.11574
11.396,0.332803
11.397,0.412907
11.398,0.000722
11.399,-0.175094
11.4,0.157098
11.401000000000002,0.261105
11.402,0.478682
11.403,0.069988
11.404000000000002,0.126318
11.405,-0.24447
11.406,0.029163
11.407000000000002,-0.202897
11.408,-0.102113
11.409,-0.02356
11.41,0.243294
11.411,0.133089
11.412,-0.025935
11.413,0.396605
11.414,0.173376
11.415,0.058808
11.416,0.264502
11.417000000000002,0.229729
11.418,0.217966
11.419,0.295147
11.420000000000002,-0.021722
11.421,0.416175
11.422,0.023531
11.423000000000002,-0.072227
11.424,-0.053818
11.425,-0.071792
11.426,-0.060385
11.427,0.245233
11.428,0.408012
11.429,-0.113034
11.43,0.089943
11.431,-0.070323
11.432,-0.081773
11.433000000000002,0.035831
11.434,0.147442
11.435,-0.081116
11.436000000000002,-0.123995
11.437,0.051604
11.438,0.063575
11.439,0.002907
11.44,0.212456
11.441,0.072196
11.442,0.18961
11.443,-0.181986
11.444,0.219297
11.445,0.046385
11.446000000000002,-0.064285
11.447,-0.177923
11.448,0.215572
11.449000000000002,-0.095666
11.45,0.186252
11.451,0.263463
11.452000000000002,0.059177
11.453,0.226056
11.454,-0.083728
11.455,0.061005
11.456,0.052471
11.457,-0.274932
11.458,-0.00885
11.459,0.144702
11.46,0.26778
11.461,0.175003
11.462000000000002,-0.474896
11.463,-0.350605
11.464,-0.259989
11.465000000000002,-0.042983
11.466,0.257265
11.467,-0.146574
11.468000000000002,0.276402
11.469,-0.094648
11.47,0.035737
11.471,0.220887
11.472,-0.038183
11.473,0.005647
11.474,-0.014922
11.475,-0.152209
11.476,0.468387
11.477,0.110698
11.478000000000002,0.13638
11.479,0.419557
11.48,0.0678
11.481000000000002,-0.024863
11.482,0.611498
11.483,0.019978
11.484000000000002,0.002309
11.485,-0.07408
11.486,0.065613
11.487,0.56964
11.488,-0.020657
11.489,0.108895
11.49,-0.15793
11.491,-0.131045
11.492,0.11715
11.493,0.010057
11.494000000000002,-0.021328
11.495,-0.193097
11.496,-0.029128
11.497000000000002,-0.156269
11.498,0.027434
11.499,0.100342
11.500000000000002,-0.193164
11.501,0.155154
11.502,0.256897
11.503,0.030902
11.504,0.144928
11.505,0.170743
11.506,0.204005
11.507,-0.338553
11.508,0.021896
11.509,-0.004464
11.510000000000002,0.269378
11.511,0.150857
11.512,-0.09455
11.513000000000002,0.100592
11.514,0.058706
11.515,0.0007
11.516000000000002,-0.024411
11.517,-0.030221
11.518,0.194528
11.519,0.23596
11.52,-0.237388
11.521,0.172806
11.522,0.266939
11.523,0.485019
11.524,-0.019989
11.525,0.199715
11.526000000000002,0.041907
11.527,0.264936
11.528,0.189345
11.529000000000002,0.320057
11.53,-0.033528
11.531,0.157548
11.532000000000002,0.066071
11.533,-0.278845
11.534,-0.177013
11.535,-0.028622
11.536,0.215326
11.537,0.276486
11.538,0.120151
11.539,0.044114
11.54,0.229422
11.541,-0.02265
11.542000000000002,-0.022791
11.543,0.156939
11.544,-0.011325
11.545000000000002,0.102109
11.546,0.104248
11.547,0.052843
11.548000000000002,0.227073
11.549,0.108132
11.55,-0.085136
11.551,0.479097
11.552,0.050696
11.553,-0.32942
11.554,-0.344907
11.555,0.280278
11.556,0.165224
11.557,0.064371
11.558000000000002,0.069272
11.559,-0.258507
11.56,0.486352
11.561000000000002,0.462169
11.562,-0.235347
11.563,0.043487
11.564000000000002,-0.30712
11.565,-0.085531
11.566,-0.220662
11.567,0.048607
11.568,-0.023872
11.569,-0.092474
11.57,0.354483
11.571000000000002,-0.011407
11.572,0.490676
11.573,-0.121068
11.574000000000002,0.428125
11.575,-0.000999
11.576,0.135913
11.577000000000002,-0.381134
11.578,0.175727
11.579,0.133244
11.58,0.452018
11.581,0.358198
11.582,0.239706
11.583,0.071079
11.584,0.241476
11.585,0.269581
11.586,0.069094
11.587000000000002,0.059353
11.588,-0.047281
11.589,-0.063295
11.590000000000002,0.0723
11.591,-0.047067
11.592,0.180088
11.593000000000002,0.090086
11.594,0.269408
11.595,0.031511
11.596,0.138306
11.597,-0.102231
11.598,0.160687
11.599,0.145136
11.6,-0.022112
11.601,0.060502
11.602,0.130225
11.603000000000002,-0.079015
11.604,0.332275
11.605,0.220346
11.606000000000002,0.03489
11.607,0.089285
11.608,0.00048
11.609000000000002,0.03615
11.61,0.382695
11.611,0.200007
11.612,-0.070803
11.613,0.065971
11.614,0.012007
11.615,0.152255
11.616,-0.14879
11.617,0.09558
11.618,0.184716
11.619000000000002,-0.236946
11.62,-0.190015
11.621,0.111869
11.622000000000002,-0.069383
11.623,0.299966
11.624,-0.038027
11.625000000000002,0.025493
11.626,0.014574
11.627,-0.106708
11.628,-0.187177
11.629,0.17887
11.63,-0.40081
11.631,-0.081082
11.632,0.210896
11.633,0.114753
11.634,0.122456
11.635000000000002,0.205516
11.636,0.124492
11.637,0.123065
11.638000000000002,-0.047147
11.639,0.273359
11.64,-0.107862
11.641000000000002,-0.017834
11.642,-0.058465
11.643,0.242795
11.644,-0.024245
11.645,-0.045227
11.646,-0.078316
11.647,0.180693
11.648,0.032518
11.649,0.029723
11.65,0.437347
11.651000000000002,-0.3847
11.652,0.026245
11.653,-0.011946
11.654000000000002,0.219525
11.655,0.056272
11.656,-0.171289
11.657000000000002,0.235213
11.658,0.129509
11.659,0.047955
11.66,-0.007858
11.661,0.16506
11.662,0.07166
11.663,0.150124
11.664,-0.022527
11.665,-0.329747
11.666,-0.16527
11.667000000000002,0.429059
11.668,0.008003
11.669,-0.115855
11.670000000000002,-0.008477
11.671,-0.245494
11.672,-0.070195
11.673000000000002,0.05796
11.674,0.193248
11.675,0.006888
11.676,-0.199952
11.677,-0.0647
11.678,0.097606
11.679,0.464154
11.68,0.349832
11.681,-0.305918
11.682,-0.100183
11.683000000000002,-0.099304
11.684,-0.138536
11.685,0.054067
11.686000000000002,0.084706
11.687,-0.216793
11.688,-0.005013
11.689000000000002,0.027282
11.69,0.119801
11.691,-0.05766
11.692,-0.01892
11.693,0.588494
11.694,0.200957
11.695,0.071447
11.696000000000002,0.316716
11.697,-0.142842
11.698,-0.247379
11.699000000000002,-0.147978
11.7,0.197336
11.701,0.198024
11.702000000000002,0.267594
11.703,-0.11811
11.704,0.150908
11.705,-0.195204
11.706,-0.327956
11.707,0.011657
11.708,0.461499
11.709,-0.043924
11.71,-0.091349
11.711,0.149956
11.712000000000002,0.00816
11.713,0.108276
11.714,0.034104
11.715000000000002,0.238016
11.716,0.106696
11.717,0.138783
11.718000000000002,0.377907
11.719,-0.050086
11.72,0.196498
11.721,0.058363
11.722,0.135076
11.723,0.132603
11.724,-0.016715
11.725,-0.110418
11.726,-0.405734
11.727,0.084278
11.728000000000002,0.027346
11.729,-0.091296
11.73,0.182067
11.731000000000002,-0.213188
11.732,0.015015
11.733,-0.194807
11.734000000000002,0.064829
11.735,-0.136388
11.736,-0.117109
11.737,0.104877
11.738,-0.133102
11.739,-0.024028
11.74,0.134952
11.741,0.086706
11.742,-0.161485
11.743,-0.212883
11.744000000000002,0.153433
11.745,-0.044605
11.746,0.157983
11.747000000000002,0.174975
11.748,0.007945
11.749,-0.026965
11.750000000000002,0.111051
11.751,0.008467
11.752,-0.312467
11.753,0.309474
11.754,-0.186613
11.755,0.255592
11.756,0.431126
11.757,0.019485
11.758,0.259173
11.759,0.026181
11.760000000000002,0.133307
11.761,0.121997
11.762,-0.162921
11.763000000000002,-0.195935
11.764,-0.245041
11.765,-0.328354
11.766000000000002,-0.061504
11.767,-0.024898
11.768,0.349256
11.769,0.122236
11.77,-0.008886
11.771,-0.290105
11.772,-0.155727
11.773,0.145817
11.774,0.313959
11.775,0.102648
11.776000000000002,0.231347
11.777,-0.089348
11.778,0.101507
11.779000000000002,0.143943
11.78,-0.118216
11.781,0.045663
11.782000000000002,0.223953
11.783,-0.198317
11.784,0.114709
11.785,0.122791
11.786,0.054003
11.787,0.274791
11.788,0.249351
11.789,-0.143887
11.79,-0.025036
11.791,0.158365
11.792000000000002,0.163321
11.793,0.239756
11.794,-0.170214
11.795000000000002,0.114309
11.796,0.068357
11.797,-0.044334
11.798000000000002,0.176575
11.799,0.090812
11.8,0.200807
11.801,-0.164831
11.802,0.145536
11.803,0.287858
11.804,0.319115
11.805,0.185268
11.806,0.030466
11.807,0.021527
11.808000000000002,-0.19494
11.809,-0.15583
11.81,0.005401
11.811000000000002,0.126019
11.812,0.45515
11.813,0.126075
11.814000000000002,0.285398
11.815,-0.048321
11.816,0.356533
11.817,-0.215351
11.818,0.040561
11.819,0.083286
11.82,-0.327088
11.821000000000002,0.013967
11.822,-0.044025
11.823,-0.024552
11.824000000000002,0.076282
11.825,-0.003934
11.826,-0.085944
11.827000000000002,-0.03782
11.828,-0.203697
11.829,-0.204023
11.830000000000002,-0.05753
11.831,0.125527
11.832,0.229013
11.833,0.368299
11.834,0.119089
11.835,-0.053248
11.836,-0.008894
11.837000000000002,-0.05167
11.838,0.333805
11.839,-0.13016
11.840000000000002,-0.336317
11.841,0.149693
11.842,-0.075584
11.843000000000002,0.32439
11.844,0.056871
11.845,0.201735
11.846,0.149048
11.847,0.193688
11.848,0.235176
11.849,0.053403
11.85,-0.016675
11.851,-0.117827
11.852,0.006064
11.853000000000002,0.065925
11.854,-0.090142
11.855,-0.014252
11.856000000000002,-0.160592
11.857,0.060993
11.858,0.058629
11.859000000000002,0.03881
11.86,-0.197631
11.861,0.046313
11.862,-0.023971
11.863,0.135559
11.864,0.14012
11.865,-0.296359
11.866,0.10412
11.867,-0.238224
11.868,0.339323
11.869000000000002,0.072079
11.87,0.022164
11.871,0.165401
11.872000000000002,0.119047
11.873,0.251877
11.874,0.083586
11.875000000000002,0.225545
11.876,0.115397
11.877,0.423608
11.878,-0.22238
11.879,-0.149006
11.88,0.252386
11.881,-0.138023
11.882,0.164815
11.883,-0.300973
11.884,-0.071517
11.885000000000002,0.134294
11.886,-0.175757
11.887,0.09987
11.888000000000002,-0.215321
11.889,-0.165721
11.89,0.027202
11.891000000000002,0.017416
11.892,0.211167
11.893,0.233736
11.894,0.073683
11.895,0.08591
11.896,-0.318244
11.897,0.008942
11.898,-0.046378
11.899,-0.125814
11.9,0.044111
11.901000000000002,-0.007645
11.902,-0.086564
11.903,0.010467
11.904000000000002,0.140358
11.905,0.277355
11.906,0.217538
11.907000000000002,0.019612
11.908,-0.024292
11.909,-0.104712
11.91,0.064163
11.911,-0.353026
11.912,0.040327
11.913,0.133926
11.914,-0.000252
11.915,-0.065132
11.916,-0.136036
11.917000000000002,0.402943
11.918,0.10477
11.919,-0.290798
11.920000000000002,0.209304
11.921,0.075049
11.922,0.166403
11.923000000000002,-0.103662
11.924,-0.233869
11.925,0.094298
11.926,-0.432733
11.927,0.24179
11.928,0.333
11.929,-0.094038
11.93,0.126439
11.931,-0.135282
11.932,-0.262255
11.933000000000002,-0.18048
11.934,-0.028116
11.935,0.314933
11.936000000000002,0.212758
11.937,0.188964
11.938,-0.025879
11.939000000000002,-0.257666
11.94,-0.111788
11.941,-0.377996
11.942,-0.106004
11.943,0.079428
11.944,-0.114878
11.945,0.014308
11.946000000000002,-0.168392
11.947,-0.026183
11.948,0.257438
11.949000000000002,-0.127734
11.95,0.282074
11.951,0.140271
11.952000000000002,-0.014832
11.953,0.255348
11.954,0.029166
11.955000000000002,0.112581
11.956,0.280938
11.957,0.173044
11.958,-0.105742
11.959,0.261077
11.96,0.248789
11.961,-0.106672
11.962000000000002,0.148141
11.963,-0.008313
11.964,0.013614
11.965000000000002,0.557508
11.966,-0.406373
11.967,0.216593
11.968000000000002,0.351781
11.969,-0.108506
11.97,-0.142869
11.971000000000002,-0.438249
11.972,0.471361
11.973,0.351323
11.974,0.21946
11.975,-0.052018
11.976,0.38794
11.977,0.227062
11.978000000000002,0.182453
11.979,0.156232
11.98,0.204556
11.981000000000002,0.111635
11.982,0.030007
11.983,0.372024
11.984000000000002,0.167508
11.985,-0.112755
11.986,0.149071
11.987,-0.196626
11.988,0.155825
11.989,-0.242212
11.99,0.487423
11.991,0.326829
11.992,-0.048832
11.993,-0.001438
11.994000000000002,0.065393
11.995,-0.231421
11.996,-0.042866
11.997000000000002,0.174546
11.998,-0.092127
11.999,0.706596
12.000000000000002,0.305405
12.001,-0.041562
12.002,0.01929
12.003,0.084092
12.004,0.204901
12.005,0.304971
12.006,0.140682
12.007,0.061001
12.008,0.152835
12.009,0.54823
12.010000000000002,0.155716
12.011,0.158949
12.012,-0.029226
12.013000000000002,0.01525
12.014,-0.048897
12.015,0.05974
12.016000000000002,-0.149785
12.017,0.206732
12.018,-0.029467
12.019,0.312287
12.02,0.269465
12.021,0.256151
12.022,0.050557
12.023,0.249104
12.024,-0.079692
12.025,-0.022155
12.026000000000002,-0.244515
12.027,-0.07084
12.028,-0.037605
12.029000000000002,-0.011853
12.03,-0.043913
12.031,-0.072415
12.032000000000002,0.218654
12.033,-0.007151
12.034,-0.080486
12.035,-0.182319
12.036,0.113821
12.037,-0.332432
12.038,0.226538
12.039,0.020835
12.04,0.173354
12.041,0.024079
12.042000000000002,0.112433
12.043,0.023354
12.044,0.148325
12.045000000000002,0.247672
12.046,-0.203229
12.047,-0.082828
12.048000000000002,-0.070545
12.049,-0.068163
12.05,0.199002
12.051,0.047095
12.052,0.187664
12.053,-0.060246
12.054,-0.218857
12.055,-0.171573
12.056,0.070166
12.057,0.166201
12.058000000000002,0.476632
12.059,0.045449
12.06,0.017206
12.061000000000002,0.170795
12.062,0.207258
12.063,0.079164
12.064000000000002,-0.004999
12.065,-0.090516
12.066,0.26927
12.067,-0.132491
12.068,-0.064461
12.069,0.203911
12.07,0.160632
12.071000000000002,0.316004
12.072,0.331795
12.073,0.216353
12.074000000000002,-0.098785
12.075,0.104336
12.076,0.18824
12.077000000000002,0.503407
12.078,0.201535
12.079,-0.063678
12.080000000000002,0.227661
12.081,0.193109
12.082,0.529014
12.083,0.141408
12.084,0.4244
12.085,0.008561
12.086,0.253902
12.087000000000002,0.243366
12.088,0.065603
12.089,0.38493
12.090000000000002,-0.057615
12.091,-0.009226
12.092,-0.165347
12.093000000000002,-0.195736
12.094,-0.290152
12.095,0.096754
12.096000000000002,0.456811
12.097,-0.160396
12.098,0.093532
12.099,-0.129909
12.1,0.129046
12.101,0.168967
12.102,0.150312
12.103000000000002,0.074713
12.104,-0.067399
12.105,0.002564
12.106000000000002,-0.110793
12.107,-0.081174
12.108,0.374509
12.109000000000002,-0.114605
12.11,0.174575
12.111,0.087038
12.112000000000002,-0.006105
12.113,0.048955
12.114,0.125957
12.115,-0.117802
12.116,0.491138
12.117,-0.006459
12.118,0.040525
12.119000000000002,0.217575
12.12,-0.082945
12.121,-0.051638
12.122000000000002,-0.032742
12.123,0.30319
12.124,0.105785
12.125000000000002,0.26862
12.126,-0.19735
12.127,-0.140897
12.128,0.442103
12.129,-0.243607
12.13,-0.302104
12.131,0.216277
12.132,0.391912
12.133,-0.104739
12.134,-0.095139
12.135000000000002,-0.067015
12.136,0.353001
12.137,-0.03662
12.138000000000002,0.293686
12.139,0.144735
12.14,0.300973
12.141000000000002,0.479677
12.142,-0.183941
12.143,-0.087701
12.144,-0.112597
12.145,-0.265491
12.146,0.030147
12.147,-0.246513
12.148,-0.180445
12.149,0.12797
12.15,0.295459
12.151000000000002,0.051796
12.152,0.023693
12.153,0.156314
12.154000000000002,0.116485
12.155,0.030242
12.156,0.364903
12.157000000000002,0.15523
12.158,-0.236271
12.159,0.041855
12.16,-0.018761
12.161,0.23037
12.162,0.141033
12.163,0.244138
12.164,-0.064676
12.165,-0.007948
12.166,0.183385
12.167000000000002,-0.141069
12.168,-0.224111
12.169,0.268579
12.170000000000002,0.120197
12.171,-0.074013
12.172,-0.035695
12.173000000000002,-0.102285
12.174,-0.008219
12.175,0.032154
12.176,-0.040082
12.177,0.071236
12.178,-0.039589
12.179,-0.140328
12.18,0.220764
12.181,0.44029
12.182,-0.22389
12.183000000000002,-0.232543
12.184,0.221114
12.185,0.144498
12.186000000000002,-0.228654
12.187,-0.047963
12.188,0.001066
12.189000000000002,-0.050349
12.19,-0.286894
12.191,-0.011489
12.192,-0.051023
12.193,0.258233
12.194,-0.051012
12.195,-0.005496
12.196000000000002,0.420637
12.197,0.140227
12.198,-0.278089
12.199000000000002,-0.099329
12.2,0.094459
12.201,0.030096
12.202000000000002,0.218023
12.203,0.341868
12.204,0.084568
12.205000000000002,-0.230479
12.206,-0.0722
12.207,0.002032
12.208,0.120081
12.209,0.274231
12.21,-0.075976
12.211,0.188954
12.212000000000002,-0.075273
12.213,-0.005119
12.214,0.124608
12.215000000000002,0.094312
12.216,0.206616
12.217,0.113799
12.218000000000002,0.042096
12.219,0.214681
12.22,-0.154057
12.221000000000002,-0.087862
12.222,0.178739
12.223,-0.369248
12.224,0.070808
12.225,0.274175
12.226,-7.2e-05
12.227,0.214557
12.228000000000002,0.208982
12.229,-0.256093
12.23,-0.029775
12.231000000000002,0.521619
12.232,0.116634
12.233,0.253917
12.234000000000002,0.301872
12.235,-0.109671
12.236,0.28189
12.237000000000002,0.094445
12.238,0.187105
12.239,0.110377
12.24,0.13307
12.241,-0.032603
12.242,0.025883
12.243,-0.018428
12.244000000000002,-0.089923
12.245,0.067818
12.246,0.130799
12.247000000000002,0.156939
12.248,0.398667
12.249,-0.163259
12.250000000000002,0.351398
12.251,-0.065875
12.252,0.101615
12.253000000000002,0.355178
12.254,0.20954
12.255,0.405184
12.256,0.245383
12.257,0.138465
12.258,0.382591
12.259,-0.073492
12.260000000000002,0.34634
12.261,0.088474
12.262,0.308692
12.263000000000002,0.019521
12.264,-0.061402
12.265,0.136191
12.266000000000002,0.170282
12.267,0.306482
12.268,0.104825
12.269,0.431607
12.27,0.08345
12.271,-0.146125
12.272,-0.207174
12.273,0.242994
12.274,0.14121
12.275,-0.107084
12.276000000000002,-0.127045
12.277,-0.03147
12.278,0.03527
12.279000000000002,-0.294201
12.28,-0.082351
12.281,0.214141
12.282000000000002,-0.070671
12.283,-0.295689
12.284,-0.172095
12.285,-0.086303
12.286,0.12946
12.287,0.042999
12.288,0.213851
12.289,0.060277
12.29,-0.055499
12.291,0.418458
12.292000000000002,-0.12818
12.293,-0.115575
12.294,-0.131112
12.295000000000002,0.076121
12.296,0.373303
12.297,0.197889
12.298000000000002,0.22604
12.299,-0.080375
12.3,-0.11309
12.301,0.050658
12.302,-0.41477
12.303,-0.124506
12.304,0.133971
12.305,-0.013612
12.306,0.005136
12.307,-0.098278
12.308000000000002,-0.131546
12.309,0.158425
12.31,0.00348
12.311000000000002,-0.086811
12.312,0.021089
12.313,0.116537
12.314000000000002,-0.014137
12.315,0.034125
12.316,0.13475
12.317,0.532015
12.318,-0.028948
12.319,0.056874
12.32,0.163166
12.321000000000002,0.120044
12.322,0.104779
12.323,-0.275693
12.324000000000002,0.289863
12.325,0.078929
12.326,0.037121
12.327000000000002,-0.176944
12.328,0.314588
12.329,-0.1493
12.330000000000002,0.35246
12.331,0.090833
12.332,0.366523
12.333,0.147384
12.334,0.213892
12.335,0.041436
12.336,0.149373
12.337000000000002,0.09261
12.338,-0.12606
12.339,0.142817
12.340000000000002,0.027991
12.341,0.312996
12.342,0.091641
12.343000000000002,-0.033585
12.344,-0.173019
12.345,0.022791
12.346000000000002,0.231199
12.347,-0.098498
12.348,-0.156685
12.349,-0.076343
12.35,0.149079
12.351,0.133635
12.352,0.17587
12.353000000000002,0.27708
12.354,0.301441
12.355,0.189913
12.356000000000002,-0.275727
12.357,0.181876
12.358,0.042596
12.359000000000002,-0.008414
12.36,0.294237
12.361,-0.075381
12.362000000000002,0.019159
12.363,0.361943
12.364,0.037938
12.365,0.191623
12.366,0.015369
12.367,-0.082261
12.368,0.041029
12.369000000000002,0.117735
12.37,0.290514
12.371,-0.117628
12.372000000000002,-0.197414
12.373,0.414934
12.374,-0.197529
12.375000000000002,-0.13628
12.376,0.286961
12.377,-0.292552
12.378000000000002,0.422659
12.379,-0.064895
12.38,-0.431039
12.381,0.156268
12.382,-0.0375
12.383,0.143854
12.384,0.011307
12.385000000000002,-0.033861
12.386,-0.065322
12.387,-0.033972
12.388000000000002,0.100091
12.389,0.108602
12.39,0.20589
12.391000000000002,0.047386
12.392,0.081355
12.393,0.204519
12.394,0.091533
12.395,0.159161
12.396,0.210104
12.397,0.125465
12.398,0.074892
12.399,-0.034702
12.4,-0.079178
12.401000000000002,0.257947
12.402,0.034935
12.403,-0.046887
12.404000000000002,0.005357
12.405,-0.198962
12.406,-0.108071
12.407000000000002,-0.044103
12.408,-0.11908
12.409,-0.107013
12.41,-0.044251
12.411,-0.361911
12.412,-0.543406
12.413,0.13763
12.414,0.131559
12.415,0.828991
12.416,0.082193
12.417000000000002,-0.078495
12.418,-0.159905
12.419,0.474475
12.420000000000002,0.020047
12.421,-0.286055
12.422,0.093833
12.423000000000002,-0.149902
12.424,0.350413
12.425,0.218842
12.426,-0.235151
12.427,0.003059
12.428,0.532462
12.429,0.229529
12.43,0.257535
12.431,0.016004
12.432,-0.080771
12.433000000000002,0.363833
12.434,-0.250068
12.435,0.091395
12.436000000000002,-0.066445
12.437,0.144743
12.438,0.030094
12.439000000000002,0.276573
12.44,-0.138796
12.441,0.154461
12.442,-0.079227
12.443,0.032826
12.444,0.044687
12.445,-0.144914
12.446000000000002,-0.261943
12.447,0.088819
12.448,-0.014614
12.449000000000002,-0.07582
12.45,0.133473
12.451,0.052535
12.452000000000002,0.001127
12.453,0.192182
12.454,0.461533
12.455000000000002,-0.146939
12.456,-0.045068
12.457,0.047258
12.458,-0.157995
12.459,0.186974
12.46,0.149931
12.461,0.063819
12.462000000000002,0.064872
12.463,0.05271
12.464,0.042088
12.465000000000002,0.457244
12.466,-0.357052
12.467,-0.119317
12.468000000000002,0.220445
12.469,-0.224166
12.47,-0.508013
12.471000000000002,0.030462
12.472,0.557171
12.473,-0.043245
12.474,-0.172577
12.475,0.221988
12.476,-0.038964
12.477,-0.211136
12.478000000000002,-0.15
12.479,0.274726
12.48,0.00373
12.481000000000002,0.173453
12.482,-0.096619
12.483,0.012839
12.484000000000002,-0.10172
12.485,0.131707
12.486,-0.098262
12.487000000000002,0.175754
12.488,-0.109369
12.489,0.318932
12.49,-0.040913
12.491,-0.030264
12.492,0.058365
12.493,-0.066958
12.494000000000002,0.041256
12.495,0.13186
12.496,0.098712
12.497000000000002,0.11967
12.498,0.283589
12.499,-0.107019
12.500000000000002,0.091913
12.501,0.088756
12.502,-0.087608
12.503000000000002,0.374182
12.504,0.309134
12.505,0.119619
12.506,0.102422
12.507,0.046676
12.508,0.132805
12.509,0.150907
12.510000000000002,0.041337
12.511,0.042546
12.512,0.184438
12.513000000000002,0.130754
12.514,0.19929
12.515,0.161225
12.516000000000002,0.19752
12.517,0.072301
12.518,0.216892
12.519000000000002,0.377094
12.52,0.058007
12.521,-0.005749
12.522,0.083279
12.523,0.184631
12.524,0.340525
12.525,0.208347
12.526000000000002,0.037803
12.527,0.216126
12.528,0.042368
12.529000000000002,-0.133381
12.53,0.113978
12.531,0.030002
12.532000000000002,0.173265
12.533,0.347056
12.534,-0.031908
12.535,0.223614
12.536,0.368237
12.537,0.104955
12.538,0.068025
12.539,0.355059
12.54,0.301912
12.541,0.226899
12.542000000000002,-0.01704
12.543,-0.29571
12.544,0.186691
12.545000000000002,-0.113602
12.546,-0.020636
12.547,0.467244
12.548000000000002,0.083822
12.549,0.087559
12.55,-0.002504
12.551,0.310804
12.552,0.341272
12.553,0.139752
12.554,0.068014
12.555,-0.233884
12.556,0.141773
12.557,0.063122
12.558000000000002,0.253487
12.559,-0.043706
12.56,-0.077077
12.561000000000002,0.269817
12.562,0.166372
12.563,-0.06299
12.564000000000002,-0.199049
12.565,0.061468
12.566,-0.019916
12.567,0.101302
12.568,0.186482
12.569,0.096865
12.57,-0.120136
12.571000000000002,-0.369306
12.572,0.12706
12.573,-0.061235
12.574000000000002,0.027555
12.575,0.247912
12.576,0.007907
12.577000000000002,0.166454
12.578,0.411076
12.579,-0.043271
12.580000000000002,-0.036534
12.581,0.074926
12.582,0.235586
12.583,-0.109134
12.584,-0.362053
12.585,-0.052425
12.586,-0.18185
12.587000000000002,0.006341
12.588,-0.157519
12.589,-0.003971
12.590000000000002,0.543044
12.591,-0.189894
12.592,-0.201152
12.593000000000002,-0.128196
12.594,0.380791
12.595,0.055556
12.596000000000002,-0.055902
12.597,0.02743
12.598,0.248467
12.599,0.173576
12.6,-0.003683
12.601,-0.105559
12.602,0.009913
12.603000000000002,-0.248575
12.604,-0.049811
12.605,0.002887
12.606000000000002,-0.019752
12.607,-0.219412
12.608,0.102384
12.609000000000002,0.297111
12.61,0.093395
12.611,0.254812
12.612000000000002,0.161899
12.613,0.001353
12.614,0.032224
12.615,0.203167
12.616,-0.038252
12.617,0.085396
12.618,0.079484
12.619000000000002,0.280843
12.62,-0.067473
12.621,0.29293
12.622000000000002,-0.214233
12.623,-0.022902
12.624,-0.106874
12.625000000000002,0.237639
12.626,0.255916
12.627,-0.277262
12.628000000000002,-0.229932
12.629,-0.020382
12.63,-0.250508
12.631,-0.269473
12.632,-0.222728
12.633,0.144492
12.634,-0.26695
12.635000000000002,-0.369443
12.636,-0.112755
12.637,-0.123924
12.638000000000002,0.014047
12.639,-0.166739
12.64,0.30143
12.641000000000002,0.126747
12.642,0.177743
12.643,0.472247
12.644000000000002,0.033027
12.645,-0.014126
12.646,-0.346795
12.647,-0.176665
12.648,0.220591
12.649,0.030849
12.65,0.100384
12.651000000000002,-0.037197
12.652,0.450675
12.653,0.064542
12.654000000000002,-0.069697
12.655,-0.020932
12.656,0.123742
12.657000000000002,-0.051151
12.658,0.142763
12.659,0.046401
12.660000000000002,0.064312
12.661,0.322795
12.662,0.314582
12.663,-0.195937
12.664,-0.051916
12.665,0.028794
12.666,0.070646
12.667000000000002,-0.130656
12.668,0.147586
12.669,0.141581
12.670000000000002,0.46685
12.671,0.258163
12.672,0.081015
12.673000000000002,-0.005408
12.674,-0.093124
12.675,0.034173
12.676,0.029629
12.677,0.086023
12.678,0.090249
12.679,0.011516
12.68,-0.037558
12.681,0.110666
12.682,0.098135
12.683000000000002,0.069792
12.684,-0.012396
12.685,-0.266971
12.686000000000002,-0.327713
12.687,0.233661
12.688,-0.0208
12.689000000000002,0.223917
12.69,0.225262
12.691,0.026295
12.692,0.248069
12.693,-0.108713
12.694,0.033779
12.695,0.079891
12.696000000000002,-0.15006
12.697,0.151994
12.698,0.06853
12.699000000000002,0.396747
12.7,-0.194753
12.701,0.08541
12.702000000000002,0.573961
12.703,0.078802
12.704,0.070653
12.705000000000002,0.053961
12.706,-0.264599
12.707,-0.208683
12.708,0.067048
12.709,-0.041383
12.71,0.299288
12.711,-0.049254
12.712000000000002,0.298292
12.713,-0.370611
12.714,0.017055
12.715000000000002,0.167291
12.716,-0.120323
12.717,-0.118122
12.718000000000002,-0.220847
12.719,-0.064342
12.72,-0.264738
12.721000000000002,0.276069
12.722,-0.160037
12.723,-0.243375
12.724,-0.182473
12.725,0.198679
12.726,-0.063384
12.727,0.319443
12.728000000000002,-0.062105
12.729,-0.087408
12.73,0.089931
12.731000000000002,0.063744
12.732,0.192315
12.733,0.283727
12.734000000000002,0.08466
12.735,-0.153644
12.736,-0.055726
12.737000000000002,-0.085142
12.738,0.100883
12.739,0.087816
12.74,-0.127192
12.741,0.011958
12.742,0.165764
12.743,-0.027626
12.744000000000002,0.082337
12.745,-0.036379
12.746,0.234793
12.747000000000002,-0.039282
12.748,-0.260629
12.749,0.244156
12.750000000000002,0.15818
12.751,-0.175883
12.752,-0.094394
12.753000000000002,-0.0323
12.754,0.205375
12.755,0.095971
12.756,-0.090001
12.757,-0.146676
12.758,-0.014684
12.759,0.011923
12.760000000000002,0.028184
12.761,0.083057
12.762,-0.047693
12.763000000000002,-0.071599
12.764,-0.241953
12.765,0.160811
12.766000000000002,-0.037509
12.767,0.289469
12.768,0.118872
12.769000000000002,0.008597
12.77,-0.245315
12.771,-0.224513
12.772,0.01317
12.773,0.310454
12.774,-0.133088
12.775,-0.27495
12.776000000000002,0.266908
12.777,0.039851
12.778,0.045528
12.779000000000002,-0.155997
12.78,-0.083359
12.781,0.175149
12.782000000000002,0.00659
12.783,0.173353
12.784,-0.13878
12.785000000000002,-0.100887
12.786,0.252862
12.787,-0.059811
12.788,-0.309977
12.789,-0.268473
12.79,-0.057956
12.791,-0.058824
12.792000000000002,0.188716
12.793,-0.0318
12.794,-0.002076
12.795000000000002,-0.096803
12.796,0.179703
12.797,0.285348
12.798000000000002,0.110494
12.799,0.125169
12.8,0.182577
12.801000000000002,-0.024513
12.802,0.0002
12.803,0.043547
12.804,-0.021822
12.805,0.001892
12.806,-0.061803
12.807,0.091295
12.808000000000002,-0.009241
12.809,-0.055795
12.81,-0.054866
12.811000000000002,0.323981
12.812,0.181423
12.813,0.03852
12.814000000000002,0.289111
12.815,0.020657
12.816,-0.052257
12.817,0.390715
12.818,-0.08097
12.819,0.011406
12.82,0.181514
12.821000000000002,0.321589
12.822,0.261141
12.823,0.39423
12.824000000000002,0.075214
12.825,0.078346
12.826,-0.008612
12.827000000000002,0.171678
12.828,0.243009
12.829,-0.455745
12.830000000000002,-0.094664
12.831,0.228197
12.832,0.215152
12.833,-0.116838
12.834,0.015856
12.835,-0.104269
12.836,0.203006
12.837000000000002,-0.33506
12.838,-0.211965
12.839,0.245233
12.840000000000002,-0.32845
12.841,-0.21158
12.842,0.07896
12.843000000000002,-0.062739
12.844,-0.288615
12.845,-0.044093
12.846000000000002,-0.041676
12.847,0.191852
12.848,-0.022121
12.849,0.069292
12.85,-0.175346
12.851,-0.250186
12.852,-0.074537
12.853000000000002,-0.115383
12.854,-0.246027
12.855,-0.008845
12.856000000000002,0.054908
12.857,0.101032
12.858,-0.179921
12.859000000000002,0.404384
12.86,0.032151
12.861,-0.282082
12.862000000000002,-0.211944
12.863,-0.060385
12.864,-0.024046
12.865,0.164623
12.866,0.266416
12.867,-0.1069
12.868,-0.276486
12.869000000000002,0.003449
12.87,0.023087
12.871,0.078207
12.872000000000002,-0.063727
12.873,-0.0126
12.874,-0.157378
12.875000000000002,-0.094271
12.876,-0.086126
12.877,0.207155
12.878000000000002,0.094162
12.879,0.008133
12.88,0.080635
12.881,-0.014772
12.882,0.300992
12.883,0.111465
12.884,-0.141047
12.885000000000002,-0.112076
12.886,-0.108624
12.887,0.084562
12.888000000000002,0.123863
12.889,0.150958
12.89,-0.05705
12.891000000000002,-0.153823
12.892,0.127049
12.893,0.144183
12.894000000000002,-0.141563
12.895,-0.046958
12.896,-0.039183
12.897,-0.40833
12.898,-0.008026
12.899,0.002158
12.9,0.002028
12.901000000000002,0.040592
12.902,0.230121
12.903,-0.032823
12.904000000000002,0.170002
12.905,-0.230203
12.906,-0.084211
12.907000000000002,0.145829
12.908,0.133692
12.909,-0.024392
12.910000000000002,0.240197
12.911,-0.162816
12.912,0.102338
12.913,0.100712
12.914,0.352119
12.915,-0.027551
12.916,-0.199672
12.917000000000002,0.144993
12.918,-0.109678
12.919,0.178701
12.920000000000002,-0.053792
12.921,0.019866
12.922,0.371228
12.923000000000002,0.318378
12.924,0.197096
12.925,0.235835
12.926000000000002,0.380093
12.927,0.058758
12.928,-0.250755
12.929,-0.042443
12.93,0.096297
12.931,0.024263
12.932,0.308342
12.933000000000002,0.155775
12.934,0.215502
12.935,-0.106793
12.936000000000002,0.193454
12.937,-0.085497
12.938,-0.283691
12.939000000000002,0.037185
12.94,0.061888
12.941,-0.035621
12.942,-0.050942
12.943,0.006677
12.944,-0.152057
12.945,-0.067422
12.946000000000002,-0.045772
12.947,-0.035988
12.948,0.175095
12.949000000000002,0.340333
12.95,0.139225
12.951,0.112877
12.952000000000002,0.338862
12.953,0.391935
12.954,-0.096505
12.955000000000002,0.14972
12.956,-0.086711
12.957,-0.230098
12.958,-0.290061
12.959,-0.026667
12.96,0.061682
12.961,-0.305226
12.962000000000002,0.057669
12.963,-0.138818
12.964,-0.251513
12.965000000000002,-0.193079
12.966,-0.178372
12.967,0.147124
12.968000000000002,-0.047597
12.969,-0.339432
12.97,-0.177421
12.971000000000002,-0.009789
12.972,0.067504
12.973,-0.025333
12.974,0.193722
12.975,-0.084905
12.976,0.167778
12.977,0.065376
12.978000000000002,0.03852
12.979,0.313197
12.98,0.301142
12.981000000000002,0.06636
12.982,0.187503
12.983,0.014699
12.984000000000002,0.098632
12.985,0.089943
12.986,0.123911
12.987000000000002,-0.133479
12.988,-0.084487
12.989,0.249105
12.99,-0.068376
12.991,0.100442
12.992,0.142954
12.993,0.267266
12.994000000000002,-0.159102
12.995,0.035624
12.996,0.047905
12.997000000000002,-0.365343
12.998,0.208076
12.999,0.14756
13.000000000000002,-0.328266
13.001,0.040868
13.002,0.12504
13.003000000000002,-0.09075
13.004,-0.287709
13.005,0.170637
13.006,-0.147065
13.007,0.0171
13.008,0.032032
13.009,-0.305884
13.010000000000002,-0.039744
13.011,-0.210943
13.012,0.111623
13.013000000000002,-0.126838
13.014,0.337194
13.015,0.279154
13.016000000000002,-0.059366
13.017,-0.399544
13.018,-0.269366
13.019000000000002,-0.019146
13.02,-0.32807
13.021,0.092532
13.022,0.171629
13.023,-0.145786
13.024,-0.225138
13.025,0.193907
13.026000000000002,-0.094717
13.027,0.066968
13.028,0.161035
13.029000000000002,0.200956
13.03,0.065397
13.031,0.113786
13.032000000000002,0.376779
13.033,-0.103656
13.034,-0.099202
13.035000000000002,-0.039965
13.036,-0.261085
13.037,0.270025
13.038,0.151999
13.039,-0.218251
13.04,0.035944
13.041,-0.042071
13.042000000000002,0.111369
13.043,0.396922
13.044,0.093933
13.045000000000002,0.372548
13.046,0.030572
13.047,-0.064478
13.048000000000002,-0.076297
13.049,0.052601
13.05,0.070248
13.051000000000002,-0.18019
13.052,-0.059366
13.053,0.277637
13.054,0.155797
13.055,0.164915
13.056,0.230408
13.057,0.276111
13.058000000000002,0.265955
13.059,-0.055317
13.06,-0.34147
13.061000000000002,-0.169731
13.062,-0.018843
13.063,-0.02932
13.064000000000002,-0.036515
13.065,-0.387356
13.066,-0.011213
13.067000000000002,0.254721
13.068,-0.094405
13.069,-0.112474
13.07,-0.008404
13.071000000000002,-0.107351
13.072,-0.236545
13.073,-0.55461
13.074000000000002,-0.177402
13.075,0.117159
13.076,-0.088271
13.077000000000002,-0.451848
13.078,-0.15985
13.079,-0.227727
13.080000000000002,-0.196305
13.081,-0.092213
13.082,-0.136388
13.083,0.021403
13.084,0.299294
13.085,0.441953
13.086,-0.04747
13.087000000000002,0.114935
13.088,-0.040737
13.089,-0.115182
13.090000000000002,0.179419
13.091,-0.130609
13.092,0.243671
13.093000000000002,0.383062
13.094,0.180281
13.095,0.255707
13.096000000000002,0.318016
13.097,0.106498
13.098,0.076019
13.099,-0.058399
13.1,-0.104944
13.101,0.279161
13.102,-0.336931
13.103000000000002,0.217562
13.104,0.109145
13.105,-0.341561
13.106000000000002,-0.125048
13.107,-0.21223
13.108,0.178184
13.109000000000002,-0.167813
13.11,-0.034969
13.111,0.009232
13.112000000000002,-0.307591
13.113,-0.24823
13.114,-0.157255
13.115,-0.07941
13.116,-0.324233
13.117,-0.151148
13.118,-0.126112
13.119000000000002,-0.00807
13.12,-0.097279
13.121,6.7e-05
13.122000000000002,0.100323
13.123,0.05583
13.124,-0.004867
13.125000000000002,0.030523
13.126,0.222261
13.127,-0.079024
13.128000000000002,0.024961
13.129,-0.0429
13.13,-0.249559
13.131,0.26604
13.132,-0.032311
13.133,0.034921
13.134,0.0813
13.135000000000002,0.150987
13.136,0.258071
13.137,-0.003388
13.138000000000002,-0.145643
13.139,-0.134005
13.14,0.2662
13.141000000000002,-0.141041
13.142,-0.159787
13.143,0.274099
13.144000000000002,0.195825
13.145,-0.028165
13.146,0.052435
13.147,0.199652
13.148,0.178401
13.149,0.056408
13.15,-0.182259
13.151000000000002,0.155451
13.152,-0.017705
13.153,0.385357
13.154000000000002,-0.225749
13.155,-0.053515
13.156,-0.003723
13.157000000000002,0.106372
13.158,-0.298864
13.159,-0.029086
13.160000000000002,-0.127968
13.161,0.089098
13.162,-0.121134
13.163,0.132037
13.164,0.00822
13.165,0.018767
13.166,-0.037719
13.167000000000002,-0.388554
13.168,-0.156822
13.169,-0.255531
13.170000000000002,0.031166
13.171,-0.148531
13.172,-0.271656
13.173000000000002,0.05421
13.174,0.131276
13.175,0.094379
13.176000000000002,0.099017
13.177,-0.319503
13.178,-0.042192
13.179,0.171084
13.18,-0.381842
13.181,-0.403531
13.182,-0.006827
13.183000000000002,0.11168
13.184,-0.067216
13.185,0.046049
13.186000000000002,0.313411
13.187,-0.073525
13.188,-0.351476
13.189000000000002,-0.171597
13.19,0.080567
13.191,0.122595
13.192000000000002,0.343505
13.193,0.191652
13.194,-0.192496
13.195,0.025624
13.196000000000002,0.128636
13.197,-0.02179
13.198,0.026309
13.199000000000002,-0.021818
13.2,0.017631
13.201,0.051202
13.202000000000002,0.026559
13.203,-0.130587
13.204,-0.247156
13.205000000000002,-0.129064
13.206,0.553582
13.207,0.021042
13.208000000000002,0.194412
13.209,-0.005283
13.21,-0.365021
13.211,0.255814
13.212000000000002,-0.031973
13.213,0.349314
13.214,0.216155
13.215000000000002,0.052928
13.216,-0.068675
13.217,0.128017
13.218000000000002,-0.210019
13.219,-0.155437
13.22,0.165663
13.221000000000002,-0.12488
13.222,0.145949
13.223,0.125225
13.224,0.001815
13.225,0.224633
13.226,0.049156
13.227,-0.126796
13.228000000000002,-0.097037
13.229,0.40111
13.23,0.399652
13.231000000000002,0.293763
13.232,-0.191384
13.233,-0.115939
13.234000000000002,0.131826
13.235,0.034821
13.236,-0.10387
13.237000000000002,0.030097
13.238,0.245202
13.239,-0.080813
13.24,0.089172
13.241,0.123483
13.242,0.071717
13.243,0.001447
13.244000000000002,-0.002594
13.245,-0.417796
13.246,0.405655
13.247000000000002,0.182637
13.248,0.185244
13.249,-0.02657
13.250000000000002,-0.100953
13.251,0.131071
13.252,0.121955
13.253000000000002,0.154585
13.254,-0.216089
13.255,0.107632
13.256,0.277395
13.257,-0.295678
13.258,-0.211168
13.259,-0.208205
13.260000000000002,0.267293
13.261,0.094715
13.262,-0.124363
13.263000000000002,-0.209262
13.264,0.084526
13.265,0.228437
13.266000000000002,0.195027
13.267,-0.113261
13.268,0.148877
13.269000000000002,0.175654
13.27,-0.122302
13.271,-0.297197
13.272,-0.063743
13.273,-0.335536
13.274,0.079463
13.275,0.389349
13.276000000000002,-0.002051
13.277,0.02084
13.278,-0.322334
13.279000000000002,0.045646
13.28,-0.146653
13.281,0.032041
13.282000000000002,-0.089329
13.283,0.157098
13.284,-0.023658
13.285000000000002,0.11196
13.286,0.464259
13.287,0.288052
13.288,-0.011595
13.289,-0.11184
13.29,0.111712
13.291,0.129077
13.292000000000002,0.202998
13.293,-0.012163
13.294,-0.14592
13.295000000000002,-0.155563
13.296,0.165708
13.297,0.030907
13.298000000000002,-0.120258
13.299,0.231296
13.3,0.162795
13.301000000000002,0.274565
13.302,0.140879
13.303,0.295105
13.304,-0.184051
13.305,-0.144285
13.306,0.182233
13.307,0.268143
13.308000000000002,0.102606
13.309,0.14883
13.31,0.095564
13.311000000000002,-0.207529
13.312,-0.162971
13.313,-0.089862
13.314000000000002,0.330412
13.315,-0.036675
13.316,0.068062
13.317000000000002,0.031905
13.318,-0.042938
13.319,-0.128547
13.32,0.022651
13.321000000000002,0.161514
13.322,0.190161
13.323,-0.165792
13.324000000000002,0.317407
13.325,0.055188
13.326,0.071181
13.327000000000002,-0.14152
13.328,0.308073
13.329,0.046333
13.330000000000002,-0.042252
13.331,-0.000494
13.332,0.096248
13.333000000000002,0.045066
13.334,0.677033
13.335,0.369801
13.336,-0.202249
13.337000000000002,-0.153587
13.338,0.150715
13.339,0.435287
13.340000000000002,0.010632
13.341,-0.256529
13.342,0.045856
13.343000000000002,0.203412
13.344,-0.120141
13.345,-0.034923
13.346000000000002,0.405675
13.347,0.007354
13.348,0.218548
13.349000000000002,0.096025
13.35,-0.015474
13.351,0.117767
13.352,0.401551
13.353000000000002,-0.095033
13.354,0.203223
13.355,0.159896
13.356000000000002,-0.210818
13.357,-0.087327
13.358,0.205841
13.359000000000002,-0.270935
13.36,-0.169061
13.361,-0.047704
13.362000000000002,0.417044
13.363,0.078297
13.364,-0.023926
13.365,0.179974
13.366,0.098976
13.367,0.015978
13.368,0.247671
13.369000000000002,0.007179
13.37,0.099918
13.371,0.21152
13.372000000000002,-0.11676
13.373,0.549679
13.374,0.349264
13.375000000000002,0.247349
13.376,0.24704
13.377,-0.089831
13.378000000000002,0.093221
13.379,-0.27805
13.38,0.257424
13.381,0.203848
13.382,0.249809
13.383,-0.049324
13.384,0.304177
13.385000000000002,-0.040554
13.386,0.438161
13.387,0.408699
13.388000000000002,-0.123421
13.389,-0.048125
13.39,0.656669
13.391000000000002,0.136064
13.392,0.333959
13.393,0.282413
13.394000000000002,-0.016144
13.395,0.067258
13.396,-0.426157
13.397,0.090123
13.398,0.215944
13.399,-0.018448
13.4,-0.064897
13.401000000000002,-0.023223
13.402,0.03233
13.403,-0.13045
13.404000000000002,0.280759
13.405,0.34812
13.406,0.153202
13.407000000000002,-0.154444
13.408,-0.066926
13.409,-0.306812
13.410000000000002,0.139237
13.411,0.044967
13.412,0.114243
13.413,0.057162
13.414,-0.179172
13.415,0.380901
13.416,0.012751
13.417000000000002,-0.151889
13.418,0.268869
13.419,0.066829
13.420000000000002,0.077803
13.421,-0.181867
13.422,-0.105984
13.423000000000002,-0.196252
13.424,-0.163477
13.425,0.230154
13.426000000000002,0.044182
13.427,-0.009611
13.428,0.15304
13.429,0.006298
13.43,-0.064181
13.431,0.267305
13.432,0.412823
13.433000000000002,0.127609
13.434,-0.235545
13.435,-0.201379
13.436000000000002,0.475619
13.437,0.1891
13.438,-0.027546
13.439000000000002,-0.055554
13.44,0.114855
13.441,0.305251
13.442000000000002,0.089578
13.443,0.119266
13.444,-0.196765
13.445,-0.078895
13.446000000000002,-0.205795
13.447,0.201016
13.448,-0.158011
13.449000000000002,0.109872
13.45,-0.031347
13.451,-0.054434
13.452000000000002,-0.149297
13.453,0.033996
13.454,-0.212367
13.455000000000002,0.067333
13.456,-0.207171
13.457,-0.250201
13.458000000000002,-0.01645
13.459,-0.082039
13.46,0.170118
13.461,0.216108
13.462000000000002,-0.118485
13.463,-0.102446
13.464,0.156923
13.465000000000002,-0.021307
13.466,-0.272581
13.467,-0.02613
13.468000000000002,0.143578
13.469,0.010336
13.47,0.098975
13.471000000000002,0.338255
13.472,0.029722
13.473,0.317048
13.474000000000002,-0.147948
13.475,0.093674
13.476,0.239506
13.477,0.338645
13.478000000000002,0.153799
13.479,-0.277336
13.48,0.004488
13.481000000000002,-0.08052
13.482,-0.174762
13.483,0.274738
13.484000000000002,0.007283
13.485,0.322832
13.486,0.030369
13.487000000000002,0.149178
13.488,0.102862
13.489,-0.102419
13.490000000000002,-0.017711
13.491,-0.099881
13.492,0.212137
13.493,-0.167952
13.494000000000002,0.064254
13.495,0.033616
13.496,-0.109904
13.497000000000002,0.282226
13.498,0.148014
13.499,-0.124881
13.500000000000002,0.163251
13.501,0.120964
13.502,-0.192522
13.503000000000002,-0.331209
13.504,0.030144
13.505,-0.168279
13.506,-0.161143
13.507,-0.001624
13.508,0.130717
13.509,0.05391
13.510000000000002,0.177399
13.511,0.341046
13.512,0.217233
13.513000000000002,0.271938
13.514,0.06974
13.515,0.188173
13.516000000000002,0.024104
13.517,0.055137
13.518,0.203103
13.519000000000002,0.242933
13.52,-0.144662
13.521,-0.134645
13.522,-0.050357
13.523,-0.150339
13.524,0.089264
13.525,-0.096632
13.526000000000002,-0.18486
13.527,-0.07241
13.528,-0.194924
13.529000000000002,-0.117313
13.53,-0.136071
13.531,0.107154
13.532000000000002,-0.163148
13.533,-0.206128
13.534,-0.051645
13.535000000000002,-0.039386
13.536,-0.121629
13.537,0.135832
13.538,-0.207472
13.539,-0.345757
13.54,0.302719
13.541,0.085088
13.542000000000002,0.173979
13.543,0.31983
13.544,0.102346
13.545000000000002,-0.177163
13.546,0.327418
13.547,0.410269
13.548000000000002,0.042089
13.549,0.183595
13.55,-0.117964
13.551000000000002,0.314451
13.552,0.112079
13.553,0.038714
13.554,-0.241781
13.555,0.111305
13.556,-0.001242
13.557,-0.268691
13.558000000000002,0.243436
13.559,0.30701
13.56,0.10644
13.561000000000002,0.186346
13.562,0.104353
13.563,0.019423
13.564000000000002,0.061389
13.565,0.138462
13.566,-0.002009
13.567000000000002,-0.17895
13.568,0.074664
13.569,0.005707
13.57,0.049159
13.571000000000002,0.155907
13.572,0.075566
13.573,-0.006288
13.574000000000002,-0.321759
13.575,0.297708
13.576,0.004207
13.577000000000002,0.193594
13.578,0.213163
13.579,0.034497
13.580000000000002,0.106854
13.581,0.117882
13.582,0.332811
13.583000000000002,-0.166798
13.584,0.07428
13.585,0.070605
13.586,-0.005451
13.587000000000002,0.058157
13.588,0.215226
13.589,0.098114
13.590000000000002,0.103584
13.591,0.052702
13.592,-0.237913
13.593000000000002,0.019709
13.594,-0.085885
13.595,-0.297203
13.596000000000002,-0.490227
13.597,-0.09005
13.598,-0.284482
13.599000000000002,-0.122798
13.6,0.027354
13.601,-0.011723
13.602,-0.10169
13.603000000000002,-0.180643
13.604,0.14266
13.605,0.43776
13.606000000000002,0.089585
13.607,0.232924
13.608,0.007083
13.609000000000002,0.212771
13.61,0.079794
13.611,-0.109549
13.612000000000002,-0.171051
13.613,0.234656
13.614,-0.072123
13.615000000000002,-0.089415
13.616,0.112356
13.617,0.196175
13.618,0.001353
13.619000000000002,0.097092
13.62,0.470284
13.621,0.147505
13.622000000000002,-0.097827
13.623,-0.030795
13.624,0.040181
13.625000000000002,0.13993
13.626,-0.029431
13.627,0.122825
13.628000000000002,0.025581
13.629,0.209783
13.63,0.157901
13.631,-0.007334
13.632,0.089006
13.633,-0.015495
13.634,-0.03866
13.635000000000002,0.164893
13.636,0.254163
13.637,0.151034
13.638000000000002,0.062801
13.639,-0.08327
13.64,0.043785
13.641000000000002,-0.230668
13.642,-0.315584
13.643,0.130886
13.644000000000002,0.027876
13.645,-0.027536
13.646,0.327749
13.647,0.403253
13.648,-0.104256
13.649,-0.316854
13.65,-0.529937
13.651000000000002,-0.316677
13.652,0.149369
13.653,0.184924
13.654000000000002,0.230894
13.655,0.033505
13.656,0.024476
13.657000000000002,-0.007415
13.658,0.321493
13.659,0.007023
13.660000000000002,0.103173
13.661,0.250653
13.662,-0.200663
13.663,-0.098416
13.664,0.018458
13.665,-0.208687
13.666,0.238906
13.667000000000002,-0.112075
13.668,-0.097552
13.669,0.265307
13.670000000000002,0.075861
13.671,-0.020182
13.672,-0.204789
13.673000000000002,0.099702
13.674,0.160491
13.675,0.133634
13.676000000000002,0.143529
13.677,-0.248564
13.678,-0.041972
13.679,-0.060304
13.68,-0.017122
13.681,0.269271
13.682,-0.09062
13.683000000000002,0.280684
13.684,0.124504
13.685,0.152609
13.686000000000002,-0.136728
13.687,0.026664
13.688,0.276782
13.689000000000002,0.193509
13.69,0.09762
13.691,0.121667
13.692000000000002,-0.139881
13.693,-0.117512
13.694,-0.089386
13.695,-0.096888
13.696000000000002,-0.186133
13.697,0.231858
13.698,-0.264686
13.699000000000002,0.031354
13.7,0.055716
13.701,0.24768
13.702000000000002,0.066504
13.703,0.068014
13.704,-0.007484
13.705000000000002,-0.085358
13.706,-0.060869
13.707,0.056221
13.708000000000002,0.153349
13.709,0.335088
13.71,-0.11433
13.711,-0.026608
13.712000000000002,0.292651
13.713,0.116134
13.714,0.576455
13.715000000000002,0.284432
13.716,-0.271647
13.717,-0.034369
13.718000000000002,-0.016413
13.719,0.071759
13.72,0.33038
13.721000000000002,0.125406
13.722,-0.030638
13.723,0.084375
13.724000000000002,0.30157
13.725,0.349267
13.726,-0.151266
13.727,0.244147
13.728000000000002,-0.056588
13.729,-0.291734
13.73,0.105279
13.731000000000002,0.109279
13.732,0.059946
13.733,0.058476
13.734000000000002,-0.213365
13.735,-0.119696
13.736,-0.026935
13.737000000000002,0.111894
13.738,-0.049749
13.739,-0.032654
13.740000000000002,0.010895
13.741,0.005597
13.742,0.087315
13.743,-0.316728
13.744000000000002,0.052745
13.745,-0.250818
13.746,-0.00898
13.747000000000002,0.089174
13.748,-0.043863
13.749,-0.01756
13.750000000000002,0.044449
13.751,0.09182
13.752,0.196081
13.753000000000002,-0.012712
13.754,-0.008776
13.755,-0.207925
13.756000000000002,-0.409273
13.757,-0.057981
13.758,0.4494
13.759,-0.067723
13.760000000000002,-0.178382
13.761,0.127832
13.762,0.269752
13.763000000000002,0.239784
13.764,-0.170813
13.765,0.029725
13.766000000000002,0.029259
13.767,0.018598
13.768,0.091701
13.769000000000002,0.261897
13.77,-0.20057
13.771,0.241819
13.772,0.215773
13.773,0.15107
13.774,0.135454
13.775,0.235736
13.776000000000002,-0.175007
13.777,0.216443
13.778,-0.031576
13.779000000000002,0.139548
13.78,-0.420948
13.781,0.086509
13.782000000000002,-0.048942
13.783,0.024102
13.784,-0.329242
13.785000000000002,0.02106
13.786,-0.055438
13.787,-0.047523
13.788,0.122176
13.789,0.167107
13.79,-0.083122
13.791,0.042028
13.792000000000002,0.19469
13.793,0.032151
13.794,0.332203
13.795000000000002,0.367329
13.796,-0.088736
13.797,-0.101576
13.798000000000002,0.193816
13.799,-0.194924
13.8,0.089875
13.801000000000002,0.048557
13.802,0.125344
13.803,-0.049386
13.804,-0.02433
13.805,-0.044881
13.806,0.034687
13.807,0.165476
13.808000000000002,0.076875
13.809,-0.018117
13.81,0.293196
13.811000000000002,0.10684
13.812,-0.032408
13.813,-0.217653
13.814000000000002,0.047991
13.815,0.427004
13.816,-0.201239
13.817000000000002,0.08028
13.818,-0.35846
13.819,-0.074712
13.82,-0.119488
13.821000000000002,0.110933
13.822,0.138486
13.823,0.045638
13.824000000000002,-0.279709
13.825,0.171312
13.826,-0.067812
13.827000000000002,0.398132
13.828,-0.280509
13.829,0.423204
13.830000000000002,0.282742
13.831,-0.216323
13.832,-0.052743
13.833000000000002,-0.189139
13.834,-0.103428
13.835,0.145825
13.836,0.204315
13.837000000000002,0.108
13.838,-0.212325
13.839,0.128024
13.840000000000002,-0.123849
13.841,0.3627
13.842,0.208762
13.843000000000002,0.051345
13.844,0.152506
13.845,0.110017
13.846000000000002,-0.233143
13.847,-0.169351
13.848,0.080106
13.849000000000002,-0.035175
13.85,-0.356864
13.851,0.108419
13.852,-0.305969
13.853000000000002,0.228904
13.854,-0.179869
13.855,-0.212288
13.856000000000002,0.207413
13.857,-0.061141
13.858,0.173514
13.859000000000002,0.130974
13.86,0.015785
13.861,-0.070452
13.862000000000002,0.124078
13.863,-0.231553
13.864,-0.020822
13.865000000000002,0.022463
13.866,0.161569
13.867,0.086498
13.868,-0.054944
13.869000000000002,0.120911
13.87,-0.134905
13.871,-0.121656
13.872000000000002,-0.284486
13.873,0.169352
13.874,0.191595
13.875000000000002,0.456472
13.876,-0.084988
13.877,-0.340961
13.878000000000002,-0.08702
13.879,0.050569
13.88,0.411754
13.881000000000002,0.124811
13.882,-0.08776
13.883,-0.122649
13.884,0.063767
13.885000000000002,-0.132566
13.886,0.001431
13.887,-0.060385
13.888000000000002,0.167194
13.889,0.040802
13.89,0.090705
13.891000000000002,0.07556
13.892,-0.05167
13.893,0.373276
13.894000000000002,0.080335
13.895,-0.247291
13.896,-0.282091
13.897000000000002,0.170062
13.898,0.200374
13.899,0.062508
13.9,0.188668
13.901000000000002,0.035242
13.902,0.16114
13.903,0.306921
13.904000000000002,0.452009
13.905,-0.135616
13.906,0.118278
13.907000000000002,0.089341
13.908,-0.174
13.909,0.02371
13.910000000000002,0.093124
13.911,0.181862
13.912,0.023697
13.913,-0.280486
13.914,0.005099
13.915,-0.010261
13.916,-0.075719
13.917000000000002,-0.237886
13.918,0.586897
13.919,0.243967
13.920000000000002,0.152253
13.921,0.25178
13.922,-0.074821
13.923000000000002,-0.08893
13.924,0.296517
13.925,-0.083084
13.926000000000002,0.04454
13.927,0.258073
13.928,0.218974
13.929,-0.034665
13.93,0.34341
13.931,-0.110972
13.932,0.058918
13.933000000000002,-0.329532
13.934,-0.033636
13.935,0.137814
13.936000000000002,-0.054774
13.937,0.00148
13.938,0.135574
13.939000000000002,-0.123208
13.94,0.330015
13.941,0.162888
13.942000000000002,-0.171196
13.943,0.101367
13.944,0.105404
13.945,-0.123353
13.946000000000002,-0.174535
13.947,0.245392
13.948,0.267129
13.949000000000002,0.215004
13.95,0.383569
13.951,-0.196148
13.952000000000002,0.134052
13.953,0.00328
13.954,-0.199558
13.955000000000002,0.37917
13.956,0.206644
13.957,0.138649
13.958000000000002,0.176119
13.959,0.123348
13.96,-0.158094
13.961,-0.045202
13.962000000000002,0.52485
13.963,-0.096154
13.964,-0.072634
13.965000000000002,-0.300338
13.966,-0.089687
13.967,-0.076524
13.968000000000002,-0.093433
13.969,0.41075
13.97,0.097309
13.971000000000002,-0.053165
13.972,-0.025626
13.973,-0.202821
13.974000000000002,-0.071652
13.975,-0.15998
13.976,0.054067
13.977,0.278406
13.978000000000002,0.278732
13.979,0.232621
13.98,0.418792
13.981000000000002,-0.000987
13.982,-0.064612
13.983,0.145086
13.984000000000002,0.142477
13.985,-0.220346
13.986,0.087598
13.987000000000002,0.281951
13.988,-0.046624
13.989,-0.122746
13.990000000000002,0.019114
13.991,0.304324
13.992,0.043438
13.993,-0.031286
13.994000000000002,-0.162953
13.995,0.416371
13.996,0.262058
13.997000000000002,0.309514
13.998,0.154906
13.999,0.214096
14.000000000000002,-0.041602
14.001,-0.085054
14.002,0.021358
14.003000000000002,0.178734
14.004,0.108106
14.005,-0.017639
14.006000000000002,-0.339858
14.007,0.224265
14.008,0.208415
14.009,0.068513
14.010000000000002,0.156777
14.011,-0.046049
14.012,-0.123378
14.013000000000002,-0.238814
14.014,0.044329
14.015,0.307713
14.016000000000002,0.289541
14.017,0.117932
14.018,-0.100564
14.019000000000002,-0.02845
14.02,-0.164712
14.021,0.134271
14.022000000000002,0.199497
14.023,0.264427
14.024,0.423217
14.025,0.020368
14.026000000000002,-0.042417
14.027,-0.63128
14.028,-0.256438
14.029000000000002,0.067914
14.03,0.094557
14.031,-0.249442
14.032000000000002,0.241528
14.033,-0.02054
14.034,-0.146227
14.035000000000002,-0.038917
14.036,0.236975
14.037,0.320309
14.038000000000002,-0.080196
14.039,-0.193808
14.04,-0.183721
14.041,-0.104737
14.042000000000002,-0.006994
14.043,-0.139552
14.044,0.315189
14.045000000000002,0.01453
14.046,-0.028192
14.047,-0.131598
14.048000000000002,0.222541
14.049,0.188693
14.05,0.177435
14.051000000000002,0.324532
14.052,-0.239892
14.053,0.193881
14.054,-0.074571
14.055,-0.002335
14.056,-0.133677
14.057,-0.011988
14.058000000000002,0.258654
14.059,0.322271
14.06,0.077375
14.061000000000002,-0.071459
14.062,-0.036775
14.063,-0.123295
14.064000000000002,-0.262679
14.065,0.123142
14.066,-0.019264
14.067000000000002,-0.237879
14.068,-0.135215
14.069,-0.044107
14.07,0.296722
14.071000000000002,-0.08897
14.072,0.431312
14.073,0.312185
14.074000000000002,0.13872
14.075,-0.285234
14.076,-0.104944
14.077000000000002,-0.033037
14.078,0.116258
14.079,0.134827
14.080000000000002,-0.164233
14.081,-0.093746
14.082,0.270966
14.083000000000002,0.154338
14.084,-0.001128
14.085,-0.188747
14.086,-0.080662
14.087000000000002,-0.010754
14.088,-0.120603
14.089,0.075767
14.090000000000002,0.208956
14.091,0.135888
14.092,0.370517
14.093000000000002,0.004363
14.094,0.222435
14.095,0.372697
14.096000000000002,0.162908
14.097,-0.073549
14.098,0.110521
14.099000000000002,-0.198696
14.1,0.13773
14.101,-0.181958
14.102,0.254495
14.103000000000002,-0.112245
14.104,0.076471
14.105,0.297817
14.106000000000002,0.211801
14.107,0.346448
14.108,-0.307409
14.109000000000002,0.103068
14.11,-0.119292
14.111,0.105919
14.112000000000002,0.093606
14.113,-0.23956
14.114,-0.159061
14.115000000000002,-0.181059
14.116,0.066327
14.117,0.131304
14.118,-0.0028
14.119000000000002,-0.149864
14.12,0.02692
14.121,-0.048286
14.122000000000002,0.004887
14.123,0.122255
14.124,0.015885
14.125000000000002,-0.076778
14.126,-0.24146
14.127,-0.181809
14.128000000000002,0.035653
14.129,-0.247464
14.13,0.204299
14.131000000000002,-0.042746
14.132,-0.110896
14.133,0.128963
14.134,0.134534
14.135000000000002,0.040385
14.136,0.125409
14.137,0.178802
14.138000000000002,0.374024
14.139,0.453978
14.14,0.32236
14.141000000000002,0.149633
14.142,-0.198216
14.143,0.190548
14.144000000000002,-0.403779
14.145,-0.065058
14.146,-0.321949
14.147000000000002,0.16705
14.148,0.224087
14.149,-0.191581
14.15,-0.239405
14.151000000000002,-0.262108
14.152,-0.099579
14.153,0.217457
14.154000000000002,0.063369
14.155,0.015089
14.156,-0.072326
14.157000000000002,0.285697
14.158,-0.234245
14.159,-0.15251
14.160000000000002,-0.05948
14.161,-0.140939
14.162,0.120706
14.163000000000002,-0.109786
14.164,-0.132622
14.165,-0.073606
14.166,-0.221034
14.167000000000002,-0.040735
14.168,0.079519
14.169,0.333898
14.170000000000002,-0.033216
14.171,0.166252
14.172,0.047821
14.173000000000002,0.056763
14.174,-0.104684
14.175,-0.028335
14.176000000000002,-0.112068
14.177,-0.157509
14.178,-0.117267
14.179000000000002,0.032661
14.18,-0.03507
14.181,0.119549
14.182,0.090155
14.183000000000002,0.028129
14.184,-0.167503
14.185,-0.016361
14.186000000000002,0.094626
14.187,-0.021142
14.188,-0.01568
14.189000000000002,0.066815
14.19,-0.239418
14.191,0.2849
14.192000000000002,0.059945
14.193,0.143854
14.194,0.192122
14.195,0.062578
14.196000000000002,0.068276
14.197,0.070601
14.198,-0.282889
14.199000000000002,0.1039
14.2,0.159563
14.201,0.040043
14.202000000000002,-0.12199
14.203,-0.000894
14.204,0.0184
14.205000000000002,-0.288477
14.206,-0.366094
14.207,0.359786
14.208000000000002,0.298457
14.209,0.225934
14.21,0.01522
14.211,-0.014456
14.212000000000002,-0.113519
14.213,0.067265
14.214,0.359236
14.215000000000002,-0.118795
14.216,-0.126163
14.217,0.094726
14.218000000000002,0.046117
14.219,0.453801
14.22,0.20626
14.221000000000002,-0.252673
14.222,0.153885
14.223,0.049755
14.224000000000002,0.225603
14.225,0.02016
14.226,-0.109421
14.227,0.115122
14.228000000000002,0.352078
14.229,0.303037
14.23,0.155045
14.231000000000002,0.203554
14.232,0.146887
14.233,-0.147863
14.234000000000002,-0.195006
14.235,0.023192
14.236,-0.163297
14.237000000000002,-0.226953
14.238,0.077589
14.239,-0.077574
14.240000000000002,0.178563
14.241,0.062917
14.242,-0.121311
14.243,-0.262193
14.244000000000002,-0.291709
14.245,0.137767
14.246,-0.08904
14.247000000000002,-0.156078
14.248,-0.000936
14.249,0.289093
14.250000000000002,0.203079
14.251,-0.142194
14.252,0.030885
14.253000000000002,-0.122765
14.254,0.312903
14.255,0.364614
14.256000000000002,-0.111115
14.257,0.058783
14.258,-0.403761
14.259,-0.30816
14.260000000000002,-0.232747
14.261,-0.354057
14.262,0.178377
14.263000000000002,0.236854
14.264,0.026181
14.265,-0.215157
14.266000000000002,0.142499
14.267,-0.261279
14.268,-0.048389
14.269000000000002,-0.051636
14.27,0.226776
14.271,0.096022
14.272000000000002,-0.089
14.273,-0.29397
14.274,0.133427
14.275,0.153808
14.276000000000002,0.09382
14.277,0.033254
14.278,-0.077654
14.279000000000002,0.326406
14.28,-0.189683
14.281,-0.233316
14.282000000000002,-0.08654
14.283,0.045688
14.284,-0.310139
14.285000000000002,0.329006
14.286,0.162132
14.287,0.168847
14.288000000000002,0.014003
14.289,0.090959
14.29,0.317469
14.291,0.048957
14.292000000000002,0.244003
14.293,0.040268
14.294,-0.298063
14.295000000000002,-0.11484
14.296,-0.011825
14.297,0.144215
14.298000000000002,-0.048545
14.299,-0.134248
14.3,-0.233928
14.301000000000002,0.073331
14.302,0.162014
14.303,0.214561
14.304000000000002,0.061162
14.305,0.166442
14.306,0.04432
14.307,-0.227735
14.308000000000002,0.060146
14.309,0.065103
14.31,0.12071
14.311000000000002,0.19281
14.312,-0.094391
14.313,0.195645
14.314000000000002,0.222395
14.315,-0.11716
14.316,-0.11972
14.317000000000002,0.111655
14.318,-0.183504
14.319,0.065979
14.32,0.190462
14.321000000000002,0.043293
14.322,-0.264827
14.323,0.267712
14.324000000000002,-0.284511
14.325,-0.316439
14.326,0.136089
14.327000000000002,0.12602
14.328,-0.117689
14.329,-0.066294
14.330000000000002,-0.072011
14.331,0.308607
14.332,-0.154382
14.333000000000002,0.035355
14.334,-0.068332
14.335,-0.175757
14.336,-0.229905
14.337000000000002,0.225876
14.338,0.018477
14.339,0.100019
14.340000000000002,-0.114188
14.341,-0.164077
14.342,0.098181
14.343000000000002,0.322533
14.344,0.077404
14.345,-0.110166
14.346000000000002,-0.127616
14.347,-0.193671
14.348,0.277277
14.349000000000002,-0.050295
14.35,0.204216
14.351,0.019686
14.352,0.339739
14.353000000000002,0.044629
14.354,-0.027664
14.355,0.290667
14.356000000000002,-0.039474
14.357,0.123631
14.358,0.283379
14.359000000000002,0.112089
14.36,-0.24929
14.361,0.189233
14.362000000000002,0.324163
14.363,0.214458
14.364,0.182902
14.365000000000002,-0.340047
14.366,0.120823
14.367,-0.211751
14.368,-0.115922
14.369000000000002,0.162927
14.37,0.326786
14.371,0.022575
14.372000000000002,0.043372
14.373,-0.097496
14.374,-0.360707
14.375000000000002,0.142598
14.376,0.047318
14.377,0.236564
14.378000000000002,0.003123
14.379,-0.084147
14.38,-0.358115
14.381000000000002,-0.155196
14.382,-0.224412
14.383,-0.134257
14.384,0.019393
14.385000000000002,0.292689
14.386,-0.182666
14.387,0.049598
14.388000000000002,0.189275
14.389,-0.207233
14.39,0.046215
14.391000000000002,0.086407
14.392,0.250149
14.393,0.133658
14.394000000000002,0.207846
14.395,0.041452
14.396,-0.137456
14.397000000000002,0.453194
14.398,-0.140048
14.399,-0.101934
14.4,0.002498
14.401000000000002,-0.029465
14.402,-0.480287
14.403,-0.069556
14.404000000000002,-0.189656
14.405,0.168895
14.406,0.127609
14.407000000000002,0.297158
14.408,-0.056307
14.409,-0.342534
14.410000000000002,0.338341
14.411,-0.205119
14.412,0.194507
14.413000000000002,-0.056566
14.414,-0.100944
14.415,0.114532
14.416,-0.318196
14.417000000000002,0.041713
14.418,0.230327
14.419,0.240891
14.420000000000002,0.22515
14.421,0.20533
14.422,-0.041847
14.423000000000002,-0.029252
14.424,0.080875
14.425,-0.009282
14.426000000000002,0.129888
14.427,-0.026571
14.428,0.084112
14.429000000000002,0.04042
14.43,0.005122
14.431,-0.170637
14.432,0.124101
14.433000000000002,-0.19667
14.434,0.134252
14.435,0.284529
14.436000000000002,0.226888
14.437,0.025076
14.438,0.022418
14.439000000000002,-0.021082
14.44,0.171531
14.441,-0.247511
14.442000000000002,-0.136013
14.443,-0.282097
14.444,-0.282888
14.445000000000002,-0.110985
14.446000000000002,0.117427
14.447,0.166078
14.448,-0.079172
14.449000000000002,-0.356351
14.45,-0.125478
14.451,-0.047083
14.452000000000002,0.031146
14.453,-0.055571
14.454,0.266825
14.455000000000002,0.332745
14.456,0.243643
14.457,0.093748
14.458000000000002,0.178357
14.459,0.226308
14.46,0.15184
14.461,0.136975
14.462000000000002,-0.300637
14.463,0.001361
14.464,-0.171946
14.465000000000002,-0.110233
14.466,0.090807
14.467,-0.091306
14.468000000000002,0.080549
14.469,-0.046128
14.47,0.314024
14.471000000000002,0.146381
14.472,0.362696
14.473,0.408347
14.474000000000002,0.019951
14.475,-0.024106
14.476,-0.099664
14.477,0.122005
14.478000000000002,0.229725
14.479,-0.208791
14.48,0.006669
14.481000000000002,-0.021928
14.482,0.01525
14.483,0.023066
14.484000000000002,0.202019
14.485,-0.370183
14.486,-0.006206
14.487000000000002,0.305353
14.488,-0.01579
14.489,-0.092155
14.490000000000002,0.17611
14.491,-0.112905
14.492,-0.122882
14.493,-0.239853
14.494000000000002,-0.072331
14.495,-0.054414
14.496,-0.167052
14.497000000000002,0.178528
14.498,-0.018183
14.499,-0.067711
14.500000000000002,0.09563
14.501,-0.051031
14.502,0.025799
14.503000000000002,0.033921
14.504,-0.144493
14.505,0.146746
14.506000000000002,0.191583
14.507,0.180397
14.508,0.187448
14.509,0.038979
14.510000000000002,0.143637
14.511,-0.139925
14.512,-0.109984
14.513000000000002,-0.067725
14.514,-0.05026
14.515,-0.179813
14.516000000000002,0.250471
14.517,0.308677
14.518,0.094838
14.519000000000002,0.013233
14.52,0.224189
14.521,-0.211921
14.522000000000002,0.18474
14.523,0.294017
14.524,0.04679
14.525,-0.17211
14.526000000000002,0.153237
14.527,0.20387
14.528,0.1634
14.529000000000002,0.026283
14.53,0.133769
14.531,0.038596
14.532000000000002,0.231373
14.533,0.17901
14.534,-0.12569
14.535000000000002,-0.0954
14.536,-0.04376
14.537,0.273359
14.538000000000002,0.283875
14.539,0.468331
14.54,0.335687
14.541,0.114918
14.542000000000002,-0.259002
14.543,-0.01354
14.544,0.001239
14.545000000000002,-0.188858
14.546,-0.350626
14.547,0.213343
14.548000000000002,0.35649
14.549,-0.045523
14.55,0.212084
14.551000000000002,0.215905
14.552,0.05374
14.553,0.462449
14.554000000000002,-0.05652
14.555,-0.30201
14.556,-0.627956
14.557,-0.370558
14.558000000000002,-0.074755
14.559,-0.061208
14.56,-0.209778
14.561000000000002,0.187575
14.562,0.277743
14.563,-0.110665
14.564000000000002,-0.009349
14.565,0.009442
14.566,0.405169
14.567000000000002,0.157768
14.568,0.249179
14.569,0.431375
14.570000000000002,0.058107
14.571000000000002,0.051535
14.572,0.243555
14.573,-0.079966
14.574000000000002,0.302709
14.575,0.20623
14.576,0.393894
14.577000000000002,-0.20547
14.578,0.199274
14.579,0.196779
14.580000000000002,0.291145
14.581,-0.202861
14.582,0.078756
14.583000000000002,-0.220979
14.584,-0.170623
14.585,-0.048967
14.586000000000002,-0.167248
14.587000000000002,-0.030261
14.588,-0.015505
14.589,0.100389
14.590000000000002,-0.28131
14.591,-0.02393
14.592,-0.318725
14.593000000000002,-0.192665
14.594,-0.353289
14.595,0.067808
14.596000000000002,0.627973
14.597,-0.079394
14.598,-0.221398
14.599000000000002,-0.012629
14.6,-0.099689
14.601,0.046238
14.602,0.030558
14.603000000000002,0.281544
14.604,0.11105
14.605,-0.343538
14.606000000000002,-0.031539
14.607,-0.159598
14.608,-0.150761
14.609000000000002,-0.005678
14.61,0.359306
14.611,0.005749
14.612000000000002,-0.325091
14.613,0.084966
14.614,0.075859
14.615000000000002,0.05245
14.616,0.025136
14.617,0.044989
14.618,0.18886
14.619000000000002,-0.035879
14.62,-0.322656
14.621,-0.093908
14.622000000000002,-0.003515
14.623,0.21023
14.624,0.180304
14.625000000000002,0.019409
14.626,-0.034468
14.627,0.282157
14.628000000000002,-0.02928
14.629,-0.235212
14.63,0.052421
14.631000000000002,0.012989
14.632,0.154142
14.633,0.248308
14.634,-0.306607
14.635000000000002,0.373006
14.636,-0.146454
14.637,0.303534
14.638000000000002,-0.252768
14.639,0.060326
14.64,0.13518
14.641000000000002,0.416974
14.642,0.101857
14.643,-0.140218
14.644000000000002,-0.041132
14.645,0.038931
14.646,-0.058235
14.647000000000002,0.038589
14.648,0.348157
14.649,0.436217
14.65,0.173576
14.651000000000002,-0.248662
14.652,-0.102955
14.653,-0.029658
14.654000000000002,0.036432
14.655,-0.30918
14.656,0.046363
14.657000000000002,-0.109395
14.658,-0.092177
14.659,0.378717
14.660000000000002,-0.077079
14.661,-0.301495
14.662,0.099397
14.663000000000002,0.023186
14.664,-0.203054
14.665,0.337408
14.666,0.286609
14.667000000000002,0.154717
14.668,0.376772
14.669,0.222063
14.670000000000002,0.212449
14.671,0.184828
14.672,-0.206265
14.673000000000002,0.261401
14.674,0.158042
14.675,0.096415
14.676000000000002,0.168578
14.677,-0.033651
14.678,-0.024976
14.679000000000002,0.145167
14.68,-0.197315
14.681,0.08235
14.682,-0.295676
14.683000000000002,-0.022507
14.684,-0.091049
14.685,0.254717
14.686000000000002,-0.372929
14.687,-0.026398
14.688,0.093165
14.689000000000002,-0.055746
14.69,0.251912
14.691,0.417405
14.692000000000002,0.20162
14.693,0.043528
14.694,0.311665
14.695000000000002,0.035815
14.696000000000002,-0.113712
14.697,-0.102259
14.698,0.066494
14.699000000000002,0.054429
14.7,0.361586
14.701,0.26162
14.702000000000002,0.157134
14.703,-0.138308
14.704,-0.103455
14.705000000000002,0.299326
14.706,-0.333099
14.707,-0.087069
14.708000000000002,0.134847
14.709,-0.199827
14.71,0.047969
14.711000000000002,0.126139
14.712000000000002,-0.051704
14.713,-0.170436
14.714,-0.25803
14.715000000000002,-0.140294
14.716,-0.021239
14.717,-0.501463
14.718000000000002,-0.201091
14.719,-0.477069
14.72,-0.081683
14.721000000000002,0.074367
14.722,0.184607
14.723,0.392485
14.724000000000002,-0.061971
14.725,0.119705
14.726,0.288508
14.727000000000002,0.136799
14.728000000000002,-0.398404
14.729,0.286412
14.73,0.06176
14.731000000000002,0.438267
14.732,0.384392
14.733,-0.028154
14.734000000000002,0.0281
14.735,0.182899
14.736,-0.301245
14.737000000000002,0.110582
14.738,0.316086
14.739,0.254378
14.740000000000002,-0.278926
14.741,0.050402
14.742,0.004061
14.743,0.039342
14.744000000000002,0.081202
14.745,0.06252
14.746,0.220412
14.747000000000002,0.241964
14.748,-0.016797
14.749,-0.133374
14.750000000000002,0.003993
14.751,-0.146655
14.752,0.022501
14.753000000000002,0.117629
14.754,-0.33949
14.755,0.081002
14.756000000000002,0.048762
14.757,0.210611
14.758,0.122262
14.759,0.121568
14.760000000000002,-0.055282
14.761,-0.193704
14.762,-0.310892
14.763000000000002,0.310411
14.764,-0.117407
14.765,-0.025626
14.766000000000002,0.130025
14.767,0.067941
14.768,-0.131342
14.769000000000002,-0.22586
14.77,-0.414332
14.771,0.020996
14.772000000000002,0.130298
14.773,0.272003
14.774,-0.01704
14.775,0.166688
14.776000000000002,0.143044
14.777,0.134836
14.778,0.285184
14.779000000000002,0.282468
14.78,-0.131367
14.781,-0.054081
14.782000000000002,0.128079
14.783,0.14209
14.784,-0.008189
14.785000000000002,-0.232882
14.786,-0.02711
14.787,0.309522
14.788000000000002,-0.05511
14.789,0.063456
14.79,0.177783
14.791,0.168607
14.792000000000002,-0.025704
14.793,0.240226
14.794,-0.258049
14.795000000000002,0.174732
14.796,0.102617
14.797,-0.002045
14.798000000000002,-0.083093
14.799,0.049308
14.8,-0.259067
14.801000000000002,0.240512
14.802,-0.146284
14.803,-0.2296
14.804000000000002,0.029211
14.805,-0.05449
14.806,0.069196
14.807,-0.082955
14.808000000000002,-0.021151
14.809,0.083006
14.81,0.134534
14.811000000000002,-0.053246
14.812,-0.258056
14.813,-0.277244
14.814000000000002,0.071821
14.815,0.078368
14.816,-0.05264
14.817000000000002,-0.140799
14.818,-0.057308
14.819,-0.054459
14.820000000000002,0.332633
14.821000000000002,0.077731
14.822,0.105155
14.823,0.294813
14.824000000000002,-0.211218
14.825,0.196951
14.826,0.145536
14.827000000000002,-0.086828
14.828,0.05586
14.829,-0.278863
14.830000000000002,-0.11433
14.831,-0.347922
14.832,-0.165592
14.833000000000002,-0.025834
14.834,0.057541
14.835,0.472187
14.836000000000002,0.387229
14.837000000000002,0.290334
14.838,0.054455
14.839,-0.134226
14.840000000000002,-0.082188
14.841,-0.004938
14.842,0.188382
14.843000000000002,0.307271
14.844,0.0022
14.845,0.207192
14.846000000000002,0.323122
14.847,-0.189238
14.848,-0.034372
14.849000000000002,0.265667
14.85,-0.027104
14.851,-0.197947
14.852000000000002,0.213196
14.853000000000002,-0.09988
14.854,-0.133035
14.855,-0.016486
14.856000000000002,0.196182
14.857,0.203619
14.858,-0.152219
14.859000000000002,0.149899
14.86,0.291313
14.861,-0.071313
14.862000000000002,0.117064
14.863,-0.124804
14.864,-0.32217
14.865000000000002,0.28796
14.866,0.25591
14.867,0.30365
14.868000000000002,0.07853
14.869000000000002,0.006251
14.87,-0.020194
14.871,0.06191
14.872000000000002,0.097778
14.873,0.006517
14.874,0.077263
14.875000000000002,0.233375
14.876,0.080972
14.877,0.102606
14.878000000000002,-0.353644
14.879,-0.136344
14.88,-0.069785
14.881000000000002,-0.250584
14.882,0.042789
14.883,0.245145
14.884,-0.110891
14.885000000000002,-0.186743
14.886,0.30939
14.887,-0.273408
14.888000000000002,-0.158142
14.889,0.212052
14.89,0.097502
14.891000000000002,-0.274038
14.892,-0.087887
14.893,-0.168036
14.894000000000002,-0.196729
14.895,-0.374548
14.896,0.096305
14.897000000000002,0.191948
14.898,-0.02932
14.899,0.209213
14.9,0.041791
14.901000000000002,0.023467
14.902,-0.071558
14.903,-0.035305
14.904000000000002,-0.172131
14.905,-0.054218
14.906,0.033537
14.907000000000002,-0.263794
14.908,0.07563
14.909,-0.043977
14.910000000000002,-0.168055
14.911,0.07508
14.912,-0.096602
14.913000000000002,0.108519
14.914,0.164691
14.915,0.091052
14.916,-0.139074
14.917000000000002,-0.1551
14.918,-0.149267
14.919,-0.209931
14.920000000000002,-0.022681
14.921,0.328179
14.922,0.152729
14.923000000000002,0.043609
14.924,0.59526
14.925,-0.078135
14.926000000000002,0.154302
14.927,-0.069716
14.928,-0.210392
14.929000000000002,0.039025
14.93,0.088306
14.931,0.248148
14.932,-0.175382
14.933000000000002,0.257759
14.934,-0.123595
14.935,0.232925
14.936000000000002,-0.020213
14.937,0.294489
14.938,-0.256326
14.939000000000002,0.148101
14.94,-0.057962
14.941,-0.138359
14.942000000000002,-0.022605
14.943,0.099473
14.944,-0.179312
14.945000000000002,-0.155772
14.946000000000002,0.017091
14.947,0.305279
14.948,-0.065679
14.949000000000002,0.12165
14.95,-0.168371
14.951,0.014323
14.952000000000002,-0.091689
14.953,-0.383095
14.954,-0.046694
14.955000000000002,-0.117056
14.956,0.133432
14.957,0.187672
14.958000000000002,-0.176509
14.959,-0.170041
14.96,-0.164372
14.961000000000002,0.088407
14.962000000000002,0.250229
14.963,0.154052
14.964,0.025276
14.965000000000002,0.204638
14.966,-0.213865
14.967,0.010666
14.968000000000002,-0.058473
14.969,0.141642
14.97,0.18397
14.971000000000002,0.365065
14.972,0.372182
14.973,0.256787
14.974000000000002,0.155001
14.975,0.208893
14.976,0.123683
14.977000000000002,-0.042045
14.978000000000002,-0.162056
14.979,-0.117555
14.98,-0.050179
14.981000000000002,-0.135809
14.982,0.230818
14.983,-0.411396
14.984000000000002,-0.008404
14.985,0.368585
14.986,0.131113
14.987000000000002,0.544146
14.988,0.010086
14.989,0.002837
14.990000000000002,0.017497
14.991,-0.062105
14.992,0.034293
14.993000000000002,-0.40879
14.994000000000002,0.052848
14.995,0.09829
14.996,0.251767
14.997000000000002,0.00425
14.998,-0.142875
14.999,-0.026956
15.000000000000002,-0.092729
15.001,0.038271
15.002,0.144352
15.003000000000002,0.184156
15.004,0.034023
15.005,0.330861
15.006000000000002,0.070871
15.007,-0.081446
15.008,0.048216
15.009,-0.186219
15.010000000000002,0.027803
15.011,0.253051
15.012,-0.163222
15.013000000000002,0.006076
15.014,0.083499
15.015,0.132821
15.016000000000002,0.05006
15.017,0.225911
15.018,0.18459
15.019000000000002,0.357525
15.02,0.111018
15.021,0.333063
15.022000000000002,-0.296972
15.023,-0.212357
15.024,0.065432
15.025,-0.204457
15.026000000000002,-0.106112
15.027,0.268441
15.028,0.015306
15.029000000000002,-0.208791
15.03,0.168687
15.031,0.004788
15.032000000000002,-0.051228
15.033,0.373961
15.034,0.317532
15.035000000000002,-0.216733
15.036,0.024177
15.037,0.141367
15.038000000000002,0.590302
15.039,0.12358
15.04,-0.08501
15.041,0.294434
15.042000000000002,-0.045994
15.043,0.232066
15.044,-0.197285
15.045000000000002,0.03221
15.046,-0.153843
15.047,0.015842
15.048000000000002,-0.247774
15.049,0.011833
15.05,0.479825
15.051000000000002,-0.029431
15.052,0.170433
15.053,-3e-05
15.054000000000002,0.296625
15.055,0.126563
15.056,0.093731
15.057,0.013944
15.058000000000002,0.105607
15.059,0.059029
15.06,-0.040287
15.061000000000002,0.053882
15.062,0.162715
15.063,-0.184293
15.064000000000002,-0.218969
15.065,-0.320531
15.066,0.260438
15.067000000000002,0.188141
15.068,-0.008332
15.069,0.104828
15.070000000000002,-0.290767
15.071000000000002,-0.066573
15.072,0.010077
15.073,-0.012522
15.074000000000002,-0.051041
15.075,0.117039
15.076,0.270237
15.077000000000002,-0.146775
15.078,-0.18497
15.079,0.088539
15.080000000000002,-0.118953
15.081,0.104887
15.082,-0.164673
15.083000000000002,0.296245
15.084,0.125347
15.085,-0.13118
15.086000000000002,0.189925
15.087000000000002,0.332427
15.088,0.04808
15.089,-0.17765
15.090000000000002,-0.000775
15.091,0.082624
15.092,-0.049881
15.093000000000002,-0.037792
15.094,-0.197707
15.095,0.011065
15.096000000000002,0.022563
15.097,-0.00271
15.098,-0.343926
15.099000000000002,0.27295
15.1,0.004168
15.101,0.49071
15.102000000000002,0.296636
15.103000000000002,0.079849
15.104,0.016982
15.105,-0.305765
15.106000000000002,-0.224209
15.107,0.126142
15.108,0.257791
15.109000000000002,-0.083956
15.11,0.123419
15.111,0.057403
15.112000000000002,-0.261966
15.113,-0.276446
15.114,-0.012107
15.115000000000002,-0.229567
15.116,-0.05437
15.117,-0.143177
15.118000000000002,-0.21242
15.119000000000002,0.006001
15.12,0.386522
15.121,0.417162
15.122000000000002,-0.115008
15.123,0.090452
15.124,0.326489
15.125000000000002,0.09148
15.126,-0.137877
15.127,0.176298
15.128000000000002,0.242335
15.129,-0.275673
15.13,-0.106663
15.131000000000002,0.07369
15.132,-0.149129
15.133,0.237455
15.134000000000002,0.258045
15.135000000000002,0.299413
15.136,0.059005
15.137,0.202885
15.138000000000002,0.062878
15.139,-0.234259
15.14,0.142088
15.141000000000002,-0.044025
15.142,0.287725
15.143,0.265604
15.144000000000002,0.308681
15.145,0.046293
15.146,0.339839
15.147000000000002,-0.166309
15.148,0.179532
15.149,0.020133
15.15,0.105455
15.151000000000002,0.450324
15.152,-0.100735
15.153,-0.174224
15.154000000000002,0.25587
15.155,0.100384
15.156,0.012672
15.157000000000002,0.050502
15.158,-0.125641
15.159,0.098216
15.160000000000002,-0.18462
15.161,0.046821
15.162,0.006625
15.163000000000002,-0.479994
15.164,-0.092982
15.165,-0.034552
15.166,0.325567
15.167000000000002,-0.061405
15.168,0.29943
15.169,0.06319
15.170000000000002,-0.074415
15.171,-0.16903
15.172,0.191832
15.173000000000002,0.208699
15.174,0.251306
15.175,-0.066732
15.176000000000002,0.056824
15.177,0.562745
15.178,-0.014828
15.179000000000002,-0.14645
15.18,-0.298068
15.181,-0.499507
15.182,-0.303121
15.183000000000002,0.011132
15.184,0.07424
15.185,0.088254
15.186000000000002,0.070342
15.187,0.199232
15.188,0.00223
15.189000000000002,-0.128835
15.19,-0.012268
15.191,0.193794
15.192000000000002,-0.215813
15.193,0.213121
15.194,0.295791
15.195000000000002,0.031813
15.196000000000002,-0.154132
15.197,-0.118679
15.198,-0.137063
15.199000000000002,-0.156347
15.2,0.13695
15.201,0.364119
15.202000000000002,0.055882
15.203,-0.182375
15.204,0.060378
15.205000000000002,0.326764
15.206,0.148291
15.207,-0.030226
15.208000000000002,-0.156873
15.209,-0.107343
15.21,0.22215
15.211000000000002,0.127353
15.212000000000002,0.141367
15.213,-0.127097
15.214,-0.042051
15.215000000000002,-0.14368
15.216,-0.108216
15.217,0.121253
15.218000000000002,0.336252
15.219,0.165369
15.22,-0.022927
15.221000000000002,-0.000521
15.222,-0.086068
15.223,0.148187
15.224000000000002,-0.185677
15.225,0.198307
15.226,-0.140574
15.227000000000002,0.082281
15.228000000000002,-0.093944
15.229,0.110906
15.23,-0.061535
15.231000000000002,0.190716
15.232,0.207608
15.233,0.266605
15.234000000000002,0.18139
15.235,-0.080717
15.236,0.219228
15.237000000000002,0.243618
15.238,0.149231
15.239,-0.202935
15.240000000000002,0.067512
15.241,0.282551
15.242,-0.091411
15.243000000000002,0.030708
15.244000000000002,0.40975
15.245,0.05558
15.246,-0.03366
15.247000000000002,0.036927
15.248,0.298344
15.249,0.403969
15.250000000000002,-0.023544
15.251,0.152598
15.252,-0.081796
15.253000000000002,-0.13297
15.254,-0.591683
15.255,-0.342488
15.256000000000002,-0.217635
15.257,-0.065366
15.258,-0.152013
15.259000000000002,-0.14347
15.260000000000002,0.003144
15.261,0.285693
15.262,-0.020519
15.263000000000002,-0.163878
15.264,-0.453091
15.265,0.216293
15.266000000000002,-0.196716
15.267,-0.002751
15.268,-0.117081
15.269000000000002,0.066494
15.27,-0.038891
15.271,-0.392078
15.272000000000002,0.027527
15.273,0.376079
15.274,0.004722
15.275000000000002,0.014297
15.276000000000002,0.307357
15.277,0.093848
15.278,0.075197
15.279000000000002,0.154141
15.28,-0.387699
15.281,0.026452
15.282000000000002,0.200946
15.283,0.056682
15.284,0.177428
15.285000000000002,0.318188
15.286,0.111821
15.287,0.455527
15.288000000000002,-0.12093
15.289,0.08425
15.29,-0.099138
15.291,-0.04729
15.292000000000002,0.380595
15.293,0.191441
15.294,0.153008
15.295000000000002,-0.163726
15.296,0.182665
15.297,0.074421
15.298000000000002,-0.007764
15.299,0.157449
15.3,0.049701
15.301000000000002,0.237401
15.302,0.25518
15.303,0.009452
15.304000000000002,0.254905
15.305,-0.079431
15.306,0.489692
15.307,0.218778
15.308000000000002,0.119085
15.309,-0.008067
15.31,-0.036783
15.311000000000002,-0.098988
15.312,-0.14221
15.313,0.105959
15.314000000000002,0.492314
15.315,0.283307
15.316,-0.055488
15.317000000000002,-0.025936
15.318,0.37781
15.319,-0.049577
15.320000000000002,0.163879
15.321000000000002,-0.23255
15.322,0.214354
15.323,-0.270856
15.324000000000002,0.071822
15.325,-0.209251
15.326,0.01079
15.327000000000002,0.166219
15.328,-0.080082
15.329,0.089389
15.330000000000002,0.118124
15.331,0.209771
15.332,0.142245
15.333000000000002,0.007365
15.334,-0.073549
15.335,0.069166
15.336000000000002,-0.046292
15.337000000000002,0.053291
15.338,0.110264
15.339,-0.137646
15.340000000000002,0.301142
15.341,-0.388552
15.342,0.144693
15.343000000000002,-0.156633
15.344,-0.067716
15.345,-0.111483
15.346000000000002,-0.123498
15.347,0.410163
15.348,0.239367
15.349000000000002,0.031393
15.35,0.070405
15.351,-0.286879
15.352000000000002,-0.097218
15.353000000000002,0.237157
15.354,-0.036881
15.355,0.122528
15.356000000000002,-0.390253
15.357,0.346972
15.358,0.300756
15.359000000000002,-0.245584
15.36,-0.220093
15.361,-0.204748
15.362000000000002,-0.016518
15.363,0.105803
15.364,-0.324872
15.365000000000002,-0.070041
15.366,-0.010858
15.367,0.221591
15.368000000000002,-0.143721
15.369000000000002,-0.083628
15.37,0.037972
15.371,0.384536
15.372000000000002,0.069138
15.373,-0.110314
15.374,0.260017
15.375000000000002,0.194678
15.376,0.228961
15.377,0.116307
15.378000000000002,0.102318
15.379,-0.323015
15.38,0.280018
15.381000000000002,0.331482
15.382,0.225155
15.383,-0.010261
15.384000000000002,-0.317943
15.385000000000002,0.141839
15.386,-0.126601
15.387,-0.042232
15.388000000000002,0.022089
15.389,-0.110485
15.39,-0.230147
15.391000000000002,-0.107927
15.392,-0.235734
15.393,-0.041675
15.394000000000002,-0.006986
15.395,0.205064
15.396,-0.102262
15.397000000000002,0.163259
15.398,-0.220643
15.399,-0.227705
15.400000000000002,0.318412
15.401000000000002,0.189771
15.402,-0.146104
15.403,-0.116004
15.404000000000002,0.179653
15.405,-0.021346
15.406,0.024622
15.407000000000002,-0.033074
15.408,0.31224
15.409,0.097152
15.410000000000002,0.132359
15.411,-0.011219
15.412,0.270617
15.413000000000002,0.191624
15.414,0.012403
15.415,0.353682
15.416000000000002,0.015852
15.417000000000002,0.099473
15.418,0.560475
15.419,0.144152
15.420000000000002,0.183903
15.421,0.130122
15.422,0.028249
15.423000000000002,-0.141627
15.424,0.023226
15.425,0.124905
15.426000000000002,0.035463
15.427,-0.439269
15.428,0.34888
15.429000000000002,0.258914
15.43,0.198631
15.431,0.063971
15.432,-0.003135
15.433000000000002,0.066397
15.434,0.137748
15.435,-0.042614
15.436000000000002,0.13609
15.437,0.02488
15.438,0.327654
15.439000000000002,0.277687
15.44,0.023408
15.441,-0.037594
15.442000000000002,0.014388
15.443,-0.090211
15.444,0.02523
15.445000000000002,-0.004849
15.446000000000002,0.061401
15.447,0.057743
15.448,-0.04449
15.449000000000002,0.152516
15.45,0.071932
15.451,0.379502
15.452000000000002,0.432284
15.453,-0.213746
15.454,0.259094
15.455000000000002,0.184879
15.456,0.006936
15.457,0.098625
15.458000000000002,0.028193
15.459,0.290266
15.46,0.197418
15.461000000000002,0.140516
15.462000000000002,-0.058304
15.463,0.259902
15.464,-0.147565
15.465000000000002,0.017495
15.466,-0.195545
15.467,-0.243245
15.468000000000002,-0.271811
15.469,0.232549
15.47,0.325068
15.471000000000002,-0.055528
15.472,0.032528
15.473,-0.002561
15.474000000000002,0.121689
15.475,0.418169
15.476,0.178937
15.477000000000002,0.177026
15.478000000000002,-0.187858
15.479,0.076234
15.48,-0.023772
15.481000000000002,-0.05681
15.482,0.286698
15.483,0.225698
15.484000000000002,-0.464274
15.485,-0.066949
15.486,-0.083531
15.487000000000002,-0.087921
15.488,-0.083093
15.489,0.246155
15.490000000000002,0.070508
15.491,0.197998
15.492,0.17582
15.493000000000002,-0.275776
15.494000000000002,0.140643
15.495,-0.224632
15.496,-0.125024
15.497000000000002,-0.011394
15.498,-0.11496
15.499,-0.144044
15.500000000000002,-0.283691
15.501,0.408884
15.502,0.148782
15.503000000000002,0.05745
15.504,-0.00493
15.505,0.248314
15.506000000000002,0.076422
15.507,-0.129727
15.508,-0.078709
15.509000000000002,0.160549
15.510000000000002,-0.314778
15.511,0.06957
15.512,-0.001319
15.513000000000002,0.043986
15.514,-0.144515
15.515,-0.020892
15.516000000000002,0.059118
15.517,-0.019579
15.518,0.227572
15.519000000000002,0.003958
15.52,-0.147375
15.521,0.043283
15.522000000000002,0.237752
15.523,0.282699
15.524,0.261379
15.525000000000002,0.228699
15.526000000000002,0.198571
15.527,-0.001313
15.528,-0.147008
15.529000000000002,-0.291773
15.53,0.132355
15.531,-0.088927
15.532000000000002,-0.053342
15.533,0.119983
15.534,-0.088966
15.535000000000002,-0.06814
15.536,0.161205
15.537,0.03028
15.538000000000002,-0.048531
15.539,0.355816
15.54,0.111584
15.541000000000002,-0.156866
15.542000000000002,0.39648
15.543,0.144903
15.544,-0.290045
15.545000000000002,0.1966
15.546,0.028731
15.547,0.183842
15.548000000000002,0.348107
15.549,0.086443
15.55,0.063265
15.551000000000002,-0.089245
15.552,0.032364
15.553,-0.089024
15.554000000000002,-0.232543
15.555,0.227919
15.556,0.270044
15.557000000000002,-0.034174
15.558000000000002,-0.193278
15.559,0.345705
15.56,-0.095957
15.561000000000002,0.166895
15.562,0.039684
15.563,0.290177
15.564000000000002,-0.042684
15.565,0.120763
15.566,0.14899
15.567000000000002,-0.088871
15.568,-0.152183
15.569,-0.023755
15.570000000000002,-0.09568
15.571000000000002,-0.042424
15.572,0.229996
15.573,0.190209
15.574000000000002,-0.074727
15.575,-0.29475
15.576,-0.092805
15.577000000000002,0.134761
15.578,0.413885
15.579,0.266024
15.580000000000002,0.385046
15.581,0.417158
15.582,0.346392
15.583000000000002,-0.065637
15.584,0.260633
15.585,-0.03221
15.586000000000002,0.056186
15.587000000000002,0.067906
15.588,-0.108762
15.589,0.153271
15.590000000000002,0.273568
15.591,-0.204341
15.592,0.13571
15.593000000000002,0.108302
15.594,0.183858
15.595,-0.069376
15.596000000000002,-0.221201
15.597,-0.291736
15.598,-0.035951
15.599000000000002,-0.016316
15.6,0.123639
15.601,-0.159927
15.602000000000002,-0.044703
15.603000000000002,-0.342632
15.604,0.209464
15.605,0.00423
15.606000000000002,-0.043579
15.607,0.013595
15.608,0.16701
15.609000000000002,0.020451
15.61,0.058432
15.611,-0.365187
15.612000000000002,-0.131
15.613,0.035797
15.614,0.206127
15.615000000000002,0.15904
15.616,0.523227
15.617,-0.034597
15.618000000000002,-0.252514
15.619000000000002,0.135702
15.62,0.375206
15.621,0.241936
15.622000000000002,0.244255
15.623,-0.076343
15.624,0.151135
15.625000000000002,-0.068643
15.626,-0.344337
15.627,0.102673
15.628000000000002,-0.023078
15.629,0.079192
15.63,-0.230708
15.631000000000002,-0.017798
15.632,-0.191247
15.633,0.230964
15.634000000000002,0.378125
15.635000000000002,-0.098536
15.636,0.271496
15.637,0.046912
15.638000000000002,-0.034652
15.639,0.107748
15.64,0.152346
15.641000000000002,0.14015
15.642,0.236923
15.643,0.537695
15.644000000000002,0.175344
15.645,0.148193
15.646,0.173783
15.647000000000002,-0.043329
15.648,-0.212388
15.649,-0.15823
15.650000000000002,-0.147545
15.651000000000002,-0.233143
15.652,-0.128644
15.653,0.040374
15.654000000000002,-0.258665
15.655,-0.158706
15.656,-0.003513
15.657000000000002,0.070651
15.658,0.249829
15.659,-0.149006
15.660000000000002,0.075428
15.661,0.082633
15.662,0.118829
15.663000000000002,0.234201
15.664,-0.402441
15.665,0.269188
15.666000000000002,-0.061135
15.667000000000002,0.219372
15.668,0.189912
15.669,0.299185
15.670000000000002,0.010117
15.671,0.107505
15.672,0.033172
15.673000000000002,0.079537
15.674,0.316909
15.675,0.111227
15.676000000000002,0.363868
15.677,0.129168
15.678,-0.205725
15.679000000000002,-0.090341
15.68,0.17319
15.681,0.220071
15.682000000000002,-0.089339
15.683000000000002,-0.024642
15.684,-0.051913
15.685,-0.093464
15.686000000000002,0.299201
15.687,-0.129639
15.688,0.17749
15.689000000000002,0.190265
15.69,-0.225173
15.691,0.214379
15.692000000000002,0.037052
15.693,-0.120594
15.694,0.081355
15.695000000000002,-0.176539
15.696000000000002,0.515824
15.697,-0.102606
15.698,0.172545
15.699000000000002,-0.081643
15.7,-0.009703
15.701,-0.100046
15.702000000000002,0.050215
15.703,0.051867
15.704,0.162918
15.705000000000002,0.223689
15.706,-0.097679
15.707,0.041408
15.708000000000002,0.090211
15.709,0.017104
15.71,0.006763
15.711000000000002,-0.098387
15.712000000000002,0.316408
15.713,-0.09527
15.714,0.059587
15.715000000000002,0.007063
15.716,0.354707
15.717,0.075223
15.718000000000002,-0.482795
15.719,-0.044764
15.72,-0.126603
15.721000000000002,0.271012
15.722,0.021271
15.723,-0.15899
15.724000000000002,0.32578
15.725,-0.071407
15.726,-0.059613
15.727000000000002,0.465085
15.728000000000002,0.365389
15.729,-0.185934
15.73,-0.187485
15.731000000000002,0.047862
15.732,-0.028193
15.733,0.176287
15.734000000000002,-0.402877
15.735,-0.248917
15.736,0.053074
15.737000000000002,0.413176
15.738,-0.017942
15.739,0.195753
15.740000000000002,0.343792
15.741,-0.046093
15.742,-0.255745
15.743000000000002,-0.061008
15.744000000000002,-0.140608
15.745,0.259997
15.746,0.159165
15.747000000000002,0.245015
15.748,0.199136
15.749,0.244003
15.750000000000002,-0.203736
15.751,-0.381106
15.752,-0.037583
15.753000000000002,0.432155
15.754,0.115259
15.755,-0.275739
15.756000000000002,0.425146
15.757,-0.050924
15.758,0.019719
15.759000000000002,-0.072498
15.760000000000002,-0.392638
15.761,-0.051116
15.762,-0.241273
15.763000000000002,0.290419
15.764,-0.173558
15.765,0.221128
15.766000000000002,0.272723
15.767,-0.134168
15.768,-0.218328
15.769000000000002,-0.047569
15.77,0.023176
15.771,0.490705
15.772000000000002,0.556258
15.773,-0.171547
15.774,0.20094
15.775000000000002,-0.078313
15.776000000000002,-0.011239
15.777,0.304334
15.778,-0.233613
15.779000000000002,-0.17123
15.78,0.282012
15.781,0.184579
15.782000000000002,0.344473
15.783,-0.107809
15.784,0.175952
15.785000000000002,-0.106143
15.786,0.29859
15.787,-0.059599
15.788000000000002,-0.004263
15.789,-0.33037
15.79,-0.033181
15.791000000000002,0.446311
15.792000000000002,0.05117
15.793,0.060152
15.794,0.239585
15.795000000000002,-0.059173
15.796,0.350748
15.797,-0.476788
15.798000000000002,0.269105
15.799,-0.263681
15.8,-0.229203
15.801000000000002,0.24871
15.802,0.482026
15.803,0.071079
15.804000000000002,-0.008366
15.805,0.012186
15.806,0.002893
15.807000000000002,-0.131637
15.808000000000002,0.218354
15.809,-0.0896
15.81,0.102346
15.811000000000002,0.167155
15.812,-0.117827
15.813,0.135849
15.814000000000002,-0.054549
15.815,-0.106751
15.816,0.188214
15.817000000000002,-0.183786
15.818,-0.105719
15.819,0.038496
15.820000000000002,-0.155619
15.821000000000002,-0.086418
15.822,0.230407
15.823000000000002,0.116567
15.824000000000002,0.299849
15.825,0.212899
15.826,0.241116
15.827000000000002,0.012803
15.828,0.135459
15.829,-0.084806
15.830000000000002,0.113136
15.831,-0.168309
15.832,0.205077
15.833000000000002,-0.097579
15.834,0.462616
15.835,0.33643
15.836000000000002,-0.376385
15.837000000000002,0.153515
15.838,-0.170276
15.839,0.002933
15.840000000000002,0.187139
15.841,0.289347
15.842,0.191572
15.843000000000002,-0.061438
15.844,-0.083316
15.845,-0.124234
15.846000000000002,-0.170857
15.847,-0.314793
15.848,-0.431148
15.849000000000002,-0.018555
15.85,0.064496
15.851,0.256785
15.852000000000002,0.351639
15.853000000000002,-0.079966
15.854,0.269752
15.855,0.212172
15.856000000000002,0.071449
15.857,0.448349
15.858,0.290078
15.859000000000002,0.156834
15.86,0.030242
15.861,0.007523
15.862000000000002,0.214391
15.863,-0.229028
15.864,0.270256
15.865000000000002,0.370679
15.866,-0.056184
15.867,0.103643
15.868000000000002,0.036798
15.869000000000002,0.405668
15.87,-0.0984
15.871,-0.266132
15.872000000000002,0.545949
15.873,0.295344
15.874,0.069146
15.875000000000002,0.046925
15.876,0.119524
15.877,0.052596
15.878000000000002,0.130056
15.879,-0.19817
15.88,-0.354713
15.881000000000002,-0.049739
15.882,0.179525
15.883,-0.098344
15.884000000000002,0.014164
15.885000000000002,0.375917
15.886,-0.132057
15.887,-0.019461
15.888000000000002,0.020098
15.889,0.336107
15.89,-0.104551
15.891000000000002,-0.042469
15.892,-0.027164
15.893,0.021362
15.894000000000002,0.295462
15.895,0.301055
15.896,-0.112574
15.897000000000002,-0.222084
15.898,0.168359
15.899,-0.15262
15.900000000000002,0.007883
15.901000000000002,0.100179
15.902,0.131081
15.903,0.280357
15.904000000000002,0.071818
15.905,-0.59998
15.906,-0.001221
15.907000000000002,-0.100682
15.908,0.009901
15.909,0.021432
15.910000000000002,-0.007516
15.911,-0.195588
15.912,0.156478
15.913000000000002,0.004801
15.914,0.247983
15.915,0.213683
15.916000000000002,0.245237
15.917000000000002,0.311852
15.918,-0.158485
15.919,0.26669
15.920000000000002,-0.173064
15.921,-0.10495
15.922,0.178663
15.923000000000002,0.060381
15.924,-0.010103
15.925,0.254974
15.926000000000002,0.273295
15.927,-0.016877
15.928,-0.04522
15.929000000000002,-0.199463
15.93,0.12664
15.931,0.337936
15.932000000000002,0.103278
15.933000000000002,-0.028986
15.934,-0.234564
15.935,-0.569674
15.936000000000002,0.029583
15.937,-0.344103
15.938,-0.401927
15.939000000000002,0.105304
15.94,0.226385
15.941,-0.15359
15.942000000000002,0.279653
15.943,0.113026
15.944,0.210464
15.945000000000002,0.287896
15.946000000000002,0.035912
15.947,0.026376
15.948000000000002,0.062022
15.949000000000002,0.188002
15.95,0.219019
15.951,0.397379
15.952000000000002,0.150973
15.953,0.00036
15.954,-0.094547
15.955000000000002,-0.142069
15.956,0.244566
15.957,0.199639
15.958000000000002,-0.220008
15.959,0.027876
15.96,0.049902
15.961000000000002,0.130051
15.962000000000002,0.083669
15.963,0.046426
15.964000000000002,0.3805
15.965000000000002,0.108408
15.966,0.063944
15.967,0.325503
15.968000000000002,-0.156784
15.969,-0.083973
15.97,-0.014473
15.971000000000002,-0.263783
15.972,0.275354
15.973,0.327171
15.974000000000002,-0.073681
15.975,0.044905
15.976,-0.232276
15.977000000000002,0.208515
15.978000000000002,0.009808
15.979,0.064799
15.98,-0.024416
15.981000000000002,0.201178
15.982,0.1681
15.983,-0.06653
15.984000000000002,-0.07347
15.985,-0.258806
15.986,0.134717
15.987000000000002,0.35959
15.988,0.30454
15.989,-0.058371
15.990000000000002,-0.082109
15.991,-0.000936
15.992,0.301746
15.993000000000002,0.226153
15.994000000000002,0.092233
15.995,0.038999
15.996,0.355661
15.997000000000002,0.036451
15.998,0.147549
15.999,0.004679
16.0,-0.069524
16.001,-0.022645
16.002000000000002,-0.009259
16.003,-0.006622
16.004,0.044426
16.005000000000003,0.085
16.006,-0.149387
16.007,-0.018862
16.008000000000003,-0.002009
16.009,-0.310265
16.01,-0.140708
16.011000000000003,0.252319
16.012,0.026917
16.013,-0.12189
16.014000000000003,-0.043289
16.015,0.026394
16.016000000000002,0.06856
16.017000000000003,0.207086
16.018,-0.196631
16.019000000000002,-0.074977
16.02,0.193035
16.021,0.148789
16.022000000000002,-0.064448
16.023,0.015543
16.024,-0.182056
16.025000000000002,0.205906
16.026,0.099723
16.027,-0.056845
16.028000000000002,0.004207
16.029,0.078753
16.03,0.073931
16.031000000000002,-0.103259
16.032,0.16713
16.033,0.227632
16.034000000000002,0.132779
16.035,0.196628
16.036,0.182006
16.037000000000003,-0.093292
16.038,0.331511
16.039,-0.059249
16.040000000000003,0.121727
16.041,0.393091
16.042,0.059211
16.043000000000003,-0.088038
16.044,0.295128
16.045,0.220022
16.046000000000003,-0.068985
16.047,0.271668
16.048000000000002,0.165242
16.049000000000003,-0.13788
16.05,0.548576
16.051000000000002,0.100613
16.052,0.089954
16.053,0.463216
16.054000000000002,0.071663
16.055,-0.037705
16.056,-0.313454
16.057000000000002,-0.071141
16.058,0.147989
16.059,0.28115
16.060000000000002,0.053071
16.061,0.001334
16.062,0.058849
16.063000000000002,-0.085679
16.064,-0.119566
16.065,0.002158
16.066000000000003,0.156189
16.067,0.145728
16.068,0.089229
16.069000000000003,0.214208
16.07,0.260567
16.071,-0.256628
16.072000000000003,-0.164761
16.073,0.147458
16.074,0.014411
16.075000000000003,0.047455
16.076,0.102052
16.077,0.182389
16.078000000000003,0.071504
16.079,0.077546
16.080000000000002,-0.065688
16.081000000000003,-0.010939
16.082,-0.201017
16.083000000000002,-0.175883
16.084,-0.250053
16.085,0.154405
16.086000000000002,0.318984
16.087,-0.027225
16.088,0.519628
16.089000000000002,0.026643
16.09,0.132789
16.091,0.25946
16.092000000000002,0.526036
16.093,0.126261
16.094,0.090746
16.095000000000002,-0.373025
16.096,-0.009601
16.097,0.096701
16.098000000000003,-0.122917
16.099,-0.052612
16.1,-0.029242
16.101000000000003,0.251558
16.102,-0.074207
16.103,-0.157985
16.104000000000003,0.042269
16.105,0.034272
16.106,0.289627
16.107000000000003,-0.013874
16.108,-0.153726
16.109,-0.116982
16.110000000000003,0.160231
16.111,0.001945
16.112000000000002,0.091285
16.113,0.194705
16.114,0.063734
16.115000000000002,-0.012396
16.116,0.310675
16.117,0.244995
16.118000000000002,-0.059978
16.119,-0.2364
16.12,-0.07574
16.121000000000002,0.178909
16.122,0.116711
16.123,0.172385
16.124000000000002,0.241948
16.125,0.094379
16.126,-0.045319
16.127000000000002,-0.17833
16.128,0.046313
16.129,0.205297
16.130000000000003,0.305568
16.131,-0.050034
16.132,0.079501
16.133000000000003,0.236993
16.134,-0.139059
16.135,0.135888
16.136000000000003,-0.157604
16.137,0.215446
16.138,-0.162365
16.139000000000003,0.074604
16.14,-0.024339
16.141000000000002,-0.022708
16.142000000000003,0.131062
16.143,0.047336
16.144000000000002,0.042896
16.145,0.042013
16.146,0.174519
16.147000000000002,0.217778
16.148,0.199117
16.149,0.129581
16.150000000000002,0.062219
16.151,0.133213
16.152,-0.008878
16.153000000000002,-0.069503
16.154,0.038276
16.155,0.235314
16.156000000000002,0.366107
16.157,0.162153
16.158,0.087267
16.159000000000002,0.006757
16.16,0.020543
16.161,-0.102096
16.162000000000003,0.051755
16.163,0.092678
16.164,0.399762
16.165000000000003,0.028831
16.166,0.084187
16.167,0.058121
16.168000000000003,0.24878
16.169,-0.057333
16.17,0.317915
16.171000000000003,0.072243
16.172,-0.126393
16.173000000000002,-0.035181
16.174000000000003,0.133834
16.175,-0.16678
16.176000000000002,0.102441
16.177,0.061598
16.178,-0.209086
16.179000000000002,-0.122058
16.18,-0.045628
16.181,0.153349
16.182000000000002,0.12016
16.183,0.087433
16.184,-0.012589
16.185000000000002,0.371127
16.186,0.281226
16.187,0.345968
16.188000000000002,-0.382363
16.189,-5.5e-05
16.19,0.079735
16.191000000000003,-0.144352
16.192,0.089287
16.193,0.048852
16.194000000000003,0.008844
16.195,-0.05998
16.196,0.443187
16.197000000000003,0.236211
16.198,0.158986
16.199,-0.056691
16.200000000000003,0.07481
16.201,0.198293
16.202,0.065132
16.203000000000003,-0.091178
16.204,-0.038614
16.205000000000002,0.327111
16.206000000000003,0.263507
16.207,0.129275
16.208000000000002,-0.050339
16.209,0.019024
16.21,0.066064
16.211000000000002,0.231373
16.212,0.442069
16.213,0.162495
16.214000000000002,0.374648
16.215,0.453937
16.216,-0.15803
16.217000000000002,-0.00114
16.218,-0.019515
16.219,-0.216062
16.220000000000002,-0.349419
16.221,0.17279
16.222,0.048011
16.223000000000003,-0.16285
16.224,-0.090263
16.225,0.128409
16.226000000000003,0.48682
16.227,-0.047575
16.228,-0.172211
16.229000000000003,0.148249
16.23,-0.048227
16.231,-0.134668
16.232000000000003,0.060277
16.233,0.428682
16.234,0.118243
16.235000000000003,-0.060666
16.236,0.246351
16.237000000000002,-0.192987
16.238000000000003,-0.155164
16.239,-0.045573
16.240000000000002,-0.057987
16.241,-0.28048
16.242,0.136135
16.243000000000002,-0.079111
16.244,0.012403
16.245,-0.048227
16.246000000000002,0.030008
16.247,0.071132
16.248,-0.025744
16.249000000000002,0.059485
16.25,0.193192
16.251,0.009436
16.252000000000002,0.218354
16.253,0.350586
16.254,-0.093901
16.255000000000003,0.383491
16.256,0.456145
16.257,0.154979
16.258000000000003,0.16422
16.259,-0.041855
16.26,0.140608
16.261000000000003,0.21976
16.262,0.081565
16.263,-0.018484
16.264000000000003,-0.138925
16.265,0.13867
16.266000000000002,0.288436
16.267000000000003,0.3352
16.268,0.156923
16.269000000000002,-0.150441
16.27,0.2141
16.271,0.19994
16.272000000000002,-0.009116
16.273,0.032816
16.274,0.14387
16.275000000000002,0.099873
16.276,-0.38657
16.277,-0.000464
16.278000000000002,0.13938
16.279,0.270013
16.28,0.087269
16.281000000000002,-0.006062
16.282,-0.036227
16.283,-0.019989
16.284000000000002,0.208618
16.285,0.018993
16.286,0.420139
16.287000000000003,-0.139888
16.288,0.042012
16.289,0.340088
16.290000000000003,0.210336
16.291,0.264208
16.292,0.268152
16.293000000000003,-0.324033
16.294,-0.033141
16.295,0.206416
16.296000000000003,0.0168
16.297,-0.060859
16.298000000000002,0.263774
16.299000000000003,-0.021205
16.3,0.139038
16.301000000000002,-0.121459
16.302,-0.010879
16.303,-0.011786
16.304000000000002,0.370612
16.305,0.061558
16.306,0.097728
16.307000000000002,-0.174629
16.308,0.148562
16.309,0.026821
16.310000000000002,0.392365
16.311,-0.022547
16.312,0.045807
16.313000000000002,0.125468
16.314,0.132513
16.315,0.177372
16.316000000000003,-0.101068
16.317,-0.188731
16.318,0.22468
16.319000000000003,0.185596
16.32,0.028317
16.321,-0.062955
16.322000000000003,0.129425
16.323,0.103728
16.324,-0.203962
16.325000000000003,0.001193
16.326,0.075966
16.327,0.026668
16.328000000000003,-0.179157
16.329,0.32785
16.330000000000002,-0.195598
16.331000000000003,0.177574
16.332,0.00473
16.333000000000002,0.052098
16.334,0.104017
16.335,0.370244
16.336000000000002,0.372524
16.337,-0.094001
16.338,0.173117
16.339000000000002,0.201865
16.34,0.092462
16.341,0.098781
16.342000000000002,0.059148
16.343,0.145032
16.344,-0.001404
16.345000000000002,0.208184
16.346,-0.10758
16.347,0.018923
16.348000000000003,0.007211
16.349,0.072572
16.35,-0.411879
16.351000000000003,0.298457
16.352,-0.167073
16.353,0.421681
16.354000000000003,0.024749
16.355,-0.043361
16.356,0.437975
16.357000000000003,0.022822
16.358,-0.061568
16.359,-0.040575
16.360000000000003,0.334655
16.361,0.172248
16.362000000000002,0.054701
16.363000000000003,-0.330463
16.364,0.316535
16.365000000000002,0.228482
16.366,0.212287
16.367,0.120076
16.368000000000002,0.081885
16.369,0.156051
16.37,0.232225
16.371000000000002,-0.008436
16.372,-0.162167
16.373,-0.118691
16.374000000000002,0.111253
16.375,0.227356
16.376,0.295593
16.377000000000002,0.083035
16.378,-0.229892
16.379,0.0317
16.380000000000003,0.156023
16.381,-0.14047
16.382,-0.21119
16.383000000000003,0.172818
16.384,0.120279
16.385,0.253998
16.386000000000003,0.034293
16.387,-0.144754
16.388,-0.075226
16.389000000000003,0.10662
16.39,0.05899
16.391000000000002,0.349095
16.392000000000003,-0.113755
16.393,-0.051182
16.394000000000002,0.107064
16.395,-0.019058
16.396,0.003108
16.397000000000002,0.027418
16.398,0.042609
16.399,0.260765
16.400000000000002,-0.265718
16.401,0.070138
16.402,0.253828
16.403000000000002,0.12272
16.404,0.022141
16.405,0.110111
16.406000000000002,0.21146
16.407,0.04176
16.408,-0.26231
16.409000000000002,-0.190063
16.41,-0.037653
16.411,0.052893
16.412000000000003,0.236595
16.413,0.052235
16.414,-0.12698
16.415000000000003,0.221697
16.416,0.312774
16.417,0.222259
16.418000000000003,-0.051501
16.419,-0.134795
16.42,-0.015155
16.421000000000003,0.019648
16.422,-0.084511
16.423000000000002,-0.125053
16.424000000000003,0.540867
16.425,0.048812
16.426000000000002,-0.187614
16.427,0.190383
16.428,0.339085
16.429000000000002,0.181701
16.43,0.137849
16.431,0.121147
16.432000000000002,-0.090603
16.433,0.066971
16.434,0.243874
16.435000000000002,0.416935
16.436,0.015858
16.437,-0.169047
16.438000000000002,0.020321
16.439,0.150619
16.44,0.038004
16.441000000000003,0.10939
16.442,-0.086034
16.443,-0.017318
16.444000000000003,-0.109981
16.445,-0.09465
16.446,0.244
16.447000000000003,-0.129493
16.448,0.275482
16.449,-0.116812
16.450000000000003,-0.025383
16.451,-0.317761
16.452,0.199862
16.453000000000003,0.131643
16.454,0.106109
16.455000000000002,-0.010893
16.456000000000003,-0.018065
16.457,0.041467
16.458000000000002,0.121955
16.459,-0.018672
16.46,0.13135
16.461000000000002,-0.03136
16.462,0.015532
16.463,0.04137
16.464000000000002,0.179007
16.465,0.439729
16.466,0.173833
16.467000000000002,0.083501
16.468,-0.215026
16.469,-0.040841
16.470000000000002,0.224349
16.471,0.082998
16.472,-0.095199
16.473000000000003,0.026839
16.474,-0.015807
16.475,0.266067
16.476000000000003,0.115996
16.477,0.185018
16.478,-0.011812
16.479000000000003,0.262119
16.48,-0.054839
16.481,0.076929
16.482000000000003,-0.181822
16.483,-0.25218
16.484,0.383762
16.485000000000003,0.561001
16.486,-0.10155
16.487000000000002,0.063404
16.488000000000003,0.156327
16.489,0.11896
16.490000000000002,0.106498
16.491,0.003266
16.492,0.284572
16.493000000000002,0.126019
16.494,-0.127418
16.495,0.138797
16.496000000000002,-0.205143
16.497,0.033569
16.498,0.169467
16.499000000000002,-0.136192
16.5,0.397968
16.501,0.160888
16.502000000000002,0.357184
16.503,0.211391
16.504,0.065846
16.505000000000003,0.277905
16.506,0.32287
16.507,0.082139
16.508000000000003,0.365608
16.509,-0.014855
16.51,0.253558
16.511000000000003,0.226486
16.512,-0.101119
16.513,-0.088148
16.514000000000003,0.078939
16.515,0.152388
16.516000000000002,0.375383
16.517000000000003,-0.041453
16.518,-0.12903
16.519000000000002,0.168098
16.520000000000003,0.081968
16.521,-0.084061
16.522000000000002,0.264152
16.523,0.286495
16.524,0.055556
16.525000000000002,0.215427
16.526,0.453218
16.527,0.055413
16.528000000000002,-0.018642
16.529,-0.223358
16.53,0.143939
16.531000000000002,0.297157
16.532,-0.04362
16.533,0.169436
16.534000000000002,0.33952
16.535,-0.111329
16.536,-0.028328
16.537000000000003,0.177613
16.538,-0.253877
16.539,0.217854
16.540000000000003,0.407546
16.541,0.379118
16.542,0.193887
16.543000000000003,0.0664
16.544,-0.089495
16.545,0.26216
16.546000000000003,0.184846
16.547,-0.222373
16.548000000000002,0.165845
16.549000000000003,-0.251442
16.55,0.485759
16.551000000000002,-0.052191
16.552,0.504073
16.553,0.008012
16.554000000000002,0.19035
16.555,0.133444
16.556,-0.541386
16.557000000000002,-0.310037
16.558,-0.003472
16.559,-0.084675
16.560000000000002,-0.213011
16.561,-0.246038
16.562,-0.20262
16.563000000000002,-0.018686
16.564,-0.200288
16.565,0.087229
16.566000000000003,0.298043
16.567,0.031793
16.568,0.038835
16.569000000000003,0.410405
16.57,-0.274915
16.571,0.089274
16.572000000000003,0.055043
16.573,0.073726
16.574,0.4045
16.575000000000003,0.247754
16.576,0.042401
16.577,0.063592
16.578000000000003,0.162836
16.579,0.269581
16.580000000000002,0.105512
16.581000000000003,0.243191
16.582,0.01369
16.583000000000002,-0.162147
16.584,-0.15026
16.585,0.155687
16.586000000000002,0.050752
16.587,0.045419
16.588,0.008003
16.589000000000002,0.282932
16.59,0.089875
16.591,0.217427
16.592000000000002,0.142688
16.593,0.180728
16.594,0.159428
16.595000000000002,0.166884
16.596,-0.274954
16.597,-0.23886
16.598000000000003,0.037132
16.599,-0.48767
16.6,-0.001423
16.601000000000003,0.112681
16.602,0.017776
16.603,0.041069
16.604000000000003,0.007251
16.605,0.205113
16.606,0.00942
16.607000000000003,0.328482
16.608,-0.089874
16.609,0.032224
16.610000000000003,0.259969
16.611,0.00658
16.612000000000002,0.355506
16.613000000000003,-0.367273
16.614,0.023142
16.615000000000002,-0.587749
16.616,0.002495
16.617,0.205906
16.618000000000002,0.280747
16.619,0.197187
16.62,0.091744
16.621000000000002,0.033131
16.622,-0.384203
16.623,-0.004413
16.624000000000002,-0.110665
16.625,0.113344
16.626,0.221121
16.627000000000002,-0.075719
16.628,-0.058977
16.629,0.167441
16.630000000000003,0.252497
16.631,-0.198924
16.632,0.030699
16.633000000000003,0.022027
16.634,-0.445046
16.635,-0.094534
16.636000000000003,0.021329
16.637,-0.061964
16.638,-0.115097
16.639000000000003,0.065345
16.64,0.174546
16.641000000000002,0.210313
16.642000000000003,0.372816
16.643,0.303199
16.644000000000002,0.137388
16.645000000000003,0.053226
16.646,0.345426
16.647000000000002,0.046846
16.648,0.447143
16.649,0.163214
16.650000000000002,0.010167
16.651,0.198349
16.652,0.208248
16.653000000000002,-0.098682
16.654,0.364203
16.655,-0.026111
16.656000000000002,0.012227
16.657,0.178874
16.658,0.314862
16.659000000000002,0.085633
16.66,-0.010854
16.661,0.246815
16.662000000000003,0.170187
16.663,0.14063
16.664,0.141567
16.665000000000003,0.050557
16.666,-0.365657
16.667,0.073048
16.668000000000003,0.249726
16.669,0.079521
16.67,0.023176
16.671000000000003,-0.069274
16.672,0.169701
16.673000000000002,-0.154551
16.674000000000003,0.195284
16.675,0.2754
16.676000000000002,-0.095736
16.677,0.044311
16.678,0.159629
16.679000000000002,0.147174
16.68,0.231376
16.681,-0.117388
16.682000000000002,0.107509
16.683,0.104127
16.684,0.348276
16.685000000000002,0.279699
16.686,-0.081272
16.687,0.251201
16.688000000000002,-0.01136
16.689,-0.173255
16.69,-0.390903
16.691000000000003,0.04243
16.692,-0.16047
16.693,0.020728
16.694000000000003,-0.034332
16.695,-0.002846
16.696,0.318637
16.697000000000003,-0.037521
16.698,-0.033412
16.699,0.034201
16.700000000000003,0.174758
16.701,-0.094574
16.702,0.154177
16.703000000000003,0.0813
16.704,0.227457
16.705000000000002,0.189314
16.706000000000003,-0.010065
16.707,0.445879
16.708000000000002,0.232972
16.709,0.071665
16.71,-0.331511
16.711000000000002,-0.050711
16.712,-0.052839
16.713,-0.031611
16.714000000000002,-0.006795
16.715,-0.030568
16.716,0.560805
16.717000000000002,-0.391016
16.718,-0.046048
16.719,0.224118
16.720000000000002,0.074055
16.721,0.099815
16.722,0.170374
16.723000000000003,-0.18434
16.724,-0.188187
16.725,0.186506
16.726000000000003,0.113718
16.727,-0.128759
16.728,0.022868
16.729000000000003,-0.253343
16.73,-0.089083
16.731,-0.030983
16.732000000000003,0.315442
16.733,0.234279
16.734,-0.444882
16.735000000000003,-0.512614
16.736,-0.066038
16.737000000000002,0.372262
16.738000000000003,-0.206965
16.739,0.042848
16.740000000000002,-0.077715
16.741,-0.005021
16.742,0.022197
16.743000000000002,-0.259571
16.744,-0.18019
16.745,0.111527
16.746000000000002,0.164128
16.747,-0.044975
16.748,0.197401
16.749000000000002,0.095451
16.75,0.090705
16.751,0.157451
16.752000000000002,0.1875
16.753,0.123311
16.754,-0.083367
16.755000000000003,0.17533
16.756,0.095912
16.757,-0.040184
16.758000000000003,-0.189224
16.759,-0.016597
16.76,-0.154321
16.761000000000003,-0.057045
16.762,-0.179641
16.763,0.132475
16.764000000000003,0.04718
16.765,0.122825
16.766000000000002,0.114317
16.767000000000003,-0.000306
16.768,0.056629
16.769000000000002,-0.207846
16.770000000000003,0.044124
16.771,0.167105
16.772000000000002,-0.017437
16.773,0.192873
16.774,-0.035636
16.775000000000002,-0.136629
16.776,0.143928
16.777,0.104666
16.778000000000002,-0.124472
16.779,0.099699
16.78,0.010354
16.781000000000002,0.20695
16.782,-0.178892
16.783,-0.191996
16.784000000000002,-0.090104
16.785,0.165678
16.786,0.472312
16.787000000000003,0.043951
16.788,0.244979
16.789,-0.04747
16.790000000000003,-0.201926
16.791,0.270138
16.792,0.119124
16.793000000000003,0.223573
16.794,0.115576
16.795,-0.10361
16.796000000000003,-0.263437
16.797,-0.207946
16.798000000000002,-0.221821
16.799000000000003,-0.059153
16.8,0.150471
16.801000000000002,0.006979
16.802,0.403201
16.803,0.143628
16.804000000000002,0.053876
16.805,0.143619
16.806,0.018496
16.807000000000002,-0.165046
16.808,0.391959
16.809,-0.059167
16.810000000000002,-0.371736
16.811,0.132701
16.812,0.061782
16.813000000000002,-0.121043
16.814,0.025238
16.815,0.403459
16.816000000000003,-0.022527
16.817,0.011825
16.818,0.162957
16.819000000000003,0.306214
16.82,-0.195466
16.821,-0.089588
16.822000000000003,0.074873
16.823,-0.158581
16.824,-0.017436
16.825000000000003,0.051745
16.826,-0.145115
16.827,-0.070385
16.828000000000003,0.371224
16.829,-0.041237
16.830000000000002,0.294713
16.831000000000003,0.035021
16.832,0.04664
16.833000000000002,0.018681
16.834,0.13764
16.835,0.114184
16.836000000000002,0.100786
16.837,-0.019308
16.838,0.387882
16.839000000000002,0.360988
16.84,0.038125
16.841,-0.256129
16.842000000000002,-0.038802
16.843,-0.085452
16.844,0.147349
16.845000000000002,0.084848
16.846,0.007964
16.847,-0.163978
16.848000000000003,0.141022
16.849,-0.16584
16.85,-0.067494
16.851000000000003,0.441808
16.852,-0.014988
16.853,-0.505923
16.854000000000003,-0.345382
16.855,0.026255
16.856,-0.059767
16.857000000000003,0.491485
16.858,-0.121113
16.859,-0.130433
16.860000000000003,-0.094911
16.861,0.291724
16.862000000000002,0.176806
16.863000000000003,-0.073009
16.864,-0.086276
16.865000000000002,0.307005
16.866,0.053221
16.867,0.214134
16.868000000000002,0.156517
16.869,0.189189
16.87,0.145282
16.871000000000002,-0.155805
16.872,-0.02733
16.873,0.008604
16.874000000000002,0.346322
16.875,0.151912
16.876,0.322624
16.877000000000002,-0.294125
16.878,0.232836
16.879,0.031306
16.880000000000003,0.066523
16.881,-0.021928
16.882,0.057341
16.883000000000003,0.256584
16.884,0.342334
16.885,0.266691
16.886000000000003,-0.065476
16.887,0.245574
16.888,0.355088
16.889000000000003,-0.091081
16.89,0.232646
16.891000000000002,-0.223263
16.892000000000003,-0.211401
16.893,0.058719
16.894000000000002,-0.248678
16.895000000000003,0.288383
16.896,0.058025
16.897000000000002,0.275377
16.898,0.108738
16.899,0.310224
16.900000000000002,-0.050339
16.901,0.300427
16.902,0.123824
16.903000000000002,-0.056307
16.904,-0.43064
16.905,0.105277
16.906000000000002,0.175125
16.907,-0.013969
16.908,-0.061971
16.909000000000002,0.045895
16.91,0.140765
16.911,0.247915
16.912000000000003,-0.055726
16.913,0.040011
16.914,0.157596
16.915000000000003,0.090889
16.916,0.042206
16.917,0.028846
16.918000000000003,0.026958
16.919,0.240891
16.92,0.154854
16.921000000000003,0.140483
16.922,-0.198611
16.923000000000002,-0.045625
16.924000000000003,0.088986
16.925,0.168668
16.926000000000002,0.195583
16.927000000000003,-0.040336
16.928,-0.019505
16.929000000000002,0.127321
16.93,-0.068959
16.931,-0.202278
16.932000000000002,-0.253191
16.933,-0.087804
16.934,-0.182101
16.935000000000002,-0.041922
16.936,0.184298
16.937,0.241733
16.938000000000002,0.12704
16.939,-0.038937
16.94,-0.033171
16.941000000000003,-0.066689
16.942,-0.088582
16.943,0.067643
16.944000000000003,-0.018189
16.945,-0.21476
16.946,-0.287803
16.947000000000003,-0.062735
16.948,-0.169696
16.949,0.273565
16.950000000000003,-0.130348
16.951,0.211698
16.952,0.067406
16.953000000000003,0.104848
16.954,-0.171704
16.955000000000002,-0.361288
16.956000000000003,-0.153549
16.957,0.116835
16.958000000000002,0.148818
16.959,0.111286
16.96,0.060146
16.961000000000002,0.151264
16.962,0.252588
16.963,0.070472
16.964000000000002,0.475951
16.965,0.248146
16.966,0.082383
16.967000000000002,0.0551
16.968,0.417534
16.969,0.365001
16.970000000000002,0.214857
16.971,-0.155984
16.972,0.364833
16.973000000000003,0.163461
16.974,-0.27408
16.975,0.010423
16.976000000000003,0.038518
16.977,-0.167152
16.978,-0.150841
16.979000000000003,-0.142794
16.98,0.014955
16.981,0.04673
16.982000000000003,0.051655
16.983,-0.161751
16.984,0.000771
16.985000000000003,0.231789
16.986,0.241819
16.987000000000002,-0.122374
16.988000000000003,0.169448
16.989,-0.116661
16.990000000000002,-0.013714
16.991,0.09969
16.992,-0.058858
16.993000000000002,0.033235
16.994,-0.070136
16.995,-0.17154
16.996000000000002,0.130835
16.997,0.410721
16.998,0.178528
16.999000000000002,0.068114
17.0,0.332602
17.001,0.260925
17.002000000000002,-0.056406
17.003,-0.023717
17.004,-0.204071
17.005000000000003,0.363962
17.006,0.000931
17.007,0.372539
17.008000000000003,0.315345
17.009,-0.012548
17.01,-0.020409
17.011000000000003,0.213857
17.012,0.185298
17.013,-0.203593
17.014000000000003,0.047613
17.015,0.078663
17.016000000000002,-0.031408
17.017000000000003,0.300373
17.018,0.151213
17.019000000000002,0.097445
17.020000000000003,-0.108066
17.021,0.076179
17.022000000000002,0.323258
17.023,0.019059
17.024,-0.176051
17.025000000000002,0.08093
17.026,-0.020594
17.027,0.265748
17.028000000000002,-0.116245
17.029,0.128032
17.03,-0.126285
17.031000000000002,0.271349
17.032,-0.158347
17.033,-0.033897
17.034000000000002,0.157842
17.035,-0.07902
17.036,-0.137769
17.037000000000003,0.174933
17.038,-0.263394
17.039,0.069221
17.040000000000003,-0.02239
17.041,0.083089
17.042,0.444399
17.043000000000003,0.164381
17.044,-0.000566
17.045,0.035508
17.046000000000003,0.165057
17.047,0.18729
17.048000000000002,-0.22191
17.049000000000003,-0.075023
17.05,-0.006663
17.051000000000002,0.338319
17.052000000000003,0.042418
17.053,0.068865
17.054000000000002,0.201885
17.055,0.086155
17.056,0.016426
17.057000000000002,0.033509
17.058,0.004464
17.059,0.134994
17.060000000000002,-0.250604
17.061,0.029679
17.062,-0.202662
17.063000000000002,-0.045802
17.064,0.204556
17.065,0.30108
17.066000000000003,0.59375
17.067,0.140643
17.068,-0.299663
17.069000000000003,0.013995
17.07,0.137892
17.071,0.419993
17.072000000000003,0.271246
17.073,-0.031645
17.074,-0.12879
17.075000000000003,-0.059372
17.076,0.129346
17.077,-0.049765
17.078000000000003,0.047405
17.079,-0.24335
17.080000000000002,-0.313881
17.081000000000003,-0.016277
17.082,-0.114378
17.083000000000002,-0.043667
17.084,-0.03729
17.085,-0.015506
17.086000000000002,-0.228147
17.087,0.167901
17.088,0.010436
17.089000000000002,-0.019837
17.09,0.356464
17.091,-0.089057
17.092000000000002,0.047103
17.093,-0.143131
17.094,0.126699
17.095000000000002,-0.18089
17.096,0.00297
17.097,-0.025795
17.098000000000003,0.138542
17.099,-0.051982
17.1,-0.257932
17.101000000000003,-0.001361
17.102,0.286496
17.103,0.044906
17.104000000000003,0.112848
17.105,0.186151
17.106,0.275018
17.107000000000003,0.302632
17.108,-0.001573
17.109,-0.217731
17.110000000000003,0.018431
17.111,-0.15002
17.112000000000002,0.03798
17.113000000000003,0.230428
17.114,-0.000519
17.115000000000002,0.210818
17.116,-0.098883
17.117,0.097967
17.118000000000002,-0.012337
17.119,0.257234
17.12,-0.153835
17.121000000000002,-0.007465
17.122,0.031728
17.123,0.52668
17.124000000000002,-0.0297
17.125,-0.061706
17.126,0.182455
17.127000000000002,-0.091849
17.128,0.021637
17.129,0.076162
17.130000000000003,-0.14645
17.131,-0.378451
17.132,0.225437
17.133000000000003,0.167727
17.134,0.271675
17.135,0.097782
17.136000000000003,-0.062128
17.137,-0.026432
17.138,0.175691
17.139000000000003,0.222627
17.14,0.092826
17.141000000000002,-0.047205
17.142000000000003,0.082547
17.143,0.075518
17.144000000000002,-0.203149
17.145000000000003,-0.076143
17.146,-0.102917
17.147000000000002,-0.035599
17.148,-0.142733
17.149,0.191159
17.150000000000002,0.14266
17.151,0.113728
17.152,0.122643
17.153000000000002,0.000835
17.154,0.130179
17.155,0.009705
17.156000000000002,-0.097435
17.157,0.159241
17.158,0.28957
17.159000000000002,-0.00376
17.16,0.019856
17.161,0.115959
17.162000000000003,0.104351
17.163,-0.103011
17.164,0.104123
17.165000000000003,0.145676
17.166,-0.262564
17.167,-0.097065
17.168000000000003,0.12257
17.169,0.250593
17.17,0.184861
17.171000000000003,0.124987
17.172,-0.024305
17.173000000000002,0.021429
17.174000000000003,0.1516
17.175,0.426723
17.176000000000002,0.017687
17.177000000000003,0.095338
17.178,0.02002
17.179000000000002,-0.06594
17.18,0.230956
17.181,0.081722
17.182000000000002,-0.136416
17.183,0.218865
17.184,-0.165489
17.185000000000002,-0.025394
17.186,0.114061
17.187,0.188565
17.188000000000002,0.092469
17.189,0.186174
17.19,-0.263803
17.191000000000003,-0.049683
17.192,0.014922
17.193,-0.0396
17.194000000000003,-0.156347
17.195,0.091015
17.196,0.556048
17.197000000000003,0.033159
17.198,-0.051809
17.199,0.0734
17.200000000000003,-0.082856
17.201,-0.019569
17.202,0.315563
17.203000000000003,-0.228938
17.204,-0.110736
17.205000000000002,0.015151
17.206000000000003,0.250813
17.207,-0.023004
17.208000000000002,0.021715
17.209000000000003,0.08557
17.21,-0.166642
17.211000000000002,0.070753
17.212,-0.152212
17.213,-0.375062
17.214000000000002,0.054233
17.215,0.110817
17.216,-0.108738
17.217000000000002,0.12778
17.218,-0.194156
17.219,0.112463
17.220000000000002,0.227314
17.221,-0.036421
17.222,0.004062
17.223000000000003,0.016329
17.224,0.059531
17.225,0.184591
17.226000000000003,0.02996
17.227,-0.059462
17.228,0.452267
17.229000000000003,-0.100953
17.23,-0.102891
17.231,-0.105477
17.232000000000003,0.35978
17.233,-0.073909
17.234,0.097207
17.235000000000003,-0.121388
17.236,-0.161016
17.237000000000002,0.312818
17.238000000000003,0.115479
17.239,0.082804
17.240000000000002,0.052057
17.241,0.166971
17.242,-0.216089
17.243000000000002,0.054393
17.244,0.015256
17.245,0.20609
17.246000000000002,0.179869
17.247,-0.083794
17.248,0.161237
17.249000000000002,-0.069784
17.25,-0.147862
17.251,-0.223452
17.252000000000002,0.267374
17.253,0.095687
17.254,-0.053132
17.255000000000003,0.112363
17.256,-0.119938
17.257,0.161008
17.258000000000003,0.029582
17.259,0.116356
17.26,0.297844
17.261000000000003,0.038453
17.262,0.214603
17.263,-0.011339
17.264000000000003,0.325288
17.265,0.097202
17.266000000000002,0.01018
17.267000000000003,0.016149
17.268,0.166255
17.269000000000002,-0.031663
17.270000000000003,-0.007316
17.271,-0.256322
17.272000000000002,-0.296305
17.273,-0.022494
17.274,0.430807
17.275000000000002,-0.04936
17.276,-0.061402
17.277,-0.04489
17.278000000000002,-0.120491
17.279,-0.153571
17.28,0.13344
17.281000000000002,-0.273383
17.282,0.166053
17.283,0.389296
17.284000000000002,-0.034577
17.285,0.209949
17.286,0.159894
17.287000000000003,0.149431
17.288,-0.326407
17.289,-0.301832
17.290000000000003,0.07379
17.291,-0.104336
17.292,0.286522
17.293000000000003,0.060849
17.294,0.281759
17.295,0.002297
17.296000000000003,-0.093523
17.297,-0.310951
17.298000000000002,0.242988
17.299000000000003,0.12925
17.3,0.319875
17.301000000000002,0.246624
17.302000000000003,-0.026493
17.303,-0.04841
17.304000000000002,-0.250503
17.305,-0.313666
17.306,0.097161
17.307000000000002,0.125222
17.308,0.086545
17.309,-0.082801
17.310000000000002,0.198277
17.311,0.20116
17.312,0.130093
17.313000000000002,0.040708
17.314,-0.186062
17.315,-0.058708
17.316000000000003,-0.088458
17.317,0.514864
17.318,0.197274
17.319000000000003,0.219886
17.32,0.053302
17.321,-0.180906
17.322000000000003,-0.006335
17.323,0.261227
17.324,-0.039268
17.325000000000003,0.049011
17.326,-0.087992
17.327,0.127245
17.328000000000003,0.299671
17.329,0.403225
17.330000000000002,-0.32138
17.331000000000003,0.046361
17.332,0.018685
17.333000000000002,0.291876
17.334000000000003,0.506796
17.335,-0.086274
17.336000000000002,-0.099152
17.337,-0.012804
17.338,0.128025
17.339000000000002,0.297957
17.34,0.078853
17.341,0.166946
17.342000000000002,-0.140261
17.343,0.100457
17.344,0.060887
17.345000000000002,0.077881
17.346,-0.020113
17.347,-0.144206
17.348000000000003,-0.098662
17.349,0.205487
17.35,0.363459
17.351000000000003,0.116049
17.352,0.217966
17.353,0.210813
17.354000000000003,-0.205856
17.355,0.299474
17.356,-0.19048
17.357000000000003,-0.012671
17.358,-0.086477
17.359,0.143551
17.360000000000003,0.005482
17.361,0.269261
17.362000000000002,0.188131
17.363000000000003,0.171685
17.364,-0.229715
17.365000000000002,0.001763
17.366,0.360953
17.367,0.120249
17.368000000000002,0.158962
17.369,-0.142696
17.37,0.350094
17.371000000000002,0.129596
17.372,-0.048554
17.373,0.183131
17.374000000000002,0.061072
17.375,0.05934
17.376,0.065265
17.377000000000002,0.094026
17.378,-0.035547
17.379,-0.08856
17.380000000000003,-0.207362
17.381,0.048204
17.382,-0.288544
17.383000000000003,-0.082016
17.384,0.219981
17.385,0.10584
17.386000000000003,0.354798
17.387,-0.089302
17.388,0.125596
17.389000000000003,0.254586
17.39,-0.087905
17.391000000000002,-0.292268
17.392000000000003,0.152142
17.393,0.160614
17.394000000000002,0.14426
17.395000000000003,-0.025173
17.396,0.062681
17.397000000000002,0.433873
17.398,0.148277
17.399,0.052736
17.400000000000002,-0.160744
17.401,-0.06033
17.402,-0.170317
17.403000000000002,-0.045568
17.404,-0.05518
17.405,-0.104569
17.406000000000002,-0.309993
17.407,-0.198769
17.408,0.230645
17.409000000000002,0.12473
17.41,-0.154936
17.411,0.226794
17.412000000000003,-0.116807
17.413,0.06696
17.414,0.180633
17.415000000000003,0.104367
17.416,0.044598
17.417,0.184842
17.418000000000003,0.033935
17.419,-0.101156
17.42,-0.051102
17.421000000000003,0.106703
17.422,0.217167
17.423000000000002,0.208596
17.424000000000003,-0.019412
17.425,0.088816
17.426000000000002,0.035893
17.427000000000003,0.153983
17.428,0.03789
17.429000000000002,-0.087378
17.43,0.14432
17.431,0.001732
17.432000000000002,-0.060398
17.433,0.105702
17.434,0.045505
17.435000000000002,0.110613
17.436,0.098576
17.437,0.001548
17.438000000000002,-0.290885
17.439,-0.081054
17.44,-0.328406
17.441000000000003,0.039607
17.442,0.2153
17.443,-0.197302
17.444000000000003,-0.066853
17.445,-0.106144
17.446,-0.258038
17.447000000000003,-0.077567
17.448,0.400783
17.449,0.107393
17.450000000000003,-0.110742
17.451,-0.002172
17.452,0.397272
17.453000000000003,-0.279702
17.454,0.185965
17.455000000000002,-0.36232
17.456000000000003,-0.115839
17.457,0.288208
17.458000000000002,0.133611
17.459000000000003,-0.061438
17.46,-0.127577
17.461000000000002,0.270402
17.462,0.04821
17.463,-0.07042
17.464000000000002,-0.001117
17.465,0.078375
17.466,-0.319407
17.467000000000002,-0.043717
17.468,-0.824862
17.469,0.202458
17.470000000000002,0.244999
17.471,-0.458994
17.472,0.106961
17.473000000000003,0.121284
17.474,0.136841
17.475,-0.055385
17.476000000000003,-0.014413
17.477,0.157853
17.478,-0.089213
17.479000000000003,0.161416
17.48,0.004407
17.481,0.213346
17.482000000000003,0.084928
17.483,-0.207767
17.484,-0.176395
17.485000000000003,-0.305371
17.486,-0.097093
17.487000000000002,-0.096044
17.488000000000003,-0.01306
17.489,0.211478
17.490000000000002,-0.196459
17.491,0.029072
17.492,0.110145
17.493000000000002,-0.251026
17.494,-0.074459
17.495,0.26101
17.496000000000002,-0.166912
17.497,0.046716
17.498,-0.539
17.499000000000002,0.081958
17.5,-0.115489
17.501,-0.038591
17.502000000000002,0.222075
17.503,-0.012559
17.504,0.240503
17.505000000000003,0.134396
17.506,0.135397
17.507,-0.028526
17.508000000000003,0.12009
17.509,0.172341
17.51,0.433947
17.511000000000003,0.169741
17.512,-0.128243
17.513,-0.016311
17.514000000000003,-0.141803
17.515,0.048604
17.516000000000002,0.025201
17.517000000000003,-0.077389
17.518,0.051757
17.519000000000002,0.13171
17.520000000000003,0.036298
17.521,-0.124046
17.522000000000002,0.049737
17.523,-0.083628
17.524,0.061856
17.525000000000002,-0.328821
17.526,0.122273
17.527,-0.213095
17.528000000000002,0.11451
17.529,-0.077059
17.53,0.156934
17.531000000000002,-0.087168
17.532,-0.03171
17.533,-0.078401
17.534000000000002,-0.054195
17.535,0.191594
17.536,-0.129932
17.537000000000003,0.086509
17.538,-0.228987
17.539,0.043986
17.540000000000003,0.216264
17.541,-0.294836
17.542,-0.16771
17.543000000000003,0.032412
17.544,0.04916
17.545,-0.094113
17.546000000000003,0.083366
17.547,0.077787
17.548000000000002,0.14225
17.549000000000003,0.309389
17.55,-0.064742
17.551000000000002,0.243549
17.552000000000003,0.090862
17.553,0.133081
17.554000000000002,0.232192
17.555,-0.165627
17.556,-0.088195
17.557000000000002,-0.008136
17.558,-0.406593
17.559,-0.142861
17.560000000000002,-0.207272
17.561,-0.010261
17.562,0.271986
17.563000000000002,-0.211484
17.564,-0.313205
17.565,0.16634
17.566000000000003,0.259589
17.567,0.054402
17.568,0.0887
17.569000000000003,-0.149169
17.57,0.414855
17.571,0.048674
17.572000000000003,-0.284462
17.573,0.268996
17.574,0.113637
17.575000000000003,0.102074
17.576,0.148917
17.577,0.050972
17.578000000000003,-0.064625
17.579,-0.119816
17.580000000000002,0.340349
17.581000000000003,-0.06071
17.582,0.159761
17.583000000000002,0.018303
17.584000000000003,0.028882
17.585,0.102305
17.586000000000002,0.166908
17.587,0.176531
17.588,0.097098
17.589000000000002,0.268902
17.59,0.024161
17.591,-0.2196
17.592000000000002,0.232638
17.593,0.409574
17.594,0.353315
17.595000000000002,-0.004825
17.596,-0.072835
17.597,-0.378955
17.598000000000003,0.129695
17.599,-0.117835
17.6,-0.472371
17.601000000000003,0.142888
17.602,-0.049154
17.603,-0.034812
17.604000000000003,0.076312
17.605,-0.30996
17.606,0.062267
17.607000000000003,0.008468
17.608,0.297561
17.609,0.386285
17.610000000000003,-0.210163
17.611,0.049411
17.612000000000002,0.141585
17.613000000000003,-0.010792
17.614,0.34831
17.615000000000002,0.168404
17.616000000000003,0.197467
17.617,0.419499
17.618000000000002,0.196244
17.619,0.17765
17.62,0.025262
17.621000000000002,-0.255839
17.622,0.114709
17.623,0.082422
17.624000000000002,-0.005727
17.625,0.17618
17.626,-0.031154
17.627000000000002,-0.193365
17.628,0.042137
17.629,-0.07971
17.630000000000003,0.117482
17.631,-0.059589
17.632,-0.341988
17.633000000000003,-0.113917
17.634,-0.162515
17.635,0.053169
17.636000000000003,-0.166736
17.637,-0.290041
17.638,0.179356
17.639000000000003,0.028892
17.64,-0.213786
17.641000000000002,-0.269671
17.642000000000003,0.023784
17.643,0.232499
17.644000000000002,-0.115133
17.645000000000003,0.367122
17.646,-0.225417
17.647000000000002,-0.519721
17.648,-0.074491
17.649,-0.200175
17.650000000000002,-0.081564
17.651,0.017111
17.652,0.159029
17.653000000000002,0.033709
17.654,0.127652
17.655,-0.018712
17.656000000000002,0.068952
17.657,0.390084
17.658,0.110847
17.659000000000002,0.018496
17.66,0.048221
17.661,-0.085193
17.662000000000003,0.334263
17.663,-0.03155
17.664,0.084911
17.665000000000003,0.185234
17.666,-0.006986
17.667,0.008706
17.668000000000003,-0.329574
17.669,0.143004
17.67,0.232057
17.671000000000003,-0.134103
17.672,0.117543
17.673000000000002,0.094701
17.674000000000003,-0.173357
17.675,-0.157071
17.676000000000002,0.186273
17.677000000000003,0.24061
17.678,0.124241
17.679000000000002,0.233349
17.68,-0.032786
17.681,-0.217099
17.682000000000002,0.142151
17.683,-0.03554
17.684,0.076247
17.685000000000002,-0.022912
17.686,0.099387
17.687,0.079104
17.688000000000002,0.051094
17.689,0.122911
17.69,-0.35906
17.691000000000003,0.149214
17.692,0.247273
17.693,-0.151119
17.694000000000003,-0.020246
17.695,0.199719
17.696,0.28058
17.697000000000003,0.045289
17.698,-0.294831
17.699,0.077568
17.700000000000003,0.068695
17.701,0.118512
17.702,-0.087262
17.703000000000003,-0.352649
17.704,-0.22552
17.705000000000002,0.02241
17.706000000000003,-0.201212
17.707,0.008056
17.708000000000002,-0.051777
17.709000000000003,0.34107
17.71,0.220556
17.711000000000002,0.213005
17.712,0.370884
17.713,-0.102913
17.714000000000002,-0.086007
17.715,0.32131
17.716,-0.171375
17.717000000000002,-0.051846
17.718,-0.133582
17.719,0.260511
17.720000000000002,-0.167382
17.721,0.233195
17.722,-0.01144
17.723000000000003,-0.205428
17.724,0.094404
17.725,-0.156822
17.726000000000003,0.274377
17.727,0.327665
17.728,0.270784
17.729000000000003,0.019979
17.73,-0.004581
17.731,-0.17815
17.732000000000003,-0.052507
17.733,0.109081
17.734,-0.216566
17.735000000000003,-0.116239
17.736,-0.053142
17.737000000000002,-0.036379
17.738000000000003,-0.031249
17.739,-0.090215
17.740000000000002,0.030379
17.741000000000003,0.063353
17.742,0.190033
17.743000000000002,0.292873
17.744,-0.059922
17.745,-0.063744
17.746000000000002,0.24328
17.747,-0.137217
17.748,-0.183762
17.749000000000002,-0.080239
17.75,0.572729
17.751,0.078651
17.752000000000002,0.038214
17.753,-0.070449
17.754,-0.051116
17.755000000000003,0.409303
17.756,0.138165
17.757,-0.03571
17.758000000000003,0.297678
17.759,-0.008037
17.76,0.214456
17.761000000000003,0.115836
17.762,-0.062071
17.763,-0.203305
17.764000000000003,0.132733
17.765,-0.342983
17.766000000000002,0.00876
17.767000000000003,-0.05947
17.768,-0.321834
17.769000000000002,0.143303
17.770000000000003,-0.009878
17.771,0.024356
17.772000000000002,-0.177154
17.773,0.111663
17.774,0.036813
17.775000000000002,0.079899
17.776,0.056723
17.777,0.022817
17.778000000000002,0.00646
17.779,0.293512
17.78,-0.001573
17.781000000000002,0.023592
17.782,0.059177
17.783,-0.062528
17.784000000000002,0.249574
17.785,-0.232083
17.786,-0.022186
17.787000000000003,-0.176602
17.788,0.054254
17.789,0.173583
17.790000000000003,-0.131569
17.791,0.283028
17.792,0.165098
17.793000000000003,-0.090274
17.794,0.143363
17.795,0.18184
17.796000000000003,-0.305795
17.797,0.226574
17.798000000000002,0.051693
17.799000000000003,0.115021
17.8,0.123325
17.801000000000002,0.152182
17.802000000000003,0.161218
17.803,0.061116
17.804000000000002,0.143357
17.805,0.172053
17.806,0.204014
17.807000000000002,0.112457
17.808,0.147888
17.809,0.102985
17.810000000000002,0.076236
17.811,-0.055965
17.812,0.209292
17.813000000000002,0.03332
17.814,0.20767
17.815,0.071344
17.816000000000003,-0.100408
17.817,0.034689
17.818,0.236429
17.819000000000003,-0.032316
17.82,-0.228027
17.821,0.088748
17.822000000000003,0.146367
17.823,0.027745
17.824,0.126572
17.825000000000003,-0.140186
17.826,0.151408
17.827,-0.035474
17.828000000000003,0.153514
17.829,0.299102
17.830000000000002,0.302088
17.831000000000003,-0.196122
17.832,0.101073
17.833000000000002,0.00692
17.834000000000003,0.29572
17.835,0.095682
17.836000000000002,0.41683
17.837,0.230589
17.838,-0.169095
17.839000000000002,0.232377
17.84,0.241868
17.841,-0.164389
17.842000000000002,-0.062683
17.843,0.115098
17.844,-0.195173
17.845000000000002,-0.113852
17.846,-0.077404
17.847,-0.162385
17.848000000000003,0.009062
17.849,0.290387
17.85,0.015785
17.851000000000003,0.079178
17.852,-0.191274
17.853,-0.425334
17.854000000000003,-0.286048
17.855,0.57667
17.856,0.02359
17.857000000000003,-0.034988
17.858,0.249402
17.859,-0.128386
17.860000000000003,0.084264
17.861,0.140095
17.862000000000002,-0.102172
17.863000000000003,-0.154376
17.864,-0.271756
17.865000000000002,0.003064
17.866000000000003,-0.133406
17.867,-0.06479
17.868000000000002,0.079833
17.869,-0.415254
17.87,-0.346512
17.871000000000002,0.138337
17.872,-0.141314
17.873,0.361298
17.874000000000002,-0.06954
17.875,0.025692
17.876,0.222442
17.877000000000002,0.183232
17.878,0.002193
17.879,0.116307
17.880000000000003,0.221196
17.881,0.229294
17.882,0.059738
17.883000000000003,0.231507
17.884,0.060842
17.885,0.096191
17.886000000000003,0.082308
17.887,0.17736
17.888,0.254408
17.889000000000003,-0.020188
17.89,0.264381
17.891000000000002,0.076193
17.892000000000003,0.116707
17.893,0.092037
17.894000000000002,-0.013584
17.895000000000003,0.28318
17.896,0.102904
17.897000000000002,-0.256454
17.898000000000003,-0.26673
17.899,0.048299
17.900000000000002,-0.28608
17.901,-0.16764
17.902,0.248629
17.903000000000002,0.058455
17.904,-0.048951
17.905,0.235393
17.906000000000002,-0.057541
17.907,-0.136681
17.908,-0.1445
17.909000000000002,-0.039644
17.91,0.24293
17.911,-0.2541
17.912000000000003,0.415834
17.913,0.035642
17.914,0.106038
17.915000000000003,-0.121796
17.916,0.237816
17.917,-0.192801
17.918000000000003,0.151019
17.919,0.031708
17.92,0.001861
17.921000000000003,0.127731
17.922,-0.283681
17.923000000000002,0.069633
17.924000000000003,0.07826
17.925,-0.068843
17.926000000000002,0.040088
17.927000000000003,0.316138
17.928,0.035454
17.929000000000002,0.037439
17.93,-0.207403
17.931,0.092167
17.932000000000002,0.062143
17.933,-0.203329
17.934,0.091556
17.935000000000002,-0.098778
17.936,0.246821
17.937,-0.068537
17.938000000000002,0.41075
17.939,0.056522
17.94,-0.286049
17.941000000000003,0.177703
17.942,0.03432
17.943,-0.351636
17.944000000000003,0.039363
17.945,-0.395491
17.946,0.482355
17.947000000000003,-0.009619
17.948,0.287214
17.949,-0.059282
17.950000000000003,-0.158953
17.951,-0.09045
17.952,0.191722
17.953000000000003,0.134004
17.954,0.038004
17.955000000000002,0.169667
17.956000000000003,0.390521
17.957,0.149399
17.958000000000002,0.012673
17.959000000000003,-0.052793
17.96,-0.01744
17.961000000000002,-0.0474
17.962,-0.063262
17.963,-0.10049
17.964000000000002,0.382703
17.965,-0.335603
17.966,-0.420645
17.967000000000002,-0.12711
17.968,0.277284
17.969,-0.00542
17.970000000000002,0.254109
17.971,0.217355
17.972,0.222491
17.973000000000003,0.344763
17.974,0.372007
17.975,-0.23025
17.976000000000003,-0.138426
17.977,-0.012521
17.978,0.096985
17.979000000000003,0.019628
17.98,0.096067
17.981,0.24419
17.982000000000003,0.226269
17.983,-0.025559
17.984,0.404896
17.985000000000003,0.172863
17.986,0.049458
17.987000000000002,-0.085915
17.988000000000003,-0.178885
17.989,-0.153903
17.990000000000002,0.20546
17.991000000000003,-0.133403
17.992,-0.171979
17.993000000000002,0.255504
17.994,-0.027877
17.995,0.021196
17.996000000000002,0.011219
17.997,-0.071525
17.998,0.212853
17.999000000000002,0.124838
18.0,0.098598
18.001,0.246258
18.002000000000002,-0.191983
18.003,0.245336
18.004,-0.100104
18.005000000000003,-0.146376
18.006,0.104666
18.007,-0.136472
18.008000000000003,-0.328402
18.009,0.120431
18.01,0.409584
18.011000000000003,0.375003
18.012,-0.08986
18.013,0.084543
18.014000000000003,0.126014
18.015,-0.210731
18.016,0.257992
18.017000000000003,-0.251608
18.018,0.194072
18.019,0.322946
18.020000000000003,0.122829
18.021,0.214755
18.022,0.011743
18.023000000000003,0.030712
18.024,-0.145255
18.025,-0.013442
18.026,0.323807
18.027,0.117555
18.028,0.015752
18.029,0.233627
18.03,0.201915
18.031,-0.332242
18.032,0.246882
18.033,-0.008079
18.034,0.238913
18.035,-0.164121
18.036,0.223725
18.037000000000003,-0.255105
18.038,-0.202288
18.039,-0.023429
18.040000000000003,0.314003
18.041,0.065445
18.042,-0.454541
18.043000000000003,-0.04396
18.044,-0.216504
18.045,0.090344
18.046000000000003,-0.171786
18.047,-0.164023
18.048,0.352786
18.049000000000003,0.297029
18.05,-0.013426
18.051,-0.38619
18.052000000000003,-0.316758
18.053,-0.007858
18.054,0.228397
18.055,0.198306
18.056,-0.293224
18.057,0.23435
18.058,-0.062439
18.059,-0.170864
18.06,-0.005065
18.061,0.201599
18.062,-0.054893
18.063,0.065249
18.064,-0.057081
18.065,-0.07777
18.066000000000003,-0.106619
18.067,-0.235126
18.068,-0.032849
18.069000000000003,0.116514
18.07,0.21154
18.071,-0.097453
18.072000000000003,0.211926
18.073,0.061918
18.074,0.541533
18.075000000000003,-0.050746
18.076,0.345161
18.077,-0.044939
18.078000000000003,-0.087351
18.079,0.273222
18.08,0.276661
18.081000000000003,0.115979
18.082,-0.222855
18.083,0.097381
18.084000000000003,-0.006036
18.085,-0.016876
18.086,0.137263
18.087,-0.026271
18.088,0.163525
18.089,0.050902
18.09,0.208191
18.091,-0.077581
18.092,0.205718
18.093,0.147072
18.094,0.035222
18.095,0.31501
18.096,0.074091
18.097,-0.053852
18.098000000000003,-0.01704
18.099,-0.030795
18.1,0.027523
18.101000000000003,0.057936
18.102,-0.217534
18.103,-0.103334
18.104000000000003,-0.267055
18.105,-0.261505
18.106,-0.122512
18.107000000000003,-0.042245
18.108,-0.043989
18.109,0.01861
18.110000000000003,-0.152969
18.111,-0.139918
18.112,0.198486
18.113000000000003,0.27907
18.114,0.00399
18.115,0.104426
18.116000000000003,0.252324
18.117,0.256438
18.118,-0.117363
18.119,0.068551
18.12,-0.057661
18.121,0.02122
18.122,0.433269
18.123,0.171729
18.124,-0.147968
18.125,0.4058
18.126,0.141711
18.127,0.021333
18.128,-0.476126
18.129,-0.028619
18.130000000000003,0.244527
18.131,0.241164
18.132,0.400809
18.133000000000003,-0.022645
18.134,0.152212
18.135,0.060709
18.136000000000003,-0.167501
18.137,-0.008342
18.138,-0.226032
18.139000000000003,-0.04253
18.14,0.015632
18.141,0.062328
18.142000000000003,0.145367
18.143,0.152971
18.144,0.019025
18.145000000000003,0.234119
18.146,-0.0822
18.147,0.192298
18.148000000000003,-0.072651
18.149,-0.276511
18.15,0.244346
18.151,0.125466
18.152,0.036966
18.153,-0.102982
18.154,0.081415
18.155,-0.0544
18.156,0.163703
18.157,-0.014554
18.158,-0.066037
18.159,0.101175
18.16,-0.044596
18.161,0.118153
18.162000000000003,0.152323
18.163,-0.127946
18.164,-0.026244
18.165000000000003,-0.021908
18.166,0.087424
18.167,0.209438
18.168000000000003,0.083725
18.169,-0.242612
18.17,0.156296
18.171000000000003,-0.040075
18.172,0.064389
18.173,-0.000688
18.174000000000003,-0.074739
18.175,-0.304757
18.176,0.200153
18.177000000000003,0.146654
18.178,0.101233
18.179,0.275253
18.18,-0.084091
18.181,-0.300431
18.182,0.060831
18.183,-0.11192
18.184,0.075053
18.185,0.16268
18.186,-0.082427
18.187,0.28417
18.188,-0.10215
18.189,-0.034652
18.19,0.084714
18.191000000000003,0.21341
18.192,0.535956
18.193,0.065366
18.194000000000003,0.028169
18.195,-0.110485
18.196,0.013369
18.197000000000003,0.170047
18.198,-0.020123
18.199,0.003469
18.200000000000003,0.197919
18.201,0.086059
18.202,0.078853
18.203000000000003,0.152674
18.204,-0.042324
18.205,-0.11995
18.206000000000003,-0.065735
18.207,0.026141
18.208,-0.184296
18.209000000000003,0.073521
18.21,0.261546
18.211,0.051355
18.212,0.024493
18.213,0.265643
18.214,-0.079464
18.215,0.220009
18.216,0.048612
18.217,0.222787
18.218,0.100826
18.219,0.308322
18.22,0.061565
18.221,-0.04153
18.222,-0.031022
18.223000000000003,-0.230969
18.224,0.208483
18.225,0.054741
18.226000000000003,0.388667
18.227,0.145027
18.228,-0.056541
18.229000000000003,-0.216812
18.23,0.269273
18.231,0.173376
18.232000000000003,-0.078588
18.233,0.371238
18.234,0.089098
18.235000000000003,0.112539
18.236,-0.019961
18.237,-0.000915
18.238000000000003,-0.041022
18.239,-0.217269
18.24,-0.029057
18.241000000000003,-0.140574
18.242,-0.454305
18.243,0.051095
18.244,0.050387
18.245,0.16196
18.246,-0.10186
18.247,0.06712
18.248,0.029821
18.249,-0.065061
18.25,-0.179173
18.251,0.117794
18.252,-0.202656
18.253,-0.175014
18.254,0.18828
18.255000000000003,-0.094397
18.256,0.062488
18.257,0.047068
18.258000000000003,0.119025
18.259,-0.010121
18.26,0.246012
18.261000000000003,-0.268551
18.262,-0.137521
18.263,0.269378
18.264000000000003,0.049762
18.265,0.363406
18.266,-0.049662
18.267000000000003,0.089954
18.268,-0.150535
18.269,0.194733
18.270000000000003,-0.048974
18.271,-0.07819
18.272,0.090786
18.273000000000003,0.102945
18.274,0.034137
18.275,0.045627
18.276,-0.059897
18.277,0.172385
18.278,-0.077918
18.279,0.213901
18.28,0.160765
18.281,0.257835
18.282,0.002115
18.283,-0.425718
18.284,-0.019643
18.285,0.028886
18.286,-0.083598
18.287000000000003,0.424064
18.288,0.360133
18.289,-0.446181
18.290000000000003,-0.076698
18.291,-0.019255
18.292,0.087204
18.293000000000003,-0.071621
18.294,0.00223
18.295,-0.024688
18.296000000000003,-0.093907
18.297,0.090057
18.298,0.03393
18.299000000000003,0.115092
18.3,-0.075258
18.301,-0.060128
18.302000000000003,0.165986
18.303,-0.277259
18.304,-0.117864
18.305000000000003,-0.048936
18.306,0.238612
18.307,0.287772
18.308,0.059143
18.309,0.037593
18.31,0.123277
18.311,-0.011205
18.312,-0.182514
18.313,-0.049037
18.314,-0.381023
18.315,0.16167
18.316000000000003,-0.366016
18.317,0.314869
18.318,-0.172493
18.319000000000003,0.024926
18.32,0.01444
18.321,0.16508
18.322000000000003,0.121416
18.323,-0.069788
18.324,0.140991
18.325000000000003,-0.015365
18.326,-0.329176
18.327,-0.279683
18.328000000000003,0.167457
18.329,0.162279
18.33,0.144679
18.331000000000003,0.241379
18.332,0.375597
18.333,-0.098471
18.334000000000003,0.057499
18.335,-0.44068
18.336,0.093258
18.337,0.009535
18.338,-0.361487
18.339,0.043304
18.34,0.326851
18.341,0.046631
18.342,0.212222
18.343,0.067563
18.344,0.083449
18.345,0.491302
18.346,-0.005492
18.347,-0.012269
18.348000000000003,0.027308
18.349,-0.026028
18.35,-0.108119
18.351000000000003,-0.08007
18.352,0.082843
18.353,0.053027
18.354000000000003,0.206373
18.355,0.366037
18.356,0.293292
18.357000000000003,0.139511
18.358,0.302269
18.359,0.320209
18.360000000000003,0.23689
18.361,0.164953
18.362,0.120401
18.363000000000003,-0.087697
18.364,-0.033735
18.365,-0.000969
18.366000000000003,0.136804
18.367,0.031145
18.368,0.016725
18.369,-0.058337
18.37,0.032717
18.371,0.271148
18.372,0.061672
18.373,0.324888
18.374,0.33595
18.375,-0.065228
18.376,0.090679
18.377,0.119762
18.378,0.10613
18.379,0.123388
18.380000000000003,0.017822
18.381,0.148466
18.382,0.05206
18.383000000000003,-0.047302
18.384,0.059143
18.385,0.139461
18.386000000000003,0.186979
18.387,0.1363
18.388,0.17707
18.389000000000003,0.307095
18.39,0.022289
18.391,-0.025931
18.392000000000003,0.234793
18.393,0.153918
18.394,0.034687
18.395000000000003,-0.199595
18.396,0.239484
18.397,-0.142649
18.398000000000003,-0.032755
18.399,0.103879
18.4,0.132597
18.401,-0.196373
18.402,-0.177807
18.403,0.218397
18.404,0.091467
18.405,0.307977
18.406,-0.10866
18.407,-0.078955
18.408,-0.081718
18.409,0.323076
18.41,0.106755
18.411,-0.118245
18.412000000000003,-0.266339
18.413,0.30081
18.414,0.047148
18.415000000000003,0.032565
18.416,0.124057
18.417,-0.062793
18.418000000000003,0.030985
18.419,0.162612
18.42,0.151597
18.421000000000003,-0.135371
18.422,0.040789
18.423,0.238003
18.424000000000003,0.125356
18.425,0.240242
18.426,0.161218
18.427000000000003,0.007473
18.428,-0.064881
18.429,-0.251526
18.430000000000003,-0.331366
18.431,-0.05938
18.432,0.11934
18.433,-0.187663
18.434,0.075382
18.435,-0.016922
18.436,-0.046436
18.437,0.038257
18.438,-0.335507
18.439,0.163322
18.44,0.316312
18.441000000000003,0.030601
18.442,0.116035
18.443,-0.095778
18.444000000000003,0.018536
18.445,0.365236
18.446,0.183387
18.447000000000003,0.189792
18.448,0.058906
18.449,0.298267
18.450000000000003,-0.171129
18.451,-0.07539
18.452,-0.389777
18.453000000000003,-0.077373
18.454,-0.044605
18.455,0.113539
18.456000000000003,0.090721
18.457,0.145284
18.458,0.023058
18.459000000000003,-0.078499
18.46,-0.065727
18.461,-0.206458
18.462,0.066922
18.463,-0.051116
18.464,-0.241515
18.465,-0.191902
18.466,0.046347
18.467,-0.150456
18.468,0.021806
18.469,0.17969
18.47,0.014493
18.471,0.3786
18.472,-0.032785
18.473000000000003,0.173127
18.474,-0.15736
18.475,-0.223819
18.476000000000003,0.436092
18.477,0.349394
18.478,0.327336
18.479000000000003,-0.287662
18.48,-0.01091
18.481,0.049461
18.482000000000003,0.087592
18.483,0.040555
18.484,0.430357
18.485000000000003,0.059788
18.486,-0.084804
18.487,-0.186729
18.488000000000003,0.165587
18.489,0.062852
18.49,-0.099828
18.491000000000003,-0.176156
18.492,0.351969
18.493,0.056341
18.494,0.152831
18.495,0.062383
18.496,-0.248341
18.497,-0.04131
18.498,0.083198
18.499,0.255496
18.5,-0.124046
18.501,-0.297248
18.502,-0.184491
18.503,0.071079
18.504,-0.261167
18.505000000000003,0.020065
18.506,0.186261
18.507,-0.156704
18.508000000000003,-0.083753
18.509,0.139035
18.51,-0.164921
18.511000000000003,0.1487
18.512,0.13206
18.513,-0.061336
18.514000000000003,0.17936
18.515,-0.114122
18.516,-0.013686
18.517000000000003,0.01526
18.518,0.186366
18.519,0.499837
18.520000000000003,0.317825
18.521,-0.053857
18.522,0.267823
18.523000000000003,-0.435638
18.524,-0.262174
18.525,-0.114077
18.526,0.032234
18.527,0.217813
18.528,0.41695
18.529,0.464137
18.53,-0.106754
18.531,-0.215857
18.532,0.058278
18.533,-0.13091
18.534,0.120131
18.535,-0.047013
18.536,0.044038
18.537000000000003,0.096294
18.538,-0.09144
18.539,0.269825
18.540000000000003,-0.064199
18.541,0.099783
18.542,0.113599
18.543000000000003,0.089886
18.544,0.104073
18.545,0.130966
18.546000000000003,0.267235
18.547,0.180554
18.548,-0.106286
18.549000000000003,0.056287
18.55,-0.244393
18.551,0.070295
18.552000000000003,-0.003679
18.553,0.158491
18.554,-0.073163
18.555000000000003,-0.081043
18.556,-0.28447
18.557,0.032088
18.558,0.414184
18.559,0.34381
18.56,-0.204245
18.561,0.039669
18.562,0.157066
18.563,-0.331208
18.564,0.091028
18.565,-0.112211
18.566000000000003,-0.145234
18.567,0.167717
18.568,0.068129
18.569000000000003,-0.049225
18.57,-0.087467
18.571,-0.015389
18.572000000000003,0.283505
18.573,0.151894
18.574,0.205268
18.575000000000003,0.250934
18.576,0.005139
18.577,-0.155427
18.578000000000003,-0.008407
18.579,0.019983
18.58,0.144468
18.581000000000003,0.116476
18.582,0.016628
18.583,0.236176
18.584000000000003,0.251502
18.585,0.479688
18.586,0.350361
18.587,0.406325
18.588,0.400653
18.589,0.095112
18.59,0.223387
18.591,0.202035
18.592,-0.169941
18.593,0.090361
18.594,0.214774
18.595,-0.061935
18.596,0.26442
18.597,0.203605
18.598000000000003,0.286264
18.599,-0.034927
18.6,0.109746
18.601000000000003,0.104557
18.602,-0.166267
18.603,0.30196
18.604000000000003,-0.074445
18.605,0.138232
18.606,0.358307
18.607000000000003,0.114576
18.608,0.172729
18.609,0.099188
18.610000000000003,0.009782
18.611,-0.27886
18.612,0.243761
18.613000000000003,0.051018
18.614,0.186651
18.615,-0.183189
18.616000000000003,-0.119094
18.617,-0.261979
18.618,0.135063
18.619,0.306826
18.62,0.112505
18.621,0.193295
18.622,-0.019209
18.623,-0.034983
18.624,0.25794
18.625,-0.199372
18.626,0.179729
18.627,0.168454
18.628,-0.194727
18.629,0.408527
18.630000000000003,0.11049
18.631,-0.110186
18.632,0.254615
18.633000000000003,0.046893
18.634,0.532036
18.635,0.122761
18.636000000000003,0.378313
18.637,-0.005634
18.638,0.01095
18.639000000000003,0.111559
18.64,0.038955
18.641,0.111749
18.642000000000003,0.13457
18.643,-0.007086
18.644,-0.089972
18.645000000000003,-0.097037
18.646,0.000182
18.647,-0.013917
18.648000000000003,-0.251811
18.649,0.34029
18.65,0.051766
18.651,0.056809
18.652,0.161463
18.653,0.038101
18.654,-0.073525
18.655,-0.028328
18.656,-0.098417
18.657,-0.003137
18.658,0.076759
18.659,0.052047
18.66,-0.191795
18.661,-0.300395
18.662000000000003,0.176601
18.663,0.15827
18.664,0.090239
18.665000000000003,0.100068
18.666,0.241477
18.667,-0.188018
18.668000000000003,-0.082837
18.669,-0.0484
18.67,0.16678
18.671000000000003,-0.362592
18.672,0.343494
18.673,0.073902
18.674000000000003,0.337923
18.675,0.150603
18.676,-0.158098
18.677000000000003,0.114396
18.678,0.061648
18.679,0.244236
18.680000000000003,0.153221
18.681,0.27623
18.682,0.048805
18.683,-0.260639
18.684,-0.036174
18.685,-0.037275
18.686,0.203421
18.687,0.037582
18.688,0.109514
18.689,0.146345
18.69,-0.091738
18.691000000000003,0.000708
18.692,0.056629
18.693,-0.1685
18.694000000000003,0.001515
18.695,0.018568
18.696,0.257699
18.697000000000003,-0.06994
18.698,-0.000408
18.699,-0.191205
18.700000000000003,0.277486
18.701,0.067871
18.702,0.380901
18.703000000000003,-0.177343
18.704,-0.214891
18.705,-0.324478
18.706000000000003,-0.150082
18.707,-0.268141
18.708,0.110788
18.709000000000003,0.003734
18.71,0.037233
18.711,0.043852
18.712000000000003,0.122646
18.713,0.097097
18.714,-0.032748
18.715,0.106467
18.716,0.056492
18.717,-0.127532
18.718,-0.279688
18.719,0.305713
18.72,0.196058
18.721,0.263953
18.722,-0.300891
18.723000000000003,-0.098279
18.724,-0.185259
18.725,0.146225
18.726000000000003,-0.239573
18.727,-0.067537
18.728,-0.08754
18.729000000000003,-0.13299
18.73,0.161826
18.731,0.259465
18.732000000000003,-0.022076
18.733,-0.209094
18.734,0.035266
18.735000000000003,0.085492
18.736,0.025385
18.737,0.275529
18.738000000000003,0.039826
18.739,-0.069706
18.74,-0.214665
18.741000000000003,-0.027638
18.742,-0.034621
18.743,0.026457
18.744,0.295927
18.745,-0.092241
18.746,-0.130044
18.747,-0.033838
18.748,0.1897
18.749,0.574575
18.75,0.180599
18.751,-0.005134
18.752,0.461388
18.753,-0.136267
18.754,0.197009
18.755000000000003,0.105174
18.756,0.032433
18.757,0.091982
18.758000000000003,-0.302116
18.759,-0.259156
18.76,0.139202
18.761000000000003,0.446545
18.762,0.10064
18.763,0.109902
18.764000000000003,0.169372
18.765,0.037908
18.766,-0.042423
18.767000000000003,0.203208
18.768,0.144624
18.769,0.021661
18.770000000000003,-0.195651
18.771,-0.385794
18.772,0.079927
18.773000000000003,0.067263
18.774,0.08463
18.775,0.044854
18.776,0.304972
18.777,0.1735
18.778,-0.161314
18.779,0.130563
18.78,-0.099634
18.781,-0.072505
18.782,-0.09004
18.783,0.254248
18.784,0.282398
18.785,0.19893
18.786,0.220071
18.787000000000003,0.087242
18.788,-0.000196
18.789,0.006623
18.790000000000003,0.091939
18.791,0.120984
18.792,-0.189419
18.793000000000003,0.076983
18.794,-0.233839
18.795,-0.140292
18.796000000000003,-0.125395
18.797,0.154572
18.798,-0.334079
18.799000000000003,0.063368
18.8,0.060761
18.801,0.043276
18.802000000000003,0.0124
18.803,0.078906
18.804,0.172458
18.805000000000003,0.19766
18.806,0.057529
18.807,-0.067076
18.808,-0.175947
18.809,-0.086922
18.81,-0.135525
18.811,0.21023
18.812,0.069462
18.813,0.186086
18.814,-0.064733
18.815,0.127992
18.816000000000003,-0.01013
18.817,-0.182253
18.818,-0.004389
18.819000000000003,-0.266024
18.82,-0.091839
18.821,-0.001472
18.822000000000003,-0.052086
18.823,-0.075367
18.824,-0.058769
18.825000000000003,-0.263597
18.826,0.132419
18.827,0.014493
18.828000000000003,-0.073297
18.829,0.211719
18.83,0.385273
18.831000000000003,0.352348
18.832,-0.165375
18.833,-0.259996
18.834000000000003,0.109467
18.835,0.363037
18.836,-0.270989
18.837000000000003,0.060758
18.838,0.036663
18.839,0.413686
18.84,-0.239637
18.841,-0.022487
18.842,0.00854
18.843,0.16702
18.844,0.030521
18.845,-0.103697
18.846,-0.10408
18.847,0.19046
18.848000000000003,0.009148
18.849,0.180529
18.85,0.039363
18.851000000000003,0.007823
18.852,0.328549
18.853,0.120295
18.854000000000003,-0.280495
18.855,0.201994
18.856,0.064417
18.857000000000003,0.046102
18.858,0.122343
18.859,0.37394
18.860000000000003,0.1607
18.861,-0.07166
18.862,0.575786
18.863000000000003,0.248782
18.864,0.11829
18.865,-0.118014
18.866000000000003,0.077459
18.867,-0.065333
18.868,0.339063
18.869,-0.031336
18.87,0.020092
18.871,0.144291
18.872,0.177206
18.873,0.023848
18.874,-0.004496
18.875,0.082486
18.876,0.464598
18.877,0.25764
18.878,-0.139143
18.879,-0.307826
18.880000000000003,0.10175
18.881,-0.044103
18.882,-0.047856
18.883000000000003,0.110163
18.884,-0.127649
18.885,-0.011683
18.886000000000003,-0.078869
18.887,0.398301
18.888,0.01532
18.889000000000003,0.285462
18.89,-0.026979
18.891,-0.114964
18.892000000000003,0.036371
18.893,-0.108366
18.894,-0.097037
18.895000000000003,0.356889
18.896,0.279203
18.897,-0.084059
18.898000000000003,-0.417673
18.899,0.24474
18.9,-0.408529
18.901,0.166155
18.902,-0.011996
18.903,0.112315
18.904,0.280553
18.905,0.269313
18.906,0.094245
18.907,-0.025655
18.908,0.16281
18.909,-0.102401
18.91,0.340333
18.911,-0.133604
18.912000000000003,0.05106
18.913,0.303551
18.914,-0.078033
18.915000000000003,-0.23496
18.916,0.434013
18.917,-0.109086
18.918000000000003,-0.088961
18.919,0.0698
18.92,-0.23315
18.921000000000003,0.441883
18.922,0.16162
18.923,-0.192408
18.924000000000003,0.320536
18.925,-0.28765
18.926,0.192955
18.927000000000003,-0.026838
18.928,-0.077265
18.929,0.060924
18.930000000000003,0.121186
18.931,0.180132
18.932,-0.238666
18.933,0.29226
18.934,-0.202522
18.935,0.221522
18.936,-0.289985
18.937,-0.437678
18.938,-0.12583
18.939,0.109769
18.94,0.167199
18.941000000000003,0.55273
18.942,-0.045547
18.943,0.067099
18.944000000000003,0.230555
18.945,0.393255
18.946,0.269055
18.947000000000003,0.314387
18.948,0.499032
18.949,-0.153044
18.950000000000003,0.235097
18.951,0.329195
18.952,0.204964
18.953000000000003,-0.256789
18.954,0.061926
18.955,-0.218153
18.956000000000003,0.23424
18.957,0.099468
18.958,0.352917
18.959000000000003,0.209352
18.96,-0.206145
18.961,0.24863
18.962000000000003,0.0022
18.963,0.220661
18.964,-0.053575
18.965,-0.222855
18.966,-0.066827
18.967,-0.22645
18.968,-0.178752
18.969,-0.038677
18.97,0.179524
18.971,-0.01819
18.972,0.467374
18.973000000000003,0.478315
18.974,-0.022763
18.975,0.07082
18.976000000000003,0.005916
18.977,0.13286
18.978,-0.004462
18.979000000000003,-0.024863
18.98,-0.186714
18.981,0.141638
18.982000000000003,0.108959
18.983,-0.22892
18.984,0.214461
18.985000000000003,0.179631
18.986,0.289411
18.987,0.146396
18.988000000000003,0.012669
18.989,0.015549
18.99,-0.226318
18.991000000000003,-0.262344
18.992,-0.118313
18.993,-0.005603
18.994000000000003,0.255319
18.995,0.168687
18.996,0.201371
18.997,-0.388966
18.998,-0.1034
18.999,-0.019694
19.0,0.098108
19.001,-0.049627
19.002,-0.058507
19.003,-0.17993
19.004,0.104415
19.005000000000003,-0.121208
19.006,0.111043
19.007,-0.048832
19.008000000000003,-0.038875
19.009,0.20312
19.01,0.517034
19.011000000000003,0.077508
19.012,0.279377
19.013,0.024693
19.014000000000003,0.257862
19.015,-0.547766
19.016,0.037496
19.017000000000003,-0.048091
19.018,-0.099607
19.019,-0.132611
19.020000000000003,-0.04469
19.021,-0.016353
19.022,0.04588
19.023000000000003,-0.093679
19.024,0.164567
19.025,0.024753
19.026,0.276988
19.027,0.070219
19.028,-0.075913
19.029,0.130727
19.03,-0.004689
19.031,-0.026537
19.032,-0.031049
19.033,0.321157
19.034,-0.019146
19.035,-0.11944
19.036,-0.017752
19.037000000000003,0.158091
19.038,0.059741
19.039,0.176288
19.040000000000003,0.425298
19.041,-0.097321
19.042,0.085133
19.043000000000003,0.308756
19.044,0.393095
19.045,0.304689
19.046000000000003,0.017765
19.047,0.02313
19.048,0.034366
19.049000000000003,-0.178811
19.05,0.236762
19.051,0.013794
19.052000000000003,0.072982
19.053,-0.176701
19.054,0.02136
19.055000000000003,0.413124
19.056,0.231708
19.057,0.203724
19.058,0.145853
19.059,-0.033814
19.06,0.207348
19.061,0.29277
19.062,-0.13009
19.063,-0.015549
19.064,-0.301625
19.065,0.275557
19.066000000000003,0.33135
19.067,-0.069933
19.068,0.015045
19.069000000000003,0.285252
19.07,-0.09102
19.071,-0.144139
19.072000000000003,0.213267
19.073,0.511321
19.074,-0.196996
19.075000000000003,-0.136341
19.076,0.017613
19.077,0.351671
19.078000000000003,-0.109543
19.079,-0.146099
19.08,-0.079302
19.081000000000003,0.126956
19.082,0.068457
19.083,0.071611
19.084000000000003,0.182339
19.085,-0.196394
19.086,0.09817
19.087000000000003,-0.013272
19.088,-0.418585
19.089,0.054018
19.09,-0.156708
19.091,-0.120823
19.092,-0.012518
19.093,0.181073
19.094,-0.203732
19.095,0.322309
19.096,0.262871
19.097,0.272787
19.098000000000003,-0.287701
19.099,0.110163
19.1,-0.226365
19.101000000000003,-0.064339
19.102,-0.027115
19.103,-0.19607
19.104000000000003,-0.135085
19.105,0.18479
19.106,0.108828
19.107000000000003,0.12405
19.108,0.318267
19.109,0.125717
19.110000000000003,0.380007
19.111,-0.015375
19.112,-0.019603
19.113000000000003,-0.41252
19.114,-0.121915
19.115,0.166353
19.116000000000003,0.254163
19.117,0.129781
19.118,-0.16533
19.119000000000003,0.254499
19.12,-0.137595
19.121,0.411046
19.122,0.049551
19.123,0.042999
19.124,-0.00627
19.125,0.214513
19.126,-0.091307
19.127,-0.130686
19.128,0.215151
19.129,0.476973
19.130000000000003,-0.114147
19.131,0.227843
19.132,0.076953
19.133000000000003,0.060152
19.134,-0.131428
19.135,0.018451
19.136000000000003,-0.13141
19.137,-0.220271
19.138,-0.077106
19.139000000000003,0.055489
19.14,-0.015927
19.141,0.097606
19.142000000000003,0.238961
19.143,0.188317
19.144,0.069302
19.145000000000003,0.08976
19.146,0.080743
19.147,0.200007
19.148000000000003,-0.205019
19.149,-0.245735
19.15,-0.104784
19.151,0.074946
19.152,0.570131
19.153,0.198997
19.154,-0.009096
19.155,-0.105559
19.156,0.060152
19.157,0.066132
19.158,0.034119
19.159,0.410198
19.16,-0.049091
19.161,0.168774
19.162000000000003,0.21683
19.163,-0.131625
19.164,0.19222
19.165000000000003,0.374437
19.166,0.239877
19.167,0.018276
19.168000000000003,0.236115
19.169,-0.047122
19.17,0.169099
19.171000000000003,0.112926
19.172,0.079212
19.173,-0.013403
19.174000000000003,-0.106428
19.175,0.155136
19.176,0.211097
19.177000000000003,0.270148
19.178,0.013246
19.179,0.196226
19.180000000000003,0.04515
19.181,0.128595
19.182,-0.622171
19.183,0.018528
19.184,-0.14176
19.185,0.018199
19.186,0.131702
19.187,-0.011098
19.188,-0.093008
19.189,0.150127
19.19,0.082247
19.191000000000003,0.279521
19.192,0.121058
19.193,0.280855
19.194000000000003,0.323003
19.195,0.1966
19.196,0.196388
19.197000000000003,0.144573
19.198,0.164245
19.199,0.254281
19.200000000000003,0.070437
19.201,-0.055532
19.202,0.095904
19.203000000000003,0.201304
19.204,-0.076283
19.205,-0.124744
19.206000000000003,-0.26344
19.207,0.041404
19.208,-0.301153
19.209000000000003,-0.121165
19.21,0.020635
19.211,0.103861
19.212000000000003,-0.113628
19.213,0.170734
19.214,-0.482769
19.215,-0.000709
19.216,0.148891
19.217,0.168318
19.218,0.008489
19.219,0.193692
19.22,0.41403
19.221,0.168995
19.222,0.085307
19.223000000000003,-0.082279
19.224,0.407372
19.225,0.168991
19.226000000000003,0.199646
19.227,-0.111637
19.228,-0.346851
19.229000000000003,-0.02546
19.23,0.081847
19.231,0.094105
19.232000000000003,-0.27727
19.233,0.13493
19.234,0.296655
19.235000000000003,0.039288
19.236,0.146359
19.237,-0.258169
19.238000000000003,0.168148
19.239,-0.158375
19.24,0.126859
19.241000000000003,0.041929
19.242,0.09499
19.243,0.117054
19.244000000000003,0.011961
19.245,0.053492
19.246,0.106921
19.247,0.130405
19.248,0.137694
19.249,0.111881
19.25,0.063906
19.251,0.347133
19.252,-0.005897
19.253,0.18792
19.254,0.074806
19.255000000000003,0.22064
19.256,-0.243068
19.257,-0.368182
19.258000000000003,0.238961
19.259,0.008064
19.26,-0.005909
19.261000000000003,0.136403
19.262,0.170811
19.263,0.076209
19.264000000000003,0.070601
19.265,-0.394004
19.266,0.051687
19.267000000000003,0.229849
19.268,-0.010652
19.269,0.092759
19.270000000000003,-0.193079
19.271,0.293456
19.272,0.220904
19.273000000000003,0.141032
19.274,0.074333
19.275,0.117595
19.276,0.228394
19.277,0.113122
19.278,0.066755
19.279,-0.270927
19.28,-0.087119
19.281,0.105339
19.282,0.248795
19.283,0.061672
19.284,0.076215
19.285,-0.085269
19.286,0.014954
19.287000000000003,0.271553
19.288,-0.201553
19.289,0.464612
19.290000000000003,0.192989
19.291,-0.187443
19.292,-0.036384
19.293000000000003,0.008766
19.294,-0.048986
19.295,0.139962
19.296000000000003,-0.141607
19.297,0.036471
19.298,0.305479
19.299000000000003,-0.111997
19.3,-0.000437
19.301,-0.100482
19.302000000000003,-0.277354
19.303,0.276905
19.304,-0.009508
19.305000000000003,-0.322015
19.306,0.216281
19.307,0.042025
19.308,-0.134728
19.309,-0.075957
19.31,0.273034
19.311,0.321635
19.312,-0.092355
19.313,0.126142
19.314,-0.062955
19.315,0.151461
19.316000000000003,0.018317
19.317,-0.177338
19.318,-0.265872
19.319000000000003,-0.090923
19.32,-0.359543
19.321,0.437657
19.322000000000003,-0.034997
19.323,0.101456
19.324,-0.047778
19.325000000000003,-0.137521
19.326,-0.25158
19.327,-0.089905
19.328000000000003,-0.184473
19.329,-0.142347
19.33,0.265112
19.331000000000003,0.038666
19.332,0.155333
19.333,0.148209
19.334000000000003,0.224603
19.335,-0.040549
19.336,-0.247834
19.337000000000003,-0.187958
19.338,0.213335
19.339,0.132983
19.34,0.230754
19.341,-0.082955
19.342,-0.214903
19.343,0.09026
19.344,0.141868
19.345,0.254742
19.346,0.399352
19.347,0.12767
19.348000000000003,0.046451
19.349,-0.339559
19.35,-0.103353
19.351000000000003,-0.079295
19.352,-0.075802
19.353,-0.047899
19.354000000000003,-0.403021
19.355,0.072349
19.356,-0.006329
19.357000000000003,0.07802
19.358,0.072187
19.359,0.085309
19.360000000000003,-0.07804
19.361,0.086391
19.362,0.114275
19.363000000000003,0.125404
19.364,-0.10512
19.365,0.009387
19.366000000000003,0.108582
19.367,0.064964
19.368,0.055413
19.369000000000003,-0.1178
19.37,0.069836
19.371,0.300247
19.372,0.250278
19.373,0.087119
19.374,0.059993
19.375,-0.043361
19.376,0.150381
19.377,0.379715
19.378,0.197539
19.379,0.041635
19.380000000000003,0.011561
19.381,0.019521
19.382,0.242618
19.383000000000003,3e-05
19.384,-0.178652
19.385,0.386355
19.386000000000003,-0.043564
19.387,-0.014126
19.388,-0.184388
19.389000000000003,0.065969
19.39,-0.201176
19.391,0.216698
19.392000000000003,0.143243
19.393,0.022732
19.394,0.019461
19.395000000000003,-0.132071
19.396,-0.017562
19.397,-0.353768
19.398000000000003,-0.027638
19.399,-0.074775
19.4,0.347156
19.401000000000003,0.033189
19.402,-0.136366
19.403,-0.01303
19.404,-0.257136
19.405,0.147393
19.406,-0.046553
19.407,0.333911
19.408,0.150698
19.409,0.06088
19.41,-0.039498
19.411,0.166456
19.412000000000003,0.192636
19.413,-0.298924
19.414,-0.240314
19.415000000000003,-0.001643
19.416,0.088522
19.417,-0.009303
19.418000000000003,0.112273
19.419,-0.185273
19.42,-0.001864
19.421000000000003,-0.070995
19.422,0.201437
19.423,0.143347
19.424000000000003,-0.053018
19.425,0.050029
19.426,0.177395
19.427000000000003,0.205023
19.428,-0.050919
19.429,-0.063662
19.430000000000003,-0.081082
19.431,0.266773
19.432,0.276827
19.433,0.106305
19.434,0.066433
19.435,0.23814
19.436,0.200729
19.437,0.077105
19.438,-0.085774
19.439,0.234717
19.44,0.003465
19.441000000000003,0.329104
19.442,0.032327
19.443,-0.07528
19.444000000000003,0.102131
19.445,0.221042
19.446,-0.424843
19.447000000000003,0.127903
19.448,-0.029427
19.449,0.053167
19.450000000000003,-0.015606
19.451,-0.048531
19.452,0.579844
19.453000000000003,0.035165
19.454,0.303563
19.455,0.026035
19.456000000000003,-0.012667
19.457,0.361413
19.458,0.057792
19.459000000000003,0.189645
19.46,0.246314
19.461,0.398361
19.462000000000003,-0.007764
19.463,0.011545
19.464,0.02837
19.465,-0.307826
19.466,-0.316692
19.467,0.337087
19.468,-0.09575
19.469,0.262788
19.47,0.049308
19.471,-0.071913
19.472,-0.045424
19.473000000000003,0.195352
19.474,0.039261
19.475,0.058288
19.476000000000003,-0.089312
19.477,-0.033654
19.478,-0.181625
19.479000000000003,0.378428
19.48,0.363909
19.481,-0.135256
19.482000000000003,-0.10593
19.483,-0.018445
19.484,-0.446973
19.485000000000003,-0.08601
19.486,-0.018436
19.487,0.31562
19.488000000000003,0.375008
19.489,-0.034343
19.49,0.150073
19.491000000000003,0.173951
19.492,-0.222518
19.493,0.526362
19.494000000000003,-0.111586
19.495,-0.029693
19.496,-0.007816
19.497,0.304324
19.498,0.125283
19.499,0.306735
19.5,-0.098834
19.501,-0.228096
19.502,0.100541
19.503,-0.141397
19.504,-0.154206
19.505000000000003,0.320566
19.506,0.173348
19.507,-0.186249
19.508000000000003,0.281126
19.509,-0.063299
19.51,0.256869
19.511000000000003,-0.018117
19.512,-0.04006
19.513,0.231273
19.514000000000003,0.09572
19.515,0.101184
19.516,0.128435
19.517000000000003,0.251348
19.518,0.143528
19.519,0.161155
19.520000000000003,-0.030459
19.521,-0.192949
19.522,-0.168429
19.523000000000003,0.109947
19.524,0.057178
19.525,0.174585
19.526000000000003,-0.150555
19.527,0.316094
19.528,0.603063
19.529,-0.168416
19.53,0.250505
19.531,0.107794
19.532,0.321848
19.533,-0.064056
19.534,0.120831
19.535,-0.231107
19.536,0.13867
19.537000000000003,0.02944
19.538,0.511456
19.539,0.129139
19.540000000000003,0.130855
19.541,-0.309977
19.542,0.304443
19.543000000000003,0.065393
19.544,-0.2228
19.545,-0.150119
19.546000000000003,-0.324484
19.547,-0.011558
19.548,0.12093
19.549000000000003,-0.071122
19.55,0.092197
19.551,0.146495
19.552000000000003,0.084334
19.553,0.19657
19.554,0.468703
19.555000000000003,0.217346
19.556,0.130516
19.557,0.041736
19.558,0.443992
19.559,0.32136
19.56,-0.015712
19.561,0.115098
19.562,-0.109724
19.563,0.032786
19.564,-0.160387
19.565,-0.335579
19.566000000000003,-0.092607
19.567,0.033385
19.568,0.126149
19.569000000000003,-0.014538
19.57,0.294108
19.571,-0.262245
19.572000000000003,0.268361
19.573,0.481978
19.574,-0.048216
19.575000000000003,-0.036888
19.576,0.102572
19.577,-0.088487
19.578000000000003,-0.226268
19.579,0.153538
19.58,-0.027609
19.581000000000003,0.04329
19.582,-0.299492
19.583,0.260365
19.584000000000003,0.503312
19.585,0.33998
19.586,-0.140921
19.587000000000003,-0.069402
19.588,0.181637
19.589,-0.061762
19.59,0.087122
19.591,0.068324
19.592,-0.27812
19.593,0.331202
19.594,-0.065529
19.595,0.190908
19.596,-0.357316
19.597,-0.016406
19.598000000000003,-0.029047
19.599,0.261545
19.6,-0.295778
19.601000000000003,-0.211944
19.602,0.317836
19.603,-0.408828
19.604000000000003,-0.017674
19.605,0.148928
19.606,-0.049881
19.607000000000003,0.103861
19.608,-0.168027
19.609,0.11749
19.610000000000003,0.328227
19.611,-0.105163
19.612,0.09516
19.613000000000003,-0.10944
19.614,-0.04621
19.615,-0.093487
19.616000000000003,0.233903
19.617,0.395133
19.618,-0.116539
19.619000000000003,0.267917
19.62,-0.016645
19.621,0.256469
19.622,0.416911
19.623,-0.042878
19.624,0.032973
19.625,0.105916
19.626,0.156896
19.627,0.054278
19.628,0.219331
19.629,0.312653
19.630000000000003,-0.108145
19.631,0.405105
19.632,0.159631
19.633000000000003,-0.195666
19.634,0.085418
19.635,-0.063953
19.636000000000003,0.074421
19.637,-0.090741
19.638,-0.3092
19.639000000000003,-0.305226
19.64,-0.006065
19.641,-0.142333
19.642000000000003,-0.229941
19.643,0.033488
19.644,-0.110672
19.645000000000003,-0.026037
19.646,0.192355
19.647,-0.239723
19.648000000000003,-0.086391
19.649,-0.158108
19.65,-0.21257
19.651000000000003,-0.227751
19.652,-0.544928
19.653,0.0247
19.654,0.110172
19.655,0.158391
19.656,0.381395
19.657,0.091982
19.658,0.167214
19.659,0.088567
19.66,0.050782
19.661,-0.187399
19.662000000000003,0.139136
19.663,0.542803
19.664,0.606278
19.665000000000003,-0.336802
19.666,-0.226983
19.667,-0.086273
19.668000000000003,-0.208664
19.669,-0.02525
19.67,-0.225546
19.671000000000003,-0.097444
19.672,-0.140263
19.673,0.161019
19.674000000000003,-0.126859
19.675,-0.290719
19.676,0.124674
19.677000000000003,0.456508
19.678,0.290294
19.679,-0.353268
19.680000000000003,0.083557
19.681,0.129297
19.682,-0.441997
19.683000000000003,0.01556
19.684,-0.103408
19.685,0.088962
19.686,-0.194379
19.687,0.211261
19.688,0.181996
19.689,0.24221
19.69,-0.35075
19.691000000000003,-0.097039
19.692,0.037748
19.693,0.036733
19.694000000000003,0.074746
19.695,0.089006
19.696,-0.119424
19.697000000000003,-0.089641
19.698,0.087576
19.699,0.079103
19.700000000000003,0.243253
19.701,0.248467
19.702,-0.003892
19.703000000000003,0.235835
19.704,-0.075102
19.705,-0.017716
19.706000000000003,0.237129
19.707,0.246573
19.708,-0.113271
19.709000000000003,0.312437
19.71,0.123255
19.711,0.167998
19.712000000000003,-0.253383
19.713,0.14247
19.714,-0.0917
19.715,0.205059
19.716,0.390384
19.717,0.069474
19.718,0.090351
19.719,0.014861
19.72,0.209929
19.721,-0.047476
19.722,0.074558
19.723000000000003,0.20728
19.724,0.21339
19.725,0.075225
19.726000000000003,-0.042229
19.727,0.010236
19.728,0.036753
19.729000000000003,0.238711
19.73,0.068454
19.731,-0.078864
19.732000000000003,0.02408
19.733,0.200226
19.734,0.140492
19.735000000000003,-0.18575
19.736,-0.335021
19.737,0.155922
19.738000000000003,0.077294
19.739,-0.04729
19.74,-0.22112
19.741000000000003,-0.256458
19.742,-0.28842
19.743,-0.231263
19.744000000000003,0.514586
19.745,-0.035489
19.746,-0.027626
19.747,-0.001926
19.748,0.224994
19.749,0.158217
19.75,-0.032804
19.751,-0.123514
19.752,0.365313
19.753,0.360391
19.754,0.204483
19.755000000000003,-0.319029
19.756,-0.184461
19.757,0.100969
19.758000000000003,-0.060705
19.759,0.354064
19.76,-0.064676
19.761000000000003,0.307089
19.762,0.26409
19.763,0.291027
19.764000000000003,0.292953
19.765,0.468717
19.766,-0.044591
19.767000000000003,0.144032
19.768,0.15274
19.769,-0.253494
19.770000000000003,-0.121697
19.771,0.222821
19.772,0.231657
19.773000000000003,0.11764
19.774,-0.109549
19.775,0.125351
19.776000000000003,-0.286869
19.777,-0.174596
19.778,0.34568
19.779,0.158378
19.78,0.023925
19.781,0.405754
19.782,0.22105
19.783,0.128505
19.784,-0.249044
19.785,0.187674
19.786,-0.034529
19.787000000000003,-0.041669
19.788,-0.276546
19.789,0.292
19.790000000000003,-0.085831
19.791,-0.139009
19.792,0.101888
19.793000000000003,0.246321
19.794,-0.14114
19.795,-0.109479
19.796000000000003,-0.00347
19.797,0.289089
19.798,0.217569
19.799000000000003,0.217769
19.8,-0.156157
19.801,-0.16349
19.802000000000003,-0.031135
19.803,0.315156
19.804,0.288169
19.805000000000003,-0.013467
19.806,0.06292
19.807,-0.369869
19.808000000000003,0.046604
19.809,0.253387
19.81,0.268892
19.811,0.130225
19.812,-0.048672
19.813,0.12663
19.814,0.050702
19.815,0.173619
19.816000000000003,-0.142757
19.817,0.478452
19.818,0.052734
19.819000000000003,0.020083
19.82,-0.306066
19.821,0.112647
19.822000000000003,-0.011776
19.823,-0.061926
19.824,-0.122758
19.825000000000003,0.117542
19.826,-0.112184
19.827,0.182188
19.828000000000003,0.030146
19.829,0.04243
19.83,0.122625
19.831000000000003,-0.009303
19.832,0.215603
19.833,0.458071
19.834000000000003,0.093433
19.835,-0.217603
19.836,0.004593
19.837000000000003,0.100241
19.838,0.29144
19.839,0.46668
19.84,0.276782
19.841,0.160221
19.842,0.311532
19.843,0.134553
19.844,-0.031096
19.845,0.094095
19.846,0.12171
19.847,0.122656
19.848000000000003,-0.181816
19.849,-0.111127
19.85,0.174598
19.851000000000003,-0.270998
19.852,-0.229511
19.853,0.094649
19.854000000000003,-0.310775
19.855,-0.465244
19.856,0.033651
19.857000000000003,0.192955
19.858,-0.159341
19.859,-0.2003
19.860000000000003,0.157895
19.861,0.22118
19.862,-0.30862
19.863000000000003,0.167829
19.864,0.094277
19.865,-0.204486
19.866000000000003,-0.098907
19.867,-0.170369
19.868,-0.009374
19.869000000000003,0.119524
19.87,0.059434
19.871,0.041167
19.872,0.613076
19.873,0.144599
19.874,0.080486
19.875,-0.088648
19.876,-0.134111
19.877,0.480351
19.878,0.085701
19.879,0.129709
19.880000000000003,0.085895
19.881,-0.116738
19.882,-0.095919
19.883000000000003,0.264676
19.884,0.207288
19.885,0.120695
19.886000000000003,-0.107298
19.887,-0.099993
19.888,0.191401
19.889000000000003,-0.097372
19.89,0.253944
19.891,-0.079541
19.892000000000003,0.255639
19.893,-0.134734
19.894,0.170035
19.895000000000003,0.302691
19.896,0.147197
19.897,0.070702
19.898000000000003,0.063045
19.899,-0.029123
19.9,0.255175
19.901000000000003,0.074864
19.902,0.206101
19.903,-0.129063
19.904,-0.292435
19.905,-0.404703
19.906,0.044864
19.907,-0.270922
19.908,-0.056105
19.909,0.382865
19.91,-0.139952
19.911,0.092494
19.912000000000003,-0.052365
19.913,-0.18954
19.914,0.405136
19.915000000000003,-0.143006
19.916,-0.003982
19.917,-0.283693
19.918000000000003,0.124363
19.919,0.211704
19.92,-0.026743
19.921000000000003,-0.207081
19.922,0.119047
19.923,-0.036333
19.924000000000003,-0.231692
19.925,0.122185
19.926,-0.243138
19.927000000000003,0.037159
19.928,-0.197324
19.929,0.152024
19.930000000000003,-0.075343
19.931,0.031627
19.932,0.032779
19.933000000000003,-0.315125
19.934,0.197262
19.935,-0.045508
19.936,0.12418
19.937,-0.036283
19.938,0.260007
19.939,0.255377
19.94,0.287571
19.941000000000003,-0.170237
19.942,0.064003
19.943,-0.03409
19.944000000000003,-0.006058
19.945,-0.06651
19.946,-0.240749
19.947000000000003,-0.319808
19.948,0.107125
19.949,0.162452
19.950000000000003,-0.130582
19.951,0.024917
19.952,-0.045665
19.953000000000003,-0.087566
19.954,0.150857
19.955,-0.007119
19.956000000000003,0.060399
19.957,0.17
19.958,0.03799
19.959000000000003,0.064588
19.96,-0.13848
19.961,0.045737
19.962000000000003,0.300185
19.963,-0.08562
19.964,0.286353
19.965,-0.071883
19.966,-0.041124
19.967,-0.094649
19.968,-0.022345
19.969,-0.106381
19.97,0.193225
19.971,0.028222
19.972,0.169182
19.973000000000003,-0.103515
19.974,-0.019954
19.975,-0.064872
19.976000000000003,0.034425
19.977,-0.261081
19.978,-0.110366
19.979000000000003,0.204055
19.98,0.209869
19.981,0.143149
19.982000000000003,0.191309
19.983,0.306201
19.984,-0.010898
19.985000000000003,0.235732
19.986,0.372795
19.987,0.031674
19.988000000000003,0.250061
19.989,0.047208
19.99,-0.010671
19.991000000000003,-0.012989
19.992,-0.089456
19.993,-0.052091
19.994000000000003,-0.123115
19.995,0.063558
19.996,0.033172
19.997,-0.195991
19.998,-0.139311
19.999,0.190669
20.0,-0.027512
20.001,0.279192
20.002,0.158188
20.003,-0.240994
20.004,0.282057
20.005000000000003,0.13549
20.006,0.008574
20.007,0.242121
20.008000000000003,0.165536
20.009,-0.019159
20.01,0.108679
20.011000000000003,0.352587
20.012,0.10263
20.013,0.091653
20.014000000000003,0.050002
20.015,-0.062604
20.016,-0.209332
20.017000000000003,-0.075117
20.018,0.522663
20.019,0.139741
20.020000000000003,0.370296
20.021,-0.233672
20.022,-0.064426
20.023000000000003,0.139673
20.024,-0.089213
20.025,-0.146898
20.026000000000003,0.308504
20.027,0.364889
20.028,0.383461
20.029,-0.149328
20.03,0.147714
20.031,0.361274
20.032,-0.171216
20.033,-0.132745
20.034,0.317283
20.035,0.133539
20.036,-0.297929
20.037000000000003,0.118217
20.038,-0.136891
20.039,0.110024
20.040000000000003,0.086429
20.041,-0.096016
20.042,-0.153279
20.043000000000003,-0.066894
20.044,0.369072
20.045,0.108121
20.046000000000003,-0.099524
20.047,-0.17665
20.048,0.27318
20.049000000000003,0.084112
20.05,0.185666
20.051,-0.405173
20.052000000000003,0.177621
20.053,0.046771
20.054,-0.022299
20.055000000000003,0.175555
20.056,0.351558
20.057,0.134517
20.058000000000003,-0.030701
20.059,0.027641
20.06,0.058226
20.061,0.146147
20.062,-0.217129
20.063,0.075726
20.064,-0.132999
20.065,0.096133
20.066000000000003,0.257519
20.067,-0.227986
20.068,0.14514
20.069000000000003,-0.130582
20.07,0.396055
20.071,-0.148946
20.072000000000003,-0.138731
20.073,0.0615
20.074,-0.102644
20.075000000000003,-0.076698
20.076,-0.289294
20.077,0.051926
20.078000000000003,0.111581
20.079,0.381197
20.08,-0.373426
20.081000000000003,0.001749
20.082,0.337595
20.083,0.05511
20.084000000000003,0.056819
20.085,-0.102878
20.086,0.155538
20.087000000000003,-0.046517
20.088,0.378667
20.089,0.036399
20.090000000000003,0.332674
20.091,0.026237
20.092,0.009489
20.093,-0.160809
20.094,-0.147968
20.095,-0.304237
20.096,0.104378
20.097,0.178097
20.098000000000003,0.106215
20.099,0.522232
20.1,-0.071306
20.101000000000003,0.233097
20.102,-0.096126
20.103,-0.053975
20.104000000000003,-0.16313
20.105,-0.186281
20.106,0.243246
20.107000000000003,0.272748
20.108,0.140633
20.109,0.135717
20.110000000000003,0.285713
20.111,-0.433806
20.112,-0.092163
20.113000000000003,-0.031448
20.114,0.470618
20.115,-0.045033
20.116000000000003,0.101577
20.117,0.140035
20.118,-0.269194
20.119000000000003,-0.352234
20.12,0.090983
20.121,0.167013
20.122,0.253547
20.123,0.185595
20.124,0.228868
20.125,0.050046
20.126,0.210036
20.127,0.104363
20.128,0.133757
20.129,-0.045767
20.130000000000003,-0.161216
20.131,0.123067
20.132,-0.216694
20.133000000000003,0.054894
20.134,0.109438
20.135,0.276905
20.136000000000003,0.10163
20.137,-0.061963
20.138,0.13112
20.139000000000003,-0.065476
20.14,-0.117825
20.141,0.078738
20.142000000000003,0.260808
20.143,0.152896
20.144,0.211095
20.145000000000003,0.157495
20.146,-0.148526
20.147,0.176571
20.148000000000003,-0.079294
20.149,0.176527
20.15,0.133803
20.151000000000003,0.165629
20.152,-0.109974
20.153,0.243314
20.154,0.24066
20.155,0.020275
20.156,0.088983
20.157,0.261719
20.158,0.424671
20.159,0.259396
20.16,0.234424
20.161,-0.054388
20.162000000000003,0.061782
20.163,-0.001234
20.164,0.26357
20.165000000000003,0.142154
20.166,0.28878
20.167,0.267645
20.168000000000003,0.138698
20.169,-0.143637
20.17,-0.298729
20.171000000000003,-0.326888
20.172,-0.065402
20.173,0.406165
20.174000000000003,-0.1251
20.175,0.115326
20.176,0.186312
20.177000000000003,0.257678
20.178,-0.137378
20.179,0.10041
20.180000000000003,0.031719
20.181,-0.156803
20.182,-0.06887
20.183000000000003,0.021373
20.184,0.070813
20.185,0.106266
20.186,0.112398
20.187,0.180685
20.188,0.046689
20.189,0.14193
20.19,-0.023066
20.191000000000003,0.237711
20.192,0.169903
20.193,-0.038276
20.194000000000003,0.055199
20.195,-0.028862
20.196,-0.036453
20.197000000000003,0.122034
20.198,0.211889
20.199,0.306818
20.200000000000003,0.022611
20.201,0.00672
20.202,0.096019
20.203000000000003,-0.163917
20.204,0.230483
20.205,0.485343
20.206000000000003,0.292591
20.207,0.215889
20.208,-0.13826
20.209000000000003,0.157348
20.21,0.161953
20.211,-0.075045
20.212000000000003,-0.004479
20.213,0.115616
20.214,0.092327
20.215000000000003,-0.226128
20.216,-0.143259
20.217,0.246927
20.218,-0.166625
20.219,0.328001
20.22,0.378035
20.221,0.042012
20.222,0.2122
20.223000000000003,-0.072992
20.224,-0.059362
20.225,0.209377
20.226000000000003,0.351019
20.227,0.18065
20.228,0.189665
20.229000000000003,-0.045802
20.23,0.235818
20.231,0.05833
20.232000000000003,0.122186
20.233,-0.075674
20.234,-0.066329
20.235000000000003,-0.242838
20.236,0.002904
20.237,-0.152248
20.238000000000003,0.443399
20.239,0.270355
20.24,0.10739
20.241000000000003,0.092604
20.242,-0.06594
20.243,-0.019067
20.244000000000003,-0.079325
20.245,-0.005551
20.246,-0.105852
20.247,0.250769
20.248,0.079866
20.249,0.321605
20.25,0.215227
20.251,0.474506
20.252,0.017781
20.253,-0.080026
20.254,0.459393
20.255000000000003,0.346701
20.256,0.06897
20.257,-0.142478
20.258000000000003,0.234054
20.259,-0.166798
20.26,0.228029
20.261000000000003,0.309453
20.262,0.043398
20.263,0.318028
20.264000000000003,-0.016727
20.265,-0.099635
20.266,-0.215217
20.267000000000003,-0.186613
20.268,0.211113
20.269,-0.164395
20.270000000000003,0.075139
20.271,-0.407912
20.272,-0.198022
20.273000000000003,-0.315337
20.274,0.173322
20.275,0.007066
20.276000000000003,-0.077017
20.277,-0.490239
20.278,0.094187
20.279,-0.10989
20.28,-0.031332
20.281,0.113311
20.282,0.159828
20.283,-0.0962
20.284,-0.196396
20.285,0.08231
20.286,-0.07684
20.287000000000003,0.143472
20.288,-0.065704
20.289,-0.257919
20.290000000000003,0.227845
20.291,-0.368996
20.292,0.290659
20.293000000000003,0.183061
20.294,-0.190028
20.295,-0.122134
20.296000000000003,0.211572
20.297,-0.014785
20.298,0.045448
20.299000000000003,0.354573
20.3,0.218639
20.301,0.134177
20.302000000000003,0.198277
20.303,-0.027532
20.304,0.392381
20.305000000000003,-0.01059
20.306,0.080154
20.307,0.166223
20.308000000000003,0.141802
20.309,0.016187
20.31,-0.113125
20.311,-0.124291
20.312,0.056592
20.313,0.481494
20.314,-0.311325
20.315,-0.00251
20.316000000000003,0.041333
20.317,0.117064
20.318,0.029819
20.319000000000003,-0.109842
20.32,0.235408
20.321,-0.089415
20.322000000000003,0.165919
20.323,0.168264
20.324,0.20929
20.325000000000003,0.066734
20.326,0.56338
20.327,0.274048
20.328000000000003,0.037406
20.329,-0.079197
20.33,0.077411
20.331000000000003,0.188271
20.332,0.11196
20.333,0.125655
20.334000000000003,-0.046568
20.335,0.534539
20.336,0.075614
20.337000000000003,0.235913
20.338,0.500394
20.339,0.110236
20.340000000000003,0.118302
20.341,0.201225
20.342,0.049651
20.343,-0.06989
20.344,0.441411
20.345,0.092023
20.346,-0.264393
20.347,-0.203137
20.348000000000003,0.158887
20.349,0.104858
20.35,0.191669
20.351000000000003,0.048048
20.352,-0.084615
20.353,0.145536
20.354000000000003,0.000595
20.355,-0.321362
20.356,0.023909
20.357000000000003,-0.154828
20.358,0.31824
20.359,0.218172
20.360000000000003,0.094894
20.361,-0.004304
20.362,-0.392899
20.363000000000003,-0.203184
20.364,0.222777
20.365,0.102289
20.366000000000003,-0.241529
20.367,0.032048
20.368,0.032531
20.369000000000003,0.3013
20.37,0.064183
20.371,-0.347524
20.372000000000003,0.054636
20.373,0.045757
20.374,0.116366
20.375,-0.106079
20.376,0.306395
20.377,0.422484
20.378,-0.035189
20.379,0.340327
20.380000000000003,-0.077979
20.381,-0.195874
20.382,0.109589
20.383000000000003,-0.246777
20.384,-0.213699
20.385,0.091511
20.386000000000003,0.21961
20.387,-0.089486
20.388,-0.222048
20.389000000000003,0.320388
20.39,0.106772
20.391,-0.021918
20.392000000000003,-0.028405
20.393,-0.092586
20.394,-0.246804
20.395000000000003,-0.021948
20.396,0.037137
20.397,0.210451
20.398000000000003,0.335771
20.399,-0.158021
20.4,0.235009
20.401000000000003,0.236038
20.402,-0.178594
20.403,0.018262
20.404,-0.014772
20.405,0.152179
20.406,-0.037025
20.407,0.494097
20.408,-0.047732
20.409,0.419004
20.41,0.166924
20.411,-0.166225
20.412000000000003,0.035768
20.413,-0.031209
20.414,0.176726
20.415000000000003,0.143451
20.416,0.31299
20.417,-0.110912
20.418000000000003,-0.010408
20.419,0.138635
20.42,0.216339
20.421000000000003,-0.274248
20.422,-0.112023
20.423,-0.165522
20.424000000000003,-0.197134
20.425,-0.109425
20.426,0.174225
20.427000000000003,0.001817
20.428,0.246336
20.429,0.134207
20.430000000000003,0.177387
20.431,0.25179
20.432,0.35564
20.433000000000003,0.113599
20.434,-0.213794
20.435,0.134655
20.436,0.043361
20.437,-0.006445
20.438,-0.090677
20.439,-0.51615
20.44,0.075518
20.441000000000003,0.117536
20.442,0.057466
20.443,0.399112
20.444000000000003,-0.016493
20.445,0.054539
20.446,0.113778
20.447000000000003,0.197839
20.448,0.193168
20.449,-0.000322
20.450000000000003,-0.10376
20.451,-0.443622
20.452,0.040119
20.453000000000003,0.127105
20.454,0.076501
20.455,0.263545
20.456000000000003,-0.021988
20.457,0.117653
20.458,0.348508
20.459000000000003,0.147823
20.46,0.356892
20.461,-0.038179
20.462000000000003,0.013817
20.463,-0.221734
20.464,0.103843
20.465000000000003,-0.029311
20.466,0.181634
20.467,0.22358
20.468,-0.363579
20.469,-0.005923
20.47,0.149243
20.471,0.118911
20.472,0.191854
20.473000000000003,-0.161405
20.474,-0.035805
20.475,-0.01286
20.476000000000003,-0.074692
20.477,-0.130541
20.478,0.055177
20.479000000000003,0.065561
20.48,0.049007
20.481,0.066141
20.482000000000003,-0.159583
20.483,0.055056
20.484,0.000402
20.485000000000003,-0.18563
20.486,-0.243364
20.487,-0.002265
20.488000000000003,0.018413
20.489,-0.224181
20.49,0.099292
20.491000000000003,0.238016
20.492,0.128071
20.493,0.072365
20.494000000000003,0.117315
20.495,-0.04865
20.496,-0.198886
20.497000000000003,-0.073961
20.498,0.179148
20.499,-0.203855
20.5,-0.220521
20.501,0.138609
20.502,0.322232
20.503,0.185338
20.504,0.068705
20.505000000000003,-0.09972
20.506,-0.110555
20.507,0.002982
20.508000000000003,-0.160073
20.509,0.316535
20.51,0.260494
20.511000000000003,0.233994
20.512,0.064326
20.513,-0.022312
20.514000000000003,0.103843
20.515,-0.204492
20.516,-0.162751
20.517000000000003,0.211725
20.518,0.164417
20.519,-0.022103
20.520000000000003,-0.115464
20.521,0.590962
20.522,0.128976
20.523000000000003,0.10296
20.524,-0.009224
20.525,-0.183732
20.526000000000003,-0.060451
20.527,-0.405212
20.528,0.066703
20.529,0.262101
20.53,-0.030106
20.531,0.027677
20.532,0.036166
20.533,0.118434
20.534,-0.127202
20.535,-0.197326
20.536,0.188738
20.537000000000003,0.272501
20.538,0.220728
20.539,0.024309
20.540000000000003,0.013678
20.541,0.26162
20.542,-0.151541
20.543000000000003,0.113131
20.544,0.247292
20.545,0.323515
20.546000000000003,-0.073275
20.547,0.181439
20.548,0.339407
20.549000000000003,0.155941
20.55,-0.005877
20.551,-0.047723
20.552000000000003,-0.188133
20.553,0.007964
20.554,0.165213
20.555000000000003,-0.107373
20.556,0.203912
20.557,0.003851
20.558000000000003,0.263477
20.559,-0.125652
20.56,0.220011
20.561,0.158503
20.562,0.162456
20.563,0.109514
20.564,-0.110859
20.565,-0.233594
20.566000000000003,-0.060211
20.567,-0.207182
20.568,0.280144
20.569000000000003,-0.097829
20.57,-0.32651
20.571,0.200369
20.572000000000003,0.035767
20.573,0.084078
20.574,0.038648
20.575000000000003,0.025866
20.576,0.340368
20.577,-0.035488
20.578000000000003,0.052536
20.579,0.174495
20.58,0.138797
20.581000000000003,0.384374
20.582,0.000823
20.583,0.308497
20.584000000000003,-0.032635
20.585,-0.040768
20.586,-0.181411
20.587000000000003,0.212387
20.588,0.195844
20.589,0.061064
20.590000000000003,0.20387
20.591,-0.288411
20.592,-0.323833
20.593,-0.301139
20.594,-0.285251
20.595,-0.339449
20.596,0.000327
20.597,0.214809
20.598000000000003,0.00667
20.599,-0.165259
20.6,-0.255
20.601000000000003,-0.127817
20.602,0.351397
20.603,0.34412
20.604000000000003,-0.207036
20.605,-0.353003
20.606,-0.100183
20.607000000000003,-0.032057
20.608,0.033753
20.609,-0.274249
20.610000000000003,-0.01037
20.611,0.461577
20.612,0.190761
20.613000000000003,0.226967
20.614,-0.239353
20.615,0.214895
20.616000000000003,0.07776
20.617,0.318548
20.618,0.046044
20.619000000000003,0.296604
20.62,-0.582978
20.621,-0.060438
20.622000000000003,0.210712
20.623,-0.007972
20.624,0.147541
20.625,0.105744
20.626,0.446975
20.627,-0.170973
20.628,-0.438417
20.629,-0.091898
20.630000000000003,-0.159964
20.631,-0.07689
20.632,-0.096575
20.633000000000003,0.004382
20.634,-0.290141
20.635,0.123883
20.636000000000003,-0.021633
20.637,0.020025
20.638,-0.156929
20.639000000000003,-0.097252
20.64,0.173062
20.641,0.12481
20.642000000000003,0.227616
20.643,-0.161957
20.644,-0.246326
20.645000000000003,0.192362
20.646,-0.123026
20.647,-0.361372
20.648000000000003,0.198342
20.649,-0.165735
20.65,-0.148916
20.651000000000003,-0.17031
20.652,0.058745
20.653,0.333246
20.654,-0.15332
20.655,-0.147612
20.656,-0.038823
20.657,-0.060875
20.658,0.308146
20.659,0.119653
20.66,0.000829
20.661,-0.05844
20.662000000000003,0.083528
20.663,-0.365268
20.664,-0.126882
20.665000000000003,0.068411
20.666,-0.044867
20.667,-0.070963
20.668000000000003,-0.03769
20.669,0.203931
20.67,0.058466
20.671000000000003,0.22173
20.672,0.055645
20.673,-0.002297
20.674000000000003,-0.223517
20.675,-0.184738
20.676,-0.151476
20.677000000000003,0.183036
20.678,-0.264305
20.679,0.016402
20.680000000000003,0.120977
20.681,0.107839
20.682,-0.022698
20.683000000000003,0.157437
20.684,0.470456
20.685,-0.223712
20.686,0.077225
20.687,0.037826
20.688,-0.126948
20.689,-0.064579
20.69,-0.371696
20.691000000000003,0.089334
20.692,0.007333
20.693,-0.142988
20.694000000000003,0.123629
20.695,0.196816
20.696,0.426415
20.697000000000003,0.049855
20.698,0.060598
20.699,-0.034454
20.700000000000003,0.192846
20.701,-0.133148
20.702,0.300427
20.703000000000003,-0.023482
20.704,0.179284
20.705,0.055919
20.706000000000003,-0.102607
20.707,0.035407
20.708,-0.170376
20.709000000000003,0.117232
20.71,0.037132
20.711,-0.005465
20.712000000000003,-0.08897
20.713,0.053378
20.714,-0.261298
20.715000000000003,0.038465
20.716,0.532791
20.717,-0.103885
20.718,-0.006017
20.719,0.365596
20.72,0.171714
20.721,0.195275
20.722,-0.200287
20.723000000000003,0.118362
20.724,-0.167367
20.725,0.006107
20.726000000000003,-0.225273
20.727,-0.24516
20.728,0.113026
20.729000000000003,-0.107346
20.73,0.027685
20.731,0.450404
20.732000000000003,0.079709
20.733,0.21141
20.734,-0.061207
20.735000000000003,0.157287
20.736,-0.126834
20.737,0.199649
20.738000000000003,-0.054252
20.739,-0.149756
20.74,0.109769
20.741000000000003,-0.02343
20.742,0.151829
20.743,0.127044
20.744000000000003,0.148339
20.745,0.057259
20.746,0.010699
20.747000000000003,0.156621
20.748,-0.128521
20.749,-0.271478
20.75,-0.125491
20.751,-0.21075
20.752,0.036256
20.753,-0.009076
20.754,0.202844
20.755000000000003,0.176932
20.756,0.037301
20.757,0.242263
20.758000000000003,0.010817
20.759,0.237024
20.76,-0.137508
20.761000000000003,0.515133
20.762,0.134936
20.763,-0.053268
20.764000000000003,0.087726
20.765,0.025515
20.766,-0.318991
20.767000000000003,-0.21076
20.768,-0.026419
20.769,0.110025
20.770000000000003,-0.093948
20.771,0.221054
20.772,0.039122
20.773000000000003,-0.154416
20.774,0.231727
20.775,-0.097953
20.776000000000003,0.130422
20.777,-0.120157
20.778,0.162087
20.779000000000003,0.025704
20.78,0.011444
20.781,0.221996
20.782,-0.202944
20.783,0.359951
20.784,0.252018
20.785,-0.026318
20.786,0.071501
20.787000000000003,0.201983
20.788,0.128293
20.789,0.060685
20.790000000000003,0.21951
20.791,0.432923
20.792,0.179456
20.793000000000003,0.050646
20.794,-0.073743
20.795,0.04701
20.796000000000003,0.196384
20.797,-0.190867
20.798,-0.122879
20.799000000000003,-0.166685
20.8,0.180142
20.801,0.134269
20.802000000000003,-0.063755
20.803,0.024092
20.804,0.007037
20.805000000000003,-0.298713
20.806,0.153378
20.807,-0.289143
20.808000000000003,-0.008055
20.809,0.022837
20.81,0.102518
20.811,-0.079629
20.812,0.036581
20.813,-0.000411
20.814,-0.108093
20.815,0.038391
20.816000000000003,-0.204116
20.817,-0.238558
20.818,-0.098387
20.819000000000003,0.193706
20.82,-0.079479
20.821,0.060123
20.822000000000003,0.071342
20.823,0.097585
20.824,0.183616
20.825000000000003,-0.147303
20.826,-0.024243
20.827,0.283024
20.828000000000003,0.009787
20.829,0.053954
20.83,-0.137022
20.831000000000003,0.088636
20.832,-0.066641
20.833,-0.188384
20.834000000000003,-0.002675
20.835,0.160695
20.836,-0.226805
20.837000000000003,-0.226391
20.838,-0.073079
20.839,0.190076
20.840000000000003,0.117522
20.841,-0.202595
20.842,0.094659
20.843,0.172162
20.844,-0.048295
20.845,0.118932
20.846,-0.021452
20.847,0.501402
20.848000000000003,0.233151
20.849,-0.195727
20.85,-0.098593
20.851000000000003,-0.31931
20.852,0.252708
20.853,0.478233
20.854000000000003,0.131518
20.855,-0.080071
20.856,0.144615
20.857000000000003,0.178397
20.858,0.405697
20.859,-0.054246
20.860000000000003,0.254416
20.861,0.021856
20.862,0.157721
20.863000000000003,-0.09062
20.864,-0.256832
20.865,0.102109
20.866000000000003,0.130613
20.867,0.216827
20.868,-0.146166
20.869000000000003,-0.050148
20.87,-0.002751
20.871,-0.127567
20.872000000000003,0.167814
20.873,0.286836
20.874,0.320979
20.875,-0.053824
20.876,-0.145392
20.877,-0.038147
20.878,-0.100366
20.879,0.322362
20.880000000000003,0.379484
20.881,-0.085128
20.882,0.11423
20.883000000000003,-0.006504
20.884,0.227496
20.885,0.170418
20.886000000000003,-0.004353
20.887,-0.2821
20.888,0.158503
20.889000000000003,-0.157229
20.89,0.12833
20.891,0.107227
20.892000000000003,0.097207
20.893,-0.160545
20.894,-0.238999
20.895000000000003,0.081286
20.896,-0.186121
20.897,0.499971
20.898000000000003,0.010676
20.899,0.095451
20.9,-0.060238
20.901000000000003,-0.029655
20.902,0.051485
20.903,0.242472
20.904000000000003,0.246265
20.905,-0.052838
20.906,0.2003
20.907,-0.072654
20.908,0.102567
20.909,0.039737
20.91,-0.25225
20.911,0.193429
20.912000000000003,0.058406
20.913,-0.139141
20.914,0.002873
20.915000000000003,0.219419
20.916,-0.109057
20.917,-0.02977
20.918000000000003,-0.341706
20.919,0.11111
20.92,-0.071818
20.921000000000003,0.245292
20.922,0.13112
20.923,-0.168046
20.924000000000003,-0.10233
20.925,0.03879
20.926,0.145548
20.927000000000003,0.063711
20.928,-0.048714
20.929,0.161549
20.930000000000003,-0.436018
20.931,0.047256
20.932,0.276866
20.933000000000003,0.326512
20.934,-0.30203
20.935,-0.102915
20.936,-0.275076
20.937,0.150796
20.938,0.255513
20.939,-0.164921
20.94,-0.143386
20.941000000000003,0.168081
20.942,-0.026886
20.943,0.155403
20.944000000000003,0.092319
20.945,-0.01904
20.946,0.334307
20.947000000000003,0.187752
20.948,0.12016
20.949,-0.055257
20.950000000000003,-0.066136
20.951,-0.039306
20.952,-0.04563
20.953000000000003,0.414792
20.954,-0.42716
20.955,-0.146958
20.956000000000003,0.324691
20.957,-0.109491
20.958,-0.025605
20.959000000000003,-0.012228
20.96,0.099433
20.961,0.408951
20.962000000000003,-0.032899
20.963,-0.0985
20.964,0.001634
20.965000000000003,-0.06083
20.966,-0.134452
20.967,0.04324
20.968,-0.045561
20.969,0.047616
20.97,-0.101887
20.971,0.138077
20.972,0.266036
20.973000000000003,0.015073
20.974,0.239771
20.975,0.100929
20.976000000000003,-0.6002
20.977,0.154782
20.978,0.179532
20.979000000000003,-0.035599
20.98,-0.210598
20.981,-0.073837
20.982000000000003,0.060729
20.983,0.017613
20.984,-0.005923
20.985000000000003,0.031982
20.986,0.382483
20.987,0.171893
20.988000000000003,0.104474
20.989,0.164859
20.99,-0.05844
20.991000000000003,-0.03118
20.992,-0.070354
20.993,-0.343441
20.994000000000003,0.235504
20.995,-0.10233
20.996,-0.038562
20.997000000000003,0.11361
20.998,-0.221538
20.999,0.020722
21.0,-0.320871
21.001,-0.326239
21.002,-0.050677
21.003,-0.095463
21.004,-0.016281
21.005000000000003,0.00891
21.006,-0.149267
21.007,0.0092
21.008000000000003,0.112069
21.009,0.023739
21.01,-0.180492
21.011000000000003,-0.030446
21.012,0.21295
21.013,0.062972
21.014000000000003,-0.111357
21.015,0.171186
21.016,-0.132789
21.017000000000003,0.089733
21.018,-0.069603
21.019,-0.276532
21.020000000000003,-0.264069
21.021,-0.112717
21.022,-0.146386
21.023000000000003,-0.32184
21.024,-0.034779
21.025,0.239551
21.026000000000003,-0.012915
21.027,-0.025959
21.028,0.057822
21.029000000000003,-0.236739
21.03,0.28971
21.031,-0.310976
21.032,-0.110435
21.033,0.273602
21.034,-0.097839
21.035,0.125404
21.036,0.118338
21.037000000000003,0.084571
21.038,-0.253503
21.039,-0.008644
21.040000000000003,0.006949
21.041,-0.307875
21.042,-0.052352
21.043000000000003,-0.01748
21.044,0.097497
21.045,0.285188
21.046000000000003,-0.22256
21.047,0.114591
21.048,0.134053
21.049000000000003,0.057602
21.05,0.001344
21.051,0.15063
21.052000000000003,0.126446
21.053,0.254381
21.054,0.043803
21.055000000000003,0.014984
21.056,-0.205512
21.057,0.268705
21.058000000000003,-0.101079
21.059,-0.193066
21.06,-0.017842
21.061000000000003,-0.096759
21.062,0.034789
21.063,0.102543
21.064,-0.052016
21.065,0.105569
21.066000000000003,-0.025006
21.067,-0.039416
21.068,-0.295651
21.069000000000003,0.064079
21.07,-0.200845
21.071,0.030242
21.072000000000003,-0.056976
21.073,0.184869
21.074,-0.011526
21.075000000000003,-0.282889
21.076,0.174991
21.077,-0.146738
21.078000000000003,0.074251
21.079,0.427826
21.08,-0.063673
21.081000000000003,0.213097
21.082,-0.176929
21.083,-0.044676
21.084000000000003,0.06447
21.085,0.290563
21.086,-0.066136
21.087000000000003,0.257953
21.088,0.184048
21.089,0.036177
21.090000000000003,0.374463
21.091,0.099177
21.092,-0.018692
21.093,-0.058855
21.094,0.461821
21.095,0.031804
21.096,0.271292
21.097,0.178521
21.098000000000003,0.015842
21.099,0.402788
21.1,-0.019294
21.101000000000003,0.123692
21.102,-0.101627
21.103,-0.186234
21.104000000000003,0.227051
21.105,-0.15502
21.106,0.15244
21.107000000000003,-0.176574
21.108,0.596904
21.109,-0.036416
21.110000000000003,0.378708
21.111,0.371131
21.112,0.081272
21.113000000000003,0.206657
21.114,0.091969
21.115,0.262304
21.116000000000003,-0.072766
21.117,-0.424831
21.118,-0.077045
21.119000000000003,-0.004144
21.12,0.118649
21.121,0.130936
21.122000000000003,0.208141
21.123,-0.103522
21.124,0.367151
21.125,-0.205223
21.126,0.319253
21.127,0.318712
21.128,0.15804
21.129,-0.186438
21.130000000000003,0.285724
21.131,0.234372
21.132,0.156055
21.133000000000003,-0.281297
21.134,-0.124451
21.135,-0.102996
21.136000000000003,-0.294911
21.137,0.170402
21.138,0.08133
21.139000000000003,-0.131468
21.14,-0.060633
21.141,0.036616
21.142000000000003,0.398603
21.143,0.034609
21.144,0.157516
21.145000000000003,0.10037
21.146,0.17013
21.147,0.325104
21.148000000000003,0.252125
21.149,-0.425935
21.15,-0.125641
21.151000000000003,0.068985
21.152,0.006221
21.153,-0.310106
21.154000000000003,-0.436534
21.155,0.054716
21.156,-0.212959
21.157,0.25026
21.158,0.144799
21.159,-0.069003
21.16,-0.171863
21.161,0.377335
21.162000000000003,0.010151
21.163,-0.052508
21.164,0.407468
21.165000000000003,0.150211
21.166,0.266633
21.167,-0.08521
21.168000000000003,0.116537
21.169,0.002648
21.17,-0.015308
21.171000000000003,-0.031576
21.172,0.080984
21.173,0.26333
21.174000000000003,0.453837
21.175,0.078457
21.176,-0.210418
21.177000000000003,-0.059602
21.178,-0.124577
21.179,-0.218979
21.180000000000003,0.13754
21.181,0.489154
21.182,0.146446
21.183000000000003,-0.140048
21.184,0.360542
21.185,-0.051161
21.186000000000003,-0.109955
21.187,-0.314364
21.188,0.228104
21.189,0.020206
21.19,-0.176899
21.191000000000003,-0.167293
21.192,0.063368
21.193,0.07614
21.194000000000003,-0.086122
21.195,0.357211
21.196,0.300833
21.197000000000003,0.164825
21.198,0.186979
21.199,-0.012546
21.200000000000003,-0.063317
21.201,0.04451
21.202,-0.059061
21.203000000000003,-0.159323
21.204,-0.187485
21.205,0.145091
21.206000000000003,-0.021161
21.207,0.123481
21.208,0.111525
21.209000000000003,-0.057529
21.21,-0.122136
21.211,0.04614
21.212000000000003,0.026261
21.213,-0.085281
21.214,0.119195
21.215000000000003,0.150431
21.216,0.027121
21.217,0.363674
21.218,-0.167396
21.219,0.094493
21.22,-0.055801
21.221,0.043466
21.222,0.176276
21.223000000000003,0.045031
21.224,-0.213458
21.225,0.131318
21.226000000000003,0.09237
21.227,0.025578
21.228,0.105488
21.229000000000003,0.012002
21.23,0.003967
21.231,0.139473
21.232000000000003,-0.006104
21.233,0.031165
21.234,0.005488
21.235000000000003,-0.12422
21.236,0.144552
21.237,0.042606
21.238000000000003,-0.029511
21.239,0.148259
21.24,-0.017874
21.241000000000003,0.07391
21.242,-0.006304
21.243,-0.010676
21.244000000000003,0.267911
21.245,-0.102118
21.246,-0.107783
21.247000000000003,-0.122206
21.248,0.647918
21.249,-0.028193
21.25,0.441226
21.251,0.082486
21.252,0.163387
21.253,0.169606
21.254,0.232247
21.255000000000003,-0.019461
21.256,-0.07332
21.257,-0.000661
21.258000000000003,0.049258
21.259,0.149559
21.26,-0.084475
21.261000000000003,0.266744
21.262,0.410166
21.263,-0.089761
21.264000000000003,0.196439
21.265,0.114995
21.266,-0.139291
21.267000000000003,-0.133088
21.268,-0.135962
21.269,0.198939
21.270000000000003,0.149976
21.271,0.016113
21.272,-0.29474
21.273000000000003,0.344377
21.274,0.453229
21.275,-0.018691
21.276000000000003,0.145932
21.277,-0.274796
21.278,0.270369
21.279000000000003,-0.230549
21.28,0.117667
21.281,0.245016
21.282,-0.18673
21.283,-0.157313
21.284,-0.187787
21.285,-0.098498
21.286,-0.19345
21.287000000000003,-0.032617
21.288,-0.0827
21.289,-0.116838
21.290000000000003,0.0668
21.291,0.135056
21.292,0.053009
21.293000000000003,-0.153396
21.294,-0.211961
21.295,0.007796
21.296000000000003,0.503061
21.297,-0.072217
21.298,0.388308
21.299000000000003,-0.135947
21.3,-0.247167
21.301,0.072994
21.302000000000003,0.098474
21.303,-0.09064
21.304,-0.244809
21.305000000000003,0.126331
21.306,0.035442
21.307,0.252996
21.308000000000003,0.027906
21.309,-0.053397
21.31,0.33718
21.311000000000003,-0.024067
21.312,-0.040662
21.313,0.22643
21.314,0.087799
21.315,0.175304
21.316000000000003,-0.12944
21.317,0.541754
21.318,-0.225538
21.319000000000003,0.15804
21.32,-0.032225
21.321,0.150297
21.322000000000003,-0.008014
21.323,0.166411
21.324,-0.163743
21.325000000000003,0.317373
21.326,-0.290015
21.327,-0.185097
21.328000000000003,-0.028374
21.329,-0.152626
21.33,0.026141
21.331000000000003,-0.077543
21.332,-0.441223
21.333,0.217094
21.334000000000003,0.483257
21.335,-0.033299
21.336,0.112439
21.337000000000003,0.254265
21.338,0.075782
21.339,0.480857
21.340000000000003,-0.172293
21.341,0.356535
21.342,0.171957
21.343,-0.164567
21.344,-0.045435
21.345,-0.069292
21.346,0.238251
21.347,0.222744
21.348000000000003,-0.150841
21.349,0.161606
21.35,-0.027836
21.351000000000003,-0.170519
21.352,0.073262
21.353,-0.123825
21.354000000000003,0.104939
21.355,0.090177
21.356,0.102806
21.357000000000003,0.005636
21.358,-0.074571
21.359,0.160093
21.360000000000003,0.095734
21.361,0.013374
21.362,0.116924
21.363000000000003,-0.048983
21.364,-0.155581
21.365,-0.118061
21.366000000000003,-0.072879
21.367,0.204167
21.368,0.069272
21.369000000000003,0.184056
21.37,0.064319
21.371,-0.198785
21.372000000000003,0.197249
21.373,-0.138994
21.374,-0.176891
21.375,-0.100455
21.376,0.005385
21.377,-0.346055
21.378,-0.155849
21.379,0.091779
21.380000000000003,0.113788
21.381,-0.06635
21.382,0.191284
21.383000000000003,0.044624
21.384,0.17731
21.385,0.143233
21.386000000000003,0.023499
21.387,0.009029
21.388,-0.199639
21.389000000000003,0.290122
21.39,0.252225
21.391,-0.021332
21.392000000000003,-0.26301
21.393,0.175409
21.394,-0.009728
21.395000000000003,0.201293
21.396,0.031897
21.397,0.05534
21.398000000000003,0.018548
21.399,-0.001284
21.4,-0.058587
21.401000000000003,0.095847
21.402,0.036221
21.403,0.147863
21.404000000000003,-0.298765
21.405,-0.043219
21.406,0.025671
21.407,-0.03126
21.408,0.016471
21.409,-0.172111
21.41,0.116049
21.411,0.235835
21.412000000000003,0.490763
21.413,0.168276
21.414,-0.132498
21.415000000000003,0.205026
21.416,-0.240068
21.417,0.00925
21.418000000000003,-0.20262
21.419,-0.271637
21.42,0.197358
21.421000000000003,-0.058499
21.422,-0.019915
21.423,-0.188285
21.424000000000003,0.254859
21.425,0.00056
21.426,0.083368
21.427000000000003,0.301802
21.428,-0.016295
21.429,-0.049254
21.430000000000003,-0.117009
21.431,0.003779
21.432,-0.066179
21.433000000000003,-0.127945
21.434,-0.179094
21.435,-0.025015
21.436000000000003,0.021866
21.437,0.178349
21.438,0.318726
21.439,0.122704
21.44,0.118501
21.441000000000003,0.209723
21.442,0.118977
21.443,-0.038725
21.444000000000003,0.106011
21.445,-0.317458
21.446,-0.199927
21.447000000000003,0.173576
21.448,-0.229131
21.449,0.270173
21.450000000000003,0.176875
21.451,-0.028136
21.452,-0.077193
21.453000000000003,0.069704
21.454,0.232796
21.455,0.085562
21.456000000000003,0.056939
21.457,-0.196743
21.458,-0.002307
21.459000000000003,-0.240938
21.46,-0.169755
21.461,0.078727
21.462000000000003,-0.079378
21.463,0.059066
21.464,-0.047593
21.465000000000003,-0.013061
21.466,-0.064443
21.467,-0.058926
21.468000000000004,-0.147797
21.469,0.227286
21.47,-0.032849
21.471,0.170169
21.472,-0.21323
21.473000000000003,-0.131088
21.474,0.253417
21.475,-0.155918
21.476000000000003,-0.087995
21.477,-0.165784
21.478,-0.015696
21.479000000000003,0.312994
21.48,0.214754
21.481,0.124083
21.482000000000003,0.178354
21.483,0.130637
21.484,-0.185109
21.485000000000003,0.152517
21.486,0.140087
21.487,0.216369
21.488000000000003,0.115856
21.489,0.080581
21.49,0.128664
21.491000000000003,0.055422
21.492,0.133787
21.493,0.098698
21.494000000000003,0.036313
21.495,0.009986
21.496,-0.021527
21.497000000000003,0.18102
21.498,0.086004
21.499,0.177608
21.5,-0.348891
21.501,-0.247508
21.502,-0.087608
21.503,-0.088351
21.504,0.235796
21.505000000000003,0.21686
21.506,-0.061338
21.507,-0.058843
21.508000000000003,0.185645
21.509,-0.192963
21.51,0.300227
21.511000000000003,-0.221125
21.512,-0.0265
21.513,-0.103954
21.514000000000003,-0.021361
21.515,-0.035511
21.516,-0.138965
21.517000000000003,-0.008911
21.518,0.128666
21.519,-0.150043
21.520000000000003,0.050733
21.521,-0.057308
21.522,0.178036
21.523000000000003,0.038929
21.524,0.235711
21.525,0.202749
21.526000000000003,-0.064207
21.527,0.120048
21.528,0.05793
21.529000000000003,0.393119
21.53,-0.248309
21.531,-0.039122
21.532,-0.114594
21.533,0.073231
21.534,0.063001
21.535,-0.122718
21.536,0.192254
21.537000000000003,0.285599
21.538,-0.150863
21.539,0.041382
21.540000000000003,-0.182588
21.541,0.141273
21.542,-0.104844
21.543000000000003,0.12473
21.544,-0.049856
21.545,0.052686
21.546000000000003,-0.292548
21.547,0.061409
21.548,0.199154
21.549000000000003,0.257081
21.55,-0.129173
21.551,0.008446
21.552000000000003,0.204479
21.553,-0.168792
21.554,-0.078494
21.555000000000003,0.315923
21.556,0.095915
21.557,0.166635
21.558000000000003,-0.046422
21.559,0.232703
21.56,-0.24632
21.561000000000003,-0.06782
21.562,-0.311804
21.563,-0.118269
21.564,-0.159962
21.565,-0.401771
21.566000000000003,-0.026505
21.567,-0.068505
21.568,-0.013286
21.569000000000003,0.14483
21.57,-0.37484
21.571,0.203428
21.572000000000003,-0.113261
21.573,0.102978
21.574,-0.188716
21.575000000000003,-0.001814
21.576,-0.126159
21.577,0.254615
21.578000000000003,-0.284483
21.579,0.349531
21.58,0.153978
21.581000000000003,0.072953
21.582,0.201803
21.583,-0.187196
21.584000000000003,0.004513
21.585,0.304778
21.586,0.054093
21.587000000000003,-0.016997
21.588,-0.322021
21.589,0.117135
21.590000000000003,0.116994
21.591,-0.005131
21.592,0.128125
21.593000000000004,0.096191
21.594,-0.127983
21.595,-0.099306
21.596,-0.236538
21.597,-0.22342
21.598000000000003,-0.331888
21.599,0.098944
21.6,0.090679
21.601000000000003,-0.15442
21.602,0.039099
21.603,-0.283686
21.604000000000003,0.023401
21.605,0.042744
21.606,0.018857
21.607000000000003,0.13994
21.608,0.057703
21.609,0.121385
21.610000000000003,-0.093689
21.611,-0.099662
21.612,0.264291
21.613000000000003,0.027991
21.614,0.190697
21.615,0.000293
21.616000000000003,0.322554
21.617,-0.099278
21.618,0.14121
21.619000000000003,0.067179
21.62,-0.130181
21.621,0.078511
21.622000000000003,-0.408051
21.623,-0.19033
21.624,0.141363
21.625,-0.003712
21.626,-0.116986
21.627,0.132922
21.628,-0.070036
21.629,0.189029
21.630000000000003,0.202399
21.631,-0.058048
21.632,-0.012818
21.633000000000003,-0.067614
21.634,-0.35279
21.635,0.112654
21.636000000000003,-0.179699
21.637,0.317194
21.638,-0.071091
21.639000000000003,-0.039037
21.64,0.242498
21.641,0.434622
21.642000000000003,0.448874
21.643,0.233339
21.644,-0.176573
21.645000000000003,-0.160792
21.646,0.020247
21.647,0.191288
21.648000000000003,0.136089
21.649,0.104936
21.65,0.384492
21.651000000000003,0.114356
21.652,0.023158
21.653,0.071713
21.654000000000003,-0.035806
21.655,-0.072676
21.656,-0.150079
21.657,0.126145
21.658,0.219235
21.659,0.15065
21.66,0.099292
21.661,0.266101
21.662000000000003,-0.163602
21.663,0.100572
21.664,0.094038
21.665000000000003,0.146133
21.666,0.139663
21.667,0.297806
21.668000000000003,-0.193286
21.669,-0.154104
21.67,0.086706
21.671000000000003,-0.06222
21.672,0.20806
21.673,0.034941
21.674000000000003,-0.056093
21.675,0.394648
21.676,-0.156404
21.677000000000003,0.000777
21.678,-0.151974
21.679,-0.058566
21.680000000000003,-0.06147
21.681,-0.239808
21.682,0.047068
21.683000000000003,0.088827
21.684,-0.077623
21.685,-0.384288
21.686000000000003,-0.481603
21.687,0.054011
21.688,-0.229294
21.689,0.287965
21.69,-0.267076
21.691000000000003,-0.086239
21.692,0.125652
21.693,0.051303
21.694000000000003,0.083611
21.695,-0.289213
21.696,-0.072234
21.697000000000003,0.022914
21.698,0.08795
21.699,-0.084458
21.700000000000003,0.112464
21.701,0.126215
21.702,0.224619
21.703000000000003,-0.00633
21.704,0.091539
21.705,-0.141838
21.706000000000003,0.207695
21.707,-0.23252
21.708,0.075211
21.709000000000003,0.37487
21.71,0.17994
21.711,0.352805
21.712000000000003,0.174972
21.713,0.269415
21.714,-0.441791
21.715000000000003,0.017675
21.716,0.004792
21.717,0.109953
21.718000000000004,0.032305
21.719,0.135707
21.72,0.291006
21.721,0.275953
21.722,-0.112043
21.723000000000003,-0.123762
21.724,0.186934
21.725,-0.165252
21.726000000000003,-0.019287
21.727,0.299288
21.728,0.364356
21.729000000000003,0.25447
21.73,-0.000285
21.731,0.152819
21.732000000000003,0.129107
21.733,3.5e-05
21.734,0.043754
21.735000000000003,-0.132806
21.736,0.339815
21.737,-0.022539
21.738000000000003,-0.337756
21.739,-0.28049
21.74,0.044954
21.741000000000003,-0.123684
21.742,-0.061828
21.743,0.167825
21.744000000000003,-0.076821
21.745,0.016347
21.746,-0.065485
21.747000000000003,-0.388281
21.748,-0.080441
21.749,0.080074
21.750000000000004,-0.109581
21.751,-0.000728
21.752,0.220031
21.753,0.015191
21.754,-0.259013
21.755000000000003,0.179221
21.756,0.038979
21.757,0.199145
21.758000000000003,-0.203228
21.759,-0.116499
21.76,-0.181589
21.761000000000003,0.391835
21.762,0.355185
21.763,0.060536
21.764000000000003,0.226201
21.765,0.158966
21.766,-0.008416
21.767000000000003,-0.047517
21.768,-0.046447
21.769,-0.072163
21.770000000000003,0.106579
21.771,0.280019
21.772,0.024759
21.773000000000003,0.504567
21.774,-0.05713
21.775,0.017703
21.776000000000003,0.007587
21.777,0.041311
21.778,0.024871
21.779000000000003,-0.034659
21.78,-0.450248
21.781,0.087851
21.782,0.01073
21.783,0.144685
21.784,-0.08334
21.785,0.103182
21.786,0.017495
21.787000000000003,0.221911
21.788,-0.467121
21.789,-0.050608
21.790000000000003,0.017884
21.791,-0.129292
21.792,0.082383
21.793000000000003,-0.170628
21.794,-0.104551
21.795,-0.079333
21.796000000000003,0.275564
21.797,0.199643
21.798,0.24066
21.799000000000003,0.080397
21.8,0.444833
21.801,-0.163424
21.802000000000003,0.030055
21.803,0.083116
21.804,0.036209
21.805000000000003,0.058833
21.806,0.078368
21.807,0.193248
21.808000000000003,0.448676
21.809,0.236465
21.81,0.318378
21.811000000000003,0.084712
21.812,0.057538
21.813,0.036636
21.814,0.336478
21.815,-0.028741
21.816000000000003,-0.028747
21.817,-0.161222
21.818,-0.056079
21.819000000000003,-0.080826
21.82,0.016547
21.821,-0.379412
21.822000000000003,-0.037275
21.823,0.137495
21.824,0.234538
21.825000000000003,0.353147
21.826,0.150748
21.827,0.046352
21.828000000000003,0.470163
21.829,-0.124172
21.83,-0.011956
21.831000000000003,-0.321484
21.832,-0.004815
21.833,0.109034
21.834000000000003,0.288872
21.835,0.038011
21.836,0.031851
21.837000000000003,-0.077886
21.838,0.119387
21.839,0.412041
21.840000000000003,-0.137339
21.841,0.076622
21.842,-0.062646
21.843000000000004,0.002193
21.844,-0.026654
21.845,-0.149816
21.846,0.28877
21.847,0.009452
21.848000000000003,0.178172
21.849,0.143968
21.85,0.192718
21.851000000000003,0.085341
21.852,0.135111
21.853,0.087687
21.854000000000003,-0.056506
21.855,-0.141728
21.856,-0.274096
21.857000000000003,0.279803
21.858,0.122031
21.859,0.425675
21.860000000000003,0.215302
21.861,0.290741
21.862,0.181514
21.863000000000003,-0.046891
21.864,-0.126577
21.865,0.092023
21.866000000000003,-0.014492
21.867,0.103358
21.868,0.023156
21.869000000000003,0.101329
21.87,-0.102239
21.871,-0.55508
21.872000000000003,0.062543
21.873,0.273423
21.874,0.033431
21.875000000000004,0.167348
21.876,0.287176
21.877,0.287779
21.878,0.529623
21.879,-0.040839
21.880000000000003,0.218945
21.881,0.07451
21.882,-0.109475
21.883000000000003,-0.222337
21.884,0.232024
21.885,-0.1315
21.886000000000003,0.092326
21.887,-0.120872
21.888,-0.191302
21.889000000000003,-0.049482
21.89,-0.13938
21.891,0.08541
21.892000000000003,0.626009
21.893,0.097603
21.894,-0.180616
21.895000000000003,0.041267
21.896,0.317625
21.897,-0.000396
21.898000000000003,0.038541
21.899,0.233293
21.9,0.155775
21.901000000000003,-0.155181
21.902,0.269594
21.903,-0.198254
21.904000000000003,-0.091792
21.905,0.289627
21.906,-0.316394
21.907,-0.160957
21.908,-0.058351
21.909,-0.0536
21.91,0.143067
21.911,0.177861
21.912000000000003,-0.152867
21.913,0.100744
21.914,0.455968
21.915000000000003,-0.12752
21.916,0.246486
21.917,-0.04131
21.918000000000003,0.44074
21.919,-0.158598
21.92,-0.152736
21.921000000000003,0.129337
21.922,0.310422
21.923,0.406609
21.924000000000003,0.141193
21.925,-0.090385
21.926,0.138377
21.927000000000003,-0.155334
21.928,0.016203
21.929,-0.073516
21.930000000000003,0.163177
21.931,0.074339
21.932,0.15304
21.933000000000003,0.192584
21.934,0.127451
21.935,-0.017555
21.936000000000003,0.126512
21.937,0.211629
21.938,-0.017878
21.939,0.109789
21.94,0.140014
21.941000000000003,0.034468
21.942,-0.025959
21.943,-0.084399
21.944000000000003,-0.068652
21.945,-0.19257
21.946,0.215677
21.947000000000003,0.108117
21.948,0.157098
21.949,-0.050376
21.950000000000003,-0.157278
21.951,0.105939
21.952,0.023545
21.953000000000003,-0.107744
21.954,-0.00066
21.955,0.269149
21.956000000000003,-0.078921
21.957,-0.022312
21.958,0.347193
21.959000000000003,0.01127
21.96,0.019476
21.961,0.019603
21.962000000000003,-0.20641
21.963,-0.103267
21.964,-0.035189
21.965000000000003,-0.107389
21.966,0.047313
21.967,-0.391901
21.968000000000004,-0.002039
21.969,-0.255462
21.97,-0.082352
21.971,-0.04156
21.972,0.097948
21.973000000000003,0.165596
21.974,0.094727
21.975,0.24411
21.976000000000003,-0.106889
21.977,0.191358
21.978,-0.213633
21.979000000000003,-0.398386
21.98,-0.114833
21.981,-0.175136
21.982000000000003,0.18187
21.983,0.00846
21.984,0.19957
21.985000000000003,0.328214
21.986,0.143725
21.987,-0.01155
21.988000000000003,-0.184104
21.989,-0.119113
21.99,-0.001145
21.991000000000003,0.015304
21.992,0.157166
21.993,0.227588
21.994000000000003,-0.002966
21.995,0.245914
21.996,0.0495
21.997000000000003,0.20667
21.998,0.094763
21.999,-0.113832
22.000000000000004,0.072514
22.001,-0.430166
22.002,0.101876
22.003,0.130015
22.004,-0.104879
22.005000000000003,-0.152209
22.006,-0.01076
22.007,-0.082522
22.008000000000003,0.186793
22.009,0.137105
22.01,0.174907
22.011000000000003,0.053991
22.012,-0.089571
22.013,-0.15324
22.014000000000003,0.026118
22.015,-0.277351
22.016,0.191572
22.017000000000003,-0.067344
22.018,-0.025333
22.019,0.128802
22.020000000000003,-0.159732
22.021,0.07943
22.022,0.209953
22.023000000000003,0.38395
22.024,-0.048977
22.025,-0.162761
22.026000000000003,0.119956
22.027,0.018857
22.028,0.155051
22.029000000000003,-0.024141
22.03,0.135146
22.031,-0.159971
22.032,-0.295705
22.033,-0.29025
22.034,0.164664
22.035,0.135475
22.036,0.210965
22.037000000000003,-0.107862
22.038,0.450378
22.039,0.266882
22.040000000000003,0.025261
22.041,-0.011268
22.042,-0.158112
22.043000000000003,0.256982
22.044,-0.001168
22.045,-0.306174
22.046000000000003,0.029306
22.047,0.528083
22.048,-0.053792
22.049000000000003,-0.028442
22.05,-0.290137
22.051,-0.056383
22.052000000000003,0.301441
22.053,-0.192841
22.054,-0.185902
22.055000000000003,0.234477
22.056,-0.111891
22.057,0.222475
22.058000000000003,0.079796
22.059,0.023375
22.06,0.16759
22.061000000000003,0.321247
22.062,0.261217
22.063,0.407157
22.064,0.182109
22.065,0.182455
22.066000000000003,0.044633
22.067,-0.025717
22.068,-0.114353
22.069000000000003,2.5e-05
22.07,0.211568
22.071,0.019878
22.072000000000003,-0.054024
22.073,0.064664
22.074,-0.260749
22.075000000000003,0.23389
22.076,0.01051
22.077,0.166928
22.078000000000003,-0.240622
22.079,0.2278
22.08,0.364967
22.081000000000003,-0.292292
22.082,0.034129
22.083,-0.234976
22.084000000000003,0.133676
22.085,0.403684
22.086,0.300247
22.087000000000003,0.004747
22.088,-0.020206
22.089,0.457056
22.090000000000003,-0.146016
22.091,0.007879
22.092,0.17424
22.093000000000004,0.292275
22.094,0.159964
22.095,0.393584
22.096,-0.09165
22.097,-0.019584
22.098000000000003,-0.042864
22.099,0.002588
22.1,0.22335
22.101000000000003,0.000807
22.102,0.333752
22.103,-0.045749
22.104000000000003,-0.062529
22.105,0.141069
22.106,-0.297201
22.107000000000003,0.279321
22.108,-0.171489
22.109,0.221484
22.110000000000003,0.058515
22.111,0.19957
22.112,0.243859
22.113000000000003,0.258734
22.114,0.108728
22.115,-0.334621
22.116000000000003,0.037536
22.117,-0.213053
22.118,0.233059
22.119000000000003,0.078475
22.12,0.069967
22.121,0.159359
22.122000000000003,-0.253498
22.123,-0.034547
22.124,0.096814
22.125000000000004,-0.089646
22.126,0.184515
22.127,-0.048482
22.128,0.122506
22.129,-0.054161
22.130000000000003,0.136098
22.131,-0.039206
22.132,0.002787
22.133000000000003,0.239811
22.134,-0.070953
22.135,-0.217983
22.136000000000003,0.229327
22.137,0.038328
22.138,-0.058097
22.139000000000003,0.123997
22.14,0.224024
22.141,-0.142695
22.142000000000003,-0.158853
22.143,-0.057812
22.144,-0.031059
22.145000000000003,-0.063032
22.146,0.070085
22.147,-0.019694
22.148000000000003,-0.102878
22.149,0.126021
22.15,0.172752
22.151000000000003,0.455418
22.152,-0.011734
22.153,-0.028088
22.154000000000003,-0.239118
22.155,-0.121577
22.156,0.102461
22.157000000000004,0.133
22.158,0.038527
22.159,0.333351
22.16,0.098838
22.161,0.060471
22.162000000000003,0.075607
22.163,-0.062587
22.164,0.207487
22.165000000000003,-0.098834
22.166,0.485791
22.167,0.342668
22.168000000000003,-0.113682
22.169,0.082316
22.17,-0.17178
22.171000000000003,0.167132
22.172,0.285188
22.173,0.191682
22.174000000000003,-0.176939
22.175,0.189877
22.176,-0.011001
22.177000000000003,-0.027024
22.178,-0.017083
22.179,0.145806
22.180000000000003,0.01236
22.181,0.299239
22.182,-0.064285
22.183000000000003,0.107735
22.184,-0.091387
22.185,-0.333892
22.186000000000003,0.046479
22.187,0.450544
22.188,0.434733
22.189,-0.125416
22.19,-0.081145
22.191000000000003,0.020087
22.192,0.279167
22.193,-0.085452
22.194000000000003,0.019002
22.195,0.055
22.196,0.340181
22.197000000000003,0.030242
22.198,-0.055273
22.199,0.193971
22.200000000000003,0.020498
22.201,0.11913
22.202,-0.009665
22.203000000000003,-0.019055
22.204,-0.025858
22.205,-0.031521
22.206000000000003,-0.083717
22.207,0.046189
22.208,0.018348
22.209000000000003,0.003486
22.21,0.389082
22.211,0.330862
22.212000000000003,-0.218643
22.213,-0.41037
22.214,0.194599
22.215000000000003,-0.224269
22.216,0.150008
22.217,-0.452134
22.218000000000004,-0.104043
22.219,0.240768
22.22,-0.014815
22.221,0.00656
22.222,-0.009822
22.223000000000003,0.217204
22.224,0.129177
22.225,0.056572
22.226000000000003,0.265028
22.227,-0.020886
22.228,0.247907
22.229000000000003,0.143281
22.23,0.090379
22.231,-0.118734
22.232000000000003,-0.24369
22.233,-0.43387
22.234,0.156207
22.235000000000003,0.314511
22.236,0.006536
22.237,-0.088545
22.238000000000003,-0.095895
22.239,0.284221
22.24,0.078721
22.241000000000003,-0.189831
22.242,-0.081474
22.243,-0.309657
22.244000000000003,-0.084166
22.245,-0.186109
22.246,0.000852
22.247000000000003,0.443354
22.248,0.051254
22.249,-0.195098
22.250000000000004,-0.063317
22.251,0.289634
22.252,0.077322
22.253,-0.013168
22.254,0.13881
22.255000000000003,-0.13583
22.256,-0.246121
22.257,-0.14456
22.258000000000003,0.245159
22.259,0.064698
22.26,0.562212
22.261000000000003,-0.034665
22.262,-0.068602
22.263,0.271952
22.264000000000003,-0.27731
22.265,-0.211858
22.266,-0.129126
22.267000000000003,-0.134626
22.268,-0.066387
22.269,-0.132684
22.270000000000003,0.182902
22.271,0.320924
22.272,0.228525
22.273000000000003,-0.076997
22.274,-0.100318
22.275,0.32121
22.276000000000003,-0.098983
22.277,0.304796
22.278,-0.061699
22.279000000000003,0.064725
22.28,0.333429
22.281,-0.034825
22.282000000000004,0.213751
22.283,0.081207
22.284,0.138825
22.285,0.356278
22.286,0.243825
22.287000000000003,-0.097532
22.288,0.089706
22.289,0.175623
22.290000000000003,0.002682
22.291,0.209319
22.292,-0.258037
22.293000000000003,0.025637
22.294,0.152756
22.295,-0.32021
22.296000000000003,0.151266
22.297,0.461688
22.298,0.381891
22.299000000000003,-0.333613
22.3,0.05904
22.301,0.097214
22.302000000000003,0.235133
22.303,0.065656
22.304,0.161976
22.305000000000003,0.339011
22.306,0.328434
22.307,-0.177777
22.308000000000003,-0.160017
22.309,0.141934
22.31,-0.191004
22.311000000000003,0.168474
22.312,-0.053754
22.313,-0.046982
22.314,0.342574
22.315,0.283589
22.316000000000003,-0.198892
22.317,-0.045058
22.318,-0.098826
22.319000000000003,-0.160943
22.32,0.027434
22.321,0.175193
22.322000000000003,-0.067152
22.323,0.268747
22.324,0.278309
22.325000000000003,0.110726
22.326,0.052087
22.327,-0.162002
22.328000000000003,0.35851
22.329,-0.303512
22.33,-0.08651
22.331000000000003,0.001776
22.332,0.313877
22.333,0.034176
22.334000000000003,-0.12512
22.335,0.175384
22.336,-0.306837
22.337000000000003,-0.140538
22.338,0.296113
22.339,0.199722
22.340000000000003,-0.064766
22.341,0.016449
22.342,0.360024
22.343000000000004,0.072461
22.344,-0.21865
22.345,0.028091
22.346,-0.216813
22.347,-0.140059
22.348000000000003,-0.447085
22.349,-0.142691
22.35,0.093175
22.351000000000003,0.140388
22.352,-0.113788
22.353,0.073619
22.354000000000003,-0.135103
22.355,-0.475343
22.356,-0.34964
22.357000000000003,-0.119522
22.358,0.063085
22.359,0.139984
22.360000000000003,0.009235
22.361,-0.40367
22.362,-0.245606
22.363000000000003,0.110639
22.364,0.393368
22.365,0.169014
22.366000000000003,0.190161
22.367,0.192099
22.368,0.0559
22.369000000000003,0.107013
22.37,0.227021
22.371,0.199936
22.372000000000003,0.063398
22.373,0.030427
22.374,0.230022
22.375000000000004,-0.010388
22.376,0.058908
22.377,0.028983
22.378,0.058235
22.379,-0.148428
22.380000000000003,-0.067262
22.381,0.086034
22.382,0.011785
22.383000000000003,0.37108
22.384,0.324914
22.385,0.098262
22.386000000000003,0.124005
22.387,-0.301481
22.388,-0.006407
22.389000000000003,-0.215524
22.39,-0.038156
22.391,-0.085046
22.392000000000003,-0.259982
22.393,0.162927
22.394,-0.119195
22.395000000000003,0.183667
22.396,-0.053406
22.397,-0.10794
22.398000000000003,-0.125877
22.399,-0.352143
22.4,0.168365
22.401000000000003,0.171779
22.402,-0.051177
22.403,0.08018
22.404000000000003,0.193725
22.405,0.276654
22.406,0.11817
22.407000000000004,-0.042637
22.408,-0.327783
22.409,-0.226627
22.41,0.198213
22.411,0.226691
22.412000000000003,0.0441
22.413,-0.15964
22.414,0.14379
22.415000000000003,-0.112637
22.416,0.010688
22.417,-0.282889
22.418000000000003,0.017687
22.419,0.013169
22.42,-0.023465
22.421000000000003,0.266717
22.422,-0.030148
22.423,-0.136694
22.424000000000003,-0.074613
22.425,0.061009
22.426,0.153181
22.427000000000003,-0.233965
22.428,0.322697
22.429,0.170713
22.430000000000003,0.007283
22.431,0.126261
22.432,0.225349
22.433000000000003,0.222932
22.434,-0.30052
22.435,0.299408
22.436000000000003,-0.231708
22.437,-0.025015
22.438,0.250371
22.439000000000004,0.189244
22.44,0.032411
22.441000000000003,-0.159267
22.442,0.018227
22.443,0.16357
22.444000000000003,-0.010326
22.445,-0.154205
22.446,-0.309956
22.447000000000003,0.107592
22.448,0.097794
22.449,-0.226144
22.450000000000003,-0.331892
22.451,0.117954
22.452,0.001806
22.453000000000003,0.226928
22.454,-0.070864
22.455,0.147282
22.456000000000003,0.259528
22.457,0.067595
22.458,0.190195
22.459000000000003,-0.167107
22.46,-0.076206
22.461,0.283
22.462000000000003,-0.215412
22.463,-0.252591
22.464,0.016785
22.465000000000003,0.066515
22.466,0.162463
22.467,0.066049
22.468000000000004,0.023961
22.469,-0.131091
22.47,0.225262
22.471,-0.229495
22.472,-0.101089
22.473000000000003,0.174989
22.474,0.103774
22.475,-0.148301
22.476000000000003,0.023666
22.477,0.158783
22.478,0.209777
22.479000000000003,0.041869
22.48,-0.084445
22.481,0.009048
22.482000000000003,-0.033723
22.483,-0.121384
22.484,0.023407
22.485000000000003,0.205413
22.486,0.163707
22.487,-0.196241
22.488000000000003,-0.052537
22.489,-0.084225
22.49,-0.284486
22.491000000000003,0.012888
22.492,0.025076
22.493,-0.26352
22.494000000000003,-0.02541
22.495,0.023202
22.496,0.070184
22.497000000000003,0.098789
22.498,0.001591
22.499,0.040369
22.500000000000004,0.178901
22.501,-0.092384
22.502,0.316324
22.503,0.086992
22.504,-0.075342
22.505000000000003,-0.042238
22.506,0.095175
22.507,0.129994
22.508000000000003,-0.070769
22.509,0.115443
22.51,0.123711
22.511000000000003,0.210516
22.512,0.05582
22.513,0.423133
22.514000000000003,-0.489636
22.515,-0.038477
22.516,0.157635
22.517000000000003,0.219981
22.518,0.127259
22.519,0.254962
22.520000000000003,0.14765
22.521,0.296232
22.522,-0.084033
22.523000000000003,0.091701
22.524,-0.122817
22.525,0.050733
22.526000000000003,0.143299
22.527,-0.123768
22.528,0.105465
22.529000000000003,0.122285
22.53,0.217285
22.531,0.083198
22.532000000000004,-0.005173
22.533,-0.141696
22.534,0.196828
22.535,-0.027663
22.536,0.246978
22.537000000000003,0.084125
22.538,-0.070449
22.539,0.274391
22.540000000000003,0.209479
22.541,-0.180229
22.542,0.098702
22.543000000000003,0.13388
22.544,-0.208194
22.545,0.041239
22.546000000000003,-0.280488
22.547,0.009749
22.548,-0.177296
22.549000000000003,-0.119707
22.55,-0.152344
22.551,0.275813
22.552000000000003,0.182513
22.553,-0.005369
22.554,-0.025317
22.555000000000003,-0.027546
22.556,-0.091077
22.557,-0.000412
22.558000000000003,-0.071606
22.559,-0.071134
22.56,0.139033
22.561000000000003,0.065994
22.562,0.036546
22.563,0.325097
22.564000000000004,0.187762
22.565,-0.175661
22.566000000000003,-0.109523
22.567,-0.026252
22.568,0.166411
22.569000000000003,-0.038886
22.57,0.252917
22.571,0.139357
22.572000000000003,0.166812
22.573,0.219551
22.574,-0.037167
22.575000000000003,0.010407
22.576,-0.070451
22.577,0.302796
22.578000000000003,0.204985
22.579,0.118452
22.58,-0.047435
22.581000000000003,-0.284477
22.582,0.144407
22.583,-0.06315
22.584000000000003,-0.120618
22.585,0.030661
22.586,0.289875
22.587000000000003,0.342951
22.588,0.012359
22.589,-0.160264
22.590000000000003,0.090837
22.591,0.068004
22.592,0.259747
22.593000000000004,0.139921
22.594,-0.207094
22.595,-0.099582
22.596,-0.051091
22.597,0.137489
22.598000000000003,0.16981
22.599,-0.117492
22.6,-0.184741
22.601000000000003,-0.055651
22.602,-0.097829
22.603,-0.208023
22.604000000000003,0.082842
22.605,0.217211
22.606,0.105723
22.607000000000003,0.119549
22.608,-0.233118
22.609,0.030186
22.610000000000003,0.038689
22.611,0.315799
22.612,0.40014
22.613000000000003,0.226336
22.614,0.087908
22.615,-0.151632
22.616000000000003,-0.280488
22.617,0.221882
22.618,0.01584
22.619000000000003,-0.364871
22.62,0.125165
22.621,-0.277264
22.622000000000003,-0.238036
22.623,0.111482
22.624,-0.119937
22.625000000000004,0.062151
22.626,0.092338
22.627,-0.038958
22.628,0.146231
22.629,0.212414
22.630000000000003,-0.026858
22.631,-0.259806
22.632,0.281448
22.633000000000003,-0.038875
22.634,0.052194
22.635,-0.065169
22.636000000000003,-0.20274
22.637,0.263444
22.638,0.196656
22.639000000000003,-0.04439
22.64,-0.035166
22.641,-0.017398
22.642000000000003,0.10507
22.643,0.062703
22.644,0.187984
22.645000000000003,0.350266
22.646,0.11863
22.647,0.206894
22.648000000000003,-0.238977
22.649,0.227917
22.65,-0.131875
22.651000000000003,0.046983
22.652,-0.136314
22.653,0.085693
22.654000000000003,0.221723
22.655,0.136505
22.656,0.228671
22.657000000000004,0.202829
22.658,0.296382
22.659,-0.186264
22.66,0.263152
22.661,0.025477
22.662000000000003,0.362502
22.663,-0.116443
22.664,-0.191054
22.665000000000003,0.217468
22.666,-0.130495
22.667,0.105549
22.668000000000003,0.340066
22.669,-0.059111
22.67,0.051627
22.671000000000003,-0.075647
22.672,-0.142299
22.673,0.161759
22.674000000000003,-0.162294
22.675,-0.181167
22.676,0.031246
22.677000000000003,-0.021462
22.678,-0.274161
22.679,0.064962
22.680000000000003,0.022155
22.681,-0.07898
22.682,0.096133
22.683000000000003,-0.037371
22.684,0.09825
22.685,0.17901
22.686000000000003,0.107154
22.687,0.089819
22.688,0.11362
22.689000000000004,-0.089223
22.69,0.085988
22.691000000000003,-0.064621
22.692,-0.04422
22.693,0.018199
22.694000000000003,0.032015
22.695,0.079712
22.696,0.441093
22.697000000000003,-0.262171
22.698,-0.06581
22.699,-0.078836
22.700000000000003,0.304157
22.701,0.050371
22.702,0.439021
22.703000000000003,0.117884
22.704,-0.308197
22.705,0.187174
22.706000000000003,-0.294798
22.707,-0.157384
22.708,0.03671
22.709000000000003,-0.219256
22.71,0.254378
22.711,0.372666
22.712000000000003,0.028102
22.713,-0.156533
22.714,0.125588
22.715000000000003,0.079124
22.716,0.031126
22.717,0.205049
22.718000000000004,0.161254
22.719,0.125712
22.72,-0.2318
22.721,-0.275805
22.722,-0.160579
22.723000000000003,-0.099419
22.724,0.109613
22.725,0.134425
22.726000000000003,0.286896
22.727,0.059768
22.728,0.07838
22.729000000000003,-0.347004
22.73,0.159962
22.731,0.125159
22.732000000000003,0.165163
22.733,0.056835
22.734,0.03849
22.735000000000003,0.027339
22.736,0.111144
22.737,0.305033
22.738000000000003,-0.006
22.739,-0.103047
22.74,0.13475
22.741000000000003,-0.093516
22.742,-0.014832
22.743,0.086904
22.744000000000003,0.429743
22.745,0.270569
22.746,0.294764
22.747000000000003,-0.00898
22.748,-0.04319
22.749,-0.016335
22.750000000000004,0.268168
22.751,-0.109866
22.752,-0.186976
22.753,0.164327
22.754,0.044954
22.755000000000003,0.128025
22.756,0.134622
22.757,-0.077089
22.758000000000003,-0.062933
22.759,-0.063467
22.76,-0.018307
22.761000000000003,0.040609
22.762,0.019237
22.763,0.216842
22.764000000000003,0.031549
22.765,0.15286
22.766,-0.019859
22.767000000000003,0.09003
22.768,0.091636
22.769,0.200878
22.770000000000003,-0.243575
22.771,0.128177
22.772,0.185547
22.773000000000003,-0.006942
22.774,0.213862
22.775,0.004421
22.776000000000003,0.013869
22.777,-0.030376
22.778,-0.047067
22.779000000000003,-0.077806
22.78,0.292284
22.781,-0.078308
22.782000000000004,0.239679
22.783,-0.002496
22.784,-0.183507
22.785,0.21987
22.786,0.182386
22.787000000000003,0.107562
22.788,0.296004
22.789,0.087559
22.790000000000003,-0.048079
22.791,0.317188
22.792,-0.005941
22.793000000000003,-0.185894
22.794,0.120409
22.795,0.247104
22.796000000000003,-0.104951
22.797,0.258335
22.798,0.164134
22.799000000000003,0.465281
22.8,0.11118
22.801,0.058217
22.802000000000003,-0.050866
22.803,-0.294884
22.804,0.103183
22.805000000000003,0.311109
22.806,-0.037945
22.807,-0.19486
22.808000000000003,0.135966
22.809,0.10069
22.81,-0.146197
22.811000000000003,0.07209
22.812,0.165469
22.813,0.281693
22.814000000000004,0.398938
22.815,0.007786
22.816000000000003,0.286355
22.817,0.175125
22.818,0.144403
22.819000000000003,0.063492
22.82,-0.237491
22.821,-0.318179
22.822000000000003,-0.247236
22.823,0.079695
22.824,0.029631
22.825000000000003,-0.138239
22.826,0.141898
22.827,-0.042523
22.828000000000003,-0.252741
22.829,-0.14267
22.83,0.220422
22.831000000000003,0.076605
22.832,0.149875
22.833,-0.076394
22.834000000000003,0.142635
22.835,-0.008776
22.836,0.129833
22.837000000000003,0.204906
22.838,0.200223
22.839,0.189877
22.840000000000003,-0.24214
22.841,-0.122686
22.842,-0.08956
22.843000000000004,-0.142027
22.844,0.073746
22.845,0.395272
22.846000000000004,0.043466
22.847,-0.026113
22.848000000000003,-0.001076
22.849,0.003216
22.85,0.346511
22.851000000000003,-0.211429
22.852,-0.077098
22.853,-0.170502
22.854000000000003,0.06725
22.855,0.012928
22.856,-0.044771
22.857000000000003,0.269055
22.858,-0.004917
22.859,0.325067
22.860000000000003,0.026143
22.861,-0.008722
22.862,-0.161951
22.863000000000003,-0.076269
22.864,0.17164
22.865,-0.080192
22.866000000000003,0.052124
22.867,-0.232886
22.868,0.011422
22.869000000000003,0.026487
22.87,0.129284
22.871,-0.01025
22.872000000000003,0.152167
22.873,-0.057034
22.874,0.281055
22.875000000000004,-0.34589
22.876,-0.011118
22.877,0.142343
22.878,0.140095
22.879,0.173871
22.880000000000003,0.34229
22.881,-0.23579
22.882,0.190644
22.883000000000003,-0.232084
22.884,0.160765
22.885,-0.056385
22.886000000000003,-0.249843
22.887,-0.108933
22.888,0.285434
22.889000000000003,0.302011
22.89,0.32543
22.891,-1.7e-05
22.892000000000003,0.001421
22.893,-0.010617
22.894,0.012976
22.895000000000003,-0.231084
22.896,0.187819
22.897,-0.037704
22.898000000000003,0.089573
22.899,-0.070577
22.9,0.089029
22.901000000000003,0.191061
22.902,0.031273
22.903,-0.026067
22.904000000000003,0.278896
22.905,0.043078
22.906,-0.03302
22.907000000000004,-0.238677
22.908,0.070125
22.909,0.342944
22.91,-0.086066
22.911,-0.177296
22.912000000000003,0.369169
22.913,-0.006264
22.914,0.376906
22.915000000000003,-0.213783
22.916,-0.077028
22.917,-0.008787
22.918000000000003,-0.143762
22.919,-0.083885
22.92,0.176974
22.921000000000003,0.078597
22.922,0.365761
22.923,0.030523
22.924000000000003,0.051443
22.925,-0.052696
22.926,-0.092148
22.927000000000003,-0.028518
22.928,0.086808
22.929,-0.073266
22.930000000000003,0.023303
22.931,0.111615
22.932,-0.174438
22.933000000000003,-0.092417
22.934,0.106111
22.935,-0.166073
22.936000000000003,0.013825
22.937,-0.030947
22.938,0.106231
22.939000000000004,0.040317
22.94,-0.056913
22.941000000000003,-0.33233
22.942,-0.193632
22.943,0.042622
22.944000000000003,0.051443
22.945,0.101325
22.946,0.600947
22.947000000000003,0.313258
22.948,0.232466
22.949,0.219718
22.950000000000003,-0.078834
22.951,0.303303
22.952,0.017165
22.953000000000003,0.063225
22.954,-0.014801
22.955,0.365723
22.956000000000003,0.050149
22.957,0.291976
22.958,0.063559
22.959000000000003,0.333087
22.96,0.293643
22.961,0.174823
22.962000000000003,-0.018927
22.963,0.170689
22.964,0.058764
22.965000000000003,-0.119919
22.966,0.134813
22.967,0.163537
22.968000000000004,-0.034165
22.969,-0.052681
22.97,-0.20554
22.971000000000004,-0.103602
22.972,-0.172718
22.973000000000003,0.046718
22.974,0.081638
22.975,0.179393
22.976000000000003,0.432897
22.977,0.2363
22.978,0.085689
22.979000000000003,-0.255311
22.98,0.020611
22.981,-0.012233
22.982000000000003,-0.300429
22.983,-0.044283
22.984,0.177413
22.985000000000003,-0.322126
22.986,0.18885
22.987,-0.009623
22.988000000000003,-0.012669
22.989,-0.089944
22.99,0.114098
22.991000000000003,0.062917
22.992,0.088312
22.993,-0.061018
22.994000000000003,0.167307
22.995,0.157415
22.996,0.004336
22.997000000000003,0.047045
22.998,0.211425
22.999,0.261896
23.000000000000004,-0.153862
23.001,0.081278
23.002,0.108709
23.003,-0.099854
23.004,0.246821
23.005000000000003,0.337364
23.006,0.213634
23.007,0.076605
23.008000000000003,0.051087
23.009,0.334048
23.01,0.193404
23.011000000000003,-0.088113
23.012,0.142089
23.013,0.163879
23.014000000000003,-0.074977
23.015,-0.02832
23.016,0.206253
23.017000000000003,0.037973
23.018,-0.001785
23.019,0.214469
23.020000000000003,0.193257
23.021,-0.083971
23.022,-0.247432
23.023000000000003,0.055518
23.024,-0.07045
23.025,0.471126
23.026000000000003,0.003706
23.027,-0.086782
23.028,0.039411
23.029000000000003,0.196039
23.03,0.136012
23.031,-0.306927
23.032000000000004,0.111262
23.033,0.222852
23.034,0.080186
23.035,0.190813
23.036,0.082481
23.037000000000003,0.046399
23.038,0.404266
23.039,0.389721
23.040000000000003,0.124801
23.041,-0.228229
23.042,0.079849
23.043000000000003,-0.02259
23.044,-0.080502
23.045,0.064737
23.046000000000003,0.052736
23.047,0.052162
23.048,-0.116763
23.049000000000003,-0.225769
23.05,0.043876
23.051,0.223236
23.052000000000003,0.011737
23.053,0.130271
23.054,-0.085519
23.055000000000003,0.211423
23.056,0.016202
23.057,-0.022593
23.058000000000003,-0.040257
23.059,0.300548
23.06,0.058617
23.061000000000003,-0.069721
23.062,-0.035391
23.063,-0.313535
23.064000000000004,-0.005399
23.065,-0.029662
23.066000000000003,0.208956
23.067,-0.206678
23.068,0.018399
23.069000000000003,0.008797
23.07,0.286098
23.071,0.038695
23.072000000000003,0.029676
23.073,0.059588
23.074,0.097794
23.075000000000003,-0.19292
23.076,-0.32649
23.077,-0.122822
23.078000000000003,0.121452
23.079,0.16134
23.08,0.26729
23.081000000000003,0.047398
23.082,0.377524
23.083,0.121186
23.084000000000003,0.218082
23.085,-0.273926
23.086,0.195515
23.087000000000003,0.311872
23.088,0.106567
23.089,0.201221
23.090000000000003,-0.33025
23.091,0.050995
23.092,0.028278
23.093000000000004,0.166893
23.094,0.216023
23.095,0.263271
23.096000000000004,-0.170906
23.097,0.072144
23.098000000000003,-0.171056
23.099,-0.29008
23.1,-0.014994
23.101000000000003,-0.040654
23.102,0.278026
23.103,-0.203495
23.104000000000003,0.02851
23.105,0.047762
23.106,-0.037374
23.107000000000003,0.221272
23.108,0.078634
23.109,0.038137
23.110000000000003,0.215692
23.111,-0.111101
23.112,-0.002625
23.113000000000003,-0.030001
23.114,0.203764
23.115,0.477194
23.116000000000003,-0.224676
23.117,0.058415
23.118,0.231792
23.119000000000003,0.188355
23.12,0.018606
23.121,0.047466
23.122000000000003,0.246944
23.123,0.151122
23.124,0.264663
23.125000000000004,-0.129064
23.126,-0.174019
23.127,0.251407
23.128000000000004,0.28346
23.129,0.041662
23.130000000000003,-0.231692
23.131,0.252987
23.132,-0.371017
23.133000000000003,0.115062
23.134,0.117837
23.135,-0.055404
23.136000000000003,0.239715
23.137,0.033047
23.138,-0.136655
23.139000000000003,-0.176892
23.14,0.080948
23.141,0.268099
23.142000000000003,0.416497
23.143,0.10409
23.144,0.189045
23.145000000000003,-0.192692
23.146,0.195865
23.147,-0.078074
23.148000000000003,0.046787
23.149,0.008503
23.15,0.07959
23.151000000000003,-0.032396
23.152,0.107696
23.153,0.203072
23.154000000000003,0.203901
23.155,-0.094886
23.156,-0.078859
23.157000000000004,0.176141
23.158,0.376521
23.159,0.14514
23.16,0.121627
23.161,-0.166739
23.162000000000003,0.156923
23.163,0.190374
23.164,0.017104
23.165000000000003,0.206373
23.166,0.285245
23.167,-0.030757
23.168000000000003,0.121857
23.169,-0.157031
23.17,0.451622
23.171000000000003,-0.354098
23.172,0.0383
23.173,-0.394526
23.174000000000003,-0.406336
23.175,0.317958
23.176,0.11311
23.177000000000003,-0.130975
23.178,-0.096617
23.179,0.111828
23.180000000000003,0.335382
23.181,-0.036157
23.182,-0.043456
23.183000000000003,-0.02936
23.184,0.342148
23.185,0.102154
23.186000000000003,0.105304
23.187,-0.094351
23.188,0.057213
23.189000000000004,-0.135821
23.19,0.009017
23.191000000000003,0.04911
23.192,-0.197441
23.193,-0.098961
23.194000000000003,-0.093401
23.195,-0.144074
23.196,-0.192529
23.197000000000003,0.074174
23.198,-0.074725
23.199,-0.246623
23.200000000000003,-0.14431
23.201,-0.161379
23.202,0.027346
23.203000000000003,-0.09309
23.204,-0.101555
23.205,0.072674
23.206000000000003,0.289237
23.207,-0.11822
23.208,0.009403
23.209000000000003,-0.162788
23.21,0.130745
23.211,-0.011268
23.212000000000003,0.03677
23.213,0.049842
23.214,0.01727
23.215000000000003,0.156858
23.216,0.094594
23.217,0.269979
23.218000000000004,0.096358
23.219,-0.197922
23.22,0.188181
23.221000000000004,0.211965
23.222,0.225355
23.223000000000003,-0.072337
23.224,0.204978
23.225,-0.293879
23.226000000000003,-0.08656
23.227,-0.242419
23.228,0.275486
23.229000000000003,0.179082
23.23,-0.087701
23.231,0.085016
23.232000000000003,0.067232
23.233,-0.094721
23.234,0.115354
23.235000000000003,0.056529
23.236,-0.188313
23.237,-0.242637
23.238000000000003,-0.263043
23.239,-0.098215
23.24,0.093666
23.241000000000003,-0.178498
23.242,0.176898
23.243,-0.110426
23.244000000000003,0.127682
23.245,-0.008178
23.246,-0.104845
23.247000000000003,-0.032611
23.248,0.009299
23.249,0.258035
23.250000000000004,0.170628
23.251,0.022796
23.252,0.108688
23.253000000000004,0.062601
23.254,0.110609
23.255000000000003,0.306737
23.256,0.160092
23.257,0.165384
23.258000000000003,0.022015
23.259,0.318533
23.26,0.163879
23.261000000000003,0.26765
23.262,-0.367311
23.263,-0.515277
23.264000000000003,0.103167
23.265,-0.240366
23.266,-0.177465
23.267000000000003,-0.008825
23.268,-0.131575
23.269,-0.056725
23.270000000000003,0.101341
23.271,0.180964
23.272,0.254659
23.273000000000003,-0.236877
23.274,-0.050601
23.275,-0.103235
23.276000000000003,-0.130377
23.277,0.185318
23.278,0.383482
23.279000000000003,0.281356
23.28,0.01736
23.281,0.059634
23.282000000000004,0.164658
23.283,0.05181
23.284,0.227345
23.285,0.129767
23.286,0.240269
23.287000000000003,0.41573
23.288,-0.220913
23.289,0.039959
23.290000000000003,-0.089746
23.291,-0.226526
23.292,0.105319
23.293000000000003,0.169116
23.294,-0.057619
23.295,-0.005775
23.296000000000003,0.074635
23.297,0.149515
23.298,0.088819
23.299000000000003,0.341085
23.3,0.164572
23.301,0.460828
23.302000000000003,0.376137
23.303,-0.0893
23.304,-0.02612
23.305000000000003,0.198992
23.306,0.018594
23.307,0.169967
23.308000000000003,0.090811
23.309,-0.070917
23.31,0.20277
23.311000000000003,0.404182
23.312,0.099869
23.313,-0.047382
23.314000000000004,-0.036008
23.315,-0.048899
23.316000000000003,0.247759
23.317,-0.081256
23.318,-0.215145
23.319000000000003,0.024522
23.32,0.027137
23.321,-0.137833
23.322000000000003,-0.13661
23.323,-0.04156
23.324,0.052208
23.325000000000003,0.233902
23.326,-0.225811
23.327,-0.079969
23.328000000000003,-0.0245
23.329,0.264779
23.33,-0.134594
23.331000000000003,-0.218464
23.332,-0.09112
23.333,-0.013037
23.334000000000003,-0.044961
23.335,0.364463
23.336,0.317474
23.337000000000003,0.057857
23.338,0.041251
23.339,0.152403
23.340000000000003,0.159433
23.341,0.061834
23.342,-0.06778
23.343000000000004,-0.09077
23.344,0.077212
23.345,-0.575194
23.346000000000004,0.228825
23.347,0.159695
23.348000000000003,0.11152
23.349,0.451203
23.35,-0.24754
23.351000000000003,0.15514
23.352,0.071911
23.353,0.110063
23.354000000000003,-0.226627
23.355,-0.097773
23.356,0.192023
23.357000000000003,-0.1883
23.358,0.290779
23.359,0.209249
23.360000000000003,-0.016806
23.361,0.213006
23.362,0.304127
23.363000000000003,0.288084
23.364,0.144773
23.365,0.12753
23.366000000000003,0.016956
23.367,0.160094
23.368,0.073307
23.369000000000003,0.2563
23.37,0.239586
23.371,-0.204163
23.372000000000003,-0.144602
23.373,-0.112535
23.374,0.188465
23.375000000000004,0.124383
23.376,-0.122302
23.377,0.298
23.378000000000004,-0.061502
23.379,0.170318
23.380000000000003,-0.007251
23.381,-0.130773
23.382,0.228042
23.383000000000003,0.175095
23.384,-0.032316
23.385,0.124558
23.386000000000003,0.011227
23.387,0.190102
23.388,0.302448
23.389000000000003,0.299664
23.39,-0.023544
23.391,-0.213947
23.392000000000003,0.035606
23.393,0.199935
23.394,0.278246
23.395000000000003,0.148613
23.396,-0.023388
23.397,0.129881
23.398000000000003,0.044182
23.399,0.127312
23.4,0.072995
23.401000000000003,0.2351
23.402,-0.224421
23.403,-0.140091
23.404000000000003,0.027677
23.405,0.148408
23.406,0.217587
23.407000000000004,-0.282097
23.408,-0.23117
23.409,-0.018372
23.41,0.432
23.411,0.099858
23.412000000000003,-0.278973
23.413,0.054919
23.414,-0.002762
23.415000000000003,0.060685
23.416,0.215674
23.417,0.100975
23.418000000000003,0.228361
23.419,0.035104
23.42,-0.215646
23.421000000000003,0.151829
23.422,0.062532
23.423,0.257546
23.424000000000003,0.309911
23.425,0.241139
23.426,-0.164229
23.427000000000003,0.185143
23.428,-0.066902
23.429,-0.055559
23.430000000000003,0.012488
23.431,0.12188
23.432,-0.03251
23.433000000000003,-0.092321
23.434,-0.052122
23.435,-0.166039
23.436000000000003,0.234396
23.437,0.02365
23.438,-0.071801
23.439000000000004,0.142123
23.44,-0.070482
23.441000000000003,0.322007
23.442,-0.165028
23.443,-0.121507
23.444000000000003,0.302939
23.445,-0.203026
23.446,0.186603
23.447000000000003,0.218637
23.448,0.068362
23.449,0.149223
23.450000000000003,-0.014938
23.451,0.217506
23.452,0.316535
23.453000000000003,0.143801
23.454,-0.200682
23.455,0.132145
23.456000000000003,0.045684
23.457,-0.106355
23.458,0.073141
23.459000000000003,0.032029
23.46,0.084234
23.461,0.30158
23.462000000000003,0.22131
23.463,-0.122326
23.464,0.307533
23.465000000000003,0.038295
23.466,0.083884
23.467,-0.133749
23.468000000000004,0.25427
23.469,-0.022565
23.47,-0.02142
23.471000000000004,0.071181
23.472,-0.13772
23.473000000000003,0.047388
23.474,0.189312
23.475,0.105804
23.476000000000003,0.08595
23.477,0.169404
23.478,0.077454
23.479000000000003,0.094829
23.48,0.195527
23.481,0.109403
23.482000000000003,-0.04149
23.483,-0.054823
23.484,0.040234
23.485000000000003,0.139794
23.486,-0.023907
23.487,-0.024397
23.488000000000003,0.069114
23.489,-0.003426
23.49,0.017169
23.491000000000003,-0.263771
23.492,0.004404
23.493,0.031655
23.494000000000003,0.218978
23.495,0.061869
23.496,-0.026252
23.497000000000003,0.2438
23.498,0.06943
23.499,0.136088
23.500000000000004,0.263925
23.501,0.207175
23.502,-0.23284
23.503000000000004,0.214561
23.504,0.133169
23.505000000000003,0.174989
23.506,0.160945
23.507,0.394831
23.508000000000003,0.158772
23.509,-0.018622
23.51,0.005327
23.511000000000003,0.037339
23.512,-0.184095
23.513,-0.305496
23.514000000000003,0.201462
23.515,0.107372
23.516,-0.233268
23.517000000000003,0.343331
23.518,0.133244
23.519,-0.163657
23.520000000000003,-0.023855
23.521,-0.221082
23.522,-0.129132
23.523000000000003,0.026863
23.524,0.06108
23.525,0.128245
23.526000000000003,0.079716
23.527,0.218502
23.528,0.367759
23.529000000000003,-0.177793
23.53,-0.251273
23.531,0.173466
23.532000000000004,0.158425
23.533,0.432832
23.534,-0.016955
23.535000000000004,-0.324403
23.536,0.291358
23.537000000000003,0.372178
23.538,-0.31853
23.539,0.038794
23.540000000000003,-0.412789
23.541,-0.261393
23.542,0.285145
23.543000000000003,-0.004528
23.544,0.044427
23.545,-0.232512
23.546000000000003,-0.22138
23.547,0.435804
23.548,0.132763
23.549000000000003,0.324073
23.55,0.061891
23.551,0.276919
23.552000000000003,0.457033
23.553,0.058304
23.554,0.123978
23.555000000000003,0.160749
23.556,-0.239196
23.557,0.021856
23.558000000000003,-0.09416
23.559,-0.144721
23.56,0.16068
23.561000000000003,0.105256
23.562,-0.12403
23.563,0.212932
23.564000000000004,0.104386
23.565,-0.163112
23.566000000000003,-0.274246
23.567,-0.012766
23.568,-0.013827
23.569000000000003,0.043612
23.57,0.495526
23.571,0.171265
23.572000000000003,0.252744
23.573,0.004747
23.574,-0.069273
23.575000000000003,0.088899
23.576,0.122733
23.577,-0.049074
23.578000000000003,0.203281
23.579,0.013379
23.58,0.209723
23.581000000000003,0.123658
23.582,0.302182
23.583,0.10975
23.584000000000003,0.057885
23.585,0.063716
23.586,-0.519828
23.587000000000003,-0.179875
23.588,0.303517
23.589,0.263964
23.590000000000003,-0.180022
23.591,-0.090277
23.592,0.014426
23.593000000000004,0.201822
23.594,0.293112
23.595,-0.007442
23.596000000000004,-0.143386
23.597,-0.100708
23.598000000000003,0.258613
23.599,0.068425
23.6,-0.169941
23.601000000000003,-0.177634
23.602,0.017128
23.603,0.187201
23.604000000000003,0.208967
23.605,0.17424
23.606,-0.020011
23.607000000000003,-0.182064
23.608,-0.047383
23.609,0.119967
23.610000000000003,-0.181381
23.611,-0.195294
23.612,0.154574
23.613000000000003,0.014874
23.614,-0.395719
23.615,-0.111273
23.616000000000003,0.051735
23.617,0.119889
23.618,-0.221343
23.619000000000003,0.04618
23.62,0.190041
23.621,-0.199161
23.622000000000003,-0.23982
23.623,0.106521
23.624,-0.128376
23.625000000000004,-0.098418
23.626,0.240601
23.627,0.011697
23.628000000000004,-0.105609
23.629,-0.175495
23.630000000000003,0.034554
23.631,0.200372
23.632,-0.005542
23.633000000000003,0.049652
23.634,0.027851
23.635,0.05691
23.636000000000003,0.074207
23.637,0.181749
23.638,0.20389
23.639000000000003,0.362184
23.64,-0.140564
23.641,0.042269
23.642000000000003,-0.127162
23.643,-0.078496
23.644,0.341135
23.645000000000003,0.07251
23.646,0.360229
23.647,0.201382
23.648000000000003,0.294626
23.649,0.076194
23.65,-0.03122
23.651000000000003,0.114295
23.652,-0.437416
23.653,0.335767
23.654000000000003,-0.065565
23.655,-0.127121
23.656,-0.002967
23.657000000000004,-0.021921
23.658,0.163646
23.659,-0.192787
23.660000000000004,0.100704
23.661,-0.136308
23.662000000000003,0.165334
23.663,-0.023544
23.664,0.425094
23.665000000000003,0.135262
23.666,-0.183025
23.667,0.008183
23.668000000000003,-0.290747
23.669,-0.427098
23.67,-0.012941
23.671000000000003,0.285094
23.672,0.096699
23.673,-0.12403
23.674000000000003,0.08162
23.675,0.051527
23.676,0.118243
23.677000000000003,-0.08286
23.678,-0.058306
23.679,0.04087
23.680000000000003,0.313559
23.681,0.163692
23.682,0.195544
23.683000000000003,0.296667
23.684,-0.175184
23.685,0.088382
23.686000000000003,0.120195
23.687,0.204506
23.688,-0.037924
23.689000000000004,-0.277279
23.69,0.009826
23.691000000000003,0.0923
23.692,0.113051
23.693,0.104782
23.694000000000003,-0.331293
23.695,-0.040408
23.696,0.020547
23.697000000000003,0.08028
23.698,0.118065
23.699,-0.041676
23.700000000000003,0.247837
23.701,0.333382
23.702,0.337456
23.703000000000003,0.103078
23.704,0.038222
23.705,0.020494
23.706000000000003,0.318588
23.707,0.167758
23.708,0.256526
23.709000000000003,0.052258
23.71,-0.25192
23.711,-0.111258
23.712000000000003,0.096243
23.713,0.151448
23.714,-0.030193
23.715000000000003,-0.104202
23.716,0.173026
23.717,0.052212
23.718000000000004,0.121179
23.719,0.045769
23.72,0.255785
23.721000000000004,0.342756
23.722,-0.063512
23.723000000000003,0.244627
23.724,0.054355
23.725,0.139794
23.726000000000003,0.354264
23.727,-0.011447
23.728,0.069711
23.729000000000003,-0.246402
23.73,0.266634
23.731,-0.061372
23.732000000000003,-0.033459
23.733,0.162397
23.734,0.250471
23.735000000000003,0.23763
23.736,0.078973
23.737,0.039218
23.738000000000003,0.260679
23.739,0.260268
23.74,0.275529
23.741000000000003,-0.045353
23.742,-0.210138
23.743,-0.213906
23.744000000000003,0.005914
23.745,0.216955
23.746,0.033095
23.747000000000003,0.249835
23.748,0.361224
23.749,0.166943
23.750000000000004,-0.120323
23.751,0.041347
23.752,0.083362
23.753000000000004,-0.042782
23.754,-0.222791
23.755000000000003,-0.135837
23.756,-0.137511
23.757,-0.35512
23.758000000000003,0.064612
23.759,-0.275003
23.76,0.077749
23.761000000000003,0.551231
23.762,0.024359
23.763,-0.253396
23.764000000000003,-0.04824
23.765,0.126691
23.766,-0.113176
23.767000000000003,0.107039
23.768,-0.111141
23.769,0.419232
23.770000000000003,-0.281302
23.771,0.01227
23.772,-0.02874
23.773000000000003,0.08285
23.774,-0.158171
23.775,-0.117376
23.776000000000003,0.144679
23.777,0.122806
23.778,0.312774
23.779000000000003,-0.05375
23.78,0.310099
23.781,-0.152265
23.782000000000004,0.077294
23.783,-0.090722
23.784,0.257031
23.785000000000004,0.052938
23.786,0.250491
23.787000000000003,0.033098
23.788,0.284416
23.789,0.288947
23.790000000000003,-0.024578
23.791,-0.106559
23.792,0.185638
23.793000000000003,0.072648
23.794,0.090506
23.795,-0.341479
23.796000000000003,-0.208848
23.797,-0.623849
23.798,-0.185561
23.799000000000003,0.148378
23.8,0.036419
23.801,-0.09131
23.802000000000003,-0.100408
23.803,-0.177282
23.804,0.521945
23.805000000000003,0.123641
23.806,0.215748
23.807,-0.002298
23.808000000000003,0.229601
23.809,0.295901
23.81,-0.257768
23.811000000000003,0.137439
23.812,0.062484
23.813,0.247025
23.814000000000004,0.011693
23.815,0.198919
23.816000000000003,-0.155164
23.817000000000004,0.413337
23.818,-0.018751
23.819000000000003,-0.090399
23.82,-0.092926
23.821,-0.060842
23.822000000000003,-0.168463
23.823,0.11554
23.824,0.034617
23.825000000000003,0.198442
23.826,0.540017
23.827,0.016485
23.828000000000003,-0.130796
23.829,0.02224
23.83,0.188241
23.831000000000003,0.263962
23.832,-0.131946
23.833,0.37516
23.834000000000003,0.197568
23.835,-0.074663
23.836,0.172569
23.837000000000003,0.391049
23.838,0.249816
23.839,0.028169
23.840000000000003,-0.060035
23.841,0.480964
23.842,-0.188202
23.843000000000004,-0.173047
23.844,0.16036
23.845,0.441991
23.846000000000004,0.065759
23.847,0.146396
23.848000000000003,0.178246
23.849,-0.03534
23.85,0.1607
23.851000000000003,0.23197
23.852,-0.093746
23.853,0.296091
23.854000000000003,0.04365
23.855,0.19567
23.856,0.146231
23.857000000000003,0.067165
23.858,0.040033
23.859,-0.196844
23.860000000000003,-0.108985
23.861,-0.071881
23.862,0.219228
23.863000000000003,0.239641
23.864,-0.153103
23.865,0.247917
23.866000000000003,0.147949
23.867,0.144509
23.868,-0.016515
23.869000000000003,0.131247
23.87,-0.085919
23.871,0.023879
23.872000000000003,0.19791
23.873,0.041052
23.874,-0.145819
23.875000000000004,-0.098744
23.876,-0.036815
23.877,0.256337
23.878000000000004,0.098869
23.879,-0.117161
23.880000000000003,0.143954
23.881,-0.026098
23.882,0.243988
23.883000000000003,-0.166756
23.884,-0.02677
23.885,-0.049777
23.886000000000003,0.296405
23.887,-0.285251
23.888,0.085959
23.889000000000003,-0.238332
23.89,-0.169446
23.891,-0.031648
23.892000000000003,-0.088785
23.893,0.1402
23.894,0.252455
23.895000000000003,0.081166
23.896,0.225934
23.897,0.023132
23.898000000000003,0.159103
23.899,-0.107692
23.9,0.007183
23.901000000000003,0.14886
23.902,-0.104569
23.903,0.012488
23.904000000000003,0.126865
23.905,0.306645
23.906,-0.019157
23.907000000000004,0.106847
23.908,0.01566
23.909,0.215253
23.910000000000004,0.083774
23.911,-0.219236
23.912000000000003,0.094635
23.913,-0.056184
23.914,0.319653
23.915000000000003,0.147139
23.916,0.013241
23.917,0.009793
23.918000000000003,-0.0684
23.919,0.07783
23.92,0.270467
23.921000000000003,0.158033
23.922,0.028193
23.923,-0.28048
23.924000000000003,0.059281
23.925,0.139363
23.926,0.205093
23.927000000000003,0.168834
23.928,0.143431
23.929,0.207418
23.930000000000003,0.027744
23.931,0.179425
23.932,0.279244
23.933000000000003,0.094173
23.934,-0.021684
23.935,-0.092177
23.936000000000003,0.016747
23.937,0.241755
23.938,-0.028298
23.939000000000004,0.238107
23.94,0.391477
23.941000000000003,-0.135612
23.942000000000004,-0.195334
23.943,0.126323
23.944000000000003,-0.043859
23.945,0.310435
23.946,-0.107663
23.947000000000003,0.178196
23.948,-0.016957
23.949,0.101688
23.950000000000003,0.377031
23.951,-0.062331
23.952,0.39882
23.953000000000003,0.021969
23.954,0.215674
23.955,0.460483
23.956000000000003,-0.008919
23.957,0.152024
23.958,0.008593
23.959000000000003,-0.087196
23.96,0.050447
23.961,0.061705
23.962000000000003,-0.068777
23.963,0.170931
23.964,0.04655
23.965000000000003,-0.089233
23.966,0.059738
23.967,0.126996
23.968000000000004,0.423602
23.969,-0.090595
23.97,0.109716
23.971000000000004,0.009827
23.972,-0.121525
23.973000000000003,-0.074427
23.974,0.052668
23.975,0.128903
23.976000000000003,0.137271
23.977,0.046669
23.978,0.244598
23.979000000000003,0.151103
23.98,0.155385
23.981,-0.074279
23.982000000000003,0.158768
23.983,0.144403
23.984,0.108698
23.985000000000003,0.313622
23.986,0.148894
23.987,0.203111
23.988000000000003,-0.015138
23.989,0.061906
23.99,-0.018885
23.991000000000003,-0.057545
23.992,0.221084
23.993,0.329135
23.994000000000003,-0.026006
23.995,0.355434
23.996,-0.385933
23.997000000000003,0.254782
23.998,0.368169
23.999,0.102188
24.000000000000004,0.093985
24.001,-0.149324
24.002,0.190965
24.003000000000004,-0.09335
24.004,0.021042
24.005000000000003,-0.153823
24.006,0.207418
24.007,0.045792
24.008000000000003,0.100561
24.009,0.122673
24.01,0.313308
24.011000000000003,-0.064635
24.012,-0.042566
24.013,0.221944
24.014000000000003,0.07161
24.015,0.040441
24.016,0.349927
24.017000000000003,0.010674
24.018,0.139403
24.019,0.027837
24.020000000000003,0.318819
24.021,-0.285261
24.022,0.248863
24.023000000000003,0.204711
24.024,-0.074101
24.025,0.416034
24.026000000000003,0.400125
24.027,-0.026118
24.028,-0.02226
24.029000000000003,0.121896
24.03,0.171113
24.031,0.19827
24.032000000000004,0.214093
24.033,0.191268
24.034,-0.021436
24.035000000000004,0.066313
24.036,0.166508
24.037000000000003,0.182445
24.038,0.423503
24.039,-0.367059
24.040000000000003,0.121696
24.041,-0.073612
24.042,0.173394
24.043000000000003,0.210041
24.044,0.160819
24.045,0.221167
24.046000000000003,0.272188
24.047,-0.181879
24.048,0.100906
24.049000000000003,0.210906
24.05,0.007369
24.051,0.335593
24.052000000000003,-0.149414
24.053,0.166813
24.054,-0.203287
24.055000000000003,0.159301
24.056,0.062532
24.057,-0.172927
24.058000000000003,0.284263
24.059,0.330944
24.06,0.31825
24.061000000000003,0.219579
24.062,0.273682
24.063,0.112624
24.064000000000004,-0.078867
24.065,-0.167813
24.066000000000003,-0.015758
24.067000000000004,0.28689
24.068,0.002581
24.069000000000003,0.295006
24.07,-0.069859
24.071,-0.010426
24.072000000000003,0.145444
24.073,0.250947
24.074,0.117509
24.075000000000003,0.056633
24.076,0.315496
24.077,0.23389
24.078000000000003,0.04136
24.079,0.206571
24.08,0.055696
24.081000000000003,-0.096784
24.082,0.042123
24.083,-0.119415
24.084000000000003,0.351996
24.085,0.161521
24.086,-0.125486
24.087000000000003,0.11055
24.088,-0.255766
24.089,-0.294794
24.090000000000003,-0.022417
24.091,-0.235338
24.092,-0.212962
24.093000000000004,-0.10561
24.094,-0.323497
24.095,-0.007624
24.096000000000004,0.152831
24.097,-0.002504
24.098000000000003,0.284956
24.099,0.098936
24.1,-0.264245
24.101000000000003,0.026004
24.102,-0.004018
24.103,-0.246924
24.104000000000003,-0.064783
24.105,-0.225649
24.106,0.061338
24.107000000000003,-0.004854
24.108,0.207237
24.109,-0.221985
24.110000000000003,-0.118523
24.111,0.125346
24.112,-0.203005
24.113000000000003,-0.277237
24.114,0.21941
24.115,-0.32011
24.116000000000003,-0.041455
24.117,0.1844
24.118,0.043004
24.119000000000003,-0.012465
24.12,0.029162
24.121,0.135823
24.122000000000003,0.281851
24.123,0.00388
24.124,-0.047813
24.125000000000004,0.059127
24.126,0.179631
24.127,-0.059362
24.128000000000004,0.054438
24.129,0.289276
24.130000000000003,-0.095183
24.131,-0.005027
24.132,-0.072785
24.133000000000003,-0.097591
24.134,-0.215827
24.135,0.328721
24.136000000000003,-0.200459
24.137,-0.187138
24.138,0.194566
24.139000000000003,0.07066
24.14,-0.154123
24.141,0.120272
24.142000000000003,-0.263655
24.143,0.157451
24.144,-0.069757
24.145000000000003,-0.025575
24.146,0.23243
24.147,-0.17114
24.148000000000003,-0.080435
24.149,0.519813
24.15,-0.012909
24.151000000000003,-0.172376
24.152,-0.123825
24.153,0.259153
24.154000000000003,0.328341
24.155,-0.16163
24.156,-0.040476
24.157000000000004,0.12359
24.158,0.205892
24.159,-0.112824
24.160000000000004,0.247213
24.161,-0.097707
24.162000000000003,0.170023
24.163,0.095799
24.164,0.195379
24.165000000000003,0.153659
24.166,0.07269
24.167,-0.10954
24.168000000000003,0.357696
24.169,-0.011066
24.17,-0.041015
24.171000000000003,0.044523
24.172,0.17359
24.173,-0.31655
24.174000000000003,0.221761
24.175,-0.148003
24.176,-0.08298
24.177000000000003,0.060255
24.178,0.045651
24.179,-0.317474
24.180000000000003,-0.015443
24.181,-0.069267
24.182,-0.405033
24.183000000000003,0.197285
24.184,-0.026268
24.185,0.324849
24.186000000000003,-0.032467
24.187,0.043543
24.188,0.08059
24.189000000000004,-0.05705
24.19,0.137803
24.191000000000003,0.047349
24.192000000000004,-0.07252
24.193,-0.137382
24.194000000000003,-0.255924
24.195,0.003622
24.196,-0.106526
24.197000000000003,-0.043584
24.198,0.288694
24.199,0.142905
24.200000000000003,0.016068
24.201,-0.137379
24.202,0.187219
24.203000000000003,-0.216132
24.204,-0.272444
24.205,-0.195636
24.206000000000003,-0.128342
24.207,0.002207
24.208,0.275696
24.209000000000003,0.095175
24.21,0.25343
24.211,-0.134739
24.212000000000003,0.034176
24.213,-0.043325
24.214,-0.09255
24.215000000000003,-0.028976
24.216,-0.056283
24.217,0.284679
24.218000000000004,0.01571
24.219,-0.11569
24.22,0.006583
24.221000000000004,0.01072
24.222,0.161979
24.223000000000003,-0.056896
24.224000000000004,-0.028571
24.225,-0.006141
24.226000000000003,-0.030939
24.227,0.293775
24.228,0.121782
24.229000000000003,0.040476
24.23,0.646047
24.231,0.339576
24.232000000000003,0.152506
24.233,-0.013693
24.234,0.205181
24.235000000000003,-0.167136
24.236,-0.109212
24.237,-0.358168
24.238000000000003,-0.243281
24.239,0.229441
24.24,-0.071913
24.241000000000003,0.075925
24.242,-0.048958
24.243,-0.014072
24.244000000000003,-0.033128
24.245,-0.14397
24.246,-0.060532
24.247000000000003,-0.110581
24.248,0.057298
24.249,0.283133
24.250000000000004,-0.001723
24.251,-0.077847
24.252,0.413162
24.253000000000004,0.258516
24.254,-0.222846
24.255000000000003,-0.325441
24.256,0.189137
24.257,-0.060136
24.258000000000003,-0.138221
24.259,-0.085599
24.26,0.098968
24.261000000000003,0.077334
24.262,0.132544
24.263,-0.101872
24.264000000000003,-0.240353
24.265,-0.304521
24.266,0.131309
24.267000000000003,-0.249381
24.268,-0.322328
24.269,0.04515
24.270000000000003,0.299159
24.271,0.020275
24.272,0.151351
24.273000000000003,0.000158
24.274,-0.101941
24.275,-0.151376
24.276000000000003,-0.044547
24.277,0.210407
24.278,0.113874
24.279000000000003,-0.20904
24.28,0.093942
24.281,0.169471
24.282000000000004,0.114275
24.283,-0.121938
24.284,-0.382525
24.285000000000004,-0.007317
24.286,0.528522
24.287000000000003,0.02499
24.288,-0.172
24.289,0.380189
24.290000000000003,0.187518
24.291,-0.150062
24.292,0.05554
24.293000000000003,-0.386771
24.294,0.088864
24.295,0.065821
24.296000000000003,0.017299
24.297,0.077066
24.298,0.049863
24.299000000000003,0.357525
24.3,0.138144
24.301,0.009695
24.302000000000003,-0.153511
24.303,-0.067399
24.304,0.201151
24.305000000000003,0.293708
24.306,0.142786
24.307,0.332613
24.308000000000003,0.026365
24.309,0.157853
24.31,0.067288
24.311000000000003,0.112286
24.312,-0.25675
24.313,0.038803
24.314000000000004,0.062595
24.315,-0.289258
24.316000000000003,0.086819
24.317000000000004,0.284717
24.318,-0.019046
24.319000000000003,-0.169275
24.32,0.036649
24.321,0.01473
24.322000000000003,0.317714
24.323,0.128901
24.324,-0.135439
24.325000000000003,0.085133
24.326,0.093375
24.327,-0.142612
24.328000000000003,0.004829
24.329,0.206894
24.33,-0.029503
24.331000000000003,-0.064709
24.332,-0.149447
24.333,0.235485
24.334000000000003,0.0971
24.335,-0.007459
24.336,0.094366
24.337000000000003,-0.468438
24.338,0.044934
24.339,-0.177838
24.340000000000003,-0.026384
24.341,0.260856
24.342,0.44067
24.343000000000004,0.068066
24.344,0.011395
24.345,0.205751
24.346000000000004,-0.268484
24.347,0.06002
24.348000000000003,0.099777
24.349000000000004,0.282313
24.35,0.046346
24.351000000000003,0.432991
24.352,0.160361
24.353,0.302997
24.354000000000003,0.340013
24.355,-0.214117
24.356,0.017194
24.357000000000003,-0.085187
24.358,0.232176
24.359,0.075835
24.360000000000003,-0.014765
24.361,0.123783
24.362,0.378822
24.363000000000003,-0.28688
24.364,0.294033
24.365,0.099235
24.366000000000003,-0.069921
24.367,-0.060768
24.368,-0.34437
24.369000000000003,0.155289
24.37,-0.163743
24.371,-0.26123
24.372000000000003,-0.007833
24.373,0.05111
24.374,-0.110227
24.375000000000004,-0.227643
24.376,-0.079227
24.377,-0.171921
24.378000000000004,0.027446
24.379,-0.027638
24.380000000000003,-0.071027
24.381,0.141458
24.382,-0.208328
24.383000000000003,0.230964
24.384,0.129733
24.385,0.252809
24.386000000000003,0.053529
24.387,0.40655
24.388,0.106963
24.389000000000003,-0.035438
24.39,-0.219008
24.391,-0.041855
24.392000000000003,-0.28289
24.393,-0.115414
24.394,0.032761
24.395000000000003,-0.140897
24.396,0.324528
24.397,0.239923
24.398000000000003,0.056425
24.399,0.209159
24.4,0.0621
24.401000000000003,0.224764
24.402,0.190594
24.403,-0.079209
24.404000000000003,0.148446
24.405,-0.427925
24.406,-0.056608
24.407000000000004,0.246671
24.408,0.16642
24.409,0.379414
24.410000000000004,0.049658
24.411,0.333859
24.412000000000003,0.150745
24.413,0.174287
24.414,0.188184
24.415000000000003,-0.018157
24.416,0.086155
24.417,-0.122631
24.418000000000003,-0.269372
24.419,0.233498
24.42,0.062091
24.421000000000003,-0.311653
24.422,0.205269
24.423,0.021696
24.424000000000003,-0.376078
24.425,0.136167
24.426,0.162573
24.427000000000003,0.084594
24.428,0.320979
24.429,0.106731
24.430000000000003,-0.252514
24.431,0.032317
24.432,0.304382
24.433000000000003,0.148529
24.434,0.293138
24.435,-0.043091
24.436000000000003,-0.198152
24.437,-0.0637
24.438,-0.119341
24.439000000000004,0.120258
24.44,0.055016
24.441000000000003,0.039171
24.442000000000004,0.260587
24.443,0.175851
24.444000000000003,0.085493
24.445,0.103187
24.446,-0.050725
24.447000000000003,-0.032748
24.448,0.373401
24.449,0.087481
24.450000000000003,0.167878
24.451,-0.134817
24.452,-0.266794
24.453000000000003,0.147888
24.454,0.132037
24.455,-0.038162
24.456000000000003,0.069347
24.457,0.336551
24.458,-0.043004
24.459000000000003,0.073216
24.46,0.551483
24.461,-0.192326
24.462000000000003,0.001734
24.463,0.235055
24.464,0.000764
24.465000000000003,-0.057853
24.466,0.027026
24.467,-0.05041
24.468000000000004,0.04366
24.469,0.060256
24.47,0.142562
24.471000000000004,0.020405
24.472,0.096133
24.473000000000003,0.024257
24.474000000000004,-0.233135
24.475,0.106458
24.476000000000003,0.471756
24.477,-0.107572
24.478,-0.025579
24.479000000000003,0.062897
24.48,0.300885
24.481,0.156478
24.482000000000003,0.317465
24.483,0.516147
24.484,0.139761
24.485000000000003,0.003067
24.486,-0.218328
24.487,-0.217778
24.488000000000003,0.215849
24.489,-0.134483
24.49,-0.168382
24.491000000000003,0.094894
24.492,-0.186511
24.493,0.121786
24.494000000000003,0.514621
24.495,-0.006746
24.496,-0.005547
24.497000000000003,0.024891
24.498,0.464773
24.499,-0.121388
24.500000000000004,0.039798
24.501,0.100139
24.502,0.201543
24.503000000000004,0.29678
24.504,0.210651
24.505000000000003,-0.189708
24.506000000000004,0.471151
24.507,0.428698
24.508000000000003,0.206133
24.509,0.059236
24.51,0.34136
24.511000000000003,0.156989
24.512,-0.236334
24.513,-0.1329
24.514000000000003,-0.161892
24.515,0.216644
24.516,-0.143783
24.517000000000003,0.117976
24.518,0.065233
24.519,-0.037211
24.520000000000003,0.34192
24.521,0.322202
24.522,0.378814
24.523000000000003,0.161012
24.524,-0.096547
24.525,0.003518
24.526000000000003,-0.009889
24.527,-0.091307
24.528,0.193035
24.529000000000003,0.398068
24.53,-0.32215
24.531,-0.07965
24.532000000000004,0.090659
24.533,0.12105
24.534,0.033751
24.535000000000004,-0.170047
24.536,0.131205
24.537000000000003,-0.042487
24.538,0.005487
24.539,0.259094
24.540000000000003,-0.193956
24.541,-0.173502
24.542,0.208239
24.543000000000003,-0.210514
24.544,0.103558
24.545,0.055318
24.546000000000003,-0.03441
24.547,0.08386
24.548,0.130923
24.549000000000003,0.116874
24.55,0.051355
24.551,0.319251
24.552000000000003,0.121825
24.553,0.046263
24.554,0.113018
24.555000000000003,-0.232632
24.556,0.125534
24.557,0.31394
24.558000000000003,0.426315
24.559,0.202202
24.56,0.027496
24.561000000000003,0.563192
24.562,-0.377922
24.563,-0.064219
24.564000000000004,0.138274
24.565,0.199292
24.566000000000003,-0.030938
24.567000000000004,-0.202668
24.568,-0.034603
24.569000000000003,-0.245311
24.57,0.011133
24.571,0.100342
24.572000000000003,-0.213126
24.573,0.14631
24.574,0.409715
24.575000000000003,-0.081663
24.576,-0.093723
24.577,0.08096
24.578000000000003,0.171915
24.579,-0.198892
24.58,-0.05596
24.581000000000003,-0.112119
24.582,-0.290148
24.583,-0.257719
24.584000000000003,-0.354081
24.585,0.093551
24.586,-0.17473
24.587000000000003,-0.175117
24.588,0.003796
24.589,-0.269519
24.590000000000003,0.093831
24.591,-0.033365
24.592,-0.238224
24.593000000000004,0.371095
24.594,0.169688
24.595,-0.149532
24.596000000000004,-0.034414
24.597,0.114093
24.598000000000003,-0.058058
24.599000000000004,-0.197656
24.6,0.147729
24.601000000000003,0.273251
24.602,0.120944
24.603,0.262845
24.604000000000003,-0.18326
24.605,-0.151789
24.606,0.118703
24.607000000000003,-0.010651
24.608,-0.206501
24.609,-0.341566
24.610000000000003,-0.27182
24.611,0.307536
24.612,0.071499
24.613000000000003,0.061245
24.614,-0.057861
24.615,-0.133738
24.616000000000003,-0.157467
24.617,-0.155562
24.618,-0.020135
24.619000000000003,-0.220867
24.62,0.434699
24.621,0.472557
24.622000000000003,-0.020744
24.623,-0.302579
24.624,0.27981
24.625000000000004,0.088457
24.626,0.010248
24.627,-0.0903
24.628000000000004,0.360818
24.629,0.004747
24.630000000000003,0.004977
24.631000000000004,-0.363952
24.632,-0.243796
24.633000000000003,-0.209261
24.634,0.149569
24.635,-0.119686
24.636000000000003,0.11841
24.637,0.031717
24.638,0.005222
24.639000000000003,0.205888
24.64,0.243146
24.641,-0.13141
24.642000000000003,-0.169351
24.643,-0.008149
24.644,0.008949
24.645000000000003,-0.066973
24.646,0.056689
24.647,-0.075251
24.648000000000003,0.006805
24.649,-0.213282
24.65,-0.387604
24.651000000000003,-0.237845
24.652,-0.292469
24.653,0.201968
24.654000000000003,0.003837
24.655,-0.169282
24.656,0.340168
24.657000000000004,0.307359
24.658,0.264612
24.659,-0.069615
24.660000000000004,0.179248
24.661,0.019506
24.662000000000003,-0.246587
24.663,0.307539
24.664,0.462114
24.665000000000003,0.109321
24.666,-0.166704
24.667,0.118213
24.668000000000003,-0.121388
24.669,0.334902
24.67,-0.040111
24.671000000000003,-0.020211
24.672,-0.03979
24.673,-0.075647
24.674000000000003,-0.131592
24.675,-0.323191
24.676,-0.053896
24.677000000000003,-0.205258
24.678,-0.055247
24.679,0.014827
24.680000000000003,0.271277
24.681,-0.449518
24.682,0.264065
24.683000000000003,0.013144
24.684,0.003196
24.685,0.053684
24.686000000000003,-0.020933
24.687,-0.120035
24.688,0.020341
24.689000000000004,0.154776
24.69,0.093108
24.691000000000003,0.251384
24.692000000000004,0.320181
24.693,0.030371
24.694000000000003,0.082092
24.695,-0.184276
24.696,0.249348
24.697000000000003,0.018933
24.698,0.265732
24.699,-0.08859
24.700000000000003,0.015459
24.701,-0.133576
24.702,0.231403
24.703000000000003,0.238733
24.704,-0.237954
24.705,-0.258023
24.706000000000003,-0.034522
24.707,0.169384
24.708,0.198643
24.709000000000003,0.133365
24.71,0.155148
24.711,0.245002
24.712000000000003,0.088567
24.713,0.365372
24.714,0.611093
24.715000000000003,0.137325
24.716,0.000531
24.717,0.388108
24.718000000000004,-0.125177
24.719,0.159289
24.72,0.101655
24.721000000000004,0.202902
24.722,0.339108
24.723000000000003,-0.153221
24.724000000000004,-0.239463
24.725,-0.203334
24.726000000000003,0.170727
24.727,0.056422
24.728,0.150425
24.729000000000003,0.361682
24.73,0.396231
24.731,0.365569
24.732000000000003,0.142182
24.733,0.215421
24.734,-0.438244
24.735000000000003,-0.230865
24.736,0.255874
24.737,-0.095202
24.738000000000003,-0.512555
24.739,0.0251
24.74,0.103768
24.741000000000003,0.186687
24.742,-0.334001
24.743,0.413054
24.744000000000003,0.319307
24.745,-0.049489
24.746,0.141868
24.747000000000003,0.144267
24.748,0.325261
24.749,0.064955
24.750000000000004,0.285927
24.751,-0.000562
24.752,0.238188
24.753000000000004,0.075839
24.754,0.012271
24.755000000000003,-0.261174
24.756000000000004,0.048516
24.757,0.040471
24.758000000000003,-0.022178
24.759,0.068656
24.76,-0.049603
24.761000000000003,0.305546
24.762,0.260648
24.763,0.017452
24.764000000000003,-0.149427
24.765,-0.008189
24.766,0.281735
24.767000000000003,0.125653
24.768,-0.246507
24.769,-0.118122
24.770000000000003,-0.150903
24.771,-0.097349
24.772,0.086489
24.773000000000003,0.225165
24.774,-0.188176
24.775,0.191623
24.776000000000003,0.267809
24.777,0.218721
24.778,0.071504
24.779000000000003,0.155952
24.78,-0.03122
24.781,0.085044
24.782000000000004,0.310277
24.783,-0.016485
24.784,-0.033291
24.785000000000004,-0.143828
24.786,0.118836
24.787000000000003,0.091174
24.788,0.078236
24.789,-0.041851
24.790000000000003,0.092151
24.791,0.270386
24.792,-0.260729
24.793000000000003,0.300323
24.794,-0.223604
24.795,0.019385
24.796000000000003,0.059588
24.797,0.097887
24.798,-0.154235
24.799000000000003,-0.046731
24.8,0.176313
24.801,-0.054861
24.802000000000003,0.545783
24.803,0.145507
24.804,0.130422
24.805000000000003,0.641948
24.806,0.291121
24.807,-0.040553
24.808000000000003,-0.012643
24.809,0.336018
24.81,0.162631
24.811000000000003,0.397756
24.812,-0.07242
24.813,0.019551
24.814000000000004,0.083891
24.815,-0.216763
24.816000000000003,0.184601
24.817000000000004,0.028215
24.818,0.311361
24.819000000000003,0.146346
24.82,-0.096759
24.821,-0.111839
24.822000000000003,0.019641
24.823,-0.187134
24.824,-0.027983
24.825000000000003,-0.068441
24.826,-0.168859
24.827,0.052584
24.828000000000003,0.285877
24.829,0.056798
24.83,-0.262743
24.831000000000003,-0.16834
24.832,0.103589
24.833,0.183149
24.834000000000003,0.253182
24.835,0.060652
24.836,-0.154309
24.837000000000003,-0.319105
24.838,0.323374
24.839,0.266004
24.840000000000003,0.243972
24.841,-0.040733
24.842,0.077305
24.843000000000004,0.305108
24.844,0.247051
24.845,0.205331
24.846000000000004,0.207514
24.847,0.308062
24.848000000000003,-0.108019
24.849000000000004,-0.090706
24.85,0.078953
24.851000000000003,0.037689
24.852,0.093206
24.853,-0.061471
24.854000000000003,0.188254
24.855,-0.235613
24.856,0.255248
24.857000000000003,-0.105104
24.858,0.187288
24.859,-0.164796
24.860000000000003,0.125957
24.861,0.026321
24.862,0.065443
24.863000000000003,-0.154305
24.864,-0.137989
24.865,0.088286
24.866000000000003,-0.199677
24.867,0.179808
24.868,0.212459
24.869000000000003,-0.155945
24.87,-0.319243
24.871,0.341267
24.872000000000003,0.085472
24.873,-0.264889
24.874,-0.010935
24.875000000000004,-0.433702
24.876,0.065753
24.877,0.009134
24.878000000000004,0.016302
24.879,0.038449
24.880000000000003,-0.128899
24.881000000000004,0.382577
24.882,0.211482
24.883000000000003,0.127056
24.884,-0.102823
24.885,0.049005
24.886000000000003,0.207637
24.887,0.000973
24.888,0.146562
24.889000000000003,-0.448211
24.89,0.196024
24.891,0.382495
24.892000000000003,0.188974
24.893,0.172117
24.894,-0.157221
24.895000000000003,0.083994
24.896,-0.010088
24.897,0.208842
24.898000000000003,0.156547
24.899,0.008021
24.9,0.259925
24.901000000000003,0.156873
24.902,0.241381
24.903,-0.271564
24.904000000000003,-0.131956
24.905,-0.236987
24.906,0.332828
24.907000000000004,0.26786
24.908,0.164742
24.909,0.100313
24.910000000000004,0.372159
24.911,-0.115519
24.912000000000003,0.247679
24.913000000000004,0.168999
24.914,0.037327
24.915000000000003,0.180642
24.916,0.122902
24.917,-0.291678
24.918000000000003,0.183731
24.919,0.10541
24.92,-0.147963
24.921000000000003,0.359756
24.922,0.100883
24.923,0.177205
24.924000000000003,0.025859
24.925,-0.110418
24.926,0.058592
24.927000000000003,0.173291
24.928,0.245305
24.929,0.650563
24.930000000000003,0.406773
24.931,0.01635
24.932,-0.012509
24.933000000000003,-0.208586
24.934,-0.061538
24.935,-0.037124
24.936000000000003,-0.025132
24.937,0.113459
24.938,0.029349
24.939000000000004,-0.0913
24.94,-0.266048
24.941000000000003,-0.047945
24.942000000000004,0.064237
24.943,-0.077489
24.944000000000003,0.24411
24.945,0.603722
24.946,0.481797
24.947000000000003,0.596128
24.948,-0.163944
24.949,-0.308947
24.950000000000003,-0.006663
24.951,0.049557
24.952,0.091692
24.953000000000003,-0.119089
24.954,0.069756
24.955,0.245718
24.956000000000003,0.231811
24.957,-0.293999
24.958,0.33742
24.959000000000003,0.100309
24.96,-0.062806
24.961,-0.478068
24.962000000000003,0.084285
24.963,0.103381
24.964,0.053271
24.965000000000003,0.14483
24.966,0.168205
24.967,-0.076156
24.968000000000004,0.083699
24.969,-0.018555
24.97,0.278079
24.971000000000004,-0.085287
24.972,-0.051983
24.973000000000003,0.363436
24.974000000000004,-0.031172
24.975,-0.24425
24.976000000000003,-0.269321
24.977,0.256691
24.978,0.522307
24.979000000000003,0.078676
24.98,0.051455
24.981,0.448676
24.982000000000003,-0.08327
24.983,0.007623
24.984,0.161797
24.985000000000003,0.387069
24.986,-0.015438
24.987,-0.21918
24.988000000000003,0.191013
24.989,-0.380061
24.99,-0.055778
24.991000000000003,-0.141288
24.992,0.173871
24.993,0.360867
24.994000000000003,0.603324
24.995,0.060924
24.996,0.184165
24.997000000000003,0.106703
24.998,0.336996
24.999,0.160357
25.000000000000004,-0.095532
25.001,0.256935
25.002,-0.026854
25.003000000000004,-0.041785
25.004,-0.144181
25.005000000000003,0.002532
25.006000000000004,0.129107
25.007,-0.040554
25.008000000000003,-0.028243
25.009,-0.058197
25.01,-0.278963
25.011000000000003,0.166375
25.012,0.249817
25.013,-0.244001
25.014000000000003,0.380286
25.015,0.239715
25.016,0.112944
25.017000000000003,0.226766
25.018,0.142025
25.019,0.039024
25.020000000000003,0.298405
25.021,0.299068
25.022,0.211762
25.023000000000003,-0.060236
25.024,-0.229639
25.025,0.251254
25.026000000000003,0.113754
25.027,0.169467
25.028,0.134622
25.029000000000003,0.133286
25.03,-0.190522
25.031,0.391844
25.032000000000004,-0.159544
25.033,0.327478
25.034,-0.140271
25.035000000000004,-0.042009
25.036,0.131798
25.037000000000003,0.109279
25.038000000000004,-0.428175
25.039,-0.388308
25.040000000000003,0.290109
25.041,0.172866
25.042,0.062238
25.043000000000003,0.159181
25.044,-0.028436
25.045,-0.194407
25.046000000000003,-0.114758
25.047,0.181884
25.048,-0.267996
25.049000000000003,0.014795
25.05,0.12565
25.051,0.084171
25.052000000000003,-0.242552
25.053,0.436565
25.054,-0.168036
25.055000000000003,-0.000481
25.056,0.366768
25.057,-0.022656
25.058000000000003,0.125653
25.059,-0.117912
25.06,0.232801
25.061000000000003,-0.31396
25.062,0.109038
25.063,0.020451
25.064000000000004,0.183647
25.065,0.108191
25.066000000000003,0.004316
25.067000000000004,-0.145491
25.068,-0.025249
25.069000000000003,0.126328
25.07,-0.091555
25.071,-0.249612
25.072000000000003,-0.017197
25.073,-0.200256
25.074,-0.334472
25.075000000000003,0.182744
25.076,-0.036766
25.077,-0.241989
25.078000000000003,0.328836
25.079,-0.010531
25.08,0.114561
25.081000000000003,0.371466
25.082,0.008206
25.083,0.286723
25.084000000000003,0.079158
25.085,0.004989
25.086,-0.046436
25.087000000000003,0.03362
25.088,0.12724
25.089,-0.017751
25.090000000000003,0.213441
25.091,0.315207
25.092,0.279539
25.093000000000004,-0.050459
25.094,0.178805
25.095,0.12688
25.096000000000004,-0.076843
25.097,0.096976
25.098000000000003,0.51414
25.099000000000004,0.239562
25.1,0.092476
25.101000000000003,0.291982
25.102,-0.014194
25.103,0.294662
25.104000000000003,0.061481
25.105,0.625537
25.106,0.316415
25.107000000000003,0.234846
25.108,-0.08867
25.109,-0.243102
25.110000000000003,0.17548
25.111,0.008446
25.112,0.032092
25.113000000000003,-0.221016
25.114,-0.076093
25.115,0.137999
25.116000000000003,0.031634
25.117,-0.102958
25.118,-0.091329
25.119000000000003,-0.043297
25.12,-0.294162
25.121,-0.063634
25.122000000000003,-0.239356
25.123,0.337458
25.124,0.356924
25.125000000000004,0.018263
25.126,-0.176395
25.127,0.285
25.128000000000004,0.009479
25.129,0.093774
25.130000000000003,0.015454
25.131000000000004,-0.107019
25.132,-0.058371
25.133000000000003,0.520841
25.134,-0.157245
25.135,0.160565
25.136000000000003,-0.057619
25.137,0.063839
25.138,0.294503
25.139000000000003,0.30038
25.14,0.235467
25.141,-0.000833
25.142000000000003,0.096309
25.143,0.037635
25.144,-0.044318
25.145000000000003,0.028877
25.146,-0.103765
25.147,0.01175
25.148000000000003,0.285954
25.149,-0.118893
25.15,0.05453
25.151000000000003,-0.412224
25.152,0.139644
25.153,0.046998
25.154000000000003,-0.335031
25.155,0.049707
25.156,-0.163387
25.157000000000004,0.122854
25.158,0.015883
25.159,0.181745
25.160000000000004,0.11101
25.161,0.274164
25.162000000000003,0.059867
25.163000000000004,0.106015
25.164,-0.151019
25.165000000000003,0.121797
25.166,0.277738
25.167,0.290563
25.168000000000003,-0.095756
25.169,-0.19137
25.17,0.026994
25.171000000000003,0.054112
25.172,0.10952
25.173,-0.055788
25.174000000000003,0.248149
25.175,0.130715
25.176,0.174869
25.177000000000003,0.109686
25.178,0.01772
25.179,0.143681
25.180000000000003,0.257104
25.181,0.242464
25.182,-0.005607
25.183000000000003,-0.070419
25.184,0.156468
25.185,-0.420041
25.186000000000003,0.021302
25.187,-0.175359
25.188,0.141932
25.189000000000004,-0.133394
25.19,0.322005
25.191000000000003,0.338586
25.192000000000004,0.086253
25.193,0.146167
25.194000000000003,-0.04365
25.195000000000004,0.323496
25.196,0.061978
25.197000000000003,0.214876
25.198,0.225198
25.199,0.463388
25.200000000000003,0.019127
25.201,0.010347
25.202,-0.294942
25.203000000000003,0.132801
25.204,0.025864
25.205,0.146692
25.206000000000003,-0.004805
25.207,-0.012562
25.208,0.413823
25.209000000000003,0.201519
25.21,0.125471
25.211,0.098853
25.212000000000003,0.081669
25.213,-0.059111
25.214,0.08901
25.215000000000003,0.11194
25.216,0.239523
25.217,0.201672
25.218000000000004,-0.254221
25.219,-0.129226
25.22,0.230209
25.221000000000004,0.017946
25.222,0.251852
25.223000000000003,-0.135503
25.224000000000004,0.065345
25.225,0.024928
25.226000000000003,0.209142
25.227,-0.032274
25.228,-0.066599
25.229000000000003,-0.034219
25.23,0.479352
25.231,0.053626
25.232000000000003,-0.064995
25.233,-0.24853
25.234,0.092645
25.235000000000003,-0.008219
25.236,-0.275528
25.237,-0.000594
25.238000000000003,0.09953
25.239,0.173164
25.24,-0.016486
25.241000000000003,0.116074
25.242,0.139484
25.243,0.174636
25.244000000000003,-0.091953
25.245,-0.069477
25.246,0.035079
25.247000000000003,0.361876
25.248,0.027059
25.249,0.078651
25.250000000000004,0.003884
25.251,0.023044
25.252,-0.065506
25.253000000000004,-0.031906
25.254,0.301257
25.255000000000003,0.155977
25.256000000000004,-0.028136
25.257,0.16831
25.258000000000003,0.056989
25.259,0.053542
25.26,-0.218202
25.261000000000003,0.031286
25.262,0.133303
25.263,0.317677
25.264000000000003,0.129399
25.265,0.157183
25.266,0.226997
25.267000000000003,0.133898
25.268,0.423981
25.269,-0.04343
25.270000000000003,0.252789
25.271,0.122478
25.272,0.168351
25.273000000000003,0.063353
25.274,0.0761
25.275,0.139993
25.276000000000003,0.093351
25.277,0.014349
25.278,0.180943
25.279000000000003,0.307267
25.28,0.196656
25.281,-0.133682
25.282000000000004,-0.207181
25.283,0.271976
25.284,0.09744
25.285000000000004,-0.040512
25.286,-0.151818
25.287000000000003,-0.401184
25.288000000000004,-0.156816
25.289,-0.204569
25.290000000000003,-0.058922
25.291,0.093901
25.292,0.132593
25.293000000000003,-0.171704
25.294,-0.123421
25.295,0.295626
25.296000000000003,-0.150892
25.297,0.422237
25.298,0.082475
25.299000000000003,-0.200558
25.3,-0.048967
25.301,0.129444
25.302000000000003,0.287718
25.303,-0.264415
25.304,0.15533
25.305000000000003,0.186153
25.306,0.043526
25.307,0.031472
25.308000000000003,-0.029204
25.309,0.011219
25.31,0.040197
25.311000000000003,-0.300286
25.312,0.146927
25.313,0.272735
25.314000000000004,0.344392
25.315,-0.488709
25.316000000000003,-0.04272
25.317000000000004,0.060123
25.318,0.131857
25.319000000000003,0.257845
25.320000000000004,0.142499
25.321,-0.133914
25.322000000000003,-0.132205
25.323,0.006417
25.324,0.209216
25.325000000000003,0.038257
25.326,0.178778
25.327,0.231198
25.328000000000003,0.033988
25.329,-0.011138
25.33,0.240304
25.331000000000003,-0.084475
25.332,0.058062
25.333,-0.05464
25.334000000000003,0.300904
25.335,0.199495
25.336,0.281702
25.337000000000003,0.061286
25.338,0.037579
25.339,-0.161951
25.340000000000003,-0.217207
25.341,0.052295
25.342,0.28135
25.343000000000004,0.118641
25.344,0.094009
25.345,-0.119559
25.346000000000004,0.099869
25.347,-0.180282
25.348000000000003,-0.012174
25.349000000000004,0.061731
25.35,-0.006615
25.351000000000003,-0.180611
25.352,-0.186057
25.353,0.063624
25.354000000000003,0.160879
25.355,0.576123
25.356,0.108494
25.357000000000003,-0.125931
25.358,0.241376
25.359,0.208552
25.360000000000003,-0.002637
25.361,-0.029212
25.362,0.080046
25.363000000000003,0.129844
25.364,0.397004
25.365,0.097564
25.366000000000003,0.188434
25.367,-0.041958
25.368,-0.117419
25.369000000000003,-0.252559
25.37,-0.120581
25.371,-0.016035
25.372000000000003,-0.210873
25.373,0.32421
25.374,0.295281
25.375000000000004,-0.182334
25.376,-0.030404
25.377,0.244586
25.378000000000004,-0.070199
25.379,-0.175518
25.380000000000003,0.194215
25.381000000000004,0.27281
25.382,0.228105
25.383000000000003,0.085823
25.384,0.0802
25.385,-0.020831
25.386000000000003,0.230634
25.387,0.106626
25.388,-0.190632
25.389000000000003,0.099347
25.39,0.132447
25.391,0.088037
25.392000000000003,0.146303
25.393,0.02273
25.394,0.17425
25.395000000000003,0.079445
25.396,-0.27495
25.397,0.29839
25.398000000000003,0.355691
25.399,0.401976
25.4,-0.301436
25.401000000000003,0.041295
25.402,0.137958
25.403,0.118398
25.404000000000003,-0.066926
25.405,0.071982
25.406,-0.083675
25.407000000000004,-0.044893
25.408,0.347803
25.409,0.018509
25.410000000000004,0.012803
25.411,0.127725
25.412000000000003,0.159429
25.413000000000004,-0.093915
25.414,-0.024745
25.415000000000003,-0.037322
25.416,0.096871
25.417,0.002285
25.418000000000003,0.117332
25.419,-0.222889
25.42,-0.026905
25.421000000000003,-0.014426
25.422,-0.001347
25.423,0.056512
25.424000000000003,-0.150861
25.425,0.422732
25.426,0.190562
25.427000000000003,0.001886
25.428,-0.144074
25.429,0.264299
25.430000000000003,0.133908
25.431,-0.27502
25.432,0.171215
25.433000000000003,-0.034764
25.434,-0.101025
25.435,-0.209155
25.436000000000003,0.068041
25.437,0.222593
25.438,-0.011
25.439000000000004,0.022072
25.44,-0.105875
25.441000000000003,-0.364931
25.442000000000004,-0.004702
25.443,-0.02785
25.444000000000003,-0.317221
25.445000000000004,-0.313621
25.446,0.103073
25.447000000000003,-0.074477
25.448,-0.003896
25.449,0.145013
25.450000000000003,-0.215453
25.451,-0.039764
25.452,-0.090683
25.453000000000003,-0.121937
25.454,0.166046
25.455,-0.097579
25.456000000000003,-0.023117
25.457,0.033044
25.458,0.257049
25.459000000000003,0.261203
25.46,-0.088656
25.461,-0.029737
25.462000000000003,0.357599
25.463,0.358002
25.464,0.151912
25.465000000000003,0.038787
25.466,0.502418
25.467,0.197187
25.468000000000004,0.427636
25.469,0.019269
25.47,-0.003853
25.471000000000004,-0.153437
25.472,0.191131
25.473000000000003,-0.125917
25.474000000000004,0.21828
25.475,0.105665
25.476000000000003,0.405272
25.477,-0.02747
25.478,0.397617
25.479000000000003,-0.039472
25.48,0.151899
25.481,0.291568
25.482000000000003,0.148016
25.483,-0.226517
25.484,0.107046
25.485000000000003,0.330473
25.486,-0.1137
25.487,-0.100752
25.488000000000003,0.286039
25.489,0.067973
25.49,0.197864
25.491000000000003,0.49107
25.492,0.122474
25.493,0.248391
25.494000000000003,-0.264662
25.495,0.013479
25.496,-0.057032
25.497000000000003,0.032575
25.498,-0.005054
25.499,0.172076
25.500000000000004,0.155517
25.501,0.154142
25.502,0.011427
25.503000000000004,0.100425
25.504,0.064504
25.505000000000003,-0.361079
25.506000000000004,0.035813
25.507,0.043029
25.508000000000003,0.174683
25.509,-0.185974
25.51,-0.272778
25.511000000000003,-0.11745
25.512,-0.08823
25.513,-0.129825
25.514000000000003,0.069229
25.515,-0.229187
25.516,0.049011
25.517000000000003,-0.321483
25.518,-0.117964
25.519,-0.222011
25.520000000000003,-0.049385
25.521,-0.110203
25.522,-0.169689
25.523000000000003,-0.345438
25.524,-0.08754
25.525,-0.090177
25.526000000000003,-0.023482
25.527,0.197142
25.528,0.124875
25.529000000000003,0.023033
25.53,-0.186077
25.531,-0.077212
25.532000000000004,-0.290869
25.533,0.213834
25.534,-0.114305
25.535000000000004,0.001747
25.536,-0.172875
25.537000000000003,0.01922
25.538000000000004,0.306483
25.539,0.291105
25.540000000000003,0.133151
25.541,0.196501
25.542,-0.204944
25.543000000000003,-0.052222
25.544,0.157805
25.545,0.298259
25.546000000000003,0.220973
25.547,-0.028088
25.548,0.041196
25.549000000000003,-0.084926
25.55,0.045729
25.551,0.065197
25.552000000000003,0.301482
25.553,0.045535
25.554,0.332613
25.555000000000003,-0.26413
25.556,-0.152653
25.557,0.220857
25.558000000000003,0.112511
25.559,-0.249239
25.56,0.244509
25.561000000000003,-0.041675
25.562,-0.046767
25.563,-0.086361
25.564000000000004,0.084601
25.565,-0.197581
25.566000000000003,-0.164059
25.567000000000004,0.049055
25.568,0.02991
25.569000000000003,0.220574
25.570000000000004,0.023833
25.571,-0.218541
25.572000000000003,0.063885
25.573,0.062321
25.574,0.281546
25.575000000000003,0.128154
25.576,0.500022
25.577,-0.120234
25.578000000000003,-0.078526
25.579,0.051331
25.58,0.057384
25.581000000000003,-0.203815
25.582,-0.137877
25.583,0.480826
25.584000000000003,0.136049
25.585,-0.050733
25.586,-0.223362
25.587000000000003,0.04787
25.588,0.304599
25.589,-0.23233
25.590000000000003,-0.016917
25.591,0.097656
25.592,-0.183809
25.593000000000004,-0.111254
25.594,-0.071726
25.595,0.029348
25.596000000000004,0.180043
25.597,0.256582
25.598000000000003,0.191826
25.599000000000004,0.078045
25.6,-0.07424
25.601000000000003,0.347122
25.602000000000004,-0.205457
25.603,-0.160109
25.604000000000003,0.250381
25.605,-0.166127
25.606,-0.051289
25.607000000000003,0.06924
25.608,-0.325898
25.609,0.215902
25.610000000000003,0.11049
25.611,0.709836
25.612,-0.062536
25.613000000000003,0.262161
25.614,0.100227
25.615,-0.055744
25.616000000000003,0.316607
25.617,-0.28289
25.618,0.081297
25.619000000000003,-0.119075
25.62,0.111025
25.621,-0.147516
25.622000000000003,-0.128658
25.623,0.228148
25.624,0.308767
25.625000000000004,0.03057
25.626,-0.302478
25.627,0.176025
25.628000000000004,-0.080386
25.629,0.400348
25.630000000000003,-0.002166
25.631000000000004,-0.167243
25.632,0.087835
25.633000000000003,-0.268541
25.634,-0.077536
25.635,-0.427229
25.636000000000003,-0.145908
25.637,-0.010385
25.638,0.217104
25.639000000000003,0.362312
25.64,0.056186
25.641,0.239679
25.642000000000003,-0.129782
25.643,0.119776
25.644,-0.110407
25.645000000000003,-0.523127
25.646,0.068552
25.647,0.102166
25.648000000000003,-0.295655
25.649,-0.03608
25.65,0.180021
25.651000000000003,0.162573
25.652,-0.226348
25.653,0.182233
25.654000000000003,-0.426445
25.655,-0.153335
25.656,0.03687
25.657000000000004,0.030897
25.658,-0.008952
25.659,0.125652
25.660000000000004,-0.101349
25.661,0.350661
25.662000000000003,0.011876
25.663000000000004,-0.075011
25.664,0.160161
25.665000000000003,0.129794
25.666,-0.23412
25.667,0.14012
25.668000000000003,0.192372
25.669,0.178394
25.67,0.104793
25.671000000000003,0.124528
25.672,0.373044
25.673,-0.143784
25.674000000000003,0.216252
25.675,0.074228
25.676,0.032377
25.677000000000003,0.096755
25.678,-0.330972
25.679,0.135866
25.680000000000003,-0.242898
25.681,-0.013908
25.682,0.149633
25.683000000000003,0.160095
25.684,0.118854
25.685,-0.24105
25.686000000000003,0.207831
25.687,-0.261892
25.688,-0.373037
25.689000000000004,-0.453344
25.69,0.024896
25.691000000000003,-0.066249
25.692000000000004,-0.409053
25.693,0.166501
25.694000000000003,0.235123
25.695000000000004,-0.010957
25.696,-0.113305
25.697000000000003,-0.010121
25.698,-0.049283
25.699,-0.000168
25.700000000000003,-0.056533
25.701,-0.023989
25.702,0.301306
25.703000000000003,0.103515
25.704,-0.073422
25.705,-0.072537
25.706000000000003,0.282582
25.707,0.315859
25.708,0.102117
25.709000000000003,0.031417
25.71,0.033881
25.711,-0.128175
25.712000000000003,0.113414
25.713,0.171131
25.714,0.122568
25.715000000000003,-0.036213
25.716,0.023572
25.717,-0.090875
25.718000000000004,-0.003263
25.719,-0.203039
25.72,0.080617
25.721000000000004,0.00395
25.722,-0.079433
25.723000000000003,-0.017279
25.724000000000004,0.016539
25.725,-0.043799
25.726000000000003,-0.050601
25.727000000000004,0.11698
25.728,0.311101
25.729000000000003,-0.016846
25.73,-0.074165
25.731,-0.065333
25.732000000000003,0.484131
25.733,0.055652
25.734,0.14668
25.735000000000003,-0.221983
25.736,0.315968
25.737,0.158225
25.738000000000003,0.035083
25.739,0.035926
25.74,0.164249
25.741000000000003,-0.081123
25.742,-0.038865
25.743,0.214025
25.744000000000003,0.082432
25.745,0.20903
25.746,-0.035047
25.747000000000003,-0.040372
25.748,-0.009406
25.749,0.010224
25.750000000000004,0.349344
25.751,-0.101451
25.752,0.446932
25.753000000000004,0.157582
25.754,0.21673
25.755000000000003,0.113578
25.756000000000004,-0.050452
25.757,-0.087921
25.758000000000003,-0.150588
25.759,-0.176363
25.76,-0.021762
25.761000000000003,0.156612
25.762,0.113085
25.763,-0.174405
25.764000000000003,0.212592
25.765,0.276197
25.766,0.325043
25.767000000000003,0.230086
25.768,0.305588
25.769,-0.336069
25.770000000000003,0.074677
25.771,-0.171389
25.772,0.100731
25.773000000000003,0.311586
25.774,0.037053
25.775,-0.105636
25.776000000000003,0.226452
25.777,0.464317
25.778,0.022912
25.779000000000003,-0.142679
25.78,-0.15886
25.781,-0.00116
25.782000000000004,0.264117
25.783,0.228014
25.784,-0.134357
25.785000000000004,-0.219056
25.786,0.366637
25.787000000000003,0.175769
25.788000000000004,-0.221863
25.789,0.052854
25.790000000000003,0.028976
25.791,0.074377
25.792,0.445632
25.793000000000003,0.181522
25.794,-0.268902
25.795,0.177606
25.796000000000003,-0.126883
25.797,0.128471
25.798,0.36675
25.799000000000003,-0.031939
25.8,-0.158244
25.801,0.151547
25.802000000000003,0.223081
25.803,-0.134655
25.804,0.199936
25.805000000000003,0.134127
25.806,0.22331
25.807,-0.014708
25.808000000000003,-0.161496
25.809,0.261404
25.81,0.230407
25.811000000000003,0.058878
25.812,0.137857
25.813,0.041892
25.814000000000004,0.097278
25.815,-0.16857
25.816000000000003,0.153556
25.817000000000004,-0.278941
25.818,0.087296
25.819000000000003,-0.096067
25.820000000000004,-0.140478
25.821,-0.218541
25.822000000000003,0.077047
25.823,0.036553
25.824,0.103125
25.825000000000003,0.339116
25.826,-0.076769
25.827,0.104653
25.828000000000003,-0.191031
25.829,-0.099965
25.83,0.150391
25.831000000000003,0.083092
25.832,-0.209932
25.833,-0.306727
25.834000000000003,0.157759
25.835,0.247171
25.836,0.000629
25.837000000000003,0.005171
25.838,0.139697
25.839,0.265417
25.840000000000003,-0.035435
25.841,0.007124
25.842,-0.275704
25.843000000000004,0.236825
25.844,0.013053
25.845,0.101341
25.846000000000004,0.421957
25.847,0.194292
25.848000000000003,0.113918
25.849000000000004,-0.046994
25.85,-0.192313
25.851000000000003,0.402066
25.852000000000004,-0.17803
25.853,0.40652
25.854000000000003,0.306295
25.855,0.020378
25.856,-0.022973
25.857000000000003,0.225596
25.858,-0.275699
25.859,-0.008137
25.860000000000003,0.32657
25.861,-0.413405
25.862,0.278513
25.863000000000003,0.003232
25.864,-0.438113
25.865,-0.033463
25.866000000000003,0.11144
25.867,0.127475
25.868,0.284446
25.869000000000003,0.104615
25.87,0.011783
25.871,0.046044
25.872000000000003,-0.010697
25.873,0.101956
25.874,0.193756
25.875000000000004,-0.051777
25.876,0.04728
25.877,0.245235
25.878000000000004,0.110787
25.879,0.221353
25.880000000000003,0.145081
25.881000000000004,-0.077089
25.882,0.35391
25.883000000000003,0.286411
25.884,0.284106
25.885,0.245907
25.886000000000003,0.256003
25.887,-0.066868
25.888,0.103299
25.889000000000003,0.010498
25.89,0.097318
25.891,-0.209976
25.892000000000003,0.263029
25.893,0.149963
25.894,0.145105
25.895000000000003,0.459629
25.896,0.149866
25.897,-0.195085
25.898000000000003,-0.136631
25.899,-0.132067
25.9,0.121874
25.901000000000003,0.130799
25.902,0.111759
25.903,-0.065186
25.904000000000003,0.001601
25.905,0.233097
25.906,0.11829
25.907000000000004,0.11552
25.908,-0.018229
25.909,-0.109851
25.910000000000004,0.070093
25.911,0.162728
25.912000000000003,0.147778
25.913000000000004,0.166398
25.914,0.145919
25.915000000000003,-0.062848
25.916,0.189367
25.917,-0.062072
25.918000000000003,0.184954
25.919,0.249581
25.92,0.352682
25.921000000000003,0.083853
25.922,0.435313
25.923,-0.062105
25.924000000000003,-0.157967
25.925,-0.248948
25.926,0.200296
25.927000000000003,-0.057562
25.928,-0.019052
25.929,-0.312976
25.930000000000003,-0.185362
25.931,-0.12559
25.932,-0.170493
25.933000000000003,0.28819
25.934,0.210536
25.935,-0.06027
25.936000000000003,-0.028032
25.937,0.127626
25.938,0.423148
25.939000000000004,-0.07365
25.94,0.226003
25.941000000000003,-0.101337
25.942000000000004,0.222366
25.943,-0.02726
25.944000000000003,0.162237
25.945000000000004,-0.103231
25.946,-0.212455
25.947000000000003,-0.289185
25.948,0.205735
25.949,-0.046781
25.950000000000003,0.074821
25.951,-0.203086
25.952,0.151894
25.953000000000003,0.213445
25.954,0.052285
25.955,0.092758
25.956000000000003,-0.088283
25.957,-0.146674
25.958,0.152432
25.959000000000003,0.012007
25.96,0.142218
25.961,-0.090292
25.962000000000003,0.01525
25.963,0.203997
25.964,0.028417
25.965000000000003,0.055194
25.966,0.014012
25.967,-0.129841
25.968000000000004,-0.227812
25.969,-0.053177
25.97,0.155254
25.971000000000004,0.245748
25.972,0.243513
25.973000000000003,0.372062
25.974000000000004,0.352237
25.975,0.314831
25.976000000000003,-0.123785
25.977000000000004,0.054328
25.978,0.076881
25.979000000000003,-0.10125
25.98,-0.10445
25.981,0.39571
25.982000000000003,0.025615
25.983,0.273527
25.984,0.022027
25.985000000000003,-0.267694
25.986,-0.130974
25.987,-0.080867
25.988000000000003,0.074046
25.989,0.210418
25.99,-0.188313
25.991000000000003,0.056287
25.992,0.007719
25.993,-0.285293
25.994000000000003,-0.043882
25.995,0.327991
25.996,0.050721
25.997000000000003,0.050164
25.998,0.482781
25.999,0.024476
26.000000000000004,0.255099
26.001,0.30939
26.002,-0.178973
26.003000000000004,0.117502
26.004,-0.15642
26.005000000000003,0.152197
26.006000000000004,-0.029885
26.007,-0.109505
26.008000000000003,-0.147014
26.009000000000004,0.199933
26.01,-0.045696
26.011000000000003,0.161121
26.012,0.012841
26.013,-0.074445
26.014000000000003,0.266717
26.015,0.044262
26.016,0.239183
26.017000000000003,-0.127185
26.018,0.299239
26.019,-0.046317
26.020000000000003,0.109279
26.021,-0.194788
26.022,-0.102265
26.023000000000003,-0.193407
26.024,-0.230208
26.025,0.015482
26.026000000000003,0.233839
26.027,0.180964
26.028,-0.117184
26.029000000000003,-0.165455
26.03,0.013563
26.031,0.056629
26.032000000000004,-0.099116
26.033,0.182094
26.034,0.339151
26.035000000000004,-0.177999
26.036,0.186883
26.037000000000003,-0.168727
26.038000000000004,-0.15898
26.039,0.293993
26.040000000000003,0.277914
26.041,-0.026266
26.042,0.420274
26.043000000000003,0.15035
26.044,0.138468
26.045,-0.036766
26.046000000000003,0.056723
26.047,-0.22317
26.048,-0.453459
26.049000000000003,0.098005
26.05,0.151526
26.051,-0.12133
26.052000000000003,-0.027585
26.053,-0.171079
26.054,0.439358
26.055000000000003,0.382279
26.056,0.215473
26.057,-0.182429
26.058000000000003,-0.096221
26.059,-0.184134
26.06,-0.174181
26.061000000000003,0.214782
26.062,-0.123357
26.063,0.028831
26.064000000000004,0.232226
26.065,0.442316
26.066000000000003,-0.172577
26.067000000000004,0.477424
26.068,-0.002218
26.069000000000003,-0.025389
26.070000000000004,-0.010858
26.071,0.039309
26.072000000000003,-0.251904
26.073,0.042914
26.074,-0.164212
26.075000000000003,0.191643
26.076,0.332695
26.077,0.126132
26.078000000000003,0.072864
26.079,0.392022
26.08,-0.073382
26.081000000000003,0.319657
26.082,0.464317
26.083,0.40048
26.084000000000003,-0.034886
26.085,-0.222426
26.086,0.042752
26.087000000000003,-0.014361
26.088,-0.300965
26.089,0.117739
26.090000000000003,-0.153509
26.091,0.487553
26.092,-0.0683
26.093000000000004,0.045663
26.094,0.110875
26.095,0.045345
26.096000000000004,0.075459
26.097,-0.232947
26.098000000000003,0.110906
26.099000000000004,-0.123458
26.1,0.053789
26.101000000000003,-0.256462
26.102000000000004,0.10716
26.103,0.138322
26.104000000000003,0.205374
26.105,-0.066267
26.106,0.059866
26.107000000000003,-0.063416
26.108,0.202998
26.109,-0.139745
26.110000000000003,-0.043102
26.111,-0.311448
26.112,0.04984
26.113000000000003,-0.282092
26.114,0.202524
26.115,-0.25803
26.116000000000003,0.225698
26.117,0.011477
26.118,0.257194
26.119000000000003,0.114116
26.12,-0.16242
26.121,-0.064823
26.122000000000003,0.155769
26.123,-0.445752
26.124,0.210505
26.125000000000004,-0.085746
26.126,0.401312
26.127,-0.096536
26.128000000000004,0.008177
26.129,0.129127
26.130000000000003,-0.017357
26.131000000000004,0.416875
26.132,-0.083262
26.133000000000003,0.083939
26.134000000000004,0.256344
26.135,0.057988
26.136000000000003,0.245835
26.137,-0.111737
26.138,-0.185194
26.139000000000003,0.45431
26.14,0.189419
26.141,0.068613
26.142000000000003,-0.378745
26.143,0.511667
26.144,0.09664
26.145000000000003,-0.043667
26.146,0.171164
26.147,-0.050212
26.148000000000003,-0.301719
26.149,-0.02077
26.15,0.092104
26.151000000000003,-0.107751
26.152,-0.064522
26.153,0.138429
26.154000000000003,-0.052021
26.155,0.06062
26.156,0.366853
26.157000000000004,0.009933
26.158,-0.025074
26.159,0.197518
26.160000000000004,0.063353
26.161,0.020906
26.162000000000003,0.233902
26.163000000000004,0.323783
26.164,-0.445105
26.165000000000003,0.095168
26.166,0.393715
26.167,0.182197
26.168000000000003,0.041343
26.169,-0.375551
26.17,-0.247389
26.171000000000003,-0.017598
26.172,-0.066069
26.173,0.345507
26.174000000000003,0.335291
26.175,-0.213585
26.176,0.249888
26.177000000000003,0.172009
26.178,0.053774
26.179,0.47719
26.180000000000003,0.154659
26.181,0.187814
26.182,0.264007
26.183000000000003,-0.020257
26.184,0.133008
26.185,0.170091
26.186000000000003,-0.191996
26.187,-0.170489
26.188,-0.245194
26.189000000000004,0.21346
26.19,0.133535
26.191000000000003,0.025632
26.192000000000004,0.093429
26.193,-0.065093
26.194000000000003,-0.103146
26.195000000000004,-0.141753
26.196,-0.017587
26.197000000000003,-0.125289
26.198,0.008943
26.199,0.373206
26.200000000000003,-0.03423
26.201,0.175902
26.202,-0.01748
26.203000000000003,0.053019
26.204,0.207533
26.205,0.185336
26.206000000000003,-0.306375
26.207,-0.081173
26.208,0.080841
26.209000000000003,-0.146753
26.21,0.266223
26.211,0.073194
26.212000000000003,0.002387
26.213,0.111025
26.214,-0.0306
26.215000000000003,-0.127087
26.216,-0.1483
26.217,-0.25592
26.218000000000004,-0.045547
26.219,0.036786
26.22,0.004765
26.221000000000004,-0.058329
26.222,0.038424
26.223000000000003,0.077751
26.224000000000004,-0.593797
26.225,0.216902
26.226000000000003,-0.080692
26.227000000000004,0.132024
26.228,-0.172995
26.229000000000003,0.102166
26.23,-0.001623
26.231,0.037811
26.232000000000003,0.07562
26.233,0.057119
26.234,0.185477
26.235000000000003,-0.07807
26.236,0.2041
26.237,0.076529
26.238000000000003,0.016597
26.239,-0.145123
26.24,0.143491
26.241000000000003,-0.170336
26.242,0.274008
26.243,0.191684
26.244000000000003,0.140602
26.245,0.357917
26.246,0.314176
26.247000000000003,0.191328
26.248,0.062022
26.249,-0.051255
26.250000000000004,-0.048601
26.251,0.001857
26.252,-0.359586
26.253000000000004,-0.164059
26.254,0.302908
26.255000000000003,-0.249731
26.256000000000004,0.031618
26.257,-0.114802
26.258000000000003,-0.273329
26.259000000000004,0.201827
26.26,0.195307
26.261000000000003,-0.359507
26.262,0.017731
26.263,-0.046839
26.264000000000003,-0.175507
26.265,-0.109291
26.266,-0.034777
26.267000000000003,0.067348
26.268,0.276113
26.269,0.295902
26.270000000000003,0.132145
26.271,0.19215
26.272,-0.138265
26.273000000000003,0.283812
26.274,-0.161915
26.275,-0.157655
26.276000000000003,0.118836
26.277,0.11353
26.278,0.244651
26.279000000000003,-0.076781
26.28,0.218014
26.281,-0.546978
26.282000000000004,0.104762
26.283,0.340161
26.284,0.162918
26.285000000000004,-0.174046
26.286,-0.142695
26.287000000000003,0.136276
26.288000000000004,0.220355
26.289,0.045031
26.290000000000003,0.248467
26.291000000000004,-0.135748
26.292,-0.080511
26.293000000000003,0.170339
26.294,0.23699
26.295,0.295514
26.296000000000003,0.301073
26.297,0.293629
26.298,0.136402
26.299000000000003,0.237951
26.3,0.191541
26.301,0.172027
26.302000000000003,0.309594
26.303,-0.123643
26.304,0.051303
26.305000000000003,-0.342022
26.306,0.143664
26.307,0.155653
26.308000000000003,0.150664
26.309,-0.129654
26.31,-0.056729
26.311000000000003,-0.336997
26.312,0.002851
26.313,0.228946
26.314000000000004,0.222438
26.315,-0.200956
26.316000000000003,-0.077426
26.317000000000004,0.026721
26.318,0.272155
26.319000000000003,-0.295066
26.320000000000004,-0.198764
26.321,-0.142653
26.322000000000003,0.066236
26.323,-0.000306
26.324,-0.199038
26.325000000000003,-0.050514
26.326,0.047507
26.327,0.17153
26.328000000000003,-0.052087
26.329,0.255438
26.33,0.047082
26.331000000000003,0.144234
26.332,-0.189386
26.333,-0.238525
26.334000000000003,0.114422
26.335,0.174096
26.336,0.116871
26.337000000000003,-0.08246
26.338,0.105478
26.339,0.048018
26.340000000000003,-0.136559
26.341,0.101807
26.342,-0.070706
26.343000000000004,0.087764
26.344,0.12547
26.345,0.221516
26.346000000000004,-0.32202
26.347,0.089985
26.348000000000003,0.084873
26.349000000000004,-0.010817
26.35,0.124979
26.351000000000003,-0.020422
26.352000000000004,0.240665
26.353,-0.186234
26.354000000000003,-0.062371
26.355,0.21273
26.356,0.251948
26.357000000000003,-0.039953
26.358,0.14981
26.359,0.210294
26.360000000000003,0.05362
26.361,0.128154
26.362,-0.004263
26.363000000000003,0.580757
26.364,0.280019
26.365,0.22215
26.366000000000003,0.236582
26.367,-0.118536
26.368,-0.126295
26.369000000000003,0.085856
26.37,-0.152481
26.371,-0.188773
26.372000000000003,-0.222194
26.373,0.355872
26.374,-0.19544
26.375000000000004,-0.225589
26.376,-0.054964
26.377,-0.102169
26.378000000000004,0.04528
26.379,0.018541
26.380000000000003,0.01568
26.381000000000004,0.202844
26.382,0.000791
26.383000000000003,-0.032461
26.384000000000004,0.053677
26.385,0.085878
26.386000000000003,0.002219
26.387,-0.309884
26.388,0.291415
26.389000000000003,0.16003
26.39,0.130342
26.391,-0.145913
26.392000000000003,-0.102145
26.393,0.222338
26.394,0.246109
26.395000000000003,0.146083
26.396,-0.083657
26.397,-0.078742
26.398000000000003,0.146476
26.399,0.272906
26.4,-0.116521
26.401000000000003,0.134133
26.402,0.032378
26.403,-0.058183
26.404000000000003,-0.018854
26.405,0.281606
26.406,-0.017555
26.407000000000004,0.062584
26.408,0.28518
26.409,0.010686
26.410000000000004,0.195698
26.411,0.464133
26.412000000000003,-0.036953
26.413000000000004,-0.102741
26.414,0.112485
26.415000000000003,0.169183
26.416000000000004,-0.047617
26.417,0.141424
26.418000000000003,-0.150377
26.419,0.169734
26.42,0.418236
26.421000000000003,0.033016
26.422,0.19328
26.423,0.202763
26.424000000000003,-0.123863
26.425,0.163778
26.426,0.253769
26.427000000000003,0.251414
26.428,0.099349
26.429,0.128892
26.430000000000003,-0.100905
26.431,-0.138068
26.432,-0.275786
26.433000000000003,-0.030416
26.434,0.161089
26.435,0.139293
26.436000000000003,-0.056338
26.437,0.095502
26.438,0.053795
26.439000000000004,0.073467
26.44,0.297349
26.441000000000003,0.027473
26.442000000000004,-0.11503
26.443,0.220661
26.444000000000003,0.023805
26.445000000000004,0.206096
26.446,0.210265
26.447000000000003,-0.074586
26.448,-0.035084
26.449,0.44334
26.450000000000003,-0.027203
26.451,-0.245364
26.452,-0.242175
26.453000000000003,0.123916
26.454,0.283757
26.455,0.157118
26.456000000000003,0.491385
26.457,0.016658
26.458,0.111168
26.459000000000003,0.052652
26.46,-0.202812
26.461,0.020145
26.462000000000003,0.04916
26.463,0.123911
26.464,-0.26524
26.465000000000003,0.126081
26.466,-0.270148
26.467,0.115919
26.468000000000004,0.114098
26.469,-0.297412
26.47,-0.560514
26.471000000000004,-0.013814
26.472,0.311282
26.473000000000003,0.071604
26.474000000000004,-0.092247
26.475,-0.350333
26.476000000000003,0.184619
26.477000000000004,-0.344144
26.478,-0.076131
26.479000000000003,-0.045812
26.48,-0.141431
26.481,0.046115
26.482000000000003,-0.084876
26.483,0.15734
26.484,0.029959
26.485000000000003,-0.09091
26.486,-0.049735
26.487,-0.191775
26.488000000000003,-0.177378
26.489,0.319121
26.49,0.091142
26.491000000000003,0.269055
26.492,-0.0586
26.493,0.261873
26.494000000000003,0.125044
26.495,0.061157
26.496,-0.013747
26.497000000000003,0.058592
26.498,0.352574
26.499,0.042759
26.500000000000004,-0.023599
26.501,0.194091
26.502,-0.020722
26.503000000000004,0.221497
26.504,-0.059723
26.505000000000003,-0.401747
26.506000000000004,-0.123334
26.507,0.205415
26.508000000000003,0.438083
26.509000000000004,0.323807
26.51,0.194955
26.511000000000003,0.072234
26.512,0.17398
26.513,0.113696
26.514000000000003,0.306736
26.515,0.303258
26.516,-0.302278
26.517000000000003,0.437607
26.518,0.12296
26.519,0.096986
26.520000000000003,-0.149171
26.521,0.031541
26.522,0.078911
26.523000000000003,0.017541
26.524,0.385129
26.525,0.271568
26.526000000000003,0.364925
26.527,0.429668
26.528,0.052553
26.529000000000003,0.137577
26.53,0.070601
26.531,0.144435
26.532000000000004,0.011825
26.533,0.071289
26.534,0.157327
26.535000000000004,-0.209724
26.536,-0.085412
26.537000000000003,-0.070741
26.538000000000004,0.198792
26.539,0.244557
26.540000000000003,0.358051
26.541000000000004,0.207002
26.542,0.370753
26.543000000000003,0.113918
26.544,0.378375
26.545,0.045407
26.546000000000003,-0.072942
26.547,0.104236
26.548,-0.127781
26.549000000000003,-0.148019
26.55,-0.080511
26.551,-0.216971
26.552000000000003,0.118897
26.553,-0.125105
26.554,0.44643
26.555000000000003,-0.276518
26.556,-0.268706
26.557,0.078396
26.558000000000003,-0.13912
26.559,0.230742
26.56,0.317154
26.561000000000003,0.311498
26.562,0.293022
26.563,0.318096
26.564000000000004,0.179114
26.565,0.019702
26.566000000000003,0.008898
26.567000000000004,-0.047732
26.568,-0.093802
26.569000000000003,0.136612
26.570000000000004,-0.004228
26.571,-0.107603
26.572000000000003,-0.123911
26.573,-0.067248
26.574,0.487387
26.575000000000003,-0.079447
26.576,0.236045
26.577,-0.218453
26.578000000000003,-0.068515
26.579,-0.109343
26.58,0.114382
26.581000000000003,-0.218952
26.582,0.027418
26.583,0.245856
26.584000000000003,0.009162
26.585,0.070437
26.586,-0.289311
26.587000000000003,0.106516
26.588,0.066831
26.589,-0.091878
26.590000000000003,-0.177876
26.591,0.116551
26.592,-0.232943
26.593000000000004,-0.077404
26.594,-0.177931
26.595,0.018412
26.596000000000004,-0.168012
26.597,-0.140164
26.598000000000003,0.374911
26.599000000000004,0.252268
26.6,0.183516
26.601000000000003,-0.13134
26.602000000000004,-0.026826
26.603,0.100078
26.604000000000003,0.344017
26.605,-0.280491
26.606,-0.233256
26.607000000000003,-0.164764
26.608,-0.437713
26.609,0.031861
26.610000000000003,0.116936
26.611,0.176335
26.612,0.122066
26.613000000000003,-0.04563
26.614,-0.156647
26.615,0.283832
26.616000000000003,-0.080101
26.617,0.409674
26.618,0.180355
26.619000000000003,0.300821
26.62,-0.011367
26.621,0.311832
26.622000000000003,-0.158581
26.623,0.092025
26.624,-0.14064
26.625000000000004,0.039384
26.626,-0.1852
26.627,0.090166
26.628000000000004,0.177875
26.629,0.086197
26.630000000000003,0.051616
26.631000000000004,0.33793
26.632,-0.147141
26.633000000000003,0.202909
26.634000000000004,0.10613
26.635,-0.296463
26.636000000000003,-0.169653
26.637,0.107664
26.638,0.129873
26.639000000000003,-0.21476
26.64,0.06239
26.641,-0.189568
26.642000000000003,-0.208004
26.643,0.205186
26.644,0.045547
26.645000000000003,-0.143706
26.646,-0.110019
26.647,0.213212
26.648000000000003,-0.231145
26.649,0.026766
26.65,-0.008109
26.651000000000003,0.312777
26.652,-0.293258
26.653,0.340793
26.654000000000003,0.111297
26.655,0.022757
26.656,0.13889
26.657000000000004,-0.017878
26.658,-0.324131
26.659,-0.135346
26.660000000000004,0.187263
26.661,-0.053642
26.662000000000003,0.094848
26.663000000000004,-0.000721
26.664,0.199144
26.665000000000003,-0.057016
26.666000000000004,0.087527
26.667,-0.044411
26.668000000000003,0.037963
26.669,0.246718
26.67,0.213896
26.671000000000003,-0.122672
26.672,-0.140392
26.673,-0.37648
26.674000000000003,0.032447
26.675,0.216047
26.676,0.12415
26.677000000000003,-0.076328
26.678,-0.126948
26.679,-0.060972
26.680000000000003,0.043565
26.681,-0.084619
26.682,-0.099125
26.683000000000003,-0.042331
26.684,-0.139615
26.685,-0.35179
26.686000000000003,0.218714
26.687,0.367125
26.688,-0.021476
26.689000000000004,0.142122
26.69,-0.280532
26.691000000000003,0.233469
26.692000000000004,0.185526
26.693,0.137243
26.694000000000003,0.159176
26.695000000000004,0.131216
26.696,0.149518
26.697000000000003,-0.218943
26.698000000000004,0.080078
26.699,-0.010008
26.700000000000003,0.203734
26.701,-0.10717
26.702,0.021508
26.703000000000003,0.175864
26.704,0.1959
26.705,-0.240774
26.706000000000003,-0.395996
26.707,-0.195355
26.708,0.422226
26.709000000000003,-0.156928
26.71,0.202718
26.711,0.05048
26.712000000000003,0.352237
26.713,0.05122
26.714,0.018842
26.715000000000003,-0.085511
26.716,0.273038
26.717,-0.091363
26.718000000000004,0.209708
26.719,-0.014522
26.72,0.431364
26.721000000000004,0.442362
26.722,0.288351
26.723000000000003,0.125409
26.724000000000004,-0.121017
26.725,-0.058825
26.726000000000003,0.138175
26.727000000000004,0.247273
26.728,0.041595
26.729000000000003,0.105237
26.73,0.321145
26.731,0.107064
26.732000000000003,0.010347
26.733,0.187556
26.734,0.132475
26.735000000000003,-0.167779
26.736,0.166554
26.737,0.193805
26.738000000000003,0.056136
26.739,0.202777
26.74,-0.405136
26.741000000000003,-0.016241
26.742,0.099032
26.743,-0.150516
26.744000000000003,-0.100231
26.745,-0.2369
26.746,0.104647
26.747000000000003,0.153354
26.748,-0.091773
26.749,0.174866
26.750000000000004,0.034257
26.751,-0.09207
26.752,-0.03426
26.753000000000004,-0.14326
26.754,-0.064358
26.755000000000003,-0.432317
26.756000000000004,0.257574
26.757,-0.089187
26.758000000000003,-0.056575
26.759000000000004,0.040693
26.76,0.088783
26.761000000000003,-0.213998
26.762,-0.161334
26.763,-0.022091
26.764000000000003,0.244979
26.765,0.321983
26.766,0.220908
26.767000000000003,0.072357
26.768,0.302061
26.769,-0.249034
26.770000000000003,0.09218
26.771,0.240925
26.772,-0.068572
26.773000000000003,0.090472
26.774,-0.001276
26.775,0.188995
26.776000000000003,0.034973
26.777,0.364752
26.778,-0.2328
26.779000000000003,-0.103421
26.78,-0.242309
26.781,-0.168495
26.782000000000004,-0.06012
26.783,-0.129201
26.784,0.423997
26.785000000000004,0.159367
26.786,-0.147339
26.787000000000003,-0.039118
26.788000000000004,-0.029659
26.789,0.015966
26.790000000000003,0.292644
26.791000000000004,0.094235
26.792,-0.309259
26.793000000000003,-0.281298
26.794,0.007752
26.795,-0.092057
26.796000000000003,-0.05375
26.797,0.234443
26.798,0.017868
26.799000000000003,0.124119
26.8,-0.09939
26.801,-0.073314
26.802000000000003,0.169234
26.803,-0.090211
26.804,0.212048
26.805000000000003,0.123762
26.806,-0.113224
26.807,0.185386
26.808000000000003,-0.210239
26.809,-0.078246
26.81,0.021752
26.811000000000003,0.322933
26.812,-0.199439
26.813,-0.111325
26.814000000000004,0.009431
26.815,-0.132237
26.816000000000003,0.148539
26.817000000000004,0.005379
26.818,-0.056574
26.819000000000003,-0.081402
26.820000000000004,0.055859
26.821,0.073601
26.822000000000003,0.046693
26.823000000000004,0.008337
26.824,-0.213063
26.825000000000003,0.059088
26.826,0.227719
26.827,-0.185118
26.828000000000003,0.188281
26.829,0.27661
26.83,0.353786
26.831000000000003,0.262633
26.832,-0.017672
26.833,0.066568
26.834000000000003,-0.006022
26.835,0.060568
26.836,0.19599
26.837000000000003,-0.104396
26.838,0.289274
26.839,0.312629
26.840000000000003,0.128046
26.841,0.122748
26.842,0.485366
26.843000000000004,-0.075957
26.844,0.027225
26.845,0.095847
26.846000000000004,0.404266
26.847,-0.453989
26.848000000000003,-0.299573
26.849000000000004,0.066126
26.85,0.447255
26.851000000000003,0.118291
26.852000000000004,-0.198508
26.853,-0.047749
26.854000000000003,0.060429
26.855,-0.058938
26.856,0.002842
26.857000000000003,0.244819
26.858,0.219674
26.859,0.030149
26.860000000000003,0.249488
26.861,0.088096
26.862,0.103774
26.863000000000003,0.315175
26.864,-0.043655
26.865,0.011612
26.866000000000003,-0.199476
26.867,0.132222
26.868,-0.078771
26.869000000000003,-0.100049
26.87,0.131982
26.871,0.440104
26.872000000000003,-0.027494
26.873,0.043498
26.874,0.300164
26.875000000000004,-0.23882
26.876,-0.290845
26.877,-0.059045
26.878000000000004,0.000978
26.879,0.104398
26.880000000000003,0.182508
26.881000000000004,-0.065532
26.882,0.076972
26.883000000000003,-0.140897
26.884000000000004,0.049746
26.885,0.19496
26.886000000000003,-0.086534
26.887,-0.15006
26.888,-0.179642
26.889000000000003,-0.16672
26.89,-0.228278
26.891,0.202544
26.892000000000003,-0.130181
26.893,0.308938
26.894,-0.04393
26.895000000000003,0.024366
26.896,0.092972
26.897,-0.154758
26.898000000000003,-0.045069
26.899,0.27852
26.9,0.168155
26.901000000000003,0.177087
26.902,-0.149541
26.903,0.239031
26.904000000000003,0.208325
26.905,0.068257
26.906,-0.081922
26.907000000000004,-0.132977
26.908,0.013413
26.909,-0.184029
26.910000000000004,-0.095455
26.911,-0.027702
26.912000000000003,0.177172
26.913000000000004,0.166822
26.914,0.229039
26.915000000000003,-0.065335
26.916000000000004,0.104025
26.917,-0.476738
26.918000000000003,-0.019643
26.919,0.361247
26.92,0.263774
26.921000000000003,0.288522
26.922,0.500856
26.923,0.396856
26.924000000000003,-0.0542
26.925,-0.227763
26.926,0.198499
26.927000000000003,0.037763
26.928,-0.206075
26.929,0.165095
26.930000000000003,0.118896
26.931,0.338022
26.932,0.067251
26.933000000000003,0.145878
26.934,-0.082321
26.935,0.168931
26.936000000000003,0.398582
26.937,0.694182
26.938,0.128132
26.939000000000004,0.015722
26.94,0.144119
26.941000000000003,0.168927
26.942000000000004,-0.019781
26.943,0.035973
26.944000000000003,0.379601
26.945000000000004,0.031843
26.946,0.274434
26.947000000000003,0.086923
26.948000000000004,0.188856
26.949,0.206997
26.950000000000003,0.648979
26.951,0.154717
26.952,-0.157974
26.953000000000003,0.202858
26.954,0.209411
26.955,2.5e-05
26.956000000000003,-0.068952
26.957,0.173181
26.958,0.315118
26.959000000000003,0.077282
26.96,0.039703
26.961,0.180905
26.962000000000003,0.31155
26.963,0.028846
26.964,-0.060007
26.965000000000003,0.103569
26.966,-0.122662
26.967,-0.118288
26.968000000000004,-0.290034
26.969,0.019131
26.97,-0.356354
26.971000000000004,0.243029
26.972,-0.017083
26.973000000000003,0.38099
26.974000000000004,0.132509
26.975,0.132207
26.976000000000003,-0.301835
26.977000000000004,-0.075637
26.978,0.018105
26.979000000000003,0.128914
26.980000000000004,0.173765
26.981,0.503749
26.982000000000003,0.328993
26.983,0.233097
26.984,-0.227067
26.985000000000003,0.209995
26.986,0.005945
26.987,0.320354
26.988000000000003,0.005837
26.989,0.190644
26.99,0.079948
26.991000000000003,-0.00613
26.992,0.033443
26.993,0.197465
26.994000000000003,0.051103
26.995,-0.162954
26.996,0.043113
26.997000000000003,0.084831
26.998,0.251606
26.999,-0.161379
27.000000000000004,0.207303
27.001,0.198858
27.002,0.218729
27.003000000000004,0.373078
27.004,0.092432
27.005000000000003,0.145056
27.006000000000004,0.246684
27.007,0.006707
27.008000000000003,-0.015167
27.009000000000004,0.058169
27.01,-0.009138
27.011000000000003,0.203756
27.012,0.397857
27.013,-0.010388
27.014000000000003,-0.112049
27.015,0.011705
27.016,0.356997
27.017000000000003,0.405622
27.018,0.06264
27.019,-0.289246
27.020000000000003,0.14812
27.021,-0.269159
27.022,-0.03059
27.023000000000003,0.156585
27.024,-0.156648
27.025,-0.102347
27.026000000000003,0.072881
27.027,-0.260769
27.028,-0.145351
27.029000000000003,0.071395
27.03,0.112291
27.031,0.077876
27.032000000000004,-0.061938
27.033,-0.196652
27.034,0.107781
27.035000000000004,-0.242437
27.036,0.380786
27.037000000000003,-0.672741
27.038000000000004,-0.003971
27.039,0.152766
27.040000000000003,0.388702
27.041000000000004,-0.079642
27.042,0.218338
27.043000000000003,0.203614
27.044,-0.185333
27.045,0.006931
27.046000000000003,-0.185051
27.047,0.050819
27.048,-0.056052
27.049000000000003,0.123761
27.05,0.122319
27.051,0.242505
27.052000000000003,0.02251
27.053,0.075709
27.054,-0.019415
27.055000000000003,-0.136005
27.056,-0.260348
27.057,0.196111
27.058000000000003,0.088189
27.059,0.045621
27.06,0.382495
27.061000000000003,-0.028256
27.062,0.025362
27.063,0.087559
27.064000000000004,0.288208
27.065,-0.003755
27.066000000000003,-0.170091
27.067000000000004,0.024819
27.068,0.036773
27.069000000000003,0.276788
27.070000000000004,0.145441
27.071,0.326124
27.072000000000003,0.125654
27.073000000000004,0.098135
27.074,0.306224
27.075000000000003,-0.182603
27.076,-0.26004
27.077,0.127963
27.078000000000003,-0.075257
27.079,0.044661
27.08,0.245668
27.081000000000003,-0.106165
27.082,0.053774
27.083,0.004078
27.084000000000003,0.003253
27.085,-0.273302
27.086,-0.213093
27.087000000000003,-0.089992
27.088,-0.0306
27.089,0.131643
27.090000000000003,-0.01748
27.091,0.258811
27.092,0.014676
27.093000000000004,0.078207
27.094,0.069512
27.095,-0.159047
27.096000000000004,0.063848
27.097,0.271999
27.098000000000003,-0.029235
27.099000000000004,0.07517
27.1,-0.081465
27.101000000000003,0.052212
27.102000000000004,0.204509
27.103,0.105621
27.104000000000003,-0.03979
27.105000000000004,-0.000183
27.106,0.166939
27.107000000000003,0.079503
27.108,-0.20183
27.109,-0.085978
27.110000000000003,0.014287
27.111,-0.003967
27.112,-0.366155
27.113000000000003,0.399199
27.114,0.067901
27.115,-0.19238
27.116000000000003,-0.015854
27.117,-0.350565
27.118,0.201249
27.119000000000003,0.304058
27.12,-0.254928
27.121,0.357822
27.122000000000003,0.066734
27.123,0.029399
27.124,-0.266083
27.125000000000004,0.196226
27.126,0.166166
27.127,-0.376634
27.128000000000004,-0.078988
27.129,-0.163868
27.130000000000003,-0.209002
27.131000000000004,-0.308939
27.132,0.039005
27.133000000000003,-0.029145
27.134000000000004,0.504922
27.135,-0.000237
27.136000000000003,0.040768
27.137,0.193526
27.138,0.441774
27.139000000000003,-0.025152
27.14,-0.045796
27.141,0.123291
27.142000000000003,0.027275
27.143,0.028248
27.144,0.111975
27.145000000000003,0.39237
27.146,-0.230384
27.147,-0.100172
27.148000000000003,0.217148
27.149,-0.121914
27.15,-0.164461
27.151000000000003,0.230688
27.152,0.097099
27.153,-0.024334
27.154000000000003,0.047705
27.155,-0.073352
27.156,-0.248806
27.157000000000004,-0.149843
27.158,-0.01324
27.159,0.070278
27.160000000000004,0.091503
27.161,0.247213
27.162000000000003,0.221642
27.163000000000004,0.161875
27.164,0.039239
27.165000000000003,0.126923
27.166000000000004,0.27246
27.167,0.131022
27.168000000000003,0.067847
27.169,0.356095
27.17,0.111581
27.171000000000003,0.244474
27.172,-0.250544
27.173,-0.020343
27.174000000000003,-0.137041
27.175,-0.392045
27.176,-0.103294
27.177000000000003,0.34368
27.178,-0.289173
27.179,0.085988
27.180000000000003,0.0645
27.181,0.132531
27.182,0.427353
27.183000000000003,0.149814
27.184,-0.108566
27.185,-0.078345
27.186000000000003,-0.051878
27.187,-0.049307
27.188,-0.221157
27.189000000000004,0.125347
27.19,0.333461
27.191000000000003,0.107578
27.192000000000004,0.154829
27.193,-0.13346
27.194000000000003,-0.166599
27.195000000000004,0.059281
27.196,-0.382021
27.197000000000003,-0.378574
27.198000000000004,-0.259596
27.199,0.149079
27.200000000000003,-0.026405
27.201,-0.162165
27.202,0.282535
27.203000000000003,0.164825
27.204,0.30116
27.205,-0.142775
27.206000000000003,-0.041711
27.207,-0.14305
27.208,-0.030601
27.209000000000003,0.164947
27.21,-0.261509
27.211,-0.081182
27.212000000000003,-0.156568
27.213,0.251764
27.214,0.03912
27.215000000000003,0.245925
27.216,-0.246744
27.217,-0.241466
27.218000000000004,-0.088757
27.219,-0.288502
27.22,0.04396
27.221000000000004,0.076914
27.222,0.093113
27.223000000000003,0.017046
27.224000000000004,0.000736
27.225,-0.169412
27.226000000000003,-0.360721
27.227000000000004,0.120031
27.228,-0.003012
27.229000000000003,-0.144672
27.230000000000004,-0.045491
27.231,0.08031
27.232000000000003,-0.243174
27.233,-0.127945
27.234,0.062167
27.235000000000003,-0.001064
27.236,0.112398
27.237,0.048345
27.238000000000003,-0.045923
27.239,-0.034786
27.24,0.024113
27.241000000000003,0.189115
27.242,0.012941
27.243,0.227127
27.244000000000003,-0.091612
27.245,-0.075444
27.246,-0.155012
27.247000000000003,-0.119956
27.248,0.119669
27.249,-0.041673
27.250000000000004,0.440248
27.251,-0.147801
27.252,0.114196
27.253000000000004,-0.030416
27.254,0.17248
27.255000000000003,0.142347
27.256000000000004,0.178263
27.257,-0.146571
27.258000000000003,0.088615
27.259000000000004,0.156958
27.26,-0.03279
27.261000000000003,-0.008002
27.262,0.191401
27.263,0.094895
27.264000000000003,-0.016761
27.265,-0.113201
27.266,-0.295
27.267000000000003,0.438278
27.268,-0.025868
27.269,0.328336
27.270000000000003,0.073493
27.271,-0.01467
27.272,0.28563
27.273000000000003,-0.126205
27.274,-0.037681
27.275,0.147521
27.276000000000003,0.311335
27.277,-0.443863
27.278,0.096696
27.279000000000003,0.00011
27.28,0.218564
27.281,0.13605
27.282000000000004,-0.026287
27.283,0.072941
27.284,0.497033
27.285000000000004,-0.180643
27.286,0.139706
27.287000000000003,-0.247145
27.288000000000004,-0.040002
27.289,0.095507
27.290000000000003,0.115208
27.291000000000004,-0.207612
27.292,0.592551
27.293000000000003,0.150824
27.294,-0.087756
27.295,0.179388
27.296000000000003,0.181446
27.297,0.015915
27.298,-0.032348
27.299000000000003,-0.022742
27.3,0.061864
27.301,-0.274956
27.302000000000003,-0.221305
27.303,0.067796
27.304,0.256769
27.305000000000003,0.017389
27.306,-0.110665
27.307,0.122535
27.308000000000003,0.336808
27.309,0.025632
27.31,-0.141494
27.311000000000003,-0.003139
27.312,0.239506
27.313,0.21375
27.314000000000004,0.131318
27.315,0.140074
27.316000000000003,-0.004854
27.317000000000004,-0.149394
27.318,-0.029621
27.319000000000003,0.056886
27.320000000000004,0.258183
27.321,0.041256
27.322000000000003,0.002158
27.323000000000004,0.209307
27.324,-0.085481
27.325000000000003,0.294728
27.326,-0.331143
27.327,-0.121493
27.328000000000003,-0.206231
27.329,-0.247869
27.33,0.249022
27.331000000000003,0.164448
27.332,0.399816
27.333,0.221674
27.334000000000003,0.195631
27.335,-0.142612
27.336,-0.166285
27.337000000000003,-0.015327
27.338,-0.129574
27.339,0.022079
27.340000000000003,-0.154076
27.341,0.245324
27.342,-0.04138
27.343000000000004,-0.151384
27.344,0.040885
27.345,0.258297
27.346000000000004,0.017479
27.347,0.167441
27.348000000000003,-0.223543
27.349000000000004,0.002003
27.35,-0.149922
27.351000000000003,0.17981
27.352000000000004,-0.12316
27.353,-0.265159
27.354000000000003,0.057862
27.355000000000004,0.010808
27.356,0.02859
27.357000000000003,0.208948
27.358,0.068773
27.359,0.267265
27.360000000000003,0.069748
27.361,-0.217
27.362,-0.178826
27.363000000000003,-0.245673
27.364,0.243303
27.365,0.223346
27.366000000000003,0.091594
27.367,0.011001
27.368,0.062972
27.369000000000003,-0.065888
27.37,-0.144425
27.371,0.210324
27.372000000000003,-0.063793
27.373,0.156166
27.374,-0.281296
27.375000000000004,-0.344624
27.376,0.191834
27.377,-0.15008
27.378000000000004,0.017416
27.379,0.275779
27.380000000000003,0.110107
27.381000000000004,-0.135506
27.382,0.106666
27.383000000000003,-0.09481
27.384000000000004,0.041333
27.385,-0.117688
27.386000000000003,0.297468
27.387000000000004,0.084645
27.388,-0.3286
27.389000000000003,0.412537
27.39,-0.135262
27.391,0.250476
27.392000000000003,0.079051
27.393,-0.245833
27.394,0.116567
27.395000000000003,0.218549
27.396,-0.039326
27.397,-0.283674
27.398000000000003,-0.163604
27.399,0.290211
27.4,-0.027622
27.401000000000003,-0.036533
27.402,0.332163
27.403,0.136174
27.404000000000003,-0.121159
27.405,-0.31762
27.406,0.004035
27.407000000000004,0.099949
27.408,0.193599
27.409,-0.126418
27.410000000000004,-0.311486
27.411,0.246336
27.412000000000003,0.071982
27.413000000000004,0.109618
27.414,-0.175874
27.415000000000003,0.079608
27.416000000000004,-0.071872
27.417,-0.001021
27.418000000000003,-0.086886
27.419,0.191297
27.42,-0.283686
27.421000000000003,0.149096
27.422,0.24704
27.423,0.145871
27.424000000000003,0.057669
27.425,-0.169024
27.426,-0.028078
27.427000000000003,-0.108531
27.428,0.114478
27.429,0.015042
27.430000000000003,0.001925
27.431,0.029583
27.432,-0.142534
27.433000000000003,-0.159362
27.434,0.340695
27.435,0.002304
27.436000000000003,-0.102212
27.437,0.012313
27.438,0.447965
27.439000000000004,0.217606
27.44,-0.22759
27.441000000000003,0.024917
27.442000000000004,-0.109985
27.443,0.654189
27.444000000000003,0.339685
27.445000000000004,-0.215547
27.446,0.041427
27.447000000000003,0.010838
27.448000000000004,0.131815
27.449,0.096985
27.450000000000003,0.293285
27.451,0.125036
27.452,0.198944
27.453000000000003,0.455442
27.454,0.03683
27.455,-0.350493
27.456000000000003,-0.099885
27.457,-0.377673
27.458,0.128646
27.459000000000003,-0.134535
27.46,-0.028487
27.461,0.090205
27.462000000000003,-0.156996
27.463,0.405101
27.464,-0.186773
27.465000000000003,-0.116911
27.466,-0.040067
27.467,-0.016921
27.468000000000004,0.072035
27.469,0.092672
27.47,-0.209243
27.471000000000004,0.05838
27.472,0.186844
27.473000000000003,-0.211816
27.474000000000004,-0.162753
27.475,-0.043404
27.476000000000003,-0.153146
27.477000000000004,0.20259
27.478,0.363796
27.479000000000003,-0.117298
27.480000000000004,-0.208466
27.481,-0.019149
27.482000000000003,0.134406
27.483,0.201591
27.484,0.279699
27.485000000000003,-0.011108
27.486,0.11511
27.487,0.159028
27.488000000000003,0.33744
27.489,-0.042495
27.49,-0.033701
27.491000000000003,-0.153862
27.492,-0.22831
27.493,0.029023
27.494000000000003,0.286718
27.495,0.026137
27.496,0.049799
27.497000000000003,-0.092078
27.498,0.170824
27.499,0.436228
27.500000000000004,-0.183282
27.501,-0.533144
27.502,-0.327326
27.503000000000004,0.017791
27.504,-0.258711
27.505000000000003,0.135235
27.506000000000004,0.128086
27.507,-0.160834
27.508000000000003,0.222971
27.509000000000004,0.120622
27.51,-0.027028
27.511000000000003,-0.154482
27.512000000000004,-0.138409
27.513,0.14863
27.514000000000003,0.038951
27.515,0.0467
27.516,0.233659
27.517000000000003,-0.059833
27.518,0.428829
27.519,0.230677
27.520000000000003,-0.104944
27.521,0.215847
27.522,-0.253988
27.523000000000003,-0.121509
27.524,0.073894
27.525,0.205426
27.526000000000003,0.169944
27.527,-0.370508
27.528,-0.173657
27.529000000000003,-0.122363
27.53,0.470956
27.531,0.029259
27.532000000000004,0.179842
27.533,0.103425
27.534,0.134488
27.535000000000004,0.110373
27.536,-0.071599
27.537000000000003,0.200005
27.538000000000004,-0.164296
27.539,0.028036
27.540000000000003,0.120341
27.541000000000004,0.183776
27.542,-0.090478
27.543000000000003,-0.047945
27.544,0.321483
27.545,0.169634
27.546000000000003,0.100237
27.547,0.093547
27.548,-0.277271
27.549000000000003,-0.254548
27.55,0.403075
27.551,0.154336
27.552000000000003,0.09182
27.553,0.0802
27.554,-0.080638
27.555000000000003,0.021511
27.556,0.082151
27.557,-0.003388
27.558000000000003,0.466521
27.559,0.013058
27.56,0.634259
27.561000000000003,-0.004049
27.562,-0.013151
27.563,-0.03501
27.564000000000004,0.186269
27.565,0.027363
27.566000000000003,-0.121692
27.567000000000004,0.340541
27.568,0.368435
27.569000000000003,-0.147215
27.570000000000004,-0.031678
27.571,-0.226484
27.572000000000003,-0.246722
27.573000000000004,-0.137844
27.574,-0.000438
27.575000000000003,-0.084431
27.576,0.153126
27.577,-0.160847
27.578000000000003,-0.187457
27.579,-0.020153
27.58,-0.032166
27.581000000000003,-0.132593
27.582,0.38751
27.583,0.177885
27.584000000000003,0.141297
27.585,0.012852
27.586,0.082426
27.587000000000003,-0.021976
27.588,0.04916
27.589,0.046067
27.590000000000003,0.062238
27.591,0.052753
27.592,-0.060875
27.593000000000004,-0.249178
27.594,0.119415
27.595,-0.122654
27.596000000000004,-0.308798
27.597,0.228529
27.598000000000003,0.110788
27.599000000000004,-0.182471
27.6,-0.028284
27.601000000000003,0.019048
27.602000000000004,0.152796
27.603,0.159362
27.604000000000003,0.30369
27.605000000000004,0.04284
27.606,-0.244071
27.607000000000003,0.162266
27.608,-0.360162
27.609,-0.108852
27.610000000000003,0.024845
27.611,-0.134795
27.612,0.053939
27.613000000000003,-0.382411
27.614,-0.045561
27.615,-0.199558
27.616000000000003,0.097826
27.617,-0.145685
27.618,-0.026114
27.619000000000003,-0.310333
27.62,-0.055122
27.621,0.325916
27.622000000000003,-0.070133
27.623,-0.114758
27.624,0.018585
27.625000000000004,0.160566
27.626,0.17424
27.627,0.34657
27.628000000000004,-0.294628
27.629,0.177258
27.630000000000003,0.072571
27.631000000000004,0.052347
27.632,-0.094622
27.633000000000003,0.281135
27.634000000000004,0.14778
27.635,0.118291
27.636000000000003,0.448634
27.637000000000004,0.435205
27.638,0.004532
27.639000000000003,0.493408
27.64,-0.140435
27.641,0.202169
27.642000000000003,0.10669
27.643,0.048561
27.644,0.245836
27.645000000000003,-0.144593
27.646,-0.101846
27.647,-0.016053
27.648000000000003,0.030741
27.649,0.270025
27.65,0.266634
27.651000000000003,0.093551
27.652,0.066841
27.653,0.224056
27.654000000000003,0.474579
27.655,0.154048
27.656,0.230789
27.657000000000004,-0.070858
27.658,0.291871
27.659,-0.204387
27.660000000000004,0.085417
27.661,0.207634
27.662000000000003,0.1796
27.663000000000004,0.056002
27.664,0.153096
27.665000000000003,-0.101663
27.666000000000004,-0.098133
27.667,0.249176
27.668000000000003,-0.151482
27.669000000000004,0.148233
27.67,0.38836
27.671000000000003,0.093683
27.672,-0.019643
27.673,0.364246
27.674000000000003,0.108027
27.675,-0.098012
27.676,-0.293285
27.677000000000003,0.066936
27.678,0.041248
27.679,0.067952
27.680000000000003,0.117602
27.681,0.267589
27.682,0.258689
27.683000000000003,0.039461
27.684,0.298867
27.685,-0.032459
27.686000000000003,0.134952
27.687,0.043868
27.688,-0.444769
27.689000000000004,-0.062205
27.69,0.254881
27.691000000000003,0.233057
27.692000000000004,0.016118
27.693,-0.028766
27.694000000000003,0.109426
27.695000000000004,-0.096842
27.696,-0.051309
27.697000000000003,-0.214127
27.698000000000004,-0.034584
27.699,0.09912
27.700000000000003,0.233235
27.701,-0.160946
27.702,0.350215
27.703000000000003,0.108962
27.704,0.135301
27.705,0.027031
27.706000000000003,0.269799
27.707,0.37108
27.708,-0.132548
27.709000000000003,-0.112575
27.71,-0.393771
27.711,0.265302
27.712000000000003,0.203556
27.713,-0.113054
27.714,-0.072708
27.715000000000003,-0.020972
27.716,-0.085055
27.717,0.128323
27.718000000000004,0.140044
27.719,0.43662
27.72,0.576225
27.721000000000004,-0.097746
27.722,0.023202
27.723000000000003,0.026172
27.724000000000004,-0.324236
27.725,-0.265465
27.726000000000003,0.035624
27.727000000000004,0.170038
27.728,-0.360545
27.729000000000003,-0.297433
27.730000000000004,-0.211654
27.731,-0.030764
27.732000000000003,-0.066038
27.733,0.249796
27.734,-0.003432
27.735000000000003,-0.044904
27.736,0.000615
27.737,-0.055326
27.738000000000003,-0.22224
27.739,0.205962
27.74,-0.278942
27.741000000000003,0.034862
27.742,-0.224989
27.743,0.01072
27.744000000000003,-0.068739
27.745,-0.091569
27.746,-0.181069
27.747000000000003,0.212287
27.748,-0.131999
27.749,0.299966
27.750000000000004,-0.086775
27.751,-0.035472
27.752,0.585854
27.753000000000004,0.198328
27.754,-0.00858
27.755000000000003,-0.349378
27.756000000000004,0.072279
27.757,0.051693
27.758000000000003,0.002692
27.759000000000004,0.087464
27.76,0.147197
27.761000000000003,0.20316
27.762000000000004,0.606316
27.763,0.222932
27.764000000000003,0.254987
27.765,-0.037851
27.766,-0.118358
27.767000000000003,0.076736
27.768,0.027096
27.769,0.180158
27.770000000000003,-0.153437
27.771,0.08931
27.772,0.18504
27.773000000000003,0.288308
27.774,-0.138199
27.775,0.118182
27.776000000000003,-0.174226
27.777,0.238171
27.778,0.123921
27.779000000000003,0.135677
27.78,0.163348
27.781,0.070552
27.782000000000004,0.026141
27.783,0.077779
27.784,0.217821
27.785000000000004,0.276198
27.786,0.059944
27.787000000000003,0.24095
27.788000000000004,0.122539
27.789,0.252546
27.790000000000003,-0.152756
27.791000000000004,0.011183
27.792,0.009496
27.793000000000003,0.015261
27.794000000000004,0.142569
27.795,-0.04812
27.796000000000003,0.203941
27.797,0.399602
27.798,-0.063305
27.799000000000003,0.188448
27.8,0.026766
27.801,-0.035195
27.802000000000003,-0.359242
27.803,-0.149529
27.804,0.201534
27.805000000000003,0.537573
27.806,-0.00083
27.807,0.038041
27.808000000000003,-0.168873
27.809,-0.237783
27.81,-0.143889
27.811000000000003,0.113471
27.812,0.063641
27.813,0.341495
27.814000000000004,0.037217
27.815,-0.01708
27.816000000000003,-0.139423
27.817000000000004,0.320965
27.818,0.041558
27.819000000000003,-0.084475
27.820000000000004,-0.170437
27.821,-0.05499
27.822000000000003,-0.413086
27.823000000000004,0.308696
27.824,-0.126182
27.825000000000003,-0.050066
27.826,0.056205
27.827,-0.094772
27.828000000000003,-0.240805
27.829,0.109648
27.83,0.193563
27.831000000000003,0.033807
27.832,-0.266462
27.833,0.157502
27.834000000000003,0.090055
27.835,-0.121134
27.836,0.151461
27.837000000000003,0.079247
27.838,0.099792
27.839,-0.020271
27.840000000000003,-0.172892
27.841,-0.101873
27.842,-0.14932
27.843000000000004,-0.228638
27.844,0.079665
27.845,-0.04854
27.846000000000004,0.002444
27.847,0.240721
27.848000000000003,-0.006005
27.849000000000004,-0.210192
27.85,-0.211953
27.851000000000003,0.048111
27.852000000000004,-0.093723
27.853,-0.034455
27.854000000000003,0.183964
27.855000000000004,-0.165259
27.856,0.163989
27.857000000000003,-0.325453
27.858,0.076692
27.859,0.002352
27.860000000000003,0.02059
27.861,0.068131
27.862,-0.050608
27.863000000000003,0.128284
27.864,0.156935
27.865,0.013847
27.866000000000003,0.275075
27.867,0.361489
27.868,-0.0849
27.869000000000003,-0.24191
27.87,0.126196
27.871,-0.155591
27.872000000000003,-0.083606
27.873,0.181563
27.874,-0.264613
27.875000000000004,-0.045255
27.876,0.29632
27.877,-0.08986
27.878000000000004,0.215228
27.879,0.191611
27.880000000000003,0.066123
27.881000000000004,-0.029322
27.882,0.067192
27.883000000000003,-0.016721
27.884000000000004,-0.310934
27.885,0.051947
27.886000000000003,0.008337
27.887000000000004,0.053933
27.888,-0.178062
27.889000000000003,-0.138579
27.89,-0.082309
27.891,0.253525
27.892000000000003,0.184048
27.893,-0.083316
27.894,0.223615
27.895000000000003,0.180421
27.896,0.087961
27.897,0.083745
27.898000000000003,-0.298666
27.899,-0.164639
27.9,0.261524
27.901000000000003,-0.07174
27.902,-0.025572
27.903,0.48535
27.904000000000003,-0.015914
27.905,0.191854
27.906,0.29428
27.907000000000004,-0.085323
27.908,0.286776
27.909,0.142689
27.910000000000004,-0.23805
27.911,0.09047
27.912000000000003,0.096645
27.913000000000004,-0.003506
27.914,-0.104871
27.915000000000003,0.504747
27.916000000000004,-0.016287
27.917,-0.156363
27.918000000000003,0.066452
27.919000000000004,0.411297
27.92,0.031009
27.921000000000003,0.051758
27.922,0.256012
27.923,0.219656
27.924000000000003,0.380394
27.925,0.141612
27.926,-0.068588
27.927000000000003,0.199794
27.928,0.074674
27.929,0.21493
27.930000000000003,-0.046333
27.931,-0.167875
27.932,-0.065744
27.933000000000003,0.021889
27.934,0.024058
27.935,-0.063995
27.936000000000003,-0.256357
27.937,0.016551
27.938,0.0485
27.939000000000004,-0.119351
27.94,0.106939
27.941000000000003,0.191341
27.942000000000004,0.157886
27.943,-0.084901
27.944000000000003,-0.055445
27.945000000000004,0.040502
27.946,0.018934
27.947000000000003,-0.052743
27.948000000000004,-0.359467
27.949,-0.017596
27.950000000000003,-0.170316
27.951,0.195742
27.952,0.170938
27.953000000000003,0.21154
27.954,-0.077728
27.955,0.157483
27.956000000000003,0.047193
27.957,-0.14423
27.958,0.085518
27.959000000000003,0.132014
27.96,-0.436071
27.961,0.072286
27.962000000000003,-0.130758
27.963,-0.2868
27.964,-0.106454
27.965000000000003,0.100284
27.966,0.425725
27.967,-0.079363
27.968000000000004,0.375201
27.969,0.262116
27.97,0.136525
27.971000000000004,0.11468
27.972,-0.044771
27.973000000000003,0.362838
27.974000000000004,0.079373
27.975,-0.152288
27.976000000000003,0.178221
27.977000000000004,0.041061
27.978,0.172458
27.979000000000003,0.344712
27.980000000000004,-0.228834
27.981,-0.170243
27.982000000000003,-0.447816
27.983,-0.270076
27.984,-0.109007
27.985000000000003,-0.183278
27.986,-0.130838
27.987,0.190418
27.988000000000003,-0.095214
27.989,0.345079
27.99,0.278419
27.991000000000003,-0.07905
27.992,0.156495
27.993,-0.048693
27.994000000000003,0.199344
27.995,0.113203
27.996,0.594349
27.997000000000003,0.23463
27.998,0.002938
27.999,-0.040774
28.000000000000004,0.329839
28.001,0.002801
28.002,-0.121839
28.003000000000004,0.072797
28.004,0.202793
28.005000000000003,-0.200919
28.006000000000004,-0.112726
28.007,0.117257
28.008000000000003,0.084562
28.009000000000004,-0.108277
28.01,-0.095895
28.011000000000003,0.024541
28.012000000000004,0.060621
28.013,0.16347
28.014000000000003,-0.152552
28.015,0.217222
28.016,0.175658
28.017000000000003,0.178521
28.018,-0.059701
28.019,0.30304
28.020000000000003,0.076806
28.021,-0.12801
28.022,-0.49793
28.023000000000003,0.01332
28.024,0.233706
28.025,-0.092213
28.026000000000003,0.057301
28.027,-0.010431
28.028,-0.08549
28.029000000000003,0.064972
28.03,-0.110149
28.031,0.174326
28.032000000000004,-0.053792
28.033,0.065822
28.034,0.267316
28.035000000000004,-0.227991
28.036,0.135517
28.037000000000003,0.05494
28.038000000000004,-0.050314
28.039,-0.296194
28.040000000000003,-0.059191
28.041000000000004,-0.021254
28.042,-0.073619
28.043000000000003,0.103843
28.044000000000004,0.173494
28.045,-0.11829
28.046000000000003,0.113365
28.047,-0.025111
28.048,-0.318477
28.049000000000003,0.142817
28.05,-0.079462
28.051,0.459218
28.052000000000003,-0.078404
28.053,0.135076
28.054,0.014762
28.055000000000003,0.167795
28.056,-0.008512
28.057,-0.06888
28.058000000000003,0.169878
28.059,-0.219819
28.06,0.239125
28.061000000000003,0.197093
28.062,0.008597
28.063,0.33518
28.064000000000004,0.173108
28.065,-0.36245
28.066000000000003,0.173515
28.067000000000004,-0.112993
28.068,0.17562
28.069000000000003,0.129127
28.070000000000004,0.13135
28.071,-0.068273
28.072000000000003,0.092577
28.073000000000004,-0.092545
28.074,0.213634
28.075000000000003,-0.275735
28.076000000000004,-0.263693
28.077,-0.247864
28.078000000000003,0.00539
28.079,-0.039621
28.08,-0.261486
28.081000000000003,-0.123068
28.082,0.125772
28.083,0.043352
28.084000000000003,-0.233546
28.085,-0.015046
28.086,0.022832
28.087000000000003,-0.002764
28.088,-0.309157
28.089,0.345521
28.090000000000003,-0.030993
28.091,-0.257752
28.092,-0.280463
28.093000000000004,-0.390514
28.094,-0.067401
28.095,-0.063824
28.096000000000004,0.074554
28.097,-0.126578
28.098000000000003,-0.351799
28.099000000000004,-0.040083
28.1,0.028417
28.101000000000003,0.241957
28.102000000000004,-0.041274
28.103,0.365546
28.104000000000003,0.131899
28.105000000000004,-0.09821
28.106,0.050316
28.107000000000003,0.269177
28.108,0.081525
28.109,0.332323
28.110000000000003,0.322253
28.111,-0.172637
28.112,-0.137595
28.113000000000003,-0.330753
28.114,-0.078679
28.115,0.205243
28.116000000000003,0.200013
28.117,0.028354
28.118,0.015952
28.119000000000003,-0.219532
28.12,0.087709
28.121,0.147495
28.122000000000003,0.213801
28.123,0.324073
28.124,0.004036
28.125000000000004,0.000679
28.126,0.076128
28.127,0.297823
28.128000000000004,0.214754
28.129,0.36553
28.130000000000003,-0.438811
28.131000000000004,0.564325
28.132,0.192787
28.133000000000003,-0.063002
28.134000000000004,0.16618
28.135,0.26394
28.136000000000003,0.188638
28.137000000000004,0.024926
28.138,0.068364
28.139000000000003,-0.113512
28.14,-0.178659
28.141,-0.162056
28.142000000000003,-0.058906
28.143,0.445988
28.144,-0.211231
28.145000000000003,0.24223
28.146,0.067048
28.147,-0.036393
28.148000000000003,0.302618
28.149,-0.30121
28.15,0.395835
28.151000000000003,0.311941
28.152,-0.193844
28.153,0.220345
28.154000000000003,-0.08276
28.155,0.120264
28.156,0.304245
28.157000000000004,0.171009
28.158,-0.026648
28.159,0.289077
28.160000000000004,-0.157079
28.161,-0.056387
28.162000000000003,0.061963
28.163000000000004,0.167771
28.164,0.387091
28.165000000000003,0.38388
28.166000000000004,0.125836
28.167,-0.03237
28.168000000000003,0.033332
28.169000000000004,-0.024323
28.17,-0.247879
28.171000000000003,-0.171403
28.172,-0.150281
28.173,0.333767
28.174000000000003,0.056763
28.175,0.170899
28.176,-0.05733
28.177000000000003,0.123753
28.178,0.150573
28.179,0.112861
28.180000000000003,-0.110231
28.181,-0.010041
28.182,-0.095258
28.183000000000003,0.040693
28.184,0.34229
28.185,-0.247209
28.186000000000003,0.004659
28.187,-0.166197
28.188,0.000158
28.189000000000004,-0.089321
28.19,-0.048251
28.191000000000003,-0.228586
28.192000000000004,0.296234
28.193,-0.055823
28.194000000000003,-0.005877
28.195000000000004,0.265611
28.196,0.013408
28.197000000000003,-0.010553
28.198000000000004,-0.153161
28.199,0.051724
28.200000000000003,-0.365779
28.201000000000004,0.34458
28.202,0.223199
28.203000000000003,-0.120566
28.204,-0.06055
28.205,0.055216
28.206000000000003,-0.082783
28.207,-0.115111
28.208,-0.067316
28.209000000000003,0.168626
28.21,0.100758
28.211,-0.081385
28.212000000000003,0.258989
28.213,0.13593
28.214,0.270157
28.215000000000003,0.314887
28.216,-0.132445
28.217,0.247827
28.218000000000004,0.273516
28.219,-0.008214
28.22,0.14379
28.221000000000004,0.110163
28.222,0.345115
28.223000000000003,-0.15844
28.224000000000004,-0.119125
28.225,0.273516
28.226000000000003,0.433732
28.227000000000004,0.293185
28.228,-0.131226
28.229000000000003,0.169115
28.230000000000004,0.177713
28.231,0.078267
28.232000000000003,0.144126
28.233,0.057641
28.234,0.211332
28.235000000000003,-0.050548
28.236,0.02022
28.237,-0.129676
28.238000000000003,0.040219
28.239,0.177864
28.24,0.078622
28.241000000000003,-0.094397
28.242,0.016724
28.243,0.269221
28.244000000000003,0.091127
28.245,0.023067
28.246,0.089227
28.247000000000003,0.059305
28.248,0.494482
28.249,-0.152819
28.250000000000004,0.250456
28.251,0.261792
28.252,-0.121359
28.253000000000004,-0.084935
28.254,-0.1549
28.255000000000003,-0.076125
28.256000000000004,-0.024291
28.257,-0.046624
28.258000000000003,0.114354
28.259000000000004,-0.124092
28.26,0.044
28.261000000000003,-0.212039
28.262000000000004,-0.027658
28.263,0.171586
28.264000000000003,-0.002928
28.265,-0.055846
28.266,0.148928
28.267000000000003,0.156752
28.268,0.172127
28.269,0.006367
28.270000000000003,0.407331
28.271,-0.443442
28.272,-0.555958
28.273000000000003,-0.174712
28.274,0.128216
28.275,0.182883
28.276000000000003,-0.117973
28.277,-0.255527
28.278,0.222303
28.279000000000003,-0.114163
28.28,-0.021332
28.281,-0.018642
28.282000000000004,-0.011974
28.283,0.027138
28.284,0.273453
28.285000000000004,0.028496
28.286,-0.325173
28.287000000000003,0.215603
28.288000000000004,-0.167705
28.289,-0.076236
28.290000000000003,0.498649
28.291000000000004,-0.0547
28.292,-0.175897
28.293000000000003,0.003275
28.294000000000004,0.125586
28.295,0.007959
28.296000000000003,-0.006779
28.297,0.161868
28.298,0.146446
28.299000000000003,0.550204
28.3,0.22754
28.301,0.24449
28.302000000000003,0.116491
28.303,-0.053737
28.304,-0.085017
28.305000000000003,-0.147161
28.306,0.1239
28.307,0.110609
28.308000000000003,-0.120144
28.309,0.30384
28.31,0.150762
28.311000000000003,-0.015287
28.312,-0.129805
28.313,-0.136494
28.314000000000004,0.212976
28.315,0.060945
28.316000000000003,0.123518
28.317000000000004,0.098724
28.318,0.040658
28.319000000000003,-0.241323
28.320000000000004,0.071615
28.321,-0.021289
28.322000000000003,0.136253
28.323000000000004,0.122777
28.324,0.329409
28.325000000000003,0.248949
28.326000000000004,0.237051
28.327,-0.204175
28.328000000000003,-0.308108
28.329,-0.269559
28.33,-0.239684
28.331000000000003,-0.121629
28.332,-0.319041
28.333,-0.283687
28.334000000000003,-0.102048
28.335,-0.144487
28.336,-0.173452
28.337000000000003,-0.167347
28.338,0.276076
28.339,-0.101219
28.340000000000003,0.094244
28.341,0.323167
28.342,-0.165434
28.343000000000004,0.090344
28.344,0.199296
28.345,-0.009864
28.346000000000004,0.024945
28.347,0.151557
28.348000000000003,0.085213
28.349000000000004,0.109168
28.35,-0.120554
28.351000000000003,-0.262036
28.352000000000004,-0.035472
28.353,-0.073774
28.354000000000003,-0.158057
28.355000000000004,0.580025
28.356,0.033627
28.357000000000003,-0.092315
28.358000000000004,-0.234046
28.359,0.042865
28.360000000000003,0.035941
28.361,0.155047
28.362,0.077941
28.363000000000003,-0.183933
28.364,0.185708
28.365,0.024898
28.366000000000003,0.131963
28.367,-0.132611
28.368,0.029155
28.369000000000003,0.347282
28.37,-0.047013
28.371,0.212758
28.372000000000003,0.020564
28.373,0.243761
28.374,-0.128312
28.375000000000004,0.526333
28.376,0.164748
28.377,-0.058365
28.378000000000004,-0.272481
28.379,0.223498
28.380000000000003,0.035078
28.381000000000004,0.305028
28.382,-0.264651
28.383000000000003,-0.026867
28.384000000000004,-0.1079
28.385,0.221167
28.386000000000003,0.052647
28.387000000000004,0.085299
28.388,-0.033482
28.389000000000003,0.117989
28.39,0.104033
28.391,-0.056338
28.392000000000003,-0.326066
28.393,0.076249
28.394,0.337286
28.395000000000003,-0.338433
28.396,-0.29967
28.397,-0.069827
28.398000000000003,-0.012472
28.399,-0.514937
28.4,0.111759
28.401000000000003,-0.110859
28.402,0.073095
28.403,0.172254
28.404000000000003,0.014048
28.405,0.133498
28.406,-0.060654
28.407000000000004,0.072935
28.408,-0.277351
28.409,0.236741
28.410000000000004,-0.175602
28.411,0.224593
28.412000000000003,0.256649
28.413000000000004,0.143095
28.414,-0.195279
28.415000000000003,0.130595
28.416000000000004,0.269988
28.417,0.177139
28.418000000000003,0.141611
28.419000000000004,-0.004354
28.42,0.380392
28.421000000000003,0.135021
28.422,0.158151
28.423,-0.118304
28.424000000000003,0.161354
28.425,-0.129691
28.426,0.056889
28.427000000000003,-0.038917
28.428,0.216268
28.429,-0.13858
28.430000000000003,-0.094722
28.431,0.363219
28.432,0.151953
28.433000000000003,0.277117
28.434,0.408761
28.435,0.13022
28.436000000000003,-0.150968
28.437,0.128054
28.438,0.133097
28.439000000000004,-0.137465
28.44,0.133725
28.441000000000003,0.201076
28.442000000000004,-0.673016
28.443,-0.29479
28.444000000000003,0.14966
28.445000000000004,-0.11244
28.446,0.413508
28.447000000000003,-0.053776
28.448000000000004,0.10629
28.449,-0.05485
28.450000000000003,0.404265
28.451000000000004,-0.045129
28.452,0.209057
28.453000000000003,-0.128914
28.454,0.102737
28.455,0.098025
28.456000000000003,0.135537
28.457,0.127767
28.458,-0.093067
28.459000000000003,0.208315
28.46,0.162564
28.461,0.097603
28.462000000000003,-0.049008
28.463,-0.155626
28.464,0.307715
28.465000000000003,0.082459
28.466,-0.140445
28.467,-0.094903
28.468000000000004,0.249742
28.469,0.222676
28.47,-0.162698
28.471000000000004,0.153959
28.472,0.058953
28.473000000000003,-0.092871
28.474000000000004,0.075962
28.475,0.372592
28.476000000000003,0.129866
28.477000000000004,-0.08758
28.478,0.068171
28.479000000000003,0.335343
28.480000000000004,0.034081
28.481,0.195109
28.482000000000003,0.104815
28.483000000000004,0.353654
28.484,0.452603
28.485000000000003,0.390524
28.486,-0.144578
28.487,-0.010203
28.488000000000003,-0.052231
28.489,-0.056778
28.49,0.078962
28.491000000000003,-0.277418
28.492,-0.024126
28.493,0.049654
28.494000000000003,0.018303
28.495,-0.011986
28.496,0.371563
28.497000000000003,0.202197
28.498,0.104583
28.499,-0.061106
28.500000000000004,0.23398
28.501,-0.134969
28.502,0.213205
28.503000000000004,-0.067901
28.504,0.011614
28.505000000000003,0.089264
28.506000000000004,-0.136592
28.507,-0.209514
28.508000000000003,0.006689
28.509000000000004,0.298582
28.51,0.427752
28.511000000000003,0.298717
28.512000000000004,0.274189
28.513,0.045676
28.514000000000003,0.140727
28.515,-0.167293
28.516,-0.022689
28.517000000000003,0.078647
28.518,-0.173336
28.519,0.213887
28.520000000000003,0.132018
28.521,-0.17717
28.522,-0.19651
28.523000000000003,-0.122204
28.524,0.08501
28.525,0.159307
28.526000000000003,-0.133755
28.527,-0.282087
28.528,0.197283
28.529000000000003,0.276693
28.53,0.169847
28.531,0.595102
28.532000000000004,-0.021695
28.533,-0.076112
28.534,0.177255
28.535000000000004,0.044442
28.536,-0.167831
28.537000000000003,-0.04087
28.538000000000004,0.050145
28.539,-0.094104
28.540000000000003,-0.09648
28.541000000000004,-0.095099
28.542,0.155664
28.543000000000003,-0.032464
28.544000000000004,-0.191127
28.545,0.014088
28.546000000000003,-0.146577
28.547,-0.050884
28.548,-0.168132
28.549000000000003,0.104915
28.55,0.106281
28.551,0.209278
28.552000000000003,-0.127168
28.553,-0.250963
28.554,0.192199
28.555000000000003,0.290372
28.556,0.088348
28.557,0.08856
28.558000000000003,0.074342
28.559,0.334668
28.56,0.179216
28.561000000000003,0.201719
28.562,0.240874
28.563,-0.421742
28.564000000000004,-0.098314
28.565,-0.101183
28.566000000000003,0.215795
28.567000000000004,-0.049132
28.568,0.120469
28.569000000000003,-0.010551
28.570000000000004,0.136929
28.571,0.061249
28.572000000000003,0.229551
28.573000000000004,0.200807
28.574,-0.352246
28.575000000000003,0.042151
28.576000000000004,0.059634
28.577,0.302516
28.578000000000003,0.202267
28.579,0.066452
28.58,0.087027
28.581000000000003,0.107441
28.582,-0.107452
28.583,-0.290071
28.584000000000003,-0.004387
28.585,0.089565
28.586,0.046749
28.587000000000003,-0.18043
28.588,-0.121625
28.589,0.126818
28.590000000000003,-0.120312
28.591,-0.015704
28.592,0.289541
28.593000000000004,0.190279
28.594,-0.057094
28.595,0.240817
28.596000000000004,-0.063332
28.597,0.034434
28.598000000000003,-0.014177
28.599000000000004,-0.055829
28.6,0.019821
28.601000000000003,0.118278
28.602000000000004,0.190449
28.603,0.328207
28.604000000000003,0.054479
28.605000000000004,0.058706
28.606,0.057998
28.607000000000003,-0.035489
28.608000000000004,-0.064536
28.609,0.109514
28.610000000000003,-0.119002
28.611,0.089916
28.612,-0.026167
28.613000000000003,-0.105532
28.614,0.068626
28.615,0.317912
28.616000000000003,0.090499
28.617,0.010456
28.618,0.101021
28.619000000000003,0.015799
28.62,0.089454
28.621,0.168512
28.622000000000003,0.073656
28.623,0.032984
28.624,-0.016598
28.625000000000004,-0.060187
28.626,0.392979
28.627,0.058261
28.628000000000004,0.1237
28.629,0.382085
28.630000000000003,0.538792
28.631000000000004,-0.128152
28.632,-0.289273
28.633000000000003,-0.326529
28.634000000000004,-0.133406
28.635,-0.187706
28.636000000000003,-0.093609
28.637000000000004,0.03828
28.638,0.103733
28.639000000000003,0.241243
28.64,-0.089281
28.641,-0.032186
28.642000000000003,-0.111094
28.643,-0.011816
28.644,-0.015736
28.645000000000003,0.277873
28.646,-0.050217
28.647,0.053469
28.648000000000003,0.359937
28.649,0.035414
28.65,-0.130907
28.651000000000003,-0.059256
28.652,0.241015
28.653,0.092432
28.654000000000003,-0.021779
28.655,-0.237402
28.656,0.10862
28.657000000000004,-0.242311
28.658,-0.292426
28.659,-0.194212
28.660000000000004,-0.313941
28.661,-0.509174
28.662000000000003,0.190055
28.663000000000004,-0.066323
28.664,0.31784
28.665000000000003,0.04227
28.666000000000004,0.060617
28.667,-0.309302
28.668000000000003,-0.154318
28.669000000000004,0.08386
28.67,-0.138295
28.671000000000003,-0.210807
28.672,-0.095342
28.673,-0.17091
28.674000000000003,-0.122369
28.675,0.022862
28.676,0.029865
28.677000000000003,-0.008668
28.678,0.09058
28.679,0.012538
28.680000000000003,0.105374
28.681,0.398935
28.682,-0.210119
28.683000000000003,0.579777
28.684,0.058312
28.685,0.482218
28.686000000000003,0.202947
28.687,-0.128629
28.688,-0.140922
28.689000000000004,-0.020251
28.69,-0.095511
28.691000000000003,0.246392
28.692000000000004,-0.121106
28.693,0.10975
28.694000000000003,0.144481
28.695000000000004,-0.081703
28.696,0.183162
28.697000000000003,-0.036734
28.698000000000004,0.075129
28.699,0.067672
28.700000000000003,0.177737
28.701000000000004,-0.06724
28.702,0.08662
28.703000000000003,-0.028571
28.704,0.144814
28.705,0.355252
28.706000000000003,0.180047
28.707,-0.223002
28.708,-0.314598
28.709000000000003,-0.123853
28.71,-0.232445
28.711,-0.189027
28.712000000000003,-0.217862
28.713,0.09798
28.714,-0.073165
28.715000000000003,0.156286
28.716,-0.075709
28.717,0.017497
28.718000000000004,0.321594
28.719,0.040629
28.72,-0.391521
28.721000000000004,0.097622
28.722,0.045484
28.723000000000003,0.198714
28.724000000000004,-0.092699
28.725,0.176966
28.726000000000003,0.129201
28.727000000000004,0.126799
28.728,0.186386
28.729000000000003,0.13406
28.730000000000004,0.072567
28.731,0.093917
28.732000000000003,0.07878
28.733000000000004,0.226156
28.734,0.054691
28.735000000000003,-0.039945
28.736,0.009404
28.737,-0.032246
28.738000000000003,0.057539
28.739,0.266223
28.74,0.027998
28.741000000000003,0.177794
28.742,-0.059813
28.743,0.174027
28.744000000000003,0.203283
28.745,0.055589
28.746,0.046458
28.747000000000003,-0.250324
28.748,0.08222
28.749,-0.138437
28.750000000000004,-0.305143
28.751,-0.122059
28.752,-0.139853
28.753000000000004,0.116248
28.754,0.30048
28.755000000000003,-0.013652
28.756000000000004,-0.143296
28.757,-0.154867
28.758000000000003,-0.163584
28.759000000000004,-0.058989
28.76,-0.182574
28.761000000000003,0.245452
28.762000000000004,-0.094918
28.763,0.102212
28.764000000000003,0.01075
28.765000000000004,0.182624
28.766,-0.32062
28.767000000000003,0.098176
28.768,0.051773
28.769,-0.090058
28.770000000000003,-0.065047
28.771,0.231035
28.772,-0.17971
28.773000000000003,-0.084715
28.774,0.1714
28.775,0.194651
28.776000000000003,-0.022884
28.777,0.118523
28.778,-0.246596
28.779000000000003,0.082713
28.78,0.278653
28.781,0.419896
28.782000000000004,0.172595
28.783,0.05366
28.784,0.077062
28.785000000000004,0.132331
28.786,0.296091
28.787000000000003,0.079651
28.788000000000004,0.031745
28.789,-0.243316
28.790000000000003,0.070326
28.791000000000004,0.167238
28.792,-0.295602
28.793000000000003,-0.143595
28.794000000000004,0.18701
28.795,-0.241738
28.796000000000003,-0.080311
28.797,0.251948
28.798,0.000395
28.799000000000003,-0.292339
28.8,-0.249034
28.801,-0.204538
28.802000000000003,0.181675
28.803,-0.355963
28.804,0.111025
28.805000000000003,0.180924
28.806,0.234587
28.807,0.295781
28.808000000000003,0.183775
28.809,0.519211
28.81,-0.146655
28.811000000000003,0.236648
28.812,-0.153201
28.813,-0.416095
28.814000000000004,-0.114553
28.815,-0.162056
28.816000000000003,-0.231401
28.817000000000004,0.060658
28.818,0.173761
28.819000000000003,-0.332618
28.820000000000004,0.032599
28.821,-0.150417
28.822000000000003,0.123961
28.823000000000004,0.469041
28.824,0.332909
28.825000000000003,0.382572
28.826000000000004,-0.147534
28.827,-0.366102
28.828000000000003,0.169134
28.829,-0.001591
28.83,-0.128661
28.831000000000003,-0.169452
28.832,0.110785
28.833,0.239484
28.834000000000003,-0.238472
28.835,0.412827
28.836,-0.09676
28.837000000000003,0.18592
28.838,0.31154
28.839,-0.127941
28.840000000000003,0.085348
28.841,-0.146468
28.842,-0.183372
28.843000000000004,-0.143196
28.844,-0.244586
28.845,-0.01472
28.846000000000004,0.09362
28.847,0.068377
28.848000000000003,-0.24707
28.849000000000004,0.237142
28.85,0.014954
28.851000000000003,-0.141027
28.852000000000004,0.241855
28.853,-0.265124
28.854000000000003,0.085044
28.855000000000004,-0.454193
28.856,-0.031661
28.857000000000003,0.17994
28.858000000000004,0.028185
28.859,0.248551
28.860000000000003,0.033367
28.861,-0.014309
28.862,-0.330626
28.863000000000003,-0.339666
28.864,-0.212885
28.865,0.115899
28.866000000000003,0.108895
28.867,0.011406
28.868,0.383975
28.869000000000003,-0.278823
28.87,-0.046131
28.871,0.112015
28.872000000000003,0.015577
28.873,0.206203
28.874,0.227853
28.875000000000004,0.474617
28.876,0.101431
28.877,-0.065126
28.878000000000004,-0.060544
28.879,0.188031
28.880000000000003,0.660926
28.881000000000004,0.253132
28.882,-0.104977
28.883000000000003,-0.086039
28.884000000000004,0.103745
28.885,0.033928
28.886000000000003,-0.202415
28.887000000000004,0.350998
28.888,-0.178703
28.889000000000003,-0.21446
28.890000000000004,-0.069242
28.891,0.108335
28.892000000000003,0.26147
28.893,0.112825
28.894,0.105535
28.895000000000003,0.131184
28.896,0.094557
28.897,-0.006467
28.898000000000003,0.034209
28.899,0.189383
28.9,0.111718
28.901000000000003,0.031974
28.902,0.038518
28.903,-0.088409
28.904000000000003,0.06482
28.905,-0.118348
28.906,-0.040586
28.907000000000004,0.082261
28.908,0.013935
28.909,-0.095383
28.910000000000004,0.434976
28.911,-0.067808
28.912000000000003,-0.026686
28.913000000000004,0.27736
28.914,-0.011421
28.915000000000003,-0.069338
28.916000000000004,0.00929
28.917,-0.358404
28.918000000000003,-0.031275
28.919000000000004,0.06666
28.92,-0.007779
28.921000000000003,0.011556
28.922,0.18495
28.923,0.255599
28.924000000000003,0.094634
28.925,-0.045405
28.926,-0.067954
28.927000000000003,0.167523
28.928,-0.118241
28.929,0.304902
28.930000000000003,0.144921
28.931,0.085513
28.932,-0.163935
28.933000000000003,-0.268536
28.934,-0.07794
28.935,0.246487
28.936000000000003,0.131265
28.937,0.050809
28.938,-0.016677
28.939000000000004,-0.141803
28.94,0.00672
28.941000000000003,0.049457
28.942000000000004,0.007445
28.943,0.197455
28.944000000000003,-0.156727
28.945000000000004,-0.258449
28.946,0.039688
28.947000000000003,0.058489
28.948000000000004,-0.108976
28.949,0.015838
28.950000000000003,0.383092
28.951000000000004,-0.073297
28.952,0.009061
28.953000000000003,-0.247129
28.954,0.143222
28.955,-0.081985
28.956000000000003,0.248469
28.957,-0.317555
28.958,-0.063337
28.959000000000003,-0.06382
28.96,0.230634
28.961,0.061064
28.962000000000003,-0.204045
28.963,0.374483
28.964,0.044158
28.965000000000003,0.058355
28.966,0.02855
28.967,0.137748
28.968000000000004,0.033123
28.969,-0.055269
28.97,0.07118
28.971000000000004,-0.333439
28.972,-0.125881
28.973000000000003,-0.088177
28.974000000000004,-0.168071
28.975,-0.090158
28.976000000000003,-0.126209
28.977000000000004,0.054455
28.978,0.34196
28.979000000000003,0.235884
28.980000000000004,-0.006853
28.981,0.032175
28.982000000000003,0.227226
28.983000000000004,0.132494
28.984,-0.030412
28.985000000000003,0.166774
28.986,0.364179
28.987,0.116932
28.988000000000003,-0.225086
28.989,0.112153
28.99,-0.03899
28.991000000000003,0.054835
28.992,0.078692
28.993,0.098935
28.994000000000003,-0.086628
28.995,0.310689
28.996,-0.134498
28.997000000000003,0.254833
28.998,0.110256
28.999,0.103497
29.000000000000004,-0.119366
29.001,-0.00355
29.002,0.246117
29.003000000000004,0.088908
29.004,-0.088853
29.005000000000003,-0.201905
29.006000000000004,-0.230999
29.007,0.435011
29.008000000000003,0.364317
29.009000000000004,-0.103939
29.01,-0.201013
29.011000000000003,0.131247
29.012000000000004,0.293337
29.013,0.206035
29.014000000000003,0.091134
29.015000000000004,0.239389
29.016,0.251356
29.017000000000003,0.092138
29.018,-0.065159
29.019,0.105339
29.020000000000003,0.399824
29.021,0.152994
29.022,0.128935
29.023000000000003,-0.318014
29.024,0.090418
29.025,0.306136
29.026000000000003,-0.115273
29.027,0.070384
29.028,-0.122759
29.029000000000003,0.017194
29.03,0.189222
29.031,0.153918
29.032000000000004,-0.015025
29.033,0.145483
29.034,0.082084
29.035000000000004,-0.071274
29.036,0.042875
29.037000000000003,0.041142
29.038000000000004,-0.001912
29.039,-0.172224
29.040000000000003,-0.147432
29.041000000000004,-0.068293
29.042,0.263973
29.043000000000003,0.161155
29.044000000000004,0.292965
29.045,0.042431
29.046000000000003,0.217433
29.047000000000004,0.036466
29.048,0.065603
29.049000000000003,-0.121528
29.05,-0.171557
29.051,0.214633
29.052000000000003,0.211091
29.053,-0.143506
29.054,-0.074332
29.055000000000003,0.13634
29.056,0.057568
29.057,0.14601
29.058000000000003,0.017325
29.059,-0.061901
29.06,0.116054
29.061000000000003,0.452692
29.062,0.055189
29.063,-0.226424
29.064000000000004,-0.23412
29.065,0.030007
29.066000000000003,0.243314
29.067000000000004,-0.112094
29.068,0.080495
29.069000000000003,0.067504
29.070000000000004,0.242679
29.071,-0.011702
29.072000000000003,0.242935
29.073000000000004,0.043854
29.074,-0.122302
29.075000000000003,0.009889
29.076000000000004,-0.120283
29.077,-0.03183
29.078000000000003,-0.364773
29.079,0.424987
29.08,-0.227648
29.081000000000003,0.204128
29.082,0.113493
29.083,0.002267
29.084000000000003,-0.317201
29.085,0.018748
29.086,0.007955
29.087000000000003,0.003924
29.088,0.246351
29.089,0.287681
29.090000000000003,-0.073738
29.091,0.031213
29.092,-0.105404
29.093000000000004,-0.058298
29.094,0.223307
29.095,-0.027267
29.096000000000004,0.230559
29.097,-0.227267
29.098000000000003,-0.256867
29.099000000000004,0.069427
29.1,-0.093651
29.101000000000003,0.083391
29.102000000000004,-0.023968
29.103,-0.224822
29.104000000000003,-0.155964
29.105000000000004,0.150907
29.106,-0.165401
29.107000000000003,0.031139
29.108000000000004,0.218322
29.109,-0.397763
29.110000000000003,0.223386
29.111,0.148206
29.112,-0.429074
29.113000000000003,-0.126948
29.114,0.122524
29.115,-0.456252
29.116000000000003,-0.179847
29.117,0.037289
29.118,-0.060777
29.119000000000003,-0.248304
29.12,-0.219541
29.121,0.148077
29.122000000000003,0.236239
29.123,0.404815
29.124,0.125712
29.125000000000004,0.039681
29.126,-0.167727
29.127,0.313258
29.128000000000004,0.06927
29.129,-0.025015
29.130000000000003,0.035557
29.131000000000004,-0.210196
29.132,0.293434
29.133000000000003,-0.08213
29.134000000000004,0.210773
29.135,0.328975
29.136000000000003,0.048369
29.137000000000004,0.181514
29.138,-0.244715
29.139000000000003,-0.351457
29.140000000000004,-0.078438
29.141,0.023421
29.142000000000003,0.424176
29.143,0.212101
29.144,0.137607
29.145000000000003,-0.092579
29.146,0.240893
29.147,0.043035
29.148000000000003,-0.310564
29.149,0.290524
29.15,0.098837
29.151000000000003,0.155845
29.152,0.187984
29.153,0.472127
29.154000000000003,-0.196675
29.155,0.217575
29.156,-0.235862
29.157000000000004,-0.26528
29.158,0.109005
29.159,0.183368
29.160000000000004,0.402866
29.161,-0.044185
29.162000000000003,0.193775
29.163000000000004,0.383478
29.164,-0.038255
29.165000000000003,0.276032
29.166000000000004,0.332745
29.167,-0.128858
29.168000000000003,-0.315525
29.169000000000004,0.091262
29.17,0.222598
29.171000000000003,-0.041526
29.172000000000004,0.242057
29.173,0.254174
29.174000000000003,0.031571
29.175,0.239367
29.176,-0.155553
29.177000000000003,0.205388
29.178,-0.153376
29.179,-0.020547
29.180000000000003,0.399137
29.181,0.030004
29.182,0.085465
29.183000000000003,0.221854
29.184,-0.355052
29.185,0.141297
29.186000000000003,0.263414
29.187,-0.302402
29.188,0.174227
29.189000000000004,0.058153
29.19,0.181027
29.191000000000003,0.062305
29.192000000000004,-0.060278
29.193,0.27525
29.194000000000003,-0.282888
29.195000000000004,0.194337
29.196,0.314093
29.197000000000003,0.107433
29.198000000000004,0.174484
29.199,0.157842
29.200000000000003,-0.14197
29.201000000000004,0.008555
29.202,-0.12658
29.203000000000003,0.065899
29.204,-0.308076
29.205,-0.276471
29.206000000000003,-0.095468
29.207,-0.011693
29.208,0.206396
29.209000000000003,-0.23193
29.21,0.144918
29.211,-0.013433
29.212000000000003,0.079285
29.213,0.076496
29.214,0.366063
29.215000000000003,-0.048955
29.216,0.390054
29.217,-0.071631
29.218000000000004,-0.144886
29.219,0.141934
29.22,0.141232
29.221000000000004,-0.069121
29.222,0.11974
29.223000000000003,-0.015887
29.224000000000004,0.122357
29.225,0.038501
29.226000000000003,-0.028202
29.227000000000004,-0.054327
29.228,-0.065347
29.229000000000003,-0.272814
29.230000000000004,-0.140935
29.231,-0.08752
29.232000000000003,0.250866
29.233000000000004,0.319061
29.234,0.105139
29.235000000000003,0.352411
29.236,-0.012548
29.237,-0.027664
29.238000000000003,0.019816
29.239,-0.241779
29.24,-0.261477
29.241000000000003,-0.097156
29.242,0.035955
29.243,-0.13452
29.244000000000003,-0.001505
29.245,0.164258
29.246,-0.041099
29.247000000000003,-0.259855
29.248,-0.011159
29.249,0.300923
29.250000000000004,0.163516
29.251,-0.015487
29.252,0.1352
29.253000000000004,-0.082457
29.254,0.122546
29.255000000000003,0.161507
29.256000000000004,-0.0129
29.257,0.177325
29.258000000000003,-0.016564
29.259000000000004,0.332018
29.26,0.080382
29.261000000000003,0.410509
29.262000000000004,-0.022934
29.263,0.062693
29.264000000000003,-0.274855
29.265000000000004,0.03588
29.266,0.394919
29.267000000000003,0.302497
29.268,0.177069
29.269,0.039668
29.270000000000003,-0.160136
29.271,-0.39877
29.272,0.197736
29.273000000000003,0.325567
29.274,0.095734
29.275,-0.143581
29.276000000000003,0.211056
29.277,0.17338
29.278,0.268751
29.279000000000003,0.120341
29.28,0.118481
29.281,0.162007
29.282000000000004,0.092663
29.283,0.296635
29.284,-0.095111
29.285000000000004,0.137276
29.286,0.241663
29.287000000000003,-0.00377
29.288000000000004,-0.078249
29.289,0.105294
29.290000000000003,-0.020924
29.291000000000004,-0.062613
29.292,0.167694
29.293000000000003,0.247428
29.294000000000004,-0.011691
29.295,0.217619
29.296000000000003,0.122446
29.297000000000004,-0.13102
29.298,-0.027778
29.299000000000003,0.23155
29.3,0.026464
29.301,0.01106
29.302000000000003,0.023775
29.303,0.276069
29.304,0.212801
29.305000000000003,0.127183
29.306,0.019024
29.307,-0.023738
29.308000000000003,0.275561
29.309,0.284423
29.31,0.340473
29.311000000000003,-0.018712
29.312,0.352229
29.313,0.13175
29.314000000000004,-0.256778
29.315,-0.225165
29.316000000000003,0.12028
29.317000000000004,-0.18063
29.318,-0.02321
29.319000000000003,-0.027033
29.320000000000004,0.135449
29.321,-0.340957
29.322000000000003,-0.378167
29.323000000000004,0.257818
29.324,0.075554
29.325000000000003,-0.002499
29.326000000000004,-0.007418
29.327,0.075839
29.328000000000003,0.103172
29.329,0.060761
29.33,-0.026247
29.331000000000003,0.040561
29.332,-0.306385
29.333,0.345526
29.334000000000003,-0.043245
29.335,-0.005992
29.336,0.123277
29.337000000000003,0.211465
29.338,0.291829
29.339,-0.186802
29.340000000000003,-0.144641
29.341,0.044771
29.342,-0.002436
29.343000000000004,0.13298
29.344,0.150262
29.345,-0.217334
29.346000000000004,-0.063174
29.347,0.346457
29.348000000000003,0.295439
29.349000000000004,0.032728
29.35,0.065753
29.351000000000003,0.171108
29.352000000000004,0.083418
29.353,-0.397938
29.354000000000003,0.097769
29.355000000000004,0.02859
29.356,0.102778
29.357000000000003,-0.046115
29.358000000000004,-0.041489
29.359,0.092692
29.360000000000003,0.202943
29.361,0.172346
29.362,0.156106
29.363000000000003,0.053279
29.364,0.049949
29.365,0.048805
29.366000000000003,-0.030946
29.367,0.384274
29.368,0.099975
29.369000000000003,-0.042684
29.37,-0.172025
29.371,0.168664
29.372000000000003,-0.359405
29.373,0.079887
29.374,-0.309542
29.375000000000004,0.282194
29.376,-0.051126
29.377,0.122954
29.378000000000004,0.214829
29.379,0.713403
29.380000000000003,0.130225
29.381000000000004,-0.015617
29.382,-0.018209
29.383000000000003,-0.006972
29.384000000000004,0.203745
29.385,-0.038823
29.386000000000003,0.330628
29.387000000000004,0.175784
29.388,-0.246502
29.389000000000003,0.001703
29.390000000000004,0.070052
29.391,0.260567
29.392000000000003,0.044687
29.393,0.01073
29.394,0.057476
29.395000000000003,-0.254234
29.396,0.297687
29.397,-0.071735
29.398000000000003,0.051844
29.399,0.42339
29.4,0.218397
29.401000000000003,0.010104
29.402,0.448874
29.403,-0.072696
29.404000000000003,-0.144593
29.405,-0.267594
29.406,0.01915
29.407000000000004,0.422677
29.408,-0.021567
29.409,0.160025
29.410000000000004,-0.032562
29.411,-0.005217
29.412000000000003,0.145225
29.413000000000004,0.204067
29.414,-0.16231
29.415000000000003,0.210429
29.416000000000004,-0.031052
29.417,0.221734
29.418000000000003,-0.107042
29.419000000000004,-0.085602
29.42,0.075967
29.421000000000003,-0.202143
29.422000000000004,-0.035464
29.423,0.0601
29.424000000000003,0.056733
29.425,-0.273336
29.426,-0.069792
29.427000000000003,0.124074
29.428,-0.381931
29.429,-0.005424
29.430000000000003,0.338217
29.431,-0.040354
29.432,-0.367671
29.433000000000003,-0.282089
29.434,0.314871
29.435,0.107163
29.436000000000003,-0.052606
29.437,-0.359418
29.438,-0.2097
29.439000000000004,0.131198
29.44,0.063383
29.441000000000003,-0.025295
29.442000000000004,0.239261
29.443,0.08524
29.444000000000003,0.387225
29.445000000000004,-0.160464
29.446,0.18842
29.447000000000003,-0.06613
29.448000000000004,-0.030147
29.449,-0.053784
29.450000000000003,-0.121766
29.451000000000004,-0.00764
29.452,0.254414
29.453000000000003,0.326069
29.454000000000004,-0.06436
29.455,0.37876
29.456000000000003,-0.314735
29.457,-0.106113
29.458,-0.195675
29.459000000000003,0.01306
29.46,-0.011388
29.461,0.211962
29.462000000000003,0.020543
29.463,0.121948
29.464,0.139111
29.465000000000003,-0.414712
29.466,-0.025104
29.467,0.023349
29.468000000000004,-0.332623
29.469,0.057464
29.47,0.338401
29.471000000000004,0.294801
29.472,-0.133648
29.473000000000003,-0.052507
29.474000000000004,0.252346
29.475,-0.254018
29.476000000000003,0.232521
29.477000000000004,-0.06786
29.478,0.005132
29.479000000000003,-0.118485
29.480000000000004,0.13487
29.481,-0.074821
29.482000000000003,0.008817
29.483000000000004,-0.270706
29.484,0.16908
29.485000000000003,-0.237251
29.486,0.081584
29.487,0.111598
29.488000000000003,0.159017
29.489,-0.123946
29.49,0.059584
29.491000000000003,0.105628
29.492,0.092737
29.493,-0.131797
29.494000000000003,-0.196941
29.495,0.21605
29.496,0.062356
29.497000000000003,-0.074598
29.498,0.141038
29.499,0.172434
29.500000000000004,-0.210577
29.501,-0.019365
29.502,0.202236
29.503000000000004,-0.334495
29.504,-0.135614
29.505000000000003,-0.347285
29.506000000000004,0.292
29.507,-0.220493
29.508000000000003,0.186818
29.509000000000004,0.205794
29.51,-0.020225
29.511000000000003,-0.087091
29.512000000000004,-0.062512
29.513,0.170631
29.514000000000003,-0.058353
29.515000000000004,0.019889
29.516,0.184271
29.517000000000003,0.034814
29.518,-0.278055
29.519,0.119095
29.520000000000003,0.102697
29.521,0.013429
29.522,-0.238973
29.523000000000003,-0.093407
29.524,-0.10556
29.525,0.309035
29.526000000000003,-0.136454
29.527,-0.114353
29.528,-0.144327
29.529000000000003,0.179796
29.53,0.070596
29.531,0.024729
29.532000000000004,0.056712
29.533,0.113599
29.534,0.128429
29.535000000000004,-0.020932
29.536,0.482531
29.537000000000003,0.232408
29.538000000000004,0.207385
29.539,0.188209
29.540000000000003,0.06448
29.541000000000004,-0.118303
29.542,-0.238946
29.543000000000003,0.24085
29.544000000000004,0.080193
29.545,-0.168518
29.546000000000003,-0.210654
29.547000000000004,0.286297
29.548,0.139295
29.549000000000003,0.139857
29.55,0.298144
29.551,0.176791
29.552000000000003,-0.158533
29.553,0.589188
29.554,0.295411
29.555000000000003,0.435071
29.556,0.183819
29.557,-0.437323
29.558000000000003,0.503266
29.559,0.363901
29.56,0.330138
29.561000000000003,-0.289291
29.562,0.090901
29.563,0.052511
29.564000000000004,-0.001646
29.565,0.057517
29.566000000000003,-0.20641
29.567000000000004,0.377261
29.568,-0.297165
29.569000000000003,0.08017
29.570000000000004,0.331488
29.571,-0.007048
29.572000000000003,0.018733
29.573000000000004,-0.003177
29.574,-0.183493
29.575000000000003,0.195057
29.576000000000004,0.148646
29.577,-0.3867
29.578000000000003,-0.063711
29.579000000000004,0.24026
29.58,-0.072634
29.581000000000003,-0.316003
29.582,-0.200656
29.583,0.089669
29.584000000000003,0.120491
29.585,0.014942
29.586,0.137912
29.587000000000003,0.061312
29.588,0.130163
29.589,-0.178345
29.590000000000003,0.06748
29.591,0.077698
29.592,0.0025
29.593000000000004,0.25644
29.594,0.32405
29.595,-0.131653
29.596000000000004,0.314871
29.597,0.118092
29.598000000000003,-0.013867
29.599000000000004,-0.172507
29.6,0.174855
29.601000000000003,0.032259
29.602000000000004,-0.012192
29.603,0.145185
29.604000000000003,0.036134
29.605000000000004,0.121813
29.606,0.248633
29.607000000000003,-0.082976
29.608000000000004,0.081469
29.609,0.418464
29.610000000000003,0.070337
29.611,0.272162
29.612,0.168166
29.613000000000003,0.367322
29.614,0.374015
29.615,0.116506
29.616000000000003,-0.0746
29.617,-0.079167
29.618,-0.001757
29.619000000000003,-0.12576
29.62,0.421308
29.621,-0.228978
29.622000000000003,-0.159584
29.623,0.070289
29.624,0.040483
29.625000000000004,0.365411
29.626,0.020357
29.627,-0.274248
29.628000000000004,-0.146979
29.629,0.0793
29.630000000000003,0.138465
29.631000000000004,-0.312684
29.632,-0.086242
29.633000000000003,0.036083
29.634000000000004,0.003238
29.635,0.114386
29.636000000000003,0.191755
29.637000000000004,0.30329
29.638,-0.099142
29.639000000000003,-0.188947
29.640000000000004,-0.284492
29.641,-0.035221
29.642000000000003,-0.199558
29.643,0.197786
29.644,0.196855
29.645000000000003,0.524224
29.646,-0.130273
29.647,0.143466
29.648000000000003,-0.07271
29.649,-0.172892
29.65,-0.132639
29.651000000000003,0.146508
29.652,-0.052716
29.653,0.139751
29.654000000000003,0.404595
29.655,0.325921
29.656,0.136925
29.657000000000004,0.163881
29.658,0.067637
29.659,0.011954
29.660000000000004,-0.023796
29.661,-0.07742
29.662000000000003,-0.456351
29.663000000000004,-0.033533
29.664,0.160606
29.665000000000003,0.10623
29.666000000000004,-0.116439
29.667,0.097882
29.668000000000003,-0.064252
29.669000000000004,0.011579
29.67,0.214549
29.671000000000003,-0.196909
29.672000000000004,-0.1389
29.673,-0.060772
29.674000000000003,0.240226
29.675,0.076715
29.676,-0.066934
29.677000000000003,-0.200292
29.678,0.272643
29.679,0.20546
29.680000000000003,-0.094094
29.681,-0.02406
29.682,0.224727
29.683000000000003,-0.355537
29.684,0.092678
29.685,0.032342
29.686000000000003,0.211837
29.687,-0.191274
29.688,0.019025
29.689000000000004,0.194398
29.69,0.473173
29.691000000000003,-0.066852
29.692000000000004,-0.10686
29.693,0.323464
29.694000000000003,0.27828
29.695000000000004,0.005152
29.696,0.33292
29.697000000000003,0.322757
29.698000000000004,0.118124
29.699,0.005649
29.700000000000003,-0.231486
29.701000000000004,0.404962
29.702,-0.129944
29.703000000000003,0.269684
29.704000000000004,0.478804
29.705,0.031985
29.706000000000003,0.228615
29.707,0.024963
29.708,-0.046296
29.709000000000003,0.02865
29.71,0.121609
29.711,0.190947
29.712000000000003,0.092457
29.713,0.003418
29.714,0.185597
29.715000000000003,0.201287
29.716,-0.122062
29.717,0.463686
29.718000000000004,-0.094216
29.719,0.061147
29.72,0.662589
29.721000000000004,0.172823
29.722,0.040219
29.723000000000003,-0.214029
29.724000000000004,-0.115173
29.725,-0.260749
29.726000000000003,0.4124
29.727000000000004,-0.215169
29.728,-0.022007
29.729000000000003,0.098367
29.730000000000004,-0.313909
29.731,-0.015797
29.732000000000003,0.031803
29.733000000000004,0.18048
29.734,-0.056135
29.735000000000003,-0.369843
29.736000000000004,0.187537
29.737,0.021469
29.738000000000003,0.075188
29.739,0.10933
29.74,0.260786
29.741000000000003,0.096758
29.742,-0.030074
29.743,0.093397
29.744000000000003,0.316214
29.745,-0.159916
29.746,0.159382
29.747000000000003,0.210188
29.748,-0.151178
29.749,0.149797
29.750000000000004,0.084842
29.751,0.046297
29.752,-0.191864
29.753000000000004,0.162126
29.754,0.133469
29.755000000000003,-0.007738
29.756000000000004,-0.261975
29.757,0.037675
29.758000000000003,-0.147404
29.759000000000004,0.056585
29.76,0.321375
29.761000000000003,-0.024731
29.762000000000004,-0.206352
29.763,0.278113
29.764000000000003,0.152582
29.765000000000004,0.112178
29.766,0.187368
29.767000000000003,0.185752
29.768,0.290514
29.769,0.110408
29.770000000000003,-0.249285
29.771,0.343938
29.772,0.110225
29.773000000000003,-0.153797
29.774,-0.242273
29.775,-0.053794
29.776000000000003,0.394786
29.777,-0.244769
29.778,0.180811
29.779000000000003,0.067199
29.78,-0.040306
29.781,0.358989
29.782000000000004,-0.143319
29.783,-0.097757
29.784,0.376493
29.785000000000004,0.231939
29.786,0.118741
29.787000000000003,0.034554
29.788000000000004,-0.131454
29.789,0.413912
29.790000000000003,-0.131956
29.791000000000004,-0.029693
29.792,0.169903
29.793000000000003,0.090538
29.794000000000004,0.031166
29.795,0.109965
29.796000000000003,0.127236
29.797000000000004,0.173548
29.798,-0.502361
29.799000000000003,0.042813
29.8,-0.046433
29.801,0.016578
29.802000000000003,-0.129772
29.803,-0.067208
29.804,0.069177
29.805000000000003,0.086909
29.806,-0.099033
29.807,-0.077945
29.808000000000003,-0.005851
29.809,-0.094029
29.81,0.176791
29.811000000000003,0.154789
29.812,0.435969
29.813,-0.047325
29.814000000000004,-0.169197
29.815,-0.093837
29.816000000000003,0.099573
29.817000000000004,0.310458
29.818,-0.008759
29.819000000000003,0.291871
29.820000000000004,-0.106805
29.821,0.547505
29.822000000000003,-0.083036
29.823000000000004,0.145525
29.824,0.236845
29.825000000000003,0.152072
29.826000000000004,0.0904
29.827,0.281872
29.828000000000003,0.168998
29.829000000000004,0.02303
29.83,0.119348
29.831000000000003,-0.101419
29.832,-0.163406
29.833,-0.043489
29.834000000000003,0.177566
29.835,0.53016
29.836,0.174632
29.837000000000003,0.02687
29.838,0.200367
29.839,-0.031181
29.840000000000003,-0.312573
29.841,0.110608
29.842,-0.033766
29.843000000000004,-0.003728
29.844,0.335604
29.845,0.139363
29.846000000000004,-0.229505
29.847,0.161654
29.848000000000003,0.048086
29.849000000000004,-0.182095
29.85,0.12058
29.851000000000003,0.347282
29.852000000000004,0.181535
29.853,-0.083232
29.854000000000003,0.394718
29.855000000000004,0.086564
29.856,-0.089015
29.857000000000003,0.251121
29.858000000000004,0.326867
29.859,0.039826
29.860000000000003,0.229945
29.861000000000004,0.146888
29.862,0.119442
29.863000000000003,0.030048
29.864,0.056239
29.865,-0.038428
29.866000000000003,0.135138
29.867,0.022356
29.868,0.261941
29.869000000000003,-0.005328
29.87,0.252576
29.871,0.181286
29.872000000000003,0.00838
29.873,0.103978
29.874,-0.108321
29.875000000000004,0.026904
29.876,-0.038708
29.877,0.204739
29.878000000000004,0.045352
29.879,-0.007342
29.880000000000003,-0.041918
29.881000000000004,0.238171
29.882,0.450567
29.883000000000003,0.029395
29.884000000000004,0.0863
29.885,-0.296394
29.886000000000003,-0.049479
29.887000000000004,0.172459
29.888,0.020115
29.889000000000003,-0.013434
29.890000000000004,0.044049
29.891,0.144764
29.892000000000003,-0.146739
29.893,0.005649
29.894,-0.003428
29.895000000000003,0.066777
29.896,0.420951
29.897,0.258363
29.898000000000003,0.213536
29.899,0.364301
29.9,-0.395095
29.901000000000003,0.392074
29.902,-0.005262
29.903,0.303215
29.904000000000003,-0.091738
29.905,0.09572
29.906,-0.008717
29.907000000000004,-0.37548
29.908,-0.157787
29.909,-0.189964
29.910000000000004,-0.041025
29.911,-0.019209
29.912000000000003,-0.19009
29.913000000000004,0.098879
29.914,0.031026
29.915000000000003,0.00809
29.916000000000004,0.305234
29.917,0.116775
29.918000000000003,-0.111997
29.919000000000004,-0.195019
29.92,0.220145
29.921000000000003,0.112079
29.922000000000004,-0.595924
29.923,0.076978
29.924000000000003,-0.049412
29.925,0.155609
29.926,0.36407
29.927000000000003,0.352917
29.928,0.156137
29.929,0.312628
29.930000000000003,-0.050623
29.931,-0.085658
29.932,0.0801
29.933000000000003,-0.071322
29.934,-0.044511
29.935,0.028378
29.936000000000003,0.292987
29.937,0.179462
29.938,0.060669
29.939000000000004,0.063226
29.94,0.016277
29.941000000000003,0.203319
29.942000000000004,-0.024545
29.943,0.283926
29.944000000000003,-0.247401
29.945000000000004,0.014253
29.946,0.110815
29.947000000000003,-0.036661
29.948000000000004,0.082937
29.949,-0.241615
29.950000000000003,-0.127508
29.951000000000004,0.416282
29.952,0.13534
29.953000000000003,0.504984
29.954000000000004,-0.022661
29.955,0.090256
29.956000000000003,-0.028527
29.957,-0.431442
29.958,-0.361009
29.959000000000003,-0.044787
29.96,0.303817
29.961,0.048809
29.962000000000003,-0.18153
29.963,-0.037669
29.964,0.006707
29.965000000000003,-0.037755
29.966,0.17537
29.967,0.199579
29.968000000000004,-0.01779
29.969,0.027031
29.97,0.018289
29.971000000000004,0.375008
29.972,-0.031922
29.973000000000003,-0.212875
29.974000000000004,0.399722
29.975,0.257883
29.976000000000003,-0.426687
29.977000000000004,0.018722
29.978,-0.105903
29.979000000000003,-0.020671
29.980000000000004,-0.181575
29.981,0.116646
29.982000000000003,-0.098757
29.983000000000004,0.065603
29.984,-0.035391
29.985000000000003,-0.080304
29.986000000000004,-0.113019
29.987,0.255125
29.988000000000003,-0.062413
29.989,0.067956
29.99,-0.058385
29.991000000000003,-0.139465
29.992,-0.106009
29.993,-0.025854
29.994000000000003,-0.178245
29.995,0.000395
29.996,0.036536
29.997000000000003,0.192181
29.998,0.416492
29.999,0.349964
