f,S
0.0,5.560948272268074e-05
0.666666666666666,5.5609323767784774e-05
1.33333333333333,5.5608846908553676e-05
2.0,5.560805216135742e-05
2.66666666666667,5.560693955349834e-05
3.33333333333333,5.560550912312631e-05
4.0,5.560376091940044e-05
4.66666666666667,5.560169500225805e-05
5.33333333333333,5.55993114426363e-05
6.0,5.559661032234244e-05
6.66666666666666,5.559359173400554e-05
7.33333333333333,5.559025578123345e-05
8.0,5.558660257837721e-05
8.66666666666666,5.558263225076856e-05
9.33333333333333,5.557834493448253e-05
10.0,5.557374077653177e-05
10.6666666666667,5.5568819934668624e-05
11.3333333333333,5.556358257749516e-05
12.0,5.555802888436643e-05
12.6666666666667,5.555215904545742e-05
13.3333333333333,5.554597326172624e-05
14.0,5.5539471744814597e-05
14.6666666666667,5.553265471713263e-05
15.3333333333333,5.5525522411798765e-05
16.0,5.5518075072619805e-05
16.6666666666667,5.551031295402905e-05
17.3333333333333,5.550223632114683e-05
18.0,5.549384544971678e-05
18.6666666666667,5.548514062612344e-05
19.3333333333333,5.547612214718314e-05
20.0,5.546679032044718e-05
20.6666666666667,5.545714546386785e-05
21.3333333333333,5.544718790595608e-05
22.0,5.543691798563057e-05
22.6666666666667,5.542633605229152e-05
23.3333333333333,5.541544246577057e-05
24.0,5.5404237596259284e-05
24.6666666666667,5.5392721824298413e-05
25.3333333333333,5.5380895540745695e-05
26.0,5.5368759146702e-05
26.6666666666667,5.5356313053620614e-05
27.3333333333333,5.534355768306813e-05
28.0,5.533049346685248e-05
28.6666666666667,5.5317120846904856e-05
29.3333333333333,5.5303440275242685e-05
30.0,5.528945221403362e-05
30.6666666666667,5.5275157135373244e-05
31.3333333333333,5.526055552138835e-05
32.0,5.524564786419649e-05
32.6666666666667,5.5230434665742755e-05
33.3333333333333,5.521491643792068e-05
34.0,5.519909370240749e-05
34.6666666666667,5.51829669906817e-05
35.3333333333333,5.5166536843897705e-05
36.0,5.514980381300324e-05
36.6666666666667,5.513276845853128e-05
37.3333333333333,5.51154313505943e-05
38.0,5.509779306891815e-05
38.6666666666667,5.507985420269286e-05
39.3333333333333,5.50616153505848e-05
40.0,5.5043077120626726e-05
40.6666666666667,5.502424013026886e-05
41.3333333333333,5.500510500624726e-05
42.0,5.4985672384532515e-05
42.6666666666667,5.496594291029792e-05
43.3333333333333,5.494591723792712e-05
44.0,5.492559603079956e-05
44.6666666666667,5.4904979961437804e-05
45.3333333333333,5.488406971125164e-05
46.0,5.4862865970703875e-05
46.6666666666667,5.4841369439033285e-05
47.3333333333333,5.4819580824338724e-05
48.0,5.479750084352172e-05
48.6666666666667,5.47751302220685e-05
49.3333333333333,5.475246969425189e-05
50.0,5.472952000287206e-05
50.6666666666667,5.470628189921711e-05
51.3333333333333,5.468275614310284e-05
52.0,5.4658943502751964e-05
52.6666666666666,5.4634844754693096e-05
53.3333333333333,5.461046068377862e-05
54.0,5.458579208304274e-05
54.6666666666666,5.456083975371814e-05
55.3333333333333,5.4535604505112985e-05
56.0,5.45100871545867e-05
56.6666666666666,5.448428852740632e-05
57.3333333333333,5.445820945684011e-05
58.0,5.4431850783913895e-05
58.6666666666666,5.440521335744431e-05
59.3333333333333,5.4378298033972406e-05
60.0,5.435110567765741e-05
60.6666666666666,5.4323637160248975e-05
61.3333333333333,5.429589336098015e-05
62.0,5.426787516651906e-05
62.6666666666666,5.423958347093968e-05
63.3333333333333,5.421101917555479e-05
64.0,5.418218318894484e-05
64.6666666666666,5.4153076426849056e-05
65.3333333333333,5.4123699812095354e-05
66.0,5.409405427449094e-05
66.6666666666666,5.4064140750829736e-05
67.3333333333333,5.403396018482101e-05
68.0,5.4003513526881674e-05
68.6666666666666,5.3972801734239806e-05
69.3333333333333,5.394182577074575e-05
70.0,5.3910586606896817e-05
70.6666666666666,5.3879085219590035e-05
71.3333333333333,5.384732259232052e-05
72.0,5.381529971481763e-05
72.6666666666666,5.37830175831844e-05
73.3333333333333,5.3750477199707665e-05
74.0,5.371767957288047e-05
74.6666666666666,5.368462571719289e-05
75.3333333333333,5.3651316653192327e-05
76.0,5.361775340733171e-05
76.6666666666666,5.358393701189471e-05
77.3333333333333,5.3549868504977956e-05
78.0,5.351554893037734e-05
78.6666666666666,5.3480979337474265e-05
79.3333333333333,5.344616078121732e-05
80.0,5.341109432202727e-05
80.6666666666666,5.337578102575899e-05
81.3333333333333,5.334022196353017e-05
82.0,5.3304418211702224e-05
82.6666666666666,5.326837085189842e-05
83.3333333333333,5.3232080970681035e-05
84.0,5.319554965975878e-05
84.6666666666666,5.315877801572062e-05
85.3333333333333,5.312176714003465e-05
86.0,5.308451813891455e-05
86.6666666666666,5.304703212329919e-05
87.3333333333333,5.3009310208812854e-05
88.0,5.297135351555676e-05
88.6666666666666,5.293316316814448e-05
89.3333333333333,5.2894740295549856e-05
90.0,5.28560860311418e-05
90.6666666666666,5.2817201512476274e-05
91.3333333333333,5.2778087881256575e-05
92.0,5.273874628334896e-05
92.6666666666666,5.269917786855666e-05
93.3333333333333,5.265938379067266e-05
94.0,5.2619365207309725e-05
94.6666666666666,5.257912327986039e-05
95.3333333333333,5.253865917347506e-05
96.0,5.2497974056855806e-05
96.6666666666666,5.245706910230843e-05
97.3333333333333,5.241594548557344e-05
98.0,5.237460438580434e-05
98.6666666666666,5.233304698549071e-05
99.3333333333333,5.229127447034491e-05
100.0,5.2249288029207405e-05
100.666666666667,5.2207088854079656e-05
101.333333333333,5.2164678139920124e-05
102.0,5.21220570846772e-05
102.666666666667,5.207922688908604e-05
103.333333333333,5.203618875670154e-05
104.0,5.199294389382224e-05
104.666666666667,5.1949493509306365e-05
105.333333333333,5.190583881465867e-05
106.0,5.1861981023757066e-05
106.666666666667,5.181792135301113e-05
107.333333333333,5.177366102103591e-05
108.0,5.172920124879231e-05
108.666666666667,5.168454325938711e-05
109.333333333333,5.163968827805226e-05
110.0,5.159463753201737e-05
110.666666666667,5.1549392250524695e-05
111.333333333333,5.1503953664648856e-05
112.0,5.1458323007312176e-05
112.666666666667,5.141250151319354e-05
113.333333333333,5.136649041856731e-05
114.0,5.1320290961389344e-05
114.666666666667,5.1273904381083506e-05
115.333333333333,5.122733191852253e-05
116.0,5.1180574815956086e-05
116.666666666667,5.113363431699151e-05
117.333333333333,5.10865116663654e-05
118.0,5.103920811011671e-05
118.666666666667,5.0991724895254696e-05
119.333333333333,5.0944063269879996e-05
120.0,5.089622448301023e-05
120.666666666667,5.084820978457952e-05
121.333333333333,5.080002042528262e-05
122.0,5.0751657656626554e-05
122.666666666667,5.070312273074113e-05
123.333333333333,5.065441690037941e-05
124.0,5.0605541418832355e-05
124.666666666667,5.055649753984401e-05
125.333333333333,5.05072865176123e-05
126.0,5.0457909606619614e-05
126.666666666667,5.040836806163439e-05
127.333333333333,5.0358663137644604e-05
128.0,5.030879608974107e-05
128.666666666667,5.0258768173102675e-05
129.333333333333,5.0208580642947885e-05
130.0,5.015823475438568e-05
130.666666666667,5.010773176241867e-05
131.333333333333,5.005707292187887e-05
132.0,5.0006259487313915e-05
132.666666666667,4.9955292713007375e-05
133.333333333333,4.990417385283243e-05
134.0,4.9852904160206385e-05
134.666666666667,4.980148488811153e-05
135.333333333333,4.974991728890092e-05
136.0,4.969820261432023e-05
136.666666666667,4.9646342115414034e-05
137.333333333333,4.959433704258047e-05
138.0,4.954218864528127e-05
138.666666666667,4.948989817219603e-05
139.333333333333,4.94374668710483e-05
140.0,4.938489598859618e-05
140.666666666667,4.9332186770557856e-05
141.333333333333,4.927934046152158e-05
142.0,4.922635830498574e-05
142.666666666667,4.917324154317253e-05
143.333333333333,4.911999141708493e-05
144.0,4.9066609166370125e-05
144.666666666667,4.9013096029312574e-05
145.333333333333,4.895945324277891e-05
146.0,4.890568204209959e-05
146.666666666667,4.8851783661110935e-05
147.333333333333,4.8797759332037596e-05
148.0,4.8743610285439735e-05
148.666666666667,4.868933775020808e-05
149.333333333333,4.863494295346421e-05
150.0,4.858042712050914e-05
150.666666666667,4.8525791474819495e-05
151.333333333333,4.847103723794955e-05
152.0,4.8416165629496906e-05
152.666666666667,4.836117786705282e-05
153.333333333333,4.83060751661686e-05
154.0,4.8250858740260196e-05
154.666666666667,4.8195529800622286e-05
155.333333333333,4.8140089556333896e-05
156.0,4.8084539214226745e-05
156.666666666667,4.8028879978869315e-05
157.333333333333,4.797311305242817e-05
158.0,4.791723963473013e-05
158.666666666667,4.786126092318592e-05
159.333333333333,4.7805178112669064e-05
160.0,4.774899239559396e-05
160.666666666667,4.769270496178043e-05
161.333333333333,4.76363169984713e-05
162.0,4.757982969019875e-05
162.666666666667,4.7523244218848166e-05
163.333333333333,4.746656176358574e-05
164.0,4.74097835007871e-05
164.666666666667,4.7352910603981755e-05
165.333333333333,4.7295944243872796e-05
166.0,4.723888558825217e-05
166.666666666667,4.7181735802020876e-05
167.333333333333,4.7124496047046075e-05
168.0,4.7067167482212074e-05
168.666666666667,4.700975126335274e-05
169.333333333333,4.695224854321417e-05
170.0,4.6894660471417915e-05
170.666666666667,4.6836988194410046e-05
171.333333333333,4.677923285546926e-05
172.0,4.6721395594613005e-05
172.666666666667,4.666347754862108e-05
173.333333333333,4.660547985092855e-05
174.0,4.654740363169352e-05
174.666666666667,4.648925001767665e-05
175.333333333333,4.643102013223735e-05
176.0,4.637271509528714e-05
176.666666666667,4.6314336023286484e-05
177.333333333333,4.6255884029213226e-05
178.0,4.619736022251727e-05
178.666666666667,4.613876570906181e-05
179.333333333333,4.608010159113611e-05
180.0,4.602136896742599e-05
180.666666666667,4.5962568932956374e-05
181.333333333333,4.5903702579091155e-05
182.0,4.584477099347691e-05
182.666666666667,4.578577526001556e-05
183.333333333333,4.5726716458893205e-05
184.0,4.56675956664835e-05
184.666666666667,4.5608413955349594e-05
185.333333333333,4.5549172394232306e-05
186.0,4.5489872048010955e-05
186.666666666667,4.5430513977651134e-05
187.333333333333,4.5371099240249404e-05
188.0,4.531162888895422e-05
188.666666666667,4.5252103972915455e-05
189.333333333333,4.519252553737101e-05
190.0,4.513289462351482e-05
190.666666666667,4.507321226852965e-05
191.333333333333,4.5013479505538334e-05
192.0,4.495369736360988e-05
192.666666666667,4.489386686772521e-05
193.333333333333,4.4833989038757003e-05
194.0,4.4774064893436614e-05
194.666666666667,4.471409544437494e-05
195.333333333333,4.465408169999007e-05
196.0,4.459402466454225e-05
196.666666666667,4.45339253380627e-05
197.333333333333,4.447378471634958e-05
198.0,4.441360379105627e-05
198.666666666667,4.4353383549463674e-05
199.333333333333,4.429312497463552e-05
200.0,4.42328290453888e-05
200.666666666667,4.4172496736173824e-05
201.333333333333,4.4112129017137855e-05
202.0,4.405172685414924e-05
202.666666666667,4.39912912086793e-05
203.333333333333,4.393082303785365e-05
204.0,4.387032329442581e-05
204.666666666667,4.380979292676428e-05
205.333333333333,4.374923287886554e-05
206.0,4.368864409026522e-05
206.666666666667,4.362802749612854e-05
207.333333333333,4.356738402716239e-05
208.0,4.3506714609642565e-05
208.666666666667,4.344602016536527e-05
209.333333333333,4.338530161168751e-05
210.0,4.3324559861479375e-05
210.666666666667,4.32637958231398e-05
211.333333333333,4.320301040058732e-05
212.0,4.314220449320163e-05
212.666666666667,4.308137899586529e-05
213.333333333333,4.302053479896801e-05
214.0,4.295967278834947e-05
214.666666666667,4.28987938453171e-05
215.333333333333,4.283789884666365e-05
216.0,4.277698866462381e-05
216.666666666667,4.2716064166856096e-05
217.333333333333,4.265512621649807e-05
218.0,4.259417567211206e-05
218.666666666667,4.2533213387668166e-05
219.333333333333,4.247224021261202e-05
220.0,4.2411256991775826e-05
220.666666666667,4.23502645654226e-05
221.333333333333,4.2289263769230403e-05
222.0,4.2228255434288904e-05
222.666666666667,4.216724038709637e-05
223.333333333333,4.2106219449556894e-05
224.0,4.2045193438966235e-05
224.666666666667,4.198416316805686e-05
225.333333333333,4.192312944492537e-05
226.0,4.186209307306662e-05
226.666666666667,4.18010548514191e-05
227.333333333333,4.1740015574258934e-05
228.0,4.1678976031292785e-05
228.666666666667,4.1617937007622485e-05
229.333333333333,4.1556899283710554e-05
230.0,4.149586363544989e-05
230.666666666667,4.143483083414105e-05
231.333333333333,4.137380164644735e-05
232.0,4.131277683445344e-05
232.666666666667,4.12517571556325e-05
233.333333333333,4.119074336287071e-05
234.0,4.1129736204424116e-05
234.666666666667,4.106873642402257e-05
235.333333333333,4.100774476074804e-05
236.0,4.094676194910539e-05
236.666666666667,4.088578871902528e-05
237.333333333333,4.0824825795845206e-05
238.0,4.076387390035759e-05
238.666666666667,4.0702933748713845e-05
239.333333333333,4.064200605256155e-05
240.0,4.0581091518960104e-05
240.666666666667,4.0520190850396635e-05
241.333333333333,4.0459304744801964e-05
242.0,4.039843389557747e-05
242.666666666667,4.033757899155676e-05
243.333333333333,4.0276740717033234e-05
244.0,4.0215919751808996e-05
244.666666666667,4.015511677109285e-05
245.333333333333,4.0094332445603916e-05
246.0,4.003356744156705e-05
246.666666666667,3.9972822420665914e-05
247.333333333333,3.991209804007172e-05
248.0,3.9851394952514e-05
248.666666666667,3.979071380618167e-05
249.333333333333,3.973005524482607e-05
250.0,3.9669419907673746e-05
250.666666666667,3.960880842955022e-05
251.333333333333,3.954822144079341e-05
252.0,3.9487659567283267e-05
252.666666666667,3.9427123430481595e-05
253.333333333333,3.93666136473992e-05
254.0,3.93061308306566e-05
254.666666666667,3.9245675588420874e-05
255.333333333333,3.918524852451792e-05
256.0,3.912485023829823e-05
256.666666666667,3.906448132480033e-05
257.333333333333,3.900414237466832e-05
258.0,3.894383397415207e-05
258.666666666667,3.888355670519854e-05
259.333333333333,3.8823311145360884e-05
260.0,3.876309786789987e-05
260.666666666667,3.8702917441744045e-05
261.333333333333,3.864277043149079e-05
262.0,3.85826573974672e-05
262.666666666667,3.8522578895681494e-05
263.333333333333,3.846253547790372e-05
264.0,3.840252769158822e-05
264.666666666667,3.8342556079993684e-05
265.333333333333,3.828262118207685e-05
266.0,3.822272353259287e-05
266.666666666667,3.816286366206808e-05
267.333333333333,3.810304209687036e-05
268.0,3.804325935908561e-05
268.666666666667,3.7983515966695e-05
269.333333333333,3.792381243346173e-05
270.0,3.7864149269020845e-05
270.666666666667,3.7804526978834484e-05
271.333333333333,3.774494606429064e-05
272.0,3.7685407022582856e-05
272.666666666667,3.762591034685662e-05
273.333333333333,3.75664565261465e-05
274.0,3.7507046045399215e-05
274.666666666667,3.744767938551529e-05
275.333333333333,3.738835702333438e-05
276.0,3.732907943164919e-05
276.666666666667,3.726984707926562e-05
277.333333333333,3.7210660430933104e-05
278.0,3.7151519947423675e-05
278.666666666667,3.7092426085536635e-05
279.333333333333,3.703337929810342e-05
280.0,3.69743800339837e-05
280.666666666667,3.691542873811634e-05
281.333333333333,3.685652585151546e-05
282.0,3.679767181126695e-05
282.666666666667,3.673886705057931e-05
283.333333333333,3.66801119987802e-05
284.0,3.662140708132223e-05
284.666666666667,3.6562752719815826e-05
285.333333333333,3.650414933202622e-05
286.0,3.644559733189748e-05
286.666666666667,3.6387097129585214e-05
287.333333333333,3.6328649131436275e-05
288.0,3.627025374002176e-05
288.666666666667,3.621191135416106e-05
289.333333333333,3.6153622368928316e-05
290.0,3.609538717566785e-05
290.666666666667,3.60372061620096e-05
291.333333333333,3.59790797118674e-05
292.0,3.592100820549783e-05
292.666666666667,3.586299201948968e-05
293.333333333333,3.580503152675406e-05
294.0,3.5747127096583056e-05
294.666666666667,3.5689279094656765e-05
295.333333333333,3.563148788304208e-05
296.0,3.557375382020023e-05
296.666666666667,3.5516077261061843e-05
297.333333333333,3.5458458556950005e-05
298.0,3.540089805568897e-05
298.666666666667,3.534339610155289e-05
299.333333333333,3.5285953035332074e-05
300.0,3.5228569194290824e-05
300.666666666667,3.517124491224177e-05
301.333333333333,3.511398051952877e-05
302.0,3.505677634305965e-05
302.666666666667,3.4999632706289584e-05
303.333333333333,3.4942549929311024e-05
304.0,3.488552832875562e-05
304.666666666667,3.482856821793282e-05
305.333333333333,3.477166990677275e-05
306.0,3.471483370183482e-05
306.666666666667,3.4658059906380454e-05
307.333333333333,3.46013488203491e-05
308.0,3.454470074035884e-05
308.666666666667,3.448811595978657e-05
309.333333333333,3.443159476870482e-05
310.0,3.437513745397753e-05
310.666666666667,3.431874429920525e-05
311.333333333333,3.426241558479683e-05
312.0,3.4206151587938786e-05
312.666666666667,3.4149952582658696e-05
313.333333333333,3.4093818839802625e-05
314.0,3.403775062707499e-05
314.666666666667,3.3981748209047235e-05
315.333333333333,3.3925811847151325e-05
316.0,3.386994179977299e-05
316.666666666667,3.3814138322168354e-05
317.333333333333,3.3758401666534286e-05
318.0,3.370273208202477e-05
318.666666666667,3.3647129814774786e-05
319.333333333333,3.359159510786391e-05
320.0,3.353612820140835e-05
320.666666666667,3.3480729332517006e-05
321.333333333333,3.342539873533807e-05
322.0,3.337013664107536e-05
322.666666666667,3.331494327798242e-05
323.333333333333,3.325981887140868e-05
324.0,3.3204763643786195e-05
324.666666666667,3.314977781466829e-05
325.333333333333,3.309486160074577e-05
326.0,3.3040015215855914e-05
326.666666666667,3.2985238870984296e-05
327.333333333333,3.293053277429581e-05
328.0,3.287589713118697e-05
328.666666666667,3.2821332144215495e-05
329.333333333333,3.276683801319605e-05
330.0,3.2712414935187536e-05
330.666666666667,3.265806310450217e-05
331.333333333333,3.260378271272891e-05
332.0,3.254957394876373e-05
332.666666666667,3.2495436998790344e-05
333.333333333333,3.244137204633177e-05
334.0,3.2387379272238195e-05
334.666666666667,3.2333458854745104e-05
335.333333333333,3.2279610969440215e-05
336.0,3.2225835789293735e-05
336.666666666667,3.217213348470197e-05
337.333333333333,3.211850422347548e-05
338.0,3.2064948170855094e-05
338.666666666667,3.201146548953474e-05
339.333333333333,3.1958056339684106e-05
340.0,3.190472087896432e-05
340.666666666667,3.185145926252339e-05
341.333333333333,3.1798271643032323e-05
342.0,3.174515817068065e-05
342.666666666667,3.1692118993239105e-05
343.333333333333,3.163915425600808e-05
344.0,3.158626410188024e-05
344.666666666667,3.1533448671349305e-05
345.333333333333,3.148070810249902e-05
346.0,3.142804253106501e-05
346.666666666667,3.1375452090403955e-05
347.333333333333,3.1322936911535383e-05
348.0,3.127049712315697e-05
348.666666666667,3.121813285164027e-05
349.333333333333,3.116584422107209e-05
350.0,3.1113631353243704e-05
350.666666666667,3.106149436769842e-05
351.333333333333,3.1009433381701566e-05
352.0,3.0957448510307055e-05
352.666666666667,3.090553986632754e-05
353.333333333333,3.0853707560387746e-05
354.0,3.080195170090123e-05
354.666666666667,3.075027239411081e-05
355.333333333333,3.069866974410333e-05
356.0,3.0647143852818126e-05
356.666666666667,3.059569482005558e-05
357.333333333333,3.0544322743498164e-05
358.0,3.0493027718731327e-05
358.666666666667,3.0441809839245684e-05
359.333333333333,3.039066919646399e-05
360.0,3.0339605879743334e-05
360.666666666667,3.0288619976401945e-05
361.333333333333,3.0237711571727426e-05
362.0,3.0186880748985088e-05
362.666666666667,3.0136127589444466e-05
363.333333333333,3.0085452172387495e-05
364.0,3.003485457511672e-05
364.666666666667,2.9984334872981554e-05
365.333333333333,2.9933893139380382e-05
366.0,2.9883529445798508e-05
366.666666666667,2.983324386178633e-05
367.333333333333,2.9783036454985416e-05
368.0,2.9732907291171967e-05
368.666666666667,2.968285643423506e-05
369.333333333333,2.9632883946190675e-05
370.0,2.958298988722477e-05
370.666666666667,2.9533174315683463e-05
371.333333333333,2.948343728809835e-05
372.0,2.9433778859182692e-05
372.666666666667,2.9384199081862397e-05
373.333333333333,2.9334698007289393e-05
374.0,2.9285275684837838e-05
374.666666666667,2.9235932162140436e-05
375.333333333333,2.918666748507888e-05
376.0,2.9137481697825554e-05
376.666666666667,2.908837484282829e-05
377.333333333333,2.9039346960823696e-05
378.0,2.8990398090889604e-05
378.666666666667,2.8941528270407446e-05
379.333333333333,2.889273753510338e-05
380.0,2.8844025919066667e-05
380.666666666667,2.8795393454729214e-05
381.333333333333,2.8746840172922766e-05
382.0,2.8698366102863867e-05
382.666666666667,2.864997127216117e-05
383.333333333333,2.860165570685549e-05
384.0,2.8553419431399534e-05
384.666666666667,2.8505262468708547e-05
385.333333333333,2.8457184840118508e-05
386.0,2.8409186565463533e-05
386.666666666667,2.8361267663044857e-05
387.333333333333,2.8313428149643273e-05
388.0,2.8265668040558145e-05
388.666666666667,2.82179873495928e-05
389.333333333333,2.8170386089087946e-05
390.0,2.8122864269907218e-05
390.666666666667,2.807542190148092e-05
391.333333333333,2.802805899179154e-05
392.0,2.7980775547406663e-05
392.666666666667,2.7933571573469817e-05
393.333333333333,2.7886447073727946e-05
394.0,2.7839402050537867e-05
394.666666666667,2.7792436504883038e-05
395.333333333333,2.7745550436364568e-05
396.0,2.769874384324875e-05
396.666666666667,2.7652016722442545e-05
397.333333333333,2.7605369069520467e-05
398.0,2.7558800878751097e-05
398.666666666667,2.7512312143082927e-05
399.333333333333,2.7465902854165808e-05
400.0,2.7419573002357103e-05
400.666666666667,2.737332257674787e-05
401.333333333333,2.7327151565163778e-05
402.0,2.728105995416623e-05
402.666666666667,2.7235047729083197e-05
403.333333333333,2.718911487401009e-05
404.0,2.7143261371805886e-05
404.666666666667,2.7097487204143228e-05
405.333333333333,2.705179235147487e-05
406.0,2.700617679307381e-05
406.666666666667,2.6960640507029182e-05
407.333333333333,2.691518347026168e-05
408.0,2.6869805658548477e-05
408.666666666667,2.682450704649028e-05
409.333333333333,2.6779287607579444e-05
410.0,2.6734147314166987e-05
410.666666666667,2.6689086137487298e-05
411.333333333333,2.6644104047677766e-05
412.0,2.659920101376991e-05
412.666666666667,2.655437700370901e-05
413.333333333333,2.6509631984368788e-05
414.0,2.646496592156128e-05
414.666666666667,2.642037878002345e-05
415.333333333333,2.6375870523478254e-05
416.0,2.6331441114574673e-05
416.666666666667,2.6287090514957848e-05
417.333333333333,2.6242818685255463e-05
418.0,2.6198625585082765e-05
418.666666666667,2.6154511173043127e-05
419.333333333333,2.6110475406783133e-05
420.0,2.606651824293819e-05
420.666666666667,2.6022639637192038e-05
421.333333333333,2.597883954426331e-05
422.0,2.593511791792384e-05
422.666666666667,2.5891474710998914e-05
423.333333333333,2.5847909875372035e-05
424.0,2.5804423362025235e-05
424.666666666667,2.576101512099917e-05
425.333333333333,2.571768510145978e-05
426.0,2.5674433251645326e-05
426.666666666667,2.5631259518928255e-05
427.333333333333,2.5588163849793166e-05
428.0,2.5545146189854445e-05
428.666666666667,2.5502206483864977e-05
429.333333333333,2.5459344675733465e-05
430.0,2.541656070850711e-05
430.666666666667,2.5373854524419035e-05
431.333333333333,2.5331226064857997e-05
432.0,2.5288675270398442e-05
432.666666666667,2.524620208080881e-05
433.333333333333,2.5203806435055624e-05
434.0,2.5161488271311782e-05
434.666666666667,2.5119247526960596e-05
435.333333333333,2.5077084138604084e-05
436.0,2.5034998042096204e-05
436.666666666667,2.4992989172504862e-05
437.333333333333,2.4951057464161812e-05
438.0,2.4909202850641468e-05
438.666666666667,2.4867425264801958e-05
439.333333333333,2.4825724638743464e-05
440.0,2.4784100903873756e-05
440.666666666667,2.4742553990866617e-05
441.333333333333,2.4701083829698337e-05
442.0,2.4659690349651202e-05
442.666666666667,2.4618373479304948e-05
443.333333333333,2.4577133146572664e-05
444.0,2.4535969278676014e-05
444.666666666667,2.4494881802184924e-05
445.333333333333,2.4453870642996894e-05
446.0,2.441293572636441e-05
446.666666666667,2.437207697688238e-05
447.333333333333,2.4331294318523188e-05
448.0,2.4290587674616184e-05
448.666666666667,2.424995696787463e-05
449.333333333333,2.420940212039102e-05
450.0,2.41689230536442e-05
450.666666666667,2.4128519688522007e-05
451.333333333333,2.408819194530873e-05
452.0,2.404793974369606e-05
452.666666666667,2.400776300280536e-05
453.333333333333,2.3967661641175238e-05
454.0,2.3927635576768458e-05
454.666666666667,2.38876847270092e-05
455.333333333333,2.3847809008743986e-05
456.0,2.3808008338282653e-05
456.666666666667,2.3768282631397263e-05
457.333333333333,2.3728631803309882e-05
458.0,2.368905576872921e-05
458.666666666667,2.3649554441834492e-05
459.333333333333,2.36101277362932e-05
460.0,2.357077556526735e-05
460.666666666667,2.3531497841397663e-05
461.333333333333,2.349229447685793e-05
462.0,2.345316538330219e-05
462.666666666667,2.341411047192251e-05
463.333333333333,2.3375129653418412e-05
464.0,2.333622283803584e-05
464.666666666666,2.3297389935529606e-05
465.333333333333,2.325863085521663e-05
466.0,2.3219945505949267e-05
466.666666666666,2.3181333796139316e-05
467.333333333333,2.314279563374954e-05
468.0,2.3104330926306748e-05
468.666666666666,2.3065939580918216e-05
469.333333333333,2.302762150425613e-05
470.0,2.2989376602577533e-05
470.666666666666,2.2951204781726472e-05
471.333333333333,2.2913105947143114e-05
472.0,2.2875080003858848e-05
472.666666666666,2.283712685651238e-05
473.333333333333,2.2799246409358656e-05
474.0,2.276143856625352e-05
474.666666666666,2.2723703230680017e-05
475.333333333333,2.2686040305757087e-05
476.0,2.2648449694217452e-05
476.666666666666,2.2610931298440426e-05
477.333333333333,2.2573485020443454e-05
478.0,2.2536110761890795e-05
478.666666666666,2.249880842410544e-05
479.333333333333,2.2461577908057384e-05
480.0,2.2424419114385627e-05
480.666666666666,2.2387331943389812e-05
481.333333333333,2.235031629505864e-05
482.0,2.2313372069031524e-05
482.666666666666,2.227649916465681e-05
483.333333333333,2.223969748095352e-05
484.0,2.2202966916639412e-05
484.666666666666,2.216630737012923e-05
485.333333333333,2.2129718739532982e-05
486.0,2.2093200922680295e-05
486.666666666666,2.205675381709905e-05
487.333333333333,2.2020377320042882e-05
488.0,2.1984071328479603e-05
488.666666666666,2.194783573910554e-05
489.333333333333,2.1911670448343687e-05
490.0,2.1875575352357865e-05
490.666666666666,2.1839550347044445e-05
491.333333333333,2.18035953280464e-05
492.0,2.1767710190757728e-05
492.666666666666,2.1731894830321497e-05
493.333333333333,2.169614914162804e-05
494.0,2.1660473019350634e-05
494.666666666666,2.1624866357905902e-05
495.333333333333,2.1589329051495652e-05
496.0,2.1553860994086142e-05
496.666666666666,2.1518462079424735e-05
497.333333333333,2.1483132201044034e-05
498.0,2.144787125225678e-05
498.666666666666,2.1412679126178346e-05
499.333333333333,2.137755571569718e-05
500.0,2.134250091352159e-05
500.666666666666,2.130751461215019e-05
501.333333333333,2.1272596703897128e-05
502.0,2.123774708087788e-05
502.666666666666,2.1202965635025254e-05
503.333333333333,2.11682522580962e-05
504.0,2.113360684166069e-05
504.666666666666,2.1099029277117517e-05
505.333333333333,2.1064519455700978e-05
506.0,2.1030077268472752e-05
506.666666666666,2.0995702606331566e-05
507.333333333333,2.0961395360019803e-05
508.0,2.092715542012129e-05
508.666666666666,2.0892982677070754e-05
509.333333333333,2.085887702115448e-05
510.0,2.0824838342510984e-05
510.666666666666,2.0790866531140332e-05
511.333333333333,2.0756961476904748e-05
512.0,2.0723123069529195e-05
512.666666666667,2.0689351198613425e-05
513.333333333333,2.06556457536211e-05
514.0,2.062200662390028e-05
514.666666666667,2.0588433698672553e-05
515.333333333333,2.0554926867050473e-05
516.0,2.052148601801834e-05
516.666666666667,2.0488111040463595e-05
517.333333333333,2.0454801823154782e-05
518.0,2.0421558254769912e-05
518.666666666667,2.0388380223869007e-05
519.333333333333,2.035526761892507e-05
520.0,2.0322220328316053e-05
520.666666666667,2.028923824032248e-05
521.333333333333,2.025632124314151e-05
522.0,2.0223469224879034e-05
522.666666666667,2.0190682073560895e-05
523.333333333333,2.0157959677141245e-05
524.0,2.012530192348114e-05
524.666666666667,2.0092708700378584e-05
525.333333333333,2.0060179895563233e-05
526.0,2.0027715396685908e-05
526.666666666667,1.9995315091340227e-05
527.333333333333,1.9962978867060026e-05
528.0,1.99307066113089e-05
528.666666666667,1.9898498211504232e-05
529.333333333333,1.9866353555001396e-05
530.0,1.9834272529112328e-05
530.666666666667,1.980225502109506e-05
531.333333333333,1.9770300918161678e-05
532.0,1.973841010748359e-05
532.666666666667,1.970658247619152e-05
533.333333333333,1.9674817911372974e-05
534.0,1.964311630008774e-05
534.666666666667,1.961147752936009e-05
535.333333333333,1.9579901486181358e-05
536.0,1.9548388057515056e-05
536.666666666666,1.9516937130304405e-05
537.333333333333,1.9485548591464628e-05
538.0,1.9454222327893038e-05
538.666666666666,1.9422958226466393e-05
539.333333333333,1.9391756174053333e-05
540.0,1.9360616057499205e-05
540.666666666666,1.932953776364346e-05
541.333333333333,1.9298521179319446e-05
542.0,1.926756619134927e-05
542.666666666666,1.9236672686555994e-05
543.333333333333,1.920584055175358e-05
544.0,1.9175069673768784e-05
544.666666666666,1.9144359939413962e-05
545.333333333333,1.9113711235525964e-05
546.0,1.9083123448934113e-05
546.666666666666,1.905259646648432e-05
547.333333333333,1.9022130175031472e-05
548.0,1.899172446144159e-05
548.666666666666,1.8961379212605927e-05
549.333333333333,1.8931094315419046e-05
550.0,1.8900869656807243e-05
550.666666666666,1.8870705123716174e-05
551.333333333333,1.8840600603108204e-05
552.0,1.8810555981980965e-05
552.666666666666,1.878057114735747e-05
553.333333333333,1.8750645986285753e-05
554.0,1.8720780385852548e-05
554.666666666666,1.869097423316882e-05
555.333333333333,1.8661227415392652e-05
556.0,1.863153981970786e-05
556.666666666666,1.860191133334905e-05
557.333333333333,1.857234184358261e-05
558.0,1.8542831237724712e-05
558.666666666666,1.8513379403129316e-05
559.333333333333,1.8483986227201412e-05
560.0,1.845465159739647e-05
560.666666666666,1.842537540121536e-05
561.333333333333,1.8396157526210678e-05
562.0,1.8366997859992915e-05
562.666666666666,1.8337896290220927e-05
563.333333333333,1.83088527046193e-05
564.0,1.8279866990962105e-05
564.666666666666,1.8250939037090175e-05
565.333333333333,1.8222068730899393e-05
566.0,1.8193255960359987e-05
566.666666666666,1.816450061349603e-05
567.333333333333,1.8135802578402478e-05
568.0,1.8107161743244494e-05
568.666666666666,1.807857799625242e-05
569.333333333333,1.8050051225729877e-05
570.0,1.8021581320055226e-05
570.666666666666,1.799316816767874e-05
571.333333333333,1.7964811657124086e-05
572.0,1.7936511676998395e-05
572.666666666666,1.7908268115978677e-05
573.333333333333,1.7880080862830373e-05
574.0,1.7851949806393802e-05
574.666666666666,1.7823874835596233e-05
575.333333333333,1.7795855839446873e-05
576.0,1.776789270704245e-05
576.666666666666,1.7739985327564377e-05
577.333333333333,1.771213359028008e-05
578.0,1.7684337384552705e-05
578.666666666666,1.7656596599836074e-05
579.333333333333,1.7628911125665676e-05
580.0,1.7601280851678617e-05
580.666666666666,1.757370566761065e-05
581.333333333333,1.7546185463285088e-05
582.0,1.7518720128622323e-05
582.666666666666,1.7491309553651195e-05
583.333333333333,1.7463953628487763e-05
584.0,1.7436652243356876e-05
584.666666666666,1.740940528858114e-05
585.333333333333,1.7382212654588177e-05
586.0,1.7355074231907722e-05
586.666666666666,1.7327989911178794e-05
587.333333333333,1.7300959583142784e-05
588.0,1.7273983138650584e-05
588.666666666666,1.7247060468661673e-05
589.333333333333,1.7220191464243224e-05
590.0,1.7193376016579065e-05
590.666666666666,1.7166614016954985e-05
591.333333333333,1.7139905356779438e-05
592.0,1.71132499275708e-05
592.666666666666,1.70866476209604e-05
593.333333333333,1.7060098328697428e-05
594.0,1.703360194264986e-05
594.666666666666,1.700715835480162e-05
595.333333333333,1.6980767457251622e-05
596.0,1.6954429142230077e-05
596.666666666666,1.6928143302074516e-05
597.333333333333,1.69019098292518e-05
598.0,1.687572861635136e-05
598.666666666666,1.6849599556082323e-05
599.333333333333,1.6823522541283885e-05
600.0,1.67974974649111e-05
600.666666666666,1.6771524220058332e-05
601.333333333333,1.6745602699939425e-05
602.0,1.6719732797892378e-05
602.666666666666,1.6693914407391346e-05
603.333333333333,1.6668147422038153e-05
604.0,1.6642431735559423e-05
604.666666666666,1.6616767241822183e-05
605.333333333333,1.659115383481986e-05
606.0,1.6565591408678636e-05
606.666666666666,1.654007985765822e-05
607.333333333333,1.6514619076156242e-05
608.0,1.6489208958699906e-05
608.666666666666,1.646384939995944e-05
609.333333333333,1.6438540294732552e-05
610.0,1.6413281537961398e-05
610.666666666666,1.6388073024724274e-05
611.333333333333,1.636291465023811e-05
612.0,1.6337806309857403e-05
612.666666666666,1.6312747899078466e-05
613.333333333333,1.628773931354006e-05
614.0,1.626278044901526e-05
614.666666666666,1.623787120142972e-05
615.333333333333,1.6213011466842963e-05
616.0,1.6188201141461327e-05
616.666666666666,1.6163440121638537e-05
617.333333333333,1.6138728303864168e-05
618.0,1.611406558478334e-05
618.666666666666,1.608945186117654e-05
619.333333333333,1.6064887029979217e-05
620.0,1.604037098827027e-05
620.666666666666,1.601590363327779e-05
621.333333333333,1.5991484862374483e-05
622.0,1.5967114573081682e-05
622.666666666666,1.594279266307663e-05
623.333333333333,1.5918519030176096e-05
624.0,1.5894293572358857e-05
624.666666666666,1.5870116187742623e-05
625.333333333333,1.5845986774604744e-05
626.0,1.582190523137094e-05
626.666666666666,1.579787145661917e-05
627.333333333333,1.5773885349081753e-05
628.0,1.5749946807644196e-05
628.666666666666,1.5726055731342364e-05
629.333333333333,1.570221201936954e-05
630.0,1.567841557107521e-05
630.666666666666,1.5654666285958965e-05
631.333333333333,1.56309640636775e-05
632.0,1.5607308804045023e-05
632.666666666666,1.558370040703366e-05
633.333333333333,1.5560138772767417e-05
634.0,1.5536623801532254e-05
634.666666666666,1.5513155393768452e-05
635.333333333333,1.5489733450075817e-05
636.0,1.546635787121087e-05
636.666666666666,1.5443028558090413e-05
637.333333333333,1.5419745411791885e-05
638.0,1.5396508333548967e-05
638.666666666666,1.5373317224756707e-05
639.333333333333,1.5350171986970276e-05
640.0,1.5327072521903746e-05
640.666666666666,1.530401873143357e-05
641.333333333333,1.5281010517600437e-05
642.0,1.525804778260181e-05
642.666666666666,1.5235130428795401e-05
643.333333333333,1.5212258358708724e-05
644.0,1.5189431475023961e-05
644.666666666666,1.5166649680590587e-05
645.333333333333,1.5143912878419511e-05
646.0,1.5121220971686407e-05
646.666666666666,1.5098573863727434e-05
647.333333333333,1.5075971458044078e-05
648.0,1.5053413658303394e-05
648.666666666666,1.5030900368336743e-05
649.333333333333,1.5008431492137047e-05
650.0,1.4986006933863562e-05
650.666666666666,1.4963626597845061e-05
651.333333333333,1.4941290388566673e-05
652.0,1.4918998210686483e-05
652.666666666666,1.489674996902682e-05
653.333333333333,1.4874545568574487e-05
654.0,1.4852384914480995e-05
654.666666666666,1.4830267912070094e-05
655.333333333333,1.4808194466826236e-05
656.0,1.4786164484403562e-05
656.666666666666,1.476417787062172e-05
657.333333333333,1.4742234531468931e-05
658.0,1.472033437310217e-05
658.666666666666,1.4698477301841567e-05
659.333333333333,1.4676663224177785e-05
660.0,1.4654892046769298e-05
660.666666666666,1.4633163676442539e-05
661.333333333333,1.461147802019064e-05
662.0,1.4589834985176422e-05
662.666666666666,1.4568234478732512e-05
663.333333333333,1.454667640835585e-05
664.0,1.4525160681717673e-05
664.666666666666,1.4503687206652398e-05
665.333333333333,1.4482255891167567e-05
666.0,1.4460866643438349e-05
666.666666666666,1.4439519371809058e-05
667.333333333333,1.4418213984791878e-05
668.0,1.4396950391071115e-05
668.666666666666,1.4375728499499136e-05
669.333333333333,1.4354548219096489e-05
670.0,1.433340945905882e-05
670.666666666666,1.4312312128743288e-05
671.333333333333,1.4291256137683675e-05
672.0,1.4270241395580895e-05
672.666666666666,1.4249267812305805e-05
673.333333333333,1.4228335297899271e-05
674.0,1.420744376257357e-05
674.666666666666,1.4186593116708416e-05
675.333333333333,1.4165783270856384e-05
676.0,1.4145014135741591e-05
676.666666666666,1.4124285622253105e-05
677.333333333333,1.4103597641455622e-05
678.0,1.4082950104580209e-05
678.666666666666,1.4062342923033584e-05
679.333333333333,1.404177600838499e-05
680.0,1.4021249272383285e-05
680.666666666666,1.4000762626939922e-05
681.333333333333,1.3980315984143353e-05
682.0,1.395990925624601e-05
682.666666666666,1.3939542355676013e-05
683.333333333333,1.3919215195031965e-05
684.0,1.3898927687077821e-05
684.666666666666,1.387867974475319e-05
685.333333333333,1.3858471281165606e-05
686.0,1.3838302209596912e-05
686.666666666666,1.3818172443494324e-05
687.333333333333,1.3798081896479331e-05
688.0,1.3778030482340065e-05
688.666666666666,1.3758018115038865e-05
689.333333333333,1.3738044708708447e-05
690.0,1.3718110177648119e-05
690.666666666666,1.3698214436330036e-05
691.333333333333,1.3678357399400368e-05
692.0,1.3658538981666825e-05
692.666666666666,1.3638759098116021e-05
693.333333333333,1.361901766389977e-05
694.0,1.3599314594341237e-05
694.666666666666,1.3579649804932427e-05
695.333333333333,1.3560023211340247e-05
696.0,1.3540434729395426e-05
696.666666666666,1.3520884275102248e-05
697.333333333333,1.3501371764633597e-05
698.0,1.348189711433332e-05
698.666666666666,1.346246024071253e-05
699.333333333333,1.344306106045317e-05
700.0,1.3423699490410301e-05
700.666666666666,1.3404375447602452e-05
701.333333333333,1.338508884922111e-05
702.0,1.3365839612627054e-05
702.666666666666,1.3346627655349067e-05
703.333333333333,1.3327452895085051e-05
704.0,1.3308315249704283e-05
704.666666666666,1.3289214637240259e-05
705.333333333333,1.3270150975902338e-05
706.0,1.3251124184060407e-05
706.666666666666,1.323213418026115e-05
707.333333333333,1.3213180883212778e-05
708.0,1.3194264211796558e-05
708.666666666666,1.3175384085059737e-05
709.333333333333,1.3156540422218897e-05
710.0,1.3137733142659837e-05
710.666666666666,1.3118962165932859e-05
711.333333333333,1.3100227411758397e-05
712.0,1.3081528800026859e-05
712.666666666666,1.306286625079055e-05
713.333333333333,1.3044239684273777e-05
714.0,1.3025649020867033e-05
714.666666666666,1.3007094181129129e-05
715.333333333333,1.2988575085782562e-05
716.0,1.297009165571901e-05
716.666666666666,1.2951643812000268e-05
717.333333333333,1.293323147584809e-05
718.0,1.2914854568656296e-05
718.666666666666,1.2896513011980625e-05
719.333333333333,1.2878206727547455e-05
720.0,1.2859935637245911e-05
720.666666666666,1.284169966313323e-05
721.333333333333,1.2823498727431304e-05
722.0,1.2805332752527633e-05
722.666666666666,1.278720166097625e-05
723.333333333333,1.2769105375494301e-05
724.0,1.2751043818967313e-05
724.666666666666,1.273301691444253e-05
725.333333333333,1.2715024585134158e-05
726.0,1.2697066754419957e-05
726.666666666666,1.2679143345843228e-05
727.333333333333,1.2661254283110498e-05
728.0,1.264339949009348e-05
728.666666666666,1.2625578890825728e-05
729.333333333333,1.2607792409507744e-05
730.0,1.2590039970502566e-05
730.666666666666,1.2572321498334556e-05
731.333333333333,1.255463691769551e-05
732.0,1.2536986153434012e-05
732.666666666666,1.2519369130569874e-05
733.333333333333,1.2501785774277266e-05
734.0,1.2484236009898068e-05
734.666666666666,1.2466719762936471e-05
735.333333333333,1.2449236959055692e-05
736.0,1.2431787524083985e-05
736.666666666666,1.2414371384010315e-05
737.333333333333,1.2396988464984177e-05
738.0,1.2379638693316435e-05
738.666666666666,1.236232199548216e-05
739.333333333333,1.2345038298115347e-05
740.0,1.2327787528008732e-05
740.666666666666,1.2310569612118651e-05
741.333333333333,1.229338447756079e-05
742.0,1.2276232051611988e-05
742.666666666666,1.2259112261707033e-05
743.333333333333,1.2242025035440469e-05
744.0,1.2224970300570355e-05
744.666666666666,1.2207947985009108e-05
745.333333333333,1.219095801683124e-05
746.0,1.2174000324270168e-05
746.666666666666,1.215707483571505e-05
747.333333333333,1.2140181479716489e-05
748.0,1.2123320184984317e-05
748.666666666666,1.2106490880384456e-05
749.333333333333,1.208969349493873e-05
750.0,1.2072927957830469e-05
750.666666666666,1.2056194198399418e-05
751.333333333333,1.2039492146140572e-05
752.0,1.2022821730708771e-05
752.666666666666,1.200618288191366e-05
753.333333333333,1.19895755297214e-05
754.0,1.1972999604254437e-05
754.666666666666,1.1956455035793185e-05
755.333333333333,1.1939941754771033e-05
756.0,1.1923459691780768e-05
756.666666666666,1.1907008777566764e-05
757.333333333333,1.1890588943029502e-05
758.0,1.187420011922625e-05
758.666666666666,1.185784223736709e-05
759.333333333333,1.1841515228818422e-05
760.0,1.1825219025098068e-05
760.666666666666,1.1808953557881557e-05
761.333333333333,1.179271875899354e-05
762.0,1.1776514560416803e-05
762.666666666666,1.1760340894284642e-05
763.333333333333,1.1744197692885236e-05
764.0,1.172808488865773e-05
764.666666666666,1.1712002414194752e-05
765.333333333333,1.1695950202241257e-05
766.0,1.1679928185694284e-05
766.666666666666,1.1663936297603619e-05
767.333333333333,1.1647974471167942e-05
768.0,1.1632042639741794e-05
768.666666666666,1.1616140736826336e-05
769.333333333333,1.1600268696075402e-05
770.0,1.1584426451294346e-05
770.666666666666,1.1568613936438895e-05
771.333333333333,1.1552831085613136e-05
772.0,1.1537077833071934e-05
772.666666666666,1.1521354113221563e-05
773.333333333333,1.1505659860614164e-05
774.0,1.1489995009955415e-05
774.666666666666,1.1474359496096382e-05
775.333333333333,1.1458753254037652e-05
776.0,1.1443176218929084e-05
776.666666666666,1.1427628326066945e-05
777.333333333333,1.1412109510899721e-05
778.0,1.1396619709017488e-05
778.666666666666,1.1381158856162025e-05
779.333333333333,1.1365726888221388e-05
780.0,1.1350323741228795e-05
780.666666666666,1.1334949351367516e-05
781.333333333333,1.1319603654962928e-05
782.0,1.1304286588489934e-05
782.666666666666,1.1288998088569291e-05
783.333333333333,1.1273738091964824e-05
784.0,1.1258506535586565e-05
784.666666666666,1.1243303356492992e-05
785.333333333333,1.1228128491881551e-05
786.0,1.1212981879100128e-05
786.666666666666,1.1197863455635916e-05
787.333333333333,1.1182773159125168e-05
788.0,1.116771092734296e-05
788.666666666666,1.115267669821205e-05
789.333333333333,1.1137670409796007e-05
790.0,1.1122692000302244e-05
790.666666666666,1.1107741408080946e-05
791.333333333333,1.1092818571625611e-05
792.0,1.1077923429570354e-05
792.666666666666,1.1063055920692897e-05
793.333333333333,1.1048215983911059e-05
794.0,1.1033403558285741e-05
794.666666666666,1.1018618583019035e-05
795.333333333333,1.1003860997451552e-05
796.0,1.0989130741066996e-05
796.666666666666,1.0974427753490266e-05
797.333333333333,1.0959751974484012e-05
798.0,1.0945103343951563e-05
798.666666666666,1.093048180193667e-05
799.333333333333,1.0915887288620845e-05
800.0,1.0901319744327072e-05
800.666666666666,1.0886779109516357e-05
801.333333333333,1.0872265324786701e-05
802.0,1.0857778330875975e-05
802.666666666666,1.0843318068658518e-05
803.333333333333,1.0828884479150336e-05
804.0,1.0814477503498712e-05
804.666666666666,1.0800097082995151e-05
805.333333333333,1.0785743159062706e-05
806.0,1.0771415673264225e-05
806.666666666666,1.0757114567297456e-05
807.333333333333,1.0742839782997089e-05
808.0,1.0728591262332958e-05
808.666666666666,1.07143689474113e-05
809.333333333333,1.0700172780473732e-05
810.0,1.0686002703896974e-05
810.666666666666,1.0671858660192585e-05
811.333333333333,1.0657740592006705e-05
812.0,1.0643648442119024e-05
812.666666666666,1.0629582153444033e-05
813.333333333333,1.0615541669029999e-05
814.0,1.0601526932060184e-05
814.666666666666,1.0587537885847362e-05
815.333333333333,1.057357447384101e-05
816.0,1.0559636639621082e-05
816.666666666666,1.0545724326900715e-05
817.333333333333,1.0531837479525954e-05
818.0,1.0517976041474015e-05
818.666666666666,1.0504139956853019e-05
819.333333333333,1.0490329169905385e-05
820.0,1.0476543624999526e-05
820.666666666666,1.0462783266640526e-05
821.333333333333,1.0449048039460398e-05
822.0,1.043533788822074e-05
822.666666666666,1.0421652757817524e-05
823.333333333333,1.0407992593273593e-05
824.0,1.0394357339739151e-05
824.666666666666,1.0380746942498654e-05
825.333333333333,1.0367161346961942e-05
826.0,1.0353600498667566e-05
826.666666666666,1.0340064343285358e-05
827.333333333333,1.0326552826611173e-05
828.0,1.0313065894568078e-05
828.666666666666,1.0299603493208881e-05
829.333333333333,1.0286165568712352e-05
830.0,1.0272752067385064e-05
830.666666666666,1.0259362935660423e-05
831.333333333333,1.024599812009701e-05
832.0,1.02326575673818e-05
832.666666666666,1.021934122432779e-05
833.333333333333,1.0206049037870299e-05
834.0,1.019278095507567e-05
834.666666666666,1.0179536923131344e-05
835.333333333333,1.016631688935043e-05
836.0,1.0153120801172116e-05
836.666666666666,1.0139948606157975e-05
837.333333333333,1.0126800251997851e-05
838.0,1.0113675686499371e-05
838.666666666666,1.0100574857599248e-05
839.333333333333,1.0087497713355532e-05
840.0,1.0074444201949392e-05
840.666666666666,1.0061414271683505e-05
841.333333333333,1.0048407870986495e-05
842.0,1.0035424948405287e-05
842.666666666666,1.0022465452612877e-05
843.333333333333,1.0009529332401384e-05
844.0,9.996616536684462e-06
844.666666666666,9.983727014499027e-06
845.333333333333,9.970860715001667e-06
846.0,9.958017587469055e-06
846.666666666666,9.945197581300319e-06
847.333333333333,9.93240064601283e-06
848.0,9.919626731245226e-06
848.666666666666,9.906875786755824e-06
849.333333333333,9.894147762420432e-06
850.0,9.881442608237261e-06
850.666666666666,9.868760274320839e-06
851.333333333333,9.856100710906273e-06
852.0,9.843463868345116e-06
852.666666666666,9.830849697107695e-06
853.333333333333,9.818258147784751e-06
854.0,9.805689171079512e-06
854.666666666666,9.793142717817647e-06
855.333333333333,9.780618738938724e-06
856.0,9.768117185501034e-06
856.666666666666,9.755638008677523e-06
857.333333333333,9.74318115975871e-06
858.0,9.730746590152405e-06
858.666666666666,9.718334251379685e-06
859.333333333333,9.705944095077787e-06
860.0,9.693576072999835e-06
860.666666666666,9.681230137015823e-06
861.333333333333,9.668906239106145e-06
862.0,9.65660433136941e-06
862.666666666666,9.644324366016603e-06
863.333333333333,9.632066295373922e-06
864.0,9.61983007188005e-06
864.666666666666,9.607615648088364e-06
865.333333333333,9.595422976664225e-06
866.0,9.583252010386559e-06
866.666666666666,9.571102702148203e-06
867.333333333333,9.558975004952001e-06
868.0,9.546868871914809e-06
868.666666666666,9.534784256265409e-06
869.333333333333,9.522721111342452e-06
870.0,9.510679390598425e-06
870.666666666666,9.498659047595773e-06
871.333333333333,9.486660036008457e-06
872.0,9.474682309619909e-06
872.666666666666,9.462725822325164e-06
873.333333333333,9.450790528128816e-06
874.0,9.43887638114537e-06
874.666666666666,9.426983335600157e-06
875.333333333333,9.41511134582615e-06
876.0,9.403260366267227e-06
876.666666666666,9.391430351473826e-06
877.333333333333,9.379621256107959e-06
878.0,9.367833034938278e-06
878.666666666666,9.35606564284159e-06
879.333333333333,9.344319034803759e-06
880.0,9.332593165915986e-06
880.666666666666,9.320887991379185e-06
881.333333333333,9.309203466501417e-06
882.0,9.297539546695925e-06
882.666666666666,9.285896187483756e-06
883.333333333333,9.274273344492933e-06
884.0,9.262670973456504e-06
884.666666666666,9.25108903021343e-06
885.333333333333,9.23952747070948e-06
886.0,9.227986250995268e-06
886.666666666666,9.216465327226591e-06
887.333333333333,9.204964655663053e-06
888.0,9.193484192671192e-06
888.666666666666,9.1820238947203e-06
889.333333333333,9.170583718385544e-06
890.0,9.159163620343257e-06
890.666666666666,9.147763557376818e-06
891.333333333333,9.136383486369747e-06
892.0,9.125023364312104e-06
892.666666666666,9.113683148294724e-06
893.333333333333,9.102362795511728e-06
894.0,9.09106226325974e-06
894.666666666666,9.079781508938181e-06
895.333333333333,9.068520490047404e-06
896.0,9.05727916419116e-06
896.666666666666,9.046057489073651e-06
897.333333333333,9.03485542249983e-06
898.0,9.023672922377329e-06
898.666666666666,9.012509946713514e-06
899.333333333333,9.001366453615795e-06
900.0,8.990242401293528e-06
900.666666666666,8.979137748054567e-06
901.333333333333,8.96805245230876e-06
902.0,8.956986472563451e-06
902.666666666666,8.945939767425906e-06
903.333333333333,8.934912295603607e-06
904.0,8.923904015901889e-06
904.666666666666,8.912914887224776e-06
905.333333333333,8.901944868575264e-06
906.0,8.89099391905508e-06
906.666666666666,8.880061997861842e-06
907.333333333333,8.869149064293521e-06
908.0,8.858255077744548e-06
908.666666666666,8.847379997705597e-06
909.333333333333,8.836523783766463e-06
910.0,8.825686395611679e-06
910.666666666666,8.814867793023393e-06
911.333333333333,8.804067935880616e-06
912.0,8.793286784157449e-06
912.666666666666,8.7825242979249e-06
913.333333333333,8.771780437349125e-06
914.0,8.761055162690686e-06
914.666666666666,8.75034843430738e-06
915.333333333333,8.739660212650953e-06
916.0,8.728990458267886e-06
916.666666666666,8.718339131798673e-06
917.333333333333,8.707706193979098e-06
918.0,8.697091605638493e-06
918.666666666666,8.686495327701025e-06
919.333333333333,8.675917321181957e-06
920.0,8.665357547192926e-06
920.666666666666,8.65481596693623e-06
921.333333333333,8.644292541709082e-06
922.0,8.633787232900392e-06
922.666666666666,8.623300001991555e-06
923.333333333333,8.612830810556704e-06
924.0,8.60237962026151e-06
924.666666666666,8.591946392863941e-06
925.333333333333,8.581531090213048e-06
926.0,8.571133674249253e-06
926.666666666666,8.560754107004593e-06
927.333333333333,8.550392350601543e-06
928.0,8.540048367254232e-06
928.666666666666,8.529722119266295e-06
929.333333333333,8.51941356903211e-06
930.0,8.509122679035597e-06
930.666666666666,8.498849411850023e-06
931.333333333333,8.488593730141111e-06
932.0,8.478355596660142e-06
932.666666666666,8.468134974250414e-06
933.333333333333,8.457931825842266e-06
934.0,8.447746114456651e-06
934.666666666666,8.43757780320114e-06
935.333333333333,8.427426855272538e-06
936.0,8.417293233956657e-06
936.666666666666,8.407176902624828e-06
937.333333333333,8.397077824738362e-06
938.0,8.386995963845061e-06
938.666666666666,8.376931283579015e-06
939.333333333333,8.366883747663167e-06
940.0,8.356853319906317e-06
940.666666666666,8.346839964203382e-06
941.333333333333,8.336843644536559e-06
942.0,8.326864324973728e-06
942.666666666666,8.316901969669167e-06
943.333333333333,8.306956542861508e-06
944.0,8.297028008876724e-06
944.666666666666,8.287116332125176e-06
945.333333333333,8.277221477102773e-06
946.0,8.267343408388952e-06
946.666666666666,8.257482090649633e-06
947.333333333333,8.247637488634749e-06
948.0,8.237809567177585e-06
948.666666666666,8.227998291196831e-06
949.333333333333,8.218203625693225e-06
950.0,8.208425535753371e-06
950.666666666666,8.198663986545523e-06
951.333333333333,8.188918943322489e-06
952.0,8.179190371418315e-06
952.666666666666,8.16947823625252e-06
953.333333333333,8.159782503324577e-06
954.0,8.150103138217684e-06
954.666666666666,8.140440106597237e-06
955.333333333333,8.130793374211061e-06
956.0,8.121162906887462e-06
956.666666666666,8.111548670537209e-06
957.333333333333,8.101950631152455e-06
958.0,8.092368754806968e-06
958.666666666666,8.082803007653774e-06
959.333333333333,8.073253355928839e-06
960.0,8.063719765948271e-06
960.666666666666,8.054202204106846e-06
961.333333333333,8.044700636881667e-06
962.0,8.03521503082853e-06
962.666666666666,8.025745352583873e-06
963.333333333333,8.016291568862435e-06
964.0,8.006853646460476e-06
964.666666666666,7.99743155225089e-06
965.333333333333,7.988025253188106e-06
966.0,7.97863471630324e-06
966.666666666666,7.969259908706849e-06
967.333333333333,7.959900797589149e-06
968.0,7.950557350216049e-06
968.666666666666,7.941229533933566e-06
969.333333333333,7.931917316164283e-06
970.0,7.922620664409651e-06
970.666666666666,7.913339546246897e-06
971.333333333333,7.904073929332963e-06
972.0,7.894823781398532e-06
972.666666666666,7.885589070254027e-06
973.333333333333,7.876369763785705e-06
974.0,7.867165829955061e-06
974.666666666666,7.857977236802321e-06
975.333333333333,7.848803952440533e-06
976.0,7.8396459450619e-06
976.666666666666,7.830503182932702e-06
977.333333333333,7.821375634394739e-06
978.0,7.812263267865137e-06
978.666666666666,7.803166051836967e-06
979.333333333333,7.794083954877047e-06
980.0,7.785016945628561e-06
980.666666666666,7.775964992807663e-06
981.333333333333,7.766928065205703e-06
982.0,7.757906131688621e-06
982.666666666666,7.748899161195191e-06
983.333333333333,7.739907122738807e-06
984.0,7.730929985407297e-06
984.666666666666,7.721967718359979e-06
985.333333333333,7.713020290831414e-06
986.0,7.70408767212808e-06
986.666666666666,7.695169831630142e-06
987.333333333333,7.68626673878971e-06
988.0,7.67737836313183e-06
988.666666666666,7.668504674253908e-06
989.333333333333,7.659645641825531e-06
990.0,7.650801235588662e-06
990.666666666666,7.641971425356703e-06
991.333333333333,7.633156181014298e-06
992.0,7.624355472518708e-06
992.666666666666,7.615569269896928e-06
993.333333333333,7.606797543248587e-06
994.0,7.5980402627434625e-06
994.666666666666,7.589297398622071e-06
995.333333333333,7.580568921195113e-06
996.0,7.57185480084519e-06
996.666666666666,7.5631550080232105e-06
997.333333333333,7.55446951325163e-06
998.0,7.545798287121997e-06
998.666666666666,7.537141300295538e-06
999.333333333333,7.528498523503358e-06
1000.0,7.519869927545882e-06
1000.66666666667,7.511255483291943e-06
1001.33333333333,7.502655161680098e-06
1002.0,7.494068933718074e-06
1002.66666666667,7.485496770480743e-06
1003.33333333333,7.476938643113658e-06
1004.0,7.468394522828431e-06
1004.66666666667,7.4598643809062654e-06
1005.33333333333,7.451348188695565e-06
1006.0,7.442845917612868e-06
1006.66666666667,7.434357539142309e-06
1007.33333333333,7.4258830248358095e-06
1008.0,7.41742234631073e-06
1008.66666666667,7.408975475254421e-06
1009.33333333333,7.400542383419333e-06
1010.0,7.392123042624302e-06
1010.66666666667,7.3837174247558285e-06
1011.33333333333,7.3753255017668185e-06
1012.0,7.366947245675342e-06
1012.66666666667,7.358582628566622e-06
1013.33333333333,7.350231622591784e-06
1014.0,7.341894199967335e-06
1014.66666666667,7.333570332974293e-06
1015.33333333333,7.3252599939619245e-06
1016.0,7.3169631553415456e-06
1016.66666666667,7.308679789591676e-06
1017.33333333333,7.30040986925504e-06
1018.0,7.292153366939462e-06
1018.66666666667,7.2839102553166475e-06
1019.33333333333,7.2756805071234264e-06
1020.0,7.267464095160536e-06
1020.66666666667,7.2592609922928075e-06
1021.33333333333,7.251071171449704e-06
1022.0,7.242894605623065e-06
1022.66666666667,7.234731267870078e-06
1023.33333333333,7.2265811313099885e-06
1024.0,7.218444169125339e-06
1024.66666666667,7.2103203545635126e-06
1025.33333333333,7.202209660932799e-06
1026.0,7.1941120616053294e-06
1026.66666666667,7.186027530015878e-06
1027.33333333333,7.177956039661708e-06
1028.0,7.169897564101737e-06
1028.66666666667,7.161852076958412e-06
1029.33333333333,7.1538195519144994e-06
1030.0,7.14579996271632e-06
1030.66666666667,7.137793283170875e-06
1031.33333333333,7.129799487146719e-06
1032.0,7.121818548574463e-06
1032.66666666667,7.113850441445614e-06
1033.33333333333,7.10589513981209e-06
1034.0,7.0979526177884e-06
1034.66666666667,7.09002284954749e-06
1035.33333333333,7.082105809325248e-06
1036.0,7.074201471416361e-06
1036.66666666667,7.066309810177477e-06
1037.33333333333,7.058430800023088e-06
1038.0,7.050564415429668e-06
1038.66666666667,7.042710630933201e-06
1039.33333333333,7.034869421128392e-06
1040.0,7.027040760670796e-06
1040.66666666667,7.019224624274386e-06
1041.33333333333,7.011420986713349e-06
1042.0,7.0036298228196705e-06
1042.66666666667,6.995851107484927e-06
1043.33333333333,6.988084815660135e-06
1044.0,6.980330922354627e-06
1044.66666666667,6.972589402634949e-06
1045.33333333333,6.964860231628237e-06
1046.0,6.957143384517904e-06
1046.66666666667,6.949438836546375e-06
1047.33333333333,6.941746563013656e-06
1048.0,6.934066539277829e-06
1048.66666666667,6.926398740754581e-06
1049.33333333333,6.91874314291675e-06
1050.0,6.911099721294487e-06
1050.66666666667,6.903468451475433e-06
1051.33333333333,6.895849309104563e-06
1052.0,6.888242269882171e-06
1052.66666666667,6.8806473095674776e-06
1053.33333333333,6.873064403975043e-06
1054.0,6.865493528975878e-06
1054.66666666667,6.857934660497298e-06
1055.33333333333,6.850387774523713e-06
1056.0,6.842852847094003e-06
1056.66666666667,6.835329854304777e-06
1057.33333333333,6.827818772306532e-06
1058.0,6.820319577306587e-06
1058.66666666667,6.812832245567713e-06
1059.33333333333,6.805356753407074e-06
1060.0,6.797893077197921e-06
1060.66666666667,6.790441193367927e-06
1061.33333333333,6.783001078400261e-06
1062.0,6.7755727088328465e-06
1062.66666666667,6.768156061257003e-06
1063.33333333333,6.760751112320039e-06
1064.0,6.7533578387232935e-06
1064.66666666667,6.745976217221398e-06
1065.33333333333,6.738606224624247e-06
1066.0,6.731247837794754e-06
1066.66666666667,6.723901033649919e-06
1067.33333333333,6.716565789160984e-06
1068.0,6.70924208135181e-06
1068.66666666667,6.701929887299929e-06
1069.33333333333,6.694629184136117e-06
1070.0,6.6873399490448405e-06
1070.66666666667,6.680062159262653e-06
1071.33333333333,6.672795792079826e-06
1072.0,6.6655408248381525e-06
1072.66666666667,6.658297234932878e-06
1073.33333333333,6.651064999812263e-06
1074.0,6.6438440969756935e-06
1074.66666666667,6.636634503974442e-06
1075.33333333333,6.629436198413556e-06
1076.0,6.622249157948529e-06
1076.66666666667,6.615073360287498e-06
1077.33333333333,6.607908783189082e-06
1078.0,6.60075540446485e-06
1078.66666666667,6.593613201977167e-06
1079.33333333333,6.586482153639073e-06
1080.0,6.5793622374153e-06
1080.66666666667,6.572253431321561e-06
1081.33333333333,6.5651557134249946e-06
1082.0,6.558069061841763e-06
1082.66666666667,6.5509934547403295e-06
1083.33333333333,6.543928870339058e-06
1084.0,6.5368752869066534e-06
1084.66666666667,6.5298326827614745e-06
1085.33333333333,6.522801036273088e-06
1086.0,6.515780325860179e-06
1086.66666666667,6.5087705299921e-06
1087.33333333333,6.5017716271867935e-06
1088.0,6.49478359601234e-06
1088.66666666667,6.487806415086273e-06
1089.33333333333,6.4808400630760085e-06
1090.0,6.473884518697055e-06
1090.66666666667,6.466939760715103e-06
1091.33333333333,6.46000576794397e-06
1092.0,6.453082519246578e-06
1092.66666666667,6.4461699935351005e-06
1093.33333333333,6.439268169769194e-06
1094.0,6.432377026958071e-06
1094.66666666667,6.425496544158455e-06
1095.33333333333,6.418626700476372e-06
1096.0,6.411767475064033e-06
1096.66666666667,6.404918847124061e-06
1097.33333333333,6.398080795905026e-06
1098.0,6.39125330070403e-06
1098.66666666667,6.384436340865246e-06
1099.33333333333,6.3776298957814e-06
1100.0,6.370833944891774e-06
1100.66666666667,6.364048467682623e-06
1101.33333333333,6.357273443688128e-06
1102.0,6.350508852488937e-06
1102.66666666667,6.343754673713111e-06
1103.33333333333,6.337010887034677e-06
1104.0,6.330277472175108e-06
1104.66666666667,6.323554408901604e-06
1105.33333333333,6.316841677028832e-06
1106.0,6.310139256416696e-06
1106.66666666667,6.303447126971801e-06
1107.33333333333,6.296765268647329e-06
1108.0,6.290093661441095e-06
1108.66666666667,6.283432285398043e-06
1109.33333333333,6.276781120608042e-06
1110.0,6.270140147206812e-06
1110.66666666667,6.263509345375549e-06
1111.33333333333,6.256888695341065e-06
1112.0,6.250278177374648e-06
1112.66666666667,6.243677771793486e-06
1113.33333333333,6.237087458959783e-06
1114.0,6.23050721928039e-06
1114.66666666667,6.2239370332066885e-06
1115.33333333333,6.217376881235246e-06
1116.0,6.210826743906939e-06
1116.66666666667,6.204286601806837e-06
1117.33333333333,6.197756435565109e-06
1118.0,6.191236225855889e-06
1118.66666666667,6.18472595339667e-06
1119.33333333333,6.17822559894995e-06
1120.0,6.1717351433216165e-06
1120.66666666667,6.165254567361081e-06
1121.33333333333,6.1587838519624244e-06
1122.0,6.152322978062035e-06
1122.66666666667,6.145871926640494e-06
1123.33333333333,6.1394306787222164e-06
1124.0,6.132999215373353e-06
1124.66666666667,6.1265775177046615e-06
1125.33333333333,6.120165566868913e-06
1126.0,6.113763344062523e-06
1126.66666666667,6.1073708305242e-06
1127.33333333333,6.100988007535341e-06
1128.0,6.094614856420158e-06
1128.66666666667,6.088251358545575e-06
1129.33333333333,6.081897495320387e-06
1130.0,6.075553248195641e-06
1130.66666666667,6.069218598664773e-06
1131.33333333333,6.062893528263259e-06
1132.0,6.0565780185687465e-06
1132.66666666667,6.050272051199987e-06
1133.33333333333,6.0439756078184144e-06
1134.0,6.037688670125879e-06
1134.66666666667,6.0314112198671785e-06
1135.33333333333,6.0251432388275585e-06
1136.0,6.018884708833565e-06
1136.66666666667,6.012635611753419e-06
1137.33333333333,6.006395929496193e-06
1138.0,6.0001656440117145e-06
1138.66666666667,5.993944737291404e-06
1139.33333333333,5.9877331913667535e-06
1140.0,5.981530988310172e-06
1140.66666666667,5.97533811023488e-06
1141.33333333333,5.96915453929457e-06
1142.0,5.962980257682369e-06
1142.66666666667,5.956815247633312e-06
1143.33333333333,5.950659491421202e-06
1144.0,5.944512971360606e-06
1144.66666666667,5.938375669805824e-06
1145.33333333333,5.932247569151256e-06
1146.0,5.926128651831064e-06
1146.66666666667,5.920018900318609e-06
1147.33333333333,5.913918297127283e-06
1148.0,5.907826824809939e-06
1148.66666666667,5.901744465958566e-06
1149.33333333333,5.895671203204418e-06
1150.0,5.889607019218603e-06
1150.66666666667,5.883551896710152e-06
1151.33333333333,5.877505818427529e-06
1152.0,5.871468767158971e-06
1152.66666666667,5.8654407257301306e-06
1153.33333333333,5.859421677006467e-06
1154.0,5.853411603890888e-06
1154.66666666667,5.847410489325911e-06
1155.33333333333,5.841418316291763e-06
1156.0,5.835435067806956e-06
1156.66666666667,5.829460726928647e-06
1157.33333333333,5.823495276751637e-06
1158.0,5.817538700408951e-06
1158.66666666667,5.811590981071961e-06
1159.33333333333,5.805652101948738e-06
1160.0,5.7997220462861754e-06
1160.66666666667,5.793800797367899e-06
1161.33333333333,5.787888338516166e-06
1162.0,5.781984653089554e-06
1162.66666666667,5.776089724484423e-06
1163.33333333333,5.770203536134374e-06
1164.0,5.76432607151059e-06
1164.66666666667,5.758457314120437e-06
1165.33333333333,5.752597247509115e-06
1166.0,5.746745855258039e-06
1166.66666666667,5.7409031209856175e-06
1167.33333333333,5.735069028347379e-06
1168.0,5.729243561034789e-06
1168.66666666667,5.7234267027760344e-06
1169.33333333333,5.717618437336138e-06
1170.0,5.7118187485155796e-06
1170.66666666667,5.70602762015171e-06
1171.33333333333,5.7002450361184435e-06
1172.0,5.6944709803246665e-06
1172.66666666667,5.68870543671586e-06
1173.33333333333,5.682948389273583e-06
1174.0,5.677199822014315e-06
1174.66666666667,5.671459718990861e-06
1175.33333333333,5.665728064292041e-06
1176.0,5.660004842041121e-06
1176.66666666667,5.654290036397631e-06
1177.33333333333,5.648583631556214e-06
1178.0,5.642885611746545e-06
1178.66666666667,5.637195961233448e-06
1179.33333333333,5.63151466431723e-06
1180.0,5.6258417053329614e-06
1180.66666666667,5.620177068650392e-06
1181.33333333333,5.6145207386742796e-06
1182.0,5.608872699844097e-06
1182.66666666667,5.603232936633732e-06
1183.33333333333,5.597601433552442e-06
1184.0,5.591978175142489e-06
1184.66666666667,5.586363145981742e-06
1185.33333333333,5.580756330681935e-06
1186.0,5.575157713889e-06
1186.66666666667,5.5695672802827725e-06
1187.33333333333,5.563985014577725e-06
1188.0,5.5584109015216584e-06
1188.66666666667,5.552844925896428e-06
1189.33333333333,5.547287072517867e-06
1190.0,5.541737326235085e-06
1190.66666666667,5.536195671930996e-06
1191.33333333333,5.530662094522436e-06
1192.0,5.525136578959068e-06
1192.66666666667,5.519619110224509e-06
1193.33333333333,5.514109673334841e-06
1194.0,5.50860825334013e-06
1194.66666666667,5.5031148353227446e-06
1195.33333333333,5.497629404399267e-06
1196.0,5.492151945718022e-06
1196.66666666667,5.486682444460983e-06
1197.33333333333,5.481220885842101e-06
1198.0,5.4757672551090085e-06
1198.66666666667,5.470321537541156e-06
1199.33333333333,5.464883718451308e-06
1200.0,5.459453783183693e-06
1200.66666666667,5.454031717115301e-06
1201.33333333333,5.4486175056561855e-06
1202.0,5.443211134247433e-06
1202.66666666667,5.437812588363231e-06
1203.33333333333,5.432421853508641e-06
1204.0,5.427038915222246e-06
1204.66666666667,5.421663759073154e-06
1205.33333333333,5.4162963706630535e-06
1206.0,5.410936735624975e-06
1206.66666666667,5.405584839623979e-06
1207.33333333333,5.400240668356504e-06
1208.0,5.394904207549903e-06
1208.66666666667,5.389575442964282e-06
1209.33333333333,5.384254360389933e-06
1210.0,5.378940945648596e-06
1210.66666666667,5.373635184593948e-06
1211.33333333333,5.3683370631098206e-06
1212.0,5.363046567111444e-06
1212.66666666667,5.3577636825450004e-06
1213.33333333333,5.352488395387726e-06
1214.0,5.347220691647464e-06
1214.66666666667,5.341960557362772e-06
1215.33333333333,5.336707978602849e-06
1216.0,5.331462941467646e-06
1216.66666666667,5.326225432087228e-06
1217.33333333333,5.320995436622448e-06
1218.0,5.315772941264493e-06
1218.66666666667,5.310557932234627e-06
1219.33333333333,5.305350395784303e-06
1220.0,5.30015031819527e-06
1220.66666666667,5.294957685778946e-06
1221.33333333333,5.289772484877264e-06
1222.0,5.28459470186168e-06
1222.66666666667,5.279424323133647e-06
1223.33333333333,5.274261335123993e-06
1224.0,5.269105724293762e-06
1224.66666666667,5.263957477133592e-06
1225.33333333333,5.258816580162731e-06
1226.0,5.253683019930967e-06
1226.66666666667,5.2485567830167345e-06
1227.33333333333,5.2434378560286794e-06
1228.0,5.238326225603587e-06
1228.66666666667,5.233221878408127e-06
1229.33333333333,5.22812480113751e-06
1230.0,5.223034980516506e-06
1230.66666666667,5.217952403298641e-06
1231.33333333333,5.212877056266492e-06
1232.0,5.207808926230898e-06
1232.66666666667,5.202748000031785e-06
1233.33333333333,5.197694264538089e-06
1234.0,5.192647706646446e-06
1234.66666666667,5.187608313282895e-06
1235.33333333333,5.1825760714015625e-06
1236.0,5.177550967984776e-06
1236.66666666667,5.17253299004352e-06
1237.33333333333,5.167522124617014e-06
1238.0,5.162518358772115e-06
1238.66666666667,5.157521679604304e-06
1239.33333333333,5.152532074236915e-06
1240.0,5.14754952982141e-06
1240.66666666667,5.142574033536969e-06
1241.33333333333,5.13760557259059e-06
1242.0,5.132644134217198e-06
1242.66666666667,5.127689705679054e-06
1243.33333333333,5.12274227426638e-06
1244.0,5.117801827296945e-06
1244.66666666667,5.112868352115653e-06
1245.33333333333,5.107941836095507e-06
1246.0,5.103022266635825e-06
1246.66666666667,5.098109631164231e-06
1247.33333333333,5.093203917135213e-06
1248.0,5.088305112029894e-06
1248.66666666667,5.083413203357155e-06
1249.33333333333,5.078528178652713e-06
1250.0,5.073650025479062e-06
1250.66666666667,5.0687787314257405e-06
1251.33333333333,5.0639142841091e-06
1252.0,5.059056671171898e-06
1252.66666666667,5.054205880284247e-06
1253.33333333333,5.049361899142202e-06
1254.0,5.044524715469033e-06
1254.66666666667,5.0396943170136625e-06
1255.33333333333,5.034870691552098e-06
1256.0,5.030053826886535e-06
1256.66666666667,5.025243710845622e-06
1257.33333333333,5.020440331283736e-06
1258.0,5.0156436760819135e-06
1258.66666666667,5.010853733147283e-06
1259.33333333333,5.006070490412351e-06
1260.0,5.001293935836576e-06
1260.66666666667,4.996524057404505e-06
1261.33333333333,4.9917608431271775e-06
1262.0,4.98700428104076e-06
1262.66666666667,4.982254359207788e-06
1263.33333333333,4.9775110657161215e-06
1264.0,4.972774388679049e-06
1264.66666666667,4.968044316235549e-06
1265.33333333333,4.963320836550387e-06
1266.0,4.958603937813409e-06
1266.66666666667,4.953893608239477e-06
1267.33333333333,4.9491898360695405e-06
1268.0,4.9444926095691185e-06
1268.66666666667,4.939801917029368e-06
1269.33333333333,4.935117746765899e-06
1270.0,4.930440087119995e-06
1270.66666666667,4.925768926457428e-06
1271.33333333333,4.921104253169521e-06
1272.0,4.916446055671652e-06
1272.66666666667,4.9117943224046205e-06
1273.33333333333,4.907149041833638e-06
1274.0,4.902510202448743e-06
1274.66666666667,4.897877792764424e-06
1275.33333333333,4.893251801320032e-06
1276.0,4.888632216678935e-06
1276.66666666667,4.884019027429244e-06
1277.33333333333,4.879412222183751e-06
1278.0,4.87481178957862e-06
1278.66666666667,4.870217718275203e-06
1279.33333333333,4.865629996958887e-06
1280.0,4.861048614338568e-06
1280.66666666667,4.85647355914784e-06
1281.33333333333,4.851904820144464e-06
1282.0,4.847342386109231e-06
1282.66666666667,4.842786245847914e-06
1283.33333333333,4.838236388189506e-06
1284.0,4.833692801986937e-06
1284.66666666667,4.829155476116712e-06
1285.33333333333,4.824624399479612e-06
1286.0,4.820099560999111e-06
1286.66666666667,4.815580949622847e-06
1287.33333333333,4.811068554322105e-06
1288.0,4.806562364090848e-06
1288.66666666667,4.802062367947179e-06
1289.33333333333,4.797568554932222e-06
1290.0,4.79308091411052e-06
1290.66666666667,4.788599434569528e-06
1291.33333333333,4.784124105420153e-06
1292.0,4.779654915796405e-06
1292.66666666667,4.775191854854737e-06
1293.33333333333,4.770734911775784e-06
1294.0,4.76628407576207e-06
1294.66666666667,4.761839336039292e-06
1295.33333333333,4.757400681856263e-06
1296.0,4.752968102484268e-06
1296.66666666667,4.748541587217153e-06
1297.33333333333,4.74412112537201e-06
1298.0,4.739706706287941e-06
1298.66666666667,4.735298319326744e-06
1299.33333333333,4.730895953873e-06
1300.0,4.726499599333434e-06
1300.66666666667,4.7221092451373e-06
1301.33333333333,4.717724880736328e-06
1302.0,4.7133464956037905e-06
1302.66666666667,4.708974079236205e-06
1303.33333333333,4.7046076211518165e-06
1304.0,4.700247110890549e-06
1304.66666666667,4.695892538015256e-06
1305.33333333333,4.691543892109933e-06
1306.0,4.687201162781106e-06
1306.66666666667,4.682864339657344e-06
1307.33333333333,4.678533412388347e-06
1308.0,4.674208370646184e-06
1308.66666666667,4.669889204124527e-06
1309.33333333333,4.6655759025388755e-06
1310.0,4.6612684556259465e-06
1310.66666666667,4.656966853144608e-06
1311.33333333333,4.65267108487498e-06
1312.0,4.648381140618523e-06
1312.66666666667,4.64409701019827e-06
1313.33333333333,4.639818683458775e-06
1314.0,4.63554615026592e-06
1314.66666666667,4.631279400506438e-06
1315.33333333333,4.627018424088997e-06
1316.0,4.622763210942869e-06
1316.66666666667,4.618513751018318e-06
1317.33333333333,4.614270034287794e-06
1318.0,4.610032050743095e-06
1318.66666666667,4.605799790398387e-06
1319.33333333333,4.6015732432883365e-06
1320.0,4.5973523994680645e-06
1320.66666666667,4.59313724901407e-06
1321.33333333333,4.588927782023483e-06
1322.0,4.5847239886140156e-06
1322.66666666667,4.580525858923915e-06
1323.33333333333,4.5763333831126e-06
1324.0,4.572146551359513e-06
1324.66666666667,4.567965353864894e-06
1325.33333333333,4.563789780849592e-06
1326.0,4.5596198225544725e-06
1326.66666666667,4.55545546924105e-06
1327.33333333333,4.551296711191302e-06
1328.0,4.547143538707076e-06
1328.66666666667,4.542995942110858e-06
1329.33333333333,4.538853911745179e-06
1330.0,4.534717437972434e-06
1330.66666666667,4.530586511175643e-06
1331.33333333333,4.526461121757591e-06
1332.0,4.522341260140787e-06
1332.66666666667,4.5182269167682165e-06
1333.33333333333,4.514118082102358e-06
1334.0,4.510014746625535e-06
1334.66666666667,4.505916900840271e-06
1335.33333333333,4.501824535268708e-06
1336.0,4.497737640452027e-06
1336.66666666667,4.493656206951998e-06
1337.33333333333,4.489580225349734e-06
1338.0,4.485509686245383e-06
1338.66666666667,4.481444580259405e-06
1339.33333333333,4.4773848980312e-06
1340.0,4.473330630219858e-06
1340.66666666667,4.469281767503583e-06
1341.33333333333,4.465238300580435e-06
1342.0,4.461200220166975e-06
1342.66666666667,4.457167516999658e-06
1343.33333333333,4.453140181834001e-06
1344.0,4.4491182054444096e-06
1344.66666666667,4.4451015786249126e-06
1345.33333333333,4.4410902921878165e-06
1346.0,4.437084336965218e-06
1346.66666666667,4.4330837038076635e-06
1347.33333333333,4.429088383585009e-06
1348.0,4.425098367185726e-06
1348.66666666667,4.421113645517124e-06
1349.33333333333,4.417134209505422e-06
1350.0,4.413160050095586e-06
1350.66666666667,4.409191158251277e-06
1351.33333333333,4.405227524954811e-06
1352.0,4.401269141206859e-06
1352.66666666667,4.397315998026787e-06
1353.33333333333,4.393368086453237e-06
1354.0,4.3894253975419405e-06
1354.66666666667,4.385487922368325e-06
1355.33333333333,4.381555652025326e-06
1356.0,4.377628577624852e-06
1356.66666666667,4.37370669029674e-06
1357.33333333333,4.369789981189086e-06
1358.0,4.365878441468577e-06
1358.66666666667,4.361972062319698e-06
1359.33333333333,4.358070834945191e-06
1360.0,4.354174750565882e-06
1360.66666666667,4.350283800420646e-06
1361.33333333333,4.34639797576648e-06
1362.0,4.342517267878092e-06
1362.66666666667,4.338641668048481e-06
1363.33333333333,4.334771167588025e-06
1364.0,4.330905757825304e-06
1364.66666666667,4.327045430106688e-06
1365.33333333333,4.32319017579605e-06
1366.0,4.319339986275337e-06
1366.66666666667,4.315494852943792e-06
1367.33333333333,4.311654767218648e-06
1368.0,4.307819720534109e-06
1368.66666666667,4.3039897043427745e-06
1369.33333333333,4.30016471011413e-06
1370.0,4.296344729335361e-06
1370.66666666667,4.29252975351071e-06
1371.33333333333,4.288719774162636e-06
1372.0,4.284914782829969e-06
1372.66666666667,4.2811147710694346e-06
1373.33333333333,4.277319730454889e-06
1374.0,4.273529652577162e-06
1374.66666666667,4.269744529044614e-06
1375.33333333333,4.265964351482616e-06
1376.0,4.2621891115333915e-06
1376.66666666667,4.258418800856691e-06
1377.33333333333,4.2546534111288004e-06
1378.0,4.250892934043213e-06
1378.66666666667,4.247137361310472e-06
1379.33333333333,4.243386684657891e-06
1380.0,4.2396408958294e-06
1380.66666666667,4.235899986586095e-06
1381.33333333333,4.232163948705727e-06
1382.0,4.22843277398266e-06
1382.66666666667,4.224706454228306e-06
1383.33333333333,4.2209849812703775e-06
1384.0,4.2172683469532056e-06
1384.66666666667,4.2135565431380446e-06
1385.33333333333,4.209849561702339e-06
1386.0,4.206147394540033e-06
1386.66666666667,4.202450033561762e-06
1387.33333333333,4.198757470694698e-06
1388.0,4.195069697881935e-06
1388.66666666667,4.191386707083374e-06
1389.33333333333,4.187708490274875e-06
1390.0,4.1840350394486825e-06
1390.66666666667,4.1803663466133886e-06
1391.33333333333,4.176702403793659e-06
1392.0,4.1730432030304346e-06
1392.66666666667,4.169388736380538e-06
1393.33333333333,4.165738995917331e-06
1394.0,4.162093973729647e-06
1394.66666666667,4.158453661922779e-06
1395.33333333333,4.154818052617647e-06
1396.0,4.151187137951326e-06
1396.66666666667,4.147560910076784e-06
1397.33333333333,4.143939361162957e-06
1398.0,4.140322483394148e-06
1398.66666666667,4.136710268970892e-06
1399.33333333333,4.133102710109248e-06
1400.0,4.129499799041201e-06
1400.66666666667,4.125901528014187e-06
1401.33333333333,4.122307889291278e-06
1402.0,4.118718875151255e-06
1402.66666666667,4.115134477888571e-06
1403.33333333333,4.111554689812986e-06
1404.0,4.107979503249748e-06
1404.66666666667,4.1044089105396705e-06
1405.33333333333,4.100842904039206e-06
1406.0,4.0972814761197474e-06
1406.66666666667,4.093724619168473e-06
1407.33333333333,4.090172325587326e-06
1408.0,4.086624587794181e-06
1408.66666666667,4.083081398221495e-06
1409.33333333333,4.079542749317477e-06
1410.0,4.076008633545286e-06
1410.66666666667,4.0724790433832145e-06
1411.33333333333,4.068953971324764e-06
1412.0,4.065433409878172e-06
1412.66666666667,4.061917351567141e-06
1413.33333333333,4.058405788930149e-06
1414.0,4.0548987145205264e-06
1414.66666666667,4.051396120906851e-06
1415.33333333333,4.047898000672267e-06
1416.0,4.044404346414993e-06
1416.66666666667,4.040915150747955e-06
1417.33333333333,4.03743040629898e-06
1418.0,4.033950105710533e-06
1418.66666666667,4.030474241639912e-06
1419.33333333333,4.027002806758881e-06
1420.0,4.023535793754177e-06
1420.66666666667,4.020073195326939e-06
1421.33333333333,4.016615004192994e-06
1422.0,4.013161213082617e-06
1422.66666666667,4.0097118147405946e-06
1423.33333333333,4.006266801926408e-06
1424.0,4.0028261674137745e-06
1424.66666666667,3.999389903990935e-06
1425.33333333333,3.995958004460406e-06
1426.0,3.992530461639156e-06
1426.66666666667,3.989107268358475e-06
1427.33333333333,3.985688417464031e-06
1428.0,3.982273901815334e-06
1428.66666666667,3.9788637142867296e-06
1429.33333333333,3.97545784776623e-06
1430.0,3.972056295156208e-06
1430.66666666667,3.968659049373052e-06
1431.33333333333,3.965266103347646e-06
1432.0,3.961877450024314e-06
1432.66666666667,3.9584930823619156e-06
1433.33333333333,3.95511299333299e-06
1434.0,3.951737175924138e-06
1434.66666666667,3.948365623135886e-06
1435.33333333333,3.9449983279828546e-06
1436.0,3.941635283493022e-06
1436.66666666667,3.938276482708701e-06
1437.33333333333,3.934921918685799e-06
1438.0,3.931571584494092e-06
1438.66666666667,3.928225473216888e-06
1439.33333333333,3.9248835779514005e-06
1440.0,3.921545891808413e-06
1440.66666666667,3.91821240791235e-06
1441.33333333333,3.914883119401444e-06
1442.0,3.911558019427108e-06
1442.66666666667,3.9082371011547e-06
1443.33333333333,3.904920357762893e-06
1444.0,3.901607782443945e-06
1444.66666666667,3.8982993684033705e-06
1445.33333333333,3.894995108860503e-06
1446.0,3.8916949970474736e-06
1446.66666666667,3.888399026210468e-06
1447.33333333333,3.885107189608608e-06
1448.0,3.881819480514216e-06
1448.66666666667,3.878535892213086e-06
1449.33333333333,3.8752564180044445e-06
1450.0,3.871981051200139e-06
1450.66666666667,3.868709785125885e-06
1451.33333333333,3.865442613120154e-06
1452.0,3.862179528534537e-06
1452.66666666667,3.858920524733718e-06
1453.33333333333,3.8556655950957274e-06
1454.0,3.852414733011241e-06
1454.66666666667,3.849167931884223e-06
1455.33333333333,3.84592518513161e-06
1456.0,3.842686486182796e-06
1456.66666666667,3.839451828480953e-06
1457.33333333333,3.836221205481368e-06
1458.0,3.832994610652467e-06
1458.66666666667,3.829772037475594e-06
1459.33333333333,3.826553479444796e-06
1460.0,3.82333893006688e-06
1460.66666666667,3.820128382861393e-06
1461.33333333333,3.816921831360682e-06
1462.0,3.8137192691095844e-06
1462.66666666667,3.810520689665586e-06
1463.33333333333,3.807326086599267e-06
1464.0,3.8041354534932314e-06
1464.66666666667,3.8009487839428374e-06
1465.33333333333,3.7977660715560713e-06
1466.0,3.794587309953332e-06
1466.66666666667,3.7914124927675904e-06
1467.33333333333,3.7882416136441737e-06
1468.0,3.7850746662408303e-06
1468.66666666667,3.7819116442277964e-06
1469.33333333333,3.7787525412877657e-06
1470.0,3.775597351115397e-06
1470.66666666667,3.7724460674179375e-06
1471.33333333333,3.7692986839149168e-06
1472.0,3.766155194338117e-06
1472.66666666667,3.7630155924314545e-06
1473.33333333333,3.7598798719511356e-06
1474.0,3.7567480266656297e-06
1474.66666666667,3.7536200503551813e-06
1475.33333333333,3.7504959368125185e-06
1476.0,3.7473756798424567e-06
1476.66666666667,3.7442592732615988e-06
1477.33333333333,3.741146710898855e-06
1478.0,3.7380379865948687e-06
1478.66666666667,3.734933094202627e-06
1479.33333333333,3.7318320275868865e-06
1480.0,3.7287347806241493e-06
1480.66666666667,3.725641347203178e-06
1481.33333333333,3.722551721224154e-06
1482.0,3.719465896599737e-06
1482.66666666667,3.7163838672536823e-06
1483.33333333333,3.7133056271223474e-06
1484.0,3.7102311701529558e-06
1484.66666666667,3.707160490305099e-06
1485.33333333333,3.704093581550079e-06
1486.0,3.7010304378704373e-06
1486.66666666667,3.6979710532609098e-06
1487.33333333333,3.694915421727509e-06
1488.0,3.691863537287855e-06
1488.66666666667,3.6888153939715934e-06
1489.33333333333,3.685770985819213e-06
1490.0,3.6827303068832656e-06
1490.66666666667,3.679693351227716e-06
1491.33333333333,3.6766601129279187e-06
1492.0,3.6736305860706778e-06
1492.66666666667,3.6706047647543133e-06
1493.33333333333,3.6675826430885434e-06
1494.0,3.6645642151941983e-06
1494.66666666667,3.6615494752039838e-06
1495.33333333333,3.658538417261315e-06
1496.0,3.6555310355215174e-06
1496.66666666667,3.6525273241506653e-06
1497.33333333333,3.6495272773265173e-06
1498.0,3.646530889237618e-06
1498.66666666667,3.643538154083971e-06
1499.33333333333,3.6405490660770106e-06
1500.0,3.6375636194387126e-06
1500.66666666667,3.6345818084026087e-06
1501.33333333333,3.631603627213326e-06
1502.0,3.6286290701263054e-06
1502.66666666667,3.6256581314082094e-06
1503.33333333333,3.6226908053368075e-06
1504.0,3.6197270862007824e-06
1504.66666666667,3.61676696829962e-06
1505.33333333333,3.613810445944181e-06
1506.0,3.610857513455741e-06
1506.66666666667,3.607908165166816e-06
1507.33333333333,3.6049623954207127e-06
1508.0,3.6020201985717593e-06
1508.66666666667,3.599081568984604e-06
1509.33333333333,3.5961465010354583e-06
1510.0,3.593214989110555e-06
1510.66666666667,3.590287027607387e-06
1511.33333333333,3.587362610934094e-06
1512.0,3.584441733509272e-06
1512.66666666667,3.5815243897625357e-06
1513.33333333333,3.5786105741339925e-06
1514.0,3.575700281074302e-06
1514.66666666667,3.5727935050449876e-06
1515.33333333333,3.569890240517993e-06
1516.0,3.566990481975829e-06
1516.66666666667,3.5640942239115474e-06
1517.33333333333,3.561201460828802e-06
1518.0,3.5583121872417404e-06
1518.66666666667,3.5554263976749e-06
1519.33333333333,3.552544086663267e-06
1520.0,3.549665248752253e-06
1520.66666666667,3.5467898784979173e-06
1521.33333333333,3.5439179704663707e-06
1522.0,3.541049519234162e-06
1522.66666666667,3.5381845193882546e-06
1523.33333333333,3.535322965526085e-06
1524.0,3.5324648522548888e-06
1524.66666666667,3.529610174192654e-06
1525.33333333333,3.5267589259674474e-06
1526.0,3.5239111022173928e-06
1526.66666666667,3.5210666975910543e-06
1527.33333333333,3.5182257067470885e-06
1528.0,3.5153881243543024e-06
1528.66666666667,3.5125539450915526e-06
1529.33333333333,3.509723163647882e-06
1530.0,3.5068957747224987e-06
1530.66666666667,3.5040717730245115e-06
1531.33333333333,3.501251153273229e-06
1532.0,3.4984339101977384e-06
1532.66666666667,3.495620038537361e-06
1533.33333333333,3.4928095330415508e-06
1534.0,3.490002388469076e-06
1534.66666666667,3.4871985995893502e-06
1535.33333333333,3.484398161181297e-06
1536.0,3.481601068033804e-06
1536.66666666667,3.478807314945625e-06
1537.33333333333,3.4760168967254326e-06
1538.0,3.4732298081914843e-06
1538.66666666667,3.4704460441723073e-06
1539.33333333333,3.467665599505736e-06
1540.0,3.4648884690395946e-06
1540.66666666667,3.4621146476312853e-06
1541.33333333333,3.4593441301481578e-06
1542.0,3.4565769114671737e-06
1542.66666666667,3.4538129864747325e-06
1543.33333333333,3.4510523500672705e-06
1544.0,3.4482949971505407e-06
1544.66666666667,3.4455409226401357e-06
1545.33333333333,3.4427901214609235e-06
1546.0,3.4400425885476453e-06
1546.66666666667,3.437298318844586e-06
1547.33333333333,3.434557307305321e-06
1548.0,3.431819548893081e-06
1548.66666666667,3.429085038580501e-06
1549.33333333333,3.426353771349905e-06
1550.0,3.423625742192674e-06
1550.66666666667,3.4209009461099885e-06
1551.33333333333,3.4181793781121985e-06
1552.0,3.4154610332190306e-06
1552.66666666667,3.4127459064596452e-06
1553.33333333333,3.410033992872613e-06
1554.0,3.407325287505745e-06
1554.66666666667,3.404619785415997e-06
1555.33333333333,3.4019174816699003e-06
1556.0,3.399218371343092e-06
1556.66666666667,3.3965224495202904e-06
1557.33333333333,3.393829711295731e-06
1558.0,3.3911401517725424e-06
1558.66666666667,3.3884537660634013e-06
1559.33333333333,3.385770549289839e-06
1560.0,3.383090496582521e-06
1560.66666666667,3.380413603081377e-06
1561.33333333333,3.3777398639354295e-06
1562.0,3.375069274302552e-06
1562.66666666667,3.3724018293500447e-06
1563.33333333333,3.369737524253945e-06
1564.0,3.367076354199381e-06
1564.66666666667,3.3644183143804737e-06
1565.33333333333,3.3617634000003964e-06
1566.0,3.3591116062712764e-06
1566.66666666667,3.3564629284141057e-06
1567.33333333333,3.353817361658865e-06
1568.0,3.351174901244216e-06
1568.66666666667,3.348535542418135e-06
1569.33333333333,3.3458992804370935e-06
1570.0,3.3432661105663312e-06
1570.66666666667,3.340636028080489e-06
1571.33333333333,3.3380090282622835e-06
1572.0,3.3353851064036487e-06
1572.66666666667,3.33276425780521e-06
1573.33333333333,3.330146477776409e-06
1574.0,3.3275317616351958e-06
1574.66666666667,3.324920104708228e-06
1575.33333333333,3.3223115023313537e-06
1576.0,3.319705949848371e-06
1576.66666666667,3.3171034426121583e-06
1577.33333333333,3.314503975984226e-06
1578.0,3.311907545334553e-06
1578.66666666667,3.309314146041855e-06
1579.33333333333,3.30672377349328e-06
1580.0,3.3041364230844627e-06
1580.66666666667,3.301552090220071e-06
1581.33333333333,3.298970770312585e-06
1582.0,3.296392458783622e-06
1582.66666666667,3.293817151062717e-06
1583.33333333333,3.2912448425884352e-06
1584.0,3.2886755288072924e-06
1584.66666666667,3.286109205174656e-06
1585.33333333333,3.283545867154021e-06
1586.0,3.280985510217275e-06
1586.66666666667,3.2784281298448185e-06
1587.33333333333,3.275873721525407e-06
1588.0,3.273322280756064e-06
1588.66666666667,3.270773803042132e-06
1589.33333333333,3.2682282838973235e-06
1590.0,3.2656857188434974e-06
1590.66666666667,3.2631461034108463e-06
1591.33333333333,3.260609433138088e-06
1592.0,3.2580757035716166e-06
1592.66666666667,3.2555449102665914e-06
1593.33333333333,3.2530170487860208e-06
1594.0,3.2504921147011595e-06
1594.66666666667,3.2479701035914223e-06
1595.33333333333,3.245451011044638e-06
1596.0,3.2429348326562833e-06
1596.66666666667,3.240421564030281e-06
1597.33333333333,3.2379112007786434e-06
1598.0,3.235403738521184e-06
1598.66666666667,3.2328991728860413e-06
1599.33333333333,3.230397499509325e-06
1600.0,3.2278987140351636e-06
1600.66666666667,3.22540281211562e-06
1601.33333333333,3.2229097894108126e-06
1602.0,3.2204196415888943e-06
1602.66666666667,3.217932364325767e-06
1603.33333333333,3.2154479533055374e-06
1604.0,3.21296640421996e-06
1604.66666666667,3.2104877127688246e-06
1605.33333333333,3.208011874659938e-06
1606.0,3.205538885608706e-06
1606.66666666667,3.203068741338518e-06
1607.33333333333,3.200601437580796e-06
1608.0,3.1981369700743792e-06
1608.66666666667,3.1956753345661723e-06
1609.33333333333,3.193216526810796e-06
1610.0,3.1907605425707035e-06
1610.66666666667,3.1883073776158997e-06
1611.33333333333,3.1858570277245176e-06
1612.0,3.1834094886819466e-06
1612.66666666667,3.180964756281538e-06
1613.33333333333,3.1785228263243934e-06
1614.0,3.176083694619018e-06
1614.66666666667,3.173647356981766e-06
1615.33333333333,3.17121380923669e-06
1616.0,3.1687830472152002e-06
1616.66666666667,3.1663550667566343e-06
1617.33333333333,3.1639298637076553e-06
1618.0,3.161507433922497e-06
1618.66666666667,3.1590877732632697e-06
1619.33333333333,3.156670877599168e-06
1620.0,3.1542567428073613e-06
1620.66666666667,3.151845364772135e-06
1621.33333333333,3.149436739385524e-06
1622.0,3.1470308625469055e-06
1622.66666666667,3.14462773016318e-06
1623.33333333333,3.1422273381486895e-06
1624.0,3.1398296824251376e-06
1624.66666666667,3.1374347589216374e-06
1625.33333333333,3.135042563574889e-06
1626.0,3.1326530923287786e-06
1626.66666666667,3.130266341134556e-06
1627.33333333333,3.1278823059508815e-06
1628.0,3.1255009827438113e-06
1628.66666666667,3.1231223674865897e-06
1629.33333333333,3.1207464561598893e-06
1630.0,3.1183732447515406e-06
1630.66666666667,3.1160027292567077e-06
1631.33333333333,3.113634905677871e-06
1632.0,3.1112697700245623e-06
1632.66666666667,3.1089073183138503e-06
1633.33333333333,3.1065475465696984e-06
1634.0,3.1041904508233886e-06
1634.66666666667,3.101836027113443e-06
1635.33333333333,3.0994842714855468e-06
1636.0,3.0971351799924064e-06
1636.66666666667,3.0947887486939252e-06
1637.33333333333,3.092444973657184e-06
1638.0,3.0901038509563667e-06
1638.66666666667,3.0877653766725586e-06
1639.33333333333,3.0854295468942884e-06
1640.0,3.0830963577167093e-06
1640.66666666667,3.0807658052422643e-06
1641.33333333333,3.078437885580485e-06
1642.0,3.076112594847732e-06
1642.66666666667,3.073789929167486e-06
1643.33333333333,3.0714698846702717e-06
1644.0,3.0691524574932777e-06
1644.66666666667,3.066837643781073e-06
1645.33333333333,3.0645254396848614e-06
1646.0,3.062215841362892e-06
1646.66666666667,3.0599088449803246e-06
1647.33333333333,3.057604446709154e-06
1648.0,3.0553026427283156e-06
1648.66666666667,3.0530034292236123e-06
1649.33333333333,3.0507068023876978e-06
1650.0,3.0484127584198834e-06
1650.66666666667,3.0461212935267245e-06
1651.33333333333,3.043832403921225e-06
1652.0,3.0415460858233023e-06
1652.66666666667,3.039262335459596e-06
1653.33333333333,3.0369811490635707e-06
1654.0,3.034702522875502e-06
1654.66666666667,3.032426453142345e-06
1655.33333333333,3.0301529361177763e-06
1656.0,3.027881968062123e-06
1656.66666666667,3.025613545242528e-06
1657.33333333333,3.023347663932755e-06
1658.0,3.021084320413234e-06
1658.66666666667,3.01882351097105e-06
1659.33333333333,3.0165652318999266e-06
1660.0,3.0143094795002135e-06
1660.66666666667,3.0120562500789306e-06
1661.33333333333,3.0098055399495776e-06
1662.0,3.007557345432415e-06
1662.66666666667,3.0053116628540976e-06
1663.33333333333,3.0030684885480114e-06
1664.0,3.0008278188538524e-06
1664.66666666667,2.998589650118079e-06
1665.33333333333,2.9963539786935476e-06
1666.0,2.9941208009396182e-06
1666.66666666667,2.991890113222138e-06
1667.33333333333,2.9896619119136025e-06
1668.0,2.9874361933926797e-06
1668.66666666667,2.985212954044659e-06
1669.33333333333,2.9829921902613786e-06
1670.0,2.980773898440752e-06
1670.66666666667,2.978558074987332e-06
1671.33333333333,2.9763447163122356e-06
1672.0,2.97413381883256e-06
1672.66666666667,2.971925378972114e-06
1673.33333333333,2.9697193931608893e-06
1674.0,2.9675158578352746e-06
1674.66666666667,2.9653147694378736e-06
1675.33333333333,2.9631161244178885e-06
1676.0,2.9609199192305393e-06
1676.66666666667,2.9587261503373914e-06
1677.33333333333,2.956534814206455e-06
1678.0,2.9543459073117767e-06
1678.66666666667,2.9521594261338226e-06
1679.33333333333,2.9499753671592933e-06
1680.0,2.947793726880889e-06
1680.66666666667,2.9456145017978023e-06
1681.33333333333,2.943437688415309e-06
1682.0,2.9412632832449276e-06
1682.66666666667,2.939091282804179e-06
1683.33333333333,2.9369216836169676e-06
1684.0,2.9347544822131212e-06
1684.66666666667,2.93258967512888e-06
1685.33333333333,2.9304272589063807e-06
1686.0,2.9282672300938706e-06
1686.66666666667,2.9261095852458028e-06
1687.33333333333,2.9239543209227126e-06
1688.0,2.921801433691206e-06
1688.66666666667,2.919650920123727e-06
1689.33333333333,2.9175027767992047e-06
1690.0,2.915357000302161e-06
1690.66666666667,2.913213587223303e-06
1691.33333333333,2.9110725341596205e-06
1692.0,2.90893383771355e-06
1692.66666666667,2.9067974944940043e-06
1693.33333333333,2.904663501115648e-06
1694.0,2.9025318541989946e-06
1694.66666666667,2.9004025503708322e-06
1695.33333333333,2.8982755862636636e-06
1696.0,2.896150958515859e-06
1696.66666666667,2.8940286637718067e-06
1697.33333333333,2.8919086986818473e-06
1698.0,2.8897910599020966e-06
1698.66666666667,2.887675744094545e-06
1699.33333333333,2.8855627479272046e-06
1700.0,2.883452068073721e-06
1700.66666666667,2.88134370121363e-06
1701.33333333333,2.8792376440324546e-06
1702.0,2.877133893221368e-06
1702.66666666667,2.875032445477398e-06
1703.33333333333,2.872933297503363e-06
1704.0,2.870836446007803e-06
1704.66666666667,2.8687418877050768e-06
1705.33333333333,2.866649619315457e-06
1706.0,2.864559637564638e-06
1706.66666666667,2.8624719391842035e-06
1707.33333333333,2.8603865209115603e-06
1708.0,2.858303379489611e-06
1708.66666666667,2.8562225116671633e-06
1709.33333333333,2.854143914198601e-06
1710.0,2.8520675838439815e-06
1710.66666666667,2.849993517369019e-06
1711.33333333333,2.847921711545025e-06
1712.0,2.8458521631491044e-06
1712.66666666667,2.8437848689638815e-06
1713.33333333333,2.8417198257775945e-06
1714.0,2.839657030384187e-06
1714.66666666667,2.8375964795829325e-06
1715.33333333333,2.8355381701789967e-06
1716.0,2.833482098982956e-06
1716.66666666667,2.8314282628109946e-06
1717.33333333333,2.8293766584847898e-06
1718.0,2.827327282831501e-06
1718.66666666667,2.825280132683964e-06
1719.33333333333,2.823235204880526e-06
1720.0,2.8211924962648275e-06
1720.66666666667,2.8191520036862027e-06
1721.33333333333,2.817113723999361e-06
1722.0,2.81507765406458e-06
1722.66666666667,2.8130437907474895e-06
1723.33333333333,2.8110121309192137e-06
1724.0,2.808982671456208e-06
1724.66666666667,2.8069554092405543e-06
1725.33333333333,2.8049303411595898e-06
1726.0,2.802907464106053e-06
1726.66666666667,2.8008867749782225e-06
1727.33333333333,2.798868270679603e-06
1728.0,2.7968519481190636e-06
1728.66666666667,2.7948378042108826e-06
1729.33333333333,2.7928258358747826e-06
1730.0,2.790816040035618e-06
1730.66666666667,2.7888084136236676e-06
1731.33333333333,2.7868029535745727e-06
1732.0,2.7847996568292254e-06
1732.66666666667,2.782798520333809e-06
1733.33333333333,2.7807995410398356e-06
1734.0,2.7788027159039385e-06
1734.66666666667,2.7768080418882077e-06
1735.33333333333,2.7748155159598816e-06
1736.0,2.7728251350914365e-06
1736.66666666667,2.770836896260525e-06
1737.33333333333,2.768850796450214e-06
1738.0,2.7668668326485783e-06
1738.66666666667,2.7648850018489363e-06
1739.33333333333,2.7629053010498897e-06
1740.0,2.7609277272549684e-06
1740.66666666667,2.758952277473209e-06
1741.33333333333,2.7569789487185075e-06
1742.0,2.7550077380100977e-06
1742.66666666667,2.7530386423722476e-06
1743.33333333333,2.751071658834396e-06
1744.0,2.749106784431094e-06
1744.66666666667,2.7471440162018945e-06
1745.33333333333,2.7451833511915394e-06
1746.0,2.743224786449901e-06
1746.66666666667,2.7412683190318216e-06
1747.33333333333,2.7393139459972066e-06
1748.0,2.737361664411058e-06
1748.66666666667,2.7354114713434662e-06
1749.33333333333,2.7334633638694064e-06
1750.0,2.731517339069065e-06
1750.66666666667,2.7295733940273968e-06
1751.33333333333,2.727631525834646e-06
1752.0,2.7256917315857565e-06
1752.66666666667,2.72375400838089e-06
1753.33333333333,2.7218183533250352e-06
1754.0,2.719884763528186e-06
1754.66666666667,2.7179532361053343e-06
1755.33333333333,2.716023768176362e-06
1756.0,2.7140963568659386e-06
1756.66666666667,2.7121709993039844e-06
1757.33333333333,2.7102476926250926e-06
1758.0,2.708326433968755e-06
1758.66666666667,2.7064072204794477e-06
1759.33333333333,2.7044900493064797e-06
1760.0,2.702574917604077e-06
1760.66666666667,2.700661822531231e-06
1761.33333333333,2.6987507612518783e-06
1762.0,2.696841730934749e-06
1762.66666666667,2.6949347287534506e-06
1763.33333333333,2.693029751886366e-06
1764.0,2.691126797516689e-06
1764.66666666667,2.689225862832415e-06
1765.33333333333,2.6873269450264726e-06
1766.0,2.685430041296293e-06
1766.66666666667,2.6835351488443142e-06
1767.33333333333,2.6816422648777365e-06
1768.0,2.6797513866083295e-06
1768.66666666667,2.6778625112527926e-06
1769.33333333333,2.675975636032514e-06
1770.0,2.6740907581735148e-06
1770.66666666667,2.6722078749066713e-06
1771.33333333333,2.6703269834675196e-06
1772.0,2.6684480810962483e-06
1772.66666666667,2.6665711650377793e-06
1773.33333333333,2.6646962325416665e-06
1774.0,2.6628232808621803e-06
1774.66666666667,2.6609523072582963e-06
1775.33333333333,2.659083308993549e-06
1776.0,2.65721628333616e-06
1776.66666666667,2.655351227558938e-06
1777.33333333333,2.65348813893945e-06
1778.0,2.6516270147596506e-06
1778.66666666667,2.6497678523063713e-06
1779.33333333333,2.647910648870811e-06
1780.0,2.646055401748937e-06
1780.66666666667,2.6442021082411122e-06
1781.33333333333,2.6423507656524033e-06
1782.0,2.6405013712923906e-06
1782.66666666667,2.638653922475159e-06
1783.33333333333,2.6368084165195145e-06
1784.0,2.634964850748569e-06
1784.66666666667,2.633123222490049e-06
1785.33333333333,2.6312835290762816e-06
1786.0,2.629445767843967e-06
1786.66666666667,2.6276099361343438e-06
1787.33333333333,2.6257760312932283e-06
1788.0,2.6239440506707356e-06
1788.66666666667,2.622113991621628e-06
1789.33333333333,2.6202858515051287e-06
1790.0,2.618459627684689e-06
1790.66666666667,2.6166353175283823e-06
1791.33333333333,2.614812918408802e-06
1792.0,2.6129924277027464e-06
1792.66666666667,2.6111738427916064e-06
1793.33333333333,2.609357161061093e-06
1794.0,2.6075423799013592e-06
1794.66666666667,2.6057294967069038e-06
1795.33333333333,2.6039185088766515e-06
1796.0,2.6021094138138993e-06
1796.66666666667,2.6003022089262647e-06
1797.33333333333,2.5984968916257643e-06
1798.0,2.5966934593287616e-06
1798.66666666667,2.5948919094559575e-06
1799.33333333333,2.5930922394323406e-06
1800.0,2.591294446687306e-06
1800.66666666667,2.589498528654475e-06
1801.33333333333,2.5877044827718602e-06
1802.0,2.585912306481596e-06
1802.66666666667,2.5841219972303206e-06
1803.33333333333,2.5823335524689505e-06
1804.0,2.5805469696524565e-06
1804.66666666667,2.5787622462402006e-06
1805.33333333333,2.576979379695928e-06
1806.0,2.5751983674873273e-06
1806.66666666667,2.573419207086624e-06
1807.33333333333,2.5716418959701866e-06
1808.0,2.5698664316184328e-06
1808.66666666667,2.5680928115161627e-06
1809.33333333333,2.5663210331524217e-06
1810.0,2.5645510940203235e-06
1810.66666666667,2.5627829916172105e-06
1811.33333333333,2.5610167234446897e-06
1812.0,2.5592522870083674e-06
1812.66666666667,2.5574896798181834e-06
1813.33333333333,2.5557288993881455e-06
1814.0,2.553969943236408e-06
1814.66666666667,2.5522128088852635e-06
1815.33333333333,2.550457493861217e-06
1816.0,2.5487039956947716e-06
1816.66666666667,2.546952311920625e-06
1817.33333333333,2.545202440077624e-06
1818.0,2.543454377708586e-06
1818.66666666667,2.5417081223604195e-06
1819.33333333333,2.5399636715843632e-06
1820.0,2.5382210229353547e-06
1820.66666666667,2.5364801739726883e-06
1821.33333333333,2.5347411222596736e-06
1822.0,2.533003865363505e-06
1822.66666666667,2.5312684008555833e-06
1823.33333333333,2.5295347263113423e-06
1824.0,2.5278028393100784e-06
1824.66666666667,2.5260727374352686e-06
1825.33333333333,2.524344418274443e-06
1826.0,2.5226178794189268e-06
1826.66666666667,2.520893118464246e-06
1827.33333333333,2.5191701330097895e-06
1828.0,2.517448920658967e-06
1828.66666666667,2.5157294790190762e-06
1829.33333333333,2.514011805701665e-06
1830.0,2.5122958983218283e-06
1830.66666666667,2.5105817544989357e-06
1831.33333333333,2.5088693718561332e-06
1832.0,2.5071587480205407e-06
1832.66666666667,2.505449880623243e-06
1833.33333333333,2.5037427672992018e-06
1834.0,2.502037405687289e-06
1834.66666666667,2.500333793430237e-06
1835.33333333333,2.4986319281748347e-06
1836.0,2.496931807571556e-06
1836.66666666667,2.4952334292748748e-06
1837.33333333333,2.4935367909431366e-06
1838.0,2.491841890238512e-06
1838.66666666667,2.4901487248269865e-06
1839.33333333333,2.488457292378516e-06
1840.0,2.486767590566818e-06
1840.66666666667,2.485079617069484e-06
1841.33333333333,2.483393369567892e-06
1842.0,2.48170884574728e-06
1842.66666666667,2.4800260432966188e-06
1843.33333333333,2.478344959908801e-06
1844.0,2.476665593280518e-06
1844.66666666667,2.474987941112053e-06
1845.33333333333,2.4733120011077476e-06
1846.0,2.471637770975522e-06
1846.66666666667,2.469965248427104e-06
1847.33333333333,2.4682944311780984e-06
1848.0,2.4666253169477466e-06
1848.66666666667,2.464957903458997e-06
1849.33333333333,2.463292188438732e-06
1850.0,2.4616281696173306e-06
1850.66666666667,2.4599658447290924e-06
1851.33333333333,2.458305211511878e-06
1852.0,2.4566462677073734e-06
1852.66666666667,2.4549890110608918e-06
1853.33333333333,2.4533334393215953e-06
1854.0,2.451679550242064e-06
1854.66666666667,2.4500273415788308e-06
1855.33333333333,2.448376811091947e-06
1856.0,2.4467279565451326e-06
1856.66666666667,2.445080775705882e-06
1857.33333333333,2.4434352663452663e-06
1858.0,2.441791426237926e-06
1858.66666666667,2.4401492531622936e-06
1859.33333333333,2.4385087449003956e-06
1860.0,2.436869899237768e-06
1860.66666666667,2.4352327139637193e-06
1861.33333333333,2.43359718687109e-06
1862.0,2.4319633157563273e-06
1862.66666666667,2.430331098419474e-06
1863.33333333333,2.4287005326642783e-06
1864.0,2.427071616297804e-06
1864.66666666667,2.4254443471309976e-06
1865.33333333333,2.423818722978221e-06
1866.0,2.422194741657324e-06
1866.66666666667,2.4205724009899024e-06
1867.33333333333,2.418951698800986e-06
1868.0,2.417332632919186e-06
1868.66666666667,2.4157152011765725e-06
1869.33333333333,2.4140994014088956e-06
1870.0,2.4124852314552384e-06
1870.66666666667,2.410872689158388e-06
1871.33333333333,2.4092617723645263e-06
1872.0,2.407652478923338e-06
1872.66666666667,2.406044806688039e-06
1873.33333333333,2.4044387535153714e-06
1874.0,2.402834317265447e-06
1874.66666666667,2.401231495801964e-06
1875.33333333333,2.3996302869920516e-06
1876.0,2.398030688706301e-06
1876.66666666667,2.396432698818684e-06
1877.33333333333,2.3948363152068057e-06
1878.0,2.3932415357514917e-06
1878.66666666667,2.391648358337187e-06
1879.33333333333,2.3900567808516913e-06
1880.0,2.38846680118619e-06
1880.66666666667,2.3868784172353946e-06
1881.33333333333,2.385291626897278e-06
1882.0,2.3837064280732893e-06
1882.66666666667,2.382122818668311e-06
1883.33333333333,2.3805407965906506e-06
1884.0,2.378960359751817e-06
1884.66666666667,2.3773815060668774e-06
1885.33333333333,2.375804233454233e-06
1886.0,2.3742285398355403e-06
1886.66666666667,2.3726544231359934e-06
1887.33333333333,2.371081881283994e-06
1888.0,2.369510912211287e-06
1888.66666666667,2.3679415138531015e-06
1889.33333333333,2.3663736841478887e-06
1890.0,2.3648074210373905e-06
1890.66666666667,2.363242722466739e-06
1891.33333333333,2.361679586384381e-06
1892.0,2.3601180107420677e-06
1892.66666666667,2.35855799349478e-06
1893.33333333333,2.3569995326009365e-06
1894.0,2.3554426260220637e-06
1894.66666666667,2.3538872717230783e-06
1895.33333333333,2.3523334676722776e-06
1896.0,2.3507812118409095e-06
1896.66666666667,2.349230502203874e-06
1897.33333333333,2.3476813367390803e-06
1898.0,2.3461337134277238e-06
1898.66666666667,2.3445876302542786e-06
1899.33333333333,2.343043085206494e-06
1900.0,2.341500076275279e-06
1900.66666666667,2.339958601454771e-06
1901.33333333333,2.33841865874243e-06
1902.0,2.336880246138791e-06
1902.66666666667,2.3353433616477023e-06
1903.33333333333,2.3338080032762123e-06
1904.0,2.3322741690344263e-06
1904.66666666667,2.330741856935848e-06
1905.33333333333,2.3292110649970255e-06
1906.0,2.327681791237719e-06
1906.66666666667,2.32615403368086e-06
1907.33333333333,2.324627790352547e-06
1908.0,2.3231030592821048e-06
1908.66666666667,2.321579838501875e-06
1909.33333333333,2.3200581260474846e-06
1910.0,2.3185379199575643e-06
1910.66666666667,2.3170192182740525e-06
1911.33333333333,2.3155020190418806e-06
1912.0,2.313986320309103e-06
1912.66666666667,2.3124721201269956e-06
1913.33333333333,2.3109594165499465e-06
1914.0,2.3094482076352784e-06
1914.66666666667,2.3079384914435517e-06
1915.33333333333,2.306430266038524e-06
1916.0,2.3049235294868015e-06
1916.66666666667,2.303418279858246e-06
1917.33333333333,2.301914515225727e-06
1918.0,2.3004122336651854e-06
1918.66666666667,2.2989114332556955e-06
1919.33333333333,2.2974121120793586e-06
1920.0,2.2959142682212607e-06
1920.66666666667,2.2944178997696055e-06
1921.33333333333,2.2929230048156717e-06
1922.0,2.2914295814536745e-06
1922.66666666667,2.289937627780961e-06
1923.33333333333,2.2884471418979047e-06
1924.0,2.2869581219077295e-06
1924.66666666667,2.2854705659169426e-06
1925.33333333333,2.2839844720348593e-06
1926.0,2.28249983837383e-06
1926.66666666667,2.2810166630493044e-06
1927.33333333333,2.279534944179588e-06
1928.0,2.278054679886108e-06
1928.66666666667,2.276575868293137e-06
1929.33333333333,2.2750985075280567e-06
1930.0,2.273622595721118e-06
1930.66666666667,2.272148131005569e-06
1931.33333333333,2.2706751115176483e-06
1932.0,2.2692035353965148e-06
1932.66666666667,2.2677334007842085e-06
1933.33333333333,2.266264705825876e-06
1934.0,2.2647974486694685e-06
1934.66666666667,2.2633316274659e-06
1935.33333333333,2.261867240369075e-06
1936.0,2.2604042855357214e-06
1936.66666666667,2.2589427611254796e-06
1937.33333333333,2.2574826653010297e-06
1938.0,2.256023996227825e-06
1938.66666666667,2.2545667520742506e-06
1939.33333333333,2.2531109310116793e-06
1940.0,2.2516565312141455e-06
1940.66666666667,2.250203550858857e-06
1941.33333333333,2.248751988125671e-06
1942.0,2.2473018411974136e-06
1942.66666666667,2.245853108259776e-06
1943.33333333333,2.244405787501309e-06
1944.0,2.242959877113388e-06
1944.66666666667,2.241515375290205e-06
1945.33333333333,2.240072280228989e-06
1946.0,2.238630590129521e-06
1946.66666666667,2.2371903031947024e-06
1947.33333333333,2.2357514176300397e-06
1948.0,2.2343139316439278e-06
1948.66666666667,2.2328778434476743e-06
1949.33333333333,2.2314431512553367e-06
1950.0,2.2300098532837475e-06
1950.66666666667,2.2285779477525425e-06
1951.33333333333,2.227147432884282e-06
1952.0,2.225718306904063e-06
1952.66666666667,2.224290568040089e-06
1953.33333333333,2.2228642145231207e-06
1954.0,2.2214392445867292e-06
1954.66666666667,2.220015656467319e-06
1955.33333333333,2.218593448404062e-06
1956.0,2.217172618638827e-06
1956.66666666667,2.215753165416271e-06
1957.33333333333,2.2143350869838336e-06
1958.0,2.2129183815916687e-06
1958.66666666667,2.2115030474926704e-06
1959.33333333333,2.21008908294247e-06
1960.0,2.208676486199459e-06
1960.66666666667,2.2072652555246936e-06
1961.33333333333,2.2058553891820432e-06
1962.0,2.2044468854380305e-06
1962.66666666667,2.2030397425618584e-06
1963.33333333333,2.2016339588255585e-06
1964.0,2.200229532503709e-06
1964.66666666667,2.1988264618736757e-06
1965.33333333333,2.1974247452155464e-06
1966.0,2.19602438081197e-06
1966.66666666667,2.194625366948433e-06
1967.33333333333,2.1932277019130016e-06
1968.0,2.1918313839963847e-06
1968.66666666667,2.1904364114920485e-06
1969.33333333333,2.189042782696089e-06
1970.0,2.187650495907258e-06
1970.66666666667,2.186259549426899e-06
1971.33333333333,2.184869941559092e-06
1972.0,2.183481670610467e-06
1972.66666666667,2.1820947348904133e-06
1973.33333333333,2.1807091327108904e-06
1974.0,2.179324862386424e-06
1974.66666666667,2.1779419222342526e-06
1975.33333333333,2.1765603105742022e-06
1976.0,2.1751800257286806e-06
1976.66666666667,2.1738010660227645e-06
1977.33333333333,2.172423429784102e-06
1978.0,2.1710471153428797e-06
1978.66666666667,2.1696721210320277e-06
1979.33333333333,2.168298445186945e-06
1980.0,2.166926086145614e-06
1980.66666666667,2.1655550422486557e-06
1981.33333333333,2.1641853118392662e-06
1982.0,2.162816893263121e-06
1982.66666666667,2.1614497848685805e-06
1983.33333333333,2.1600839850064753e-06
1984.0,2.1587194920302807e-06
1984.66666666667,2.157356304295934e-06
1985.33333333333,2.1559944201619784e-06
1986.0,2.154633837989439e-06
1986.66666666667,2.1532745561419363e-06
1987.33333333333,2.1519165729856246e-06
1988.0,2.1505598868891247e-06
1988.66666666667,2.1492044962236712e-06
1989.33333333333,2.147850399363015e-06
1990.0,2.1464975946832452e-06
1990.66666666667,2.1451460805631662e-06
1991.33333333333,2.143795855384086e-06
1992.0,2.142446917529607e-06
1992.66666666667,2.1410992653860055e-06
1993.33333333333,2.1397528973421043e-06
1994.0,2.138407811788979e-06
1994.66666666667,2.137064007120394e-06
1995.33333333333,2.13572148173253e-06
1996.0,2.134380234023983e-06
1996.66666666667,2.1330402623959048e-06
1997.33333333333,2.13170156525194e-06
1998.0,2.13036414099799e-06
1998.66666666667,2.129027988042641e-06
1999.33333333333,2.127693104796845e-06
2000.0,2.126359489673969e-06
2066.66666666667,1.9991399997539385e-06
2133.33333333333,1.8831348123245386e-06
2200.0,1.77707744232265e-06
2266.66666666667,1.6798734067404475e-06
2333.33333333333,1.5905732307628363e-06
2400.0,1.5083502169000702e-06
2466.66666666667,1.432482051052346e-06
2533.33333333333,1.3623355147923722e-06
2600.0,1.2973537243453983e-06
2666.66666666667,1.237045434370434e-06
2733.33333333333,1.1809760366140941e-06
2800.0,1.1287599557754837e-06
2866.66666666667,1.0800542019795714e-06
2933.33333333333,1.034552884521411e-06
3000.0,9.919825276178045e-07
3066.66666666667,9.52098057779582e-07
3133.33333333333,9.14679355633424e-07
3200.0,8.795282837654431e-07
3266.66666666667,8.46466117352352e-07
3333.33333333333,8.15331316710589e-07
3400.0,7.859775909953787e-07
3466.66666666667,7.582722105640159e-07
3533.33333333333,7.320945323335239e-07
3600.0,7.073347080907605e-07
3666.66666666667,6.838925503763723e-07
3733.33333333333,6.616765344398178e-07
3800.0,6.406029179950644e-07
3866.66666666667,6.205949632099308e-07
3933.33333333333,6.015822476299026e-07
4000.0,5.835000526453804e-07
4066.66666666667,5.662888197211058e-07
4133.33333333333,5.498936659681841e-07
4200.0,5.342639517943508e-07
4266.66666666667,5.193528943502338e-07
4333.33333333333,5.051172213266734e-07
4400.0,4.915168603737002e-07
4466.66666666667,4.785146600245925e-07
4533.33333333333,4.6607613853450444e-07
4600.0,4.5416925749583657e-07
4666.66666666667,4.4276421748285105e-07
4733.33333333333,4.318332733151317e-07
4800.0,4.213505668216063e-07
4866.66666666667,4.1129197524003817e-07
4933.33333333333,4.016349736070796e-07
5000.0,3.9235850968571207e-07
5066.66666666667,3.834428901441711e-07
5133.33333333333,3.748696768465956e-07
5200.0,3.666215922436976e-07
5266.66666666666,3.5868243296395855e-07
5333.33333333333,3.510369908044647e-07
5400.0,3.4367098040730253e-07
5466.66666666666,3.3657097298382986e-07
5533.33333333333,3.297243355166917e-07
5600.0,3.231191749290921e-07
5666.66666666666,3.1674428676361894e-07
5733.33333333333,3.1058910795977443e-07
5800.0,3.0464367336094074e-07
5866.66666666666,2.9889857561841884e-07
5933.33333333333,2.9334492819312493e-07
6000.0,2.879743311848383e-07
6066.66666666666,2.827788397450477e-07
6133.33333333333,2.7775093485285673e-07
6200.0,2.728834962543365e-07
6266.66666666666,2.6816977738443044e-07
6333.33333333333,2.636033821073645e-07
6400.0,2.591782431266031e-07
6466.66666666666,2.5488860192894033e-07
6533.33333333333,2.507289901395621e-07
6600.0,2.4669421217589844e-07
6666.66666666666,2.4277932909800484e-07
6733.33333333333,2.389796435621776e-07
6800.0,2.3529068579261424e-07
6866.66666666666,2.3170820049321708e-07
6933.33333333333,2.2822813462831433e-07
7000.0,2.248466260070535e-07
7066.66666666666,2.2155999261168307e-07
7133.33333333333,2.183647226148915e-07
7200.0,2.152574650358777e-07
7266.66666666666,2.1223502098890738e-07
7333.33333333333,2.0929433548185139e-07
7400.0,2.0643248972559868e-07
7466.66666666666,2.0364669391832066e-07
7533.33333333333,2.0093428047140954e-07
7600.0,1.9829269764649078e-07
7666.66666666666,1.9571950357526548e-07
7733.33333333333,1.9321236063611058e-07
7800.0,1.9076903016334155e-07
7866.66666666666,1.8838736746684918e-07
7933.33333333333,1.860653171414958e-07
8000.0,1.8380090864718026e-07
8066.66666666666,1.8159225214187708e-07
8133.33333333333,1.7943753455125322e-07
8200.0,1.7733501585964836e-07
8266.66666666666,1.752830256082922e-07
8333.33333333333,1.7327995958763992e-07
8400.0,1.7132427671163852e-07
8466.66666666666,1.694144960625789e-07
8533.33333333333,1.6754919409598758e-07
8600.0,1.657270019957368e-07
8666.66666666666,1.6394660317021963e-07
8733.33333333333,1.622067308810651e-07
8800.0,1.6050616599644094e-07
8866.66666666666,1.588437348615221e-07
8933.33333333333,1.572183072791975e-07
9000.0,1.5562879459454967e-07
9066.66666666666,1.5407414787705493e-07
9133.33333333333,1.5255335619485477e-07
9200.0,1.5106544497581142e-07
9266.66666666666,1.4960947445039518e-07
9333.33333333333,1.4818453817177187e-07
9400.0,1.4678976160875102e-07
9466.66666666666,1.4542430080752238e-07
9533.33333333333,1.4408734111836878e-07
9600.0,1.4277809598377798e-07
9666.66666666666,1.4149580578459092e-07
9733.33333333333,1.4023973674103642e-07
9800.0,1.39009179865691e-07
9866.66666666666,1.378034499655764e-07
9933.33333333333,1.3662188469078133e-07
10000.0,1.3546384362714726e-07
10066.6666666667,1.3432870743069718e-07
10133.3333333333,1.3321587700163705e-07
10200.0,1.3212477269585924e-07
10266.6666666667,1.3105483357204546e-07
10333.3333333333,1.3000551667251216e-07
10400.0,1.289762963360964e-07
10466.6666666667,1.2796666354147647e-07
10533.3333333333,1.269761252793689e-07
10600.0,1.2600420395217355e-07
10666.6666666667,1.250504367997196e-07
10733.3333333333,1.2411437534979523e-07
10800.0,1.2319558489226208e-07
10866.6666666667,1.2229364397561612e-07
10933.3333333333,1.214081439248827e-07
11000.0,1.2053868837983194e-07
11066.6666666667,1.1968489285255265e-07
11133.3333333333,1.1884638430344112e-07
11200.0,1.180228007347453e-07
11266.6666666667,1.1721379080084931e-07
11333.3333333333,1.1641901343449493e-07
11400.0,1.1563813748820912e-07
11466.6666666667,1.1487084139024638e-07
11533.3333333333,1.1411681281435751e-07
11600.0,1.1337574836276397e-07
11666.6666666667,1.1264735326174782e-07
11733.3333333333,1.1193134106926741e-07
11800.0,1.1122743339406889e-07
11866.6666666667,1.1053535962578929e-07
11933.3333333333,1.0985485667554407e-07
12000.0,1.0918566872654563e-07
12066.6666666667,1.0852754699432065e-07
12133.3333333333,1.0788024949608957e-07
12200.0,1.0724354082891821e-07
12266.6666666667,1.0661719195627185e-07
12333.3333333333,1.0600098000259235e-07
12400.0,1.0539468805556485e-07
12466.6666666667,1.0479810497575438e-07
12533.3333333333,1.0421102521328458e-07
12600.0,1.0363324863127022e-07
12666.6666666667,1.030645803357284e-07
12733.3333333333,1.0250483051168328e-07
12800.0,1.0195381426521508e-07
12866.6666666667,1.0141135147121627e-07
12933.3333333333,1.0087726662660538e-07
13000.0,1.0035138870878367e-07
13066.6666666667,9.983355103912893e-08
13133.3333333333,9.932359115130793e-08
13200.0,9.882135066422221e-08
13266.6666666667,9.832667515940767e-08
13333.3333333333,9.783941406269762e-08
13400.0,9.735942052998712e-08
13466.6666666667,9.688655133694379e-08
13533.3333333333,9.642066677249657e-08
13600.0,9.59616305359628e-08
13666.6666666667,9.550930963767723e-08
13733.3333333333,9.506357430297604e-08
13800.0,9.46242978794127e-08
13866.6666666667,9.419135674708833e-08
13933.3333333333,9.376463023196533e-08
14000.0,9.334400052205782e-08
14066.6666666667,9.292935258639549e-08
14133.3333333333,9.252057409664585e-08
14200.0,9.21175553513007e-08
14266.6666666667,9.172018920233698e-08
14333.3333333333,9.132837098424992e-08
14400.0,9.09419984453756e-08
14466.6666666667,9.056097168142502e-08
14533.3333333333,9.018519307113779e-08
14600.0,8.981456721398409e-08
14666.6666666667,8.944900086984521e-08
14733.3333333333,8.908840290059191e-08
14800.0,8.873268421349711e-08
14866.6666666667,8.838175770642251e-08
14933.3333333333,8.803553821470596e-08
15000.0,8.769394245969499e-08
15066.6666666667,8.73568889988721e-08
15133.3333333333,8.702429817750757e-08
15200.0,8.669609208179063e-08
15266.6666666667,8.637219449339197e-08
15333.3333333333,8.605253084539931e-08
15400.0,8.573702817958294e-08
15466.6666666667,8.542561510495014e-08
15533.3333333333,8.511822175753538e-08
15600.0,8.481477976138894e-08
15666.6666666667,8.45152221907272e-08
15733.3333333333,8.421948353319723e-08
15800.0,8.392749965422222e-08
15866.6666666667,8.363920776239584e-08
15933.3333333333,8.335454637588206e-08
16000.0,8.30734552897917e-08
16066.6666666667,8.279587554450677e-08
16133.3333333333,8.252174939491371e-08
16200.0,8.225102028051995e-08
16266.6666666667,8.198363279642825e-08
16333.3333333333,8.171953266513363e-08
16400.0,8.145866670912018e-08
16466.6666666667,8.120098282423495e-08
16533.3333333333,8.09464299538076e-08
16600.0,8.069495806349465e-08
16666.6666666667,8.04465181168293e-08
16733.3333333333,8.020106205144736e-08
16800.0,7.995854275597118e-08
16866.6666666667,7.971891404753437e-08
16933.3333333333,7.948213064992048e-08
17000.0,7.924814817229974e-08
17066.6666666667,7.901692308854846e-08
17133.3333333333,7.87884127171267e-08
17200.0,7.856257520150004e-08
17266.6666666667,7.833936949109187e-08
17333.3333333333,7.811875532274364e-08
17400.0,7.790069320267082e-08
17466.6666666667,7.768514438890236e-08
17533.3333333333,7.747207087418304e-08
17600.0,7.726143536932766e-08
17666.6666666667,7.705320128701648e-08
17733.3333333333,7.684733272601292e-08
17800.0,7.664379445579351e-08
17866.6666666667,7.644255190158113e-08
17933.3333333333,7.624357112976345e-08
18000.0,7.604681883368839e-08
18066.6666666667,7.585226231982796e-08
18133.3333333333,7.565986949429458e-08
18200.0,7.546960884970178e-08
18266.6666666667,7.528144945236251e-08
18333.3333333333,7.509536092980942e-08
18400.0,7.491131345863088e-08
18466.6666666667,7.472927775261602e-08
18533.3333333333,7.454922505119472e-08
18600.0,7.4371127108167e-08
18666.6666666667,7.419495618071557e-08
18733.3333333333,7.4020685018689e-08
18800.0,7.384828685415003e-08
18866.6666666667,7.367773539118424e-08
18933.3333333333,7.350900479595656e-08
19000.0,7.334206968701142e-08
19066.6666666667,7.317690512581207e-08
19133.3333333333,7.301348660750747e-08
19200.0,7.28517900519231e-08
19266.6666666667,7.269179179477163e-08
19333.3333333333,7.253346857907288e-08
19400.0,7.237679754677961e-08
19466.6666666667,7.222175623060566e-08
19533.3333333333,7.206832254604668e-08
19600.0,7.191647478359032e-08
19666.6666666667,7.176619160111277e-08
19733.3333333333,7.161745201645273e-08
19800.0,7.147023540015971e-08
19866.6666666667,7.132452146841443e-08
19933.3333333333,7.118029027611244e-08
20000.0,7.103752221010863e-08
20066.6666666667,7.08961979826206e-08
20133.3333333333,7.075629862478227e-08
20200.0,7.061780548034636e-08
20266.6666666667,7.04807001995332e-08
20333.3333333333,7.034496473301849e-08
20400.0,7.021058132605837e-08
20466.6666666667,7.007753251274974e-08
20533.3333333333,6.994580111041907e-08
20600.0,6.981537021413791e-08
20666.6666666667,6.968622319136368e-08
20733.3333333333,6.955834367669915e-08
20800.0,6.943171556676905e-08
20866.6666666667,6.930632301521285e-08
20933.3333333333,6.918215042778703e-08
21000.0,6.905918245757611e-08
21066.6666666667,6.8937404000311e-08
21133.3333333333,6.881680018978892e-08
21200.0,6.869735639339391e-08
21266.6666666667,6.857905820771701e-08
21333.3333333333,6.846189145427032e-08
21400.0,6.834584217529452e-08
21466.6666666667,6.823089662965862e-08
21533.3333333333,6.811704128884707e-08
21600.0,6.800426283303316e-08
21666.6666666667,6.789254814723845e-08
21733.3333333333,6.778188431757292e-08
21800.0,6.767225862755544e-08
21866.6666666667,6.7563658554514e-08
21933.3333333333,6.74560717660611e-08
22000.0,6.734948611664342e-08
22066.6666666667,6.724388964416601e-08
22133.3333333333,6.713927056668604e-08
22200.0,6.703561727917562e-08
22266.6666666667,6.693291835035419e-08
22333.3333333333,6.683116251958511e-08
22400.0,6.673033869383711e-08
22466.6666666667,6.663043594470983e-08
22533.3333333333,6.653144350551971e-08
22600.0,6.64333507684457e-08
22666.6666666667,6.633614728173515e-08
22733.3333333333,6.623982274696543e-08
22800.0,6.61443670163617e-08
22866.6666666667,6.604977009017036e-08
22933.3333333333,6.595602211408478e-08
23000.0,6.586311337672296e-08
23066.6666666667,6.57710343071576e-08
23133.3333333333,6.567977547249441e-08
23200.0,6.558932757549921e-08
23266.6666666667,6.549968145227372e-08
23333.3333333333,6.541082806997644e-08
23400.0,6.532275852458903e-08
23466.6666666667,6.523546403872814e-08
23533.3333333333,6.514893595949937e-08
23600.0,6.506316575639364e-08
23666.6666666667,6.497814501922602e-08
23733.3333333333,6.4893865456114e-08
23800.0,6.481031889149521e-08
23866.6666666667,6.472749726418505e-08
23933.3333333333,6.464539262547091e-08
24000.0,6.456399713724357e-08
24066.6666666667,6.448330307016553e-08
24133.3333333333,6.440330280187408e-08
24200.0,6.432398881521844e-08
24266.6666666667,6.42453536965323e-08
24333.3333333333,6.416739013393802e-08
24400.0,6.409009091568335e-08
24466.6666666667,6.401344892851094e-08
24533.3333333333,6.39374571560576e-08
24600.0,6.386210867728408e-08
24666.6666666667,6.378739666493528e-08
24733.3333333333,6.371331438402877e-08
24800.0,6.363985519037146e-08
24866.6666666667,6.356701252910509e-08
24933.3333333333,6.34947799332781e-08
25000.0,6.342315102244389e-08
25066.6666666667,6.33521195012862e-08
25133.3333333333,6.328167915826914e-08
25200.0,6.321182386431192e-08
25266.6666666667,6.314254757148922e-08
25333.3333333333,6.307384431175441e-08
25400.0,6.300570819568616e-08
25466.6666666667,6.293813341125904e-08
25533.3333333333,6.287111422263559e-08
25600.0,6.280464496898022e-08
25666.6666666667,6.273872006329587e-08
25733.3333333333,6.267333399128058e-08
25800.0,6.26084813102048e-08
25866.6666666667,6.254415664780986e-08
25933.3333333333,6.248035470122536e-08
26000.0,6.241707023590585e-08
26066.6666666667,6.235429808458753e-08
26133.3333333333,6.229203314626265e-08
26200.0,6.223027038517216e-08
26266.6666666667,6.216900482981708e-08
26333.3333333333,6.210823157198653e-08
26400.0,6.204794576580295e-08
26466.6666666667,6.198814262678498e-08
26533.3333333333,6.192881743092588e-08
26600.0,6.186996551378825e-08
26666.6666666667,6.181158226961529e-08
26733.3333333333,6.175366315045683e-08
26800.0,6.169620366531049e-08
26866.6666666667,6.163919937927862e-08
26933.3333333333,6.158264591273893e-08
27000.0,6.15265389405296e-08
27066.6666666667,6.147087419114915e-08
27133.3333333333,6.141564744596916e-08
27200.0,6.136085453846079e-08
27266.6666666667,6.130649135343489e-08
27333.3333333333,6.125255382629471e-08
27400.0,6.119903794230112e-08
27466.6666666667,6.114593973585107e-08
27533.3333333333,6.109325528976758e-08
27600.0,6.104098073460169e-08
27666.6666666667,6.098911224794702e-08
27733.3333333333,6.093764605376494e-08
27800.0,6.088657842172128e-08
27866.6666666667,6.083590566653468e-08
27933.3333333333,6.078562414733527e-08
28000.0,6.073573026703392e-08
28066.6666666667,6.068622047170272e-08
28133.3333333333,6.06370912499651e-08
28200.0,6.058833913239593e-08
28266.6666666667,6.053996069093229e-08
28333.3333333333,6.049195253829326e-08
28400.0,6.044431132740923e-08
28466.6666666667,6.039703375086126e-08
28533.3333333333,6.035011654032889e-08
28600.0,6.030355646604703e-08
28666.6666666667,6.025735033627234e-08
28733.3333333333,6.02114949967576e-08
28800.0,6.016598733023464e-08
28866.6666666667,6.012082425590623e-08
28933.3333333333,6.007600272894555e-08
29000.0,6.00315197400038e-08
29066.6666666667,5.998737231472623e-08
29133.3333333333,5.994355751327533e-08
29200.0,5.990007242986175e-08
29266.6666666667,5.985691419228323e-08
29333.3333333333,5.98140799614702e-08
29400.0,5.977156693103882e-08
29466.6666666667,5.972937232685145e-08
29533.3333333333,5.968749340658369e-08
29600.0,5.964592745929809e-08
29666.6666666667,5.96046718050253e-08
29733.3333333333,5.956372379435115e-08
29800.0,5.952308080801019e-08
29866.6666666667,5.948274025648621e-08
29933.3333333333,5.944269957961841e-08
30000.0,5.940295624621374e-08
30066.6666666667,5.936350775366576e-08
30133.3333333333,5.932435162757892e-08
30200.0,5.928548542139865e-08
30266.6666666667,5.924690671604767e-08
30333.3333333333,5.9208613119567446e-08
30400.0,5.917060226676507e-08
30466.6666666667,5.913287181886617e-08
30533.3333333333,5.909541946317257e-08
30600.0,5.905824291272521e-08
30666.6666666667,5.9021339905972704e-08
30733.3333333333,5.8984708206444456e-08
30800.0,5.894834560242873e-08
30866.6666666667,5.89122499066561e-08
30933.3333333333,5.8876418955987224e-08
31000.0,5.884085061110529e-08
31066.6666666667,5.880554275621363e-08
31133.3333333333,5.877049329873737e-08
31200.0,5.8735700169029555e-08
31266.6666666667,5.870116132008219e-08
31333.3333333333,5.866687472724112e-08
31400.0,5.863283838792509e-08
31466.6666666667,5.859905032134959e-08
31533.3333333333,5.856550856825423e-08
31600.0,5.85322111906342e-08
31666.6666666667,5.8499156271476194e-08
31733.3333333333,5.84663419144977e-08
31800.0,5.843376624389023e-08
31866.6666666667,5.840142740406672e-08
31933.3333333333,5.8369323559412215e-08
32000.0,5.8337452894038194e-08
32066.6666666667,5.8305813611540956e-08
32133.3333333333,5.827440393476308e-08
32200.0,5.8243222105558356e-08
32266.6666666667,5.82122663845606e-08
32333.3333333333,5.8181535050955357e-08
32400.0,5.815102640225497e-08
32466.6666666667,5.812073875407723e-08
32533.3333333333,5.809067043992695e-08
32600.0,5.806081981098051e-08
32666.6666666667,5.803118523587409e-08
32733.3333333333,5.8001765100494384e-08
32800.0,5.7972557807772474e-08
32866.6666666667,5.794356177748086e-08
32933.3333333333,5.7914775446033174e-08
33000.0,5.788619726628665e-08
33066.6666666667,5.7857825707347826e-08
33133.3333333333,5.7829659254380607e-08
33200.0,5.780169640841706e-08
33266.6666666667,5.777393568617127e-08
33333.3333333333,5.774637561985543e-08
33400.0,5.77190147569986e-08
33466.6666666667,5.769185166026824e-08
33533.3333333333,5.766488490729403e-08
33600.0,5.7638113090494124e-08
33666.6666666667,5.761153481690415e-08
33733.3333333333,5.7585148708008275e-08
33800.0,5.755895339957267e-08
33866.6666666667,5.753294754148159e-08
33933.3333333333,5.7507129797575386e-08
34000.0,5.7481498845490835e-08
34066.6666666667,5.745605337650394e-08
34133.3333333333,5.743079209537462e-08
34200.0,5.7405713720193564e-08
34266.6666666667,5.738081698223147e-08
34333.3333333333,5.7356100625790105e-08
34400.0,5.733156340805529e-08
34466.6666666666,5.73072040989525e-08
34533.3333333333,5.728302148100358e-08
34600.0,5.72590143491863e-08
34666.6666666666,5.72351815107952e-08
34733.3333333333,5.721152178530449e-08
34800.0,5.7188034004233093e-08
34866.6666666666,5.716471701101119e-08
34933.3333333333,5.714156966084863e-08
35000.0,5.711859082060536e-08
35066.6666666666,5.709577936866337e-08
35133.3333333333,5.707313419480036e-08
35200.0,5.705065420006537e-08
35266.6666666666,5.702833829665585e-08
35333.3333333333,5.700618540779632e-08
35400.0,5.698419446761905e-08
35466.6666666666,5.696236442104593e-08
35533.3333333333,5.6940694223672035e-08
35600.0,5.691918284165097e-08
35666.6666666666,5.689782925158149e-08
35733.3333333333,5.687663244039562e-08
35800.0,5.685559140524857e-08
35866.6666666666,5.68347051534098e-08
35933.3333333333,5.68139727021556e-08
36000.0,5.679339307866329e-08
36066.6666666666,5.677296531990663e-08
36133.3333333333,5.675268847255254e-08
36200.0,5.673256159285952e-08
36266.6666666666,5.6712583746577125e-08
36333.3333333333,5.669275400884674e-08
36400.0,5.6673071464103976e-08
36466.6666666666,5.665353520598204e-08
36533.3333333333,5.663414433721643e-08
36600.0,5.6614897969551086e-08
36666.6666666666,5.659579522364556e-08
36733.3333333333,5.6576835228983355e-08
36800.0,5.655801712378181e-08
36866.6666666666,5.6539340054902786e-08
36933.3333333333,5.652080317776463e-08
37000.0,5.650240565625544e-08
37066.6666666666,5.6484146662647346e-08
37133.3333333333,5.646602537751174e-08
37200.0,5.644804098963602e-08
37266.6666666666,5.643019269594103e-08
37333.3333333333,5.641247970139967e-08
37400.0,5.639490121895678e-08
37466.6666666666,5.6377456469449795e-08
37533.3333333333,5.6360144681530454e-08
37600.0,5.6342965091587756e-08
37666.6666666666,5.6325916943671675e-08
37733.3333333333,5.630899948941785e-08
37800.0,5.629221198797351e-08
37866.6666666666,5.627555370592408e-08
37933.3333333333,5.6259023917220776e-08
38000.0,5.6242621903109345e-08
38066.6666666666,5.622634695205946e-08
38133.3333333333,5.621019835969512e-08
38200.0,5.6194175428726024e-08
38266.6666666666,5.6178277468879774e-08
38333.3333333333,5.616250379683478e-08
38400.0,5.6146853736154385e-08
38466.6666666666,5.6131326617221526e-08
38533.3333333333,5.61159217771743e-08
38600.0,5.610063855984248e-08
38666.6666666666,5.608547631568475e-08
38733.3333333333,5.607043440172662e-08
38800.0,5.605551218149947e-08
38866.6666666666,5.604070902498006e-08
38933.3333333333,5.602602430853085e-08
39000.0,5.6011457414841316e-08
39066.6666666666,5.599700773286979e-08
39133.3333333333,5.598267465778603e-08
39200.0,5.596845759091475e-08
39266.6666666666,5.5954355939679634e-08
39333.3333333333,5.594036911754814e-08
39400.0,5.59264965439771e-08
39466.6666666666,5.591273764435892e-08
39533.3333333333,5.5899091849968395e-08
39600.0,5.588555859791043e-08
39666.6666666666,5.5872137331068253e-08
39733.3333333333,5.585882749805223e-08
39800.0,5.584562855314957e-08
39866.6666666666,5.583253995627449e-08
39933.3333333333,5.581956117291901e-08
40000.0,5.5806691674104496e-08
40066.6666666666,5.579393093633377e-08
40133.3333333333,5.5781278441543695e-08
40200.0,5.576873367705864e-08
40266.6666666666,5.575629613554433e-08
40333.3333333333,5.5743965314962284e-08
40400.0,5.573174071852502e-08
40466.6666666666,5.571962185465164e-08
40533.3333333333,5.5707608236924015e-08
40600.0,5.56956993840437e-08
40666.6666666666,5.5683894819789175e-08
40733.3333333333,5.567219407297375e-08
40800.0,5.566059667740404e-08
40866.6666666666,5.564910217183892e-08
40933.3333333333,5.563771009994898e-08
41000.0,5.562642001027658e-08
41066.6666666666,5.561523145619644e-08
41133.3333333333,5.560414399587651e-08
41200.0,5.559315719223974e-08
41266.6666666666,5.558227061292599e-08
41333.3333333333,5.557148383025456e-08
41400.0,5.556079642118729e-08
41466.6666666666,5.555020796729204e-08
41533.3333333333,5.55397180547066e-08
41600.0,5.5529326274103255e-08
41666.6666666666,5.551903222065365e-08
41733.3333333333,5.550883549399408e-08
41800.0,5.549873569819148e-08
41866.6666666666,5.548873244170957e-08
41933.3333333333,5.547882533737561e-08
42000.0,5.546901400234756e-08
42066.6666666666,5.5459298058081714e-08
42133.3333333333,5.544967713030062e-08
42200.0,5.544015084896162e-08
42266.6666666666,5.5430718848225673e-08
42333.3333333333,5.5421380766426585e-08
42400.0,5.5412136246040794e-08
42466.6666666666,5.540298493365739e-08
42533.3333333333,5.5393926479948604e-08
42600.0,5.538496053964075e-08
42666.6666666666,5.537608677148549e-08
42733.3333333333,5.5367304838231434e-08
42800.0,5.5358614406596305e-08
42866.6666666666,5.535001514723933e-08
42933.3333333333,5.534150673473399e-08
43000.0,5.53330888475413e-08
43066.6666666666,5.532476116798333e-08
43133.3333333333,5.531652338221705e-08
43200.0,5.530837518020871e-08
43266.6666666666,5.5300316255708454e-08
43333.3333333333,5.5292346306225215e-08
43400.0,5.528446503300216e-08
43466.6666666666,5.527667214099234e-08
43533.3333333333,5.5268967338834675e-08
43600.0,5.526135033883039e-08
43666.6666666666,5.525382085691967e-08
43733.3333333333,5.524637861265868e-08
43800.0,5.523902332919698e-08
43866.6666666666,5.523175473325519e-08
43933.3333333333,5.5224572555102965e-08
44000.0,5.5217476528537406e-08
44066.6666666666,5.521046639086166e-08
44133.3333333333,5.520354188286386e-08
44200.0,5.519670274879648e-08
44266.6666666666,5.5189948736355854e-08
44333.3333333333,5.5183279596662057e-08
44400.0,5.517669508423916e-08
44466.6666666666,5.517019495699568e-08
44533.3333333333,5.516377897620534e-08
44600.0,5.5157446906488214e-08
44666.6666666666,5.5151198515792076e-08
44733.3333333333,5.514503357537403e-08
44800.0,5.513895185978253e-08
44866.6666666666,5.513295314683956e-08
44933.3333333333,5.5127037217623136e-08
45000.0,5.512120385645018e-08
45066.6666666666,5.5115452850859544e-08
45133.3333333333,5.510978399159533e-08
45200.0,5.510419707259056e-08
45266.6666666666,5.509869189095107e-08
45333.3333333333,5.5093268246939606e-08
45400.0,5.508792594396033e-08
45466.6666666666,5.5082664788543466e-08
45533.3333333333,5.5077484590330235e-08
45600.0,5.507238516205811e-08
45666.6666666666,5.5067366319546253e-08
45733.3333333333,5.506242788168125e-08
45800.0,5.5057569670403086e-08
45866.6666666666,5.505279151069139e-08
45933.3333333333,5.504809323055188e-08
46000.0,5.5043474661003115e-08
46066.6666666666,5.5038935636063506e-08
46133.3333333333,5.503447599273845e-08
46200.0,5.503009557100787e-08
46266.6666666666,5.5025794213813906e-08
46333.3333333333,5.502157176704881e-08
46400.0,5.50174280795432e-08
46466.6666666666,5.501336300305443e-08
46533.3333333333,5.500937639225526e-08
46600.0,5.5005468104722745e-08
46666.6666666666,5.500163800092737e-08
46733.3333333333,5.499788594422236e-08
46800.0,5.4994211800833316e-08
46866.6666666666,5.499061543984798e-08
46933.3333333333,5.498709673320629e-08
47000.0,5.498365555569063e-08
47066.6666666666,5.498029178491634e-08
47133.3333333333,5.4977005301322384e-08
47200.0,5.497379598816231e-08
47266.6666666666,5.497066373149541e-08
47333.3333333333,5.4967608420178026e-08
47400.0,5.496462994585522e-08
47466.6666666666,5.496172820295252e-08
47533.3333333333,5.495890308866795e-08
47600.0,5.49561545029643e-08
47666.6666666666,5.4953482348561526e-08
47733.3333333333,5.495088653092944e-08
47800.0,5.494836695828057e-08
47866.6666666666,5.4945923541563266e-08
47933.3333333333,5.4943556194454965e-08
48000.0,5.494126483335573e-08
48066.6666666666,5.4939049377381936e-08
48133.3333333333,5.4936909748360185e-08
48200.0,5.493484587082145e-08
48266.6666666666,5.493285767199543e-08
48333.3333333333,5.493094508180504e-08
48400.0,5.492910803286117e-08
48466.6666666666,5.4927346460457656e-08
48533.3333333333,5.49256603025664e-08
48600.0,5.4924049499832754e-08
48666.6666666666,5.492251399557104e-08
48733.3333333333,5.492105373576034e-08
48800.0,5.491966866904042e-08
48866.6666666666,5.491835874670793e-08
48933.3333333333,5.491712392271272e-08
49000.0,5.491596415365441e-08
49066.6666666666,5.491487939877919e-08
49133.3333333333,5.49138696199767e-08
49200.0,5.491293478177724e-08
49266.6666666666,5.49120748513491e-08
49333.3333333333,5.491128979849612e-08
49400.0,5.491057959565541e-08
49466.6666666666,5.4909944217895337e-08
49533.3333333333,5.4909383642913616e-08
49600.0,5.4908897851035697e-08
49666.6666666666,5.490848682521324e-08
49733.3333333333,5.4908150551022903e-08
49800.0,5.4907889016665226e-08
49866.6666666666,5.490770221296376e-08
49933.3333333333,5.4907590133364384e-08
