t,x
0.0,-0.636456
0.001,-0.395227
0.002,-0.566214
0.003,-0.299091
0.004,-0.66528
0.005,-0.360259
0.006,-0.639204
0.007,-0.373159
0.008,-0.280451
0.009,-0.215179
0.01,-0.236487
0.011,-0.371938
0.012,-0.507544
0.013,-0.035802
0.014,-0.384846
0.015,-0.235119
0.016,-0.34689
0.017,-0.597819
0.018,-0.949813
0.019,-0.344568
0.02,-0.274042
0.021,-0.609415
0.022,-0.334016
0.023,-0.435928
0.024,-0.27391
0.025,-0.36415
0.026,-0.33735
0.027,-1.042886
0.028,-0.467796
0.029,-0.634057
0.03,-0.365803
0.031,-0.499248
0.032,-0.428493
0.033,-0.359793
0.034,-0.555444
0.035,-0.805914
0.036,-0.423069
0.037,-0.356067
0.038,-0.625338
0.039,-0.636872
0.04,-0.408956
0.041,-0.747977
0.042,-0.511051
0.043,-0.531369
0.044,-0.479082
0.045,-0.656986
0.046,-0.588155
0.047,-0.766972
0.048,-0.583203
0.049,-0.454482
0.05,-0.120517
0.051,-0.645738
0.052,-0.35784
0.053,-0.29558
0.054,-0.524536
0.055,-0.549587
0.056,-0.216313
0.057,-0.207522
0.058,-0.308118
0.059,-0.556731
0.06,-0.362933
0.061,-0.740689
0.062,-0.545705
0.063,-0.447885
0.064,-0.348279
0.065,-0.560405
0.066,-0.648998
0.067,-0.538225
0.068,-0.278942
0.069,-0.602471
0.07,-0.490176
0.071,-0.470362
0.072,-0.589074
0.073,-0.365771
0.074,-0.256928
0.075,-0.362021
0.076,-0.501807
0.077,-0.642876
0.078,-0.295758
0.079,-0.500663
0.08,-0.365816
0.081,-0.685929
0.082,-0.647356
0.083,-0.669506
0.084,-0.372447
0.085,-0.37291
0.086,-0.389493
0.087,-0.032407
0.088,-0.359957
0.089,-0.631775
0.09,0.020261
0.091,-0.572005
0.092,-0.323082
0.093,-0.301487
0.094,-0.528832
0.095,-0.336053
0.096,-0.446609
0.097,-0.686401
0.098,-0.386279
0.099,-0.556002
0.1,-0.47922
0.101,-0.44359
0.102,-0.460211
0.103,-0.406522
0.104,-0.024513
0.105,-0.576416
0.106,-0.510962
0.107,-0.488112
0.108,-0.684834
0.109,-0.454954
0.11,-0.765555
0.111,-0.593437
0.112,-0.257274
0.113,-0.730213
0.114,-0.404954
0.115,-0.273228
0.116,-0.602435
0.117,-0.73441
0.118,-0.467168
0.119,-0.005742
0.12,-0.435413
0.121,-0.392034
0.122,-0.294304
0.123,-0.634319
0.124,-0.416098
0.125,-0.256349
0.126,-0.296499
0.127,-0.427294
0.128,-0.499675
0.129,-0.235122
0.13,-0.370738
0.131,-0.666917
0.132,-0.580621
0.133,-0.234873
0.134,-0.308497
0.135,-0.546794
0.136,-0.575197
0.137,-0.497908
0.138,-0.584167
0.139,-0.435742
0.14,-0.749712
0.141,-0.389477
0.142,-0.274847
0.143,-0.340064
0.144,-0.38332
0.145,-0.132975
0.146,-0.394999
0.147,-0.662396
0.148,-0.596916
0.149,-0.43446
0.15,-0.766394
0.151,-0.564787
0.152,-0.735865
0.153,-0.53189
0.154,-0.2596
0.155,-0.792832
0.156,-0.306339
0.157,-0.345279
0.158,-0.384899
0.159,-0.618724
0.16,-0.319243
0.161,-0.282077
0.162,-0.645326
0.163,-0.327909
0.164,-0.599531
0.165,-0.547725
0.166,-0.201468
0.167,-0.196644
0.168,-0.633245
0.169,-0.282887
0.17,-0.365507
0.171,-0.440497
0.172,-0.537449
0.173,-0.63598
0.174,-0.950835
0.175,-0.460751
0.176,-0.604953
0.177,-0.503383
0.178,-0.148451
0.179,-0.596208
0.18,-0.482509
0.181,-0.708213
0.182,-0.298034
0.183,-0.497289
0.184,-0.373199
0.185,-0.281277
0.186,-0.357469
0.187,-0.432294
0.188,-0.25284
0.189,-0.405358
0.19,-0.219109
0.191,-0.271521
0.192,-0.324659
0.193,-0.548782
0.194,-0.20699
0.195,-0.600042
0.196,-0.35634
0.197,-0.394459
0.198,-0.832061
0.199,-0.851572
0.2,-0.31833
0.201,-0.622976
0.202,-0.464153
0.203,-0.384154
0.204,-0.604047
0.205,-0.432823
0.206,-0.515428
0.207,-0.651722
0.208,-0.636925
0.209,0.055805
0.21,-0.657538
0.211,-0.412825
0.212,-0.280493
0.213,-0.48853
0.214,-0.200702
0.215,-1.044134
0.216,-0.244461
0.217,-0.413157
0.218,-0.476422
0.219,-0.632072
0.22,-0.099635
0.221,-1.003786
0.222,-0.452253
0.223,-0.405748
0.224,-0.281246
0.225,-0.567393
0.226,-0.215157
0.227,-0.732686
0.228,-0.494836
0.229,-0.271806
0.23,-0.289324
0.231,-0.657098
0.232,-0.568277
0.233,-0.508781
0.234,-0.699639
0.235,-0.441119
0.236,-0.432463
0.237,-0.539353
0.238,-0.184082
0.239,-0.309458
0.24,-0.700893
0.241,-0.127349
0.242,-0.518225
0.243,-0.454008
0.244,-0.453538
0.245,-0.674846
0.246,-0.645737
0.247,-0.250818
0.248,-0.395395
0.249,-0.296503
0.25,-0.525129
0.251,-0.854234
0.252,-0.399239
0.253,-0.417194
0.254,-0.119566
0.255,-0.783043
0.256,-0.445618
0.257,-0.622697
0.258,-0.056396
0.259,-0.283682
0.26,-0.576031
0.261,0.014868
0.262,-0.703732
0.263,-0.441625
0.264,-0.528035
0.265,-0.638929
0.266,-0.245505
0.267,-0.519369
0.268,-0.346922
0.269,-0.381297
0.27,-0.342088
0.271,-0.497003
0.272,-0.356332
0.273,-0.717267
0.274,-0.665726
0.275,-0.184342
0.276,-0.953269
0.277,-0.700394
0.278,-0.476967
0.279,-0.616385
0.28,-0.397921
0.281,-0.335371
0.282,-0.431084
0.283,-0.64041
0.284,-0.135218
0.285,-0.273288
0.286,-0.319127
0.287,-0.611638
0.288,-0.659068
0.289,-0.705979
0.29,-0.525756
0.291,-0.162789
0.292,-0.175495
0.293,-0.183146
0.294,-0.253739
0.295,-0.33098
0.296,-0.556993
0.297,-0.445035
0.298,-0.239076
0.299,-0.768732
0.3,-0.403155
0.301,-0.282887
0.302,-0.649019
0.303,-0.597244
0.304,-0.217264
0.305,-0.726159
0.306,-0.490566
0.307,-0.632677
0.308,-0.813012
0.309,-0.273276
0.31,-0.629131
0.311,-0.434236
0.312,-0.54313
0.313,-0.559318
0.314,-0.089717
0.315,-0.939127
0.316,-0.833271
0.317,-0.766249
0.318,0.024624
0.319,-0.730085
0.32,-0.630858
0.321,-0.170792
0.322,-0.581746
0.323,-0.59172
0.324,-0.413275
0.325,-0.497495
0.326,-0.39651
0.327,-0.360011
0.328,-0.415413
0.329,-0.51775
0.33,-0.398994
0.331,-0.395084
0.332,-0.482194
0.333,-0.426773
0.334,-0.502515
0.335,-0.493287
0.336,-0.531873
0.337,-0.501594
0.338,-0.491157
0.339,-0.500911
0.34,-0.547187
0.341,0.180629
0.342,-0.489368
0.343,-0.479749
0.344,-0.297565
0.345,-0.453225
0.346,-0.337534
0.347,-0.541723
0.348,-0.315198
0.349,-0.194668
0.35,-0.502632
0.351,-0.506497
0.352,-0.485741
0.353,-0.646897
0.354,-0.499533
0.355,-0.283694
0.356,-0.775957
0.357,-0.497116
0.358,-0.443088
0.359,-0.571835
0.36,-0.236235
0.361,-0.337045
0.362,-0.546127
0.363,-0.408135
0.364,-0.60928
0.365,-0.087281
0.366,-0.776494
0.367,-0.187989
0.368,-0.286118
0.369,-0.282887
0.37,-0.490994
0.371,-0.985391
0.372,-0.336694
0.373,-0.715269
0.374,-0.408878
0.375,-0.241515
0.376,-0.185149
0.377,-0.411668
0.378,-0.644642
0.379,-0.30522
0.38,-0.49938
0.381,-0.777837
0.382,-0.51661
0.383,-0.326359
0.384,-0.42651
0.385,-0.559867
0.386,-0.512088
0.387,-0.652051
0.388,-0.562369
0.389,-0.398369
0.39,-0.843193
0.391,-0.827671
0.392,-0.597557
0.393,-0.327673
0.394,-0.266195
0.395,-0.425108
0.396,-0.128143
0.397,-0.117343
0.398,-0.61223
0.399,-0.463875
0.4,0.132285
0.401,-0.434459
0.402,-0.260712
0.403,-0.595684
0.404,-0.340702
0.405,-0.169233
0.406,-0.270105
0.407,-0.527117
0.408,-0.473986
0.409,-0.316115
0.41,-0.540608
0.411,-0.486245
0.412,-0.724363
0.413,-0.284512
0.414,-0.61962
0.415,-0.367307
0.416,-0.553664
0.417,-0.310985
0.418,-0.230983
0.419,-0.572567
0.42,-0.71108
0.421,-0.720686
0.422,-0.222591
0.423,-0.632896
0.424,-0.689796
0.425,-0.175105
0.426,-0.289309
0.427,-0.388781
0.428,-0.640882
0.429,-0.467476
0.43,-0.148543
0.431,-0.186409
0.432,-0.579771
0.433,-0.695199
0.434,-0.462946
0.435,-0.339823
0.436,-0.735805
0.437,-0.776237
0.438,-0.218817
0.439,-0.82717
0.44,-0.744716
0.441,-0.416776
0.442,-0.629353
0.443,-0.304665
0.444,-0.407473
0.445,-0.411552
0.446,-0.265254
0.447,-0.30852
0.448,-0.212029
0.449,-0.362522
0.45,-0.183533
0.451,-0.19599
0.452,-0.32335
0.453,-0.589858
0.454,-0.708283
0.455,-0.467666
0.456,-0.497018
0.457,-0.618699
0.458,-0.740979
0.459,-0.488044
0.46,-0.517843
0.461,-0.397506
0.462,-0.510369
0.463,-0.688608
0.464,-0.578906
0.465,-0.613294
0.466,-0.480701
0.467,-0.332447
0.468,-0.186171
0.469,-0.410714
0.47,-0.53058
0.471,-0.284477
0.472,-0.591134
0.473,-0.744229
0.474,-0.341326
0.475,-0.275575
0.476,-0.386735
0.477,-0.197274
0.478,-0.618417
0.479,-0.230865
0.48,-0.18809
0.481,-0.515102
0.482,-0.441839
0.483,-0.071597
0.484,-0.664944
0.485,-0.639957
0.486,-0.456762
0.487,-0.462442
0.488,-0.051326
0.489,-0.387148
0.49,-0.507084
0.491,-0.407634
0.492,-0.258644
0.493,-0.326596
0.494,-0.258817
0.495,0.006582
0.496,-0.527047
0.497,-0.237071
0.498,-0.046568
0.499,-0.290003
0.5,0.050866
0.501,-0.304661
0.502,-0.336778
0.503,-0.275571
0.504,-0.591449
0.505,-0.703923
0.506,-0.75139
0.507,-0.381282
0.508,-0.626641
0.509,-0.218396
0.51,-0.504482
0.511,-0.566396
0.512,-0.589879
0.513,-0.29411
0.514,-0.175249
0.515,-0.778578
0.516,-0.274161
0.517,-0.617353
0.518,-0.045155
0.519,-0.216048
0.52,-0.537604
0.521,-0.350373
0.522,-0.243265
0.523,-0.454035
0.524,-0.609519
0.525,-0.37144
0.526,-0.165098
0.527,-0.488592
0.528,-0.439105
0.529,-0.652503
0.53,-0.311357
0.531,-0.907761
0.532,-0.346546
0.533,-0.335327
0.534,-0.554582
0.535,-0.583082
0.536,-0.559257
0.537,-0.274014
0.538,-0.440242
0.539,-0.549749
0.54,-0.442433
0.541,-0.232278
0.542,-0.339296
0.543,-0.611188
0.544,-0.422314
0.545,-0.2478
0.546,-0.471246
0.547,-0.489656
0.548,-0.679488
0.549,-0.535989
0.55,-0.414461
0.551,-0.761086
0.552,-0.581031
0.553,-0.196003
0.554,-0.509549
0.555,-0.624526
0.556,-0.290908
0.557,-0.327153
0.558,-0.527776
0.559,-0.236257
0.56,-0.540541
0.561,-0.634173
0.562,-0.477418
0.5630000000000001,-0.792086
0.5640000000000001,-0.350013
0.5650000000000001,0.071716
0.5660000000000001,-0.167312
0.5670000000000001,0.057149
0.5680000000000001,-0.350229
0.5690000000000001,-0.408521
0.5700000000000001,-0.526009
0.5710000000000001,-0.402687
0.5720000000000001,0.055685
0.5730000000000001,-0.219586
0.5740000000000001,-0.561297
0.5750000000000001,-0.523822
0.5760000000000001,-0.437464
0.5770000000000001,-0.380496
0.5780000000000001,-0.474983
0.5790000000000001,-0.63871
0.5800000000000001,-0.438499
0.5810000000000001,-0.56043
0.5820000000000001,-0.558864
0.5830000000000001,-0.784019
0.5840000000000001,-0.696334
0.5850000000000001,-0.236452
0.5860000000000001,-0.207939
0.5870000000000001,-0.539732
0.5880000000000001,-0.193347
0.5890000000000001,-0.298122
0.5900000000000001,-0.247034
0.5910000000000001,-0.307424
0.5920000000000001,-0.214934
0.5930000000000001,-0.513146
0.5940000000000001,-0.106781
0.5950000000000001,-0.235706
0.5960000000000001,-0.583553
0.5970000000000001,-0.575299
0.5980000000000001,-0.373257
0.5990000000000001,-0.650861
0.6000000000000001,-0.438824
0.6010000000000001,-0.416584
0.6020000000000001,-0.486919
0.6030000000000001,-0.032168
0.6040000000000001,-0.5416
0.6050000000000001,-0.398056
0.6060000000000001,-0.248335
0.6070000000000001,-0.30878
0.6080000000000001,-0.244703
0.6090000000000001,-0.120631
0.6100000000000001,-0.641647
0.6110000000000001,-0.199861
0.6120000000000001,-0.105662
0.6130000000000001,-0.634049
0.6140000000000001,-0.635077
0.6150000000000001,-0.541145
0.6160000000000001,-0.506466
0.6170000000000001,-0.706206
0.6180000000000001,-0.432412
0.6190000000000001,-0.620735
0.62,-0.787251
0.621,-0.439975
0.622,-0.659871
0.623,-0.142963
0.624,-0.579717
0.625,-0.456396
0.626,-0.33076
0.627,-0.255169
0.628,-0.672783
0.629,-0.543762
0.63,-0.520594
0.631,-0.589432
0.632,-0.157967
0.633,-0.505086
0.634,-0.504547
0.635,-0.348158
0.636,-0.5953
0.637,-0.539953
0.638,-0.354622
0.639,-0.616332
0.64,-0.485088
0.641,-0.323728
0.642,-0.38877
0.643,-0.377955
0.644,-0.342964
0.645,-0.164604
0.646,-0.34265
0.647,-0.55849
0.648,-0.767929
0.649,-0.642889
0.65,-0.604248
0.651,-0.320946
0.652,-0.406781
0.653,-0.596015
0.654,-0.48911
0.655,-0.337136
0.656,-0.739683
0.657,-0.202813
0.658,-0.387661
0.659,-0.732306
0.66,-0.504689
0.661,-0.320161
0.662,-0.310341
0.663,-0.473291
0.664,-0.415002
0.665,-0.19307
0.666,-0.270676
0.667,-0.051499
0.668,-0.76822
0.669,-0.80394
0.67,-0.248575
0.671,-0.691915
0.672,-0.421503
0.673,-0.372591
0.674,-0.418413
0.675,-0.577274
0.676,-0.423351
0.677,-0.599832
0.678,-0.368271
0.679,-0.518093
0.68,-0.462783
0.681,-0.4933
0.682,-0.35558
0.683,-0.615626
0.684,-0.45908
0.685,-0.703218
0.686,-0.69447
0.687,-0.700476
0.6880000000000001,-0.562741
0.6890000000000001,-0.821436
0.6900000000000001,-0.49574
0.6910000000000001,-0.521608
0.6920000000000001,-0.404264
0.6930000000000001,-0.288483
0.6940000000000001,-0.612255
0.6950000000000001,-0.676971
0.6960000000000001,-0.397198
0.6970000000000001,-0.746703
0.6980000000000001,-0.358123
0.6990000000000001,-0.302816
0.7000000000000001,-0.183414
0.7010000000000001,-0.06299
0.7020000000000001,-0.570304
0.7030000000000001,-0.480321
0.7040000000000001,-0.325705
0.7050000000000001,-0.462388
0.7060000000000001,-0.069717
0.7070000000000001,-0.359381
0.7080000000000001,-0.282888
0.7090000000000001,-0.380725
0.7100000000000001,-0.380502
0.7110000000000001,-0.277262
0.7120000000000001,-0.445421
0.7130000000000001,-0.731384
0.7140000000000001,-0.518458
0.7150000000000001,-0.434837
0.7160000000000001,-0.770807
0.7170000000000001,-0.645142
0.7180000000000001,-0.186786
0.7190000000000001,-0.603857
0.7200000000000001,-0.576804
0.7210000000000001,-0.303102
0.7220000000000001,-0.529727
0.7230000000000001,-0.185365
0.7240000000000001,-0.440403
0.7250000000000001,-0.318432
0.7260000000000001,-0.26089
0.7270000000000001,-0.472199
0.7280000000000001,-0.553068
0.7290000000000001,-0.185608
0.7300000000000001,-0.129336
0.7310000000000001,-0.321155
0.7320000000000001,-0.353012
0.7330000000000001,-0.339373
0.7340000000000001,-0.421742
0.7350000000000001,-0.323803
0.7360000000000001,-0.724499
0.7370000000000001,-0.442871
0.7380000000000001,-0.874682
0.7390000000000001,-0.510098
0.7400000000000001,-0.484872
0.7410000000000001,-0.389739
0.7420000000000001,-0.429856
0.7430000000000001,-0.223716
0.7440000000000001,-0.50806
0.7450000000000001,-0.469553
0.7460000000000001,-0.486701
0.7470000000000001,-0.637482
0.7480000000000001,-0.421257
0.7490000000000001,-0.137807
0.7500000000000001,0.093349
0.7510000000000001,-0.367223
0.7520000000000001,-0.5526
0.7530000000000001,-0.553072
0.7540000000000001,-0.578864
0.7550000000000001,-0.676815
0.7560000000000001,-0.473091
0.7570000000000001,-0.439383
0.758,-0.327403
0.759,-0.429235
0.76,-0.215426
0.761,-0.464815
0.762,-0.637476
0.763,-0.548296
0.764,-0.49503
0.765,-0.392686
0.766,-0.43514
0.767,-0.673276
0.768,-0.673058
0.769,-0.400686
0.77,-0.587124
0.771,-0.690416
0.772,-0.153732
0.773,-0.327778
0.774,-0.251288
0.775,-0.26832
0.776,-0.146342
0.777,-0.481494
0.778,-0.684033
0.779,-0.656512
0.78,-0.748503
0.781,-0.436777
0.782,-0.146612
0.783,-0.261243
0.784,-0.321027
0.785,-0.172794
0.786,-0.508826
0.787,-0.597301
0.788,-0.685401
0.789,-0.412768
0.79,-0.458267
0.791,-0.550078
0.792,-0.295192
0.793,-0.396562
0.794,-0.474549
0.795,-0.197341
0.796,-0.149615
0.797,-0.200765
0.798,-0.482215
0.799,-0.596537
0.8,-0.258146
0.801,-0.348197
0.802,-0.29913
0.803,-0.670566
0.804,-0.549425
0.805,-0.26761
0.806,-0.717789
0.807,-0.36351
0.808,-0.416754
0.809,-0.399493
0.81,-0.499421
0.811,-0.470134
0.812,-0.469626
0.8130000000000001,-0.491658
0.8140000000000001,-0.391147
0.8150000000000001,-0.417803
0.8160000000000001,-0.28209
0.8170000000000001,-0.283689
0.8180000000000001,-0.367436
0.8190000000000001,-0.183355
0.8200000000000001,-0.576537
0.8210000000000001,-0.424814
0.8220000000000001,-0.107055
0.8230000000000001,-0.533587
0.8240000000000001,-0.375621
0.8250000000000001,-0.640675
0.8260000000000001,-0.438579
0.8270000000000001,-0.632128
0.8280000000000001,-0.523995
0.8290000000000001,-0.531913
0.8300000000000001,-0.443107
0.8310000000000001,-0.470838
0.8320000000000001,-0.119624
0.8330000000000001,-0.396043
0.8340000000000001,-0.120542
0.8350000000000001,-0.390861
0.8360000000000001,-0.105498
0.8370000000000001,-0.439146
0.8380000000000001,-0.387815
0.8390000000000001,-0.59221
0.8400000000000001,-0.761729
0.8410000000000001,-0.269964
0.8420000000000001,-0.805246
0.8430000000000001,-0.583694
0.8440000000000001,0.094438
0.8450000000000001,-0.45307
0.8460000000000001,-0.630805
0.8470000000000001,-0.488104
0.8480000000000001,-0.905351
0.8490000000000001,-0.372255
0.8500000000000001,-0.475112
0.8510000000000001,-0.307837
0.8520000000000001,-0.951638
0.8530000000000001,-0.266865
0.8540000000000001,-0.440236
0.8550000000000001,-0.832061
0.8560000000000001,-0.21124
0.8570000000000001,-0.362052
0.8580000000000001,-0.065655
0.8590000000000001,-0.502621
0.8600000000000001,-0.143506
0.8610000000000001,-0.330305
0.8620000000000001,-0.251169
0.8630000000000001,-0.583118
0.8640000000000001,-0.379507
0.8650000000000001,-0.387494
0.8660000000000001,-0.118147
0.8670000000000001,-0.435394
0.8680000000000001,-0.417796
0.8690000000000001,-0.495416
0.8700000000000001,-0.3022
0.8710000000000001,-0.553979
0.8720000000000001,-0.394358
0.8730000000000001,-0.616088
0.8740000000000001,-0.523472
0.8750000000000001,-0.426031
0.8760000000000001,-0.63475
0.8770000000000001,-0.949198
0.8780000000000001,-0.403218
0.8790000000000001,-0.366177
0.8800000000000001,-0.559846
0.8810000000000001,-0.483969
0.8820000000000001,-0.123685
0.8830000000000001,-0.153142
0.8840000000000001,-0.618319
0.8850000000000001,-0.291645
0.8860000000000001,-0.490503
0.8870000000000001,-0.224725
0.8880000000000001,-0.274846
0.8890000000000001,-0.443104
0.8900000000000001,-0.287833
0.8910000000000001,-0.222196
0.8920000000000001,-0.48866
0.8930000000000001,-0.227624
0.8940000000000001,-0.33895
0.895,0.040775
0.896,-0.395719
0.897,-0.374533
0.898,-0.204178
0.899,0.053673
0.9,-0.555689
0.901,-0.445677
0.902,-0.426031
0.903,-0.420584
0.904,-0.558517
0.905,-0.680821
0.906,-0.22713
0.907,-0.311146
0.908,-0.552881
0.909,-0.506305
0.91,-0.320871
0.911,-0.457831
0.912,-0.321842
0.913,-0.655342
0.914,-0.221082
0.915,-0.126487
0.916,-0.426838
0.917,-0.634808
0.918,-0.411194
0.919,-0.484546
0.92,-0.370565
0.921,-0.158553
0.922,-0.084585
0.923,-0.313049
0.924,-0.458328
0.925,-0.254823
0.926,-0.298412
0.927,-0.364413
0.928,-0.587768
0.929,-0.635974
0.93,-0.34486
0.931,-0.228711
0.932,-0.657625
0.933,-0.511122
0.934,-0.15008
0.935,-0.501843
0.936,-0.454645
0.937,-0.255134
0.938,-0.529508
0.939,-0.463124
0.94,-0.416487
0.941,-0.30535
0.942,-0.262607
0.943,-0.347364
0.944,0.037037
0.945,-0.205957
0.946,-0.265872
0.947,-0.088624
0.948,-0.324678
0.949,-0.249432
0.95,-0.684151
0.951,-0.482272
0.952,-0.285282
0.953,-0.20303
0.954,-0.384054
0.955,-0.290973
0.956,-0.419436
0.957,-0.383181
0.958,-0.520618
0.959,-0.242064
0.96,-0.836012
0.961,-0.327095
0.962,-0.105336
0.963,-0.314137
0.964,-0.265397
0.965,-0.356509
0.966,-0.141345
0.967,-0.199075
0.968,-0.581028
0.969,-0.435735
0.97,-0.617536
0.971,-0.399128
0.972,-0.436211
0.973,-0.665142
0.974,-0.272214
0.975,-0.347433
0.976,-0.474212
0.977,-0.236452
0.978,-0.644062
0.979,-0.061037
0.98,-0.244773
0.981,-0.215189
0.982,-0.139825
0.983,-0.317344
0.984,-0.18995
0.985,-0.389934
0.986,-0.321671
0.987,-0.125681
0.988,-0.396677
0.989,-0.594577
0.99,-0.321374
0.991,-0.201574
0.992,-0.25601
0.993,-0.113171
0.994,-0.61502
0.995,-0.519721
0.996,-0.443639
0.997,-0.658467
0.998,-0.546514
0.999,-0.698254
1.0,-0.378916
1.001,-0.144823
1.002,-0.610375
1.003,-0.212272
1.004,-0.492092
1.005,-0.669621
1.006,-0.270942
1.007,-0.787442
1.008,-0.11242
1.009,0.122969
1.01,-0.334031
1.011,-0.324175
1.012,-0.427381
1.013,-0.34481
1.014,-0.383489
1.015,-0.670579
1.016,-0.926939
1.017,-0.894389
1.018,-0.503757
1.019,-0.597434
1.02,-0.587379
1.021,-0.454696
1.022,-0.273226
1.023,-0.591515
1.024,-0.522964
1.025,-0.359875
1.026,-0.368996
1.027,-0.005898
1.028,-0.435999
1.029,-0.343585
1.03,-0.507987
1.031,-0.450906
1.032,-0.531473
1.033,-0.511623
1.034,-0.660516
1.035,-0.355141
1.036,-0.336005
1.037,-0.915858
1.038,-0.462415
1.039,-0.351885
1.04,-0.220525
1.041,-0.670062
1.042,-0.393939
1.043,-0.312627
1.044,-0.972527
1.0450000000000002,-0.188648
1.046,-0.320105
1.0470000000000002,-0.519595
1.048,-0.209174
1.0490000000000002,-0.574692
1.05,-0.413735
1.0510000000000002,-0.35984
1.052,-0.192743
1.0530000000000002,-0.166333
1.054,-0.462612
1.0550000000000002,-0.541052
1.056,-0.583982
1.0570000000000002,-0.691969
1.058,0.344901
1.0590000000000002,-0.555837
1.06,-0.251278
1.0610000000000002,-0.386309
1.062,-0.319002
1.0630000000000002,-0.2245
1.064,-0.359236
1.0650000000000002,-0.187341
1.066,-0.385903
1.0670000000000002,-0.297995
1.068,-0.475961
1.0690000000000002,-0.46406
1.07,-0.387052
1.0710000000000002,-0.342348
1.072,-0.508968
1.0730000000000002,-0.66608
1.074,-0.421461
1.0750000000000002,-0.386824
1.076,-0.120258
1.0770000000000002,-0.022261
1.078,-0.229003
1.0790000000000002,-0.001268
1.08,-0.363449
1.0810000000000002,-0.637911
1.082,-0.034284
1.0830000000000002,0.071604
1.084,-0.346286
1.0850000000000002,-0.152624
1.086,-0.235807
1.0870000000000002,-0.426906
1.088,-0.27177
1.0890000000000002,-0.644198
1.09,-0.491418
1.0910000000000002,-0.540935
1.092,-0.694171
1.0930000000000002,-0.439669
1.094,-0.655741
1.0950000000000002,-0.32112
1.096,-0.386589
1.0970000000000002,-0.049608
1.098,-0.417776
1.0990000000000002,-0.28849
1.1,-0.566525
1.1010000000000002,-0.400569
1.102,-0.196214
1.103,-0.350096
1.104,-0.218856
1.105,-0.248952
1.106,0.118337
1.107,-0.117824
1.108,-0.387577
1.109,-0.484689
1.11,-0.046301
1.111,-0.226413
1.112,-0.296599
1.113,-0.335973
1.114,-0.335942
1.115,-0.4495
1.116,-0.475656
1.117,-0.321765
1.118,-0.198559
1.119,-0.451084
1.12,-0.48967
1.121,-0.300672
1.122,-0.379812
1.123,-0.204129
1.124,-0.321754
1.125,-0.637314
1.126,-0.098286
1.127,-0.176214
1.128,-0.395941
1.129,-0.246684
1.13,-0.250672
1.131,-0.205667
1.132,-0.228481
1.133,-0.377766
1.134,-0.269904
1.135,-0.250677
1.136,-0.302477
1.137,-0.224093
1.138,-0.372623
1.139,-0.308589
1.14,-0.425224
1.141,-0.410808
1.142,-0.356088
1.143,-0.106488
1.144,-0.598665
1.145,-0.608971
1.146,-0.566014
1.147,-0.033046
1.148,-0.168148
1.149,-0.513885
1.15,-0.483377
1.151,-0.419306
1.152,-0.757021
1.153,-0.406982
1.154,-0.427272
1.155,-0.188562
1.156,-0.180151
1.157,-0.171563
1.158,-0.185109
1.159,-0.463664
1.16,-0.373103
1.161,-0.290111
1.162,-0.653219
1.163,-0.677183
1.164,-0.418267
1.165,-0.255233
1.166,-0.462087
1.167,-0.834189
1.168,-0.675381
1.169,-0.55388
1.1700000000000002,-0.572772
1.171,-0.396441
1.1720000000000002,-0.207415
1.173,-0.384471
1.1740000000000002,-0.385395
1.175,-0.328013
1.1760000000000002,-0.223774
1.177,-0.746278
1.1780000000000002,-0.507306
1.179,-0.48323
1.1800000000000002,-0.409503
1.181,-0.529796
1.1820000000000002,-0.073368
1.183,-0.161865
1.1840000000000002,-0.588652
1.185,-0.031277
1.1860000000000002,-0.484572
1.187,-0.287718
1.1880000000000002,-0.051326
1.189,-0.765733
1.1900000000000002,-0.55369
1.191,-0.479481
1.1920000000000002,-0.143236
1.193,-0.56704
1.1940000000000002,-0.529871
1.195,-0.276415
1.1960000000000002,-0.64029
1.197,-0.306216
1.1980000000000002,-0.19767
1.199,-0.444687
1.2000000000000002,-0.478085
1.201,-0.155177
1.2020000000000002,-0.436292
1.203,-0.656058
1.2040000000000002,-0.383849
1.205,-0.339443
1.2060000000000002,-0.57144
1.207,-0.738704
1.2080000000000002,-0.035056
1.209,-0.277314
1.2100000000000002,-0.302897
1.211,-0.447796
1.2120000000000002,-0.32628
1.213,-0.376101
1.2140000000000002,-0.308432
1.215,-0.349885
1.2160000000000002,-0.349152
1.217,-0.13469
1.2180000000000002,-0.79
1.219,-0.394425
1.2200000000000002,-0.135437
1.221,-0.516456
1.2220000000000002,-0.278889
1.223,-0.538597
1.2240000000000002,-0.108977
1.225,-0.19066
1.2260000000000002,-0.450382
1.227,-0.478843
1.2280000000000002,-0.614813
1.229,0.101688
1.2300000000000002,-0.4923
1.231,-0.376424
1.2320000000000002,-0.020704
1.233,-0.49057
1.2340000000000002,-0.281271
1.235,-0.549668
1.2360000000000002,-0.181343
1.237,-0.298239
1.2380000000000002,-0.460135
1.239,-0.507448
1.24,-0.71661
1.241,-0.241622
1.242,-0.2636
1.243,-0.547482
1.244,0.004294
1.245,0.04274
1.246,-0.429249
1.247,-0.396166
1.248,-0.438965
1.249,-0.32265
1.25,-0.099465
1.251,-0.687493
1.252,-0.160939
1.253,-0.371733
1.254,-0.249381
1.255,-0.336621
1.256,-0.375834
1.257,-0.674695
1.258,-0.206306
1.259,-0.001183
1.26,-0.486321
1.261,-0.104767
1.262,-0.793874
1.263,-0.361303
1.264,-0.234108
1.265,-0.563346
1.266,-0.745
1.267,-0.531954
1.268,-0.201075
1.269,-0.129272
1.27,-0.369994
1.271,0.011556
1.272,-0.791428
1.273,-0.24257
1.274,-0.385903
1.275,-0.379727
1.276,-0.29349
1.277,-0.383443
1.278,-0.581433
1.279,-0.186018
1.28,-0.578638
1.281,-0.604168
1.282,-0.428228
1.283,-0.383503
1.284,-0.232541
1.285,-0.419809
1.286,-0.2006
1.287,-0.036477
1.288,-0.234779
1.289,-0.211277
1.29,-0.398144
1.291,-0.132022
1.292,-0.37494
1.293,-0.244119
1.294,-0.289301
1.2950000000000002,-1.057403
1.296,-0.62619
1.2970000000000002,-0.377796
1.298,-0.207238
1.2990000000000002,-0.319283
1.3,-0.19201
1.3010000000000002,-0.19558
1.302,-0.436315
1.3030000000000002,-0.488685
1.304,-0.330782
1.3050000000000002,-0.36485
1.306,-0.433464
1.3070000000000002,-0.659083
1.308,-0.031818
1.3090000000000002,-0.489157
1.31,-0.444614
1.3110000000000002,-0.40161
1.312,-0.302145
1.3130000000000002,-0.502881
1.314,-0.598307
1.3150000000000002,-0.707567
1.316,-0.134385
1.3170000000000002,-0.586086
1.318,-0.552784
1.3190000000000002,-0.344473
1.32,-0.533987
1.3210000000000002,-0.140574
1.322,-0.087873
1.3230000000000002,-0.470593
1.324,-0.430498
1.3250000000000002,-0.329242
1.326,-0.563178
1.3270000000000002,-0.439202
1.328,-0.398521
1.3290000000000002,-0.42048
1.33,-0.296432
1.3310000000000002,-0.381591
1.332,-0.488743
1.3330000000000002,-0.121619
1.334,-0.55247
1.3350000000000002,-0.335621
1.336,-0.40225
1.3370000000000002,-0.607741
1.338,-0.017722
1.3390000000000002,-0.202051
1.34,-0.457091
1.3410000000000002,-0.542798
1.342,-0.532265
1.3430000000000002,-0.836316
1.344,-0.590435
1.3450000000000002,-0.021986
1.346,-0.706039
1.3470000000000002,-0.684959
1.348,-0.792745
1.3490000000000002,-0.519088
1.35,-0.353483
1.3510000000000002,-0.442423
1.352,-0.454746
1.3530000000000002,-0.312921
1.354,-0.509513
1.3550000000000002,-0.266633
1.356,-0.49174
1.3570000000000002,0.004845
1.358,-0.055983
1.3590000000000002,-0.857083
1.36,-0.448028
1.3610000000000002,-0.16103
1.362,-0.431872
1.3630000000000002,-0.369649
1.364,-0.257848
1.3650000000000002,-0.560083
1.366,-0.564525
1.3670000000000002,-0.545648
1.368,-0.426684
1.3690000000000002,-0.391536
1.37,-0.308898
1.3710000000000002,-0.457524
1.372,-0.499599
1.3730000000000002,-0.247351
1.374,-0.097065
1.3750000000000002,-0.331708
1.376,-0.616995
1.377,-0.688144
1.378,-0.313679
1.379,-0.29962
1.38,-0.42937
1.381,-0.548451
1.382,-0.468494
1.383,-0.071313
1.384,-0.104623
1.385,-0.335173
1.386,-0.72671
1.387,-0.141789
1.388,-0.352538
1.389,-0.602549
1.39,-0.569056
1.391,-0.550324
1.392,-0.264968
1.393,0.061598
1.394,-0.204827
1.395,-0.0974
1.396,-0.251341
1.397,-0.298188
1.398,-0.4571
1.399,-0.400403
1.4,-0.498434
1.401,-0.552765
1.402,-0.465385
1.403,-0.530865
1.404,-0.408133
1.405,-0.611488
1.406,-0.018865
1.407,-0.409968
1.408,-0.661143
1.409,-0.472745
1.41,-0.039024
1.411,-0.438571
1.412,-0.649422
1.413,-0.637747
1.414,-0.317359
1.415,-0.256676
1.416,-0.118588
1.417,-0.450255
1.418,-0.355996
1.419,-0.425108
1.4200000000000002,-0.608673
1.421,-0.694297
1.4220000000000002,-0.457162
1.423,-0.017115
1.4240000000000002,-0.507363
1.425,-0.652755
1.4260000000000002,-0.123493
1.427,-0.646304
1.4280000000000002,-0.623747
1.429,-0.426299
1.4300000000000002,-0.529591
1.431,-0.62802
1.4320000000000002,-0.343889
1.433,-0.283686
1.4340000000000002,-0.526505
1.435,-0.461498
1.4360000000000002,-0.754678
1.437,-0.531746
1.4380000000000002,-0.305863
1.439,-0.544199
1.4400000000000002,-0.610708
1.441,-0.452443
1.4420000000000002,-0.395889
1.443,-0.404896
1.4440000000000002,-0.361803
1.445,-0.003135
1.4460000000000002,0.104661
1.447,-0.188605
1.4480000000000002,-0.414847
1.449,-0.480583
1.4500000000000002,-0.5285
1.451,-0.404769
1.4520000000000002,-0.513781
1.453,-0.349954
1.4540000000000002,-0.29895
1.455,-0.351864
1.4560000000000002,0.099998
1.457,-0.495964
1.4580000000000002,-0.314115
1.459,-0.257106
1.4600000000000002,-0.29758
1.461,-0.573873
1.4620000000000002,-0.606105
1.463,-0.836989
1.4640000000000002,-0.423562
1.465,-0.775581
1.4660000000000002,-0.670168
1.467,-0.478459
1.4680000000000002,-0.481394
1.469,-0.602583
1.4700000000000002,-0.271719
1.471,-0.179063
1.4720000000000002,-0.394569
1.473,-0.147201
1.4740000000000002,-0.520431
1.475,-0.286141
1.4760000000000002,-0.414619
1.477,0.011257
1.4780000000000002,-0.676645
1.479,-0.319073
1.4800000000000002,-0.426096
1.481,-0.594064
1.4820000000000002,-0.844252
1.483,-0.263837
1.4840000000000002,-0.770796
1.485,-0.455651
1.4860000000000002,-0.198911
1.487,-0.486554
1.4880000000000002,-0.763787
1.489,-0.513051
1.4900000000000002,-0.782427
1.491,-0.312036
1.4920000000000002,-0.557624
1.493,-0.287684
1.4940000000000002,-0.27414
1.495,-0.500595
1.4960000000000002,-0.574827
1.497,-0.275676
1.4980000000000002,-0.605043
1.499,-0.364403
1.5000000000000002,-0.720645
1.501,-0.397788
1.5020000000000002,-0.674889
1.503,-0.171631
1.5040000000000002,-0.598847
1.505,-0.237646
1.5060000000000002,-0.442676
1.507,-0.416447
1.5080000000000002,-0.804975
1.509,-0.436488
1.5100000000000002,-0.74737
1.511,-0.545961
1.5120000000000002,-0.867931
1.513,-0.951757
1.5140000000000002,-0.524651
1.515,-0.491597
1.516,-0.044726
1.517,-0.312001
1.518,-0.426407
1.519,-0.537449
1.52,-0.326783
1.521,-0.720502
1.522,-0.233735
1.523,-0.661081
1.524,-0.51031
1.525,-0.92966
1.526,-0.908219
1.527,-0.579569
1.528,-0.596785
1.529,-0.709163
1.53,-0.417155
1.531,-0.505022
1.532,-0.500189
1.533,-0.05896
1.534,-0.693352
1.535,-0.398558
1.536,-0.432195
1.537,-0.252283
1.538,-0.430906
1.539,-0.729001
1.54,-0.279641
1.541,-0.57072
1.542,-0.827848
1.543,-0.115116
1.544,-0.309741
1.5450000000000002,-0.466777
1.546,-0.488846
1.5470000000000002,-0.808706
1.548,-0.57264
1.5490000000000002,-0.624472
1.55,-0.248341
1.5510000000000002,-0.43055
1.552,-0.395511
1.5530000000000002,-0.457473
1.554,-0.42838
1.5550000000000002,-0.523363
1.556,-0.376016
1.5570000000000002,-0.437749
1.558,-0.460903
1.5590000000000002,-0.246507
1.56,-0.330702
1.5610000000000002,-0.497004
1.562,-0.346564
1.5630000000000002,-0.631492
1.564,-0.319051
1.5650000000000002,-0.290066
1.566,-0.315925
1.5670000000000002,-0.365268
1.568,-0.720956
1.5690000000000002,-0.419597
1.57,-0.418623
1.5710000000000002,-0.072581
1.572,-0.578455
1.5730000000000002,-0.132253
1.574,-0.318716
1.5750000000000002,-0.521061
1.576,-0.137883
1.5770000000000002,-0.489781
1.578,-0.34804
1.5790000000000002,-0.554652
1.58,-0.530201
1.5810000000000002,-0.302611
1.582,-0.496532
1.5830000000000002,-0.537675
1.584,-0.493395
1.5850000000000002,-0.093464
1.586,-0.493283
1.5870000000000002,-0.599306
1.588,-0.319808
1.5890000000000002,-0.480799
1.59,-0.444032
1.5910000000000002,-0.167292
1.592,-0.331703
1.5930000000000002,-0.613516
1.594,-0.184342
1.5950000000000002,-0.347315
1.596,-0.424141
1.5970000000000002,-0.403726
1.598,-0.412178
1.5990000000000002,-0.540444
1.6,-0.543842
1.6010000000000002,-0.142081
1.602,-0.759209
1.6030000000000002,-0.399475
1.604,-0.323656
1.6050000000000002,-0.258633
1.606,-0.306769
1.6070000000000002,-0.227189
1.608,-0.251229
1.6090000000000002,-0.35288
1.61,-0.501014
1.6110000000000002,-0.666638
1.612,-0.654529
1.6130000000000002,-0.4915
1.614,-0.853887
1.6150000000000002,-0.654902
1.616,-0.444102
1.6170000000000002,-0.687917
1.618,-0.564216
1.6190000000000002,-0.623343
1.62,-0.579622
1.6210000000000002,-0.565052
1.622,-0.509529
1.6230000000000002,-0.658685
1.624,-0.480805
1.6250000000000002,-0.36475
1.626,-0.031078
1.6270000000000002,-0.35728
1.628,-0.616738
1.6290000000000002,-0.308554
1.63,-0.296597
1.6310000000000002,-0.645466
1.632,-0.376016
1.6330000000000002,-0.302801
1.634,-0.50405
1.6350000000000002,-0.041234
1.636,-0.361385
1.6370000000000002,-0.734158
1.638,-0.125614
1.6390000000000002,-0.487609
1.64,-0.351309
1.6410000000000002,-0.449374
1.642,-0.23128
1.6430000000000002,-0.166138
1.644,0.04503
1.6450000000000002,-0.299858
1.646,-0.303769
1.6470000000000002,-0.638933
1.648,-0.625659
1.6490000000000002,-0.693287
1.65,-0.550502
1.6510000000000002,-0.321064
1.652,-0.209144
1.653,-0.602387
1.654,-0.566799
1.655,-0.228323
1.656,-0.490962
1.657,-0.25488
1.658,-0.224062
1.659,-0.526362
1.66,-0.335064
1.661,-0.422262
1.662,-0.641223
1.663,-0.515879
1.664,-0.418966
1.665,-0.494816
1.666,-0.196264
1.667,-0.53482
1.668,-0.090249
1.669,-0.348623
1.6700000000000002,-0.408173
1.671,-0.379237
1.6720000000000002,-0.421585
1.673,-0.107335
1.6740000000000002,-0.177611
1.675,-0.548538
1.6760000000000002,-0.244831
1.677,-0.31738
1.6780000000000002,-0.816711
1.679,-0.208508
1.6800000000000002,-0.237158
1.681,-0.437996
1.6820000000000002,-0.524543
1.683,-0.149159
1.6840000000000002,-0.338325
1.685,-0.203233
1.6860000000000002,-0.215663
1.687,-0.825663
1.6880000000000002,-0.084306
1.689,-0.197887
1.6900000000000002,-0.327628
1.691,-0.667667
1.6920000000000002,-0.512621
1.693,-0.414862
1.6940000000000002,-0.02309
1.695,-0.421789
1.6960000000000002,-0.229715
1.697,-0.546695
1.6980000000000002,-0.510517
1.699,-0.501801
1.7000000000000002,-0.564925
1.701,-0.570169
1.7020000000000002,-0.523574
1.703,-0.514798
1.7040000000000002,-0.460775
1.705,-0.448676
1.7060000000000002,-0.499547
1.707,-0.154351
1.7080000000000002,-0.547533
1.709,-0.472532
1.7100000000000002,-0.576045
1.711,-0.454795
1.7120000000000002,-0.622755
1.713,-0.741575
1.7140000000000002,-0.656382
1.715,-0.584558
1.7160000000000002,-0.452158
1.717,-0.496124
1.7180000000000002,-0.517099
1.719,-0.373161
1.7200000000000002,-0.232444
1.721,-0.389863
1.7220000000000002,-0.407522
1.723,-0.816557
1.7240000000000002,-0.509254
1.725,-0.541247
1.7260000000000002,-0.636213
1.727,-0.410275
1.7280000000000002,-0.491072
1.729,-0.37598
1.7300000000000002,-0.561201
1.731,-0.379391
1.7320000000000002,-0.291656
1.733,-0.071598
1.7340000000000002,-0.447149
1.735,-0.73098
1.7360000000000002,-0.283696
1.737,-0.434444
1.7380000000000002,-0.398205
1.739,-0.520407
1.7400000000000002,-0.159532
1.741,-0.485178
1.7420000000000002,-0.36062
1.743,-0.07893
1.7440000000000002,-0.321461
1.745,-0.349222
1.7460000000000002,-0.443815
1.747,-0.536486
1.7480000000000002,-0.688435
1.749,-0.346698
1.7500000000000002,-0.849126
1.751,-0.760747
1.7520000000000002,-0.147647
1.753,-0.339272
1.7540000000000002,-0.177322
1.755,-0.849074
1.7560000000000002,-0.165979
1.757,-0.549431
1.7580000000000002,-0.452702
1.759,-0.701975
1.7600000000000002,-0.228623
1.761,-0.49351
1.7620000000000002,0.032746
1.763,-0.183851
1.7640000000000002,0.102829
1.765,-0.539873
1.7660000000000002,-0.275639
1.767,-0.451224
1.7680000000000002,-0.552265
1.769,-0.827922
1.7700000000000002,-0.340381
1.771,-0.211858
1.7720000000000002,-0.314373
1.773,-0.119687
1.7740000000000002,-0.105471
1.775,-0.469895
1.7760000000000002,-0.655034
1.777,-0.627561
1.7780000000000002,-0.552949
1.779,-0.163532
1.7800000000000002,-0.314669
1.781,-0.342362
1.7820000000000005,-0.365033
1.783,-0.563648
1.7840000000000005,-0.584483
1.785,-0.443435
1.7860000000000005,-0.605916
1.787,-0.715928
1.7880000000000005,-0.391539
1.789,-0.473462
1.79,-0.563642
1.791,-0.12351
1.792,-0.676293
1.793,-0.206712
1.794,-0.250799
1.7950000000000002,-0.48606
1.796,-0.184488
1.7970000000000002,-0.501256
1.798,-0.317571
1.7990000000000002,-0.306583
1.8,-0.380076
1.8010000000000002,-0.565018
1.802,-0.607651
1.803,-0.110625
1.804,-0.630559
1.805,-0.29109
1.806,-0.362977
1.807,-0.367864
1.808,-0.65457
1.809,-0.273963
1.81,-0.462902
1.811,-0.444594
1.812,-0.22202
1.813,-0.628938
1.814,-0.48876
1.815,-0.422364
1.816,-0.751839
1.817,-0.128384
1.818,-0.082279
1.819,-0.521559
1.82,-0.524183
1.821,-0.215878
1.822,-0.332687
1.823,-0.379164
1.824,-0.717028
1.825,-0.72487
1.826,-0.658648
1.827,-0.189964
1.828,-0.17447
1.829,-0.225329
1.83,-0.883727
1.831,-0.18375
1.832,-0.464475
1.833,-0.593617
1.834,-0.397987
1.835,-0.53721
1.836,-0.525461
1.837,-0.559707
1.838,-0.741923
1.839,-0.394285
1.84,-0.749274
1.841,-0.48359
1.842,-0.434767
1.843,-0.654696
1.844,-0.322162
1.845,-0.674801
1.846,-0.624032
1.847,-0.22403
1.848,-0.161102
1.849,-0.311761
1.85,-0.479192
1.851,-0.277254
1.852,-0.254772
1.853,-0.459332
1.854,-0.448669
1.855,-0.623421
1.856,-0.556299
1.857,-0.507192
1.858,-0.11255
1.859,-0.532191
1.86,-0.581772
1.861,-0.671079
1.862,-0.69903
1.863,-0.719839
1.864,-0.622355
1.865,-0.557132
1.866,-0.547626
1.867,-0.534053
1.868,-0.21683
1.869,-0.441061
1.87,-0.30075
1.871,-0.654944
1.872,-0.931138
1.873,-0.352266
1.874,-0.35198
1.875,-0.652822
1.876,-0.38852
1.877,-0.524762
1.878,-0.35934
1.879,-0.34424
1.88,-0.629857
1.881,-0.210546
1.882,-0.67198
1.883,-0.564297
1.884,-0.202873
1.885,-0.167861
1.886,-0.34974
1.887,-0.577061
1.888,-0.789157
1.889,-0.510807
1.89,-0.629324
1.891,-0.328969
1.892,-0.338731
1.893,-0.290935
1.894,-0.55667
1.895,-0.424627
1.896,-0.480981
1.897,-0.249552
1.898,-0.444371
1.899,-0.765451
1.9,-0.540857
1.901,-0.305317
1.902,-0.422586
1.903,-0.53699
1.904,-0.51147
1.905,-0.4488
1.906,-0.460534
1.9070000000000005,-0.841245
1.908,-0.609893
1.9090000000000005,-0.447235
1.91,-0.332414
1.9110000000000005,-0.80727
1.912,-0.612111
1.9130000000000005,-0.40578
1.914,-0.298248
1.9150000000000005,-0.190853
1.916,-0.266506
1.9170000000000005,-0.381015
1.918,-0.804851
1.9190000000000005,-0.102633
1.92,-0.340229
1.9210000000000005,-0.521765
1.922,-0.635378
1.9230000000000005,-0.007434
1.924,-0.762738
1.9250000000000005,-0.506791
1.926,-0.505267
1.9270000000000005,-0.211277
1.928,-0.530039
1.929,-0.828581
1.93,-0.569163
1.931,-0.254117
1.932,-0.394021
1.933,-0.277275
1.934,-0.608354
1.935,-0.634664
1.936,-0.41794
1.937,-0.387731
1.938,-0.33022
1.939,-0.554501
1.94,-0.428834
1.941,-0.355107
1.942,-0.448916
1.943,-0.613958
1.944,-0.338185
1.945,-0.39703
1.946,-0.393401
1.947,-0.182603
1.948,-0.568558
1.949,-0.317766
1.95,-0.593846
1.951,0.036601
1.952,-0.364969
1.953,-0.57752
1.954,-0.433793
1.955,-0.142474
1.956,-0.411313
1.957,-0.290979
1.958,-0.104685
1.959,-0.46838
1.96,-0.26669
1.961,-0.448819
1.962,-0.440481
1.963,-0.108619
1.964,-0.283696
1.965,-0.58096
1.966,-0.406068
1.967,-0.366442
1.968,-0.302957
1.969,-0.602002
1.97,-0.181389
1.971,-0.831982
1.972,-0.501777
1.973,-0.402452
1.974,-0.636547
1.975,-0.685475
1.976,-0.278846
1.977,-0.3645
1.978,-0.279649
1.979,-0.539719
1.98,-0.275613
1.981,-0.621926
1.982,-0.255038
1.983,-0.221144
1.984,-0.480593
1.985,-0.370012
1.986,-0.300505
1.987,-0.675296
1.988,-0.176589
1.989,-0.581552
1.99,-0.577364
1.991,-0.356991
1.992,-0.520436
1.993,-0.738226
1.994,-0.170215
1.995,-0.770206
1.996,-0.585284
1.997,-0.659359
1.998,-0.324372
1.999,-0.609651
2.0,-0.485452
2.0010000000000003,-0.100046
2.002,-0.395276
2.003,-0.744695
2.004,-0.103435
2.0050000000000003,-0.451474
2.006,-0.638664
2.007,-0.364748
2.008,-0.2186
2.0090000000000003,-0.403761
2.01,-0.155206
2.011,-0.386081
2.012,-0.332018
2.0130000000000003,-0.307852
2.014,-0.735649
2.015,-0.507653
2.016,-0.442215
2.0170000000000003,-0.475612
2.018,-0.278903
2.019,-0.546313
2.02,-0.164957
2.0210000000000004,-0.55326
2.022,-0.346832
2.023,-0.158401
2.024,-0.092633
2.0250000000000004,-0.514689
2.026,-0.457567
2.027,-0.383428
2.028,0.098928
2.0290000000000004,-0.172835
2.03,-0.325402
2.031,-0.539985
2.032,-0.481975
2.0330000000000004,-0.423832
2.0340000000000003,-0.766249
2.035,-0.298892
2.036,-0.625712
2.0370000000000004,-0.566116
2.0380000000000003,-0.392574
2.039,-0.188919
2.04,-0.332071
2.0410000000000004,-0.55519
2.0420000000000003,-0.119292
2.043,-0.384149
2.044,-0.230141
2.0450000000000004,-0.339529
2.0460000000000003,-0.216477
2.047,-0.608139
2.048,-0.486245
2.0490000000000004,-0.362991
2.0500000000000003,-0.604442
2.051,-0.419348
2.052,-0.201807
2.0530000000000004,-0.553099
2.0540000000000003,-0.482534
2.055,-0.191521
2.056,-0.415751
2.0570000000000004,-0.561682
2.0580000000000003,-0.497626
2.059,-0.52107
2.06,-0.342805
2.0610000000000004,-0.586919
2.0620000000000003,-0.544956
2.063,-0.943044
2.064,-0.111956
2.0650000000000004,-0.488433
2.0660000000000003,-0.567418
2.067,-0.382155
2.068,-0.694302
2.069,-0.410827
2.0700000000000003,-0.657868
2.071,-0.381268
2.072,-0.7714
2.073,-0.42503
2.0740000000000003,-0.474578
2.075,-0.459663
2.076,-0.530617
2.077,-0.454224
2.0780000000000003,-0.713878
2.079,-0.7255
2.08,-0.8457
2.081,-0.58559
2.0820000000000003,-0.24833
2.083,-0.402431
2.084,-0.739847
2.085,-0.459111
2.0860000000000003,-0.438721
2.087,-0.320082
2.088,-0.757025
2.089,-0.829081
2.0900000000000003,-0.626669
2.091,-0.546554
2.092,-0.449069
2.093,-0.031843
2.0940000000000003,-0.242662
2.095,-0.056519
2.096,-0.383519
2.097,-0.467108
2.0980000000000003,-0.33618
2.099,-0.35056
2.1,-0.152867
2.101,-0.603603
2.1020000000000003,-0.356889
2.103,-0.400857
2.104,-0.635351
2.105,-0.176475
2.1060000000000003,-0.21285
2.107,-0.09165
2.108,-0.395327
2.109,-0.373406
2.1100000000000003,-0.367658
2.111,-0.028271
2.112,-0.480494
2.113,-0.376314
2.1140000000000003,-0.314203
2.115,-0.375834
2.116,-0.587657
2.117,-0.331723
2.1180000000000003,-0.760474
2.119,-0.287727
2.12,-0.567793
2.121,-0.394425
2.1220000000000003,-0.667606
2.123,-0.546397
2.124,-0.764448
2.125,-0.678573
2.1260000000000003,-0.397645
2.127,-0.186935
2.128,-0.221665
2.129,-0.08745
2.1300000000000003,0.306917
2.131,-0.602356
2.132,-0.428025
2.133,-0.479451
2.1340000000000003,-0.38069
2.135,-0.257721
2.136,-0.252752
2.137,-0.244336
2.1380000000000003,-0.89573
2.139,-0.34622
2.14,-0.398998
2.141,-0.070681
2.1420000000000003,-0.020605
2.143,-0.284504
2.144,-0.362232
2.145,-0.532796
2.1460000000000004,-0.470771
2.147,-0.745392
2.148,-0.442833
2.149,-0.103346
2.1500000000000004,-0.351979
2.151,-0.445225
2.152,-0.558796
2.153,-0.513503
2.1540000000000004,-0.739704
2.155,-0.181818
2.156,-0.59843
2.157,-0.54274
2.1580000000000004,-0.418233
2.1590000000000003,-0.791959
2.16,-0.143836
2.161,-0.760834
2.1620000000000004,-0.350842
2.1630000000000003,-0.443174
2.164,-0.237431
2.165,-0.579164
2.1660000000000004,-0.292452
2.1670000000000003,-0.457369
2.168,-0.485986
2.169,-0.218522
2.1700000000000004,-0.550677
2.1710000000000003,-0.326182
2.172,-0.244532
2.173,-0.27562
2.1740000000000004,-0.504858
2.1750000000000003,-0.315316
2.176,-0.383733
2.177,-0.292504
2.1780000000000004,-0.572231
2.1790000000000003,-0.27804
2.18,-0.341385
2.181,-0.709196
2.1820000000000004,-0.422073
2.1830000000000003,-0.741645
2.184,-0.54894
2.185,-0.174876
2.1860000000000004,-0.238713
2.1870000000000003,-0.284514
2.188,-0.253752
2.189,-0.50118
2.1900000000000004,-0.706824
2.1910000000000003,-0.68505
2.192,-0.354822
2.193,-0.522804
2.1940000000000004,-0.539153
2.1950000000000003,-0.376285
2.196,-0.468533
2.197,-0.42078
2.1980000000000004,-0.41604
2.1990000000000003,-0.303975
2.2,-0.568388
2.201,-0.41456
2.2020000000000004,-0.463036
2.2030000000000003,-0.412237
2.204,-0.791976
2.205,-0.658539
2.206,-0.659895
2.2070000000000003,-0.491365
2.208,-0.5422
2.209,-0.213344
2.21,-0.641473
2.2110000000000003,-0.578502
2.212,-0.38927
2.213,-0.352811
2.214,-0.70399
2.2150000000000003,-0.954249
2.216,-0.722481
2.217,-0.576457
2.218,-0.517343
2.2190000000000003,-0.282078
2.22,-0.63242
2.221,-0.306321
2.222,-0.465588
2.2230000000000003,-0.718508
2.224,-0.58597
2.225,-0.289208
2.226,-0.266708
2.2270000000000003,-0.335152
2.228,-0.425467
2.229,-0.500864
2.23,-0.510868
2.2310000000000003,-0.188787
2.232,-0.659523
2.233,-0.316394
2.234,-0.237974
2.2350000000000003,-0.394792
2.236,-0.455469
2.237,-0.604387
2.238,-0.527668
2.2390000000000003,-0.418406
2.24,-0.333324
2.241,-0.357492
2.242,-0.113002
2.2430000000000003,-0.330463
2.244,-0.512206
2.245,-0.38975
2.246,-0.487025
2.2470000000000003,-0.186482
2.248,-0.254503
2.249,-0.424759
2.25,-0.490656
2.2510000000000003,-0.340099
2.252,-0.690726
2.253,-0.549708
2.254,-0.393343
2.2550000000000003,-0.385095
2.256,-0.671148
2.257,-0.499795
2.258,-0.128703
2.2590000000000003,-0.557338
2.26,0.003108
2.261,-0.624991
2.262,-0.671834
2.2630000000000003,-0.395667
2.264,-0.579501
2.265,-0.156652
2.266,-0.28448
2.2670000000000003,-0.46329
2.268,-0.258161
2.269,-0.405823
2.27,-0.564063
2.2710000000000004,-0.781872
2.272,-0.706844
2.273,-0.428424
2.274,-0.243571
2.2750000000000004,-0.533349
2.276,-0.613925
2.277,-0.479813
2.278,-0.361351
2.2790000000000004,-0.385597
2.28,-0.512652
2.281,-0.618145
2.282,-0.426471
2.2830000000000004,-0.214498
2.2840000000000003,-0.287693
2.285,-0.581898
2.286,-0.607264
2.2870000000000004,-0.320877
2.2880000000000003,-0.361492
2.289,-0.114351
2.29,-0.514126
2.2910000000000004,-0.597407
2.2920000000000003,-0.605746
2.293,-0.299868
2.294,-0.327984
2.2950000000000004,-0.181973
2.2960000000000003,-0.332573
2.297,-0.567219
2.298,-0.603835
2.2990000000000004,-0.653547
2.3000000000000003,-0.556865
2.301,-0.331121
2.302,-0.387704
2.3030000000000004,-0.68624
2.3040000000000003,-0.721751
2.305,-0.521871
2.306,-0.668211
2.3070000000000004,-0.389282
2.3080000000000003,-0.220878
2.309,-0.280466
2.31,-0.379103
2.3110000000000004,-0.499905
2.3120000000000003,-0.5004
2.313,-0.30977
2.314,-0.440651
2.3150000000000004,-1.007403
2.3160000000000003,-0.245859
2.317,-0.444868
2.318,-0.755691
2.3190000000000004,-0.497254
2.3200000000000003,-0.807338
2.321,-0.232931
2.322,-0.487672
2.3230000000000004,-0.566778
2.3240000000000003,-0.341344
2.325,-0.229176
2.326,-0.658225
2.3270000000000004,-0.227417
2.3280000000000003,-0.299145
2.329,-0.301498
2.33,-0.69966
2.3310000000000004,-0.580853
2.3320000000000003,-0.473715
2.333,-0.719518
2.334,-0.480318
2.3350000000000004,-0.498796
2.3360000000000003,-0.270099
2.337,-0.306378
2.338,-0.34975
2.3390000000000004,-0.469295
2.3400000000000003,-0.098311
2.341,-0.144536
2.342,-0.544203
2.343,-0.485171
2.3440000000000003,-0.388981
2.345,-0.771388
2.346,-0.58423
2.347,-0.618459
2.3480000000000003,-0.787189
2.349,-0.607986
2.35,-0.516452
2.351,-0.597146
2.3520000000000003,-0.6003
2.353,-0.257706
2.354,-0.837119
2.355,-0.419372
2.3560000000000003,-0.682048
2.357,-0.355548
2.358,-0.187108
2.359,-0.607111
2.3600000000000003,-0.474355
2.361,-0.891006
2.362,-0.550359
2.363,-0.692231
2.3640000000000003,-0.519044
2.365,-0.355482
2.366,-0.593561
2.367,-0.739075
2.3680000000000003,-0.393469
2.369,-0.22165
2.37,-0.86296
2.371,-0.554258
2.3720000000000003,-0.605031
2.373,-0.201251
2.374,-0.551937
2.375,-0.603496
2.3760000000000003,-0.564623
2.377,-0.272318
2.378,-0.82426
2.379,-0.224787
2.3800000000000003,-0.461711
2.381,-0.490034
2.382,-0.497754
2.383,-0.533469
2.3840000000000003,-0.258072
2.385,-0.246418
2.386,-0.177524
2.387,-0.27887
2.3880000000000003,-0.35154
2.389,-0.557463
2.39,-0.408827
2.391,-0.308957
2.3920000000000003,-0.827965
2.393,-0.464611
2.394,-0.536874
2.395,-0.658539
2.3960000000000004,-0.285267
2.397,-0.812857
2.398,-0.641406
2.399,-0.536678
2.4000000000000004,-0.473033
2.401,-0.342124
2.402,-0.394762
2.403,-0.554012
2.4040000000000004,-0.248998
2.405,-0.768869
2.406,-0.36533
2.407,-0.771971
2.4080000000000004,-0.468186
2.4090000000000003,-0.287756
2.41,-0.51737
2.411,-1.050997
2.4120000000000004,-0.940269
2.4130000000000003,-0.41149
2.414,-0.376253
2.415,-0.703537
2.4160000000000004,-0.272569
2.4170000000000003,-0.631314
2.418,-0.044903
2.419,-0.116935
2.4200000000000004,-0.101688
2.4210000000000003,-0.582245
2.422,-0.497744
2.423,-0.24361
2.4240000000000004,-0.579668
2.4250000000000003,-0.095383
2.426,-0.681658
2.427,-0.867922
2.4280000000000004,-0.468762
2.4290000000000003,-0.671512
2.43,-0.324199
2.431,-0.426011
2.4320000000000004,-0.521222
2.4330000000000003,-0.439034
2.434,-0.495771
2.435,-0.264271
2.4360000000000004,-0.63147
2.4370000000000003,-0.72347
2.438,-0.489781
2.439,-0.342488
2.4400000000000004,-0.535118
2.4410000000000003,-0.468567
2.442,-0.321795
2.443,-0.201089
2.4440000000000004,-0.405771
2.4450000000000003,-0.365379
2.446,-0.344227
2.447,-0.760434
2.4480000000000004,-0.71815
2.4490000000000003,0.12764
2.45,-0.547594
2.451,-0.702116
2.4520000000000004,-0.374311
2.4530000000000003,-0.4121
2.454,-0.576158
2.455,-0.380325
2.4560000000000004,-0.032871
2.4570000000000003,-0.731544
2.458,-0.64763
2.459,-0.266865
2.4600000000000004,-0.327242
2.4610000000000003,-0.379668
2.462,-0.780587
2.463,-0.478965
2.4640000000000004,-0.257675
2.4650000000000003,-0.694057
2.466,-0.493234
2.467,-0.85464
2.4680000000000004,-0.772864
2.4690000000000003,-0.506654
2.47,-0.615419
2.471,-0.559754
2.4720000000000004,-0.503875
2.4730000000000003,-0.600513
2.474,-0.282886
2.475,-0.346433
2.4760000000000004,-0.439573
2.4770000000000003,-0.225692
2.478,-0.619864
2.479,-0.608955
2.48,-0.304744
2.4810000000000003,-0.153474
2.482,-0.390002
2.483,-0.377652
2.484,-0.163007
2.4850000000000003,-0.114163
2.486,-0.456596
2.487,-0.575701
2.488,-0.629518
2.4890000000000003,-0.247259
2.49,-0.373116
2.491,-0.322493
2.492,-0.295051
2.4930000000000003,-0.804022
2.494,-0.559266
2.495,-0.454775
2.496,-0.66367
2.4970000000000003,-0.590626
2.498,-0.672626
2.499,-0.689946
2.5,-0.595438
2.5010000000000003,0.105432
2.502,-0.424866
2.503,-0.373412
2.504,-0.986083
2.5050000000000003,-0.532521
2.506,-0.312672
2.507,-0.390278
2.508,-0.537583
2.5090000000000003,-0.307252
2.51,-0.339449
2.511,-0.62318
2.512,-0.268396
2.5130000000000003,-0.570872
2.514,-0.576514
2.515,-0.391025
2.516,-0.386542
2.5170000000000003,-0.351188
2.518,-0.539681
2.519,-0.033469
2.52,-0.336938
2.5210000000000004,-0.597635
2.522,-0.281272
2.523,-0.569901
2.524,-0.306568
2.5250000000000004,-0.344907
2.526,-0.0974
2.527,-0.747268
2.528,-0.541251
2.5290000000000004,-0.34966
2.53,-0.26115
2.531,-0.642491
2.532,-0.355568
2.5330000000000004,-0.242814
2.5340000000000003,-0.236275
2.535,-0.433684
2.536,-0.451148
2.5370000000000004,-0.673677
2.5380000000000003,-0.327806
2.539,-0.294018
2.54,-0.702993
2.5410000000000004,-0.131897
2.5420000000000003,-0.663381
2.543,-0.389783
2.544,-0.631354
2.5450000000000004,-0.431576
2.5460000000000003,-0.166675
2.547,-0.320226
2.548,-0.436904
2.5490000000000004,-0.135924
2.5500000000000003,-0.212209
2.551,-0.530655
2.552,-0.288561
2.5530000000000004,-0.054443
2.5540000000000003,-0.487359
2.555,-0.78048
2.556,-0.347071
2.5570000000000004,-0.600011
2.5580000000000003,-0.26118
2.559,-0.326319
2.56,-0.671591
2.5610000000000004,-0.813292
2.5620000000000003,-0.513565
2.563,-0.403123
2.564,-0.248393
2.5650000000000004,-0.339426
2.5660000000000003,-0.515758
2.567,-0.456511
2.568,-0.456438
2.5690000000000004,-0.99277
2.5700000000000003,-0.48032
2.571,-0.429875
2.572,-0.185229
2.5730000000000004,-0.507776
2.5740000000000003,-0.406342
2.575,-0.12904
2.576,-0.290118
2.5770000000000004,-0.410211
2.5780000000000003,-0.319847
2.579,-0.233779
2.58,-0.585591
2.5810000000000004,-0.440547
2.5820000000000003,-0.334342
2.583,0.061506
2.584,-0.026738
2.5850000000000004,-0.387752
2.5860000000000003,-0.084655
2.587,-0.352022
2.588,-0.341087
2.5890000000000004,-0.804232
2.5900000000000003,-0.406456
2.591,-0.506042
2.592,-0.449788
2.5930000000000004,-0.480436
2.5940000000000003,-0.150462
2.595,-0.674215
2.596,-0.347935
2.5970000000000004,-0.830585
2.5980000000000003,-0.454381
2.599,-0.386839
2.6,-0.571864
2.6010000000000004,-0.04131
2.6020000000000003,-0.571008
2.603,-0.067593
2.604,-0.462714
2.6050000000000004,-0.494129
2.6060000000000003,-0.579408
2.607,-0.298295
2.608,-0.56704
2.6090000000000004,-0.117363
2.6100000000000003,-0.610188
2.611,-0.629501
2.612,-0.561913
2.6130000000000004,-0.360107
2.6140000000000003,-0.371817
2.615,-0.276521
2.616,-0.195199
2.617,-0.351247
2.6180000000000003,-0.393201
2.619,-0.897055
2.62,-0.336889
2.621,-0.218492
2.6220000000000003,-0.684577
2.623,-0.56075
2.624,-0.44029
2.625,-0.44945
2.6260000000000003,-0.664541
2.627,-0.332174
2.628,-0.663208
2.629,-0.533294
2.6300000000000003,-0.362483
2.631,-0.492546
2.632,-0.717791
2.633,-0.360086
2.6340000000000003,-0.628866
2.635,-0.489477
2.636,-0.43464
2.637,-0.359691
2.6380000000000003,-0.119177
2.639,-0.378887
2.64,-0.267
2.641,-0.428744
2.6420000000000003,-0.484879
2.643,-0.327148
2.644,-0.427496
2.645,-0.358394
2.6460000000000004,-0.46037
2.647,-0.16895
2.648,-0.555059
2.649,-0.202094
2.6500000000000004,-0.59503
2.651,-0.27243
2.652,-0.388853
2.653,-0.779177
2.6540000000000004,-0.373078
2.655,-0.250331
2.656,-0.298989
2.657,-0.70358
2.6580000000000004,-0.562021
2.6590000000000003,-0.362749
2.66,-0.450442
2.661,-0.682249
2.6620000000000004,-0.01303
2.6630000000000003,-0.776263
2.664,-0.678825
2.665,-0.382734
2.6660000000000004,-0.63391
2.6670000000000003,-0.313488
2.668,-0.417574
2.669,-0.318791
2.6700000000000004,-0.435023
2.6710000000000003,-0.712833
2.672,-0.538157
2.673,-0.185858
2.6740000000000004,-0.695048
2.6750000000000003,-0.37017
2.676,-0.535233
2.677,-0.191877
2.6780000000000004,-0.450358
2.6790000000000003,-0.235231
2.68,-0.171708
2.681,-0.626538
2.6820000000000004,-0.481343
2.6830000000000003,-0.713099
2.684,-0.197626
2.685,-0.155466
2.6860000000000004,-0.637636
2.6870000000000003,-0.505395
2.688,-0.651489
2.689,-0.684004
2.6900000000000004,-0.239843
2.6910000000000003,-0.398699
2.692,0.128542
2.693,-0.612593
2.6940000000000004,-0.44206
2.6950000000000003,-0.535802
2.696,-0.712285
2.697,-0.468242
2.6980000000000004,-0.491781
2.6990000000000003,-0.394593
2.7,-0.308007
2.701,-0.281307
2.7020000000000004,-0.440846
2.7030000000000003,-0.123932
2.704,-0.524946
2.705,-0.845159
2.7060000000000004,-0.588578
2.7070000000000003,-0.456198
2.708,-0.457351
2.709,-0.317627
2.7100000000000004,-0.45092
2.7110000000000003,-0.679957
2.712,-0.500726
2.713,-0.442287
2.7140000000000004,-0.462918
2.7150000000000003,-0.535726
2.716,-0.302795
2.717,-0.298487
2.7180000000000004,-0.261969
2.7190000000000003,-0.505897
2.72,-0.518861
2.721,-0.873879
2.7220000000000004,-0.570983
2.7230000000000003,-0.43009
2.724,-0.55451
2.725,-0.463218
2.7260000000000004,-0.317949
2.7270000000000003,-0.267735
2.728,-0.315795
2.729,-0.324912
2.7300000000000004,-0.466303
2.7310000000000003,-0.722725
2.732,-0.622399
2.733,-0.34376
2.7340000000000004,-0.783868
2.7350000000000003,-0.396654
2.736,-0.480078
2.737,-0.728465
2.7380000000000004,-0.377381
2.7390000000000003,-0.693165
2.74,-0.151552
2.741,0.000319
2.7420000000000004,-0.282888
2.7430000000000003,-0.252854
2.744,-0.321178
2.745,-0.413548
2.7460000000000004,-0.290991
2.7470000000000003,-0.758967
2.748,-0.514962
2.749,-0.531577
2.7500000000000004,-0.469189
2.7510000000000003,-0.460049
2.752,-0.493998
2.753,-0.069138
2.754,-0.566543
2.7550000000000003,-0.543794
2.756,-0.479559
2.757,-0.488996
2.758,-0.661712
2.7590000000000003,-0.579456
2.76,-0.590093
2.761,-0.53998
2.762,0.215303
2.7630000000000003,-0.417393
2.764,-0.202734
2.765,-0.821893
2.766,-0.41128
2.7670000000000003,-0.436928
2.768,-0.603702
2.769,-0.44122
2.77,-0.54001
2.7710000000000004,-0.567561
2.772,-0.443493
2.773,-0.955613
2.774,-0.587446
2.7750000000000004,-0.477623
2.776,-0.35297
2.777,-0.736424
2.778,-0.468256
2.7790000000000004,-0.505555
2.78,-0.132684
2.781,-0.386114
2.782,-0.114224
2.7830000000000004,-0.559055
2.7840000000000003,-0.364361
2.785,-0.59782
2.786,-0.367249
2.7870000000000004,-0.563217
2.7880000000000003,-0.600928
2.789,-0.097191
2.79,-0.50042
2.7910000000000004,-0.41141
2.7920000000000003,-0.341685
2.793,-0.081955
2.794,-0.321636
2.7950000000000004,-0.336409
2.7960000000000003,-0.73085
2.797,-0.521486
2.798,-0.338715
2.7990000000000004,-0.241781
2.8000000000000003,-0.412282
2.801,-0.339901
2.802,-0.345363
2.8030000000000004,-0.57557
2.8040000000000003,-0.740484
2.805,-0.422601
2.806,-0.608966
2.8070000000000004,-0.477857
2.8080000000000003,-0.387752
2.809,-0.594459
2.81,-0.298223
2.8110000000000004,-0.344777
2.8120000000000003,-0.836648
2.813,-0.259464
2.814,-0.323473
2.8150000000000004,-0.377681
2.8160000000000003,-0.33173
2.817,-0.568174
2.818,-0.511042
2.8190000000000004,-0.076581
2.8200000000000003,-0.922755
2.821,-0.311874
2.822,-0.477653
2.8230000000000004,-0.081226
2.8240000000000003,-0.653821
2.825,-0.569109
2.826,-0.221588
2.8270000000000004,-0.569124
2.8280000000000003,-0.188376
2.829,-0.509652
2.83,-0.680412
2.8310000000000004,-0.47303
2.8320000000000003,-0.331143
2.833,-0.326005
2.834,-0.36487
2.8350000000000004,-0.54209
2.8360000000000003,-0.589041
2.837,-0.622614
2.838,-0.166404
2.8390000000000004,-0.196635
2.8400000000000003,-0.297388
2.841,-0.410899
2.842,-0.769197
2.8430000000000004,-0.507333
2.8440000000000003,-0.128312
2.845,-0.257977
2.846,-0.475372
2.8470000000000004,-0.178534
2.8480000000000003,-0.593523
2.849,-0.37541
2.85,-0.265919
2.8510000000000004,-0.635204
2.8520000000000003,-0.525302
2.853,-0.428637
2.854,-0.540163
2.8550000000000004,-0.258102
2.8560000000000003,-0.690378
2.857,-0.536209
2.858,-0.392234
2.8590000000000004,-0.592286
2.8600000000000003,-0.587059
2.861,-0.494563
2.862,-0.463231
2.8630000000000004,-0.344522
2.8640000000000003,-0.204777
2.865,-0.558822
2.866,-0.535874
2.8670000000000004,-0.606492
2.8680000000000003,-0.372389
2.869,-0.533349
2.87,-0.782227
2.8710000000000004,-0.45514
2.8720000000000003,-0.234331
2.873,-0.494429
2.874,-0.548476
2.8750000000000004,-0.521495
2.8760000000000003,-0.177019
2.877,-0.627679
2.878,-0.316616
2.8790000000000004,0.041207
2.8800000000000003,-0.411118
2.881,-0.340281
2.882,-0.593046
2.8830000000000005,-0.181018
2.8840000000000003,-0.40411
2.885,-0.270954
2.886,-0.290143
2.8870000000000005,-0.72786
2.8880000000000003,-0.380169
2.889,-0.583391
2.89,-0.569361
2.8910000000000005,-0.26388
2.8920000000000003,-0.610326
2.893,-0.812927
2.894,-0.299804
2.895,-0.348306
2.8960000000000004,-0.410491
2.897,-0.103482
2.898,-0.445508
2.899,-0.359655
2.9000000000000004,-0.65431
2.901,-0.447084
2.902,-0.433522
2.903,-0.878419
2.9040000000000004,-0.537067
2.905,-0.643976
2.906,-0.134717
2.907,-0.533799
2.9080000000000004,-0.130929
2.9090000000000003,-0.296471
2.91,-0.518849
2.911,-0.272391
2.9120000000000004,-0.854495
2.9130000000000003,-0.458473
2.914,-0.61547
2.915,-0.188589
2.9160000000000004,-0.873454
2.9170000000000003,-0.395482
2.918,-0.57523
2.919,-0.390001
2.9200000000000004,-0.48966
2.9210000000000003,-0.666268
2.922,-0.455965
2.923,-0.651657
2.9240000000000004,-0.224743
2.9250000000000003,-0.180936
2.926,-0.337857
2.927,-0.192482
2.9280000000000004,-0.426532
2.9290000000000003,-0.945005
2.93,-0.693534
2.931,-0.4121
2.9320000000000004,-0.622337
2.9330000000000003,-0.001688
2.934,-0.730632
2.935,-0.573889
2.9360000000000004,-0.526238
2.9370000000000003,-0.187754
2.938,-0.761828
2.939,-0.317699
2.9400000000000004,-0.537109
2.9410000000000003,-0.371952
2.942,-0.45771
2.943,-0.656255
2.9440000000000004,-0.642911
2.9450000000000003,-0.648137
2.946,-0.658705
2.947,-0.23714
2.9480000000000004,-0.458912
2.9490000000000003,-0.223961
2.95,-0.36415
2.951,-0.288547
2.9520000000000004,-0.63286
2.9530000000000003,-0.520034
2.954,-0.420832
2.955,-0.407812
2.9560000000000004,-0.458775
2.9570000000000003,-0.43133
2.958,-0.391945
2.959,-0.346066
2.9600000000000004,-0.668824
2.9610000000000003,-0.391156
2.962,-0.337501
2.963,-0.522602
2.9640000000000004,-0.549993
2.9650000000000003,-0.350811
2.966,-0.54362
2.967,-0.000263
2.9680000000000004,-0.585136
2.9690000000000003,-0.273205
2.97,-0.125959
2.971,-0.745005
2.9720000000000004,-0.452142
2.9730000000000003,-0.22553
2.974,-1.019539
2.975,-0.201251
2.9760000000000004,-0.641402
2.9770000000000003,-0.365118
2.978,-0.497926
2.979,-0.483149
2.9800000000000004,-0.432384
2.9810000000000003,-0.382322
2.982,-0.371472
2.983,-0.61971
2.9840000000000004,-0.545834
2.9850000000000003,-0.255173
2.986,-0.210469
2.987,-0.787021
2.9880000000000004,-0.572055
2.9890000000000003,-0.48721
2.99,-0.402693
2.991,-0.555164
2.9920000000000004,-0.901713
2.9930000000000003,-0.263988
2.994,-0.545156
2.995,-0.606915
2.9960000000000004,-0.414118
2.9970000000000003,-0.63242
2.998,-0.503997
2.999,-0.612682
3.0000000000000004,-0.408574
3.0010000000000003,-0.219167
3.002,-0.297969
3.003,-0.792593
3.0040000000000004,-0.37324
3.0050000000000003,-0.06268
3.006,-0.451886
3.007,-0.183861
3.0080000000000005,-0.371408
3.0090000000000003,-0.517283
3.01,-0.536865
3.011,-0.510564
3.0120000000000005,-0.32225
3.0130000000000003,-0.339589
3.014,-0.518628
3.015,-0.317031
3.0160000000000005,-0.330919
3.0170000000000003,-0.413353
3.018,-0.785875
3.019,-0.451685
3.0200000000000005,-0.684141
3.0210000000000004,-0.8168
3.022,-0.647482
3.023,-0.672599
3.0240000000000005,-0.691764
3.0250000000000004,-0.644307
3.026,-0.429271
3.027,-0.378294
3.0280000000000005,-0.339478
3.0290000000000004,-0.51031
3.03,-0.256422
3.031,-0.654757
3.032,-0.407737
3.0330000000000004,-0.309358
3.0340000000000003,-0.1006
3.035,-0.824756
3.036,-0.441972
3.0370000000000004,-0.348882
3.0380000000000003,-0.695947
3.039,-0.448154
3.04,-0.542061
3.0410000000000004,-0.335048
3.0420000000000003,-0.166994
3.043,-0.699538
3.044,-0.704264
3.0450000000000004,-0.264356
3.0460000000000003,-0.234068
3.047,-0.576275
3.048,-0.372821
3.0490000000000004,-0.725829
3.0500000000000003,-0.670214
3.051,-0.503214
3.052,-0.220334
3.0530000000000004,-0.339601
3.0540000000000003,-0.612903
3.055,-0.510868
3.056,-0.302273
3.0570000000000004,-0.454324
3.0580000000000003,-0.489154
3.059,-0.465037
3.06,-0.652908
3.0610000000000004,-0.390825
3.0620000000000003,-0.834612
3.063,-0.160756
3.064,-0.546439
3.0650000000000004,-0.410441
3.0660000000000003,-0.483607
3.067,-0.717457
3.068,-0.550393
3.0690000000000004,-0.274861
3.0700000000000003,-0.589938
3.071,-0.706974
3.072,-0.457937
3.0730000000000004,-0.193688
3.0740000000000003,-0.444128
3.075,-0.321542
3.076,-0.60183
3.0770000000000004,-0.369465
3.0780000000000003,-0.267465
3.079,-0.44276
3.08,-0.707464
3.0810000000000004,-0.113803
3.0820000000000003,-0.169537
3.083,-0.366486
3.084,-0.246462
3.0850000000000004,-0.456932
3.0860000000000003,-0.673839
3.087,-0.204335
3.088,-0.587956
3.0890000000000004,-0.542344
3.0900000000000003,-0.260872
3.091,-0.63796
3.092,-0.626168
3.0930000000000004,-0.345011
3.0940000000000003,-0.205748
3.095,-0.619876
3.096,-0.573518
3.0970000000000004,-0.31614
3.0980000000000003,-0.520079
3.099,-0.367286
3.1,-0.421215
3.1010000000000004,-0.568
3.1020000000000003,-0.463691
3.103,-0.160861
3.104,-0.426293
3.1050000000000004,-0.47085
3.1060000000000003,-0.425484
3.107,-0.489576
3.108,-0.361551
3.1090000000000004,-0.504755
3.1100000000000003,-0.212561
3.111,-0.117035
3.112,-0.671519
3.1130000000000004,-0.324603
3.1140000000000003,-0.660969
3.115,-0.138818
3.116,-0.486446
3.1170000000000004,-0.501349
3.1180000000000003,0.007469
3.119,-0.455652
3.12,-0.491009
3.1210000000000004,-0.539836
3.1220000000000003,-0.509652
3.123,-0.311361
3.124,-0.474529
3.1250000000000004,0.045634
3.1260000000000003,-0.432594
3.127,-0.414573
3.128,-0.615427
3.1290000000000004,-0.218689
3.1300000000000003,-0.35719
3.131,-0.416727
3.132,-0.87542
3.1330000000000005,-0.451248
3.1340000000000003,-0.495967
3.135,-0.311367
3.136,-0.289369
3.1370000000000005,-0.528514
3.1380000000000003,-0.628517
3.139,-0.42651
3.14,-0.70245
3.1410000000000005,-0.486919
3.1420000000000003,-0.376095
3.143,-0.662744
3.144,-0.508484
3.1450000000000005,-0.550742
3.1460000000000004,-0.658621
3.147,-0.286104
3.148,-0.478102
3.1490000000000005,-0.045424
3.1500000000000004,-0.019357
3.151,-0.241115
3.152,-0.681199
3.1530000000000005,-0.333523
3.1540000000000004,-0.064457
3.155,-0.382223
3.156,-0.560839
3.1570000000000005,-0.542759
3.1580000000000004,-0.430775
3.1590000000000003,-0.200226
3.16,-0.292509
3.1610000000000005,-0.49507
3.1620000000000004,-0.798567
3.1630000000000003,-0.304227
3.164,-0.673481
3.1650000000000005,-0.412923
3.1660000000000004,-0.4586
3.1670000000000003,-0.482406
3.168,-0.450475
3.169,-0.625234
3.1700000000000004,-0.282094
3.1710000000000003,-0.161931
3.172,-0.528464
3.173,-0.455329
3.1740000000000004,-0.539419
3.1750000000000003,-0.343953
3.176,-0.396489
3.177,-0.440857
3.1780000000000004,-0.372984
3.1790000000000003,-0.340368
3.18,-0.396145
3.181,-0.415739
3.1820000000000004,-0.855275
3.1830000000000003,-0.673712
3.184,-0.718661
3.185,-0.564187
3.1860000000000004,-0.254857
3.1870000000000003,-0.777135
3.188,-0.336255
3.189,-0.466638
3.1900000000000004,-0.288558
3.1910000000000003,-0.7036
3.192,-0.527611
3.193,-0.85715
3.1940000000000004,-0.747231
3.1950000000000003,-0.518117
3.196,-0.946665
3.197,-0.327472
3.1980000000000004,-0.011286
3.1990000000000003,0.049457
3.2,-0.322621
3.201,-0.263508
3.2020000000000004,-0.396505
3.2030000000000003,-0.589892
3.204,-0.68881
3.205,-0.681973
3.2060000000000004,-0.503638
3.2070000000000003,-0.405376
3.208,-0.506944
3.209,-0.405267
3.2100000000000004,-0.340867
3.2110000000000003,-0.334255
3.212,-0.433705
3.213,-0.532255
3.2140000000000004,-0.762162
3.2150000000000003,-0.69421
3.216,-0.537861
3.217,-0.414284
3.2180000000000004,-0.268157
3.2190000000000003,-0.742022
3.22,-0.352072
3.221,-0.57378
3.2220000000000004,-0.768233
3.2230000000000003,-0.557661
3.224,-0.451707
3.225,-0.356857
3.2260000000000004,-0.286126
3.2270000000000003,-0.338066
3.228,-0.487487
3.229,-0.354483
3.2300000000000004,-0.657172
3.2310000000000003,-0.877421
3.232,-0.302027
3.233,-0.396808
3.2340000000000004,-0.306125
3.2350000000000003,-0.154047
3.236,-0.307215
3.237,-0.81883
3.2380000000000004,-0.52681
3.2390000000000003,-0.283685
3.24,-0.393496
3.241,-0.429559
3.2420000000000004,-0.297449
3.2430000000000003,-0.050768
3.244,-0.267645
3.245,-0.555418
3.2460000000000004,-0.512077
3.2470000000000003,-0.546313
3.248,-0.267664
3.249,-0.490189
3.2500000000000004,-0.674462
3.2510000000000003,-0.692284
3.252,-0.559206
3.253,-0.070937
3.2540000000000004,-0.673232
3.2550000000000003,-0.518968
3.256,-0.586426
3.257,-0.279642
3.2580000000000005,-0.462241
3.2590000000000003,-0.462064
3.26,-0.587173
3.261,-0.407144
3.2620000000000005,-0.750814
3.2630000000000003,-0.616179
3.264,-0.525857
3.265,-0.802849
3.2660000000000005,-0.301018
3.2670000000000003,-0.102118
3.268,-0.482589
3.269,-0.205424
3.2700000000000005,-0.705809
3.2710000000000004,-0.59635
3.272,-0.480805
3.273,-0.654301
3.2740000000000005,-0.616377
3.2750000000000004,-0.610605
3.276,-0.658064
3.277,-0.576226
3.2780000000000005,-0.538952
3.2790000000000004,-0.377035
3.28,-0.424879
3.281,-0.068674
3.2820000000000005,-0.656941
3.2830000000000004,-0.529796
3.2840000000000003,-0.287732
3.285,-0.212902
3.2860000000000005,-0.233913
3.2870000000000004,-0.331855
3.2880000000000003,-0.508832
3.289,-0.510546
3.2900000000000005,-0.617188
3.2910000000000004,-0.557661
3.2920000000000003,-0.183823
3.293,-0.321583
3.2940000000000005,-0.430886
3.2950000000000004,-0.547504
3.2960000000000003,-0.132616
3.297,-0.695819
3.2980000000000005,-0.747472
3.2990000000000004,-0.33005
3.3000000000000003,-0.521841
3.301,0.03228
3.3020000000000005,-0.463109
3.3030000000000004,-0.458148
3.3040000000000003,-0.473663
3.305,-0.14234
3.306,-0.359734
3.3070000000000004,-0.551308
3.3080000000000003,-0.228019
3.309,-0.718339
3.31,-0.236918
3.3110000000000004,-0.541495
3.3120000000000003,-0.475442
3.313,-0.383824
3.314,-0.493009
3.3150000000000004,-0.589706
3.3160000000000003,-0.440369
3.317,-0.488199
3.318,-0.560263
3.3190000000000004,-0.776814
3.3200000000000003,-0.513816
3.321,-0.239243
3.322,-0.295646
3.3230000000000004,-0.558283
3.3240000000000003,-0.711819
3.325,-0.326025
3.326,-0.362208
3.3270000000000004,-0.569552
3.3280000000000003,-0.439052
3.329,-0.252426
3.33,-0.317282
3.3310000000000004,-0.438794
3.3320000000000003,-0.618591
3.333,-0.002288
3.334,-0.55011
3.3350000000000004,-0.81118
3.3360000000000003,-0.308694
3.337,-0.180269
3.338,-0.202002
3.3390000000000004,-0.369671
3.3400000000000003,-0.445399
3.341,-0.329987
3.342,-0.156917
3.3430000000000004,-0.676157
3.3440000000000003,-0.28448
3.345,-0.559888
3.346,-0.659085
3.3470000000000004,-0.274671
3.3480000000000003,-0.39742
3.349,-0.487948
3.35,-0.190397
3.3510000000000004,-0.847056
3.3520000000000003,-0.468855
3.353,-0.514619
3.354,-0.616897
3.3550000000000004,-0.16879
3.3560000000000003,-0.600156
3.357,-0.490364
3.358,-0.76566
3.3590000000000004,-0.457156
3.3600000000000003,-0.408518
3.361,-0.601917
3.362,-0.73503
3.3630000000000004,-0.014975
3.3640000000000003,-0.294888
3.365,-0.626614
3.366,-0.578144
3.3670000000000004,-0.728855
3.3680000000000003,-0.635073
3.369,-0.514891
3.37,-0.427037
3.3710000000000004,-0.804691
3.3720000000000003,-0.671072
3.373,-0.497061
3.374,-0.402565
3.3750000000000004,-0.12969
3.3760000000000003,-0.237189
3.377,-0.183162
3.378,-0.595218
3.3790000000000004,-0.419497
3.3800000000000003,-0.438443
3.381,-0.662454
3.382,-0.410076
3.3830000000000005,-0.700395
3.3840000000000003,-0.799344
3.385,-0.56262
3.386,-0.348109
3.3870000000000005,-0.210304
3.3880000000000003,-0.188318
3.389,-0.332085
3.39,-0.776662
3.3910000000000005,-0.309672
3.3920000000000003,-0.452721
3.393,-0.377809
3.394,-0.891299
3.3950000000000005,-0.539392
3.3960000000000004,-0.67781
3.397,-0.181777
3.398,-0.547536
3.3990000000000005,-0.364088
3.4000000000000004,-0.440739
3.401,-0.324383
3.402,-0.550907
3.4030000000000005,-0.487893
3.4040000000000004,-0.39235
3.405,-0.605817
3.406,-0.432013
3.4070000000000005,-0.329758
3.4080000000000004,-0.521849
3.4090000000000003,-0.483049
3.41,-0.32857
3.4110000000000005,-0.331944
3.4120000000000004,-0.513988
3.4130000000000003,-0.331826
3.414,-0.801698
3.4150000000000005,-0.732261
3.4160000000000004,-0.495267
3.4170000000000003,-0.496355
3.418,-0.512478
3.4190000000000005,-0.632797
3.4200000000000004,-0.795274
3.4210000000000003,-0.462148
3.422,-0.06375
3.4230000000000005,-0.356788
3.4240000000000004,-0.874947
3.4250000000000003,-0.132152
3.426,-0.422665
3.4270000000000005,-0.46253
3.4280000000000004,-0.452984
3.4290000000000003,-0.208373
3.43,-0.655966
3.4310000000000005,-0.492673
3.4320000000000004,-0.597143
3.4330000000000003,-0.281305
3.434,0.007517
3.4350000000000005,-0.801619
3.4360000000000004,-0.780434
3.4370000000000003,-0.220076
3.438,-0.602808
3.4390000000000005,-0.424716
3.4400000000000004,-0.252645
3.4410000000000003,-0.736615
3.442,-0.589918
3.443,-0.41728
3.4440000000000004,-0.307826
3.4450000000000003,-0.547124
3.446,-0.456132
3.447,-0.505998
3.4480000000000004,-0.467525
3.4490000000000003,-0.824717
3.45,-0.492082
3.451,-0.456096
3.4520000000000004,-0.332188
3.4530000000000003,-0.292539
3.454,-0.405506
3.455,-0.662579
3.4560000000000004,-0.633664
3.4570000000000003,-0.656861
3.458,-0.43129
3.459,-0.570201
3.4600000000000004,-0.352991
3.4610000000000003,-0.610793
3.462,-0.671741
3.463,-0.566316
3.4640000000000004,-0.700846
3.4650000000000003,-0.947245
3.466,-0.642671
3.467,-0.229116
3.4680000000000004,-0.135955
3.4690000000000003,-0.438461
3.47,-0.402803
3.471,-0.622543
3.4720000000000004,-0.053063
3.4730000000000003,-0.574627
3.474,-0.608362
3.475,-0.70765
3.4760000000000004,-0.455144
3.4770000000000003,-0.313387
3.478,-0.617027
3.479,-0.290174
3.4800000000000004,-0.758412
3.4810000000000003,-0.473691
3.482,-0.388681
3.483,-0.766462
3.4840000000000004,-0.591741
3.4850000000000003,-0.31396
3.486,-0.439081
3.487,-0.345875
3.4880000000000004,-0.295009
3.4890000000000003,-0.369085
3.49,-0.78632
3.491,-0.526268
3.4920000000000004,-0.529621
3.4930000000000003,-0.738954
3.494,-0.605647
3.495,-0.13866
3.4960000000000004,-0.412255
3.4970000000000003,-0.53583
3.498,-0.436967
3.499,-0.518093
3.5000000000000004,-0.470386
3.5010000000000003,-0.178109
3.502,-0.502782
3.503,-0.388439
3.5040000000000004,-0.746453
3.5050000000000003,-0.768375
3.506,-0.344494
3.507,-0.395907
3.5080000000000005,-0.044608
3.5090000000000003,-0.519202
3.51,-0.171607
3.511,-0.671651
3.5120000000000005,-0.719661
3.5130000000000003,-0.561988
3.514,-0.120801
3.515,-0.269192
3.5160000000000005,-0.349293
3.5170000000000003,-0.744815
3.518,-0.573299
3.519,-0.110522
3.5200000000000005,-0.362414
3.5210000000000004,-0.570078
3.522,-0.228797
3.523,-0.237074
3.5240000000000005,-0.400477
3.5250000000000004,-0.316856
3.526,-0.321024
3.527,-0.424129
3.5280000000000005,-0.583346
3.5290000000000004,-0.552976
3.53,-0.949414
3.531,-0.563689
3.5320000000000005,-0.729347
3.5330000000000004,-0.736934
3.5340000000000003,-0.732739
3.535,-0.580296
3.5360000000000005,-0.324113
3.5370000000000004,-0.528838
3.5380000000000003,-0.052332
3.539,-0.492856
3.5400000000000005,-0.369607
3.5410000000000004,-0.22213
3.5420000000000003,-0.566187
3.543,-0.788599
3.5440000000000005,-0.613986
3.5450000000000004,-0.46907
3.5460000000000003,-0.568958
3.547,-0.44194
3.5480000000000005,-0.741465
3.5490000000000004,-0.837264
3.5500000000000003,-0.3117
3.551,-0.732938
3.5520000000000005,-0.655099
3.5530000000000004,-0.068878
3.5540000000000003,-0.381792
3.555,-0.479104
3.5560000000000005,-0.329143
3.5570000000000004,-0.529387
3.5580000000000003,-0.702961
3.559,-0.486121
3.5600000000000005,-0.237285
3.5610000000000004,-0.345722
3.5620000000000003,-0.470905
3.563,-0.770395
3.5640000000000005,-0.817937
3.5650000000000004,-0.445035
3.5660000000000003,-0.370446
3.567,-0.607594
3.5680000000000005,-0.690026
3.5690000000000004,-0.64805
3.5700000000000003,-0.362645
3.571,-0.489754
3.5720000000000005,-0.465436
3.5730000000000004,-0.187812
3.5740000000000003,-0.320831
3.575,-0.656149
3.5760000000000005,-0.823198
3.5770000000000004,-0.748214
3.5780000000000003,-0.305442
3.579,-0.372108
3.58,-0.327115
3.5810000000000004,-0.366203
3.5820000000000003,-0.416625
3.583,-0.476087
3.584,-0.859866
3.5850000000000004,-0.616331
3.5860000000000003,-0.53672
3.587,-0.250534
3.588,-0.239236
3.5890000000000004,-0.747869
3.5900000000000003,-0.588151
3.591,-0.797289
3.592,-0.83249
3.5930000000000004,-0.574489
3.5940000000000003,-0.70573
3.595,-0.587307
3.596,-0.302945
3.5970000000000004,-0.462203
3.5980000000000003,-0.382603
3.599,-0.450731
3.6,-0.659448
3.6010000000000004,-0.361504
3.6020000000000003,-0.56232
3.603,-0.389238
3.604,-0.389351
3.605,-0.287672
3.606,-0.492897
3.607,-0.444838
3.608,-0.426551
3.609,-0.534692
3.61,-0.37923
3.611,-0.452117
3.612,-0.53683
3.613,-0.69976
3.614,-0.821641
3.615,-0.553566
3.616,-0.791076
3.617,-0.815736
3.618,-0.295836
3.619,-0.550151
3.62,-0.832606
3.621,-0.354549
3.622,-0.257473
3.623,-0.169206
3.624,-0.310733
3.625,-0.398994
3.626,-0.719487
3.627,-1.048401
3.628,-0.131592
3.629,-0.509838
3.63,-0.722584
3.631,-0.536566
3.632,-0.543648
3.633000000000001,-0.204154
3.634,-0.26605
3.635,-0.505366
3.636,-0.560877
3.637000000000001,-0.621659
3.638,-0.581098
3.639,-0.402067
3.64,-0.421558
3.641000000000001,-0.626905
3.642,-0.347335
3.643,-0.163112
3.644,-0.486558
3.645000000000001,-0.686706
3.646,-0.388908
3.647,-0.311726
3.648,-0.692604
3.649000000000001,-0.427599
3.65,-0.353948
3.651,-0.509337
3.652,-0.498655
3.653000000000001,-0.615325
3.654,-0.725426
3.655,-0.54039
3.656,-0.67523
3.657000000000001,-0.1674
3.658,-0.391139
3.659,-0.579088
3.66,-0.339945
3.661000000000001,-0.839406
3.662,-0.482299
3.663,-0.737285
3.664,-0.492455
3.665000000000001,-0.421145
3.666,-0.583232
3.667,-0.418406
3.668,-0.463098
3.669000000000001,-0.436777
3.67,-0.377364
3.671,-0.708742
3.672,-0.412452
3.673000000000001,-0.947543
3.674,-0.536022
3.675,-0.448053
3.676,-0.74082
3.677000000000001,-0.892942
3.678,-0.333768
3.679,-0.74574
3.68,-0.286148
3.681000000000001,-0.390951
3.682,-0.744934
3.683,-0.233196
3.684,-0.470339
3.685000000000001,-0.462089
3.686,-0.572408
3.687,-0.415548
3.688,-0.568217
3.689000000000001,-0.702693
3.69,-0.496386
3.691,-0.188671
3.692,-0.727654
3.693000000000001,-0.334818
3.694,-0.428291
3.695,-0.692604
3.696,-0.298113
3.697000000000001,-0.625274
3.698,-0.480258
3.699,-0.214199
3.7,-0.480521
3.701000000000001,-0.365516
3.702,-0.471757
3.703,-0.193569
3.704,-0.434977
3.705000000000001,-0.433459
3.706,-0.372528
3.707,-0.331429
3.708,-0.402651
3.709000000000001,-0.556639
3.71,-0.477534
3.711,-0.298104
3.712,-0.705991
3.713000000000001,-0.350687
3.714,-0.337206
3.715,-0.525793
3.716,-0.40074
3.717000000000001,-0.648149
3.718,-0.379889
3.719,-0.283691
3.72,-0.543156
3.721,-0.28695
3.722,-0.489241
3.723,-0.046402
3.724,-0.39972
3.725,-0.597889
3.726,-0.330234
3.727,-0.268334
3.728,-0.517949
3.729,-0.230044
3.73,-0.46243
3.731,-0.521242
3.732,-0.372175
3.733,-0.644075
3.734,-0.453755
3.735,-0.583004
3.736,-0.351885
3.737,-0.198879
3.738,-0.855386
3.739,-0.91429
3.74,-0.462268
3.741,-0.75482
3.742,-0.362245
3.743,-0.60517
3.744,-0.19979
3.745,-0.091118
3.746,-0.173733
3.747,-0.651977
3.748,-0.729882
3.749,-0.432335
3.75,-0.16549
3.751,-0.413924
3.752,-0.334542
3.753,-0.211396
3.754,-0.286884
3.755,-0.60194
3.756,-0.236897
3.757,-0.127797
3.758000000000001,-0.290136
3.759,-0.228323
3.76,-0.678561
3.761,-0.182559
3.762000000000001,-0.849498
3.763,-0.466662
3.764,-0.320871
3.765,-0.669036
3.766000000000001,-0.309227
3.767,-0.374034
3.768,-0.433942
3.769,-0.273975
3.770000000000001,-0.842725
3.771,-0.303845
3.772,-0.227417
3.773,-0.473705
3.774000000000001,-0.340888
3.775,-0.641373
3.776,-0.624648
3.777,-0.640446
3.778000000000001,-0.58842
3.779,-0.555835
3.78,-0.176348
3.781,-0.573939
3.782000000000001,-0.355898
3.783,-0.150357
3.784,-0.680245
3.785,-0.432766
3.786000000000001,-0.25049
3.787,-0.445939
3.788,-0.327847
3.789,-0.532774
3.790000000000001,-0.486833
3.791,-0.676631
3.792,-0.697778
3.793,-0.720401
3.794000000000001,-0.495611
3.795,0.050049
3.796,-0.387856
3.797,-0.088219
3.798000000000001,-0.710932
3.799,-0.744259
3.8,-0.496386
3.801,-0.824986
3.802000000000001,-0.533747
3.803,-0.464118
3.804,-0.458561
3.805,-0.551983
3.806000000000001,-0.409939
3.807,-0.23718
3.808,-0.42027
3.809,-0.2242
3.810000000000001,-0.053443
3.811,-0.398941
3.812,-0.268242
3.813,-0.201297
3.814000000000001,-0.231421
3.815,-0.119981
3.816,-0.197678
3.817,-0.646666
3.818000000000001,-0.767344
3.819,-0.532637
3.82,-0.526821
3.821,-0.914661
3.822000000000001,-0.33779
3.823,-0.341336
3.824,-0.391738
3.825,-0.184458
3.826000000000001,-0.292564
3.827,-0.639849
3.828,-0.053751
3.829,-0.800858
3.830000000000001,-0.717038
3.831,-0.496321
3.832,-0.777826
3.833,-0.306823
3.834000000000001,0.001558
3.835,-0.309259
3.836,-0.579836
3.837,-0.52307
3.838000000000001,-0.426213
3.839,-0.310308
3.84,-0.282083
3.841,-0.558892
3.842000000000001,-0.662236
3.843,-0.802869
3.844,-0.737906
3.845,-0.28207
3.846000000000001,-0.254737
3.847,-0.522705
3.848,-0.685868
3.849,-0.336212
3.850000000000001,-0.274049
3.851,-0.006056
3.852,-0.13577
3.853,-0.372821
3.854000000000001,-0.5954
3.855,-0.470134
3.856,-0.724733
3.857,-0.610234
3.858,-0.476876
3.859,-0.263016
3.86,-0.448344
3.861,-0.575755
3.862,-0.516502
3.863,-0.661475
3.864,-0.567212
3.865,-0.529647
3.866,-0.338959
3.867,-0.533227
3.868,-0.401108
3.869,-0.340983
3.87,-0.221407
3.871,-0.246491
3.872,-0.001609
3.873,-0.313824
3.874,-0.345615
3.875,-0.261114
3.876,-0.206712
3.877,-0.530043
3.878,-0.828383
3.879,-0.800772
3.88,-0.236344
3.881,-0.56039
3.882,-0.424524
3.883000000000001,-0.533696
3.884,-0.351085
3.885,-0.507341
3.886,-0.450079
3.887000000000001,-0.382229
3.888,-0.57109
3.889,-0.700718
3.89,-0.441841
3.891000000000001,-0.659008
3.892,-0.24288
3.893,-0.690303
3.894,-0.758919
3.895000000000001,-0.210016
3.896,-0.367514
3.897,-0.289284
3.898,-0.47433
3.899000000000001,-0.456072
3.9,-0.153262
3.901,-0.460185
3.902,-0.096587
3.903000000000001,-0.374687
3.904,-0.285301
3.905,-0.22876
3.906,-0.315934
3.907000000000001,-0.324773
3.908,-0.940736
3.909,-0.648823
3.91,-0.499865
3.911000000000001,-0.295797
3.912,-0.315721
3.913,-0.368412
3.914,-0.338117
3.915000000000001,-0.272506
3.916,-0.42764
3.917,-0.683513
3.918,-0.232886
3.919000000000001,-0.255456
3.92,-0.650368
3.921,-0.460051
3.922,-0.165116
3.923000000000001,-0.158722
3.924,-0.444252
3.925,-0.533873
3.926,-0.615674
3.927000000000001,-0.19632
3.928,-0.413022
3.929,-0.584049
3.93,-0.626378
3.931000000000001,-0.444445
3.932,-0.394235
3.933,-0.298821
3.934,-0.51374
3.935000000000001,-0.043906
3.936,-0.477366
3.937,-0.545158
3.938,-0.427981
3.939000000000001,-0.16487
3.94,-0.588948
3.941,-0.027886
3.942,-0.288585
3.943000000000001,-0.187413
3.944,-0.187571
3.945,-0.285313
3.946,-0.241885
3.947000000000001,-0.254013
3.948,0.024132
3.949,-0.378959
3.95,-0.264316
3.951000000000001,-0.344953
3.952,-0.171582
3.953,-0.21534
3.954,-0.217583
3.955000000000001,-0.432882
3.956,-0.474144
3.957,-0.463105
3.958,-0.230044
3.959000000000001,-0.503909
3.96,-0.49951
3.961,-0.395872
3.962,-0.758691
3.963000000000001,-0.461731
3.964,-0.399121
3.965,-0.339255
3.966,-0.65934
3.967000000000001,-0.49619
3.968,-0.536332
3.969,-0.277274
3.97,-0.516374
3.971000000000001,-0.367812
3.972,-0.333114
3.973,-0.159173
3.974,-0.438666
3.975000000000001,-0.476005
3.976,-0.518991
3.977,-0.098674
3.978,-0.258799
3.979000000000001,-0.838171
3.98,-0.535376
3.981,-0.280503
3.982,-0.384047
3.983000000000001,-0.386995
3.984,-0.370584
3.985,-0.106708
3.986,-0.172191
3.987000000000001,-0.692102
3.988,-0.666019
3.989,-0.377367
3.99,-0.435649
3.991000000000001,-0.611074
3.992,-0.625322
3.993,-0.351977
3.994,-0.554611
3.995,-0.39362
3.996,-0.56829
3.997,-0.611837
3.998,-0.484672
3.999,-0.473146
4.0,-0.671977
4.001,-0.61137
4.002000000000001,-0.407135
4.003,-0.144956
4.004,-0.202917
4.005,-0.648416
4.006,-0.622499
4.007000000000001,-0.406707
4.008,-0.284514
4.009,-0.333017
4.010000000000001,-0.951744
4.011,-0.33642
4.0120000000000005,-0.215735
4.013,-0.880267
4.014,-0.943337
4.015000000000001,-0.327848
4.016,-0.430816
4.017,-0.38311
4.018000000000001,-0.670938
4.019,-0.441156
4.0200000000000005,-0.382586
4.021,-0.263526
4.022,-0.535329
4.023000000000001,-0.279607
4.024,-0.260262
4.025,-0.177243
4.026000000000001,-0.057187
4.027,-0.357672
4.0280000000000005,-0.227189
4.029,-0.291787
4.03,-0.684759
4.031000000000001,-0.236235
4.032,-0.310428
4.033,-0.394425
4.034000000000001,-0.648215
4.035,-0.266742
4.0360000000000005,-0.681522
4.037,-0.633969
4.038,-0.767636
4.039000000000001,-0.180353
4.04,-0.226024
4.041,-0.306432
4.042000000000001,-0.52618
4.043,-0.48792
4.0440000000000005,-0.678436
4.045,-0.524171
4.046,-0.105686
4.047000000000001,-0.784041
4.048,-0.425752
4.049,-0.277329
4.050000000000001,-0.248435
4.051,-0.342142
4.0520000000000005,-0.769547
4.053,-0.500794
4.054,-0.422919
4.055000000000001,-0.466445
4.056,-0.021185
4.057,-0.588838
4.058000000000001,-0.132103
4.059,-0.280486
4.0600000000000005,-0.702881
4.061,-0.49
4.062,-0.274031
4.063000000000001,-0.668148
4.064,-0.960593
4.065,-0.279686
4.066000000000001,-0.409317
4.067,-0.467888
4.0680000000000005,-0.154247
4.069,-0.697235
4.07,-0.300651
4.071000000000001,-0.437338
4.072,-0.502213
4.073,-0.475586
4.074000000000001,-0.689393
4.075,-0.093407
4.0760000000000005,-0.403269
4.077,-0.282888
4.078,-0.104883
4.079000000000001,-0.640328
4.08,-0.713517
4.081,-0.551845
4.082000000000001,-0.359432
4.083,-0.653108
4.0840000000000005,-0.351374
4.085,-0.608906
4.086,-0.427232
4.087000000000001,-0.344522
4.088,-0.449648
4.089,-0.575704
4.090000000000001,-0.387504
4.091,-0.772822
4.0920000000000005,-0.151032
4.093,-0.123991
4.094,-0.646533
4.095000000000001,-0.327491
4.096,-0.454177
4.097,-0.627314
4.098000000000001,-0.263037
4.099,-0.657976
4.1000000000000005,-0.401633
4.101,-0.479719
4.102,-0.302993
4.103000000000001,-0.425795
4.104,-0.788089
4.105,-0.581142
4.106000000000001,-0.270766
4.107,-0.001821
4.1080000000000005,-0.277988
4.109,-0.433273
4.11,-0.576448
4.111000000000001,-0.324211
4.112,-0.261435
4.113,-0.346172
4.114000000000001,-0.614668
4.115,-0.356483
4.1160000000000005,-0.147257
4.117,-0.207738
4.118,-0.380273
4.119000000000001,-0.441697
4.12,-0.596346
4.121,-0.912996
4.122000000000001,-0.456517
4.123,-0.189208
4.1240000000000006,-0.488102
4.125,-0.43832
4.126,-0.603268
4.127000000000001,-0.576438
4.128,-0.340858
4.129,-0.563777
4.130000000000001,-0.295871
4.131,-0.297432
4.132000000000001,-0.972803
4.133,-0.533919
4.134,-0.118181
4.135000000000001,-0.33632
4.136,-0.515547
4.1370000000000005,-0.395056
4.138,-0.370566
4.139,-0.786332
4.140000000000001,-0.65366
4.141,-0.371125
4.142,-0.38014
4.143000000000001,-0.325815
4.144,-0.157328
4.1450000000000005,-0.120947
4.146,-0.337492
4.147,-0.625513
4.148000000000001,-0.58643
4.149,-0.17344
4.15,-0.691053
4.151000000000001,-0.235419
4.152,-0.177317
4.1530000000000005,-0.339632
4.154,-0.718267
4.155,-0.306209
4.156000000000001,-0.571461
4.157,-0.585609
4.158,-0.815484
4.159000000000001,-0.218679
4.16,-0.520197
4.1610000000000005,-0.210655
4.162,-0.135346
4.163,-0.428178
4.164000000000001,-0.521105
4.165,-0.485398
4.166,-0.463353
4.167000000000001,-0.592356
4.168,-0.574395
4.1690000000000005,-0.792265
4.17,-0.574733
4.171,-0.338587
4.172000000000001,-0.40156
4.173,-0.777379
4.174,-0.476506
4.175000000000001,-0.365168
4.176,-0.611117
4.1770000000000005,-0.423812
4.178,-0.438343
4.179,-0.126025
4.180000000000001,0.021757
4.181,-0.027455
4.182,-0.495807
4.183000000000001,-0.580251
4.184,-0.343797
4.1850000000000005,-0.168547
4.186,-0.51604
4.187,-0.42699
4.188000000000001,-0.570257
4.189,-0.353927
4.19,-0.254643
4.191000000000001,-0.320122
4.192,-0.498013
4.1930000000000005,-0.661933
4.194,-0.482779
4.195,-0.19952
4.196000000000001,-0.258
4.197,-0.429999
4.198,-0.322688
4.199000000000001,-0.696886
4.2,-0.590755
4.2010000000000005,-0.592607
4.202,-0.482996
4.203,-0.60761
4.204000000000001,-0.330782
4.205,-0.294867
4.206,-0.343109
4.207000000000001,-0.598171
4.208,-0.237123
4.2090000000000005,-0.36805
4.21,-0.46873
4.211,-0.562199
4.212000000000001,-0.509241
4.213,-0.430153
4.214,-0.389863
4.215000000000001,-0.450766
4.216,-0.237292
4.2170000000000005,-0.295507
4.218,-0.601931
4.219,-0.391586
4.220000000000001,-0.084126
4.221,-0.286894
4.222,-0.227392
4.223000000000001,-0.188261
4.224,-0.608702
4.2250000000000005,-0.068061
4.226,-0.539092
4.227,-0.726377
4.228000000000001,-0.577965
4.229,-0.684495
4.23,-0.247604
4.231000000000001,-0.279724
4.232,-0.477297
4.2330000000000005,-0.069185
4.234,-0.24907
4.235,-0.608375
4.236000000000001,-0.691727
4.237,-0.49296
4.238,-0.638815
4.239000000000001,-0.423281
4.24,-0.3592
4.2410000000000005,-0.055317
4.242,-0.454565
4.243,-0.502173
4.244000000000001,-0.429114
4.245,-0.55694
4.246,-0.426665
4.247000000000001,-0.298909
4.248,-0.475391
4.2490000000000006,-0.207588
4.25,-0.386596
4.251,-0.668766
4.252000000000001,-0.572106
4.253,-0.239303
4.254,-0.580476
4.255000000000001,-0.295834
4.256,-0.285305
4.257000000000001,-0.249605
4.258,-0.331577
4.259,-0.675718
4.260000000000001,-0.463781
4.261,-0.745494
4.2620000000000005,-0.903574
4.263000000000001,-0.505796
4.264,-0.349771
4.265000000000001,-0.641717
4.266,-0.683371
4.267,-0.648561
4.268000000000001,-0.545013
4.269,-0.782456
4.2700000000000005,-0.670386
4.271,-0.398064
4.272,-0.421157
4.273000000000001,-0.366998
4.274,-0.263353
4.275,-0.498202
4.276000000000001,-0.411821
4.277,-0.291759
4.2780000000000005,-0.450814
4.279,-0.255823
4.28,-0.852692
4.281000000000001,-0.587359
4.282,-0.582381
4.283,-0.355809
4.284000000000001,-0.430973
4.285,-0.381277
4.2860000000000005,-0.394576
4.287,-0.714442
4.288,-0.379783
4.289000000000001,-0.668004
4.29,-0.947678
4.291,0.00831
4.292000000000001,-0.620646
4.293,-0.175951
4.2940000000000005,-0.325653
4.295,-0.67384
4.296,-0.582375
4.297000000000001,0.212633
4.298,-0.414077
4.299,-0.679241
4.300000000000001,-0.3497
4.301,-0.311473
4.3020000000000005,-0.24347
4.303,-0.316429
4.304,-0.0801
4.305000000000001,-0.528105
4.306,-0.153784
4.307,-0.655187
4.308000000000001,-0.67092
4.309,-0.485058
4.3100000000000005,-0.590157
4.311,-0.59488
4.312,-0.803782
4.313000000000001,-0.581851
4.314,-0.734693
4.315,-0.715617
4.316000000000001,-0.721555
4.317,-0.71579
4.3180000000000005,-0.719056
4.319,-0.268646
4.32,-0.632776
4.321000000000001,-0.538966
4.322,-0.38796
4.323,-0.126201
4.324000000000001,-0.263271
4.325,-0.133171
4.3260000000000005,-0.469455
4.327,-0.672664
4.328,-0.309275
4.329000000000001,-0.417673
4.33,-0.428692
4.331,-0.365175
4.332000000000001,-0.4762
4.333,-0.458648
4.3340000000000005,-0.232679
4.335,-0.101137
4.336,0.001935
4.337000000000001,-0.623546
4.338,-0.768303
4.339,-0.455621
4.340000000000001,-0.300052
4.341,-0.76049
4.3420000000000005,-0.511742
4.343,-0.108933
4.344,-0.340159
4.345000000000001,0.365056
4.346,-0.436455
4.347,-0.528328
4.348000000000001,-0.350749
4.349,-0.556374
4.3500000000000005,-0.341712
4.351,-0.447456
4.352,-0.511147
4.353000000000001,-0.704401
4.354,-0.316247
4.355,-0.444986
4.356000000000001,-0.406518
4.357,-0.28451
4.3580000000000005,-0.119837
4.359,-0.703835
4.36,-0.490233
4.361000000000001,-0.645106
4.362,-0.581062
4.363,-0.563728
4.364000000000001,-0.874867
4.365,-0.156879
4.3660000000000005,-0.353375
4.367,-0.389445
4.368,-0.67914
4.369000000000001,-0.28607
4.37,-0.558854
4.371,-0.075023
4.372000000000001,-0.729942
4.373,-0.392763
4.3740000000000006,-0.387746
4.375,-0.8677
4.376,-0.477623
4.377000000000001,-0.125657
4.378,-0.569951
4.379,-0.573767
4.380000000000001,-0.852219
4.381,-0.438982
4.382000000000001,-0.26687
4.383,-0.522694
4.384,-0.458038
4.385000000000001,-0.414615
4.386,-0.5255
4.3870000000000005,-0.284493
4.388000000000001,-0.396937
4.389,-0.340194
4.390000000000001,-0.560565
4.391,-0.131705
4.392,-0.517758
4.393000000000001,-0.602241
4.394,-0.174761
4.3950000000000005,0.088665
4.396000000000001,-0.603412
4.397,-0.289225
4.398000000000001,-0.676253
4.399,-0.258759
4.4,-0.347102
4.401000000000001,-0.466838
4.402,-0.460753
4.4030000000000005,-0.041492
4.404000000000001,-1.185911
4.405,-0.791196
4.406000000000001,-0.137924
4.407,-0.505059
4.408,-0.346928
4.409000000000001,-0.208555
4.41,-0.537752
4.4110000000000005,-0.455345
4.412,-0.472364
4.413,-0.190484
4.414000000000001,-0.540594
4.415,-0.621093
4.416,-0.458991
4.417000000000001,-0.530057
4.418,-0.497321
4.4190000000000005,-0.682451
4.42,-0.370804
4.421,-0.666381
4.422000000000001,-0.61424
4.423,-0.628824
4.424,-0.083479
4.425000000000001,-0.458909
4.426,-0.185713
4.4270000000000005,-0.589777
4.428,-0.106674
4.429,-0.540569
4.430000000000001,-0.302993
4.431,-0.358915
4.432,-0.69987
4.433000000000001,-0.630997
4.434,-0.070033
4.4350000000000005,-0.898443
4.436,-0.628124
4.437,-0.670951
4.438000000000001,-0.609694
4.439,-0.446041
4.44,-0.586735
4.441000000000001,-0.50218
4.442,-0.425757
4.4430000000000005,-0.558462
4.444,-0.718182
4.445,-0.031021
4.446000000000001,-0.295071
4.447,-0.321537
4.448,-1.048852
4.449000000000001,-0.609068
4.45,-0.459305
4.4510000000000005,-0.656142
4.452,-0.353579
4.453,-0.306873
4.454000000000001,-0.733163
4.455,-0.291686
4.456,-0.606674
4.457000000000001,-0.619084
4.458,-0.271308
4.4590000000000005,-0.608375
4.46,-0.378116
4.461,-0.32805
4.462000000000001,-0.38361
4.463,-0.739035
4.464,-0.632878
4.465000000000001,-0.520764
4.466,-0.25874
4.4670000000000005,-0.179605
4.468,-0.159551
4.469,-0.862415
4.470000000000001,-0.529714
4.471,-0.785967
4.472,-0.646215
4.473000000000001,-0.305344
4.474,-0.551391
4.4750000000000005,-0.383639
4.476,-0.768085
4.477,-0.498006
4.478000000000001,-0.508298
4.479,-0.263413
4.48,-0.417296
4.481000000000001,-0.524984
4.482,-0.751194
4.4830000000000005,-0.108008
4.484,-0.12904
4.485,-0.358394
4.486000000000001,-0.392537
4.487,-0.388861
4.488,-0.705539
4.489000000000001,-0.516417
4.49,-0.586403
4.4910000000000005,-0.700447
4.492,-0.662855
4.493,-0.283687
4.494000000000001,-0.452435
4.495,-0.332596
4.496,-0.546559
4.497000000000001,-0.572071
4.498,-0.458912
4.4990000000000006,-0.436519
4.5,-0.395684
4.501,-0.362869
4.502000000000001,-0.617027
4.503,-0.319254
4.504,-0.85505
4.505000000000001,-0.776407
4.506,-0.314498
4.507000000000001,-0.291126
4.508,-0.234494
4.509,-0.381872
4.510000000000001,-0.547269
4.511,-0.373751
4.5120000000000005,-0.435022
4.513000000000001,-0.769127
4.514,-0.654231
4.515000000000001,-0.533084
4.516,-0.300581
4.517,-0.352853
4.518000000000001,-0.537758
4.519,-0.554798
4.5200000000000005,-0.552935
4.521000000000001,-0.28048
4.522,-0.277257
4.523000000000001,-0.389661
4.524,-0.225539
4.525,-0.331495
4.526000000000001,-0.24228
4.527,-0.440724
4.5280000000000005,-0.488753
4.529000000000001,-0.499687
4.53,-0.314633
4.531000000000001,-0.359448
4.532,-0.615025
4.533,-0.397763
4.534000000000001,-0.420346
4.535,-0.457419
4.5360000000000005,-0.360406
4.537000000000001,-0.525166
4.538,-0.596111
4.539000000000001,-0.454872
4.54,-0.23882
4.541,-0.24959
4.542000000000001,-0.349725
4.543,-0.388894
4.5440000000000005,-0.473086
4.545,-0.439455
4.546,-0.079203
4.547000000000001,-0.484951
4.548,-0.723023
4.549,-0.70051
4.550000000000001,-0.540361
4.551,-0.449016
4.5520000000000005,-0.760114
4.553,-0.309294
4.554,-0.43696
4.555000000000001,-0.475908
4.556,-0.608238
4.557,-0.475615
4.558000000000001,-0.616182
4.559,-0.623844
4.5600000000000005,-0.339721
4.561,-0.541113
4.562,-0.428812
4.563000000000001,-0.384899
4.564,-0.429386
4.565,-0.313346
4.566000000000001,-0.587333
4.567,-0.391801
4.5680000000000005,-0.345713
4.569,-0.747825
4.57,-0.44579
4.571000000000001,-0.513816
4.572,-0.639448
4.573,-0.504753
4.574000000000001,-0.729892
4.575,-0.206017
4.5760000000000005,-0.676269
4.577,-0.705127
4.578,-0.623821
4.579000000000001,-0.120239
4.58,-0.288468
4.581,-0.305253
4.582000000000001,-0.384915
4.583,-0.726506
4.5840000000000005,-0.488075
4.585,-0.603429
4.586,-0.418434
4.587000000000001,-0.590158
4.588,-0.866465
4.589,-0.324963
4.590000000000001,-0.260646
4.591,-0.598661
4.5920000000000005,-0.284506
4.593,-0.263547
4.594,-0.418045
4.595000000000001,-0.457788
4.596,-0.290089
4.597,-0.53572
4.598000000000001,-0.480082
4.599,-0.951137
4.6000000000000005,-0.573708
4.601,-0.631473
4.602,-0.330622
4.603000000000001,-0.414881
4.604,-0.670402
4.605,-0.670713
4.606000000000001,-0.367943
4.607,-0.364858
4.6080000000000005,-0.264772
4.609,-0.438381
4.61,-0.507953
4.611000000000001,-0.409159
4.612,-0.617712
4.613,-0.697246
4.614000000000001,-0.099329
4.615,-0.114288
4.6160000000000005,-0.5186
4.617,-0.809745
4.618,-0.41751
4.619000000000001,-0.371678
4.62,-0.539351
4.621,-0.162205
4.622000000000001,-0.434437
4.623,-0.709002
4.6240000000000006,-0.635127
4.625,-0.686151
4.626,-0.440914
4.627000000000001,-0.662261
4.628,-0.72191
4.629,-0.383682
4.630000000000001,-0.38857
4.631,-0.788798
4.632000000000001,-0.699135
4.633,-0.6852
4.634,-0.122012
4.635000000000001,-0.608724
4.636,-0.25551
4.6370000000000005,-0.247959
4.638000000000001,-0.122914
4.639,-0.513565
4.640000000000001,-0.484231
4.641,-0.486407
4.642,-0.568627
4.643000000000001,-0.559182
4.644,-0.696985
4.6450000000000005,-0.439547
4.646000000000001,-0.55451
4.647,-0.423561
4.648000000000001,-0.721039
4.649,-0.376952
4.65,-0.74238
4.651000000000001,-0.486046
4.652,-0.261107
4.6530000000000005,-0.708745
4.654000000000001,-0.192662
4.655,-0.493258
4.656000000000001,-0.626949
4.657,-0.49885
4.658,-0.672978
4.659000000000001,-0.542347
4.66,-0.862681
4.6610000000000005,-0.473004
4.662000000000001,-0.642788
4.663,-0.117639
4.664000000000001,-0.691648
4.665,-0.376397
4.666,-0.408256
4.667000000000001,-0.717525
4.668,-0.39211
4.6690000000000005,-0.194721
4.670000000000001,-0.824321
4.671,-0.30074
4.672000000000001,-0.393719
4.673,-0.304951
4.674,-0.228382
4.675000000000001,-0.61915
4.676,-0.476144
4.6770000000000005,-0.671839
4.678000000000001,-0.529313
4.679,-0.347445
4.680000000000001,-0.184652
4.681,-0.331526
4.682,-0.360698
4.683000000000001,-0.538119
4.684,-0.435638
4.6850000000000005,-0.600568
4.686,-0.686989
4.687,-0.6385
4.688000000000001,-0.284503
4.689,-0.528369
4.69,-0.524834
4.691000000000001,-0.554121
4.692,-0.090558
4.6930000000000005,-0.144637
4.694,-0.432598
4.695,-0.421207
4.696000000000001,-0.344342
4.697,-0.867909
4.698,-0.681106
4.699000000000001,-0.301464
4.7,-0.316404
4.7010000000000005,-0.618085
4.702,-0.298802
4.703,-0.571967
4.704000000000001,-0.414239
4.705,-0.769193
4.706,-0.385313
4.707000000000001,-0.196659
4.708,-0.277213
4.7090000000000005,-0.618386
4.71,-0.621702
4.711,-0.054554
4.712000000000001,-0.274851
4.713,-0.322304
4.714,0.015176
4.715000000000001,-0.471798
4.716,-0.206214
4.7170000000000005,-0.34014
4.718,-0.246995
4.719,-0.510512
4.720000000000001,-0.675392
4.721,-0.392701
4.722,-0.207036
4.723000000000001,-0.460675
4.724,-0.734818
4.7250000000000005,-0.601902
4.726,-0.35624
4.727,-0.15611
4.728000000000001,-0.33005
4.729,-0.425842
4.73,0.016687
4.731000000000001,-0.427446
4.732,-0.426949
4.7330000000000005,-0.540429
4.734,-0.61078
4.735,-0.287728
4.736000000000001,-0.311331
4.737,-0.6034
4.738,-0.686974
4.739000000000001,-0.462932
4.74,-0.627666
4.7410000000000005,-0.593321
4.742,-0.060599
4.743,-0.340307
4.744000000000001,-0.433702
4.745,-0.433453
4.746,-0.337965
4.747000000000001,-0.50462
4.748,-0.582619
4.7490000000000006,-0.758304
4.75,-0.408854
4.751,-0.562832
4.752000000000001,-0.376115
4.753,-0.294074
4.754,-0.044426
4.755000000000001,-0.83851
4.756,-0.803899
4.757000000000001,-0.665482
4.758,-0.339196
4.759,-0.371494
4.760000000000001,-0.197536
4.761,-0.367223
4.7620000000000005,-0.459385
4.763000000000001,-0.378912
4.764,-0.353055
4.765000000000001,-0.364293
4.766,-0.407557
4.767,-0.548941
4.768000000000001,-0.551574
4.769,-0.654134
4.7700000000000005,-0.433345
4.771000000000001,-0.402555
4.772,-0.533122
4.773000000000001,-0.602808
4.774,-0.558349
4.775,-0.566938
4.776000000000001,-0.347413
4.777,-0.609846
4.7780000000000005,-0.290901
4.779000000000001,-0.567347
4.78,-0.149333
4.781000000000001,-0.398247
4.782,-0.820425
4.783,-0.548502
4.784000000000001,-0.8008
4.785,-0.56483
4.7860000000000005,-0.70648
4.787000000000001,-0.380808
4.788,-0.471212
4.789000000000001,-0.505024
4.79,-0.519815
4.791,-0.472201
4.792000000000001,-0.600611
4.793,-0.511332
4.7940000000000005,-0.443228
4.795000000000001,-0.200025
4.796,-0.47387
4.797000000000001,-0.334009
4.798,-0.25438
4.799,-0.528223
4.800000000000001,-0.622626
4.801,-0.558618
4.8020000000000005,-0.380119
4.803000000000001,-0.560619
4.804,-0.643934
4.805000000000001,-0.607295
4.806,-0.2756
4.807,-0.552016
4.808000000000001,-0.498575
4.809,-0.339077
4.8100000000000005,-0.379584
4.811000000000001,-0.306254
4.812,-0.259737
4.813000000000001,-0.579724
4.814,-0.713138
4.815,-0.343926
4.816000000000001,-0.551682
4.817,-0.439124
4.8180000000000005,-0.216487
4.819,-0.228548
4.82,-0.399705
4.821000000000001,-0.377781
4.822,-0.347291
4.823,-0.351989
4.824000000000001,-0.325507
4.825,-0.307058
4.8260000000000005,-0.378198
4.827,-0.699259
4.828,-0.366689
4.829000000000001,-0.650202
4.83,-0.467776
4.831,-0.434911
4.832000000000001,-0.437263
4.833,-0.690861
4.8340000000000005,-0.007267
4.835,-0.509409
4.836,-0.705596
4.837000000000001,-0.519829
4.838,-0.21225
4.839,-0.660341
4.840000000000001,-0.503875
4.841,-0.494128
4.8420000000000005,-0.57577
4.843,-0.114239
4.844,-0.455324
4.845000000000001,-0.680413
4.846,-0.336053
4.847,-0.690014
4.848000000000001,-0.0984
4.849,-0.79759
4.8500000000000005,-0.240185
4.851,-0.31484
4.852,-0.650586
4.853000000000001,-0.900106
4.854,-0.587329
4.855,-0.175816
4.856000000000001,-0.518711
4.857,-0.633071
4.8580000000000005,-0.534239
4.859,-0.405854
4.86,-0.280499
4.861000000000001,-0.37768
4.862,-0.119764
4.863,-0.648458
4.864000000000001,-0.8651
4.865,-0.303026
4.8660000000000005,-0.590908
4.867,-0.616333
4.868,-0.313214
4.869000000000001,-0.608084
4.87,-0.403037
4.871,-0.419352
4.872000000000001,-0.692042
4.873,-0.363977
4.8740000000000006,-0.134263
4.875,-0.378797
4.876,-0.593017
4.877000000000001,-0.474125
4.878,-0.212111
4.879,-0.28369
4.880000000000001,-0.271765
4.881,-0.746877
4.882000000000001,-0.586962
4.883,-0.693032
4.884,-0.346796
4.885000000000001,-0.343944
4.886,-0.503673
4.8870000000000005,-0.726842
4.888000000000001,-0.560334
4.889,-0.748815
4.890000000000001,-0.494396
4.891,-0.269734
4.892,-0.637747
4.893000000000001,-0.396695
4.894,-0.428275
4.8950000000000005,-0.745825
4.896000000000001,-0.12512
4.897,-0.239488
4.898000000000001,-0.482376
4.899,-0.684638
4.9,-0.561185
4.901000000000001,-0.574316
4.902,-0.607338
4.9030000000000005,-0.262746
4.904000000000001,-0.65676
4.905,-0.54628
4.906000000000001,-0.319593
4.907,-0.054386
4.908,-0.409373
4.909000000000001,-0.484018
4.91,-0.621098
4.9110000000000005,-0.484048
4.912000000000001,-0.98254
4.913,-0.501579
4.914000000000001,-0.498662
4.915,-0.394803
4.916,-0.645684
4.917000000000001,-0.451938
4.918,-0.70126
4.9190000000000005,-0.624955
4.920000000000001,-0.622509
4.921,-0.543035
4.922000000000001,-0.448612
4.923,-0.58876
4.924,-0.223524
4.925000000000001,-0.519757
4.926,-0.61783
4.9270000000000005,-0.53572
4.928000000000001,-0.476259
4.929,-0.416693
4.930000000000001,-0.501627
4.931,-0.515723
4.932,-0.367806
4.933000000000001,-1.122633
4.934,-0.805595
4.9350000000000005,-0.75119
4.936000000000001,-0.524985
4.937,-0.397529
4.938000000000001,-0.549105
4.939,-0.690434
4.94,-0.39625
4.941000000000001,0.080819
4.942,-0.111191
4.9430000000000005,-0.679997
4.944000000000001,-0.490195
4.945,-0.466499
4.946000000000001,-0.256624
4.947,-0.250701
4.948,-0.567546
4.949000000000001,-0.320748
4.95,-0.318722
4.9510000000000005,0.210507
4.952000000000001,0.091997
4.953,-0.434514
4.954000000000001,-0.396885
4.955,-0.23117
4.956,-0.304927
4.957000000000001,-0.093177
4.958,-0.405243
4.9590000000000005,-0.396541
4.96,-0.452753
4.961,-0.758003
4.962000000000001,-0.589799
4.963,-0.434399
4.964,-0.905742
4.965000000000001,-0.4033
4.966,-0.361421
4.9670000000000005,-0.678685
4.968,-0.235407
4.969,-0.452141
4.970000000000001,-0.409637
4.971,-0.177813
4.972,-0.286112
4.973000000000001,-0.525273
4.974,-0.790104
4.9750000000000005,-0.185567
4.976,-0.25443
4.977,-0.611024
4.978000000000001,-0.741348
4.979,-0.524947
4.98,-0.241996
4.981000000000001,-0.313789
4.982,-0.443767
4.9830000000000005,-0.533062
4.984,-0.646578
4.985,-0.395529
4.986000000000001,-0.303685
4.987,-0.312238
4.988,-0.607917
4.989000000000001,-0.162037
4.99,-0.53572
4.9910000000000005,-0.201957
4.992,-0.117488
4.993,-0.511075
4.994000000000001,-0.387667
4.995,-0.926137
4.996,-0.408085
4.997000000000001,-0.621249
4.998,-0.615478
4.9990000000000006,-0.39234
5.0,-0.489969
5.001,-0.449193
5.002000000000001,-0.708088
5.003,-1.098421
5.004,-0.651261
5.005000000000001,-0.257576
5.006,-0.604199
5.007000000000001,-0.251044
5.008,-0.46051
5.009,-0.507384
5.010000000000001,-0.710252
5.011,-0.208373
5.0120000000000005,-0.181711
5.013000000000001,-0.340047
5.014,-0.559803
5.015000000000001,-0.587375
5.016,-0.470508
5.017,-0.527517
5.018000000000001,-0.371453
5.019,-0.408635
5.0200000000000005,-0.507714
5.021000000000001,-0.668882
5.022,-0.468232
5.023000000000001,-0.664949
5.024,-0.271563
5.025,-0.400533
5.026000000000001,-0.48205
5.027,-1.013484
5.0280000000000005,-0.521676
5.029000000000001,-0.799615
5.03,-0.322109
5.031000000000001,-0.529927
5.032,-0.877104
5.033,-0.583995
5.034000000000001,-0.503516
5.035,-0.613634
5.0360000000000005,-0.692047
5.037000000000001,-0.258083
5.038,0.033253
5.039000000000001,-0.599328
5.04,-0.590363
5.041,-0.506702
5.042000000000001,-0.301537
5.043,-0.719877
5.0440000000000005,-0.61689
5.045000000000001,-0.886937
5.046,-0.403325
5.047000000000001,0.089828
5.048,-0.314604
5.049,-0.198325
5.050000000000001,-0.424044
5.051,-0.262935
5.0520000000000005,-0.551534
5.053000000000001,-0.651489
5.054,-0.69447
5.055000000000001,-0.171741
5.056,-0.41728
5.057,-0.401307
5.058000000000001,-0.418662
5.059,-0.396558
5.0600000000000005,-0.569989
5.061000000000001,-0.045246
5.062,-0.734972
5.063000000000001,-0.621199
5.064,-0.763741
5.065,-0.730185
5.066000000000001,-0.607031
5.067,-0.503956
5.0680000000000005,-0.280503
5.069000000000001,-0.462566
5.07,-0.603123
5.071000000000001,-0.270927
5.072,-0.709814
5.073,-0.512897
5.074000000000001,-0.430685
5.075,-0.940509
5.0760000000000005,-0.404955
5.077000000000001,-0.486741
5.078,-0.502273
5.079000000000001,-0.746026
5.08,-0.362029
5.081,-0.404695
5.082000000000001,-0.365371
5.083,-0.501407
5.0840000000000005,-0.472074
5.085000000000001,-0.562235
5.086,-0.438697
5.087000000000001,-0.534183
5.088,-0.679535
5.089,-0.417571
5.090000000000001,-0.358069
5.091,-0.242114
5.0920000000000005,-0.522794
5.093000000000001,-0.068403
5.094,-0.570826
5.095000000000001,-0.454354
5.096,-0.518138
5.097,-0.85392
5.098000000000001,-0.299685
5.099,-0.488617
5.1000000000000005,-0.586431
5.101,-0.669875
5.102,-0.288521
5.103000000000001,0.009834
5.104,-0.486245
5.105,-0.664527
5.106000000000001,-0.763916
5.107,-0.335173
5.1080000000000005,-0.486306
5.109,-0.183552
5.11,-0.544376
5.111000000000001,-0.532762
5.112,-0.40065
5.113,-0.434445
5.114000000000001,-0.931087
5.115,-0.410894
5.1160000000000005,-0.633923
5.117,-0.457807
5.118,-0.391952
5.119000000000001,-0.461631
5.12,-0.234317
5.121,-0.012859
5.122000000000001,-0.567047
5.123,-0.126193
5.1240000000000006,-0.679743
5.125,-0.778683
5.126,-0.309586
5.127000000000001,-0.620101
5.128,-0.837868
5.129,-0.46544
5.130000000000001,-0.579987
5.131,-0.669782
5.132000000000001,-0.292254
5.133,-0.716969
5.134,-0.721593
5.135000000000001,-0.172041
5.136,-0.439525
5.1370000000000005,-0.538331
5.138000000000001,-0.417153
5.139,-0.533358
5.140000000000001,-0.410501
5.141,-0.517989
5.142,-0.748078
5.143000000000001,-0.695437
5.144,-0.558139
5.1450000000000005,-0.165612
5.146000000000001,-0.680353
5.147,-0.548119
5.148000000000001,-0.294815
5.149,-0.432822
5.15,-0.169634
5.151000000000001,-0.680567
5.152,-0.569352
5.1530000000000005,-0.907678
5.154000000000001,-0.285301
5.155,-0.402821
5.156000000000001,-0.529433
5.157,-0.079246
5.158,-0.688952
5.159000000000001,-0.47248
5.16,-0.38533
5.1610000000000005,-0.793938
5.162000000000001,-0.589925
5.163,-0.179766
5.164000000000001,-0.52531
5.165,-0.727583
5.166,-0.795011
5.167000000000001,-0.415877
5.168,-0.613757
5.1690000000000005,-0.561101
5.170000000000001,-0.621915
5.171,-0.527034
5.172000000000001,-0.43456
5.173,-0.857693
5.174,-0.265859
5.175000000000001,-0.325887
5.176,-0.301101
5.1770000000000005,-0.520077
5.178000000000001,-0.499745
5.179,-0.19179
5.180000000000001,-0.761536
5.181,-0.714444
5.182,-0.480379
5.183000000000001,-0.368547
5.184,-0.564923
5.1850000000000005,-0.58006
5.186000000000001,-0.643814
5.187,-0.117137
5.188000000000001,-0.474125
5.189,-0.608971
5.19,-0.535708
5.191000000000001,-0.431464
5.192,-0.264236
5.1930000000000005,-0.460987
5.194000000000001,-0.546687
5.195,-0.572143
5.196000000000001,-0.457444
5.197,-0.256175
5.198,-0.337552
5.199000000000001,-0.652032
5.2,-0.540091
5.2010000000000005,-0.0982
5.202000000000001,-0.405062
5.203,-0.618459
5.204000000000001,-0.41937
5.205,-0.490602
5.206,-0.462769
5.207000000000001,-0.456396
5.208,-0.513415
5.2090000000000005,-0.235541
5.210000000000001,-0.48215
5.211,-0.517602
5.212000000000001,-0.675055
5.213,-0.466273
5.214,-0.581067
5.215000000000001,-0.18974
5.216,-0.412341
5.2170000000000005,-0.409677
5.218000000000001,-0.8484
5.219,-0.59042
5.220000000000001,-0.420356
5.221,-0.504689
5.222,-0.387052
5.223000000000001,-0.623997
5.224,-0.496529
5.2250000000000005,-0.430211
5.226000000000001,-0.780672
5.227,-0.873153
5.228000000000001,-0.700036
5.229,-0.531671
5.23,-0.462864
5.231000000000001,-0.449871
5.232,0.043409
5.2330000000000005,-0.655224
5.234,-0.313895
5.235,-0.513037
5.236000000000001,-0.58146
5.237,-0.849993
5.238,-0.520806
5.239000000000001,-0.335607
5.24,-0.500586
5.2410000000000005,-0.661842
5.242,-0.69681
5.243,-0.129667
5.244000000000001,-0.689031
5.245,-0.551735
5.246,-0.715575
5.247000000000001,-0.387481
5.248,0.061363
5.2490000000000006,-0.590171
5.25,-0.391083
5.251,-0.216466
5.252000000000001,-0.225946
5.253,-0.292494
5.254,-0.319425
5.255000000000001,-0.515817
5.256,-0.859736
5.257000000000001,-0.440442
5.258,-0.416239
5.259,-0.622122
5.260000000000001,-0.663787
5.261,-0.442648
5.2620000000000005,-0.367198
5.263000000000001,-0.465751
5.264,-0.52639
5.265000000000001,-0.62244
5.266,-0.699854
5.267,-0.582522
5.268000000000001,-0.540756
5.269,-0.211157
5.2700000000000005,-0.453677
5.271000000000001,-0.752174
5.272,-1.002317
5.273000000000001,-0.405618
5.274,-0.427816
5.275,-0.607957
5.276000000000001,-0.501722
5.277,-0.357746
5.2780000000000005,-0.336696
5.279000000000001,-0.43842
5.28,-1.104303
5.281000000000001,-0.51165
5.282,-0.631798
5.283,-0.405285
5.284000000000001,-0.570083
5.285,-0.432249
5.2860000000000005,-0.447846
5.287000000000001,-0.716816
5.288,-0.216313
5.289000000000001,-0.617645
5.29,-0.885175
5.291,-0.514622
5.292000000000001,-0.353644
5.293,-0.247673
5.2940000000000005,-0.349882
5.295000000000001,-0.431038
5.296,-0.04858
5.297000000000001,-0.635856
5.298,-0.697526
5.299,-0.497796
5.300000000000001,-0.604724
5.301,-0.744921
5.3020000000000005,-0.48327
5.303000000000001,-0.420595
5.304,-0.517022
5.305000000000001,-0.179243
5.306,-0.588584
5.307,-0.858113
5.308000000000001,-0.645211
5.309,-0.478884
5.3100000000000005,-0.625519
5.311000000000001,-0.674358
5.312,-0.690057
5.313000000000001,-0.615326
5.314,-0.496093
5.315,-0.620984
5.316000000000001,-0.693155
5.317,-0.374325
5.3180000000000005,-0.034165
5.319000000000001,-0.532673
5.32,-0.326653
5.321000000000001,-0.376058
5.322,-0.308639
5.323,-0.353863
5.324000000000001,-0.726841
5.325,-0.746594
5.3260000000000005,-0.240931
5.327000000000001,-0.310704
5.328,-0.665949
5.329000000000001,-0.483712
5.33,-0.387194
5.331,-0.883422
5.332000000000001,-0.897231
5.333,-0.682633
5.3340000000000005,-0.428424
5.335000000000001,-0.748787
5.336,-0.227275
5.337000000000001,-0.605249
5.338,-0.636763
5.339,-0.540531
5.340000000000001,-0.246289
5.341,-0.168703
5.3420000000000005,-0.599878
5.343000000000001,-0.421611
5.344,-0.484356
5.345000000000001,-0.645793
5.346,-0.517888
5.347,-0.55852
5.348000000000001,-0.699844
5.349,-0.486568
5.3500000000000005,-0.591465
5.351000000000001,-0.651798
5.352,-0.777114
5.353000000000001,-0.577697
5.354,-0.573872
5.355,-0.408911
5.356000000000001,-0.245177
5.357,-0.427629
5.3580000000000005,-0.550232
5.359000000000001,-0.775967
5.36,-0.549223
5.361000000000001,-0.169926
5.362,-0.357201
5.363,-0.621006
5.364000000000001,-0.419595
5.365,-0.53595
5.3660000000000005,-0.433601
5.367000000000001,-0.130632
5.368,-0.228044
5.369000000000001,-0.44857
5.37,-0.634717
5.371,-0.506846
5.372000000000001,-0.407316
5.373,-0.306482
5.3740000000000006,-0.5198
5.375,-0.572939
5.376,-0.60232
5.377000000000001,-0.570153
5.378,-0.425168
5.379,-0.507647
5.380000000000001,-0.197935
5.381,-0.859931
5.382000000000001,-0.33939
5.383,-0.862216
5.384,-0.565255
5.385000000000001,-0.487518
5.386,-0.667595
5.3870000000000005,-0.168815
5.388000000000001,-0.650455
5.389,-0.564446
5.390000000000001,-0.410431
5.391,-0.490724
5.392,-0.362802
5.393000000000001,-0.69623
5.394,-0.434795
5.3950000000000005,-0.445323
5.396000000000001,-0.604346
5.397,-0.374353
5.398000000000001,-0.474059
5.399,-0.187889
5.4,-0.454795
5.401000000000001,-0.56127
5.402,-0.898793
5.4030000000000005,-0.602648
5.404000000000001,-0.456464
5.405,-0.795711
5.406000000000001,-0.391851
5.407,-0.454619
5.408,-0.89171
5.409000000000001,-0.616031
5.41,-0.70369
5.4110000000000005,-0.516877
5.412000000000001,-0.34165
5.413,-0.701327
5.414000000000001,-0.376452
5.415,-0.118427
5.416,-0.395162
5.417000000000001,-0.273289
5.418,-0.865887
5.4190000000000005,-0.581853
5.420000000000001,-0.383276
5.421,-0.443712
5.422000000000001,-0.393886
5.423,-0.3041
5.424,-0.77065
5.425000000000001,-0.50192
5.426,-0.721903
5.4270000000000005,-0.724152
5.428000000000001,-0.554611
5.429,-0.616075
5.430000000000001,-0.410042
5.431,-0.84007
5.432,-0.817986
5.433000000000001,-0.655365
5.434,-0.737091
5.4350000000000005,-0.086863
5.436000000000001,-0.349479
5.437,-0.558241
5.438000000000001,-0.692539
5.439,-0.26021
5.44,-0.903747
5.441000000000001,-0.82473
5.442,-0.479414
5.4430000000000005,-0.140034
5.444000000000001,-0.649509
5.445,-0.443743
5.446000000000001,-0.323262
5.447,-0.215478
5.448,-0.530507
5.449000000000001,-0.668533
5.45,-0.412965
5.4510000000000005,-0.605894
5.452000000000001,-0.303272
5.453,-0.50245
5.454000000000001,-0.387557
5.455,-0.512408
5.456,-0.162797
5.457000000000001,-0.410537
5.458,-0.800644
5.4590000000000005,-0.51324
5.460000000000001,-0.671873
5.461,-0.39367
5.462000000000001,-0.197224
5.463,-0.616678
5.464,-0.693404
5.465000000000001,-0.642318
5.466,-0.696143
5.4670000000000005,-0.97951
5.468000000000001,-0.821789
5.469,-0.249933
5.470000000000001,-0.480077
5.471,-0.483957
5.472,-0.957911
5.473000000000001,-0.719661
5.474,-0.53614
5.4750000000000005,-0.604477
5.476000000000001,-0.306329
5.477,-0.618715
5.478000000000001,-0.732718
5.479,-0.505061
5.48,-0.277228
5.481000000000001,-0.835113
5.482,-0.692294
5.4830000000000005,-0.77295
5.484000000000001,-0.223725
5.485,-0.197315
5.486000000000001,-0.434262
5.487,-0.573237
5.488,-0.558618
5.489000000000001,-0.42704
5.49,-0.400759
5.4910000000000005,-0.290167
5.492000000000001,-0.716241
5.493,-0.551492
5.494000000000001,-0.26208
5.495,-0.403089
5.496,-0.536642
5.497000000000001,-0.309118
5.498,-0.550261
5.4990000000000006,-0.64981
5.500000000000001,-0.763454
5.501,-0.606601
5.502000000000001,-0.376002
5.503,-0.915162
5.504,-0.531242
5.505000000000001,-0.625875
5.506,-0.580757
5.507000000000001,-0.907035
5.508,-0.180567
5.509,-0.669843
5.510000000000001,-0.689921
5.511,-0.696596
5.5120000000000005,-0.719727
5.513000000000001,-0.528461
5.514,-0.488215
5.515000000000001,-0.612007
5.516,-0.846869
5.517,-0.670564
5.518000000000001,-0.51622
5.519,-0.867976
5.5200000000000005,-0.55101
5.521000000000001,-0.448145
5.522,-0.750368
5.523000000000001,-0.162797
5.524,-0.616741
5.525,-0.360358
5.526000000000001,-0.67923
5.527,-0.697274
5.5280000000000005,-0.697936
5.529000000000001,-0.583095
5.53,-0.759673
5.531000000000001,-0.492037
5.532,-0.634192
5.533,-0.765294
5.534000000000001,-0.576122
5.535,-0.652435
5.5360000000000005,-0.673071
5.537000000000001,-0.418181
5.538,-0.349132
5.539000000000001,-0.455272
5.54,-0.520802
5.541,-0.826837
5.542000000000001,-0.692542
5.543,-0.635097
5.5440000000000005,-1.140178
5.545000000000001,-0.520151
5.546,-0.397887
5.547000000000001,-0.657175
5.548,-0.72004
5.549,-0.994054
5.550000000000001,-0.462052
5.551,-0.603233
5.5520000000000005,-0.331172
5.553000000000001,-0.575933
5.554,-0.48529
5.555000000000001,-0.740237
5.556,-0.502463
5.557,-0.610031
5.558000000000001,-0.225735
5.559,-0.624161
5.5600000000000005,-0.531455
5.561000000000001,-0.567773
5.562,-0.721332
5.563000000000001,-0.408826
5.564,-0.564031
5.565,-0.287724
5.566000000000001,-0.21975
5.567,-0.380324
5.5680000000000005,-0.40714
5.569000000000001,-0.593739
5.57,-0.439265
5.571000000000001,-0.200789
5.572,-0.570449
5.573,-0.796791
5.574000000000001,-0.671934
5.575,-0.423839
5.5760000000000005,-0.768523
5.577000000000001,-0.346767
5.578,0.03185
5.579000000000001,-0.60329
5.58,-0.398351
5.581,-0.729354
5.582000000000001,-0.114228
5.583,-0.468232
5.5840000000000005,-0.626693
5.585000000000001,-0.412334
5.586,-0.489472
5.587000000000001,-0.250992
5.588,-0.205304
5.589,-0.70297
5.590000000000001,-0.470571
5.591,-0.316743
5.5920000000000005,-0.614301
5.593000000000001,-0.563174
5.594,-0.625129
5.595000000000001,-0.470248
5.596,-0.588208
5.597,0.014652
5.598000000000001,-0.717386
5.599,-0.256601
5.6000000000000005,-0.670684
5.601000000000001,-0.638337
5.602,-0.784844
5.603000000000001,-0.25225
5.604,-0.772135
5.605,-0.638175
5.606000000000001,-0.447406
5.607,-0.684448
5.6080000000000005,-0.943784
5.609000000000001,-0.54724
5.61,-0.873325
5.611000000000001,-0.186278
5.612,-0.47664
5.613,-0.584622
5.614000000000001,-0.460454
5.615,-0.333129
5.6160000000000005,-0.947252
5.617000000000001,-0.53729
5.618,-0.067824
5.619000000000001,-0.508682
5.62,-0.270029
5.621,-0.790963
5.622000000000001,-0.302203
5.623,-0.431597
5.6240000000000006,-0.542821
5.625000000000001,-0.34358
5.626,-0.724218
5.627000000000001,-0.711713
5.628,-0.282886
5.629,-0.432069
5.630000000000001,-0.288504
5.631,-0.850008
5.632000000000001,-0.657508
5.633000000000001,-0.614028
5.634,-0.312085
5.635000000000001,-0.576693
5.636,-0.52696
5.6370000000000005,-0.439289
5.638000000000001,-0.527081
5.639,-0.675908
5.640000000000001,-0.518351
5.641000000000001,-0.516951
5.642,-0.883827
5.643000000000001,-0.401723
5.644,-0.218863
5.6450000000000005,-0.621863
5.646000000000001,-0.808834
5.647,-0.794364
5.648000000000001,-0.554869
5.649,-0.482616
5.65,-0.360921
5.651000000000001,-0.377139
5.652,-0.576881
5.6530000000000005,-0.412276
5.654000000000001,-0.769109
5.655,-0.166807
5.656000000000001,-0.219557
5.657,-0.920305
5.658,-0.645209
5.659000000000001,-0.534508
5.66,-0.700266
5.6610000000000005,-0.286883
5.662000000000001,-0.854294
5.663,-0.435002
5.664000000000001,-0.623577
5.665,-0.552057
5.666,-0.419764
5.667000000000001,-0.670519
5.668,-0.517165
5.6690000000000005,-0.367722
5.670000000000001,-0.641792
5.671,-0.434589
5.672000000000001,-0.578953
5.673,-0.189963
5.674,-0.464027
5.675000000000001,-0.581016
5.676,-0.491482
5.6770000000000005,-0.386932
5.678000000000001,-0.55639
5.679,-0.523271
5.680000000000001,-0.827971
5.681,-0.786147
5.682,-0.928952
5.683000000000001,-0.522747
5.684,-0.411527
5.6850000000000005,-0.483969
5.686000000000001,-0.704055
5.687,-0.550651
5.688000000000001,-0.83289
5.689,-0.565912
5.69,-0.584195
5.691000000000001,-0.46051
5.692,-0.487419
5.6930000000000005,-0.249908
5.694000000000001,-0.363303
5.695,-0.649289
5.696000000000001,-0.455599
5.697,-0.933474
5.698,-0.817359
5.699000000000001,-1.105182
5.7,-0.927551
5.7010000000000005,-0.65996
5.702000000000001,-0.595878
5.703,-0.826474
5.704000000000001,-0.521024
5.705,-0.542056
5.706,-0.421706
5.707000000000001,-0.772273
5.708,-0.402294
5.7090000000000005,-0.649459
5.710000000000001,-0.562581
5.711,-0.442311
5.712000000000001,-0.53745
5.713,-0.107908
5.714,-0.719641
5.715000000000001,-0.590018
5.716,-0.527132
5.7170000000000005,-0.354055
5.718000000000001,-0.580498
5.719,-0.590184
5.720000000000001,-0.818748
5.721,-0.474996
5.722,-0.510551
5.723000000000001,-0.635598
5.724,-0.290192
5.7250000000000005,-0.411313
5.726000000000001,-0.652852
5.727,-0.888419
5.728000000000001,-0.466277
5.729,-0.409791
5.73,-0.94551
5.731000000000001,-0.601823
5.732,-0.618779
5.7330000000000005,-0.517562
5.734000000000001,-0.328642
5.735,-0.142607
5.736000000000001,-0.105769
5.737,-0.899615
5.738,-0.71177
5.739000000000001,-0.794626
5.74,-0.422451
5.7410000000000005,-0.853671
5.742000000000001,-0.366921
5.743,-0.432216
5.744000000000001,-0.609775
5.745,-0.855104
5.746,-0.076327
5.747000000000001,-0.519665
5.748,-0.647898
5.7490000000000006,-0.731762
5.750000000000001,-0.441618
5.751,-0.289399
5.752000000000001,-0.533407
5.753,-0.491146
5.754,-0.363952
5.755000000000001,-0.393838
5.756,-0.21866
5.757000000000001,-0.541474
5.758000000000001,-0.427687
5.759,-0.370685
5.760000000000001,-0.695097
5.761,-0.435117
5.7620000000000005,-0.550806
5.763000000000001,-0.640841
5.764,-0.69297
5.765000000000001,-0.952263
5.766000000000001,-0.632125
5.767,-0.302792
5.768000000000001,-0.525502
5.769,-0.754659
5.7700000000000005,-0.879229
5.771000000000001,-0.278067
5.772,-0.59724
5.773000000000001,-0.628196
5.774000000000001,-0.463768
5.775,-0.569336
5.776000000000001,-0.558437
5.777,-0.46591
5.7780000000000005,-0.562192
5.779000000000001,-0.662921
5.78,-0.244779
5.781000000000001,-0.414856
5.782000000000001,-0.395974
5.783,-0.303364
5.784000000000001,-1.084761
5.785,-0.93047
5.7860000000000005,-0.525236
5.787000000000001,-0.414736
5.788,-0.500915
5.789000000000001,-0.720359
5.79,-0.460318
5.791,-0.775559
5.792000000000001,-0.563771
5.793,-0.532064
5.7940000000000005,-0.453004
5.795000000000001,-0.167872
5.796,-0.256723
5.797000000000001,-0.570765
5.798,-0.680507
5.799,-0.455463
5.800000000000001,-0.08795
5.801,-0.59224
5.8020000000000005,-0.46154
5.803000000000001,-0.57177
5.804,-0.66997
5.805000000000001,-0.73959
5.806,-0.673217
5.807,-0.640183
5.808000000000001,-0.435874
5.809,-0.151826
5.8100000000000005,-0.701715
5.811000000000001,-0.327372
5.812,-0.159658
5.813000000000001,-0.942734
5.814,-0.80538
5.815,-0.430819
5.816000000000001,-0.256569
5.817,-0.733129
5.8180000000000005,-0.490094
5.819000000000001,-0.736117
5.82,-0.372883
5.821000000000001,-0.323209
5.822,-0.520552
5.823,-0.546824
5.824000000000001,-0.666967
5.825,-0.651995
5.8260000000000005,-0.588281
5.827000000000001,-0.364969
5.828,-0.270679
5.829000000000001,-0.539506
5.83,-0.535702
5.831,-0.199488
5.832000000000001,-0.518739
5.833,-0.294074
5.8340000000000005,-0.478647
5.835000000000001,-0.717468
5.836,-0.394492
5.837000000000001,-0.935743
5.838,-0.20722
5.839,-0.259149
5.840000000000001,-0.526618
5.841,-0.53387
5.8420000000000005,-0.840406
5.843000000000001,-0.682144
5.844,-0.880563
5.845000000000001,-0.547655
5.846,-0.06268
5.847,-0.566734
5.848000000000001,-0.504029
5.849,-0.74423
5.8500000000000005,-0.568617
5.851000000000001,-0.675879
5.852,-0.456343
5.853000000000001,-0.279628
5.854,-0.644031
5.855,-0.70897
5.856000000000001,-0.776933
5.857,-0.291017
5.8580000000000005,-0.40648
5.859000000000001,-0.475682
5.86,-0.692852
5.861000000000001,-0.573387
5.862,-0.603545
5.863,-0.266088
5.864000000000001,-0.314058
5.865,-0.373575
5.8660000000000005,-0.482921
5.867000000000001,-0.212872
5.868,-0.389665
5.869000000000001,-0.417377
5.87,-0.761774
5.871,-0.114238
5.872000000000001,-0.454277
5.873,-0.271508
5.8740000000000006,-0.296886
5.875000000000001,-0.596398
5.876,-0.780384
5.877000000000001,-0.613868
5.878,-0.218269
5.879,-0.32968
5.880000000000001,-0.068418
5.881,-0.544089
5.882000000000001,-0.496386
5.883000000000001,-0.522871
5.884,-0.787206
5.885000000000001,-0.019762
5.886,-0.109618
5.8870000000000005,-0.593452
5.888000000000001,-0.460453
5.889,-0.150097
5.890000000000001,-0.364139
5.891000000000001,-0.225652
5.892,-0.920941
5.893000000000001,-0.215743
5.894,-0.769695
5.8950000000000005,-0.414881
5.896000000000001,-0.219968
5.897,-0.741667
5.898000000000001,-0.533038
5.899000000000001,-0.333039
5.9,-0.477564
5.901000000000001,-0.806694
5.902,-0.397753
5.9030000000000005,-0.198594
5.904000000000001,-0.57805
5.905,-0.613842
5.906000000000001,-0.557066
5.907000000000001,-0.905193
5.908,-0.661257
5.909000000000001,-0.60375
5.91,-0.387257
5.9110000000000005,-0.538513
5.912000000000001,-0.255368
5.913,-0.779493
5.914000000000001,-0.335536
5.915000000000001,-0.608552
5.916,-0.117388
5.917000000000001,-0.520022
5.918,-0.726104
5.9190000000000005,-0.861582
5.920000000000001,-0.528146
5.921,-0.371173
5.922000000000001,0.068009
5.923,-0.451659
5.924,-0.436269
5.925000000000001,-0.497167
5.926,-0.316575
5.9270000000000005,-0.594258
5.928000000000001,-0.835489
5.929,-0.421501
5.930000000000001,-0.245786
5.931,-0.424831
5.932,-0.530656
5.933000000000001,-0.479094
5.934,-0.585525
5.9350000000000005,-0.516691
5.936000000000001,-0.365528
5.937,-0.590392
5.938000000000001,-0.438043
5.939,-0.321701
5.94,-0.560656
5.941000000000001,-0.444423
5.942,-0.312352
5.9430000000000005,-0.671625
5.944000000000001,-0.842798
5.945,-0.148919
5.946000000000001,-0.539758
5.947,-0.355656
5.948,-0.379275
5.949000000000001,-0.57628
5.95,-0.790693
5.9510000000000005,-0.733654
5.952000000000001,-0.987342
5.953,-0.317189
5.954000000000001,-0.307728
5.955,-0.420842
5.956,-0.570271
5.957000000000001,-0.269938
5.958,-0.54708
5.9590000000000005,-0.507238
5.960000000000001,-0.269081
5.961,-0.311048
5.962000000000001,-0.217314
5.963,0.115936
5.964,-1.007049
5.965000000000001,-0.79981
5.966,-0.560121
5.9670000000000005,-0.969891
5.968000000000001,-0.6301
5.969,-0.45625
5.970000000000001,-0.77814
5.971,-0.682915
5.972,-0.286146
5.973000000000001,-0.369763
5.974,-0.612292
5.9750000000000005,-0.62638
5.976000000000001,-0.318048
5.977,-0.439029
5.978000000000001,-0.597654
5.979,-0.820131
5.98,-0.777215
5.981000000000001,-0.496348
5.982,-0.52658
5.9830000000000005,-0.65243
5.984000000000001,-0.689517
5.985,-0.619416
5.986000000000001,-0.397593
5.987,-0.485666
5.988,-0.363755
5.989000000000001,-0.846905
5.99,-0.632794
5.9910000000000005,-0.573506
5.992000000000001,-0.277238
5.993,-0.36629
5.994000000000001,-0.767491
5.995,-0.832911
5.996,-0.7119
5.997000000000001,-0.482269
5.998,-0.522295
5.9990000000000006,-0.830846
6.000000000000001,-0.339797
6.001,-0.283696
6.002000000000001,-0.775284
6.003,-0.483194
6.004,-0.423777
6.005000000000001,-0.684853
6.006,-0.556376
6.007000000000001,-0.295875
6.008000000000001,-0.763779
6.009,-0.667887
6.010000000000001,-0.515457
6.011,-0.26451
6.0120000000000005,-0.402441
6.013000000000001,-0.147168
6.014,-0.5781
6.015000000000001,-0.747283
6.016000000000001,-0.960345
6.017,-0.418351
6.018000000000001,-0.510901
6.019,-0.328621
6.0200000000000005,-0.622768
6.021000000000001,-0.873981
6.022,-0.404954
6.023000000000001,-0.4991
6.024000000000001,-0.732757
6.025,-0.675499
6.026000000000001,-0.416121
6.027,-0.810908
6.0280000000000005,-0.49161
6.029000000000001,-0.393889
6.03,-0.514411
6.031000000000001,-0.456175
6.032000000000001,-0.301866
6.033,-0.416686
6.034000000000001,-0.796843
6.035,-0.940775
6.0360000000000005,-0.823674
6.037000000000001,-0.340553
6.038,-0.649482
6.039000000000001,-0.930547
6.040000000000001,-0.70345
6.041,-0.089776
6.042000000000001,-0.363267
6.043,-0.506836
6.0440000000000005,-0.65799
6.045000000000001,-0.362495
6.046,-0.420387
6.047000000000001,-0.324503
6.048000000000001,-0.549696
6.049,-0.469125
6.050000000000001,-0.530805
6.051,-0.487455
6.0520000000000005,-0.418085
6.053000000000001,-0.407404
6.054,-0.644945
6.055000000000001,-0.839412
6.056000000000001,-0.608752
6.057,-0.908408
6.058000000000001,-0.373435
6.059,-0.591719
6.0600000000000005,-0.419087
6.061000000000001,-0.191678
6.062,-1.069302
6.063000000000001,-0.684275
6.064,-0.276456
6.065,-0.729259
6.066000000000001,-0.191018
6.067,-0.204722
6.0680000000000005,-0.339759
6.069000000000001,-0.508177
6.07,-0.252124
6.071000000000001,-0.532825
6.072,-0.610063
6.073,-0.477019
6.074000000000001,-0.806015
6.075,-0.561597
6.0760000000000005,-0.996808
6.077000000000001,-0.695268
6.078,-0.632275
6.079000000000001,-0.54803
6.08,-0.668707
6.081,-0.171028
6.082000000000001,-0.360823
6.083,-0.631259
6.0840000000000005,-0.489503
6.085000000000001,-0.404425
6.086,-0.489907
6.087000000000001,-0.224021
6.088,-0.485249
6.089,-0.50516
6.090000000000001,-0.75625
6.091,-0.643464
6.0920000000000005,-0.226277
6.093000000000001,-0.350279
6.094,-0.195937
6.095000000000001,-0.531969
6.096,-0.565567
6.097,-0.639957
6.098000000000001,-0.385825
6.099,-0.103635
6.1000000000000005,-0.655107
6.101000000000001,-0.679151
6.102,-0.883948
6.103000000000001,-0.999827
6.104,-0.758551
6.105,-0.060431
6.106000000000001,-0.477571
6.107,-0.773239
6.1080000000000005,-0.5695
6.109000000000001,-0.2788
6.11,-0.42604
6.111000000000001,0.091741
6.112,-0.106143
6.113,-0.707081
6.114000000000001,-0.607394
6.115,-0.715206
6.1160000000000005,-0.559953
6.117000000000001,-0.448726
6.118,-0.168301
6.119000000000001,-0.342892
6.12,-0.510392
6.121,-0.344333
6.122000000000001,-0.770696
6.123,-0.308199
6.1240000000000006,-0.647751
6.125000000000001,-0.5353
6.126,-0.243555
6.127000000000001,-0.290976
6.128,-0.448915
6.129,-0.151651
6.130000000000001,-0.700156
6.131,-0.472973
6.132000000000001,-0.22526
6.133000000000001,-0.411615
6.134,-0.527326
6.135000000000001,-0.570478
6.136,-0.396592
6.1370000000000005,-0.670226
6.138000000000001,-0.399058
6.139,-0.501965
6.140000000000001,-0.251142
6.141000000000001,-0.576226
6.142,-0.695849
6.143000000000001,-0.784425
6.144,-0.581135
6.1450000000000005,-0.573268
6.146000000000001,-0.845788
6.147,-0.561242
6.148000000000001,-0.482376
6.149000000000001,-0.469264
6.15,-0.321572
6.151000000000001,-0.340151
6.152,-0.645915
6.1530000000000005,-0.342796
6.154000000000001,-0.237968
6.155,-0.22599
6.156000000000001,-0.478192
6.157000000000001,-0.653066
6.158,-0.22925
6.159000000000001,-0.239042
6.16,-0.26138
6.1610000000000005,-0.483927
6.162000000000001,-0.171571
6.163,-0.541289
6.164000000000001,-0.693346
6.165000000000001,-0.636536
6.166,-0.366741
6.167000000000001,-0.655407
6.168,-0.283686
6.1690000000000005,-0.414276
6.170000000000001,-0.175382
6.171,-0.519094
6.172000000000001,-0.394262
6.173000000000001,-0.747932
6.174,-0.282884
6.175000000000001,-0.635204
6.176,-0.60538
6.1770000000000005,-0.473002
6.178000000000001,-0.263765
6.179,-0.728197
6.180000000000001,-0.429742
6.181000000000001,-0.805974
6.182,-0.401098
6.183000000000001,-0.336021
6.184,-0.381694
6.1850000000000005,-0.616383
6.186000000000001,-0.655059
6.187,-0.397471
6.188000000000001,-0.337994
6.189000000000001,-0.802829
6.19,-0.415244
6.191000000000001,-0.064825
6.192,-0.578412
6.1930000000000005,-0.761911
6.194000000000001,-0.261253
6.195,-0.260626
6.196000000000001,-0.788559
6.197,-0.645567
6.198,-0.641953
6.199000000000001,-0.437745
6.2,-0.555895
6.2010000000000005,-0.252278
6.202000000000001,-0.451022
6.203,-0.133979
6.204000000000001,-0.430373
6.205,-0.285306
6.206,-0.542619
6.207000000000001,-0.860632
6.208,-0.510665
6.2090000000000005,-0.463573
6.210000000000001,-0.534805
6.211,-0.749338
6.212000000000001,-0.682389
6.213,-0.602678
6.214,-0.212442
6.215000000000001,-0.397334
6.216,-0.400863
6.2170000000000005,-0.277244
6.218000000000001,-0.627186
6.219,-0.766969
6.220000000000001,-0.705781
6.221,-0.402167
6.222,-0.527982
6.223000000000001,-0.5826
6.224,-0.02119
6.2250000000000005,-0.043721
6.226000000000001,-0.368541
6.227,-0.4658
6.228000000000001,-0.846319
6.229,-0.156611
6.23,-0.586201
6.231000000000001,-0.686487
6.232,-0.815169
6.2330000000000005,-0.617479
6.234000000000001,-0.652933
6.235,-0.701365
6.236000000000001,-0.091223
6.237,-0.802382
6.238,-0.155153
6.239000000000001,-0.4826
6.24,-0.495217
6.2410000000000005,-0.555402
6.242000000000001,0.035416
6.243,-0.530393
6.244000000000001,-0.077816
6.245,-0.366016
6.246,-0.46477
6.247000000000001,-0.472046
6.248,-0.47675
6.2490000000000006,-0.229171
6.250000000000001,-0.065777
6.251,-0.409996
6.252000000000001,-0.344838
6.253,-0.325569
6.254,-0.278897
6.255000000000001,-0.545006
6.256,-0.309065
6.257000000000001,-0.38401
6.258000000000001,-0.492124
6.259,-0.205804
6.260000000000001,-0.392144
6.261,-0.340955
6.2620000000000005,-0.531331
6.263000000000001,-0.454772
6.264,-0.254634
6.265000000000001,-0.465688
6.266000000000001,-0.397563
6.267,-0.2781
6.268000000000001,-0.267477
6.269,-0.020436
6.2700000000000005,-0.098463
6.271000000000001,-0.291847
6.272,-0.403947
6.273000000000001,-0.661976
6.274000000000001,-0.160387
6.275,-0.475478
6.276000000000001,-0.433981
6.277,-0.289299
6.2780000000000005,-0.249651
6.279000000000001,-0.356776
6.28,-0.451265
6.281000000000001,-0.444591
6.282000000000001,-0.467657
6.283,-0.528653
6.284000000000001,-0.389837
6.285,-0.91089
6.2860000000000005,-0.927146
6.287000000000001,-0.671893
6.288,-1.068868
6.289000000000001,-0.234494
6.290000000000001,-0.091329
6.291,-0.450763
6.292000000000001,-0.532623
6.293,-0.504317
6.2940000000000005,-0.454795
6.295000000000001,-0.499216
6.296,-0.457709
6.297000000000001,-0.432463
6.298000000000001,-0.455417
6.299,-0.78457
6.300000000000001,-0.124243
6.301,-0.388568
6.3020000000000005,-0.468737
6.303000000000001,-0.439833
6.304,-0.49642
6.305000000000001,-0.320802
6.306000000000001,-0.544989
6.307,-0.166109
6.308000000000001,-0.34157
6.309,-0.510029
6.3100000000000005,-0.136633
6.311000000000001,-0.403925
6.312,-0.556125
6.313000000000001,-0.37223
6.314000000000001,-0.59499
6.315,-0.400332
6.316000000000001,-0.725647
6.317,-0.697132
6.3180000000000005,-0.391902
6.319000000000001,-0.548007
6.32,-0.104837
6.321000000000001,-0.414043
6.322000000000001,-0.484912
6.323,-0.760911
6.324000000000001,-0.512923
6.325,-0.713217
6.3260000000000005,-0.494042
6.327000000000001,-0.366004
6.328,-0.417063
6.329000000000001,-0.49452
6.330000000000001,-0.261091
6.331,-0.450442
6.332000000000001,-0.487882
6.333,-0.524318
6.3340000000000005,-0.249193
6.335000000000001,-0.440123
6.336,-0.487012
6.337000000000001,-0.300686
6.338,-0.55284
6.339,-0.294254
6.340000000000001,-0.519901
6.341,-0.202919
6.3420000000000005,-0.517507
6.343000000000001,-0.400757
6.344,-0.485249
6.345000000000001,-0.291694
6.346,-0.549633
6.347,-0.348836
6.348000000000001,-0.392504
6.349,-0.571984
6.3500000000000005,-0.507092
6.351000000000001,-0.360359
6.352,-0.741703
6.353000000000001,-0.717789
6.354,-0.631036
6.355,-0.44897
6.356000000000001,-0.408434
6.357,-0.52871
6.3580000000000005,-0.798244
6.359000000000001,-0.692666
6.36,-0.602192
6.361000000000001,-0.495293
6.362,-0.453971
6.363,-0.48897
6.364000000000001,-0.627715
6.365,-0.677626
6.3660000000000005,-0.744716
6.367000000000001,-0.481697
6.368,-0.407994
6.369000000000001,-0.38268
6.37,-0.638663
6.371,-0.562406
6.372000000000001,-0.32661
6.373,-0.527312
6.3740000000000006,-0.464886
6.375000000000001,-0.709261
6.376,-0.480321
6.377000000000001,-0.295649
6.378,-0.340089
6.379,-0.789761
6.380000000000001,-0.460564
6.381,-0.094327
6.382000000000001,-0.580334
6.383000000000001,-0.521242
6.384,-0.474657
6.385000000000001,-0.520899
6.386,-0.166765
6.3870000000000005,-0.260538
6.388000000000001,-0.331681
6.389,-0.679886
6.390000000000001,-0.423475
6.391000000000001,-0.371018
6.392,-0.227548
6.393000000000001,-0.331796
6.394,-0.762221
6.3950000000000005,-0.750382
6.396000000000001,-0.276413
6.397,-0.325533
6.398000000000001,-0.634029
6.399000000000001,-0.79637
6.4,-0.485273
6.401000000000001,-0.415112
6.402,-0.099167
6.4030000000000005,-0.440045
6.404000000000001,-0.334613
6.405,-0.298102
6.406000000000001,-0.464168
6.407000000000001,-0.511714
6.408,-0.399992
6.409000000000001,-0.280528
6.41,-0.326969
6.4110000000000005,-0.309972
6.412000000000001,-0.649538
6.413,-0.506269
6.414000000000001,-0.3419
6.415000000000001,-0.583801
6.416,-0.459573
6.417000000000001,-0.905273
6.418,-0.212749
6.4190000000000005,-0.038367
6.420000000000001,-0.708384
6.421,-0.706876
6.422000000000001,-0.478857
6.423000000000001,-0.669179
6.424,-0.575922
6.425000000000001,-0.361419
6.426,-0.324878
6.4270000000000005,-0.953233
6.428000000000001,-0.334394
6.429,-0.459187
6.430000000000001,-0.445905
6.431000000000001,-0.66921
6.432,-0.307799
6.433000000000001,-0.738917
6.434,-0.62512
6.4350000000000005,-0.274088
6.436000000000001,-0.614453
6.437,-0.790536
6.438000000000001,-0.732699
6.439000000000001,-0.460348
6.44,-0.23145
6.441000000000001,-0.356675
6.442,-0.032424
6.4430000000000005,-0.387688
6.444000000000001,-0.581957
6.445,-0.456162
6.446000000000001,-0.921439
6.447000000000001,-0.920723
6.448,-0.33779
6.449000000000001,-0.556741
6.45,-0.616872
6.4510000000000005,-0.308223
6.452000000000001,-0.693408
6.453,-0.241978
6.454000000000001,-0.175659
6.455000000000001,-0.622755
6.456,-0.65
6.457000000000001,-0.487796
6.458,-0.410365
6.4590000000000005,-0.448992
6.460000000000001,-0.315008
6.461,-0.251103
6.462000000000001,-0.471172
6.463000000000001,-0.325085
6.464,-0.598018
6.465000000000001,-0.25666
6.466,-0.772861
6.4670000000000005,-0.396712
6.468000000000001,-0.118804
6.469,-0.65547
6.470000000000001,-0.599316
6.471,-0.529265
6.472,-0.094801
6.473000000000001,-0.495645
6.474,0.180887
6.4750000000000005,-0.880097
6.476000000000001,-0.407613
6.477,-0.247193
6.478000000000001,-0.771611
6.479,-0.84683
6.48,-0.315404
6.481000000000001,-0.307977
6.482,-0.278869
6.4830000000000005,-0.395011
6.484000000000001,0.011154
6.485,-0.57629
6.486000000000001,-0.855165
6.487,-0.378198
6.488,-0.173176
6.489000000000001,-0.157786
6.49,-0.564782
6.4910000000000005,-0.473175
6.492000000000001,-0.215344
6.493,-0.303093
6.494000000000001,-0.558812
6.495,-0.560396
6.496,-0.090712
6.497000000000001,-0.380799
6.498,-0.611887
6.4990000000000006,-0.541156
6.500000000000001,-0.70691
6.501,-0.337824
6.502000000000001,-0.299096
6.503,-0.251374
6.504,-0.628867
6.505000000000001,-0.67274
6.506,-0.48235
6.507000000000001,-0.74826
6.508000000000001,-0.48571
6.509,-0.569733
6.510000000000001,-0.686547
6.511,-0.041237
6.5120000000000005,-0.422516
6.513000000000001,-0.495936
6.514,-0.802634
6.515000000000001,-0.513537
6.516000000000001,-0.316254
6.517,-0.156113
6.518000000000001,-0.468312
6.519,-0.188361
6.5200000000000005,-0.327566
6.521000000000001,-0.443031
6.522,-0.586304
6.523000000000001,-0.433019
6.524000000000001,-0.346353
6.525,-0.662338
6.526000000000001,-0.412633
6.527,-0.213043
6.5280000000000005,-0.971212
6.529000000000001,-0.479302
6.53,-0.313114
6.531000000000001,-0.246016
6.532000000000001,-0.450977
6.533,-0.851617
6.534000000000001,-0.424535
6.535,-0.134716
6.5360000000000005,-0.334679
6.537000000000001,-0.249661
6.538,-0.409159
6.539000000000001,-0.210138
6.540000000000001,-0.507001
6.541,-0.348729
6.542000000000001,-0.123011
6.543,-0.22338
6.5440000000000005,-0.537688
6.545000000000001,-0.381579
6.546,-0.486731
6.547000000000001,-0.355337
6.548000000000001,-0.545061
6.549,-0.569731
6.550000000000001,-0.696937
6.551,-0.275644
6.5520000000000005,-0.357201
6.553000000000001,-0.359618
6.554,-0.119537
6.555000000000001,-0.344894
6.556000000000001,-0.543828
6.557,-0.168055
6.558000000000001,-0.217023
6.559,-0.362694
6.5600000000000005,-0.489624
6.561000000000001,-0.678739
6.562,-0.357537
6.563000000000001,-0.384212
6.564000000000001,-0.602045
6.565,-0.221656
6.566000000000001,-0.432778
6.567,-0.447755
6.5680000000000005,-0.533567
6.569000000000001,-0.606474
6.57,-0.60281
6.571000000000001,-0.619813
6.572000000000001,-0.544467
6.573,-0.785004
6.574000000000001,-0.288591
6.575,-0.300062
6.5760000000000005,-0.906107
6.577000000000001,-0.497294
6.578,-0.124669
6.579000000000001,-0.762177
6.580000000000001,-0.181747
6.581,-0.130885
6.582000000000001,-0.720887
6.583,-0.647576
6.5840000000000005,-0.871882
6.585000000000001,-0.318351
6.586,-0.693159
6.587000000000001,-0.39696
6.588000000000001,-0.512037
6.589,-0.498662
6.590000000000001,-0.595476
6.591,-0.368442
6.5920000000000005,-0.365619
6.593000000000001,-0.474796
6.594,-0.843228
6.595000000000001,-0.783017
6.596000000000001,-0.390432
6.597,-0.541365
6.598000000000001,-0.860281
6.599,-0.378036
6.6000000000000005,-0.298909
6.601000000000001,-0.320355
6.602,-0.341246
6.603000000000001,-0.501196
6.604000000000001,-0.790182
6.605,-0.547296
6.606000000000001,-0.583123
6.607,-0.352951
6.6080000000000005,-0.472132
6.609000000000001,-0.636369
6.61,-0.044211
6.611000000000001,-0.4922
6.612,-0.869351
6.613,-0.232985
6.614000000000001,-0.763372
6.615,-0.247373
6.6160000000000005,-0.359505
6.617000000000001,-0.120569
6.618,-0.486031
6.619000000000001,-0.794922
6.62,-0.800195
6.621,-0.334216
6.622000000000001,-0.564958
6.623,-0.396892
6.6240000000000006,-0.467562
6.625000000000001,-0.641713
6.626,-0.585281
6.627000000000001,-0.275663
6.628,-0.399968
6.629,-0.593678
6.630000000000001,-0.177437
6.631,-0.569348
6.632000000000001,-0.708522
6.633000000000001,-0.343252
6.634,-0.830352
6.635000000000001,-0.689498
6.636,-0.475245
6.6370000000000005,-0.854147
6.638000000000001,-0.580537
6.639,-0.312201
6.640000000000001,-0.431636
6.641000000000001,-0.581176
6.642,-0.296416
6.643000000000001,-0.460156
6.644,-0.686619
6.6450000000000005,-0.81927
6.646000000000001,-0.682553
6.647,-0.698585
6.648000000000001,-0.471098
6.649000000000001,-0.241903
6.65,-0.247995
6.651000000000001,-0.379208
6.652,-0.383305
6.6530000000000005,0.010851
6.654000000000001,-0.3032
6.655,-0.416861
6.656000000000001,-0.66661
6.657000000000001,-0.68713
6.658,-0.271749
6.659000000000001,-0.673839
6.66,-0.490258
6.6610000000000005,-0.774146
6.662000000000001,-0.54574
6.663,-0.216783
6.664000000000001,-0.152245
6.665000000000001,-0.244088
6.666,-0.172373
6.667000000000001,-0.59161
6.668,-0.278056
6.6690000000000005,-0.521748
6.670000000000001,-0.376016
6.671,-0.479873
6.672000000000001,-0.342443
6.673000000000001,-0.529632
6.674,-0.291847
6.675000000000001,-0.182663
6.676,-0.742254
6.6770000000000005,-0.485403
6.678000000000001,-0.114478
6.679,-0.408142
6.680000000000001,-0.260538
6.681000000000001,-0.355601
6.682,-0.519523
6.683000000000001,-0.602391
6.684,-0.500465
6.6850000000000005,-0.622749
6.686000000000001,-0.30808
6.687,-0.404714
6.688000000000001,-0.282093
6.689000000000001,-0.694658
6.69,-0.380814
6.691000000000001,-0.355373
6.692,-0.489534
6.6930000000000005,-0.819575
6.694000000000001,-0.331554
6.695,-0.094207
6.696000000000001,-0.845488
6.697000000000001,-0.325731
6.698,-0.318271
6.699000000000001,-0.337301
6.7,-0.409673
6.7010000000000005,-0.447235
6.702000000000001,-0.057881
6.703,-0.612037
6.704000000000001,-0.311887
6.705000000000001,-0.174353
6.706,-0.577002
6.707000000000001,-0.128528
6.708,-0.151631
6.7090000000000005,-0.582796
6.710000000000001,-0.767638
6.711,-0.076933
6.712000000000001,-0.59131
6.713000000000001,-0.824163
6.714,-0.274041
6.715000000000001,-0.487244
6.716,-0.384188
6.7170000000000005,-0.509235
6.718000000000001,-0.668956
6.719,-0.691168
6.720000000000001,-0.210447
6.721000000000001,-0.216099
6.722,-0.352662
6.723000000000001,-0.365477
6.724,-0.66743
6.7250000000000005,-0.640773
6.726000000000001,-0.348565
6.727,-0.512625
6.728000000000001,-0.489169
6.729000000000001,-0.785457
6.73,-0.487762
6.731000000000001,-0.38355
6.732,-0.508604
6.7330000000000005,-0.304767
6.734000000000001,-0.183418
6.735,-0.39761
6.736000000000001,-0.44469
6.737000000000001,-0.303685
6.738,-0.778817
6.739000000000001,-0.451148
6.74,-0.513107
6.7410000000000005,-0.595876
6.742000000000001,-0.463949
6.743,-0.439525
6.744000000000001,-0.368916
6.745000000000001,-0.704716
6.746,-0.67669
6.747000000000001,-0.649478
6.748,-0.889732
6.7490000000000006,-0.180998
6.750000000000001,-0.619833
6.751,-0.262792
6.752000000000001,-0.142836
6.753,-0.561955
6.754,-0.546844
6.755000000000001,-0.598837
6.756,-0.190846
6.757000000000001,-0.165552
6.758000000000001,-0.476729
6.759,-0.482297
6.760000000000001,-0.67354
6.761,-0.345457
6.7620000000000005,-0.809132
6.763000000000001,-0.648923
6.764,-0.490098
6.765000000000001,-0.402203
6.766000000000001,-0.374852
6.767,-0.476681
6.768000000000001,-0.708616
6.769,-0.457683
6.7700000000000005,-0.522259
6.771000000000001,-0.54305
6.772,-0.374845
6.773000000000001,-0.42141
6.774000000000001,-0.148266
6.775,-0.362375
6.776000000000001,-0.364821
6.777,-0.631317
6.7780000000000005,-0.646486
6.779000000000001,-0.550693
6.78,-0.378524
6.781000000000001,-0.475706
6.782000000000001,-0.251026
6.783,-0.408377
6.784000000000001,-0.316789
6.785,-0.320535
6.7860000000000005,-0.329155
6.787000000000001,-0.199679
6.788,-0.507884
6.789000000000001,-0.185799
6.790000000000001,-0.588543
6.791,-0.508492
6.792000000000001,-0.078561
6.793,-0.366081
6.7940000000000005,-0.105185
6.795000000000001,-0.096619
6.796,-0.39784
6.797000000000001,-0.614975
6.798000000000001,-0.143114
6.799,-0.484821
6.800000000000001,-0.204009
6.801,-0.247102
6.8020000000000005,-0.68508
6.803000000000001,-0.567441
6.804,-0.783741
6.805000000000001,-0.280455
6.806000000000001,-0.278794
6.807,-0.350342
6.808000000000001,-0.525129
6.809,-0.817105
6.8100000000000005,-0.281278
6.811000000000001,-0.495166
6.812,-0.408142
6.813000000000001,-0.563983
6.814000000000001,-0.372181
6.815,-0.671283
6.816000000000001,-0.516796
6.817,-0.189582
6.8180000000000005,-0.57801
6.819000000000001,-0.17665
6.82,-0.34542
6.821000000000001,-0.195175
6.822000000000001,-0.55152
6.823,-0.808658
6.824000000000001,-0.559529
6.825,-0.53169
6.8260000000000005,-0.433464
6.827000000000001,-0.425211
6.828,-0.625016
6.829000000000001,-0.497451
6.830000000000001,-0.526083
6.831,-0.244024
6.832000000000001,-0.294092
6.833,-0.401525
6.8340000000000005,-0.615424
6.835000000000001,-0.152295
6.836,-0.419391
6.837000000000001,-0.128207
6.838000000000001,-0.425941
6.839,-0.606594
6.840000000000001,-0.593058
6.841,-0.531
6.8420000000000005,-0.719706
6.843000000000001,-0.256601
6.844,-0.36287
6.845000000000001,-0.475814
6.846000000000001,-0.724339
6.847,-0.468734
6.848000000000001,-0.564319
6.849,-0.404382
6.8500000000000005,-0.058365
6.851000000000001,-0.566419
6.852,-0.337309
6.853000000000001,-0.18142
6.854000000000001,-0.379812
6.855,-0.691362
6.856000000000001,-0.582771
6.857,-0.586772
6.8580000000000005,-0.422157
6.859000000000001,-0.578952
6.86,-0.608205
6.861000000000001,-0.401292
6.862000000000001,-0.341568
6.863,-0.237954
6.864000000000001,-0.479635
6.865,-0.512303
6.8660000000000005,-0.591068
6.867000000000001,-0.468152
6.868,-0.199324
6.869000000000001,-0.686961
6.870000000000001,-0.845063
6.871,-0.350707
6.872000000000001,-0.485849
6.873,-0.311997
6.8740000000000006,-0.091555
6.875000000000001,-0.229971
6.876,-0.649153
6.877000000000001,-0.569283
6.878000000000001,-0.48011
6.879,-0.103745
6.880000000000001,-0.446311
6.881,-0.385618
6.882000000000001,-0.527275
6.883000000000001,-0.138775
6.884,-0.619895
6.885000000000001,-0.270805
6.886,-0.384531
6.8870000000000005,-0.670035
6.888000000000001,-0.156956
6.889,-0.671394
6.890000000000001,-0.3874
6.891000000000001,-0.536913
6.892,-0.457647
6.893000000000001,-0.449997
6.894,-0.417215
6.8950000000000005,-0.624161
6.896000000000001,-0.729543
6.897,-0.682831
6.898000000000001,-0.563936
6.899000000000001,-0.482545
6.9,-0.176028
6.901000000000001,-0.172191
6.902,-0.499414
6.9030000000000005,-0.233965
6.904000000000001,-0.49823
6.905,-0.348336
6.906000000000001,-0.627042
6.907000000000001,-0.778118
6.908,-0.198581
6.909000000000001,-0.374229
6.91,-0.676372
6.9110000000000005,-0.621016
6.912000000000001,-0.345055
6.913,-0.131875
6.914000000000001,-0.469169
6.915000000000001,-0.343412
6.916,-0.336963
6.917000000000001,-0.409922
6.918,-0.551125
6.9190000000000005,-0.764849
6.920000000000001,-0.572581
6.921,-0.547693
6.922000000000001,-0.674467
6.923000000000001,-0.473175
6.924,-0.761508
6.925000000000001,-0.481766
6.926,-0.501764
6.9270000000000005,-0.583857
6.928000000000001,-0.218876
6.929,-0.203677
6.930000000000001,-0.416666
6.931000000000001,-0.262252
6.932,-0.991539
6.933000000000001,-0.563009
6.934,-0.683853
6.9350000000000005,-0.335568
6.936000000000001,-0.651317
6.937,-0.529256
6.938000000000001,-0.518306
6.939000000000001,-0.026893
6.94,-0.249838
6.941000000000001,-0.202497
6.942,-0.149861
6.9430000000000005,-0.355184
6.944000000000001,0.2082
6.945,-0.188976
6.946000000000001,-0.563563
6.947000000000001,-0.102003
6.948,-0.535887
6.949000000000001,-0.085742
6.95,-0.677964
6.9510000000000005,-0.292612
6.952000000000001,-0.731193
6.953,-0.424108
6.954000000000001,-0.556481
6.955000000000001,-0.187915
6.956,-0.243802
6.957000000000001,-0.411927
6.958,-0.442676
6.9590000000000005,-0.55908
6.960000000000001,-0.238653
6.961,-0.313415
6.962000000000001,-0.399424
6.963000000000001,-0.47925
6.964,-0.603665
6.965000000000001,-0.166579
6.966,-0.423451
6.9670000000000005,-0.362088
6.968000000000001,-0.706826
6.969,-0.01823
6.970000000000001,-0.383893
6.971000000000001,-0.863948
6.972,-0.366253
6.973000000000001,-0.237431
6.974,-0.388331
6.9750000000000005,-0.497659
6.976000000000001,-0.592076
6.977,-0.344782
6.978000000000001,-0.41602
6.979000000000001,-0.687279
6.98,-0.433684
6.981000000000001,-0.408922
6.982,-0.441844
6.9830000000000005,-0.639518
6.984000000000001,-0.215798
6.985,-0.166074
6.986000000000001,-0.583118
6.987000000000001,-0.3868
6.988,-0.355842
6.989000000000001,-0.747791
6.99,-0.498542
6.9910000000000005,-0.364536
6.992000000000001,-0.580244
6.993,-0.484966
6.994000000000001,-0.470018
6.995000000000001,-0.287685
6.996,-0.580811
6.997000000000001,-0.565773
6.998,0.006644
6.9990000000000006,-0.561599
7.000000000000001,-0.219177
7.001,-0.31699
7.002000000000001,-0.325389
7.003000000000001,-0.414675
7.004,-0.031996
7.005000000000001,-0.573432
7.006,-0.514911
7.007000000000001,-0.310745
7.008000000000001,-0.370571
7.009,-0.523487
7.010000000000001,-0.258656
7.011000000000001,-0.45564
7.0120000000000005,-0.377485
7.013000000000001,-0.426533
7.014,-0.507667
7.015000000000001,-0.355414
7.016000000000001,-0.259457
7.017,-0.473118
7.018000000000001,-0.355032
7.019000000000001,-0.31472
7.0200000000000005,-0.409868
7.021000000000001,-0.112177
7.022,-0.343451
7.023000000000001,-0.340822
7.024000000000001,-0.444278
7.025,-0.621378
7.026000000000001,-0.379414
7.027,-0.370275
7.0280000000000005,-0.321683
7.029000000000001,-0.31118
7.03,-0.588972
7.031000000000001,-0.076295
7.032000000000001,-0.384118
7.033,-0.675322
7.034000000000001,-0.432928
7.035,-0.437674
7.0360000000000005,-0.161525
7.037000000000001,-0.612268
7.038,-0.508332
7.039000000000001,-0.223199
7.040000000000001,0.015679
7.041,-0.645141
7.042000000000001,-0.578864
7.043,-0.281279
7.0440000000000005,-0.66228
7.045000000000001,-0.40034
7.046,-0.541063
7.047000000000001,-0.527511
7.048000000000001,-0.697868
7.049,-0.192235
7.050000000000001,-0.361346
7.051,-1.008174
7.0520000000000005,-0.299663
7.053000000000001,-0.482449
7.054,-0.519487
7.055000000000001,-0.361195
7.056000000000001,-0.392521
7.057,-0.325395
7.058000000000001,-0.159248
7.059,-0.611017
7.0600000000000005,-0.180565
7.061000000000001,-0.367806
7.062,-0.759021
7.063000000000001,-0.418426
7.064000000000001,-0.746315
7.065,-0.41324
7.066000000000001,-0.480723
7.067,-0.356987
7.0680000000000005,0.111178
7.069000000000001,-0.458706
7.07,-0.88
7.071000000000001,-0.163543
7.072000000000001,-0.25556
7.073,-0.422818
7.074000000000001,-0.09378
7.075,-0.350821
7.0760000000000005,-0.57226
7.077000000000001,-0.245932
7.078,-0.154848
7.079000000000001,-0.476301
7.080000000000001,-0.370143
7.081,-0.567069
7.082000000000001,-0.766254
7.083,-0.177999
7.0840000000000005,-0.270035
7.085000000000001,-0.155862
7.086,-0.073634
7.087000000000001,-0.14197
7.088000000000001,-0.454074
7.089,-0.551309
7.090000000000001,-0.234157
7.091,-0.246629
7.0920000000000005,-0.653048
7.093000000000001,-0.664014
7.094,-0.300484
7.095000000000001,-0.449016
7.096000000000001,-0.647854
7.097,0.159694
7.098000000000001,-0.388476
7.099,-0.125617
7.1000000000000005,-0.481455
7.101000000000001,-0.5912
7.102,-0.484121
7.103000000000001,-0.180735
7.104000000000001,-0.576506
7.105,-0.690859
7.106000000000001,-0.581323
7.107,-0.619211
7.1080000000000005,-0.350177
7.109000000000001,-0.254814
7.11,-0.24747
7.111000000000001,-0.23811
7.112000000000001,-0.529313
7.113,-0.172904
7.114000000000001,-0.028136
7.115,0.05911
7.1160000000000005,-0.497222
7.117000000000001,-0.363581
7.118,-0.553158
7.119000000000001,-0.510052
7.120000000000001,-0.162442
7.121,-0.390025
7.122000000000001,-0.442857
7.123,-0.749084
7.1240000000000006,-0.339015
7.125000000000001,-0.528677
7.126,-0.390459
7.127000000000001,-0.360247
7.128000000000001,-0.473778
7.129,-0.29738
7.130000000000001,-0.667114
7.131,0.180624
7.132000000000001,-0.649984
7.133000000000001,-0.24318
7.134,-0.136231
7.135000000000001,-0.286088
7.136000000000001,-0.243233
7.1370000000000005,-0.717079
7.138000000000001,-0.331071
7.139,-0.346913
7.140000000000001,-0.395546
7.141000000000001,-0.329263
7.142,-0.397207
7.143000000000001,-0.157862
7.144000000000001,-0.405015
7.1450000000000005,-0.621949
7.146000000000001,-0.030809
7.147,-0.376002
7.148000000000001,-0.508026
7.149000000000001,-0.251389
7.15,-0.317594
7.151000000000001,-0.184082
7.152000000000001,-0.405043
7.1530000000000005,0.001889
7.154000000000001,-0.453533
7.155,-0.236778
7.156000000000001,-0.252964
7.157000000000001,-0.30955
7.158,-0.483804
7.159000000000001,-0.641272
7.16,-0.174128
7.1610000000000005,-0.405358
7.162000000000001,-0.486064
7.163,-0.227155
7.164000000000001,-0.156591
7.165000000000001,-0.407725
7.166,-0.336292
7.167000000000001,-0.230374
7.168,-0.230518
7.1690000000000005,-0.018593
7.170000000000001,-0.740861
7.171,-0.216628
7.172000000000001,-0.715843
7.173000000000001,-0.977263
7.174,-0.599885
7.175000000000001,-0.271603
7.176,-0.278895
7.1770000000000005,-0.313815
7.178000000000001,-0.406466
7.179,-0.742969
7.180000000000001,-0.391388
7.181000000000001,-0.256121
7.182,-0.154848
7.183000000000001,-0.538223
7.184,-0.660473
7.1850000000000005,-0.29409
7.186000000000001,-0.685669
7.187,-0.429541
7.188000000000001,-0.55488
7.189000000000001,-0.536918
7.19,-0.297605
7.191000000000001,-0.281279
7.192,-0.347053
7.1930000000000005,-0.580612
7.194000000000001,-0.639459
7.195,-0.154084
7.196000000000001,-0.621669
7.197000000000001,-0.066619
7.198,-0.219342
7.199000000000001,-0.426884
7.2,-0.198764
7.2010000000000005,-0.366117
7.202000000000001,-0.366177
7.203,-0.620049
7.204000000000001,-0.351435
7.205000000000001,-0.47544
7.206,-0.431764
7.207000000000001,-0.211853
7.208,-0.422943
7.209,-0.479152
7.210000000000001,-0.234501
7.211,-0.703136
7.212000000000001,-0.730281
7.213000000000001,-0.628633
7.214,-0.169532
7.215000000000001,-0.421623
7.216,-0.611298
7.217,-0.741098
7.218000000000001,-0.370844
7.219,-0.118515
7.220000000000001,-0.610942
7.221000000000001,-0.297494
7.222,-0.254827
7.223000000000001,0.093529
7.224,-0.172515
7.225,-0.514619
7.226000000000001,-0.569783
7.227,-0.258792
7.228000000000001,-0.170557
7.229000000000001,-0.341667
7.23,-0.354934
7.231000000000001,-0.429694
7.232,-0.660114
7.233,-0.515282
7.234000000000001,-0.268273
7.235,-0.078869
7.236000000000001,-0.160707
7.237000000000001,-0.415695
7.238,-0.218771
7.239000000000001,-0.534675
7.24,-0.533754
7.241,-0.648039
7.242000000000001,-0.387752
7.243,-0.075453
7.244000000000001,-0.144581
7.245000000000001,-0.175184
7.246,-0.386408
7.247000000000001,-0.269234
7.248,-0.467648
7.249,-0.228433
7.250000000000001,-0.592613
7.251,-0.742992
7.252000000000001,-0.560093
7.253000000000001,-0.39216
7.254,-0.402743
7.255000000000001,-0.016837
7.256,-0.003388
7.257000000000001,-0.303093
7.258000000000001,-0.397669
7.259,-0.457258
7.260000000000001,-0.543471
7.261000000000001,-0.243308
7.262,-0.334039
7.263000000000001,-0.589165
7.264,-0.255704
7.265000000000001,-0.237285
7.266000000000001,-0.65233
7.267,-0.298346
7.268000000000001,-0.1154
7.269000000000001,-0.458502
7.27,-0.570651
7.271000000000001,-0.544112
7.272,-0.743577
7.273000000000001,-0.320281
7.274000000000001,-0.327108
7.275,-0.200864
7.276000000000001,-0.582508
7.277000000000001,-0.497894
7.278,-0.672168
7.279000000000001,-0.392479
7.28,-0.340081
7.281000000000001,-0.740959
7.282000000000001,-0.139035
7.283,-0.829771
7.284000000000001,-0.604062
7.285000000000001,-0.79911
7.286,-0.495676
7.287000000000001,-0.613407
7.288,-0.17751
7.289000000000001,-0.637574
7.290000000000001,-0.236587
7.291,-0.223999
7.292000000000001,-0.2706
7.293000000000001,-0.320854
7.294,-0.565674
7.295000000000001,-0.52236
7.296,-0.262725
7.297000000000001,-0.21815
7.298000000000001,-0.808748
7.299,-0.423755
7.300000000000001,-0.2973
7.301,-0.405265
7.302,-0.240494
7.303000000000001,-0.400587
7.304,-0.604451
7.305000000000001,-0.801995
7.306000000000001,-0.678817
7.307,-0.515639
7.308000000000001,-0.561075
7.309,-0.540423
7.31,-0.217435
7.311000000000001,0.177111
7.312,-0.212591
7.313000000000001,-0.288467
7.314000000000001,-0.306791
7.315,-0.195055
7.316000000000001,-0.46466
7.317,-0.605397
7.318,-0.598059
7.319000000000001,-0.453773
7.32,-0.433283
7.321000000000001,-0.21195
7.322000000000001,-0.656733
7.323,-0.410422
7.324000000000001,-0.386542
7.325,-0.792167
7.326,-0.290217
7.327000000000001,-0.80196
7.328,-0.342282
7.329000000000001,-0.495544
7.330000000000001,-0.153338
7.331,-0.570892
7.332000000000001,-0.22611
7.333,-0.585654
7.334,-0.283695
7.335000000000001,-0.756132
7.336,-0.419888
7.337000000000001,-0.312573
7.338000000000001,-0.196766
7.339,-0.628676
7.340000000000001,-0.637305
7.341,-0.269087
7.342,-0.313156
7.343000000000001,-0.751647
7.344,-0.217702
7.345000000000001,-0.299883
7.346000000000001,-0.631062
7.347,-0.456228
7.348000000000001,-0.460131
7.349,-0.500595
7.35,-0.504487
7.351000000000001,-0.499653
7.352,-0.216279
7.353000000000001,-0.788357
7.354000000000001,-0.673018
7.355,-0.535522
7.356000000000001,-0.135237
7.357,-0.354254
7.358,-0.203545
7.359000000000001,-0.710975
7.36,-0.772577
7.361000000000001,-0.821209
7.362000000000001,-0.803725
7.363,-0.406765
7.364000000000001,-0.301137
7.365,-0.771132
7.366,-0.404614
7.367000000000001,-0.466717
7.368,-0.411202
7.369000000000001,-0.419456
7.370000000000001,-0.1295
7.371,-0.094821
7.372000000000001,-0.378253
7.373,-0.570939
7.374,-0.514123
7.375000000000001,-0.668211
7.376,-0.637104
7.377000000000001,-0.636276
7.378000000000001,-0.285301
7.379,-0.366638
7.380000000000001,-0.365445
7.381,-0.159658
7.382000000000001,-0.423471
7.383000000000001,-0.133088
7.384,-0.670109
7.385000000000001,-0.655932
7.386000000000001,-0.603978
7.387,-0.427409
7.388000000000001,-0.497973
7.389,-0.703124
7.390000000000001,-0.493394
7.391000000000001,-0.345433
7.392,0.102879
7.393000000000001,-0.40558
7.394000000000001,-0.593469
7.395,-0.40102
7.396000000000001,-0.070321
7.397,-0.334251
7.398000000000001,-0.458733
7.399000000000001,-0.390919
7.4,-0.598649
7.401000000000001,-0.501422
7.402000000000001,-0.712797
7.403,-0.393042
7.404000000000001,-0.631956
7.405,-0.443607
7.406000000000001,-0.213457
7.407000000000001,-0.441159
7.408,-0.302948
7.409000000000001,-0.368734
7.410000000000001,-0.21006
7.411,-0.406273
7.412000000000001,-0.153279
7.413,-0.245539
7.414000000000001,-0.104046
7.415000000000001,-0.485998
7.416,-0.554367
7.417000000000001,-0.552347
7.418000000000001,-0.375804
7.419,-0.525645
7.420000000000001,-0.709905
7.421,-0.18375
7.422000000000001,-0.554976
7.423000000000001,-0.664137
7.424,-0.407159
7.425000000000001,-0.441318
7.426000000000001,-0.297349
7.427,-0.452779
7.428000000000001,-0.799031
7.429,-0.488102
7.430000000000001,-0.500943
7.431000000000001,-0.195474
7.432,-0.571525
7.433000000000001,-0.429754
7.434000000000001,-0.588879
7.435,-0.000755
7.436000000000001,-0.693411
7.437,-0.542255
7.438000000000001,-0.605103
7.439000000000001,-0.598431
7.44,-0.451049
7.441000000000001,-0.548046
7.442,-0.599123
7.443,-0.581881
7.444000000000001,-0.477601
7.445,-0.523794
7.446000000000001,-0.449421
7.447000000000001,-0.793554
7.448,-0.597779
7.449000000000001,-0.033062
7.45,-0.393513
7.451,-0.616378
7.452000000000001,-0.40382
7.453,-0.692418
7.454000000000001,-0.401467
7.455000000000001,-0.366705
7.456,-0.501554
7.457000000000001,-0.453481
7.458,-0.291056
7.459,-0.435597
7.460000000000001,-0.312694
7.461,-0.165845
7.462000000000001,-0.659694
7.463000000000001,-0.493088
7.464,-0.039634
7.465000000000001,-0.54443
7.466,-0.320536
7.467,-0.468284
7.468000000000001,-0.673192
7.469,-0.1483
7.470000000000001,-0.381355
7.471000000000001,-0.151618
7.472,-0.324811
7.473000000000001,-0.444175
7.474,-0.596494
7.475,-0.459759
7.476000000000001,-0.312744
7.477,-0.18548
7.478000000000001,-0.947917
7.479000000000001,-0.479339
7.48,-0.46016
7.481000000000001,-0.613619
7.482,-0.298852
7.483,-0.363718
7.484000000000001,-0.414134
7.485,-0.379042
7.486000000000001,-0.57533
7.487000000000001,0.024392
7.488,-0.483057
7.489000000000001,-0.260763
7.49,-0.415062
7.491,-0.401343
7.492000000000001,-0.922753
7.493,-0.463712
7.494000000000001,-0.508354
7.495000000000001,0.007945
7.496,-0.134973
7.497000000000001,-0.70305
7.498,0.076418
7.499,-0.375369
7.500000000000001,-0.096154
7.501,0.041462
7.502000000000001,-0.841896
7.503000000000001,-0.429392
7.504,-0.914369
7.505000000000001,-0.401146
7.506,-0.474969
7.507000000000001,-0.275623
7.508000000000001,-0.617805
7.509,-0.120135
7.510000000000001,-0.731463
7.511000000000001,-0.569603
7.512,-0.624746
7.513000000000001,-0.790575
7.514,-0.65446
7.515000000000001,-0.514204
7.516000000000001,-0.537822
7.517,-0.6982
7.518000000000001,-0.316155
7.519000000000001,-0.591844
7.52,-0.464391
7.521000000000001,-0.606364
7.522,-0.499156
7.523000000000001,-0.701293
7.524000000000001,-0.350982
7.525,-0.679271
7.526000000000001,-0.848707
7.527000000000001,-0.415494
7.528,-0.725486
7.529000000000001,-0.517687
7.53,-0.316328
7.531000000000001,-0.127508
7.532000000000001,-0.650728
7.533,-0.985267
7.534000000000001,-0.442736
7.535000000000001,-0.254583
7.536,-0.5828
7.537000000000001,-0.585873
7.538,-0.611615
7.539000000000001,-0.502515
7.540000000000001,-0.307368
7.541,-0.342705
7.542000000000001,-0.820729
7.543000000000001,-0.457829
7.544,-0.344485
7.545000000000001,-0.538696
7.546,-0.760197
7.547000000000001,-0.34369
7.548000000000001,-0.405154
7.549,-0.862696
7.550000000000001,-0.523749
7.551000000000001,-0.328532
7.552,-0.539014
7.553000000000001,-0.683024
7.554,-0.261064
7.555000000000001,-0.26762
7.556000000000001,-0.60676
7.557,-0.397111
7.558000000000001,-0.556249
7.559000000000001,-0.582751
7.56,-0.201745
7.561000000000001,-0.563521
7.562,-0.406273
7.563000000000001,-0.613516
7.564000000000001,-0.222242
7.565,-0.651671
7.566000000000001,-0.596351
7.567000000000001,-0.36302
7.568,-0.631719
7.569000000000001,-0.380095
7.57,-0.317292
7.571000000000001,-0.321414
7.572000000000001,-0.473319
7.573,-0.228323
7.574000000000001,-0.414796
7.575,-0.189694
7.576,-0.724803
7.577000000000001,-0.333722
7.578,-0.370552
7.579000000000001,-0.194407
7.580000000000001,-0.595787
7.581,-0.262124
7.582000000000001,-0.215176
7.583,-0.586967
7.584,-0.38624
7.585000000000001,-0.572713
7.586,-0.421494
7.587000000000001,-0.848671
7.588000000000001,-0.654719
7.589,-0.320707
7.590000000000001,-0.509847
7.591,-0.675017
7.592,-0.76808
7.593000000000001,-0.710274
7.594,-0.351602
7.595000000000001,-0.566715
7.596000000000001,-0.425903
7.597,-0.601522
7.598000000000001,-0.676045
7.599,-0.638651
7.6,-0.418986
7.601000000000001,-0.388166
7.602,-0.437207
7.603000000000001,-0.370048
7.604000000000001,-0.265413
7.605,-0.352811
7.606000000000001,-0.209726
7.607,-0.610605
7.608,-0.342387
7.609000000000001,-0.535941
7.61,-0.566359
7.611000000000001,-0.129488
7.612000000000001,-1.086776
7.613,-0.77086
7.614000000000001,-0.367097
7.615,-0.778947
7.616,-0.777829
7.617000000000001,-0.479232
7.618,-0.421052
7.619000000000001,-0.367012
7.620000000000001,-0.267599
7.621,-0.495293
7.622000000000001,-0.471604
7.623,-0.333174
7.624,-0.470706
7.625000000000001,-0.553076
7.626,-0.490239
7.627000000000001,-0.327997
7.628000000000001,-0.132111
7.629,-0.415856
7.630000000000001,-0.242619
7.631,-0.737913
7.632000000000001,-0.11681
7.633000000000001,-0.086782
7.634,-0.427237
7.635000000000001,-0.154867
7.636000000000001,-0.43673
7.637,-0.365779
7.638000000000001,-0.470371
7.639,-0.296892
7.640000000000001,-0.770044
7.641000000000001,-0.348234
7.642,-0.636166
7.643000000000001,-0.328518
7.644000000000001,-0.260481
7.645,-0.073943
7.646000000000001,-0.679618
7.647,-0.710996
7.648000000000001,-0.213807
7.649000000000001,-0.028165
7.65,-0.509721
7.651000000000001,-0.184756
7.652000000000001,-0.307039
7.653,-0.376036
7.654000000000001,-0.446162
7.655,-0.70488
7.656000000000001,-0.615626
7.657000000000001,-0.360656
7.658,-0.442871
7.659000000000001,-0.285312
7.660000000000001,-0.540816
7.661,-0.669531
7.662000000000001,-0.161857
7.663,-0.442438
7.664000000000001,-0.469384
7.665000000000001,-0.294057
7.666,-0.394695
7.667000000000001,-0.424583
7.668000000000001,-0.318282
7.669,-0.65707
7.670000000000001,-0.480615
7.671,-0.581893
7.672000000000001,-0.375174
7.673000000000001,-0.59707
7.674,-0.132011
7.675000000000001,-0.313867
7.676000000000001,-0.221484
7.677,-0.21351
7.678000000000001,-0.148117
7.679,0.066758
7.680000000000001,-0.341025
7.681000000000001,-0.14885
7.682,-0.585189
7.683000000000001,-0.389349
7.684000000000001,-0.291018
7.685,-0.204084
7.686000000000001,-0.28128
7.687,-0.722678
7.688000000000001,-0.359606
7.689000000000001,-0.400696
7.69,-0.283698
7.691000000000001,-0.149474
7.692000000000001,-0.639303
7.693,-0.653782
7.694000000000001,-0.4762
7.695,-0.425526
7.696000000000001,-0.196923
7.697000000000001,-0.475411
7.698,-0.424825
7.699000000000001,-0.323951
7.700000000000001,-0.650735
7.701,-0.654812
7.702000000000001,-0.363449
7.703,-0.595922
7.704000000000001,-0.635722
7.705000000000001,-0.648635
7.706,-0.712547
7.707000000000001,-0.234071
7.708000000000001,-0.786062
7.709,-0.474434
7.710000000000001,-0.663726
7.711,-0.438499
7.712000000000001,-0.309275
7.713000000000001,-0.67146
7.714,-0.719225
7.715000000000001,-0.047944
7.716,-0.719444
7.717,-0.159598
7.718000000000001,-0.700242
7.719,-0.390519
7.720000000000001,-0.481979
7.721000000000001,-0.823967
7.722,-0.519222
7.723000000000001,-0.533298
7.724,-0.314975
7.725,-0.236827
7.726000000000001,-0.311909
7.727,-0.403271
7.728000000000001,-0.554174
7.729000000000001,-0.591998
7.73,-0.686669
7.731000000000001,-0.506084
7.732,-0.255827
7.733,-0.652494
7.734000000000001,-0.578193
7.735,-0.728122
7.736000000000001,-0.386346
7.737000000000001,-0.41808
7.738,-0.214657
7.739000000000001,-0.584177
7.74,-0.481161
7.741,-0.788615
7.742000000000001,-0.775307
7.743,-0.505734
7.744000000000001,0.082503
7.745000000000001,-0.415998
7.746,-0.668375
7.747000000000001,-0.588658
7.748,-0.66195
7.749,-0.586414
7.750000000000001,-0.407744
7.751,0.045156
7.752000000000001,-0.515253
7.753000000000001,-0.538962
7.754,-0.231209
7.755000000000001,-0.545445
7.756,-0.648033
7.757000000000001,-0.361315
7.758000000000001,-0.560458
7.759,-0.526842
7.760000000000001,-0.471656
7.761000000000001,-0.383763
7.762,-0.45023
7.763000000000001,-0.702958
7.764,-0.268973
7.765000000000001,-0.633142
7.766000000000001,-0.531616
7.767,-0.445726
7.768000000000001,-0.413735
7.769000000000001,-0.18225
7.77,-0.387825
7.771000000000001,0.064207
7.772,-0.505162
7.773000000000001,-0.395309
7.774000000000001,0.054186
7.775,-0.62614
7.776000000000001,-0.523501
7.777000000000001,-0.183644
7.778,-0.421166
7.779000000000001,-0.328066
7.78,-0.191913
7.781000000000001,-0.477325
7.782000000000001,-0.376385
7.783,-0.625377
7.784000000000001,-0.474095
7.785000000000001,-0.590633
7.786,-0.588267
7.787000000000001,-0.221091
7.788,-0.083127
7.789000000000001,-0.853908
7.790000000000001,-0.343994
7.791,-0.517865
7.792000000000001,-0.24086
7.793000000000001,-0.453288
7.794,-0.558199
7.795000000000001,-0.881289
7.796,-1.129552
7.797000000000001,-0.541326
7.798000000000001,-0.27805
7.799,-0.297949
7.800000000000001,-0.213982
7.801000000000001,-0.513886
7.802,-0.202318
7.803000000000001,-0.383879
7.804,-0.460716
7.805000000000001,-0.524617
7.806000000000001,-0.281257
7.807,-0.353079
7.808000000000001,-0.193418
7.809000000000001,0.040433
7.81,-0.330449
7.811000000000001,-0.419124
7.812,-0.957722
7.813000000000001,-0.594022
7.814000000000001,-0.352093
7.815,-0.445956
7.816000000000001,-0.51547
7.817000000000001,-0.312054
7.818,-0.439124
7.819000000000001,-0.637426
7.82,-0.722061
7.821000000000001,-0.624119
7.822000000000001,-0.340438
7.823,-0.128213
7.824000000000001,-0.641855
7.825000000000001,-0.307131
7.826,-0.74423
7.827000000000001,-0.545461
7.828,-0.505622
7.829000000000001,-0.421375
7.830000000000001,-0.328711
7.831,-0.179855
7.832000000000001,-0.576178
7.833000000000001,-0.355656
7.834,-0.717009
7.835000000000001,-0.255473
7.836,-0.965025
7.837000000000001,-0.254827
7.838000000000001,-0.601774
7.839,-0.303204
7.840000000000001,-0.341469
7.841000000000001,-0.297556
7.842,-0.630882
7.843000000000001,-0.360004
7.844,-0.381597
7.845000000000001,-0.347571
7.846000000000001,-0.389415
7.847,-0.434178
7.848000000000001,-0.306738
7.849,-0.683146
7.85,-0.689964
7.851000000000001,-0.326306
7.852,-0.082991
7.853000000000001,-0.666354
7.854000000000001,-0.881056
7.855,-0.416098
7.856000000000001,-0.761484
7.857,-0.625414
7.858,-0.912183
7.859000000000001,-0.257133
7.86,-0.270111
7.861000000000001,-0.610877
7.862000000000001,-0.409094
7.863,-0.570589
7.864000000000001,-0.676802
7.865,-0.404154
7.866,-0.681927
7.867000000000001,-0.280487
7.868,-0.328171
7.869000000000001,-0.179792
7.870000000000001,0.131702
7.871,-0.642678
7.872000000000001,-0.560539
7.873,-0.606212
7.874,-0.455037
7.875000000000001,-0.32812
7.876,-0.477244
7.877000000000001,-0.48432
7.878000000000001,-0.37378
7.879,-0.430614
7.880000000000001,-0.412393
7.881,-0.685275
7.882000000000001,-0.159566
7.883000000000001,-0.148186
7.884,-0.278914
7.885000000000001,-0.522288
7.886000000000001,-0.909284
7.887,-0.420986
7.888000000000001,-0.029658
7.889,-0.339719
7.890000000000001,-0.502186
7.891000000000001,-0.588589
7.892,-0.429911
7.893000000000001,-0.347822
7.894000000000001,-0.303008
7.895,-0.273288
7.896000000000001,-0.655753
7.897,-0.507512
7.898000000000001,-0.218279
7.899000000000001,-0.274084
7.9,-0.428571
7.901000000000001,-0.469091
7.902000000000001,-0.673173
7.903,-0.322213
7.904000000000001,-0.107626
7.905,-0.504589
7.906000000000001,-0.35883
7.907000000000001,-0.264929
7.908,-0.121281
7.909000000000001,-0.551184
7.910000000000001,-0.76562
7.911,-0.482135
7.912000000000001,-0.36533
7.913,-0.436689
7.914000000000001,-0.532521
7.915000000000001,-0.399757
7.916,-0.466055
7.917000000000001,-0.260663
7.918000000000001,-0.310025
7.919,-0.443491
7.920000000000001,-0.217972
7.921,-0.353131
7.922000000000001,-0.574347
7.923000000000001,-0.458166
7.924,-0.207766
7.925000000000001,-0.320249
7.926000000000001,-0.395849
7.927,-1.055795
7.928000000000001,-0.521222
7.929,-0.511616
7.930000000000001,-0.288481
7.931000000000001,0.056374
7.932,-0.322262
7.933000000000001,-0.289178
7.934000000000001,-0.463261
7.935,-0.650925
7.936000000000001,-0.775775
7.937,-0.142608
7.938000000000001,-0.358749
7.939000000000001,-0.7278
7.94,-0.179571
7.941000000000001,-0.639835
7.942000000000001,-0.288551
7.943,-0.762754
7.944000000000001,-0.29593
7.945,-0.560788
7.946000000000001,-0.58761
7.947000000000001,-0.504989
7.948,-0.323425
7.949000000000001,-0.958038
7.950000000000001,-0.282092
7.951,-0.492936
7.952000000000001,-0.590404
7.953,-0.390481
7.954000000000001,-0.130181
7.955000000000001,-0.455747
7.956,-0.357955
7.957000000000001,-0.564897
7.958000000000001,-0.294973
7.959,-0.784293
7.960000000000001,-0.400714
7.961,-0.700127
7.962000000000001,-0.255232
7.963000000000001,-0.601954
7.964,-0.239482
7.965000000000001,-0.561607
7.966000000000001,-0.935647
7.967,-0.501386
7.968000000000001,-0.268363
7.969,-0.555406
7.970000000000001,-0.366004
7.971000000000001,-0.477131
7.972,-0.092126
7.973000000000001,-0.364167
7.974000000000001,-0.333599
7.975,-0.162186
7.976000000000001,-0.412138
7.977,-0.579308
7.978000000000001,0.21124
7.979000000000001,-0.677745
7.98,-0.313392
7.981000000000001,-0.309318
7.982000000000001,-0.338665
7.983,-0.297474
7.984000000000001,-0.16587
7.985,-0.465055
7.986000000000001,-0.275563
7.987000000000001,-0.507306
7.988,-0.429671
7.989000000000001,-0.311659
7.99,-0.602021
7.991,-0.411818
7.992000000000001,-0.295031
7.993,-0.060438
7.994000000000001,-0.426624
7.995000000000001,-0.221361
7.996,-0.372569
7.997000000000001,-0.837474
7.998,-0.58032
7.999,-0.72461
8.0,-0.344082
8.001000000000001,-0.345523
8.002,-0.47494
8.003,-0.652765
8.004000000000001,-0.595259
8.005,-0.475422
8.006,-0.016759
8.007000000000001,-0.615623
8.008000000000001,-0.446099
8.009,-0.584103
8.01,-0.516273
8.011000000000001,-0.439076
8.012,-0.451376
8.013,-0.562628
8.014000000000001,-0.479287
8.015,-0.625182
8.016,-0.454589
8.017000000000001,-0.395548
8.018,-0.164031
8.019,-0.473864
8.020000000000001,-0.473973
8.021,-0.43456
8.022,-0.440249
8.023000000000001,-0.392651
8.024000000000001,-0.278796
8.025,-0.651921
8.026,-0.658583
8.027000000000001,-0.658806
8.028,-0.286083
8.029,-0.321132
8.030000000000001,-0.222591
8.031,-0.214274
8.032,-0.690288
8.033000000000001,-0.627125
8.034,-0.248119
8.035,-0.440141
8.036000000000001,-0.046433
8.037,-0.675241
8.038,-0.987825
8.039000000000001,-0.656138
8.040000000000001,-0.67177
8.041,-0.509528
8.042,-0.641071
8.043000000000001,-0.264993
8.044,-0.080729
8.045,-0.654399
8.046000000000001,-0.523183
8.047,-0.483745
8.048,-0.37343
8.049000000000001,-0.292567
8.05,-0.099968
8.051,-0.290063
8.052000000000001,-0.499791
8.053,-0.658705
8.054,-0.330456
8.055000000000001,-0.471806
8.056000000000001,-0.28692
8.057,-0.1694
8.058,-0.385534
8.059000000000001,-0.377426
8.06,-0.449224
8.061,-0.473032
8.062000000000001,-0.910313
8.063,-0.332261
8.064,-0.624581
8.065000000000001,-0.527294
8.066,-0.465834
8.067,-0.527018
8.068000000000001,-0.340597
8.069,-0.67529
8.07,-0.381522
8.071000000000002,-0.459521
8.072000000000001,-0.606153
8.073,-0.490716
8.074,-0.463673
8.075000000000001,-0.282889
8.076,-0.612249
8.077,-0.511864
8.078000000000001,-0.301331
8.079,-0.509238
8.08,-0.638445
8.081000000000001,-0.735454
8.082,-0.74252
8.083,-0.337468
8.084000000000001,-0.657334
8.085,-0.487424
8.086,-0.323647
8.087000000000002,-0.172465
8.088000000000001,-0.409094
8.089,-0.428352
8.09,-0.332566
8.091000000000001,-0.667435
8.092,-0.354121
8.093,-0.301608
8.094000000000001,-0.499544
8.095,-0.440593
8.096,-0.450776
8.097000000000001,-0.274939
8.098,-0.134689
8.099,-0.344108
8.100000000000001,-0.193003
8.101,-0.556982
8.102,-0.496256
8.103000000000002,-0.356347
8.104000000000001,-0.533235
8.105,-0.13517
8.106,-0.505194
8.107000000000001,-0.397347
8.108,-0.37747
8.109,-0.321765
8.110000000000001,-0.249147
8.111,-0.417103
8.112,-0.394509
8.113000000000001,-0.210343
8.114,-0.475504
8.115,-0.338003
8.116000000000001,-0.376287
8.117,-0.845785
8.118,-0.62591
8.119000000000002,-0.533531
8.120000000000001,-0.42675
8.121,-0.525381
8.122,-0.629107
8.123000000000001,-0.203384
8.124,-0.541465
8.125,-0.817284
8.126000000000001,-0.512554
8.127,-0.32857
8.128,-0.252306
8.129000000000001,-0.615471
8.13,-0.19814
8.131,0.059025
8.132000000000001,-0.456675
8.133000000000001,-0.62074
8.134,-0.171118
8.135,-0.196831
8.136000000000001,-0.11429
8.137,-0.393991
8.138,-0.296477
8.139000000000001,-0.136458
8.14,-0.347994
8.141,-0.521053
8.142000000000001,-0.331959
8.143,-0.491767
8.144,-0.367721
8.145000000000001,-0.57814
8.146,-0.799393
8.147,-0.097456
8.148000000000001,-0.576015
8.149000000000001,-0.20448
8.15,-0.414162
8.151,-0.299008
8.152000000000001,-0.754244
8.153,-0.766601
8.154,-0.617143
8.155000000000001,-0.51042
8.156,-0.85916
8.157,-0.231382
8.158000000000001,-0.145953
8.159,-0.559257
8.16,-0.668441
8.161000000000001,-0.484384
8.162,-0.313753
8.163,-0.558608
8.164000000000001,-0.474328
8.165000000000001,-0.772951
8.166,-0.417023
8.167,-0.470428
8.168000000000001,-1.00924
8.169,-0.055526
8.17,-0.296519
8.171000000000001,-0.775871
8.172,-0.639475
8.173,-0.207886
8.174000000000001,-0.399139
8.175,-0.53714
8.176,-0.371321
8.177000000000001,-0.615116
8.178,-0.1516
8.179,-0.551952
8.180000000000001,-0.18638
8.181000000000001,-0.490976
8.182,-0.524338
8.183,-0.054114
8.184000000000001,-0.269421
8.185,-0.241672
8.186,-0.052437
8.187000000000001,-0.537377
8.188,-0.439335
8.189,-0.514376
8.190000000000001,-0.441915
8.191,-0.761581
8.192,-0.739589
8.193000000000001,-0.545555
8.194,-0.114445
8.195,-0.440951
8.196000000000002,-0.625285
8.197000000000001,-0.019278
8.198,-0.32732
8.199,-0.276399
8.200000000000001,-0.398629
8.201,-0.58229
8.202,-0.417358
8.203000000000001,-0.201321
8.204,-0.187312
8.205,-0.138168
8.206000000000001,-0.356222
8.207,-0.375299
8.208,-0.375067
8.209000000000001,-0.849419
8.21,-0.420447
8.211,-0.319056
8.212000000000002,-0.462539
8.213000000000001,-0.205785
8.214,-0.792848
8.215,-0.215544
8.216000000000001,-0.445835
8.217,-0.289335
8.218,-0.165949
8.219000000000001,-0.262313
8.22,-0.13648
8.221,-0.187772
8.222000000000001,-0.602435
8.223,-0.30507
8.224,-0.156439
8.225000000000001,-0.507457
8.226,-0.416773
8.227,-0.399327
8.228000000000002,-0.520429
8.229000000000001,-0.38836
8.23,-0.548007
8.231,-0.196109
8.232000000000001,-0.162515
8.233,-0.583876
8.234,-0.614099
8.235000000000001,-0.804743
8.236,-0.777859
8.237,-0.882069
8.238000000000001,-0.244685
8.239,-0.125704
8.24,-0.566204
8.241000000000001,-0.527425
8.242,-0.536909
8.243,-0.488654
8.244000000000002,-0.138428
8.245000000000001,-0.427299
8.246,-0.44245
8.247,-0.449766
8.248000000000001,-0.229988
8.249,-0.046279
8.25,-0.348
8.251000000000001,-0.140628
8.252,-0.410205
8.253,-0.197002
8.254000000000001,-0.481078
8.255,-0.33005
8.256,-0.224021
8.257000000000001,-0.33702
8.258000000000001,-0.316697
8.259,-0.498154
8.260000000000002,-0.537967
8.261000000000001,-0.650895
8.262,-0.441159
8.263,-0.453302
8.264000000000001,-0.860499
8.265,-0.443598
8.266,-0.769188
8.267000000000001,-0.310536
8.268,-0.299655
8.269,-0.521879
8.270000000000001,-0.229463
8.271,-0.419094
8.272,0.055509
8.273000000000001,-0.219644
8.274000000000001,-0.493678
8.275,-0.41762
8.276,-0.564561
8.277000000000001,-0.757006
8.278,-0.508431
8.279,-0.440141
8.280000000000001,-0.3191
8.281,-0.456355
8.282,-0.521623
8.283000000000001,-0.586102
8.284,-0.52039
8.285,-0.163126
8.286000000000001,-0.657811
8.287,-0.261834
8.288,-0.430864
8.289000000000001,-0.295271
8.290000000000001,-0.375931
8.291,-0.44538
8.292,-0.18486
8.293000000000001,-0.162697
8.294,-0.41815
8.295,-0.586156
8.296000000000001,-0.181151
8.297,-1.044983
8.298,-0.537175
8.299000000000001,-0.370882
8.3,-0.276563
8.301,-0.630279
8.302000000000001,-0.612085
8.303,-0.609099
8.304,-0.368502
8.305000000000001,-0.376142
8.306000000000001,-0.664495
8.307,-0.742198
8.308,-0.495261
8.309000000000001,-0.295134
8.31,-0.295842
8.311,-0.435071
8.312000000000001,-0.472306
8.313,-0.150582
8.314,-0.635
8.315000000000001,-0.657412
8.316,-0.739662
8.317,-0.496591
8.318000000000001,-0.509028
8.319,-0.447311
8.32,-0.474954
8.321000000000002,-0.693345
8.322000000000001,-0.39076
8.323,-0.29596
8.324,-0.438817
8.325000000000001,-0.155959
8.326,-0.191106
8.327,-0.581609
8.328000000000001,-0.236876
8.329,-0.692667
8.33,-0.610942
8.331000000000001,-0.637905
8.332,-0.532642
8.333,-0.402981
8.334000000000001,-0.393547
8.335,-0.38989
8.336,-0.376837
8.337000000000002,-0.291832
8.338000000000001,-0.326418
8.339,-0.345576
8.34,0.105251
8.341000000000001,-0.554276
8.342,-0.165276
8.343,-0.12047
8.344000000000001,-0.750686
8.345,-0.364513
8.346,-0.547504
8.347000000000001,-0.465202
8.348,-0.027302
8.349,-0.160884
8.350000000000001,-0.651675
8.351,-0.265108
8.352,-0.369531
8.353000000000002,-0.274853
8.354000000000001,-0.2219
8.355,-0.378751
8.356,-0.795942
8.357000000000001,-0.718948
8.358,-0.071751
8.359,-0.123661
8.360000000000001,-0.875593
8.361,-0.23712
8.362,-0.262841
8.363000000000001,-0.311214
8.364,-0.743626
8.365,-0.279757
8.366000000000001,-0.400376
8.367,-0.352556
8.368,0.033092
8.369000000000002,-0.410922
8.370000000000001,-0.459892
8.371,-0.566629
8.372,-0.234382
8.373000000000001,-0.139638
8.374,-0.402294
8.375,-0.438206
8.376000000000001,-0.583104
8.377,-0.432036
8.378,-0.87292
8.379000000000001,-0.300189
8.38,-0.37462
8.381,-0.551336
8.382000000000001,-0.501528
8.383000000000001,-0.139183
8.384,-0.237563
8.385000000000002,-0.339901
8.386000000000001,-0.544467
8.387,-0.422707
8.388,-0.914314
8.389000000000001,-0.754595
8.39,-0.566791
8.391,-0.644472
8.392000000000001,-0.54103
8.393,-0.276479
8.394,-0.294084
8.395000000000001,-0.679541
8.396,-0.110322
8.397,-0.620537
8.398000000000001,-0.623129
8.399000000000001,-0.220408
8.4,-0.541267
8.401,-0.432001
8.402000000000001,-0.351116
8.403,-0.578415
8.404,-0.582567
8.405000000000001,-0.215493
8.406,-0.288569
8.407,-0.607733
8.408000000000001,-0.510267
8.409,-0.711577
8.41,-0.525236
8.411000000000001,-0.440094
8.412,-0.506066
8.413,-0.290976
8.414000000000001,-0.725141
8.415000000000001,-0.503168
8.416,-0.261991
8.417,-0.49955
8.418000000000001,-0.309145
8.419,-0.502683
8.42,-0.296626
8.421000000000001,-0.252194
8.422,-0.502966
8.423,0.066758
8.424000000000001,-0.305651
8.425,-0.39651
8.426,-0.452294
8.427000000000001,-0.53584
8.428,-0.511602
8.429,-0.559425
8.430000000000001,-0.4417
8.431000000000001,-0.573873
8.432,-0.427906
8.433,-0.691905
8.434000000000001,-0.309928
8.435,-0.57293
8.436,-0.679524
8.437000000000001,-0.620983
8.438,-0.390229
8.439,-0.401832
8.440000000000001,-0.352897
8.441,-0.576915
8.442,-0.45112
8.443000000000001,-0.544575
8.444,-0.546066
8.445,-0.322441
8.446000000000002,-0.671532
8.447000000000001,-0.428637
8.448,-0.282097
8.449,-0.226866
8.450000000000001,-0.238478
8.451,-0.516055
8.452,-0.414474
8.453000000000001,-0.604371
8.454,-0.449856
8.455,-0.139486
8.456000000000001,-0.025203
8.457,-0.623859
8.458,-0.093746
8.459000000000001,-0.434294
8.46,-0.296519
8.461,-0.286907
8.462000000000002,-0.428527
8.463000000000001,-0.477033
8.464,-0.37897
8.465,-0.535331
8.466000000000001,-0.622106
8.467,-0.047582
8.468,-0.204919
8.469000000000001,-0.818013
8.47,-0.480231
8.471,-0.075616
8.472000000000001,-0.593816
8.473,-0.301668
8.474,-0.523546
8.475000000000001,-0.832911
8.476,-0.691223
8.477,-0.307167
8.478000000000002,-0.22395
8.479000000000001,-0.231366
8.48,-0.394468
8.481,-0.412061
8.482000000000001,-0.045994
8.483,-0.267751
8.484,-0.141161
8.485000000000001,-0.45355
8.486,-0.461417
8.487,-0.395975
8.488000000000001,0.013026
8.489,-0.418827
8.49,-0.328661
8.491000000000001,-0.379652
8.492,-0.588902
8.493,-0.459752
8.494000000000002,-0.469963
8.495000000000001,-0.679706
8.496,-0.342796
8.497,-0.408256
8.498000000000001,-0.449294
8.499,-0.584275
8.5,-0.326751
8.501000000000001,-0.5255
8.502,-0.056147
8.503,-0.462542
8.504000000000001,-0.46855
8.505,-0.556208
8.506,-0.53803
8.507000000000001,-0.628498
8.508000000000001,-0.141465
8.509,-0.298381
8.510000000000002,0.116922
8.511000000000001,-0.307043
8.512,-0.829337
8.513,-0.614813
8.514000000000001,-0.444377
8.515,-0.111255
8.516,-0.476721
8.517000000000001,-0.402421
8.518,-0.696722
8.519,-0.462878
8.520000000000001,-0.613171
8.521,-0.737509
8.522,-0.554735
8.523000000000001,-0.485783
8.524000000000001,-0.207608
8.525,-0.470994
8.526000000000002,-0.433574
8.527000000000001,-0.682206
8.528,-0.240256
8.529,-0.753045
8.530000000000001,-0.261883
8.531,-0.765441
8.532,-0.257281
8.533000000000001,-0.792191
8.534,-0.481825
8.535,-0.20316
8.536000000000001,-0.453703
8.537,-0.443932
8.538,-0.186584
8.539000000000001,-0.440579
8.540000000000001,-0.456939
8.541,-0.453139
8.542,-0.624599
8.543000000000001,-0.606251
8.544,-0.550888
8.545,-0.32551
8.546000000000001,-0.450716
8.547,-0.123146
8.548,-0.358427
8.549000000000001,-0.285296
8.55,-0.128938
8.551,-0.267719
8.552000000000001,-0.398258
8.553,0.087407
8.554,-0.535167
8.555000000000001,-0.224787
8.556000000000001,-0.614869
8.557,-0.476078
8.558,-0.484367
8.559000000000001,-0.2592
8.56,-0.11361
8.561,-0.045371
8.562000000000001,-0.289296
8.563,-0.599089
8.564,-0.322783
8.565000000000001,-0.598423
8.566,-0.100901
8.567,-0.33235
8.568000000000001,-0.575695
8.569,-0.401735
8.57,-0.332294
8.571000000000002,-0.312894
8.572000000000001,-0.423883
8.573,-0.464068
8.574,-0.323765
8.575000000000001,-0.492423
8.576,-0.627083
8.577,-0.117605
8.578000000000001,-0.228152
8.579,-0.052087
8.58,-0.344549
8.581000000000001,-0.360417
8.582,-0.350564
8.583,-0.358732
8.584000000000001,-0.231831
8.585,-0.473835
8.586,-0.556266
8.587000000000002,-0.376044
8.588000000000001,-0.180331
8.589,-0.683712
8.59,-0.183308
8.591000000000001,-0.520289
8.592,-0.282099
8.593,-0.551114
8.594000000000001,-0.485657
8.595,-0.444819
8.596,-0.913605
8.597000000000001,-0.80371
8.598,0.02595
8.599,-0.406648
8.600000000000001,-0.372569
8.601,-0.301888
8.602,-0.246804
8.603000000000002,-0.293382
8.604000000000001,-0.741911
8.605,-0.616281
8.606,-0.432903
8.607000000000001,-0.304914
8.608,-0.360541
8.609,-0.566985
8.610000000000001,-0.346516
8.611,-0.435302
8.612,-0.49405
8.613000000000001,-0.496484
8.614,-0.621285
8.615,-0.558791
8.616000000000001,-0.238639
8.617,-0.197466
8.618,-0.740282
8.619000000000002,-0.501119
8.620000000000001,-0.160763
8.621,-0.283698
8.622,-0.447548
8.623000000000001,-0.49351
8.624,-0.389201
8.625,-0.770259
8.626000000000001,-0.058908
8.627,-0.399867
8.628,-0.520722
8.629000000000001,-0.07625
8.63,-0.337625
8.631,-0.401063
8.632000000000001,-0.236261
8.633000000000001,-0.84328
8.634,-0.506099
8.635000000000002,-0.092693
8.636000000000001,-0.262039
8.637,-0.507442
8.638,-0.556513
8.639000000000001,-0.350172
8.64,-0.472798
8.641,-0.27729
8.642000000000001,-0.221583
8.643,-0.446611
8.644,-0.531886
8.645000000000001,-0.804651
8.646,-0.622582
8.647,-0.697307
8.648000000000001,-0.686705
8.649000000000001,-0.415534
8.65,-0.418905
8.651000000000002,-0.457711
8.652000000000001,-0.528179
8.653,-0.600686
8.654,-0.401131
8.655000000000001,-0.451174
8.656,-0.28045
8.657,-0.395992
8.658000000000001,-0.710291
8.659,-0.899357
8.66,-0.179063
8.661000000000001,-0.18486
8.662,-0.84824
8.663,-0.507153
8.664000000000001,-0.484751
8.665000000000001,-0.297995
8.666,-0.680447
8.667000000000002,-0.175643
8.668000000000001,-0.615214
8.669,-0.54286
8.67,-0.367679
8.671000000000001,-0.600376
8.672,-0.33295
8.673,-0.576111
8.674000000000001,-0.291755
8.675,-0.838254
8.676,-0.597978
8.677000000000001,-0.171925
8.678,-0.302393
8.679,-0.516243
8.680000000000001,-0.390301
8.681000000000001,0.052686
8.682,0.217178
8.683,-0.298
8.684000000000001,-0.428162
8.685,-0.671098
8.686,-0.608057
8.687000000000001,-0.430525
8.688,-0.557797
8.689,-0.312576
8.690000000000001,0.000786
8.691,-0.348237
8.692,-0.583172
8.693000000000001,-0.42567
8.694,-0.524281
8.695,-0.278873
8.696000000000002,-0.251787
8.697000000000001,-0.526415
8.698,-0.70426
8.699,-0.633678
8.700000000000001,-0.451479
8.701,-0.636052
8.702,-0.571376
8.703000000000001,-0.356362
8.704,-0.2525
8.705,-0.293407
8.706000000000001,-0.445365
8.707,-0.595063
8.708,-0.199375
8.709000000000001,-0.559482
8.71,-0.421929
8.711,-0.354505
8.712000000000002,-0.567306
8.713000000000001,-0.120493
8.714,-0.459759
8.715,-0.531226
8.716000000000001,-0.480676
8.717,-0.637963
8.718,-0.441419
8.719000000000001,-0.483464
8.72,-0.189852
8.721,-0.516549
8.722000000000001,-0.546768
8.723,-0.295676
8.724,-0.328285
8.725000000000001,-0.626585
8.726,-0.526591
8.727,-0.495288
8.728000000000002,-0.145368
8.729000000000001,-0.687124
8.73,-0.0233
8.731,-0.451674
8.732000000000001,-0.174908
8.733,-0.601211
8.734,-0.616838
8.735000000000001,-0.705282
8.736,-0.036626
8.737,-0.782302
8.738000000000001,-0.705773
8.739,-0.332889
8.74,-0.253859
8.741000000000001,-0.474511
8.742,-0.53687
8.743,-0.674264
8.744000000000002,-0.653464
8.745000000000001,-0.279657
8.746,-0.743842
8.747,-0.316303
8.748000000000001,-0.576015
8.749,-0.423832
8.75,-0.555813
8.751000000000001,-0.697872
8.752,-0.609049
8.753,-0.622397
8.754000000000001,-0.505158
8.755,-0.48672
8.756,-0.473522
8.757000000000001,-0.294277
8.758000000000001,-0.385379
8.759,-0.605182
8.760000000000002,-0.389071
8.761000000000001,-0.547364
8.762,-0.713006
8.763,-0.669312
8.764000000000001,-0.654532
8.765,-0.462102
8.766,-0.566156
8.767000000000001,-0.541523
8.768,-0.761201
8.769,0.032953
8.770000000000001,-0.578906
8.771,-0.588104
8.772,-0.445035
8.773000000000001,-0.236323
8.774000000000001,-0.136985
8.775,-0.340056
8.776000000000002,-0.532145
8.777000000000001,-0.274894
8.778,-0.659379
8.779,-0.499183
8.780000000000001,-0.355348
8.781,-0.223127
8.782,-0.244809
8.783000000000001,-0.531198
8.784,-0.314335
8.785,-0.744695
8.786000000000001,-0.579982
8.787,-0.352159
8.788,-0.400749
8.789000000000001,-0.515411
8.790000000000001,-0.49779
8.791,-0.693921
8.792000000000002,-0.50532
8.793000000000001,-0.331042
8.794,-0.416294
8.795,-0.524286
8.796000000000001,-0.499709
8.797,-0.422085
8.798,-0.153551
8.799000000000001,-0.469353
8.8,-0.508162
8.801,-0.542389
8.802000000000001,-0.403471
8.803,-0.306812
8.804,-0.502414
8.805000000000001,-0.331121
8.806000000000001,-0.47371
8.807,-0.600074
8.808000000000002,-0.62365
8.809000000000001,-0.292512
8.81,-0.739475
8.811,-0.569978
8.812000000000001,-0.359293
8.813,-0.660093
8.814,-0.104569
8.815000000000001,-0.405804
8.816,-0.799687
8.817,-0.284499
8.818000000000001,-0.399831
8.819,-0.33821
8.82,0.126149
8.821000000000002,-0.387848
8.822000000000001,-0.09493
8.823,-0.643283
8.824,-0.653902
8.825000000000001,-0.242471
8.826,-0.767113
8.827,-0.312739
8.828000000000001,-0.152216
8.829,-0.38106
8.83,-0.438724
8.831000000000001,-0.605423
8.832,-0.34715
8.833,-0.152052
8.834000000000001,-0.387657
8.835,-0.59252
8.836,-0.250073
8.837000000000002,-0.761235
8.838000000000001,-0.246913
8.839,-0.805014
8.84,-0.587824
8.841000000000001,-0.544248
8.842,-0.412572
8.843,-0.496808
8.844000000000001,-0.306198
8.845,-0.615154
8.846,-0.319948
8.847000000000001,-0.405882
8.848,-0.636655
8.849,-0.569718
8.850000000000001,-0.577698
8.851,-0.378868
8.852,-0.484577
8.853000000000002,-0.432407
8.854000000000001,-0.275625
8.855,-0.6478
8.856,-0.722825
8.857000000000001,-0.529722
8.858,-0.594817
8.859,-0.389318
8.860000000000001,-0.420592
8.861,-0.154106
8.862,-0.53207
8.863000000000001,-0.346823
8.864,-0.150442
8.865,-0.270165
8.866000000000001,-0.191386
8.867,-0.547485
8.868,-0.396115
8.869000000000002,-0.529609
8.870000000000001,-0.414797
8.871,-0.475741
8.872,-0.500985
8.873000000000001,-0.393038
8.874,-0.580791
8.875,-0.633996
8.876000000000001,-0.614668
8.877,-0.14516
8.878,-0.79104
8.879000000000001,-0.577018
8.88,-0.377595
8.881,-0.36491
8.882000000000001,-0.08298
8.883000000000001,-0.187556
8.884,-0.548941
8.885000000000002,0.198618
8.886000000000001,-0.37438
8.887,-0.36085
8.888,-0.557464
8.889000000000001,-0.763811
8.89,-0.64192
8.891,-0.749114
8.892000000000001,-0.892031
8.893,-0.803685
8.894,-0.665358
8.895000000000001,-0.420512
8.896,-0.314831
8.897,-0.245606
8.898000000000001,-0.092781
8.899000000000001,-0.268551
8.9,-0.638229
8.901000000000002,-0.504381
8.902000000000001,-0.398351
8.903,-0.495134
8.904,-0.565384
8.905000000000001,-0.327997
8.906,-0.314526
8.907,-0.606526
8.908000000000001,-0.629941
8.909,-0.5461
8.91,-0.28775
8.911000000000001,-0.012546
8.912,-0.367632
8.913,-0.352875
8.914000000000001,-0.510581
8.915000000000001,-0.395582
8.916,-0.577909
8.917000000000002,-0.615926
8.918000000000001,-0.300587
8.919,-0.344679
8.92,-0.175313
8.921000000000001,-0.537299
8.922,-0.351288
8.923,-0.594598
8.924000000000001,-0.473588
8.925,-0.370314
8.926,-0.546565
8.927000000000001,-0.506982
8.928,-0.460534
8.929,-0.460915
8.930000000000001,-0.448994
8.931000000000001,-0.477062
8.932,-0.218269
8.933000000000002,-0.449916
8.934000000000001,-0.680534
8.935,-0.770667
8.936,-0.439362
8.937000000000001,-0.673732
8.938,-0.593017
8.939,-0.441365
8.940000000000001,-0.694175
8.941,-0.381853
8.942,-0.560372
8.943000000000001,-0.599616
8.944,-0.472657
8.945,-0.694037
8.946000000000002,-0.642835
8.947000000000001,-0.670842
8.948,-0.720251
8.949000000000002,-0.442789
8.950000000000001,-0.406631
8.951,-0.690799
8.952,-0.557442
8.953000000000001,-0.332633
8.954,-0.057381
8.955,-0.473291
8.956000000000001,-0.421694
8.957,-0.513522
8.958,-0.374758
8.959000000000001,-0.253374
8.96,-0.245443
8.961,-0.506744
8.962000000000002,-0.539197
8.963000000000001,-0.58438
8.964,-0.363946
8.965,-0.554477
8.966000000000001,-0.895891
8.967,-0.213542
8.968,-0.038897
8.969000000000001,-0.299138
8.97,-0.455087
8.971,-0.251895
8.972000000000001,-0.714919
8.973,-0.41417
8.974,-0.374079
8.975000000000001,-0.346299
8.976,-0.492874
8.977,-0.292499
8.978000000000002,-0.199476
8.979000000000001,-0.151977
8.98,-0.259189
8.981,-0.312357
8.982000000000001,-0.19618
8.983,-0.434708
8.984,-0.562803
8.985000000000001,-0.65782
8.986,-0.385237
8.987,-0.545212
8.988000000000001,-0.265965
8.989,-0.493932
8.99,-0.368269
8.991000000000001,-0.509048
8.992,-0.495809
8.993,-0.552154
8.994000000000002,-0.579981
8.995000000000001,-0.551875
8.996,-0.430864
8.997,-0.168915
8.998000000000001,-0.392291
8.999,-0.489128
9.0,-0.55346
9.001000000000001,-0.530058
9.002,-0.577428
9.003,-0.754968
9.004000000000001,-0.382125
9.005,-0.60816
9.006,-0.688203
9.007000000000001,-0.270836
9.008,-0.32149
9.009,-0.363743
9.010000000000002,-0.258846
9.011,-0.299074
9.012,-0.447985
9.013,-0.516712
9.014,-0.313061
9.015,-0.2526
9.016,-0.419007
9.017,-0.827126
9.018,-0.361789
9.019,-0.175953
9.02,-0.283687
9.021,-0.204415
9.022,-0.505609
9.023,-0.279593
9.024,-0.20069
9.025,-0.13428
9.026000000000002,-0.402779
9.027,-0.473
9.028,-0.636233
9.029,-0.377737
9.03,-0.340403
9.031,-0.482005
9.032,-0.468839
9.033,-0.272542
9.034,-0.212497
9.035,-0.510076
9.036,-0.415433
9.037,-0.407379
9.038,-0.244201
9.039,-0.343358
9.04,-0.1518
9.041,-0.011463
9.042000000000002,-0.19339
9.043,0.053454
9.044,-0.27723
9.045,-0.429524
9.046,-0.133293
9.047,-0.414434
9.048,-0.182032
9.049,-0.821111
9.05,-0.762292
9.051,-0.58873
9.052,-0.800555
9.053,-0.561092
9.054,-0.254776
9.055,-0.370459
9.056,-0.332718
9.057,-0.44466
9.058000000000002,-0.619073
9.059,-0.376938
9.06,-0.305885
9.061,-0.325789
9.062,-0.521957
9.063,-0.290112
9.064,-0.584303
9.065,-0.567665
9.066,-0.532495
9.067,-0.516879
9.068,-0.548662
9.069,-0.719291
9.07,0.035977
9.071000000000002,-0.708227
9.072,-0.455808
9.073,-0.345663
9.074000000000002,-0.572859
9.075,-0.656504
9.076,-0.481745
9.077,-0.346482
9.078,-0.504956
9.079,-0.570872
9.08,-0.689868
9.081,-0.924838
9.082,-0.448651
9.083,-0.400641
9.084,-0.329433
9.085,-0.655357
9.086,-0.687572
9.087000000000002,-0.730938
9.088,-0.640784
9.089,-0.600757
9.09,-0.314278
9.091,-0.736667
9.092,-0.137261
9.093,-0.407462
9.094,-0.359966
9.095,-0.752598
9.096,-0.229026
9.097,-0.652615
9.098,-0.342722
9.099,-0.300579
9.1,-0.312476
9.101,-0.24814
9.102,-0.185756
9.103000000000002,-0.146802
9.104,-0.59786
9.105,-0.310374
9.106,-0.473944
9.107,-0.376458
9.108,-0.27481
9.109,-0.535359
9.11,-0.406216
9.111,-0.712713
9.112,-0.08295
9.113,-0.430167
9.114,-0.392644
9.115,-0.504083
9.116,-0.806879
9.117,-0.269978
9.118,-0.562705
9.119000000000002,-0.571635
9.12,-0.221641
9.121,-0.249767
9.122,-0.462831
9.123,-0.357252
9.124,-0.218523
9.125,-0.510067
9.126,-0.545954
9.127,-0.276442
9.128,-0.910171
9.129,-0.502087
9.13,-0.421879
9.131,-0.641454
9.132,-0.379856
9.133,-0.038379
9.134,-0.631129
9.135000000000002,-0.433815
9.136,-0.504723
9.137,-0.23329
9.138,-0.344305
9.139,-0.390822
9.14,-0.436919
9.141,-0.407323
9.142,-0.327148
9.143,-0.542485
9.144,-0.129156
9.145,-0.554809
9.146,-0.315052
9.147,-0.570763
9.148,-0.213857
9.149,-0.5963
9.15,-0.442182
9.151000000000002,-0.574571
9.152,-0.510619
9.153,-0.455903
9.154,-0.256162
9.155,-0.600952
9.156,-0.33056
9.157,-0.238185
9.158,-0.195572
9.159,-0.586139
9.16,-0.565395
9.161,-0.50768
9.162,-0.761142
9.163,-0.246315
9.164,-0.641513
9.165,-0.48492
9.166,-0.199507
9.167000000000002,-0.47186
9.168,-0.256361
9.169,-0.547693
9.17,-0.427011
9.171,-0.266713
9.172,-0.283687
9.173,-0.412059
9.174,-0.398447
9.175,-0.504889
9.176,-0.221937
9.177,-0.595151
9.178,-0.412413
9.179,-0.367261
9.18,-0.643858
9.181,-0.581213
9.182,-0.120569
9.183000000000002,-0.370304
9.184,-0.43774
9.185,-0.653636
9.186,-0.729491
9.187,-0.550757
9.188,-0.375508
9.189,-0.257837
9.19,-0.493711
9.191,-0.592707
9.192,-0.629566
9.193,-0.496797
9.194,-0.359548
9.195,-0.279666
9.196000000000002,-0.241373
9.197,-0.099332
9.198,-0.242515
9.199000000000002,-0.606994
9.2,-0.487424
9.201,-0.540816
9.202,-0.346143
9.203,-0.551494
9.204,-0.577882
9.205,-0.547522
9.206,-0.415079
9.207,-0.474902
9.208,-0.532408
9.209,-0.253139
9.21,-0.566362
9.211,-0.494229
9.212000000000002,-0.687279
9.213,-0.429714
9.214,-0.059342
9.215000000000002,-0.435275
9.216,-0.308546
9.217,-0.325595
9.218,-0.197484
9.219,-0.173515
9.22,-0.225025
9.221,-0.485209
9.222,-0.079153
9.223,-0.484438
9.224,-0.503064
9.225,-0.318648
9.226,-0.357919
9.227,-0.260265
9.228000000000002,-0.483331
9.229,-0.929334
9.23,-0.627075
9.231,-0.279724
9.232,-0.622604
9.233,-0.492039
9.234,-0.382707
9.235,-0.549911
9.236,-0.54606
9.237,-0.456553
9.238,-0.413465
9.239,-0.292011
9.24,-0.316555
9.241,-0.236193
9.242,-0.362136
9.243,-0.406018
9.244000000000002,-0.432316
9.245,-1.058334
9.246,-0.572268
9.247,-0.395855
9.248,-0.762306
9.249,-0.317041
9.25,-0.367007
9.251,-0.413022
9.252,-0.434305
9.253,-0.298177
9.254,-0.432361
9.255,-0.618724
9.256,-0.412196
9.257,-0.53881
9.258,-0.642616
9.259,-0.484562
9.260000000000002,-0.160973
9.261,-0.57131
9.262,-0.331922
9.263,0.045448
9.264,-0.380713
9.265,-0.473401
9.266,-0.269954
9.267,-0.139092
9.268,-0.521402
9.269,-0.30224
9.27,-0.421922
9.271,-0.423819
9.272,-0.193211
9.273,-0.186876
9.274,-0.19562
9.275,-0.507612
9.276000000000002,-0.24341
9.277,-0.786135
9.278,-0.542465
9.279,-0.383763
9.28,-0.549307
9.281,-0.673423
9.282,-0.321322
9.283,-0.727583
9.284,-0.731287
9.285,-0.359409
9.286,-0.464683
9.287,-0.461442
9.288,-0.623463
9.289,-0.241144
9.29,-0.491772
9.291,-0.522111
9.292000000000002,-0.573801
9.293,-0.418829
9.294,-0.485391
9.295,-0.643581
9.296,-0.702307
9.297,-0.427851
9.298,0.108924
9.299,-0.490346
9.3,-0.602599
9.301,-0.547775
9.302,-0.170436
9.303,-0.371952
9.304,-0.431041
9.305,-0.348653
9.306,-0.495637
9.307,-0.457604
9.308000000000002,-0.176051
9.309,-0.263499
9.31,-0.264362
9.311,-0.206758
9.312,-0.682634
9.313,-0.608316
9.314,-0.467608
9.315,-0.5574
9.316,-0.156253
9.317,-0.065071
9.318,-0.486121
9.319,-0.273174
9.32,-0.361872
9.321000000000002,-0.31155
9.322,-0.350698
9.323,-0.400832
9.324000000000002,-0.76839
9.325,-0.352661
9.326,-0.335805
9.327,-0.322062
9.328,-0.601083
9.329,-0.794157
9.33,-0.726316
9.331,-0.748745
9.332,-0.235601
9.333,-0.243174
9.334,-0.34822
9.335,-0.658957
9.336,-0.318448
9.337000000000002,-0.713933
9.338,-0.488168
9.339,-0.393411
9.340000000000002,-0.8265
9.341,-0.179353
9.342,-0.465247
9.343,-0.555252
9.344,-0.560607
9.345,-0.476681
9.346,-0.297302
9.347,-0.417043
9.348,-0.365891
9.349,-0.485953
9.35,-0.347296
9.351,-0.594553
9.352,-0.629627
9.353000000000002,-0.491358
9.354,-0.478271
9.355,-0.649815
9.356000000000002,-0.699851
9.357,-0.570274
9.358,-0.4488
9.359,-0.371749
9.36,-0.406874
9.361,-0.600616
9.362,-0.518556
9.363,-0.524764
9.364,-0.16322
9.365,-0.598105
9.366,-0.307434
9.367,-0.603408
9.368,-0.724632
9.369000000000002,-0.622286
9.37,-0.703139
9.371,-0.402021
9.372,-0.14095
9.373,-0.626776
9.374,-0.299074
9.375,-0.805139
9.376,-0.602278
9.377,-0.218308
9.378,-0.152684
9.379,-0.127308
9.38,-0.058655
9.381,-0.882624
9.382,-0.607732
9.383,-0.860307
9.384,-0.814666
9.385000000000002,-0.557373
9.386,-0.261067
9.387,-0.232764
9.388,-0.251523
9.389,-0.363866
9.39,-0.337567
9.391,-0.318491
9.392,-0.391776
9.393,-0.43426
9.394,-0.598851
9.395,-0.729703
9.396,0.028403
9.397,-0.782255
9.398,-0.677687
9.399,-0.289266
9.4,-0.470305
9.401000000000002,-0.581464
9.402,-0.359421
9.403,-0.367838
9.404,-0.815574
9.405,-0.491772
9.406,-0.411372
9.407,-0.248931
9.408,-0.628157
9.409,-0.467882
9.41,-0.165211
9.411,-0.704579
9.412,-0.228334
9.413,-0.455514
9.414,-0.276515
9.415,-0.608529
9.416,-0.463977
9.417000000000002,-0.448235
9.418,-0.685475
9.419,-0.485793
9.42,-0.516275
9.421,-0.645734
9.422,-0.528107
9.423,-0.452695
9.424,-0.523646
9.425,-0.103235
9.426,-0.787779
9.427,-0.238184
9.428,-0.498218
9.429,-0.53856
9.43,-0.205714
9.431,-0.535688
9.432,-0.502456
9.433000000000002,-0.711819
9.434,-0.554222
9.435,-0.32184
9.436,-0.808328
9.437,-0.57574
9.438,-0.509101
9.439,-0.314705
9.44,-0.726638
9.441,-0.450625
9.442,-0.372621
9.443,-0.504585
9.444,-0.41012
9.445,-0.385942
9.446000000000002,-0.864085
9.447,-0.5395
9.448,-0.268676
9.449000000000002,-0.690612
9.45,-0.232497
9.451,-0.230765
9.452,-0.372889
9.453,-0.77351
9.454,-0.481071
9.455,-0.530546
9.456,-0.65163
9.457,-0.959688
9.458,-0.113628
9.459,-0.169395
9.46,-0.295097
9.461,-0.378357
9.462000000000002,-0.667521
9.463,-0.323191
9.464,-0.380641
9.465000000000002,-0.808971
9.466,-0.529017
9.467,-0.616741
9.468,-0.340658
9.469,-0.664189
9.47,-0.569167
9.471,-0.120659
9.472,-0.540619
9.473,-0.635598
9.474,-0.220296
9.475,-0.143066
9.476,-0.215939
9.477,-0.558838
9.478000000000002,-1.080878
9.479,-0.449958
9.48,-0.684882
9.481000000000002,-0.442378
9.482,-0.527122
9.483,-0.573299
9.484,-0.540124
9.485,-0.072453
9.486,-0.408949
9.487,-0.473788
9.488,-0.236437
9.489,-0.281268
9.49,-0.321278
9.491,0.09542
9.492,-0.649538
9.493,-0.617558
9.494000000000002,-0.497976
9.495,-0.278058
9.496,-0.157275
9.497000000000002,-0.355887
9.498,-0.675166
9.499,-0.518351
9.5,-0.287639
9.501,-0.542268
9.502,-0.378684
9.503,-0.330463
9.504,-0.342787
9.505,-0.18657
9.506,-0.440442
9.507,-0.653887
9.508,-0.332219
9.509,-0.772477
9.510000000000002,-0.588336
9.511,-0.458626
9.512,-0.36824
9.513,-0.085854
9.514,-0.32426
9.515,-0.586691
9.516,-0.527068
9.517,-0.372943
9.518,-0.222494
9.519,-0.058944
9.52,-0.24754
9.521,-0.233727
9.522,-0.34603
9.523,-0.601308
9.524,-0.282887
9.525,-0.480287
9.526000000000002,-0.601267
9.527,-0.57248
9.528,-0.77566
9.529,-0.399849
9.53,-0.275759
9.531,-0.370868
9.532,-0.266882
9.533,-0.53272
9.534,-0.69191
9.535,-0.320004
9.536,-0.511995
9.537,-0.307014
9.538,-0.312587
9.539,-0.808232
9.54,-0.448144
9.541,0.015773
9.542000000000002,-0.120091
9.543,-0.146656
9.544,-0.594387
9.545,-0.347796
9.546,-0.0292
9.547,-0.656163
9.548,-0.543416
9.549,-0.594787
9.55,-0.22068
9.551,-0.168202
9.552,-0.077816
9.553,-0.366869
9.554,-0.71359
9.555,-0.362791
9.556,-0.4785
9.557,-0.542518
9.558000000000002,-0.44269
9.559,-0.110505
9.56,-0.207622
9.561,-0.150381
9.562,-0.384332
9.563,-0.262121
9.564,-0.530507
9.565,-0.46016
9.566,-0.771969
9.567,-0.363013
9.568,-0.439314
9.569,-0.347941
9.57,-0.492635
9.571000000000002,-0.242107
9.572,-0.375118
9.573,-0.138345
9.574000000000002,-0.28531
9.575,-0.893034
9.576,-0.561541
9.577,-0.377752
9.578,-0.152863
9.579,-0.481694
9.58,-0.46845
9.581,-0.556225
9.582,-0.55443
9.583,-0.217119
9.584,-0.294353
9.585,-0.636992
9.586,-0.754551
9.587000000000002,-0.223263
9.588,0.135244
9.589,-0.194221
9.590000000000002,-0.33126
9.591,-0.391819
9.592,-0.244065
9.593,-0.681112
9.594,-0.729611
9.595,-0.450047
9.596,-0.63101
9.597,-0.365453
9.598,-0.299079
9.599,-0.475401
9.6,-0.338489
9.601,-0.436997
9.602,-0.218757
9.603000000000002,-0.397715
9.604,-0.290953
9.605,-0.345647
9.606000000000002,-0.40185
9.607,-0.520534
9.608,-0.043475
9.609,-0.270695
9.61,-0.307893
9.611,-0.235819
9.612,-0.286141
9.613,-0.68143
9.614,-0.371917
9.615,-0.569178
9.616,-0.579085
9.617,-0.362257
9.618,-0.455171
9.619000000000002,-0.447505
9.62,-0.520842
9.621,-0.652255
9.622000000000002,-0.397401
9.623,-0.242941
9.624,-0.361705
9.625,-0.292445
9.626,-0.254182
9.627,-0.411527
9.628,-0.298881
9.629,-0.475865
9.63,-0.263687
9.631,-0.368166
9.632,-0.45633
9.633,-0.422774
9.634,-0.610992
9.635000000000002,-0.195519
9.636,-0.003681
9.637,-0.314255
9.638,-0.395511
9.639,-0.289374
9.64,-0.285317
9.641,-0.422365
9.642,-0.280428
9.643,-0.641363
9.644,-0.276422
9.645,-0.639518
9.646,-0.49956
9.647,-0.446502
9.648,-0.622653
9.649,0.088003
9.65,-0.53298
9.651000000000002,-0.158086
9.652,-0.336483
9.653,-0.22299
9.654,-0.496939
9.655,-0.723058
9.656,-0.194353
9.657,-0.358968
9.658,-0.384047
9.659,-0.536798
9.66,-0.580167
9.661,-0.623177
9.662,-0.548128
9.663,-0.559995
9.664,-0.380569
9.665,-0.427562
9.666,-0.417144
9.667000000000002,-0.410192
9.668,-0.204237
9.669,-0.413181
9.67,-0.305411
9.671,-0.280444
9.672,-0.485513
9.673,-0.396654
9.674,-0.473435
9.675,-0.557212
9.676,-0.397832
9.677,-0.43359
9.678,-0.690154
9.679,-0.569428
9.68,-0.242636
9.681,-0.423514
9.682,-0.181121
9.683000000000002,-0.534805
9.684,-0.378825
9.685,-0.144415
9.686,-0.45283
9.687,-0.199425
9.688,-0.685065
9.689,-0.450625
9.69,-0.401112
9.691,-0.29184
9.692,-0.259865
9.693,-0.576973
9.694,-0.424132
9.695,-0.78004
9.696000000000002,-0.155036
9.697,-0.538272
9.698,-0.526616
9.699000000000002,-0.137796
9.7,-0.427364
9.701,-0.469708
9.702,-0.477909
9.703,-0.525613
9.704,-0.886723
9.705,-0.714702
9.706,0.046227
9.707,-0.434977
9.708,-0.587707
9.709,-0.514338
9.71,-0.547597
9.711,-0.37246
9.712000000000002,-0.676611
9.713,-0.561288
9.714,-0.324691
9.715000000000002,-0.238926
9.716,-0.095647
9.717,-0.13061
9.718,-0.560797
9.719,-0.575704
9.72,-0.665183
9.721,-0.32592
9.722,-0.028254
9.723,-0.121617
9.724,-0.573205
9.725,-0.458732
9.726,-0.117488
9.727,-0.517601
9.728000000000002,-0.342353
9.729,-0.086513
9.73,-0.152666
9.731000000000002,-0.313465
9.732,-0.452384
9.733,-0.85075
9.734,-0.377436
9.735,-0.501405
9.736,-0.413418
9.737,-0.505434
9.738,-0.597301
9.739,-0.428269
9.74,-0.379992
9.741,-0.41202
9.742,-0.693597
9.743,-0.658482
9.744000000000002,-0.498381
9.745,-0.291669
9.746,-0.691099
9.747000000000002,-0.446378
9.748,-0.528404
9.749,-0.428472
9.75,-0.412769
9.751,-0.025214
9.752,-0.594225
9.753,-0.342368
9.754,-0.673848
9.755,-0.32594
9.756,-0.068141
9.757,-0.370718
9.758,-0.512704
9.759,-0.364088
9.760000000000002,-0.480201
9.761,-0.519542
9.762,-0.706726
9.763000000000002,-0.206976
9.764,-1.011807
9.765,-0.381698
9.766,-0.450526
9.767,-0.387277
9.768,-0.448586
9.769,-0.480438
9.77,-0.437104
9.771,-0.819921
9.772,-0.691847
9.773,-0.527665
9.774,-0.6093
9.775,-0.430951
9.776000000000002,-0.636009
9.777,-0.25789
9.778,-0.282888
9.779,-0.728648
9.78,-0.417317
9.781,-0.566376
9.782,-0.220615
9.783,-0.354637
9.784,-0.23534
9.785,-0.670019
9.786,-0.489261
9.787,-0.842108
9.788,-0.411338
9.789,-0.571575
9.79,-0.600977
9.791,-0.732839
9.792000000000002,-0.596353
9.793,-0.293479
9.794,-0.554746
9.795,-0.299018
9.796,-0.49968
9.797,-0.605084
9.798,-0.45364
9.799,-0.365206
9.8,-0.480774
9.801,-0.44469
9.802,-0.597215
9.803,-0.467626
9.804,-0.564378
9.805,-0.061368
9.806,-0.405062
9.807,-0.314469
9.808000000000002,-0.32483
9.809,-0.540619
9.81,-0.480795
9.811,-0.568746
9.812,-0.379858
9.813,-0.69896
9.814,-0.572782
9.815,-0.614344
9.816,-0.440042
9.817,-0.607897
9.818,-0.600771
9.819,-0.379666
9.82,-0.667153
9.821000000000002,-0.593269
9.822,-0.408791
9.823,-1.001669
9.824000000000002,-0.433847
9.825,-0.459067
9.826,-0.325357
9.827,-0.242224
9.828,-0.390257
9.829,-0.521243
9.83,-0.599572
9.831,-0.605257
9.832,-0.525381
9.833,-0.216122
9.834,-0.259346
9.835,-0.521141
9.836,-0.193184
9.837000000000002,-0.437323
9.838,-0.375682
9.839,-0.342946
9.840000000000002,-0.587333
9.841,-0.499804
9.842,-0.75097
9.843,-0.537148
9.844,-0.60271
9.845,-0.464036
9.846,-0.429292
9.847,-0.557256
9.848,-0.139078
9.849,-0.709066
9.85,0.112554
9.851,-0.671176
9.852,-0.53572
9.853000000000002,-0.662511
9.854,-0.519241
9.855,-0.761203
9.856000000000002,-0.575532
9.857,-0.383089
9.858,-0.424454
9.859,-0.323381
9.86,-0.307289
9.861,-0.513676
9.862,-0.310863
9.863,-0.423841
9.864,-0.48535
9.865,-0.342829
9.866,-0.753804
9.867,-0.595627
9.868,-0.306442
9.869000000000002,-0.494697
9.87,-0.70854
9.871,-0.583866
9.872000000000002,-0.477883
9.873,-0.413735
9.874,-0.492912
9.875,-0.669286
9.876,-0.836785
9.877,-0.839659
9.878,-0.464494
9.879,-0.234083
9.88,-0.560269
9.881,-0.562333
9.882,-0.314217
9.883,-0.512303
9.884,-0.784514
9.885000000000002,-0.509053
9.886,-0.669385
9.887,-0.711745
9.888000000000002,-0.265081
9.889,-0.401473
9.89,-0.527705
9.891,-0.451306
9.892,-0.536451
9.893,-0.479317
9.894,-0.634555
9.895,-0.366669
9.896,-0.70985
9.897,-0.761184
9.898,-0.33946
9.899,-0.24927
9.9,0.345601
9.901000000000002,-0.514619
9.902,-0.483321
9.903,-0.660384
9.904000000000002,-0.434491
9.905,-0.338632
9.906,-0.402874
9.907,-0.366562
9.908,-0.390081
9.909,-0.355747
9.91,-0.767266
9.911,-0.550074
9.912,-0.531141
9.913,-0.471818
9.914,-0.594494
9.915,-0.565759
9.916,-0.346884
9.917000000000002,-0.547321
9.918,-0.652395
9.919,-0.701418
9.92,-0.724752
9.921,-0.604516
9.922,-0.506124
9.923,-0.408878
9.924,-0.579497
9.925,-0.290006
9.926,-0.545075
9.927,-0.672465
9.928,-0.373066
9.929,-0.547845
9.93,-0.48085
9.931,-0.629768
9.932,-0.582787
9.933000000000002,-0.188632
9.934,-0.314474
9.935,-0.697405
9.936,-0.259324
9.937,-0.81841
9.938,-0.552476
9.939,-0.340937
9.94,-0.322579
9.941,-0.885409
9.942,-0.611497
9.943,-0.62289
9.944,-0.178197
9.945,-0.326277
9.946000000000002,-0.368957
9.947,-0.399407
9.948,-0.462225
9.949000000000002,-0.742933
9.95,-0.380061
9.951,-0.659219
9.952,-0.249918
9.953,-0.484843
9.954,-0.266593
9.955,-0.502193
9.956,-0.493302
9.957,0.069883
9.958,-0.340158
9.959,-0.52018
9.96,-0.354205
9.961,-0.180394
9.962000000000002,-0.411468
9.963,-0.180922
9.964,-0.308791
9.965000000000002,-0.249234
9.966,-0.182162
9.967,-0.538387
9.968,-0.761046
9.969,-0.452875
9.97,-0.357021
9.971,-0.278021
9.972,-0.587545
9.973,-0.17519
9.974,-0.654405
9.975,-0.580348
9.976,-0.527426
9.977,-0.340194
9.978000000000002,-0.752708
9.979,-0.525675
9.98,-0.285257
9.981000000000002,-0.727181
9.982,-0.405766
9.983,-0.243553
9.984,-0.552171
9.985,-0.304774
9.986,-0.577018
9.987,-0.56633
9.988,-0.161874
9.989,-0.204371
9.99,-0.415373
9.991,-0.462968
9.992,-0.106708
9.993,-0.548176
9.994000000000002,-0.544694
9.995,-0.427721
9.996,-0.726511
9.997000000000002,-0.393524
9.998,-0.600795
9.999,-0.398247
10.0,-0.653151
10.001,-0.707291
10.002,-0.872604
10.003,-0.57183
10.004,-0.428627
10.005,-0.717793
10.006,-0.33418
10.007,-0.335228
10.008,-0.702231
10.009,-0.285345
10.010000000000002,-0.538456
10.011,-0.16322
10.012,0.040525
10.013000000000002,-0.379361
10.014,-0.987021
10.015,-0.725923
10.016,-0.352538
10.017,-0.252189
10.018,-0.29008
10.019,-0.690948
10.02,-0.571819
10.021,-0.42122
10.022,-0.113863
10.023,-0.215714
10.024,-0.429522
10.025,-0.309757
10.026000000000002,-0.485618
10.027,-0.448519
10.028,-0.384583
10.029000000000002,-0.637207
10.03,-0.318781
10.031,-0.803717
10.032,-0.4012
10.033,-0.155906
10.034,-0.381973
10.035,-0.384062
10.036,-0.46064
10.037,-0.770601
10.038,-0.573605
10.039,-0.260151
10.04,-0.45485
10.041,-0.574746
10.042000000000002,-0.692663
10.043,-0.079326
10.044,-0.33923
10.045000000000002,-0.169464
10.046,-0.278101
10.047,-0.418633
10.048,-0.516185
10.049,-0.643528
10.05,-0.590187
10.051,-0.526508
10.052,-0.729695
10.053,0.040799
10.054,-0.434039
10.055,-0.062008
10.056,-0.231405
10.057,-0.192538
10.058000000000002,-0.313986
10.059,-0.231553
10.06,-0.518245
10.061,-0.454152
10.062,-0.651606
10.063,-0.505399
10.064,-0.375345
10.065,-0.106435
10.066,-0.392209
10.067,-0.597635
10.068,-0.706855
10.069,-0.257304
10.07,-0.647073
10.071000000000002,-0.646848
10.072,-0.289355
10.073,-0.445399
10.074000000000002,-0.201524
10.075,-0.416503
10.076,-0.455561
10.077,-0.392225
10.078,-0.531928
10.079,-0.46442
10.08,-0.543993
10.081,-0.624074
10.082,0.162495
10.083,-0.457012
10.084,-0.277174
10.085,-0.588948
10.086,-0.167934
10.087000000000002,-0.120282
10.088,-0.926187
10.089,-0.341344
10.090000000000002,-0.62476
10.091,-0.179292
10.092,-0.648396
10.093,-0.308628
10.094,-0.334464
10.095,-0.408612
10.096,-0.770815
10.097,-0.565221
10.098,-0.70253
10.099,-0.494065
10.1,-0.389847
10.101,-0.212261
10.102,-0.587875
10.103000000000002,-0.338587
10.104,-0.158665
10.105,-0.522396
10.106000000000002,-0.130357
10.107,-0.406783
10.108,-0.54704
10.109,-0.267055
10.11,-0.488878
10.111,-0.572363
10.112,-0.220105
10.113,-0.233321
10.114,-0.738068
10.115,-0.127544
10.116,-0.049714
10.117,-0.456072
10.118,-0.142922
10.119000000000002,-0.405549
10.12,-0.760486
10.121,-0.237452
10.122000000000002,-0.309009
10.123,-0.657506
10.124,-0.741196
10.125,-0.81912
10.126,-0.287741
10.127,-0.361241
10.128,-0.879985
10.129,-0.491956
10.13,-0.633982
10.131,-0.470792
10.132,-0.042025
10.133,-0.214584
10.134,-0.179464
10.135000000000002,-0.434886
10.136,-0.199811
10.137,-0.324944
10.138000000000002,-0.667143
10.139,-0.537505
10.14,-0.174465
10.141,-0.387609
10.142,-0.383119
10.143,-0.034658
10.144,-0.57024
10.145,-0.385407
10.146,-0.282079
10.147,-0.235169
10.148,-0.708871
10.149,-0.581379
10.15,-0.32365
10.151000000000002,-0.598245
10.152,-0.162734
10.153,-0.891327
10.154000000000002,-0.320207
10.155,-0.52228
10.156,-0.525542
10.157,-0.194057
10.158,-0.316354
10.159,-0.065274
10.16,-0.472306
10.161,-0.438215
10.162,-0.776936
10.163,-0.551206
10.164,-0.680315
10.165,-0.294085
10.166,-0.58211
10.167000000000002,-0.241013
10.168,-0.464503
10.169,-0.138274
10.170000000000002,-0.481125
10.171,-0.354697
10.172,-0.34729
10.173,-0.45472
10.174,-0.671843
10.175,-0.102148
10.176,-0.656027
10.177,-0.634372
10.178,-0.572246
10.179,-0.588624
10.18,-0.593843
10.181,-0.348269
10.182,-0.222999
10.183000000000002,-0.282889
10.184,-0.469524
10.185,-0.540698
10.186000000000002,-0.609234
10.187,-0.330919
10.188,-0.424814
10.189,-0.230418
10.19,-0.454172
10.191,-0.347912
10.192,-0.673204
10.193,-0.612087
10.194,-0.387544
10.195,-0.507467
10.196000000000002,-0.396621
10.197,-0.294895
10.198,-0.290943
10.199000000000002,-0.627103
10.2,-0.393319
10.201,-0.618793
10.202,-0.703023
10.203,-0.25755
10.204,-0.033134
10.205,-0.416427
10.206,-0.327498
10.207,-0.612454
10.208,-0.504117
10.209,-0.492832
10.21,-0.316575
10.211,-0.573808
10.212000000000002,-0.729033
10.213,-0.578234
10.214,-0.458685
10.215000000000002,-0.678834
10.216,-0.589566
10.217,-0.685142
10.218,-0.410723
10.219,-0.306464
10.22,-0.466857
10.221,-0.469708
10.222,0.032559
10.223,-0.216919
10.224,-0.507803
10.225,-0.702258
10.226,-0.151162
10.227,-0.338756
10.228000000000002,-0.428659
10.229,-0.444422
10.23,-0.875595
10.231000000000002,-0.359414
10.232,-0.5427
10.233,-0.283703
10.234,-0.487578
10.235,-0.290971
10.236,-0.644472
10.237,-0.39944
10.238,-0.600272
10.239,-0.75787
10.24,-0.269787
10.241,-0.678834
10.242,-0.474384
10.243,-0.49029
10.244000000000002,-0.27644
10.245,-0.723686
10.246,-0.500022
10.247000000000002,-0.240622
10.248,-0.685604
10.249,-0.537295
10.25,-0.173996
10.251,-0.258514
10.252,-0.253231
10.253,-0.324672
10.254,-0.252454
10.255,-0.61777
10.256,-0.25244
10.257,-0.700782
10.258,-0.408002
10.259,-0.375271
10.260000000000002,-0.337345
10.261,-0.281293
10.262,-0.475822
10.263000000000002,-0.306286
10.264,-0.415365
10.265,-0.599711
10.266,-0.517617
10.267,-0.425484
10.268,-0.420178
10.269,-0.054603
10.27,-0.765931
10.271,-0.325324
10.272,-0.767343
10.273,-0.556442
10.274,-0.451229
10.275,-0.469467
10.276000000000002,-0.340745
10.277,-0.414376
10.278,-0.17276
10.279000000000002,-0.402308
10.28,-0.038072
10.281,0.22821
10.282,-0.328223
10.283,-0.569167
10.284,-0.300824
10.285,-0.199223
10.286,-0.624779
10.287,-0.450946
10.288,-0.360306
10.289,-0.705239
10.29,-0.446724
10.291,-0.530319
10.292000000000002,-0.210294
10.293,-0.055317
10.294,-0.08306
10.295000000000002,-0.582762
10.296,-0.528275
10.297,-0.460063
10.298,-0.325505
10.299,-0.775817
10.3,-0.130335
10.301,-0.285284
10.302,-0.436003
10.303,-0.24926
10.304,-0.454035
10.305,-0.467345
10.306,-0.366409
10.307,-0.156164
10.308000000000002,-0.391359
10.309,-0.120712
10.31,-0.492739
10.311000000000002,-0.219138
10.312,-0.212293
10.313,-0.628919
10.314,-0.434007
10.315,-0.312654
10.316,-0.198956
10.317,-0.279727
10.318,-0.250765
10.319,-0.362926
10.32,-0.438839
10.321000000000002,-0.376128
10.322,-0.438896
10.323,-0.534685
10.324000000000002,-0.196598
10.325,-0.320033
10.326,-0.884266
10.327,-0.687523
10.328,-0.284503
10.329,-0.405789
10.33,-0.781561
10.331,-0.193191
10.332,-0.298962
10.333,-0.393585
10.334,-0.366949
10.335,-0.465051
10.336,-0.790727
10.337000000000002,-0.679361
10.338,-0.349389
10.339,-0.371558
10.340000000000002,-0.423454
10.341,-0.553476
10.342,-0.747232
10.343,-0.49587
10.344,-0.74286
10.345,-0.357279
10.346,-0.496919
10.347,-0.318727
10.348,-0.006862
10.349,-0.413392
10.35,-0.36594
10.351,0.048509
10.352,0.266963
10.353000000000002,-0.749849
10.354,-0.512443
10.355,-0.408402
10.356000000000002,-0.367333
10.357,-0.412472
10.358,-0.358258
10.359,-0.386482
10.36,-0.167417
10.361,-0.654359
10.362,-0.549842
10.363,-0.804363
10.364,-0.456475
10.365,-0.705845
10.366,-0.265421
10.367,-0.343392
10.368,-0.660499
10.369000000000002,-0.347187
10.37,-0.832939
10.371,-0.499907
10.372000000000002,-0.183216
10.373,-0.313086
10.374,-0.469537
10.375,-0.817521
10.376,-0.435975
10.377,-0.246645
10.378,-0.578683
10.379,-0.691805
10.38,-0.725426
10.381,-0.378568
10.382,-0.764666
10.383,-0.414857
10.384,-0.611796
10.385000000000002,-0.444347
10.386,-0.091975
10.387,-0.056147
10.388000000000002,-0.231358
10.389,-0.443761
10.39,-0.11535
10.391,-0.336897
10.392,-0.200338
10.393,-0.409267
10.394,-0.533651
10.395,-0.575084
10.396,-0.350482
10.397,-0.087148
10.398,-0.29807
10.399,-0.286849
10.4,-0.397096
10.401000000000002,-0.169516
10.402,-0.467448
10.403,-0.164919
10.404000000000002,-0.279691
10.405,-0.486347
10.406,-0.718205
10.407,-0.517917
10.408,-0.294991
10.409,-0.815098
10.41,-0.501246
10.411,-0.444228
10.412,-0.625727
10.413,-0.348436
10.414,-0.224271
10.415,-0.433621
10.416,-0.333517
10.417000000000002,-0.284489
10.418,-0.291758
10.419,-0.264288
10.420000000000002,-0.486902
10.421,-0.403671
10.422,-0.389246
10.423,0.132945
10.424,-0.733205
10.425,-0.788134
10.426,-0.823471
10.427,-0.040942
10.428,-0.548582
10.429,-0.488847
10.43,-0.595587
10.431,-0.374921
10.432,-0.707102
10.433000000000002,-0.367198
10.434,-0.271722
10.435,-0.39936
10.436000000000002,-0.668884
10.437,-0.337978
10.438,-0.839077
10.439,-0.367591
10.44,-0.546682
10.441,-0.631952
10.442,-0.015146
10.443,-0.288471
10.444,-0.155773
10.445,-0.476142
10.446000000000002,-0.818597
10.447,-0.515307
10.448,-0.241824
10.449000000000002,-0.691492
10.45,-0.359782
10.451,-0.578908
10.452000000000002,-0.499148
10.453,-0.39529
10.454,-0.386027
10.455,-0.689859
10.456,-0.331002
10.457,-0.817863
10.458,-0.47542
10.459,-0.480048
10.46,-0.417892
10.461,-0.339512
10.462000000000002,-0.58533
10.463,-0.325975
10.464,-0.264744
10.465000000000002,-0.758792
10.466,-0.240854
10.467,-0.381416
10.468,-0.33545
10.469,-0.806259
10.47,-0.325428
10.471,-0.486794
10.472,-0.171647
10.473,-0.504386
10.474,-0.627772
10.475,-0.427038
10.476,-0.629977
10.477,-0.570651
10.478000000000002,-0.45498
10.479,-0.306318
10.48,-0.376269
10.481000000000002,-0.662064
10.482,-0.663384
10.483,-0.609903
10.484,-0.616233
10.485,-0.866575
10.486,-0.376844
10.487,-0.263532
10.488,-0.676171
10.489,-0.551053
10.49,-0.841578
10.491,-0.298188
10.492,-0.649675
10.493,-0.649123
10.494000000000002,-0.665332
10.495,-0.506764
10.496,-0.179328
10.497000000000002,-0.411268
10.498,-0.324032
10.499,-0.291718
10.5,-0.545381
10.501,-0.479161
10.502,-0.74119
10.503,-0.704393
10.504,-0.72445
10.505,-0.491996
10.506,-0.459229
10.507,-0.485688
10.508,-0.153726
10.509,-0.333689
10.510000000000002,-0.207464
10.511,-0.658341
10.512,-0.294237
10.513000000000002,-0.547244
10.514,-0.587703
10.515,-0.61178
10.516,-0.407191
10.517,-0.473572
10.518,-0.286936
10.519,-0.448285
10.52,-0.666239
10.521,-0.637046
10.522,-0.414322
10.523,-0.115745
10.524,-0.26896
10.525,-0.4312
10.526000000000002,-0.220266
10.527,-0.580393
10.528,-0.243308
10.529000000000002,-0.558475
10.53,-0.669374
10.531,-0.542312
10.532,-0.632167
10.533,-0.599803
10.534,0.066545
10.535,-0.789955
10.536,-0.780416
10.537,-0.433322
10.538,-0.394122
10.539,-0.317906
10.54,-0.663151
10.541,-0.410034
10.542000000000002,-0.365082
10.543,-0.57318
10.544,-0.196708
10.545000000000002,-0.673586
10.546,-0.664992
10.547,-0.466245
10.548,-0.36428
10.549,-0.320011
10.55,-0.50839
10.551,-0.368204
10.552,-0.516757
10.553,-0.554311
10.554,-0.352578
10.555,-0.30306
10.556,-0.469049
10.557,-0.140671
10.558000000000002,-0.529497
10.559,-0.366479
10.56,-0.052163
10.561000000000002,-0.119735
10.562,-0.321259
10.563,-0.480502
10.564,-0.516267
10.565,-0.363703
10.566,-0.549341
10.567,-0.393394
10.568,-0.616538
10.569,0.032474
10.57,-0.492593
10.571000000000002,-0.371588
10.572,-0.62714
10.573,-0.679524
10.574000000000002,-0.581344
10.575,-0.473439
10.576,-0.473864
10.577000000000002,-0.097282
10.578,-0.194017
10.579,-0.360591
10.58,-0.275641
10.581,-0.593876
10.582,-0.484387
10.583,-0.498479
10.584,-0.293352
10.585,-0.546457
10.586,-0.795349
10.587000000000002,-0.290897
10.588,-0.330225
10.589,-0.58447
10.590000000000002,-0.412594
10.591,-0.843954
10.592,-0.686459
10.593000000000002,-0.673924
10.594,-0.335459
10.595,-0.4452
10.596,-0.058485
10.597,-0.831697
10.598,-0.657042
10.599,-0.406498
10.6,-0.191664
10.601,-0.849084
10.602,-0.180987
10.603000000000002,-0.521807
10.604,-0.67834
10.605,-0.498381
10.606000000000002,-0.4961
10.607,-0.572873
10.608,-0.737046
10.609,-0.773042
10.61,-0.312985
10.611,-0.306823
10.612,-0.258434
10.613,-0.545921
10.614,-0.04263
10.615,-0.200536
10.616,-0.582626
10.617,-0.629912
10.618,-0.610692
10.619000000000002,-0.351415
10.62,-0.602597
10.621,-0.419036
10.622000000000002,-0.52427
10.623,-0.841659
10.624,-0.818585
10.625,-0.75374
10.626,-0.695554
10.627,-0.071282
10.628,-0.446394
10.629,-0.359386
10.63,-0.557782
10.631,-0.692846
10.632,-0.655055
10.633,-0.335112
10.634,-0.263517
10.635000000000002,-0.774665
10.636,-0.204166
10.637,-0.27965
10.638000000000002,-0.422775
10.639,-0.420438
10.64,-0.342133
10.641,-0.68178
10.642,-0.332498
10.643,-0.174287
10.644,-0.326843
10.645,-0.525707
10.646,-0.299167
10.647,-0.142152
10.648,-0.785683
10.649,-0.658398
10.65,-0.181466
10.651000000000002,-0.579399
10.652,0.036118
10.653,-0.106328
10.654000000000002,-0.526564
10.655,-0.334897
10.656,-0.169803
10.657,-0.541148
10.658,-0.457419
10.659,-0.302375
10.66,-0.610621
10.661,-0.474615
10.662,-0.386097
10.663,-0.219543
10.664,-0.189845
10.665,-0.21395
10.666,-0.328127
10.667000000000002,-0.67407
10.668,-0.325034
10.669,-0.697263
10.670000000000002,-0.62962
10.671,-0.570464
10.672,-0.381561
10.673,-0.721234
10.674,-0.243803
10.675,-0.52069
10.676,-0.355315
10.677,-0.240799
10.678,-0.398837
10.679,-0.344137
10.68,-0.520165
10.681,-0.251829
10.682,-0.761613
10.683000000000002,-0.306195
10.684,-0.59036
10.685,-0.285255
10.686000000000002,-0.121941
10.687,-0.40304
10.688,-0.236537
10.689,-0.629873
10.69,-0.733411
10.691,-0.376936
10.692,-0.564829
10.693,-0.747825
10.694,-0.740848
10.695,-0.095725
10.696000000000002,-0.499297
10.697,-0.271694
10.698,-0.409369
10.699000000000002,-0.313726
10.7,-0.433997
10.701,-0.471801
10.702000000000002,-0.500439
10.703,-0.402669
10.704,-0.42622
10.705,-0.540507
10.706,-0.484284
10.707,-0.260206
10.708,-0.256207
10.709,-0.293273
10.71,-0.279664
10.711,-0.69853
10.712000000000002,-0.349273
10.713,-0.584395
10.714,-0.365903
10.715000000000002,-0.648145
10.716,-0.338102
10.717,-0.567347
10.718000000000002,-0.471161
10.719,-0.365935
10.72,-0.485396
10.721,-0.62014
10.722,-0.310462
10.723,-0.335909
10.724,-0.178624
10.725,-0.573912
10.726,-0.059668
10.727,-0.322215
10.728000000000002,-0.530016
10.729,0.017368
10.73,-0.151553
10.731000000000002,-0.578685
10.732,-0.726576
10.733,-0.50462
10.734000000000002,-0.652878
10.735,-0.394391
10.736,-0.301265
10.737,-0.667201
10.738,-0.407812
10.739,-0.182339
10.74,-0.529682
10.741,-0.537642
10.742,-0.654382
10.743,-0.389674
10.744000000000002,-0.341184
10.745,-0.737667
10.746,-0.62442
10.747000000000002,-0.388586
10.748,-0.184698
10.749,-0.300505
10.75,-0.462279
10.751,-0.701833
10.752,-0.83078
10.753,-0.081378
10.754,-0.608062
10.755,-0.317896
10.756,-0.635668
10.757,-0.513213
10.758,-0.473236
10.759,-0.460399
10.760000000000002,-0.190755
10.761,-0.268374
10.762,-0.562369
10.763000000000002,-0.574639
10.764,-0.434498
10.765,-0.541809
10.766,-0.259896
10.767,-0.357438
10.768,-0.357291
10.769,-0.35348
10.77,-0.1306
10.771,-0.613657
10.772,-0.147223
10.773,-0.47691
10.774,0.031273
10.775,-0.632139
10.776000000000002,-0.347899
10.777,-0.175819
10.778,-0.289381
10.779000000000002,-0.491069
10.78,-0.413905
10.781,-0.376704
10.782,-0.946527
10.783,-0.468737
10.784,-0.375062
10.785,-0.568648
10.786,-0.542815
10.787,-0.254013
10.788,-0.281263
10.789,-0.398322
10.79,-0.169156
10.791,-0.214605
10.792000000000002,-0.494689
10.793,-0.241897
10.794,-0.222371
10.795000000000002,-0.282889
10.796,-0.03053
10.797,-0.413823
10.798,-0.628114
10.799,-0.51222
10.8,-0.565469
10.801,-0.509073
10.802,-0.161581
10.803,-0.458214
10.804,-0.203686
10.805,-0.335307
10.806,-0.132888
10.807,-0.561021
10.808000000000002,-0.273283
10.809,-0.342769
10.81,-0.436783
10.811000000000002,-0.48035
10.812,-0.69709
10.813,-0.579132
10.814,-0.295674
10.815,-0.355028
10.816,-0.611033
10.817,-0.586602
10.818,-0.406367
10.819,-0.285318
10.82,-0.321572
10.821000000000002,-0.773082
10.822,-0.415187
10.823,-0.369436
10.824000000000002,-0.545066
10.825,-0.155581
10.826,-0.73277
10.827000000000002,-0.402203
10.828,-0.497118
10.829,-0.385592
10.83,-0.715613
10.831,-0.484238
10.832,-0.158953
10.833,-0.188115
10.834,-0.094246
10.835,-0.322889
10.836,-0.430063
10.837000000000002,-0.87712
10.838,-0.073337
10.839,-0.406161
10.840000000000002,-0.73138
10.841,-0.500565
10.842,-0.028387
10.843000000000002,-0.013023
10.844,-0.449997
10.845,-0.167189
10.846,-0.347325
10.847,-0.631839
10.848,-0.378291
10.849,-0.464045
10.85,-0.199513
10.851,-0.172919
10.852,-0.740616
10.853000000000002,-0.122423
10.854,-0.202893
10.855,-0.28044
10.856000000000002,-0.888897
10.857,-0.577749
10.858,-0.706158
10.859000000000002,-0.655083
10.86,-0.611408
10.861,-0.244924
10.862,-0.461432
10.863,-0.515888
10.864,-0.38219
10.865,-0.797652
10.866,-0.819469
10.867,-0.473144
10.868,-0.563306
10.869000000000002,-0.558801
10.87,-0.640384
10.871,-0.766301
10.872000000000002,-0.480563
10.873,-0.411411
10.874,-0.367947
10.875000000000002,-0.601954
10.876,-0.563391
10.877,-0.339789
10.878,-0.121717
10.879,-0.495807
10.88,-0.482305
10.881,-0.450248
10.882,-0.708906
10.883,-0.428593
10.884,-0.319964
10.885000000000002,-0.250896
10.886,-0.271587
10.887,-0.409769
10.888000000000002,-0.329511
10.889,-0.521732
10.89,-0.567708
10.891,-0.270751
10.892,-0.629978
10.893,-0.60962
10.894,-0.582812
10.895,-0.448945
10.896,-0.228002
10.897,-0.595505
10.898,-0.487982
10.899,-0.378503
10.9,-0.364452
10.901000000000002,-0.518352
10.902,-0.686599
10.903,-0.311605
10.904000000000002,-0.363346
10.905,-0.169001
10.906,-0.429126
10.907,-0.406952
10.908,-0.358212
10.909,-0.483444
10.91,0.379414
10.911,-0.216303
10.912,-0.662618
10.913,-0.454126
10.914,-0.54902
10.915,-0.378381
10.916,-0.77143
10.917000000000002,-0.377285
10.918,-0.628789
10.919,-0.948895
10.920000000000002,-0.240577
10.921,-0.581313
10.922,-0.120692
10.923,-0.639262
10.924,-0.379428
10.925,-0.408702
10.926,-0.112409
10.927,-0.598574
10.928,-0.696896
10.929,-0.150197
10.93,-0.548309
10.931,-1.045009
10.932,-0.409905
10.933000000000002,-0.702054
10.934,-0.09952
10.935,-0.268629
10.936000000000002,-0.438367
10.937,-0.144115
10.938,-0.915913
10.939,-0.786261
10.94,-0.623186
10.941,-0.094886
10.942,-0.70388
10.943,-0.677538
10.944,-0.634873
10.945,-0.551994
10.946000000000002,-0.519829
10.947,-0.496835
10.948,-0.333939
10.949000000000002,-0.287594
10.95,-0.576568
10.951,-0.115461
10.952000000000002,-0.483714
10.953,-0.464151
10.954,-0.806941
10.955,-0.46032
10.956,-0.546703
10.957,-0.647633
10.958,-0.65897
10.959,-0.218758
10.96,-0.713095
10.961,-0.423497
10.962000000000002,-0.573016
10.963,-0.640058
10.964,-0.220932
10.965000000000002,-0.586002
10.966,-0.36619
10.967,-0.46873
10.968000000000002,-0.539784
10.969,-0.251093
10.97,-0.342282
10.971,-0.310041
10.972,-0.793159
10.973,-0.360204
10.974,-0.336556
10.975,-0.549306
10.976,-0.238198
10.977,-0.778701
10.978000000000002,-0.524134
10.979,-0.395945
10.98,-0.580629
10.981000000000002,-0.527405
10.982,-0.642491
10.983,-0.54612
10.984000000000002,0.031719
10.985,-0.342432
10.986,-0.296632
10.987,-0.352505
10.988,-0.571722
10.989,-0.353839
10.99,-0.412984
10.991,-0.228466
10.992,-0.651747
10.993,-0.462371
10.994000000000002,-0.600204
10.995,-0.317041
10.996,-0.391066
10.997000000000002,-0.271702
10.998,-0.719793
10.999,-0.114529
11.000000000000002,-0.75901
11.001,-0.401669
11.002,0.008679
11.003,-0.334247
11.004,-0.535444
11.005,-0.572816
11.006,-0.06316
11.007,-0.247367
11.008,-0.273903
11.009,-0.571308
11.010000000000002,-0.335142
11.011,-0.189566
11.012,-0.276353
11.013000000000002,-0.584841
11.014,-0.421564
11.015,-0.318648
11.016,-0.540188
11.017,-0.635547
11.018,-0.194103
11.019,-0.437926
11.02,-0.428856
11.021,-0.425569
11.022,-0.045344
11.023,-0.387943
11.024,-0.191483
11.025,-0.766898
11.026000000000002,-0.620222
11.027,-0.476551
11.028,-0.670791
11.029000000000002,-0.27803
11.03,-0.435556
11.031,-0.383624
11.032,-0.068151
11.033,-0.50119
11.034,-0.297373
11.035,-0.512255
11.036,-0.507182
11.037,-0.374882
11.038,-0.378008
11.039,-0.40875
11.04,-0.138878
11.041,-0.77088
11.042000000000002,-0.018542
11.043,-0.08071
11.044,-0.470994
11.045000000000002,-0.563262
11.046,-0.533652
11.047,-0.654811
11.048,-0.628521
11.049,-0.630397
11.05,-0.654737
11.051,-0.627498
11.052,-0.556542
11.053,-0.581975
11.054,-0.692362
11.055,-0.540414
11.056,-0.266792
11.057,-0.28209
11.058000000000002,-0.327188
11.059,-0.127941
11.06,0.209727
11.061000000000002,-0.437315
11.062,-0.803085
11.063,-0.256605
11.064,-0.624613
11.065,-0.661359
11.066,-0.363364
11.067,-0.365428
11.068,-0.355372
11.069,-0.216099
11.07,-0.508206
11.071000000000002,-0.586597
11.072,-0.559105
11.073,-0.333301
11.074000000000002,-0.174133
11.075,-0.686318
11.076,-0.369596
11.077000000000002,-0.465492
11.078,-0.214804
11.079,-0.541386
11.08,-0.420995
11.081,-0.739708
11.082,-0.179116
11.083,-0.482874
11.084,-0.697203
11.085,-0.27654
11.086,-0.094531
11.087000000000002,-0.664629
11.088,-0.368932
11.089,-0.159869
11.090000000000002,0.058518
11.091,-0.372203
11.092,-0.206086
11.093000000000002,-0.079693
11.094,-0.303284
11.095,-0.423051
11.096,-0.864806
11.097,-0.120288
11.098,-0.249773
11.099,-0.712164
11.1,-0.258105
11.101,-0.395531
11.102,-0.313456
11.103000000000002,-0.315103
11.104,-0.17035
11.105,-0.320734
11.106000000000002,-0.553965
11.107,-0.715559
11.108,-0.11795
11.109000000000002,-0.145073
11.11,-0.598644
11.111,-0.702807
11.112,-0.627546
11.113,-0.362918
11.114,-0.473835
11.115,-0.400722
11.116,-0.418314
11.117,-0.794364
11.118,-0.392234
11.119000000000002,-0.151691
11.12,-0.646343
11.121,-0.490821
11.122000000000002,-0.442356
11.123,-0.381253
11.124,-0.396519
11.125000000000002,-0.426575
11.126,-0.6301
11.127,-0.630559
11.128,-0.337251
11.129,-0.288662
11.13,-0.67394
11.131,-0.84543
11.132,-0.718978
11.133,0.034833
11.134,-0.116214
11.135000000000002,-0.334542
11.136,-0.161929
11.137,-0.435186
11.138000000000002,-0.454614
11.139,-0.414024
11.14,-0.433118
11.141000000000002,-0.590404
11.142,-0.6566
11.143,-0.717261
11.144,-0.168719
11.145,-0.262576
11.146,-0.513214
11.147,-0.388662
11.148,-0.792865
11.149,-0.383443
11.15,-0.735119
11.151000000000002,-0.540572
11.152,-0.488654
11.153,-0.469764
11.154000000000002,-0.212037
11.155,-0.602404
11.156,-0.485034
11.157,-0.285277
11.158,-0.530525
11.159,-0.516302
11.16,-0.360197
11.161,-0.218719
11.162,-0.635931
11.163,-0.266653
11.164,-0.509632
11.165,-0.47033
11.166,-0.523633
11.167000000000002,-0.432474
11.168,-0.285298
11.169,-0.471574
11.170000000000002,-0.458341
11.171,-0.643242
11.172,-0.60415
11.173,-0.654719
11.174,-0.318577
11.175,-0.214584
11.176,-0.692411
11.177,-0.542056
11.178,-0.396093
11.179,-0.704437
11.18,-0.295597
11.181,-0.728653
11.182,-0.419227
11.183000000000002,-0.266797
11.184,-0.435393
11.185,-0.585948
11.186000000000002,-0.447785
11.187,-0.620492
11.188,-0.687677
11.189,-0.470059
11.19,-0.192133
11.191,-0.421727
11.192,-0.757299
11.193,-0.665223
11.194,-0.539725
11.195,-0.274056
11.196000000000002,-0.553109
11.197,-0.538264
11.198,-0.306421
11.199000000000002,-0.438863
11.2,-0.378648
11.201,-0.632695
11.202000000000002,-0.24291
11.203,-0.270875
11.204,-0.480439
11.205,-0.537338
11.206,-0.615416
11.207,-0.461816
11.208,-0.438652
11.209,-0.239944
11.21,-0.35852
11.211,-0.728078
11.212000000000002,-0.558495
11.213,-0.688193
11.214,-0.679782
11.215000000000002,-0.522342
11.216,-0.697652
11.217,-0.299804
11.218000000000002,-0.621835
11.219,-0.299824
11.22,-0.190605
11.221,-0.318824
11.222,-0.491198
11.223,-0.608177
11.224,-0.458159
11.225,-0.45892
11.226,-0.035301
11.227,-0.444497
11.228000000000002,-0.246973
11.229,-0.20346
11.23,-0.605174
11.231000000000002,-0.206851
11.232,-0.431754
11.233,-0.396471
11.234000000000002,-0.441734
11.235,-0.445421
11.236,-0.186961
11.237,-0.31808
11.238,-0.458854
11.239,-0.526194
11.24,-0.342624
11.241,-0.097148
11.242,-0.462951
11.243,-0.279667
11.244000000000002,-0.641647
11.245,-0.686598
11.246,-0.165193
11.247000000000002,-0.316449
11.248,-0.574866
11.249,-0.241634
11.250000000000002,-0.713452
11.251,-0.878772
11.252,-0.602697
11.253,-0.380047
11.254,-0.838258
11.255,-0.763727
11.256,-0.823801
11.257,-0.459886
11.258,-0.329476
11.259,-0.715766
11.260000000000002,-0.411693
11.261,-0.48181
11.262,-0.307094
11.263000000000002,-0.162552
11.264,-0.642616
11.265,-0.713966
11.266000000000002,-0.53415
11.267,-0.229254
11.268,-0.406799
11.269,-0.306981
11.27,-0.443965
11.271,-0.215001
11.272,-0.762665
11.273,-0.618981
11.274,-0.544428
11.275,-0.222399
11.276000000000002,-0.469906
11.277,-0.205221
11.278,-0.365578
11.279000000000002,-0.317421
11.28,-0.643353
11.281,-0.530767
11.282000000000002,-0.699372
11.283,-0.216683
11.284,-0.502753
11.285,-0.474132
11.286,-0.351257
11.287,-0.284506
11.288,-0.396064
11.289,-0.298227
11.29,-0.056997
11.291,-0.839444
11.292000000000002,-0.869906
11.293,-0.620036
11.294,-0.64833
11.295000000000002,-0.580187
11.296,-0.170806
11.297,-0.417327
11.298,-0.330818
11.299,-0.458473
11.3,-0.633256
11.301,-0.608935
11.302,-0.3742
11.303,-0.48977
11.304,-0.543861
11.305,-0.30692
11.306,-0.540974
11.307,-0.503256
11.308000000000002,-0.294893
11.309,-0.453431
11.31,-0.543881
11.311000000000002,-0.215759
11.312,-0.320252
11.313,-0.408478
11.314,-0.395196
11.315,-0.717407
11.316,-0.202584
11.317,-0.626245
11.318,-0.640683
11.319,-0.547282
11.32,-0.310291
11.321000000000002,-0.634627
11.322,-0.303047
11.323,-0.582122
11.324000000000002,-0.448411
11.325,-0.683175
11.326,-0.734461
11.327000000000002,-0.456775
11.328,-0.140384
11.329,-0.527644
11.33,-0.553566
11.331,-0.59256
11.332,-0.673355
11.333,-0.601902
11.334,-0.505424
11.335,-0.491502
11.336,-0.127908
11.337000000000002,-0.515238
11.338,-0.073697
11.339,-0.494265
11.340000000000002,-0.002716
11.341,-0.227901
11.342,-0.549509
11.343000000000002,-0.575519
11.344,-0.041822
11.345,-0.409522
11.346,-0.560514
11.347,-0.553758
11.348,-0.469315
11.349,-0.472864
11.35,-0.549103
11.351,-0.809505
11.352,-0.754982
11.353000000000002,-0.53367
11.354,-0.713547
11.355,-0.084891
11.356000000000002,-0.333993
11.357,-0.146285
11.358,-0.521077
11.359000000000002,-0.640927
11.36,-0.421968
11.361,-0.18787
11.362,-0.808567
11.363,-0.457594
11.364,-1.174165
11.365,-0.518767
11.366,-0.220459
11.367,-0.50615
11.368,-0.454437
11.369000000000002,-0.349102
11.37,-0.781249
11.371,-0.570548
11.372000000000002,-0.406113
11.373,-0.732532
11.374,-0.301551
11.375000000000002,-0.298914
11.376,-0.345009
11.377,-0.433935
11.378,-0.291857
11.379,-0.569688
11.38,-0.396554
11.381,-0.66436
11.382,-0.432263
11.383,-0.259744
11.384,-0.496166
11.385000000000002,-0.473658
11.386,-0.385345
11.387,-0.388586
11.388000000000002,-0.195805
11.389,-0.397892
11.39,-0.192665
11.391000000000002,-0.451033
11.392,-0.274915
11.393,-0.61501
11.394,-0.272339
11.395,-0.59904
11.396,-0.503338
11.397,-0.012286
11.398,-0.380418
11.399,-0.486356
11.4,-0.567668
11.401000000000002,-0.231545
11.402,-0.564631
11.403,-0.378811
11.404000000000002,-0.493873
11.405,-0.758631
11.406,-0.575944
11.407000000000002,-0.325421
11.408,-0.351678
11.409,-0.206006
11.41,-0.788346
11.411,-0.592957
11.412,-0.333424
11.413,-0.510833
11.414,-0.626063
11.415,-0.72657
11.416,-0.587778
11.417000000000002,-0.344021
11.418,-0.618708
11.419,-0.326959
11.420000000000002,-0.726117
11.421,-0.233793
11.422,-0.442036
11.423000000000002,-0.565026
11.424,-0.726238
11.425,-0.295783
11.426,-0.235965
11.427,-0.54844
11.428,-0.157194
11.429,-0.406573
11.43,-0.374838
11.431,-0.520864
11.432,-0.493688
11.433000000000002,-0.272351
11.434,-0.302933
11.435,-0.729747
11.436000000000002,-0.44778
11.437,-0.268405
11.438,-0.221337
11.439,-0.57968
11.44,-0.231099
11.441,-0.051809
11.442,-0.029731
11.443,-0.636633
11.444,-0.051459
11.445,-0.358451
11.446000000000002,-0.315979
11.447,-0.265283
11.448,-0.283706
11.449000000000002,-0.410762
11.45,-0.39005
11.451,-0.585823
11.452000000000002,-0.918649
11.453,-0.402687
11.454,-0.455685
11.455,0.155521
11.456,-0.242527
11.457,-0.424175
11.458,-0.736315
11.459,-0.833857
11.46,-0.286124
11.461,-0.46362
11.462000000000002,-0.242686
11.463,-0.27719
11.464,-0.153634
11.465000000000002,-0.135947
11.466,-0.200036
11.467,-0.829711
11.468000000000002,-0.605599
11.469,-0.052122
11.47,-0.666891
11.471,-0.164103
11.472,0.123436
11.473,-0.391261
11.474,-0.521807
11.475,-0.344026
11.476,-0.003048
11.477,-0.053482
11.478000000000002,-0.693225
11.479,-0.581167
11.48,-0.500584
11.481000000000002,-0.293326
11.482,-0.633286
11.483,-0.64317
11.484000000000002,-0.971299
11.485,-0.409468
11.486,-0.588888
11.487,-0.268567
11.488,-0.523301
11.489,-0.689284
11.49,-0.395327
11.491,-1.158685
11.492,-0.223479
11.493,-0.604222
11.494000000000002,-0.326643
11.495,-0.607197
11.496,-0.678878
11.497000000000002,-0.082442
11.498,-0.415853
11.499,-0.526003
11.500000000000002,-0.639529
11.501,-0.495095
11.502,-0.700907
11.503,-0.490115
11.504,-0.257871
11.505,-0.322351
11.506,-0.235151
11.507,-0.306258
11.508,0.084113
11.509,-0.610734
11.510000000000002,-0.407046
11.511,-0.13855
11.512,-0.65026
11.513000000000002,-0.542758
11.514,-0.811456
11.515,-0.235634
11.516000000000002,-0.402584
11.517,-0.674989
11.518,-0.394603
11.519,-0.518494
11.52,0.066021
11.521,-0.411964
11.522,-0.313341
11.523,-0.446038
11.524,-0.53799
11.525,-0.033847
11.526000000000002,-0.627138
11.527,-0.37445
11.528,-0.309402
11.529000000000002,-0.280427
11.53,-0.44796
11.531,-0.005784
11.532000000000002,-0.780111
11.533,-0.259737
11.534,-0.388733
11.535,-0.591472
11.536,-0.20216
11.537,-0.533626
11.538,-0.041528
11.539,-0.325473
11.54,-0.569298
11.541,-0.722646
11.542000000000002,-0.504352
11.543,-0.454671
11.544,-0.120485
11.545000000000002,-0.46698
11.546,-0.517902
11.547,-0.356664
11.548000000000002,-0.084475
11.549,-0.846294
11.55,-0.562581
11.551,-0.420906
11.552,-0.177108
11.553,-0.422207
11.554,-0.599291
11.555,-0.409209
11.556,-0.170755
11.557,-0.168797
11.558000000000002,-0.304606
11.559,-0.221026
11.56,-0.179053
11.561000000000002,-0.598018
11.562,-0.407501
11.563,-0.358508
11.564000000000002,-0.411898
11.565,-0.266027
11.566,-0.451396
11.567,-0.095145
11.568,-0.165862
11.569,-0.034489
11.57,-0.77944
11.571000000000002,-0.394799
11.572,-0.321036
11.573,-0.636456
11.574000000000002,-0.656861
11.575,-0.519561
11.576,-0.400832
11.577000000000002,-0.318356
11.578,-0.234706
11.579,-0.443312
11.58,-0.333084
11.581,-0.292526
11.582,-0.501246
11.583,-0.342151
11.584,-0.339323
11.585,-0.501612
11.586,-0.407912
11.587000000000002,-0.56896
11.588,-0.417956
11.589,-0.259886
11.590000000000002,-0.358619
11.591,-0.388439
11.592,-0.587863
11.593000000000002,-0.435186
11.594,-0.678293
11.595,-0.691216
11.596,-0.486749
11.597,-0.335277
11.598,-0.409006
11.599,-0.606607
11.6,-0.350646
11.601,-0.50123
11.602,-0.536758
11.603000000000002,-0.80428
11.604,-0.247268
11.605,0.037976
11.606000000000002,-0.446008
11.607,-0.396764
11.608,-0.494137
11.609000000000002,-0.390943
11.61,-0.485683
11.611,-0.277982
11.612,-0.465547
11.613,-0.469905
11.614,-0.481617
11.615,-0.20045
11.616,-0.624756
11.617,-0.489003
11.618,-0.317297
11.619000000000002,-0.184889
11.62,-0.346842
11.621,-0.615039
11.622000000000002,-0.144998
11.623,-0.563175
11.624,-0.200499
11.625000000000002,-0.416241
11.626,0.246644
11.627,-0.624316
11.628,-0.505706
11.629,-0.50734
11.63,-0.039634
11.631,0.077264
11.632,-0.227593
11.633,-0.160535
11.634,-0.916683
11.635000000000002,-0.677065
11.636,-0.084585
11.637,-0.334998
11.638000000000002,-0.034109
11.639,-0.3119
11.64,-0.431245
11.641000000000002,-0.527719
11.642,-0.214481
11.643,-0.298986
11.644,-0.542843
11.645,-0.194788
11.646,-0.170609
11.647,-0.328773
11.648,-0.40001
11.649,-0.396539
11.65,-0.838734
11.651000000000002,-0.615924
11.652,-0.600776
11.653,-0.375541
11.654000000000002,-0.174503
11.655,-0.345807
11.656,-0.55314
11.657000000000002,-0.133716
11.658,-0.520367
11.659,-0.621618
11.66,-0.630312
11.661,-0.315649
11.662,-0.933158
11.663,-0.492092
11.664,-0.815002
11.665,-0.616693
11.666,-0.722312
11.667000000000002,-0.319885
11.668,-0.395006
11.669,-0.28368
11.670000000000002,0.147734
11.671,-0.147161
11.672,-0.483484
11.673000000000002,0.029866
11.674,-0.494007
11.675,-0.645826
11.676,-0.487765
11.677,-0.412828
11.678,-0.192325
11.679,-0.591117
11.68,-0.419535
11.681,-0.739312
11.682,-0.647665
11.683000000000002,-0.500759
11.684,-0.438794
11.685,-0.533462
11.686000000000002,-0.610833
11.687,-0.142003
11.688,-0.320711
11.689000000000002,-0.526833
11.69,-0.510344
11.691,-0.232253
11.692,-0.751344
11.693,-0.313484
11.694,-0.564803
11.695,-0.16943
11.696000000000002,-0.791552
11.697,-0.348318
11.698,-0.445503
11.699000000000002,-0.774906
11.7,-0.309298
11.701,-0.542663
11.702000000000002,-0.570653
11.703,-0.594758
11.704,0.005368
11.705,-0.44064
11.706,-1.109695
11.707,-0.404169
11.708,-0.403761
11.709,-0.266802
11.71,-0.679751
11.711,-0.115005
11.712000000000002,-0.336304
11.713,-0.233275
11.714,-0.324603
11.715000000000002,-0.411499
11.716,-0.324236
11.717,-0.454406
11.718000000000002,-0.300664
11.719,-0.462455
11.72,-0.232969
11.721,-0.360197
11.722,-0.491862
11.723,-0.496678
11.724,-0.300531
11.725,-0.610843
11.726,-0.473294
11.727,-0.400969
11.728000000000002,-0.082581
11.729,-0.379237
11.73,-0.382049
11.731000000000002,-0.41332
11.732,-0.831598
11.733,-0.506057
11.734000000000002,-0.497823
11.735,-0.736286
11.736,-0.674974
11.737,-0.204718
11.738,-0.43799
11.739,-0.266955
11.74,-0.540815
11.741,-1.001034
11.742,-0.614819
11.743,-0.460942
11.744000000000002,-0.373932
11.745,-0.760093
11.746,-0.169085
11.747000000000002,-0.286101
11.748,-0.346105
11.749,-0.288521
11.750000000000002,-0.203998
11.751,-0.662401
11.752,-0.418446
11.753,-0.613918
11.754,0.21493
11.755,-0.184964
11.756,-0.494624
11.757,-0.744485
11.758,-0.617638
11.759,-0.149737
11.760000000000002,-0.546835
11.761,-0.642411
11.762,-0.434543
11.763000000000002,-0.564239
11.764,-0.508976
11.765,-0.448219
11.766000000000002,-0.65388
11.767,-0.837996
11.768,-0.761412
11.769,-0.619416
11.77,-0.53238
11.771,-0.443336
11.772,-0.264007
11.773,-0.37678
11.774,-0.30949
11.775,-0.143772
11.776000000000002,-0.476533
11.777,-0.649867
11.778,-0.372957
11.779000000000002,-0.239473
11.78,-0.607426
11.781,-0.514517
11.782000000000002,-0.477719
11.783,-0.55754
11.784,-0.213895
11.785,-0.297428
11.786,-0.446785
11.787,-0.389061
11.788,-0.325674
11.789,-0.65239
11.79,-0.260368
11.791,-0.186663
11.792000000000002,-0.317347
11.793,-0.840179
11.794,-0.317819
11.795000000000002,-0.153296
11.796,-1.011365
11.797,-0.883541
11.798000000000002,-0.42196
11.799,-0.101287
11.8,-0.443785
11.801,-0.539269
11.802,-0.457966
11.803,-0.343001
11.804,-0.538439
11.805,-0.414828
11.806,-0.092802
11.807,-0.462009
11.808000000000002,-0.657241
11.809,-0.665859
11.81,-0.420718
11.811000000000002,-0.565481
11.812,-0.589167
11.813,-0.137949
11.814000000000002,-0.472038
11.815,-0.465325
11.816,-0.74238
11.817,-0.513189
11.818,-0.570312
11.819,-0.326027
11.82,-0.703519
11.821000000000002,-0.340166
11.822,-0.452875
11.823,-0.429347
11.824000000000002,-0.579896
11.825,-0.567929
11.826,-0.56697
11.827000000000002,-0.494861
11.828,-0.677172
11.829,-0.17797
11.830000000000002,-0.253564
11.831,-0.167006
11.832,-0.484693
11.833,-0.6753
11.834,-0.291638
11.835,-0.310416
11.836,-0.34541
11.837000000000002,-0.339282
11.838,-0.583491
11.839,-0.415746
11.840000000000002,-0.4751
11.841,-0.41815
11.842,-0.728537
11.843000000000002,-0.712557
11.844,-0.538757
11.845,-0.480795
11.846,-0.994918
11.847,-0.628255
11.848,-0.634931
11.849,-0.287704
11.85,-0.408797
11.851,-0.434453
11.852,-0.582019
11.853000000000002,-0.242267
11.854,-0.514269
11.855,-0.466523
11.856000000000002,-0.576083
11.857,-0.067856
11.858,-0.724927
11.859000000000002,-0.045334
11.86,-0.305391
11.861,-0.538272
11.862,-0.526259
11.863,-0.655463
11.864,-0.026068
11.865,-0.470198
11.866,-0.337567
11.867,-0.287705
11.868,-0.368942
11.869000000000002,-0.376746
11.87,-0.703562
11.871,-0.446634
11.872000000000002,-0.152111
11.873,-0.444543
11.874,-0.552425
11.875000000000002,-0.265216
11.876,-0.239441
11.877,-0.375767
11.878,-0.835722
11.879,-0.486046
11.88,-0.404973
11.881,-0.234068
11.882,-0.512935
11.883,-0.256458
11.884,-0.512378
11.885000000000002,-0.434583
11.886,-0.565703
11.887,-0.89496
11.888000000000002,-0.435667
11.889,-0.549833
11.89,-0.309005
11.891000000000002,-0.807088
11.892,-0.306938
11.893,-0.567566
11.894,-0.393173
11.895,-0.360364
11.896,0.011909
11.897,-0.7698
11.898,-0.737683
11.899,-0.296536
11.9,-0.594872
11.901000000000002,-0.525534
11.902,-0.609953
11.903,-0.351461
11.904000000000002,-0.041307
11.905,-0.378713
11.906,-0.244142
11.907000000000002,-0.299096
11.908,-0.648366
11.909,-0.441772
11.91,-0.498402
11.911,-0.286073
11.912,-0.485276
11.913,-0.383089
11.914,-0.56629
11.915,-0.723436
11.916,-0.365803
11.917000000000002,-0.694334
11.918,-0.883956
11.919,-0.798185
11.920000000000002,-0.37768
11.921,-0.337932
11.922,-0.537454
11.923000000000002,0.031719
11.924,-0.246502
11.925,-0.293382
11.926,-0.473381
11.927,-0.744645
11.928,-0.548737
11.929,-0.208147
11.93,-0.565122
11.931,-0.382394
11.932,-0.173571
11.933000000000002,-0.237947
11.934,-0.35634
11.935,-0.41604
11.936000000000002,-0.551547
11.937,-0.702482
11.938,-0.303908
11.939000000000002,-0.289306
11.94,-0.540941
11.941,-0.526762
11.942,-0.500037
11.943,-0.573989
11.944,-0.297516
11.945,-0.280434
11.946000000000002,-0.248167
11.947,-0.216378
11.948,-0.035303
11.949000000000002,-0.300605
11.95,-0.486279
11.951,-0.379091
11.952000000000002,-0.275735
11.953,-0.671701
11.954,-0.394881
11.955000000000002,-0.588823
11.956,-0.660114
11.957,-0.458716
11.958,-0.130181
11.959,-0.457012
11.96,-0.63161
11.961,-0.053976
11.962000000000002,-0.64483
11.963,-0.490302
11.964,-0.358577
11.965000000000002,-0.143868
11.966,-0.686904
11.967,-0.580559
11.968000000000002,-0.366756
11.969,-0.416483
11.97,-0.29167
11.971000000000002,-0.122158
11.972,-0.069274
11.973,-0.416533
11.974,-0.175544
11.975,-0.232969
11.976,-0.247663
11.977,-0.474423
11.978000000000002,-0.716426
11.979,-0.372081
11.98,-0.21937
11.981000000000002,-0.661607
11.982,-0.381082
11.983,-0.512731
11.984000000000002,-0.483866
11.985,-0.505488
11.986,-0.504122
11.987,-0.18483
11.988,-0.605695
11.989,-0.654399
11.99,-0.318346
11.991,-0.161222
11.992,-0.345148
11.993,0.107637
11.994000000000002,-0.611339
11.995,-0.467958
11.996,-0.620396
11.997000000000002,-0.366504
11.998,-0.435505
11.999,-0.595265
12.000000000000002,-0.364524
12.001,-0.389857
12.002,-0.114674
12.003,-0.121433
12.004,-0.542007
12.005,-0.297388
12.006,-0.633554
12.007,-0.477564
12.008,-0.508021
12.009,-0.553312
12.010000000000002,-0.419412
12.011,-0.58304
12.012,-0.496679
12.013000000000002,-0.378989
12.014,-0.503217
12.015,-0.171506
12.016000000000002,-0.419764
12.017,-0.467252
12.018,-0.506475
12.019,-0.368528
12.02,-0.386762
12.021,-0.579663
12.022,-0.311992
12.023,-0.538785
12.024,-0.434399
12.025,-0.366101
12.026000000000002,-0.481636
12.027,-0.119192
12.028,-0.029962
12.029000000000002,-0.544448
12.03,-0.266814
12.031,-0.340159
12.032000000000002,-0.677506
12.033,-0.355711
12.034,-0.440808
12.035,-0.483988
12.036,-0.285283
12.037,-0.313079
12.038,-0.321155
12.039,-0.355561
12.04,-0.290943
12.041,-0.438792
12.042000000000002,-0.709489
12.043,-0.495579
12.044,-0.428812
12.045000000000002,-0.443809
12.046,-0.397927
12.047,-0.528037
12.048000000000002,-0.563563
12.049,-0.391326
12.05,-0.591944
12.051,-0.451072
12.052,-0.670802
12.053,-0.421439
12.054,-0.373307
12.055,-0.839073
12.056,-0.569813
12.057,-0.38533
12.058000000000002,-0.395633
12.059,-0.334727
12.06,-0.260077
12.061000000000002,-0.18184
12.062,-0.542189
12.063,-0.125541
12.064000000000002,-0.310458
12.065,-0.089437
12.066,-0.471671
12.067,-0.582077
12.068,-0.184978
12.069,-0.112298
12.07,-0.49941
12.071000000000002,-0.152406
12.072,-0.246177
12.073,-0.431135
12.074000000000002,-0.060196
12.075,-0.690602
12.076,-0.310131
12.077000000000002,-0.15471
12.078,-0.365069
12.079,-0.282068
12.080000000000002,-1.126588
12.081,-0.608886
12.082,-0.236756
12.083,-0.524016
12.084,-0.449805
12.085,-0.432587
12.086,-0.64239
12.087000000000002,-0.67536
12.088,-0.632935
12.089,-0.56292
12.090000000000002,-0.514764
12.091,-0.310082
12.092,-0.524391
12.093000000000002,-0.08882
12.094,-0.741609
12.095,-0.525761
12.096000000000002,-0.367604
12.097,-0.564975
12.098,-0.311782
12.099,-0.262826
12.1,-0.719188
12.101,-0.381937
12.102,-0.314826
12.103000000000002,-0.809076
12.104,-0.342077
12.105,-0.726848
12.106000000000002,-0.579039
12.107,-0.126073
12.108,-0.521411
12.109000000000002,-0.095868
12.11,-0.667489
12.111,-0.539604
12.112000000000002,-0.436328
12.113,-0.579263
12.114,-0.26528
12.115,-0.294242
12.116,-0.620457
12.117,-0.391007
12.118,-0.351492
12.119000000000002,-0.669914
12.12,-0.594703
12.121,-0.526525
12.122000000000002,-0.58515
12.123,-0.759311
12.124,-0.448232
12.125000000000002,-0.458156
12.126,-0.425364
12.127,-0.61963
12.128,-0.138441
12.129,-0.433856
12.13,-0.081454
12.131,-0.425881
12.132,-0.496128
12.133,-0.185872
12.134,-0.786966
12.135000000000002,-0.445443
12.136,-0.576235
12.137,-0.325802
12.138000000000002,-0.012738
12.139,-0.649395
12.14,-0.872534
12.141000000000002,-0.641091
12.142,-0.405898
12.143,-0.17513
12.144,-0.392367
12.145,-0.250682
12.146,-0.441988
12.147,-0.639896
12.148,-0.532994
12.149,-0.228482
12.15,-0.122453
12.151000000000002,-0.636777
12.152,-0.764727
12.153,-0.79367
12.154000000000002,-0.570221
12.155,-0.443247
12.156,-0.246478
12.157000000000002,-0.339111
12.158,-0.118876
12.159,-0.88541
12.16,-0.400821
12.161,-0.363074
12.162,-0.441023
12.163,-0.358356
12.164,-0.660176
12.165,-0.367501
12.166,-0.238606
12.167000000000002,-0.767636
12.168,-0.420801
12.169,-0.373064
12.170000000000002,-0.562716
12.171,-0.617042
12.172,0.093532
12.173000000000002,-0.431525
12.174,-0.436326
12.175,-0.966796
12.176,-0.329183
12.177,-0.390763
12.178,-0.092861
12.179,-0.901701
12.18,-0.807735
12.181,-0.25266
12.182,-0.335544
12.183000000000002,-0.055169
12.184,-0.080039
12.185,-0.335742
12.186000000000002,-0.694701
12.187,-0.404841
12.188,-0.577018
12.189000000000002,-0.516055
12.19,-0.196433
12.191,-0.333285
12.192,-0.193057
12.193,-0.270275
12.194,-0.577954
12.195,-0.465161
12.196000000000002,-0.429057
12.197,-0.294895
12.198,-0.358258
12.199000000000002,-0.303648
12.2,-0.59122
12.201,-0.315222
12.202000000000002,-0.757689
12.203,-0.291767
12.204,-0.310066
12.205000000000002,-0.53064
12.206,-0.432434
12.207,-0.384581
12.208,-0.196095
12.209,-0.401413
12.21,-0.307405
12.211,-0.444423
12.212000000000002,-0.120361
12.213,-0.559657
12.214,-0.446636
12.215000000000002,-0.127208
12.216,-0.234061
12.217,-0.308752
12.218000000000002,-0.459493
12.219,-0.703282
12.22,-0.318298
12.221000000000002,-0.465705
12.222,-0.500893
12.223,-0.5874
12.224,-0.272349
12.225,-0.453447
12.226,-0.565812
12.227,-0.154939
12.228000000000002,-0.325246
12.229,-0.733285
12.23,-0.378415
12.231000000000002,-0.804945
12.232,-0.171068
12.233,-0.494719
12.234000000000002,-0.500256
12.235,-0.334603
12.236,-0.635218
12.237000000000002,-0.593348
12.238,-0.503547
12.239,-0.472629
12.24,-0.749938
12.241,-0.316738
12.242,-0.626799
12.243,-0.340701
12.244000000000002,-0.30771
12.245,-0.671394
12.246,-0.660897
12.247000000000002,-0.717453
12.248,-0.362215
12.249,-0.905669
12.250000000000002,-0.473807
12.251,-0.52671
12.252,-0.681138
12.253000000000002,-0.121724
12.254,-0.225342
12.255,-0.774944
12.256,-0.413954
12.257,-0.492758
12.258,-0.115197
12.259,-0.167575
12.260000000000002,-0.352271
12.261,-0.450776
12.262,-0.19023
12.263000000000002,-0.169206
12.264,-0.027727
12.265,-0.632527
12.266000000000002,-0.787162
12.267,-0.104863
12.268,-0.316424
12.269,-0.704007
12.27,-0.697541
12.271,-0.613425
12.272,-0.293407
12.273,-0.427408
12.274,-0.387226
12.275,-0.038964
12.276000000000002,-0.546219
12.277,-0.597696
12.278,-0.247948
12.279000000000002,-0.403334
12.28,-0.451266
12.281,-0.090147
12.282000000000002,-0.060397
12.283,-0.50124
12.284,-0.70477
12.285,-0.368489
12.286,-0.724499
12.287,-0.691976
12.288,-0.40131
12.289,-0.665666
12.29,-0.514271
12.291,-0.269868
12.292000000000002,-0.309059
12.293,-0.372703
12.294,-0.240472
12.295000000000002,-0.637903
12.296,-0.413827
12.297,-0.889039
12.298000000000002,-0.413806
12.299,-0.308412
12.3,-0.4399
12.301,-0.774845
12.302,-0.421153
12.303,0.089322
12.304,-0.335153
12.305,-0.607957
12.306,-0.063184
12.307,-0.581985
12.308000000000002,-0.348653
12.309,-0.516205
12.31,-0.467168
12.311000000000002,-0.533349
12.312,-0.373243
12.313,-0.397827
12.314000000000002,-0.40238
12.315,-0.442585
12.316,-0.580116
12.317,-0.91506
12.318,-0.908591
12.319,-0.575352
12.32,-0.474587
12.321000000000002,-0.654777
12.322,-0.342368
12.323,-0.488806
12.324000000000002,-0.300659
12.325,-0.19442
12.326,-0.526488
12.327000000000002,0.088852
12.328,-0.26818
12.329,-0.637902
12.330000000000002,-0.585419
12.331,-0.576438
12.332,-0.273333
12.333,-1.17017
12.334,-0.536144
12.335,-0.711181
12.336,-0.610556
12.337000000000002,-0.855243
12.338,-0.278881
12.339,-0.348455
12.340000000000002,-0.199739
12.341,-0.266083
12.342,-0.354713
12.343000000000002,-0.362628
12.344,-0.518692
12.345,-0.536992
12.346000000000002,-0.846069
12.347,-0.395364
12.348,-0.005345
12.349,-0.567989
12.35,-0.360992
12.351,-0.563519
12.352,-0.396638
12.353000000000002,-0.419062
12.354,-0.692473
12.355,-0.987021
12.356000000000002,-0.690756
12.357,-0.703794
12.358,-0.265194
12.359000000000002,-0.330102
12.36,-0.839158
12.361,-0.502153
12.362000000000002,-0.79641
12.363,-0.600638
12.364,-0.596587
12.365,-0.788482
12.366,-0.647467
12.367,-0.307871
12.368,-0.235641
12.369000000000002,-0.767929
12.37,-0.74279
12.371,-0.34157
12.372000000000002,-0.438437
12.373,-0.79482
12.374,-0.774227
12.375000000000002,-0.228465
12.376,-0.178398
12.377,-0.679836
12.378000000000002,-0.151372
12.379,-0.679306
12.38,-0.294248
12.381,-0.610542
12.382,-0.556868
12.383,-0.892432
12.384,-0.701422
12.385000000000002,0.010642
12.386,-0.496256
12.387,-0.735433
12.388000000000002,-0.617867
12.389,-0.013407
12.39,-0.446819
12.391000000000002,-0.732246
12.392,-0.526847
12.393,-0.332476
12.394,-0.367877
12.395,-0.17081
12.396,-0.706305
12.397,-0.863485
12.398,-0.486432
12.399,-0.583339
12.4,-0.395191
12.401000000000002,-0.372161
12.402,-0.222746
12.403,-0.325592
12.404000000000002,-0.429779
12.405,-0.850026
12.406,-0.918476
12.407000000000002,-0.351968
12.408,-0.461435
12.409,-0.3126
12.41,-0.700248
12.411,-0.69976
12.412,-0.535592
12.413,-0.691492
12.414,-0.52681
12.415,-0.646435
12.416,-0.343714
12.417000000000002,-0.7032
12.418,-0.46287
12.419,-0.640731
12.420000000000002,-0.626329
12.421,-0.559707
12.422,-0.104767
12.423000000000002,-0.303222
12.424,-0.35224
12.425,-0.35125
12.426,-0.551875
12.427,-0.378897
12.428,-0.898669
12.429,-0.530529
12.43,-0.365443
12.431,-0.156861
12.432,-0.157824
12.433000000000002,-0.463261
12.434,-0.345176
12.435,-0.16124
12.436000000000002,-0.362498
12.437,-0.360561
12.438,-0.245859
12.439000000000002,-0.621637
12.44,-0.298195
12.441,-0.291701
12.442,-0.649763
12.443,-0.22552
12.444,-0.243114
12.445,-0.607307
12.446000000000002,-0.637417
12.447,-0.660031
12.448,-0.485671
12.449000000000002,-0.51854
12.45,-0.785449
12.451,-0.446611
12.452000000000002,-0.552305
12.453,-0.501537
12.454,-0.328341
12.455000000000002,-0.920122
12.456,-0.65679
12.457,-0.648164
12.458,-0.477986
12.459,-0.3557
12.46,-0.061975
12.461,-0.514306
12.462000000000002,-0.461822
12.463,-0.248952
12.464,-0.6095
12.465000000000002,-0.683423
12.466,-0.701671
12.467,-0.81307
12.468000000000002,-0.790726
12.469,-0.673486
12.47,-0.619256
12.471000000000002,-0.363711
12.472,-0.307182
12.473,-0.148327
12.474,-0.29984
12.475,-0.47323
12.476,-0.908591
12.477,-0.529954
12.478000000000002,-0.733032
12.479,-0.406916
12.48,-0.166337
12.481000000000002,-0.581017
12.482,-0.779918
12.483,-0.849289
12.484000000000002,-0.339298
12.485,-0.266757
12.486,-0.679604
12.487000000000002,-0.550603
12.488,-0.365453
12.489,-0.699023
12.49,-0.636124
12.491,-0.5084
12.492,-0.528261
12.493,-0.210094
12.494000000000002,-0.441013
12.495,-0.479565
12.496,-0.30688
12.497000000000002,-0.392352
12.498,-0.230274
12.499,-0.755775
12.500000000000002,-0.264265
12.501,-0.637475
12.502,-0.328232
12.503000000000002,-0.609103
12.504,-0.501801
12.505,-0.029545
12.506,-0.557497
12.507,-0.505287
12.508,-0.486108
12.509,-0.357796
12.510000000000002,-0.02478
12.511,-0.643143
12.512,-0.130601
12.513000000000002,-0.757199
12.514,-0.438583
12.515,-0.908789
12.516000000000002,-0.359723
12.517,-0.177402
12.518,-0.754614
12.519000000000002,-0.746523
12.52,-0.913397
12.521,-0.728741
12.522,-0.596592
12.523,-0.536334
12.524,-0.7183
12.525,-0.816957
12.526000000000002,-0.634183
12.527,-0.308659
12.528,-0.658552
12.529000000000002,-0.513988
12.53,-0.516685
12.531,-0.702286
12.532000000000002,-0.588681
12.533,-0.732018
12.534,-0.27886
12.535,-0.542917
12.536,-0.629192
12.537,-0.69839
12.538,-0.801219
12.539,-0.790958
12.54,-0.302921
12.541,-0.573502
12.542000000000002,-0.458653
12.543,-0.455508
12.544,-0.356766
12.545000000000002,-0.487703
12.546,-0.337193
12.547,-0.527716
12.548000000000002,-0.474059
12.549,-0.379225
12.55,-0.576551
12.551,-0.930079
12.552,-0.332551
12.553,-0.216789
12.554,-0.64185
12.555,-0.56006
12.556,-0.51801
12.557,-0.744057
12.558000000000002,-0.294237
12.559,-0.32772
12.56,-0.698397
12.561000000000002,-0.364599
12.562,-0.590514
12.563,-0.41887
12.564000000000002,-0.32483
12.565,-0.199786
12.566,-0.272427
12.567,-0.532029
12.568,-0.378771
12.569,-0.339746
12.57,-0.395719
12.571000000000002,-0.549748
12.572,-0.402439
12.573,-0.724699
12.574000000000002,-0.74305
12.575,-0.563218
12.576,-0.630348
12.577000000000002,-0.854079
12.578,-0.844506
12.579,-0.801067
12.580000000000002,-0.450997
12.581,-0.708928
12.582,-0.452567
12.583,-0.263716
12.584,-0.374243
12.585,-0.685353
12.586,-0.833771
12.587000000000002,-0.756825
12.588,-0.370789
12.589,-0.193662
12.590000000000002,-0.278038
12.591,-0.304104
12.592,-0.533183
12.593000000000002,-0.644101
12.594,-0.374968
12.595,-0.60139
12.596000000000002,-0.69516
12.597,-0.481506
12.598,-0.860042
12.599,-0.432362
12.6,-0.464901
12.601,-0.572372
12.602,-0.542581
12.603000000000002,-0.25624
12.604,-0.639213
12.605,-0.5845
12.606000000000002,-0.194489
12.607,-0.369177
12.608,-0.452617
12.609000000000002,-0.350076
12.61,-0.292611
12.611,-0.541762
12.612000000000002,-0.366936
12.613,-0.417824
12.614,-0.723399
12.615,-1.116808
12.616,-0.854094
12.617,-0.771113
12.618,-0.806232
12.619000000000002,-0.476534
12.62,-0.04481
12.621,-0.541169
12.622000000000002,-0.537148
12.623,-0.519238
12.624,-0.478976
12.625000000000002,-0.772984
12.626,-0.290169
12.627,-0.342006
12.628000000000002,-0.184696
12.629,-0.315281
12.63,-0.583893
12.631,-0.276383
12.632,-0.412216
12.633,-0.598956
12.634,-0.73803
12.635000000000002,-0.724406
12.636,-0.406592
12.637,-0.347534
12.638000000000002,-0.317001
12.639,-0.592803
12.64,-0.488916
12.641000000000002,-0.685901
12.642,-0.611967
12.643,-0.380735
12.644000000000002,-0.410217
12.645,-0.332212
12.646,-0.517022
12.647,-0.471399
12.648,-0.325815
12.649,-0.638445
12.65,-0.329483
12.651000000000002,-0.415958
12.652,-0.552622
12.653,-0.669206
12.654000000000002,-0.897337
12.655,-0.042222
12.656,-0.759416
12.657000000000002,-0.366177
12.658,-0.404292
12.659,-0.622075
12.660000000000002,0.013112
12.661,-0.681783
12.662,-0.422015
12.663,-0.376253
12.664,-0.378086
12.665,-0.274006
12.666,-0.588061
12.667000000000002,-0.107955
12.668,-0.447927
12.669,-0.595688
12.670000000000002,-0.392471
12.671,-0.273245
12.672,-0.448889
12.673000000000002,-0.446924
12.674,-0.510592
12.675,-0.611767
12.676,-0.471369
12.677,-0.616387
12.678,-0.204492
12.679,-0.46442
12.68,-0.730291
12.681,-0.096665
12.682,-0.494129
12.683000000000002,-0.517971
12.684,-0.428236
12.685,-0.414098
12.686000000000002,-0.505214
12.687,-0.396183
12.688,-0.587794
12.689000000000002,-0.217773
12.69,-0.448006
12.691,-0.115629
12.692,-0.494488
12.693,-0.44889
12.694,-0.801786
12.695,0.060393
12.696000000000002,-0.487262
12.697,-0.633761
12.698,-0.403779
12.699000000000002,-0.581975
12.7,-0.481155
12.701,-0.330666
12.702000000000002,-0.162171
12.703,-0.549581
12.704,-0.602422
12.705000000000002,-0.628612
12.706,-0.319171
12.707,-0.691178
12.708,-0.305418
12.709,-0.297425
12.71,-0.763273
12.711,-0.050034
12.712000000000002,-0.163987
12.713,-0.347697
12.714,-0.321115
12.715000000000002,0.019589
12.716,-1.045478
12.717,-0.461514
12.718000000000002,-0.61073
12.719,-0.406891
12.72,-0.452657
12.721000000000002,-0.527448
12.722,-0.459255
12.723,-0.548182
12.724,-0.451784
12.725,-0.763713
12.726,-0.46538
12.727,-0.501825
12.728000000000002,-0.253478
12.729,-0.658121
12.73,-0.649811
12.731000000000002,-0.760155
12.732,-0.25889
12.733,-0.268369
12.734000000000002,-0.351585
12.735,-0.463905
12.736,-0.412492
12.737000000000002,-0.477821
12.738,-0.517709
12.739,-0.454157
12.74,-0.266164
12.741,-0.601362
12.742,-0.433801
12.743,-0.724518
12.744000000000002,-0.221626
12.745,-0.431914
12.746,-0.208904
12.747000000000002,-0.470257
12.748,-0.557076
12.749,-0.260481
12.750000000000002,-0.683476
12.751,-0.483209
12.752,-0.901848
12.753000000000002,-0.803242
12.754,-0.127381
12.755,-0.560369
12.756,-0.425816
12.757,-0.665403
12.758,-0.462666
12.759,-0.317547
12.760000000000002,-0.294883
12.761,-0.592874
12.762,-0.46941
12.763000000000002,-0.59706
12.764,-0.415152
12.765,-0.814759
12.766000000000002,-0.483756
12.767,-0.367877
12.768,-0.371642
12.769000000000002,-0.305166
12.77,-0.326248
12.771,-0.501346
12.772,-0.530525
12.773,-0.471474
12.774,-0.351698
12.775,-0.35348
12.776000000000002,-0.433374
12.777,-0.319436
12.778,-0.078899
12.779000000000002,-0.55328
12.78,-0.428834
12.781,-0.443176
12.782000000000002,-0.350016
12.783,-0.056267
12.784,-0.530021
12.785000000000002,-0.288426
12.786,-0.30132
12.787,-0.266035
12.788,-0.354826
12.789,-0.305193
12.79,-0.696756
12.791,-0.147402
12.792000000000002,-0.213282
12.793,-0.405523
12.794,-0.4511
12.795000000000002,-0.456264
12.796,-0.434977
12.797,-0.652179
12.798000000000002,-0.738471
12.799,-0.562406
12.8,-0.563477
12.801000000000002,-0.254178
12.802,-0.50348
12.803,-0.382674
12.804,-0.307551
12.805,-0.564716
12.806,-0.726646
12.807,-0.878395
12.808000000000002,-0.329589
12.809,-0.324703
12.81,-0.330037
12.811000000000002,-0.246301
12.812,-0.717095
12.813,-0.239072
12.814000000000002,-0.385407
12.815,-0.306677
12.816,-0.337691
12.817,-0.468168
12.818,-0.277282
12.819,-0.336516
12.82,-0.685235
12.821000000000002,-0.732104
12.822,-0.482055
12.823,-0.622355
12.824000000000002,-0.318884
12.825,-0.365628
12.826,-0.366434
12.827000000000002,-0.307461
12.828,-0.207858
12.829,-0.326699
12.830000000000002,-0.442421
12.831,-0.484912
12.832,-0.286958
12.833,-0.613171
12.834,-0.552812
12.835,-0.337961
12.836,-0.280478
12.837000000000002,-0.409147
12.838,-0.739035
12.839,-0.047839
12.840000000000002,-0.384623
12.841,-0.451671
12.842,-0.52491
12.843000000000002,-0.322177
12.844,-0.448476
12.845,-0.623911
12.846000000000002,-0.646623
12.847,-0.57823
12.848,-0.282889
12.849,-0.447686
12.85,-0.305959
12.851,-0.48639
12.852,-0.578638
12.853000000000002,-0.461308
12.854,-0.38403
12.855,-0.840767
12.856000000000002,-0.969162
12.857,-0.476375
12.858,-0.950122
12.859000000000002,-0.467694
12.86,-0.181954
12.861,-0.626823
12.862000000000002,-0.632071
12.863,-0.467834
12.864,-0.133088
12.865,-0.484475
12.866,-0.623687
12.867,-0.63124
12.868,-0.775374
12.869000000000002,-0.775972
12.87,-0.319095
12.871,-0.14727
12.872000000000002,-0.655428
12.873,-0.665038
12.874,-0.507244
12.875000000000002,-0.140568
12.876,-0.501283
12.877,-0.757009
12.878000000000002,-0.394762
12.879,-0.613792
12.88,-0.598644
12.881,-0.458081
12.882,-0.490429
12.883,-0.306007
12.884,-0.457604
12.885000000000002,-0.523966
12.886,-0.909715
12.887,-0.554754
12.888000000000002,-0.319725
12.889,-0.364461
12.89,-0.663154
12.891000000000002,-0.253832
12.892,-0.50587
12.893,-0.527963
12.894000000000002,-0.530094
12.895,-1.203081
12.896,-0.383212
12.897,-0.605669
12.898,-0.55619
12.899,-0.122963
12.9,-0.758701
12.901000000000002,-0.521416
12.902,-0.488709
12.903,-0.572961
12.904000000000002,-0.926744
12.905,-0.186628
12.906,-0.640586
12.907000000000002,-0.576537
12.908,-0.016327
12.909,-0.798606
12.910000000000002,-0.684626
12.911,-0.726569
12.912,-0.506885
12.913,-0.059056
12.914,-0.612737
12.915,-0.82696
12.916,-0.589535
12.917000000000002,-0.870924
12.918,-0.378267
12.919,-0.546295
12.920000000000002,-0.466027
12.921,-0.583624
12.922,-0.525383
12.923000000000002,-0.198107
12.924,-0.27566
12.925,-0.55929
12.926000000000002,-0.577932
12.927,-0.324647
12.928,-0.188425
12.929,-0.166174
12.93,-0.240392
12.931,-0.621615
12.932,-0.428545
12.933000000000002,-0.635591
12.934,-0.655456
12.935,-0.740991
12.936000000000002,-0.763304
12.937,-0.60403
12.938,-0.915898
12.939000000000002,-0.635997
12.94,-0.815342
12.941,-0.317266
12.942,-0.491785
12.943,-0.286126
12.944,-0.457488
12.945,-0.195184
12.946000000000002,-0.67324
12.947,-0.58901
12.948,-0.488199
12.949000000000002,-0.150971
12.95,-0.732519
12.951,-0.591929
12.952000000000002,-0.461462
12.953,-0.478995
12.954,-0.330919
12.955000000000002,-0.368931
12.956,-0.627526
12.957,-0.148926
12.958,-0.455113
12.959,-0.260382
12.96,-0.413196
12.961,-0.549955
12.962000000000002,-0.313091
12.963,-0.270808
12.964,-0.510266
12.965000000000002,-0.640948
12.966,-0.686705
12.967,-0.382469
12.968000000000002,-0.233412
12.969,-0.621943
12.97,-0.416892
12.971000000000002,-0.353832
12.972,-0.749812
12.973,-0.506326
12.974,-0.354345
12.975,-0.293476
12.976,0.138529
12.977,-0.071045
12.978000000000002,-0.797894
12.979,-0.626376
12.98,-0.309024
12.981000000000002,-0.644047
12.982,-0.410481
12.983,-0.5029
12.984000000000002,-0.393619
12.985,-0.291597
12.986,-0.428287
12.987000000000002,-0.399372
12.988,-0.343538
12.989,-0.16358
12.99,-0.506874
12.991,-0.649075
12.992,-0.29984
12.993,-0.728741
12.994000000000002,-0.425683
12.995,-0.757928
12.996,-0.578775
12.997000000000002,-0.507926
12.998,-0.66332
12.999,-0.537104
13.000000000000002,-0.395992
13.001,-0.569434
13.002,-0.483516
13.003000000000002,-0.546593
13.004,-0.833839
13.005,-0.070068
13.006,-0.712129
13.007,-0.661371
13.008,-0.702242
13.009,-0.514202
13.010000000000002,-0.145706
13.011,-0.30486
13.012,-0.283689
13.013000000000002,-0.4936
13.014,-0.627483
13.015,-0.686907
13.016000000000002,-0.24458
13.017,-0.650205
13.018,-0.757985
13.019000000000002,-0.50017
13.02,-0.434908
13.021,-0.374742
13.022,-0.423071
13.023,-0.368985
13.024,-0.304877
13.025,-0.393737
13.026000000000002,-0.559364
13.027,-0.128002
13.028,-0.068436
13.029000000000002,-0.564206
13.03,-0.373323
13.031,-0.124997
13.032000000000002,-0.694544
13.033,-0.650424
13.034,-0.412315
13.035000000000002,-0.739362
13.036,-0.349199
13.037,-0.521389
13.038,-0.489104
13.039,-0.693159
13.04,-0.2397
13.041,-0.478033
13.042000000000002,-0.716207
13.043,-0.258784
13.044,0.055664
13.045000000000002,-0.349626
13.046,-0.579596
13.047,-0.715622
13.048000000000002,-0.5252
13.049,-0.381297
13.05,-0.661587
13.051000000000002,-0.185637
13.052,-0.75915
13.053,-0.572616
13.054,-0.625033
13.055,-0.608105
13.056,-0.538029
13.057,-0.304583
13.058000000000002,-0.740611
13.059,-0.409903
13.06,-0.636278
13.061000000000002,-0.749051
13.062,-0.836938
13.063,-0.596923
13.064000000000002,-0.416849
13.065,-0.383074
13.066,-0.249943
13.067000000000002,-0.282889
13.068,-0.495223
13.069,-0.412021
13.07,-0.569207
13.071000000000002,-0.521856
13.072,-0.227417
13.073,-0.579308
13.074000000000002,-0.613847
13.075,-0.430614
13.076,-0.633331
13.077000000000002,-0.322531
13.078,-0.814119
13.079,-0.66273
13.080000000000002,-0.680698
13.081,-0.59388
13.082,-0.680252
13.083,-0.392029
13.084,-0.603297
13.085,-0.46661
13.086,-0.480731
13.087000000000002,-0.344212
13.088,-0.423157
13.089,-0.265903
13.090000000000002,-0.465911
13.091,-0.485307
13.092,-0.848199
13.093000000000002,-0.482267
13.094,-0.568434
13.095,-0.273145
13.096000000000002,-0.433064
13.097,-0.40752
13.098,-0.588793
13.099,-0.425149
13.1,-0.506832
13.101,-0.599109
13.102,-0.779643
13.103000000000002,-0.456213
13.104,-0.339026
13.105,-0.752174
13.106000000000002,-0.517768
13.107,-0.413687
13.108,-0.566187
13.109000000000002,-0.457059
13.11,-0.666932
13.111,-0.419786
13.112000000000002,-0.627799
13.113,-0.493974
13.114,-0.428451
13.115,-0.537783
13.116,-0.554818
13.117,-0.285295
13.118,-0.17833
13.119000000000002,-0.451711
13.12,-0.266865
13.121,-0.56727
13.122000000000002,-0.508809
13.123,-0.683098
13.124,-0.614568
13.125000000000002,-0.565298
13.126,-0.541914
13.127,-0.408231
13.128000000000002,-0.623724
13.129,-0.16125
13.13,-0.25688
13.131,-0.414985
13.132,-0.56533
13.133,-0.273997
13.134,-0.682004
13.135000000000002,-0.827824
13.136,-0.398091
13.137,-0.16907
13.138000000000002,-0.677836
13.139,-0.448185
13.14,-0.523704
13.141000000000002,-0.676912
13.142,-0.881578
13.143,-0.503547
13.144000000000002,-0.900816
13.145,-0.455843
13.146,-0.002962
13.147,-0.740785
13.148,-0.392624
13.149,-0.710512
13.15,-0.587602
13.151000000000002,-0.514659
13.152,-0.471787
13.153,-0.664809
13.154000000000002,-0.273313
13.155,-0.310676
13.156,-0.506599
13.157000000000002,-0.405033
13.158,-0.510054
13.159,-0.551073
13.160000000000002,-0.222454
13.161,-0.468998
13.162,-0.59122
13.163,-0.608574
13.164,-0.710678
13.165,-0.486098
13.166,-0.780392
13.167000000000002,-0.288504
13.168,-0.402457
13.169,-0.24634
13.170000000000002,-0.210663
13.171,-0.561273
13.172,-0.303757
13.173000000000002,-0.500759
13.174,-0.691541
13.175,-0.871687
13.176000000000002,-0.914043
13.177,-0.718901
13.178,-0.198546
13.179,-0.236707
13.18,-0.423662
13.181,-0.27808
13.182,-0.76513
13.183000000000002,-0.992694
13.184,-0.697792
13.185,-0.39632
13.186000000000002,-0.614518
13.187,-0.336653
13.188,-0.618818
13.189000000000002,-0.766671
13.19,-0.305668
13.191,-0.620931
13.192000000000002,-0.370304
13.193,-0.470763
13.194,-0.263207
13.195,-0.25031
13.196000000000002,-0.656023
13.197,-0.228045
13.198,-0.550774
13.199000000000002,-0.689855
13.2,-0.957474
13.201,-0.372821
13.202000000000002,-0.466197
13.203,-0.498345
13.204,-0.385618
13.205000000000002,-0.248052
13.206,-0.587592
13.207,-0.279623
13.208000000000002,-0.231006
13.209,-0.670969
13.21,-0.257852
13.211,-0.598966
13.212000000000002,-0.331034
13.213,-0.207646
13.214,-0.690017
13.215000000000002,-0.67826
13.216,-0.112674
13.217,-0.712808
13.218000000000002,-0.442602
13.219,-0.850799
13.22,-0.428593
13.221000000000002,-0.788174
13.222,-0.634173
13.223,-0.55026
13.224,-0.52414
13.225,-0.255923
13.226,-0.552159
13.227,-0.161723
13.228000000000002,-0.687937
13.229,-0.406143
13.23,-0.344049
13.231000000000002,-0.420853
13.232,0.097158
13.233,-0.707004
13.234000000000002,-0.337326
13.235,-0.334681
13.236,-0.566026
13.237000000000002,-0.389947
13.238,-0.462992
13.239,-0.596966
13.24,-0.472567
13.241,-0.474587
13.242,-0.237756
13.243,-0.506449
13.244000000000002,-0.569375
13.245,-0.251566
13.246,-0.265932
13.247000000000002,-0.439764
13.248,-0.328926
13.249,-0.531595
13.250000000000002,-0.879905
13.251,-0.229164
13.252,-0.462588
13.253000000000002,-0.555188
13.254,-0.765951
13.255,-0.575327
13.256,-0.700527
13.257,-0.408281
13.258,-0.391952
13.259,-0.416398
13.260000000000002,-0.100353
13.261,-0.351936
13.262,-0.72997
13.263000000000002,-0.824463
13.264,-0.411571
13.265,-0.229669
13.266000000000002,-0.437524
13.267,-0.382695
13.268,-0.462117
13.269000000000002,-0.449048
13.27,-0.30984
13.271,-0.269393
13.272,-0.310909
13.273,-0.245211
13.274,-0.733548
13.275,-0.627658
13.276000000000002,-0.589578
13.277,-0.875588
13.278,-0.589618
13.279000000000002,-0.932413
13.28,-0.338587
13.281,-0.472619
13.282000000000002,-0.769193
13.283,-0.605357
13.284,-0.37705
13.285000000000002,-0.505836
13.286,-0.369405
13.287,-0.296473
13.288,-0.414123
13.289,-0.515151
13.29,-0.434308
13.291,-0.379841
13.292000000000002,-0.303804
13.293,-0.049131
13.294,-0.430569
13.295000000000002,-0.219499
13.296,-0.193307
13.297,-0.522322
13.298000000000002,-0.333186
13.299,-0.40769
13.3,-0.645703
13.301000000000002,-0.478946
13.302,-0.388193
13.303,-0.503125
13.304,-0.654272
13.305,-0.397297
13.306,-0.430211
13.307,-0.289316
13.308000000000002,-0.33906
13.309,-0.37134
13.31,-0.4133
13.311000000000002,-0.360094
13.312,-0.21062
13.313,-0.620113
13.314000000000002,-0.876225
13.315,-1.047579
13.316,-0.394138
13.317000000000002,-0.537148
13.318,-0.594808
13.319,-0.353555
13.32,-0.545802
13.321000000000002,-0.57769
13.322,-0.264466
13.323,-0.558573
13.324000000000002,-0.837201
13.325,-0.121061
13.326,-0.36823
13.327000000000002,-0.31739
13.328,-0.400585
13.329,-0.495407
13.330000000000002,-0.79807
13.331,-0.194913
13.332,-0.684151
13.333000000000002,-0.345571
13.334,-0.32845
13.335,-0.445864
13.336,-0.376681
13.337000000000002,-0.369544
13.338,-0.278873
13.339,-0.53251
13.340000000000002,-0.568839
13.341,-0.778345
13.342,-0.86337
13.343000000000002,-0.42712
13.344,-0.361371
13.345,-0.524425
13.346000000000002,-0.895035
13.347,-0.507445
13.348,-0.149937
13.349000000000002,-0.583938
13.35,-0.422753
13.351,-0.679161
13.352,-0.453946
13.353000000000002,-0.687317
13.354,-0.446005
13.355,-0.417236
13.356000000000002,-0.835812
13.357,-0.642924
13.358,-0.876588
13.359000000000002,-0.430886
13.36,-0.299814
13.361,-0.663031
13.362000000000002,-0.561651
13.363,-0.573486
13.364,-0.575596
13.365,-0.969479
13.366,-0.619655
13.367,-0.556374
13.368,-0.543664
13.369000000000002,-0.761096
13.37,-0.908196
13.371,-0.684029
13.372000000000002,-0.480083
13.373,-0.36653
13.374,-0.204623
13.375000000000002,-0.432085
13.376,-0.606472
13.377,-0.471917
13.378000000000002,-0.691011
13.379,-0.705493
13.38,-0.822632
13.381,-0.704668
13.382,-0.530774
13.383,-0.257477
13.384,-0.453229
13.385000000000002,-0.531973
13.386,-0.347025
13.387,-0.593561
13.388000000000002,-0.637163
13.389,-0.305623
13.39,-0.337707
13.391000000000002,-0.215166
13.392,-0.146065
13.393,-0.485641
13.394000000000002,-0.287783
13.395,-0.285315
13.396,-0.243737
13.397,-0.304678
13.398,-0.754823
13.399,-0.375499
13.4,-0.408312
13.401000000000002,-0.711397
13.402,-0.937502
13.403,-0.403398
13.404000000000002,-0.6354
13.405,-0.489377
13.406,-0.444371
13.407000000000002,-0.52994
13.408,-0.511066
13.409,-0.22124
13.410000000000002,-0.435556
13.411,-0.611151
13.412,-0.548417
13.413,-0.400464
13.414,-0.612943
13.415,-0.120214
13.416,-0.613294
13.417000000000002,0.039527
13.418,-0.126083
13.419,-0.701514
13.420000000000002,-0.566477
13.421,-0.698074
13.422,-0.638821
13.423000000000002,-0.29015
13.424,-0.587918
13.425,-0.163543
13.426000000000002,-0.33774
13.427,-0.439308
13.428,-0.432434
13.429,-0.371855
13.43,-0.307878
13.431,0.128923
13.432,-0.517959
13.433000000000002,-0.547204
13.434,-0.444888
13.435,-0.378082
13.436000000000002,-0.470065
13.437,-0.390106
13.438,-0.421993
13.439000000000002,-0.840149
13.44,-0.264225
13.441,-0.749202
13.442000000000002,-0.454539
13.443,-0.329716
13.444,-0.426219
13.445,-0.642965
13.446000000000002,-0.608651
13.447,-0.490314
13.448,-0.482346
13.449000000000002,-0.380303
13.45,-0.482359
13.451,-1.016029
13.452000000000002,-0.559456
13.453,-0.80002
13.454,-0.40118
13.455000000000002,0.01745
13.456,-0.622665
13.457,-0.562577
13.458000000000002,-0.57109
13.459,-0.696018
13.46,-0.11112
13.461,-0.054153
13.462000000000002,-0.366114
13.463,-0.286108
13.464,-0.601362
13.465000000000002,-0.362106
13.466,-0.696487
13.467,-0.027512
13.468000000000002,-0.264424
13.469,-0.585972
13.47,-0.584935
13.471000000000002,-0.872215
13.472,-0.586781
13.473,-0.507141
13.474000000000002,-0.402764
13.475,-0.991785
13.476,-0.62726
13.477,-0.528448
13.478000000000002,-0.42937
13.479,-0.410736
13.48,-0.569298
13.481000000000002,-0.574336
13.482,-0.737365
13.483,-0.504317
13.484000000000002,-0.617967
13.485,-0.325402
13.486,-0.232468
13.487000000000002,-0.868575
13.488,-0.872961
13.489,-0.333201
13.490000000000002,-0.587379
13.491,-0.456513
13.492,-0.488104
13.493,-0.603233
13.494000000000002,-0.427577
13.495,-0.572748
13.496,-0.684272
13.497000000000002,-0.443225
13.498,-0.603367
13.499,-0.489958
13.500000000000002,-0.476093
13.501,-0.647695
13.502,-0.59499
13.503000000000002,-0.677627
13.504,-0.430528
13.505,-0.689859
13.506,-0.870247
13.507,-0.639376
13.508,-0.396233
13.509,-0.276418
13.510000000000002,-0.259652
13.511,-0.460265
13.512,-0.572967
13.513000000000002,-0.201536
13.514,-0.398489
13.515,-0.569768
13.516000000000002,-0.428166
13.517,-0.19751
13.518,-0.526795
13.519000000000002,-0.528934
13.52,-0.544336
13.521,-0.44786
13.522,-0.1654
13.523,-0.269188
13.524,-0.563007
13.525,-0.569907
13.526000000000002,-0.098079
13.527,-0.53567
13.528,-0.428386
13.529000000000002,-0.602683
13.53,-0.391212
13.531,-0.161947
13.532000000000002,-0.878353
13.533,-0.541024
13.534,-0.493218
13.535000000000002,-0.620603
13.536,-0.694583
13.537,-0.665159
13.538,-0.195243
13.539,-0.67088
13.54,-0.526187
13.541,-0.555372
13.542000000000002,-0.41604
13.543,-0.536793
13.544,-0.681465
13.545000000000002,-0.567542
13.546,-0.614611
13.547,-0.301134
13.548000000000002,-0.335016
13.549,-0.288626
13.55,-0.413379
13.551000000000002,-0.513956
13.552,-0.42809
13.553,-0.544174
13.554,-0.307319
13.555,-0.460691
13.556,-0.385286
13.557,-0.311743
13.558000000000002,-0.802144
13.559,-0.482253
13.56,-0.562057
13.561000000000002,-0.434769
13.562,-0.193996
13.563,-0.626353
13.564000000000002,-0.337492
13.565,-0.7133
13.566,-0.721399
13.567000000000002,-0.295183
13.568,-0.444814
13.569,-0.655092
13.57,-0.711577
13.571000000000002,-0.765178
13.572,-0.546815
13.573,-0.459279
13.574000000000002,-0.598241
13.575,-0.287722
13.576,-0.786701
13.577000000000002,-0.237031
13.578,-0.452593
13.579,-0.423754
13.580000000000002,-0.754001
13.581,-0.655255
13.582,-0.460266
13.583000000000002,-0.257794
13.584,-0.379666
13.585,-1.011815
13.586,-0.435967
13.587000000000002,-0.447661
13.588,-0.54268
13.589,-0.597466
13.590000000000002,-0.602471
13.591,-0.501832
13.592,-0.34165
13.593000000000002,-0.44464
13.594,-0.513283
13.595,-0.494418
13.596000000000002,-0.23534
13.597,-0.355844
13.598,-0.773673
13.599000000000002,0.008526
13.6,-0.296616
13.601,-0.710678
13.602,-0.560334
13.603000000000002,-0.377651
13.604,-0.583293
13.605,-0.653697
13.606000000000002,-0.528984
13.607,-0.535869
13.608,-0.456118
13.609000000000002,-0.544705
13.61,-0.392541
13.611,-0.51367
13.612000000000002,-0.461281
13.613,0.04656
13.614,-0.723422
13.615000000000002,-0.655131
13.616,-0.493287
13.617,-0.504043
13.618,-0.838169
13.619000000000002,-0.371175
13.62,-0.729326
13.621,-0.365682
13.622000000000002,-0.543796
13.623,-0.581155
13.624,-0.465966
13.625000000000002,-0.256166
13.626,-0.650711
13.627,-0.514729
13.628000000000002,-0.10408
13.629,-0.244236
13.63,-0.307961
13.631,-0.492445
13.632,-0.304724
13.633,-0.435712
13.634,-0.397697
13.635000000000002,-0.1385
13.636,-0.278047
13.637,-0.024161
13.638000000000002,-0.063284
13.639,-0.432344
13.64,-0.96814
13.641000000000002,-0.376723
13.642,-0.790495
13.643,-0.689536
13.644000000000002,-0.129042
13.645,-0.57074
13.646,-0.34411
13.647,-0.792334
13.648,-0.48823
13.649,-0.469962
13.65,-0.749942
13.651000000000002,-0.278046
13.652,-0.645553
13.653,-0.52906
13.654000000000002,-0.790302
13.655,-0.913015
13.656,-0.522396
13.657000000000002,-0.704814
13.658,-0.702138
13.659,-0.536525
13.660000000000002,-0.396354
13.661,-0.12463
13.662,-0.547865
13.663,-0.398012
13.664,-0.559047
13.665,-0.526713
13.666,-0.343733
13.667000000000002,-0.449451
13.668,-0.671952
13.669,-0.497197
13.670000000000002,-0.597429
13.671,-0.218143
13.672,-0.176556
13.673000000000002,-0.487453
13.674,-0.551229
13.675,-0.567112
13.676000000000002,-0.389831
13.677,-0.60766
13.678,-0.677166
13.679,-0.528901
13.68,-0.436479
13.681,-0.161526
13.682,-0.57214
13.683000000000002,-0.556538
13.684,-0.741667
13.685,-0.443858
13.686000000000002,-0.546974
13.687,-0.862835
13.688,-0.743357
13.689000000000002,-0.67091
13.69,-0.336581
13.691,-0.650399
13.692000000000002,-0.269797
13.693,-0.361375
13.694,-0.710474
13.695,-0.60791
13.696000000000002,-0.540281
13.697,-0.295071
13.698,-0.438793
13.699000000000002,-0.525019
13.7,-0.320791
13.701,-0.67732
13.702000000000002,-0.706807
13.703,-0.526997
13.704,-0.42765
13.705000000000002,-0.594294
13.706,-0.779784
13.707,-0.656142
13.708000000000002,-0.483144
13.709,-0.505593
13.71,-0.643829
13.711,-0.717721
13.712000000000002,-0.683576
13.713,-0.455144
13.714,-0.196043
13.715000000000002,-0.361675
13.716,-0.370355
13.717,-0.795663
13.718000000000002,-0.471844
13.719,-0.449371
13.72,-0.798589
13.721000000000002,-0.549425
13.722,-0.472947
13.723,-0.513416
13.724000000000002,-0.493
13.725,-0.397125
13.726,-0.611917
13.727,-0.606511
13.728000000000002,-0.457041
13.729,-0.164113
13.73,-0.623681
13.731000000000002,-0.620749
13.732,-0.475216
13.733,-0.554246
13.734000000000002,-0.204229
13.735,-0.695245
13.736,-0.500963
13.737000000000002,-0.58761
13.738,-0.332927
13.739,-0.57334
13.740000000000002,-0.624576
13.741,-0.436987
13.742,-0.409216
13.743,-0.182859
13.744000000000002,-0.168093
13.745,-0.349997
13.746,-0.339443
13.747000000000002,-0.461719
13.748,-0.212422
13.749,-0.557546
13.750000000000002,-0.669723
13.751,-0.103159
13.752,-0.57694
13.753000000000002,-0.138385
13.754,-0.522834
13.755,-0.5285
13.756000000000002,-0.429616
13.757,-0.321021
13.758,-0.568217
13.759,-0.655617
13.760000000000002,-0.385426
13.761,-0.417157
13.762,-0.384707
13.763000000000002,-0.055635
13.764,-0.488324
13.765,-0.567931
13.766000000000002,-0.435325
13.767,-0.43048
13.768,-0.656382
13.769000000000002,-0.456744
13.77,-0.70621
13.771,-0.284478
13.772,-0.465147
13.773,-0.298149
13.774,-0.394612
13.775,-0.679842
13.776000000000002,-0.398893
13.777,-0.598481
13.778,-0.457433
13.779000000000002,-0.754845
13.78,-0.541659
13.781,-0.670372
13.782000000000002,-0.620931
13.783,-0.444056
13.784,-0.701545
13.785000000000002,-0.461587
13.786,-0.588584
13.787,-0.618617
13.788,-0.761971
13.789,-0.387608
13.79,-0.215684
13.791,-0.605002
13.792000000000002,-0.477703
13.793,-0.457064
13.794,-0.164033
13.795000000000002,-0.430841
13.796,-0.296449
13.797,-0.377996
13.798000000000002,-0.423404
13.799,-0.785578
13.8,-0.357763
13.801000000000002,-0.534335
13.802,-0.579177
13.803,-0.628789
13.804,-0.78804
13.805,-0.553541
13.806,-0.482996
13.807,-0.942525
13.808000000000002,-0.171135
13.809,-0.292589
13.81,-0.522726
13.811000000000002,-0.679551
13.812,-0.440488
13.813,-0.619039
13.814000000000002,-0.582214
13.815,-0.783652
13.816,-0.317557
13.817000000000002,-0.782662
13.818,-0.434166
13.819,-0.672996
13.82,-0.821225
13.821000000000002,-0.639572
13.822,-0.5913
13.823,-0.54951
13.824000000000002,-0.30641
13.825,-0.680556
13.826,-0.484851
13.827000000000002,-0.567842
13.828,-0.258604
13.829,-0.440419
13.830000000000002,-0.800002
13.831,-0.634102
13.832,-0.421423
13.833000000000002,-0.379017
13.834,-0.54355
13.835,-0.413373
13.836,-0.87506
13.837000000000002,-0.46443
13.838,-0.781199
13.839,-0.63954
13.840000000000002,-0.45961
13.841,-0.525381
13.842,-0.399998
13.843000000000002,-0.519939
13.844,-0.587238
13.845,-0.60689
13.846000000000002,-0.464407
13.847,-0.327108
13.848,-0.646197
13.849000000000002,-0.61916
13.85,-0.331789
13.851,-0.373933
13.852,-0.572
13.853000000000002,-0.710337
13.854,-0.568043
13.855,-0.317837
13.856000000000002,-0.597874
13.857,-0.515853
13.858,-0.664929
13.859000000000002,-0.421249
13.86,-0.398447
13.861,-0.604088
13.862000000000002,-0.661386
13.863,-0.150217
13.864,-0.604387
13.865000000000002,-0.369368
13.866,-0.333576
13.867,-0.254682
13.868,-0.419723
13.869000000000002,-0.394412
13.87,-0.325659
13.871,-0.707009
13.872000000000002,-0.908346
13.873,-0.62695
13.874,-0.492951
13.875000000000002,-0.19687
13.876,-0.379164
13.877,-0.2631
13.878000000000002,-0.52454
13.879,-0.117165
13.88,-0.381127
13.881000000000002,-0.755148
13.882,-0.118883
13.883,-0.19945
13.884,-0.628169
13.885000000000002,-0.7664
13.886,-0.29481
13.887,-0.225963
13.888000000000002,-0.178938
13.889,-0.601629
13.89,-0.581878
13.891000000000002,-0.356553
13.892,-0.798692
13.893,-0.721949
13.894000000000002,-0.351989
13.895,-0.489653
13.896,-0.721368
13.897000000000002,-0.186057
13.898,-0.493137
13.899,-0.531848
13.9,-0.426292
13.901000000000002,-0.766674
13.902,-0.557786
13.903,-0.49253
13.904000000000002,0.02291
13.905,-0.178984
13.906,-0.322073
13.907000000000002,-0.770843
13.908,-0.805728
13.909,-0.669589
13.910000000000002,-0.402149
13.911,-0.621031
13.912,-0.90432
13.913,-0.286088
13.914,-0.624153
13.915,-0.457525
13.916,-0.796392
13.917000000000002,-0.194621
13.918,-0.515007
13.919,-0.622768
13.920000000000002,-0.590605
13.921,-0.223035
13.922,-0.65048
13.923000000000002,-0.31173
13.924,-0.149267
13.925,-0.455534
13.926000000000002,-0.632951
13.927,-0.300791
13.928,-0.544543
13.929,-0.093961
13.93,-0.237498
13.931,-0.513752
13.932,-0.47963
13.933000000000002,-0.554661
13.934,-0.390416
13.935,-0.482877
13.936000000000002,-0.588653
13.937,-0.527145
13.938,-0.900584
13.939000000000002,-0.262353
13.94,-0.373545
13.941,-0.370114
13.942000000000002,-0.549265
13.943,-0.415103
13.944,-0.863996
13.945,-0.558744
13.946000000000002,-0.409521
13.947,-0.213114
13.948,-0.673333
13.949000000000002,-0.538486
13.95,-0.308815
13.951,-0.824647
13.952000000000002,-0.677385
13.953,-0.425705
13.954,-0.334603
13.955000000000002,-0.304322
13.956,-0.519239
13.957,-0.389045
13.958000000000002,-0.605283
13.959,-0.677745
13.96,-0.567533
13.961,-0.971977
13.962000000000002,-0.872548
13.963,-0.463963
13.964,-0.575101
13.965000000000002,-0.703565
13.966,-0.599316
13.967,-0.708575
13.968000000000002,-0.629771
13.969,-0.54305
13.97,-0.552033
13.971000000000002,-0.55022
13.972,-0.49956
13.973,-0.657522
13.974000000000002,-0.640058
13.975,-0.543388
13.976,-0.551082
13.977,-0.70678
13.978000000000002,-0.531658
13.979,-0.283681
13.98,-0.62851
13.981000000000002,-0.153223
13.982,-0.166877
13.983,-0.634432
13.984000000000002,-0.777508
13.985,-0.704612
13.986,-0.518884
13.987000000000002,-0.479391
13.988,-0.394595
13.989,-0.590954
13.990000000000002,0.051757
13.991,-0.637907
13.992,-0.505061
13.993,-0.422983
13.994000000000002,-0.501687
13.995,-0.418918
13.996,-0.402657
13.997000000000002,-0.702131
13.998,-0.692226
13.999,-0.592728
14.000000000000002,-0.717205
14.001,-0.10758
14.002,-0.518548
14.003000000000002,-0.412069
14.004,-0.429766
14.005,-0.556581
14.006000000000002,-0.599365
14.007,-0.868974
14.008,-0.930031
14.009,-0.547228
14.010000000000002,-0.455968
14.011,-0.464233
14.012,-0.544976
14.013000000000002,-0.479294
14.014,-0.514267
14.015,-0.455887
14.016000000000002,-0.68145
14.017,-0.311882
14.018,-0.368696
14.019000000000002,-0.429889
14.02,-0.648932
14.021,-0.124509
14.022000000000002,-0.680654
14.023,-0.265666
14.024,-0.663956
14.025,-0.382944
14.026000000000002,-0.606817
14.027,-0.542002
14.028,-0.719611
14.029000000000002,-0.400477
14.03,-0.359898
14.031,-0.432452
14.032000000000002,-0.46223
14.033,-0.5097
14.034,-0.466884
14.035000000000002,-0.462344
14.036,-0.560144
14.037,-0.835144
14.038000000000002,-0.440236
14.039,-0.621669
14.04,-0.563263
14.041,-0.59167
14.042000000000002,-0.75438
14.043,-0.630084
14.044,-0.561415
14.045000000000002,-0.407102
14.046,-0.691479
14.047,-0.490334
14.048000000000002,-0.519865
14.049,-0.474896
14.05,-0.316661
14.051000000000002,-0.679172
14.052,-0.394945
14.053,-0.464797
14.054,-0.384399
14.055,-0.485556
14.056,-0.568889
14.057,-0.312681
14.058000000000002,-0.80698
14.059,-0.698559
14.06,-0.685156
14.061000000000002,-0.402021
14.062,-0.485954
14.063,-0.385032
14.064000000000002,-0.540248
14.065,-0.816304
14.066,-0.484289
14.067000000000002,-0.626562
14.068,-0.718867
14.069,-0.551176
14.07,-0.826745
14.071000000000002,-0.686537
14.072,-0.496161
14.073,-0.074092
14.074000000000002,-0.812009
14.075,-0.618162
14.076,-0.258607
14.077000000000002,-0.49746
14.078,-0.258401
14.079,-0.672359
14.080000000000002,-0.589505
14.081,-0.903249
14.082,-0.440159
14.083000000000002,-0.301251
14.084,-0.35038
14.085,-0.062692
14.086,-0.379332
14.087000000000002,-0.017928
14.088,-0.72575
14.089,-0.676051
14.090000000000002,-0.509169
14.091,-0.298007
14.092,-0.461159
14.093000000000002,-0.872842
14.094,-0.517425
14.095,-0.965734
14.096000000000002,-0.350673
14.097,-0.541639
14.098,-0.160093
14.099000000000002,-0.779321
14.1,-0.698433
14.101,-0.73559
14.102,-0.656791
14.103000000000002,-0.614863
14.104,-0.914043
14.105,-0.479813
14.106000000000002,-0.249467
14.107,-0.450678
14.108,-0.770428
14.109000000000002,-0.430076
14.11,-0.245217
14.111,-0.579223
14.112000000000002,-0.627115
14.113,-0.356332
14.114,-0.603342
14.115000000000002,-0.32968
14.116,-0.062891
14.117,-0.581944
14.118,-0.536675
14.119000000000002,-0.39221
14.12,-0.401615
14.121,-0.137501
14.122000000000002,-0.548022
14.123,-0.141654
14.124,-0.566076
14.125000000000002,-0.238271
14.126,-0.735382
14.127,-0.567271
14.128000000000002,-0.556567
14.129,-0.724868
14.13,-0.640699
14.131000000000002,-0.385711
14.132,-0.52749
14.133,-0.35198
14.134,-0.258604
14.135000000000002,-0.622222
14.136,-0.795585
14.137,-0.813355
14.138000000000002,-0.457438
14.139,-0.736085
14.14,-0.603457
14.141000000000002,-0.279649
14.142,-0.683045
14.143,-0.393702
14.144000000000002,-0.575551
14.145,-0.304001
14.146,-0.366504
14.147000000000002,-0.320985
14.148,-0.499709
14.149,-0.005116
14.15,-0.488195
14.151000000000002,-0.506678
14.152,-0.301314
14.153,-0.569471
14.154000000000002,-0.781939
14.155,-0.768671
14.156,-0.610287
14.157000000000002,-0.229143
14.158,-0.596493
14.159,-0.586408
14.160000000000002,-0.156324
14.161,-0.316384
14.162,-0.613286
14.163000000000002,-0.479362
14.164,-0.494453
14.165,-0.604724
14.166,-0.436812
14.167000000000002,-0.477926
14.168,-0.637854
14.169,-0.406706
14.170000000000002,-0.333691
14.171,-0.62794
14.172,-0.503485
14.173000000000002,-0.274095
14.174,-0.504246
14.175,-0.374561
14.176000000000002,-0.654376
14.177,-0.689155
14.178,-0.392045
14.179000000000002,-0.502259
14.18,-0.452831
14.181,-0.533569
14.182,-0.464274
14.183000000000002,-0.125443
14.184,-0.478513
14.185,-0.42686
14.186000000000002,-0.6811
14.187,-0.76675
14.188,-0.728876
14.189000000000002,-0.587076
14.19,-0.827746
14.191,-0.60902
14.192000000000002,-0.536064
14.193,-0.439983
14.194,-0.696466
14.195,-0.55321
14.196000000000002,-0.300563
14.197,-0.646269
14.198,-0.650712
14.199000000000002,-0.436046
14.2,-0.356575
14.201,-0.088465
14.202000000000002,-0.308631
14.203,-0.583482
14.204,-0.74042
14.205000000000002,-0.800582
14.206,-0.224725
14.207,-0.686449
14.208000000000002,-0.204557
14.209,-0.537106
14.21,-0.45674
14.211,-0.273959
14.212000000000002,-0.54404
14.213,-0.252799
14.214,-0.266091
14.215000000000002,-0.529727
14.216,-0.605986
14.217,-0.741074
14.218000000000002,-0.846319
14.219,-0.452465
14.22,-0.267119
14.221000000000002,-0.504755
14.222,-0.537649
14.223,-0.314455
14.224000000000002,-0.717902
14.225,-0.575589
14.226,-0.528312
14.227,-0.824869
14.228000000000002,-0.873169
14.229,-0.574006
14.23,-0.483835
14.231000000000002,-0.435369
14.232,-0.532939
14.233,-0.410731
14.234000000000002,-0.287739
14.235,-0.485895
14.236,-0.677747
14.237000000000002,-0.672743
14.238,-0.216972
14.239,-0.379742
14.240000000000002,0.011389
14.241,-0.543446
14.242,-0.40712
14.243,-0.612514
14.244000000000002,-0.464045
14.245,-0.503425
14.246,-0.375607
14.247000000000002,-0.360322
14.248,-0.462077
14.249,-0.477001
14.250000000000002,-0.587218
14.251,-0.618306
14.252,-0.737837
14.253000000000002,-0.489646
14.254,-0.391996
14.255,-0.631056
14.256000000000002,-0.157641
14.257,-0.05901
14.258,-0.281295
14.259,-0.345167
14.260000000000002,-0.4826
14.261,-0.652708
14.262,-0.531696
14.263000000000002,-0.216689
14.264,-0.525347
14.265,-0.382846
14.266000000000002,-0.280487
14.267,-0.348456
14.268,-0.44068
14.269000000000002,-0.554521
14.27,-0.766898
14.271,-0.28934
14.272000000000002,-0.5274
14.273,-0.703433
14.274,-0.875149
14.275,-0.746243
14.276000000000002,-0.298996
14.277,-0.352517
14.278,-0.848834
14.279000000000002,-0.26741
14.28,-0.395056
14.281,-0.797146
14.282000000000002,-0.389318
14.283,-0.280502
14.284,-0.580128
14.285000000000002,-0.507092
14.286,-0.201412
14.287,-0.56516
14.288000000000002,-0.859298
14.289,-0.233607
14.29,-0.30388
14.291,-0.461404
14.292000000000002,-0.412648
14.293,-0.592193
14.294,-0.564483
14.295000000000002,-0.554829
14.296,-0.526599
14.297,-0.40933
14.298000000000002,-0.449195
14.299,-0.262917
14.3,-0.527751
14.301000000000002,-0.575258
14.302,-0.570059
14.303,-0.332776
14.304000000000002,-0.540622
14.305,-0.684503
14.306,-0.760108
14.307,-0.286889
14.308000000000002,-0.73724
14.309,-0.47721
14.31,-0.321654
14.311000000000002,-0.583256
14.312,-0.451629
14.313,-0.443736
14.314000000000002,-0.4751
14.315,-0.356531
14.316,-0.769775
14.317000000000002,-0.456314
14.318,-0.506818
14.319,-0.741455
14.32,-0.471104
14.321000000000002,-0.553717
14.322,-0.476606
14.323,-0.565437
14.324000000000002,-0.74466
14.325,-0.1761
14.326,-0.279653
14.327000000000002,-0.471829
14.328,-0.555523
14.329,-0.417851
14.330000000000002,-0.384016
14.331,-0.776885
14.332,-0.270003
14.333000000000002,-0.243636
14.334,-0.123735
14.335,-0.487395
14.336,-0.187163
14.337000000000002,-0.331063
14.338,-0.47947
14.339,-0.597988
14.340000000000002,-0.32778
14.341,-0.565998
14.342,-0.423217
14.343000000000002,-0.377566
14.344,-0.141616
14.345,-0.406896
14.346000000000002,-0.237473
14.347,-0.70926
14.348,-0.115838
14.349000000000002,-0.657569
14.35,-0.411944
14.351,-0.533332
14.352,-0.626404
14.353000000000002,-0.506277
14.354,-0.355286
14.355,-0.429031
14.356000000000002,-0.695413
14.357,-0.648907
14.358,-0.000788
14.359000000000002,-0.649729
14.36,-0.11633
14.361,-0.335144
14.362000000000002,-0.318813
14.363,-0.25492
14.364,-0.869626
14.365000000000002,-0.649786
14.366,-0.548216
14.367,-0.353704
14.368,-0.270936
14.369000000000002,-0.418479
14.37,-0.755212
14.371,-0.240685
14.372000000000002,-0.459511
14.373,-0.379652
14.374,-0.784921
14.375000000000002,-0.633943
14.376,-0.190372
14.377,-0.489621
14.378000000000002,-0.299257
14.379,-0.576929
14.38,-0.227367
14.381000000000002,-0.257566
14.382,-0.803406
14.383,-0.79042
14.384,-0.462891
14.385000000000002,-0.484781
14.386,-0.627676
14.387,-0.339801
14.388000000000002,-0.466865
14.389,-0.42324
14.39,-0.450576
14.391000000000002,-0.262808
14.392,-0.491517
14.393,-0.339684
14.394000000000002,-0.53578
14.395,-0.574552
14.396,-0.152619
14.397000000000002,-0.491041
14.398,-0.194103
14.399,-0.44579
14.4,-0.372241
14.401000000000002,-0.500779
14.402,-0.264519
14.403,-0.194423
14.404000000000002,-0.295422
14.405,-0.803951
14.406,-0.543564
14.407000000000002,-0.598661
14.408,-0.529246
14.409,-0.523766
14.410000000000002,-0.160168
14.411,-0.545809
14.412,-0.277199
14.413000000000002,-0.20957
14.414,-0.49121
14.415,-0.141654
14.416,-0.253182
14.417000000000002,-0.412628
14.418,-0.33246
14.419,-0.587557
14.420000000000002,-0.750907
14.421,-0.447927
14.422,-0.49845
14.423000000000002,-0.478925
14.424,-0.248502
14.425,-0.678821
14.426000000000002,-0.465939
14.427,-0.666228
14.428,-0.739664
14.429000000000002,-0.766147
14.43,-0.278062
14.431,-0.316155
14.432,-0.525766
14.433000000000002,-0.092604
14.434,-0.164505
14.435,-0.565793
14.436000000000002,-0.341688
14.437,-0.717606
14.438,-0.628046
14.439000000000002,-0.513856
14.44,-0.598574
14.441,-0.7813
14.442000000000002,-0.530547
14.443,-0.214648
14.444,-0.786722
14.445000000000002,-0.617916
14.446000000000002,-0.636329
14.447,-0.585685
14.448,-0.642184
14.449000000000002,-0.673058
14.45,-0.427337
14.451,-0.466833
14.452000000000002,-0.641326
14.453,-0.426029
14.454,-0.323094
14.455000000000002,-0.704113
14.456,-0.845956
14.457,-0.405596
14.458000000000002,-0.621043
14.459,-0.398893
14.46,-0.322045
14.461,-0.382544
14.462000000000002,0.033253
14.463,-0.684214
14.464,-0.205586
14.465000000000002,-0.464126
14.466,-0.458546
14.467,-0.477743
14.468000000000002,-0.449371
14.469,-0.228833
14.47,-0.535384
14.471000000000002,-0.236677
14.472,-0.484705
14.473,-0.729498
14.474000000000002,-0.341935
14.475,-0.315514
14.476,-0.612387
14.477,-0.467364
14.478000000000002,-0.495802
14.479,-0.365556
14.48,-0.446734
14.481000000000002,-0.094305
14.482,-0.256797
14.483,-0.481005
14.484000000000002,-0.412983
14.485,-0.724814
14.486,-0.647965
14.487000000000002,-0.346257
14.488,-0.420906
14.489,-0.433838
14.490000000000002,-0.505931
14.491,-0.164294
14.492,-0.505565
14.493,-0.492114
14.494000000000002,-0.531842
14.495,-0.206541
14.496,-0.377776
14.497000000000002,-0.349457
14.498,-0.329143
14.499,-0.46489
14.500000000000002,-0.866171
14.501,-0.377092
14.502,0.060915
14.503000000000002,-0.442349
14.504,-0.249883
14.505,-0.18561
14.506000000000002,-0.573939
14.507,-0.220601
14.508,-0.463563
14.509,-0.544813
14.510000000000002,-0.65795
14.511,-0.5618
14.512,-0.503571
14.513000000000002,-0.238144
14.514,0.014243
14.515,-0.259589
14.516000000000002,-0.314507
14.517,-0.384707
14.518,-0.588674
14.519000000000002,-0.27968
14.52,-0.177381
14.521,-0.136059
14.522000000000002,-0.385388
14.523,-0.937752
14.524,-0.424756
14.525,-0.528403
14.526000000000002,-0.538099
14.527,-0.569416
14.528,-0.472715
14.529000000000002,-0.247678
14.53,-0.347668
14.531,-0.617167
14.532000000000002,-0.781593
14.533,-0.668024
14.534,-0.567398
14.535000000000002,-0.501075
14.536,-0.312771
14.537,-0.674185
14.538000000000002,-0.429505
14.539,-0.426391
14.54,-0.425334
14.541,-0.109708
14.542000000000002,-0.419721
14.543,-0.472285
14.544,-0.201647
14.545000000000002,-0.678135
14.546,-0.560891
14.547,-0.700263
14.548000000000002,-0.315091
14.549,-0.256248
14.55,-0.371844
14.551000000000002,-0.323057
14.552,-0.391098
14.553,-0.104931
14.554000000000002,-0.298945
14.555,-0.278113
14.556,-0.381609
14.557,-0.61962
14.558000000000002,-0.347885
14.559,-0.333109
14.56,-0.534344
14.561000000000002,-0.479986
14.562,-0.793869
14.563,-0.342887
14.564000000000002,-0.539058
14.565,-0.409944
14.566,-0.26985
14.567000000000002,-0.500731
14.568,-0.576884
14.569,-0.554664
14.570000000000002,-0.686573
14.571000000000002,-0.78392
14.572,-0.709804
14.573,-0.28609
14.574000000000002,-0.230936
14.575,-0.096424
14.576,-0.412354
14.577000000000002,-0.372932
14.578,-0.17311
14.579,-0.203732
14.580000000000002,-0.608002
14.581,-0.26922
14.582,-0.491675
14.583000000000002,-0.872388
14.584,-0.322369
14.585,-0.756721
14.586000000000002,-0.543467
14.587000000000002,-0.604743
14.588,-0.687635
14.589,-0.434445
14.590000000000002,-0.267561
14.591,-0.384321
14.592,-0.478351
14.593000000000002,-0.328621
14.594,-0.160358
14.595,-0.356844
14.596000000000002,-0.324691
14.597,-0.484851
14.598,-0.299123
14.599000000000002,-0.440134
14.6,-0.534464
14.601,-0.476623
14.602,-0.423994
14.603000000000002,-0.291761
14.604,-0.619827
14.605,-0.529338
14.606000000000002,-0.326064
14.607,-0.235419
14.608,-0.780263
14.609000000000002,-0.382635
14.61,-0.696042
14.611,-0.287801
14.612000000000002,-0.439645
14.613,-0.590298
14.614,-0.400464
14.615000000000002,-0.679934
14.616,-0.374689
14.617,-0.497111
14.618,-0.728537
14.619000000000002,-0.557429
14.62,-0.444535
14.621,-0.212433
14.622000000000002,-0.291002
14.623,-0.402912
14.624,-0.59453
14.625000000000002,-0.271685
14.626,-0.161545
14.627,-0.464949
14.628000000000002,-0.243923
14.629,-0.34915
14.63,-0.355217
14.631000000000002,-0.443444
14.632,-0.26507
14.633,-0.15535
14.634,-0.002504
14.635000000000002,-0.22661
14.636,-0.470876
14.637,-0.387668
14.638000000000002,-0.526527
14.639,-0.477354
14.64,-0.220502
14.641000000000002,-0.219283
14.642,-0.533689
14.643,-0.428915
14.644000000000002,-0.571499
14.645,-0.470714
14.646,-0.364364
14.647000000000002,-0.474732
14.648,-0.422564
14.649,-0.530991
14.65,-0.391733
14.651000000000002,-0.548256
14.652,-0.622448
14.653,-0.57468
14.654000000000002,-0.345139
14.655,-0.240584
14.656,-0.447354
14.657000000000002,-0.467218
14.658,-0.465614
14.659,-0.363995
14.660000000000002,-0.17709
14.661,-0.056169
14.662,-0.28046
14.663000000000002,-0.167431
14.664,-0.416611
14.665,-0.531696
14.666,-0.556225
14.667000000000002,-0.523424
14.668,-0.286054
14.669,-0.448456
14.670000000000002,-0.084
14.671,-0.142057
14.672,-0.464815
14.673000000000002,-0.848856
14.674,-0.525774
14.675,-0.424497
14.676000000000002,-0.487549
14.677,-0.494331
14.678,-0.407177
14.679000000000002,-0.481749
14.68,-0.49779
14.681,-0.696795
14.682,-0.640545
14.683000000000002,0.0161
14.684,-0.614603
14.685,-0.533257
14.686000000000002,-0.936399
14.687,-0.574894
14.688,-0.571791
14.689000000000002,-0.491672
14.69,-0.567306
14.691,-0.330976
14.692000000000002,-0.392774
14.693,-0.131385
14.694,-0.050942
14.695000000000002,-0.422409
14.696000000000002,-0.274033
14.697,-0.253991
14.698,-0.311765
14.699000000000002,-0.190195
14.7,-0.514549
14.701,-0.537103
14.702000000000002,-0.764204
14.703,-0.702138
14.704,-0.303911
14.705000000000002,-0.518576
14.706,-0.548939
14.707,-0.572165
14.708000000000002,-0.498088
14.709,-0.509445
14.71,-0.350127
14.711000000000002,-0.116436
14.712000000000002,-0.582937
14.713,-0.748642
14.714,-0.32476
14.715000000000002,-0.661472
14.716,-0.673677
14.717,-0.698
14.718000000000002,-0.406199
14.719,-0.595976
14.72,-0.760492
14.721000000000002,-0.158132
14.722,-0.087335
14.723,-0.229463
14.724000000000002,-0.227693
14.725,-0.62284
14.726,-0.44768
14.727000000000002,-0.452875
14.728000000000002,-0.681381
14.729,0.142541
14.73,-0.168288
14.731000000000002,-0.507289
14.732,-0.445815
14.733,-0.249712
14.734000000000002,-0.437815
14.735,-0.204021
14.736,-0.316195
14.737000000000002,-0.369423
14.738,-0.568875
14.739,-0.225487
14.740000000000002,-0.409518
14.741,-0.424578
14.742,-0.663211
14.743,-0.431968
14.744000000000002,-0.422537
14.745,-0.423647
14.746,-0.609496
14.747000000000002,-0.218413
14.748,-0.369281
14.749,-0.479251
14.750000000000002,-0.317021
14.751,-0.562832
14.752,-0.596113
14.753000000000002,-0.186234
14.754,-0.175905
14.755,-0.527081
14.756000000000002,-0.4347
14.757,-0.316216
14.758,-0.618113
14.759,-0.371435
14.760000000000002,-0.380199
14.761,-0.16782
14.762,-0.703433
14.763000000000002,-0.137283
14.764,-0.333592
14.765,-0.794939
14.766000000000002,-0.407285
14.767,-0.558253
14.768,-0.592869
14.769000000000002,-0.528059
14.77,-0.412255
14.771,-0.208611
14.772000000000002,-0.452779
14.773,-0.648527
14.774,-0.46029
14.775,-0.462837
14.776000000000002,-0.472313
14.777,-0.226966
14.778,-0.362652
14.779000000000002,-0.375753
14.78,-0.590638
14.781,-0.479457
14.782000000000002,-0.326267
14.783,-0.612085
14.784,-0.34968
14.785000000000002,-0.409898
14.786,-0.273356
14.787,-0.260244
14.788000000000002,-0.463124
14.789,-0.671834
14.79,-0.053316
14.791,-0.456009
14.792000000000002,-0.590702
14.793,-0.821692
14.794,-0.481048
14.795000000000002,-0.440808
14.796,-0.467996
14.797,-0.323778
14.798000000000002,-0.344466
14.799,-0.578685
14.8,-0.48587
14.801000000000002,-0.429811
14.802,-0.350595
14.803,-0.43755
14.804000000000002,-0.679548
14.805,-0.27491
14.806,-0.390682
14.807,-0.679259
14.808000000000002,-0.609396
14.809,-0.170129
14.81,-0.397056
14.811000000000002,-0.575126
14.812,-0.543114
14.813,-0.348336
14.814000000000002,-0.581585
14.815,-0.412746
14.816,-0.653325
14.817000000000002,-0.249193
14.818,-0.681707
14.819,-0.632037
14.820000000000002,-0.852265
14.821000000000002,-0.697721
14.822,-0.654245
14.823,-0.515563
14.824000000000002,-0.332272
14.825,-0.849406
14.826,-0.413003
14.827000000000002,-0.737936
14.828,-0.282068
14.829,-0.257593
14.830000000000002,-0.330611
14.831,-0.339883
14.832,-0.630472
14.833000000000002,-0.287708
14.834,0.025276
14.835,-0.227627
14.836000000000002,-0.462578
14.837000000000002,-0.195559
14.838,-0.737183
14.839,-0.237559
14.840000000000002,-0.20066
14.841,-0.496394
14.842,0.313174
14.843000000000002,-0.114315
14.844,-0.367003
14.845,-0.393716
14.846000000000002,-0.382559
14.847,-0.562459
14.848,-0.443639
14.849000000000002,-0.278791
14.85,-0.730213
14.851,-0.634227
14.852000000000002,-0.306985
14.853000000000002,-0.414701
14.854,-0.230692
14.855,-0.409025
14.856000000000002,-0.56305
14.857,-0.668641
14.858,-0.64629
14.859000000000002,-0.541849
14.86,-0.634183
14.861,-0.575251
14.862000000000002,-0.616438
14.863,-0.717035
14.864,-0.73465
14.865000000000002,-0.581495
14.866,-0.637265
14.867,-0.669354
14.868000000000002,-0.428826
14.869000000000002,-0.603429
14.87,-0.802004
14.871,-0.683115
14.872000000000002,-0.455411
14.873,-0.861751
14.874,-0.514308
14.875000000000002,-0.414118
14.876,0.003725
14.877,-0.603514
14.878000000000002,-0.298136
14.879,-0.299106
14.88,-0.427642
14.881000000000002,-0.593877
14.882,-0.754911
14.883,-0.258607
14.884,-0.306989
14.885000000000002,-0.510523
14.886,-0.538951
14.887,-0.132266
14.888000000000002,-0.217977
14.889,-0.345709
14.89,-0.561911
14.891000000000002,-0.201062
14.892,-0.162643
14.893,-0.613056
14.894000000000002,-0.453304
14.895,-0.498006
14.896,-0.476507
14.897000000000002,-0.38341
14.898,-0.683295
14.899,-0.303813
14.9,-0.343907
14.901000000000002,-0.584424
14.902,-0.857603
14.903,-0.51178
14.904000000000002,-0.258079
14.905,-0.384577
14.906,-0.433527
14.907000000000002,-0.199538
14.908,-0.52749
14.909,-0.431113
14.910000000000002,-0.494526
14.911,-0.494535
14.912,-0.571712
14.913000000000002,-0.762209
14.914,-0.527981
14.915,-0.854701
14.916,-0.589925
14.917000000000002,-0.501843
14.918,-0.358956
14.919,-0.221007
14.920000000000002,-0.355129
14.921,-0.54531
14.922,-0.382536
14.923000000000002,-0.554592
14.924,-0.368359
14.925,-0.32691
14.926000000000002,-0.630106
14.927,-0.229707
14.928,-0.544306
14.929000000000002,-0.581311
14.93,-0.340773
14.931,-0.10005
14.932,-0.445516
14.933000000000002,-0.605717
14.934,-0.294899
14.935,-0.716604
14.936000000000002,-0.65427
14.937,-0.162606
14.938,-0.126242
14.939000000000002,-0.340329
14.94,-0.495673
14.941,-0.395959
14.942000000000002,-0.792188
14.943,-0.493536
14.944,-0.579453
14.945000000000002,-0.559248
14.946000000000002,-0.882525
14.947,-0.765259
14.948,-0.123853
14.949000000000002,-0.59072
14.95,-0.745428
14.951,-0.419743
14.952000000000002,-0.50768
14.953,-0.293274
14.954,-0.644362
14.955000000000002,-0.630775
14.956,-0.765497
14.957,-0.854554
14.958000000000002,-0.516328
14.959,-0.321333
14.96,-0.497316
14.961000000000002,-0.435976
14.962000000000002,-0.427446
14.963,-0.52513
14.964,-0.241791
14.965000000000002,-0.92246
14.966,-0.461451
14.967,-0.430972
14.968000000000002,-0.388013
14.969,-0.632685
14.97,-0.869935
14.971000000000002,-0.475263
14.972,-0.507673
14.973,-0.78589
14.974000000000002,-0.600865
14.975,-0.457866
14.976,-0.875232
14.977000000000002,-0.286137
14.978000000000002,-0.233068
14.979,-0.609253
14.98,-0.42859
14.981000000000002,-0.758979
14.982,-0.420458
14.983,-0.55544
14.984000000000002,-0.578953
14.985,-0.363642
14.986,-0.253991
14.987000000000002,-0.629729
14.988,-0.49956
14.989,-0.564898
14.990000000000002,-0.663035
14.991,-0.376639
14.992,-0.407567
14.993000000000002,0.140758
14.994000000000002,-0.044483
14.995,-0.276367
14.996,-0.345951
14.997000000000002,-0.419432
14.998,-0.583339
14.999,-0.479361
15.000000000000002,-0.459625
15.001,-0.126412
15.002,-0.112841
15.003000000000002,0.044086
15.004,-0.294169
15.005,-0.764516
15.006000000000002,-0.011102
15.007,-0.779504
15.008,-0.729678
15.009,-0.359433
15.010000000000002,-0.335651
15.011,-0.570515
15.012,-0.771585
15.013000000000002,-0.52395
15.014,-0.561424
15.015,-0.367838
15.016000000000002,-0.406536
15.017,-0.042046
15.018,-0.15807
15.019000000000002,-0.820936
15.02,-0.680157
15.021,-0.358321
15.022000000000002,-0.827951
15.023,-0.160991
15.024,-0.660827
15.025,-0.341508
15.026000000000002,-0.175408
15.027,-0.600316
15.028,-0.372524
15.029000000000002,-0.338575
15.03,-0.437104
15.031,-0.402511
15.032000000000002,-0.445313
15.033,-0.766244
15.034,-0.446675
15.035000000000002,-0.476951
15.036,-0.348059
15.037,-0.403727
15.038000000000002,-0.310871
15.039,-0.520236
15.04,-0.489261
15.041,-0.455547
15.042000000000002,-0.275596
15.043,-0.390596
15.044,-0.413305
15.045000000000002,-0.397488
15.046,-0.124864
15.047,-0.292586
15.048000000000002,-0.149595
15.049,-0.534635
15.05,-0.17886
15.051000000000002,-0.787381
15.052,-0.857416
15.053,-0.455262
15.054000000000002,-0.429325
15.055,-0.270794
15.056,-0.366092
15.057,-0.518548
15.058000000000002,-0.642014
15.059,-0.796572
15.06,-0.711787
15.061000000000002,-0.419227
15.062,-0.169838
15.063,-0.392534
15.064000000000002,-0.732637
15.065,-0.80692
15.066,-0.40602
15.067000000000002,-0.086633
15.068,-0.580639
15.069,-0.310123
15.070000000000002,-0.581167
15.071000000000002,-0.100353
15.072,-0.384777
15.073,-0.304635
15.074000000000002,-0.230392
15.075,-0.326143
15.076,-0.567939
15.077000000000002,-0.131017
15.078,-0.245392
15.079,-0.160582
15.080000000000002,-0.660217
15.081,0.122251
15.082,-0.539302
15.083000000000002,-0.389837
15.084,-0.407266
15.085,-0.396352
15.086000000000002,-0.420218
15.087000000000002,-0.637201
15.088,-0.549464
15.089,-0.664881
15.090000000000002,-0.605331
15.091,-0.372108
15.092,-0.315589
15.093000000000002,-0.580993
15.094,-0.311891
15.095,-0.431971
15.096000000000002,-0.01228
15.097,-0.608269
15.098,-0.435897
15.099000000000002,-0.39875
15.1,-0.218357
15.101,-0.368726
15.102000000000002,-0.286888
15.103000000000002,-0.48921
15.104,-0.242521
15.105,-0.804151
15.106000000000002,-0.071306
15.107,-0.650062
15.108,-0.704553
15.109000000000002,-0.613417
15.11,-0.266527
15.111,-0.330312
15.112000000000002,-0.647844
15.113,-0.740514
15.114,-0.90766
15.115000000000002,-0.286896
15.116,-0.204072
15.117,-0.572669
15.118000000000002,-0.183146
15.119000000000002,-0.469539
15.12,-0.482258
15.121,-0.857452
15.122000000000002,-0.47774
15.123,-0.328484
15.124,-0.452194
15.125000000000002,-0.663146
15.126,-0.269872
15.127,-0.332362
15.128000000000002,-0.460425
15.129,-0.769769
15.13,-0.169821
15.131000000000002,-0.295758
15.132,-0.643966
15.133,-0.333117
15.134000000000002,-0.307036
15.135000000000002,-0.565836
15.136,-0.480137
15.137,-0.443622
15.138000000000002,-0.327242
15.139,-0.570677
15.14,-0.514764
15.141000000000002,-0.083036
15.142,-0.56208
15.143,-0.241667
15.144000000000002,-0.528973
15.145,-0.924092
15.146,-0.465744
15.147000000000002,-0.580213
15.148,-0.586798
15.149,-0.405326
15.15,-0.401543
15.151000000000002,-0.757256
15.152,-0.395923
15.153,-0.472861
15.154000000000002,-0.802694
15.155,-0.797263
15.156,-0.24413
15.157000000000002,-0.60173
15.158,-0.254083
15.159,-0.29754
15.160000000000002,-0.514443
15.161,-0.554078
15.162,-0.487455
15.163000000000002,-0.47838
15.164,-0.372767
15.165,-0.396058
15.166,-0.455028
15.167000000000002,0.059088
15.168,-0.506472
15.169,-0.238773
15.170000000000002,-0.821519
15.171,-0.32537
15.172,-0.67396
15.173000000000002,-0.461822
15.174,-0.571874
15.175,-0.539863
15.176000000000002,-0.637051
15.177,-0.103002
15.178,-0.142921
15.179000000000002,-0.271654
15.18,-0.334224
15.181,-0.084562
15.182,-0.202437
15.183000000000002,-0.640723
15.184,-0.671977
15.185,-0.71207
15.186000000000002,-0.292465
15.187,-0.876863
15.188,-0.463839
15.189000000000002,-0.543683
15.19,-0.535136
15.191,-0.534543
15.192000000000002,-0.527338
15.193,-0.206882
15.194,-0.867996
15.195000000000002,-0.605182
15.196000000000002,-0.382439
15.197,-0.353991
15.198,-0.43456
15.199000000000002,-0.408516
15.2,-0.484289
15.201,-0.64535
15.202000000000002,-0.293373
15.203,-0.274151
15.204,-0.588823
15.205000000000002,-0.328463
15.206,-0.369425
15.207,-0.307156
15.208000000000002,-0.606964
15.209,-0.584622
15.21,-0.314896
15.211000000000002,-0.688608
15.212000000000002,-0.555873
15.213,-0.449295
15.214,-0.62677
15.215000000000002,-0.602903
15.216,-0.47736
15.217,-0.83475
15.218000000000002,-0.548667
15.219,-0.130997
15.22,-0.35347
15.221000000000002,-0.817284
15.222,-0.748312
15.223,0.103658
15.224000000000002,-0.455055
15.225,-0.663151
15.226,-0.415232
15.227000000000002,-0.293293
15.228000000000002,-0.19029
15.229,-0.51949
15.23,-0.577921
15.231000000000002,-0.439648
15.232,-0.511945
15.233,-0.583557
15.234000000000002,-0.573084
15.235,0.019787
15.236,-0.574464
15.237000000000002,-0.313516
15.238,-0.236869
15.239,-0.131836
15.240000000000002,-0.231669
15.241,-0.733381
15.242,-0.593924
15.243000000000002,-0.436199
15.244000000000002,-0.338102
15.245,-0.095728
15.246,-0.346813
15.247000000000002,-0.377738
15.248,-0.317943
15.249,-0.432446
15.250000000000002,-0.482146
15.251,-0.461248
15.252,-1.143277
15.253000000000002,-0.347929
15.254,-0.54716
15.255,-0.502381
15.256000000000002,-0.258821
15.257,-0.549704
15.258,-0.516136
15.259000000000002,-0.780806
15.260000000000002,-0.370301
15.261,-0.250094
15.262,-0.689206
15.263000000000002,-0.318101
15.264,-0.391651
15.265,-0.160424
15.266000000000002,-0.711647
15.267,-0.672841
15.268,-0.551404
15.269000000000002,-0.234281
15.27,-0.402452
15.271,-0.189509
15.272000000000002,-0.564021
15.273,-0.421901
15.274,-0.509339
15.275000000000002,-0.562014
15.276000000000002,-0.464364
15.277,-0.72514
15.278,-0.29117
15.279000000000002,-0.470907
15.28,-0.477535
15.281,-0.552386
15.282000000000002,-0.39364
15.283,-0.379355
15.284,-0.518306
15.285000000000002,-0.549383
15.286,-0.610982
15.287,-0.373581
15.288000000000002,-0.562589
15.289,-0.523449
15.29,-0.287679
15.291,-0.367185
15.292000000000002,-0.788621
15.293,-0.542619
15.294,-0.668223
15.295000000000002,-0.214158
15.296,-0.808589
15.297,-0.590482
15.298000000000002,-0.359386
15.299,-0.306118
15.3,-0.827209
15.301000000000002,-0.342001
15.302,0.024631
15.303,-0.412003
15.304000000000002,-0.367674
15.305,-0.75779
15.306,-0.461013
15.307,-0.210465
15.308000000000002,-0.543217
15.309,-0.3462
15.31,-0.687073
15.311000000000002,-0.47761
15.312,-0.950532
15.313,-0.520546
15.314000000000002,-0.806879
15.315,-0.261223
15.316,-0.954171
15.317000000000002,-0.503327
15.318,-0.45023
15.319,-0.740668
15.320000000000002,-0.30481
15.321000000000002,-0.39918
15.322,-0.366504
15.323,-0.527862
15.324000000000002,-0.219041
15.325,-0.195222
15.326,-0.366037
15.327000000000002,-0.600829
15.328,-0.268995
15.329,-0.580282
15.330000000000002,-0.114598
15.331,-0.226058
15.332,-0.225678
15.333000000000002,-0.310366
15.334,-0.705288
15.335,-0.478454
15.336000000000002,-0.34687
15.337000000000002,-0.652131
15.338,-0.290208
15.339,-0.440727
15.340000000000002,-0.362366
15.341,-0.059214
15.342,-0.449896
15.343000000000002,-0.562264
15.344,-0.424877
15.345,-0.514763
15.346000000000002,-0.164348
15.347,-0.565255
15.348,-0.813868
15.349000000000002,-0.747625
15.35,-0.433874
15.351,-0.374975
15.352000000000002,-0.502985
15.353000000000002,-0.437973
15.354,-0.69297
15.355,-0.856151
15.356000000000002,-0.546804
15.357,-0.279668
15.358,-0.464665
15.359000000000002,-0.53837
15.36,-0.639794
15.361,-0.529719
15.362000000000002,-0.631102
15.363,-0.345548
15.364,-0.422691
15.365000000000002,-0.659763
15.366,-0.422586
15.367,-0.548262
15.368000000000002,-0.445596
15.369000000000002,-0.678735
15.37,-0.525825
15.371,-0.725418
15.372000000000002,-0.585327
15.373,-0.830726
15.374,-0.393801
15.375000000000002,-0.76033
15.376,-0.169593
15.377,-0.399379
15.378000000000002,-0.451979
15.379,-0.20418
15.38,-0.228903
15.381000000000002,-0.609002
15.382,-0.05472
15.383,-0.246401
15.384000000000002,-0.573037
15.385000000000002,-0.547257
15.386,-0.089918
15.387,-0.648364
15.388000000000002,-0.673687
15.389,-0.813596
15.39,-0.460071
15.391000000000002,-0.402252
15.392,-0.282073
15.393,-0.578457
15.394000000000002,-0.345713
15.395,-0.211319
15.396,-0.838632
15.397000000000002,-0.419308
15.398,-0.977299
15.399,-0.833722
15.400000000000002,-0.36814
15.401000000000002,-0.53664
15.402,-0.476181
15.403,-0.401914
15.404000000000002,-0.327095
15.405,-0.399529
15.406,-0.400533
15.407000000000002,-0.620062
15.408,-0.558282
15.409,-0.378054
15.410000000000002,-0.344361
15.411,-0.431425
15.412,-0.497331
15.413000000000002,-0.354024
15.414,-0.468025
15.415,-0.48705
15.416000000000002,-0.33042
15.417000000000002,-0.722763
15.418,-0.533339
15.419,-0.701711
15.420000000000002,-0.497068
15.421,-0.567842
15.422,-0.489032
15.423000000000002,-0.355075
15.424,-0.252673
15.425,-0.743389
15.426000000000002,-0.036065
15.427,-0.109363
15.428,-0.249384
15.429000000000002,-0.240328
15.43,-0.538409
15.431,-0.351864
15.432,-0.739776
15.433000000000002,-0.896783
15.434,-0.590138
15.435,-0.139337
15.436000000000002,-0.332174
15.437,-0.544796
15.438,-0.422178
15.439000000000002,-0.63731
15.44,-0.186816
15.441,-0.393635
15.442000000000002,-0.418263
15.443,-0.84594
15.444,-0.41814
15.445000000000002,-0.545292
15.446000000000002,-0.260484
15.447,-0.091839
15.448,-0.648923
15.449000000000002,-0.025572
15.45,-0.443052
15.451,-0.680353
15.452000000000002,-0.12116
15.453,-0.380695
15.454,-0.519901
15.455000000000002,-0.635604
15.456,-0.522658
15.457,-0.108582
15.458000000000002,-0.437268
15.459,-0.602308
15.46,-0.836324
15.461000000000002,-0.394296
15.462000000000002,-0.845975
15.463,-0.67579
15.464,-0.64449
15.465000000000002,-0.54262
15.466,-0.040804
15.467,-0.575888
15.468000000000002,-0.787644
15.469,-0.668707
15.47,-0.705988
15.471000000000002,-0.249767
15.472,-0.571791
15.473,-0.44797
15.474000000000002,-0.51618
15.475,-0.382343
15.476,-0.485245
15.477000000000002,-0.648713
15.478000000000002,-0.585199
15.479,-0.213906
15.48,-0.435046
15.481000000000002,-0.110503
15.482,-0.445569
15.483,-0.226189
15.484000000000002,-0.411692
15.485,-0.537814
15.486,-0.338243
15.487000000000002,-0.147615
15.488,-0.27652
15.489,-0.291674
15.490000000000002,-0.280488
15.491,-0.404732
15.492,-0.501645
15.493000000000002,-0.053318
15.494000000000002,-0.322767
15.495,-0.358586
15.496,-0.568789
15.497000000000002,-0.603288
15.498,-0.625252
15.499,-0.61789
15.500000000000002,-0.360119
15.501,-0.535461
15.502,-0.265291
15.503000000000002,-0.540282
15.504,-0.476953
15.505,-0.255823
15.506000000000002,-0.448409
15.507,-0.642014
15.508,-0.241584
15.509000000000002,-0.121938
15.510000000000002,-0.191952
15.511,-0.49338
15.512,-0.589925
15.513000000000002,-0.314617
15.514,-0.38455
15.515,-0.495185
15.516000000000002,-0.466022
15.517,-0.742231
15.518,-0.442818
15.519000000000002,0.112877
15.52,0.062064
15.521,-0.476895
15.522000000000002,-0.325428
15.523,-0.326124
15.524,-0.403287
15.525000000000002,-0.889866
15.526000000000002,-0.558562
15.527,-0.204552
15.528,-0.247572
15.529000000000002,-0.522493
15.53,-0.030732
15.531,-0.490334
15.532000000000002,-0.42531
15.533,-0.086782
15.534,-0.827456
15.535000000000002,-0.408521
15.536,-0.200076
15.537,-0.264435
15.538000000000002,-0.664018
15.539,-0.551926
15.54,-0.347354
15.541000000000002,-0.743204
15.542000000000002,-0.415614
15.543,-0.650257
15.544,-0.318324
15.545000000000002,-0.262737
15.546,-0.472595
15.547,-0.684688
15.548000000000002,-0.688473
15.549,-0.313604
15.55,-0.311253
15.551000000000002,-0.699093
15.552,-0.493055
15.553,-0.667094
15.554000000000002,-0.413024
15.555,-0.175056
15.556,-0.38753
15.557000000000002,-0.642603
15.558000000000002,-0.458127
15.559,-0.8852
15.56,-0.462134
15.561000000000002,-0.828734
15.562,-0.185255
15.563,-0.623463
15.564000000000002,-0.121793
15.565,-0.42345
15.566,-0.35379
15.567000000000002,-0.762801
15.568,-0.410345
15.569,-0.787493
15.570000000000002,-0.235347
15.571000000000002,-0.613157
15.572,-0.200452
15.573,-0.2942
15.574000000000002,-0.203975
15.575,-0.393442
15.576,-0.408878
15.577000000000002,-0.089875
15.578,-0.082016
15.579,-0.344165
15.580000000000002,-0.382036
15.581,-0.449989
15.582,-0.720878
15.583000000000002,-0.651977
15.584,-0.718598
15.585,-0.681085
15.586000000000002,-0.50526
15.587000000000002,-0.247811
15.588,-0.417225
15.589,-0.080395
15.590000000000002,-0.315345
15.591,-0.839311
15.592,-0.481888
15.593000000000002,-0.374986
15.594,-0.338142
15.595,-0.593937
15.596000000000002,-0.651182
15.597,-0.373024
15.598,-0.624731
15.599000000000002,-0.247652
15.6,-0.299817
15.601,-0.478917
15.602000000000002,-0.257515
15.603000000000002,-0.131337
15.604,-0.430663
15.605,-0.375621
15.606000000000002,-0.400498
15.607,-0.336085
15.608,-0.395412
15.609000000000002,-0.188944
15.61,-0.444371
15.611,-0.577185
15.612000000000002,-0.439645
15.613,-0.675528
15.614,-0.750975
15.615000000000002,-0.573989
15.616,-0.44771
15.617,-0.222927
15.618000000000002,-0.4205
15.619000000000002,-0.572632
15.62,-0.660129
15.621,-0.422558
15.622000000000002,-0.510719
15.623,-0.463781
15.624,-0.387246
15.625000000000002,-0.13265
15.626,-0.347344
15.627,-0.178812
15.628000000000002,-0.323258
15.629,-0.425073
15.63,-0.45802
15.631000000000002,-0.360271
15.632,-0.244406
15.633,-0.664707
15.634000000000002,-0.452245
15.635000000000002,-0.175071
15.636,-0.223571
15.637,-0.823741
15.638000000000002,-0.682436
15.639,-0.176892
15.64,-0.158779
15.641000000000002,-0.252454
15.642,-0.383211
15.643,-0.419475
15.644000000000002,-0.491215
15.645,-0.413473
15.646,-0.617916
15.647000000000002,-0.60933
15.648,-0.42963
15.649,-0.211527
15.650000000000002,-0.410885
15.651000000000002,-0.534145
15.652,-0.697893
15.653,-0.136144
15.654000000000002,-0.475931
15.655,-0.671275
15.656,-0.803663
15.657000000000002,-0.603172
15.658,-0.701588
15.659,-0.707886
15.660000000000002,-0.435836
15.661,-0.368476
15.662,-0.496874
15.663000000000002,-0.447881
15.664,-0.640301
15.665,-0.536942
15.666000000000002,-0.381887
15.667000000000002,-0.104605
15.668,-0.41584
15.669,-0.619827
15.670000000000002,-0.522402
15.671,-0.722317
15.672,-0.261077
15.673000000000002,-0.653596
15.674,-0.715544
15.675,-0.416483
15.676000000000002,-0.357336
15.677,-0.249137
15.678,-0.277199
15.679000000000002,-0.308083
15.68,-0.229577
15.681,-0.499916
15.682000000000002,-0.459332
15.683000000000002,-0.426314
15.684,-0.291822
15.685,-0.628268
15.686000000000002,-0.706791
15.687,-0.297404
15.688,-0.134362
15.689000000000002,-0.385146
15.69,-0.424385
15.691,0.030381
15.692000000000002,-0.392657
15.693,-0.245091
15.694,-0.64489
15.695000000000002,-0.762846
15.696000000000002,-0.417157
15.697,-0.268367
15.698,-0.547413
15.699000000000002,-0.658998
15.7,-0.599788
15.701,-0.29166
15.702000000000002,-0.459093
15.703,-0.261259
15.704,-0.61208
15.705000000000002,-0.448346
15.706,-0.366016
15.707,-0.460426
15.708000000000002,-0.604583
15.709,-0.384212
15.71,-0.489358
15.711000000000002,-0.828613
15.712000000000002,-0.803967
15.713,-0.660712
15.714,-0.204156
15.715000000000002,-0.627732
15.716,-0.380543
15.717,-0.050019
15.718000000000002,-0.699273
15.719,-0.425166
15.72,-0.542286
15.721000000000002,-0.699635
15.722,-0.4726
15.723,-0.580048
15.724000000000002,-0.345542
15.725,-0.752425
15.726,-0.218685
15.727000000000002,-0.43003
15.728000000000002,-0.166068
15.729,-0.676527
15.73,-0.402752
15.731000000000002,-0.443076
15.732,-0.268394
15.733,-0.467712
15.734000000000002,-0.25051
15.735,-0.373669
15.736,-0.079681
15.737000000000002,-0.497329
15.738,-0.572016
15.739,-0.691671
15.740000000000002,-0.599075
15.741,-0.263591
15.742,-0.366792
15.743000000000002,-0.805567
15.744000000000002,-0.597202
15.745,-0.581598
15.746,-0.452975
15.747000000000002,-0.47766
15.748,-0.167715
15.749,-0.908673
15.750000000000002,-0.505706
15.751,-0.312031
15.752,-0.568163
15.753000000000002,-0.468762
15.754,-0.501659
15.755,-0.48561
15.756000000000002,-0.384486
15.757,-0.240732
15.758,-0.199469
15.759000000000002,-0.543327
15.760000000000002,0.042092
15.761,-0.568535
15.762,-0.371098
15.763000000000002,-0.550823
15.764,-0.514409
15.765,-0.477357
15.766000000000002,-0.273241
15.767,-0.394324
15.768,-0.627158
15.769000000000002,-0.146201
15.77,-0.399863
15.771,-0.441318
15.772000000000002,-0.297456
15.773,-0.587658
15.774,-0.08739
15.775000000000002,-0.577473
15.776000000000002,-0.433694
15.777,-0.447663
15.778,-0.019187
15.779000000000002,-0.565515
15.78,-0.873026
15.781,-0.303754
15.782000000000002,-0.804592
15.783,-0.25626
15.784,-0.579571
15.785000000000002,-0.302957
15.786,-0.452657
15.787,-0.737513
15.788000000000002,-0.313669
15.789,-0.663902
15.79,-0.469537
15.791000000000002,-0.393241
15.792000000000002,-0.217347
15.793,-0.265743
15.794,-0.807783
15.795000000000002,-0.30951
15.796,-0.584456
15.797,-0.630969
15.798000000000002,-0.660047
15.799,0.028111
15.8,-0.564182
15.801000000000002,-0.23813
15.802,-0.567104
15.803,-0.445174
15.804000000000002,-0.46968
15.805,-0.419454
15.806,-0.50346
15.807000000000002,-0.739615
15.808000000000002,-0.610331
15.809,-0.798692
15.81,-0.52626
15.811000000000002,-0.458615
15.812,-0.291692
15.813,-0.360145
15.814000000000002,-0.264957
15.815,-0.784026
15.816,-0.460456
15.817000000000002,-0.383352
15.818,-0.563473
15.819,-0.38548
15.820000000000002,-0.324015
15.821000000000002,-0.398363
15.822,-0.336118
15.823000000000002,-0.029502
15.824000000000002,-0.548613
15.825,-0.191261
15.826,-0.43801
15.827000000000002,-0.299035
15.828,-0.376185
15.829,-0.559909
15.830000000000002,-0.797
15.831,-0.398489
15.832,-0.366392
15.833000000000002,-0.452574
15.834,-0.456579
15.835,-0.770386
15.836000000000002,-0.528059
15.837000000000002,-0.931836
15.838,-0.388797
15.839,-0.289305
15.840000000000002,-0.351959
15.841,-0.202278
15.842,-0.55867
15.843000000000002,-0.461687
15.844,-0.466161
15.845,-0.658145
15.846000000000002,-0.814103
15.847,-0.204297
15.848,-0.433942
15.849000000000002,-0.482959
15.85,-0.218026
15.851,-0.150456
15.852000000000002,-0.354735
15.853000000000002,-0.297155
15.854,-0.574648
15.855,-0.254004
15.856000000000002,-0.489273
15.857,-0.657342
15.858,-0.820744
15.859000000000002,-0.043766
15.86,-0.543674
15.861,-0.364329
15.862000000000002,-0.462714
15.863,-0.288582
15.864,-0.533273
15.865000000000002,-0.562284
15.866,-0.257312
15.867,-0.068527
15.868000000000002,-0.500288
15.869000000000002,-0.70028
15.87,-0.480107
15.871,-0.732242
15.872000000000002,-0.311713
15.873,-0.256369
15.874,-0.715421
15.875000000000002,-0.492766
15.876,0.089973
15.877,-0.762505
15.878000000000002,-0.322489
15.879,-0.325207
15.88,-0.474402
15.881000000000002,-0.631473
15.882,-0.270153
15.883,-0.450661
15.884000000000002,-0.856886
15.885000000000002,-0.776407
15.886,-0.778052
15.887,-0.360459
15.888000000000002,-0.420572
15.889,-0.390845
15.89,-0.492561
15.891000000000002,-0.546319
15.892,-0.339875
15.893,-0.538863
15.894000000000002,-0.31101
15.895,-0.560881
15.896,-0.682205
15.897000000000002,-0.653891
15.898,-0.646417
15.899,-0.374552
15.900000000000002,-0.429281
15.901000000000002,-0.505325
15.902,-0.376508
15.903,-0.393569
15.904000000000002,-0.465192
15.905,-0.453434
15.906,-0.933172
15.907000000000002,-0.419785
15.908,-0.218423
15.909,-0.336759
15.910000000000002,-0.734572
15.911,-0.604492
15.912,-0.51406
15.913000000000002,-0.486345
15.914,-0.82457
15.915,-0.749834
15.916000000000002,-0.413399
15.917000000000002,-0.260498
15.918,-0.361323
15.919,-0.32444
15.920000000000002,-0.397471
15.921,-0.516951
15.922,0.050452
15.923000000000002,-0.699718
15.924,-0.240751
15.925,-0.646269
15.926000000000002,-0.265986
15.927,-0.446057
15.928,-0.515369
15.929000000000002,-0.400336
15.93,-0.926922
15.931,-0.017479
15.932000000000002,-0.132525
15.933000000000002,-0.793413
15.934,-0.291729
15.935,-0.354323
15.936000000000002,-0.5285
15.937,-0.169372
15.938,-0.508826
15.939000000000002,-0.459377
15.94,-0.401435
15.941,-0.536872
15.942000000000002,-0.228466
15.943,-0.677748
15.944,-0.828856
15.945000000000002,-0.350056
15.946000000000002,-0.679992
15.947,-0.55271
15.948000000000002,-0.897813
15.949000000000002,-0.24771
15.95,-0.288537
15.951,-0.597185
15.952000000000002,-0.727116
15.953,-0.251566
15.954,-0.275659
15.955000000000002,-0.439618
15.956,-0.344438
15.957,-0.700686
15.958000000000002,-0.471617
15.959,-0.359235
15.96,-0.403704
15.961000000000002,-0.44139
15.962000000000002,-0.705745
15.963,-0.6665
15.964000000000002,-0.156234
15.965000000000002,-0.451773
15.966,-0.773516
15.967,-0.870353
15.968000000000002,-0.577623
15.969,-0.884222
15.97,-0.664729
15.971000000000002,-0.087196
15.972,-0.279699
15.973,-0.702103
15.974000000000002,-0.763741
15.975,-0.311953
15.976,-0.535912
15.977000000000002,-0.064958
15.978000000000002,-0.462811
15.979,-0.22082
15.98,-0.405789
15.981000000000002,-0.368477
15.982,-0.603723
15.983,-0.317422
15.984000000000002,-0.630472
15.985,-0.588244
15.986,-0.579931
15.987000000000002,-0.426402
15.988,-0.720986
15.989,-0.390454
15.990000000000002,-0.332092
15.991,-0.576151
15.992,-0.435788
15.993000000000002,-0.402972
15.994000000000002,-0.268387
15.995,-0.489138
15.996,-0.381579
15.997000000000002,-0.654472
15.998,-0.614545
15.999,-0.37383
16.0,-0.845283
16.001,-0.953287
16.002000000000002,-0.511366
16.003,-0.621108
16.004,-0.665909
16.005000000000003,-0.324906
16.006,-0.555814
16.007,-0.433974
16.008000000000003,-1.065555
16.009,-0.444371
16.01,-0.388524
16.011000000000003,-0.494721
16.012,-0.365778
16.013,-0.629301
16.014000000000003,-0.364907
16.015,-0.383517
16.016000000000002,-0.359759
16.017000000000003,-0.490157
16.018,-0.49123
16.019000000000002,-0.518884
16.02,-0.732489
16.021,-0.33774
16.022000000000002,-0.500302
16.023,-0.789165
16.024,-0.404034
16.025000000000002,-0.35033
16.026,-0.546554
16.027,-0.408116
16.028000000000002,-0.425441
16.029,-0.493434
16.03,-0.311896
16.031000000000002,-0.177067
16.032,-0.512112
16.033,-0.631162
16.034000000000002,-0.902853
16.035,-0.386019
16.036,-0.456562
16.037000000000003,-0.665505
16.038,-0.270891
16.039,-0.406608
16.040000000000003,-0.343623
16.041,-0.54032
16.042,-0.519084
16.043000000000003,-0.582214
16.044,-0.27484
16.045,-0.78607
16.046000000000003,-0.681212
16.047,-0.452721
16.048000000000002,-0.265108
16.049000000000003,-0.576544
16.05,-0.555161
16.051000000000002,-0.655038
16.052,-0.574478
16.053,-0.2417
16.054000000000002,-0.347276
16.055,-0.608736
16.056,-0.911371
16.057000000000002,-0.074364
16.058,-0.151974
16.059,-0.36445
16.060000000000002,-0.553997
16.061,-0.419783
16.062,-0.489911
16.063000000000002,-0.87855
16.064,-0.54886
16.065,-0.398541
16.066000000000003,-0.122858
16.067,-0.230581
16.068,-0.562671
16.069000000000003,-0.592964
16.07,-0.379062
16.071,-0.541141
16.072000000000003,-0.608901
16.073,-0.644964
16.074,-0.651145
16.075000000000003,-0.784808
16.076,-0.084
16.077,-0.479838
16.078000000000003,-0.783071
16.079,-0.497427
16.080000000000002,-0.369921
16.081000000000003,-0.20274
16.082,-0.291733
16.083000000000002,-0.194515
16.084,-0.501824
16.085,-0.683641
16.086000000000002,-0.789776
16.087,-0.330535
16.088,-0.360494
16.089000000000002,-0.343898
16.09,-0.612783
16.091,-0.297261
16.092000000000002,-0.090826
16.093,-0.283703
16.094,-0.239736
16.095000000000002,-0.347932
16.096,-0.319598
16.097,-0.901358
16.098000000000003,-0.491836
16.099,-0.615221
16.1,-0.160205
16.101000000000003,-0.526058
16.102,-0.772963
16.103,-0.693032
16.104000000000003,-0.294963
16.105,-0.034052
16.106,-0.417735
16.107000000000003,-0.548944
16.108,-0.534568
16.109,-0.620763
16.110000000000003,-0.377796
16.111,-0.253775
16.112000000000002,-0.482752
16.113,-0.408325
16.114,-0.500268
16.115000000000002,-0.488567
16.116,-0.749409
16.117,-0.40318
16.118000000000002,-0.145296
16.119,-0.242662
16.12,-0.581039
16.121000000000002,-0.689936
16.122,-0.160019
16.123,-0.382876
16.124000000000002,-0.384067
16.125,-0.328368
16.126,-0.521987
16.127000000000002,-0.307606
16.128,-0.216483
16.129,-0.745464
16.130000000000003,-0.506419
16.131,-0.544866
16.132,-0.336231
16.133000000000003,-0.465889
16.134,-0.363718
16.135,-0.38137
16.136000000000003,-0.398627
16.137,-0.299576
16.138,-0.354269
16.139000000000003,-0.442784
16.14,-0.682694
16.141000000000002,-0.134879
16.142000000000003,-0.794285
16.143,-0.13737
16.144000000000002,-0.136975
16.145,-0.439313
16.146,-0.516161
16.147000000000002,-0.610431
16.148,-0.229067
16.149,-0.367134
16.150000000000002,-0.488011
16.151,-0.140948
16.152,-0.785384
16.153000000000002,-0.706374
16.154,-0.787662
16.155,-0.430863
16.156000000000002,-0.308412
16.157,-0.684202
16.158,-0.79479
16.159000000000002,-0.640275
16.16,-0.841169
16.161,-0.433133
16.162000000000003,-0.716028
16.163,-0.476548
16.164,-0.526572
16.165000000000003,-0.084232
16.166,-0.317547
16.167,-0.395357
16.168000000000003,-0.431064
16.169,-0.211255
16.17,-0.551856
16.171000000000003,-0.85958
16.172,-0.615373
16.173000000000002,-0.536523
16.174000000000003,-0.382951
16.175,-0.645087
16.176000000000002,-0.055204
16.177,-0.716431
16.178,-0.020465
16.179000000000002,-0.563766
16.18,-0.600308
16.181,-0.177888
16.182000000000002,-0.791845
16.183,0.152375
16.184,-0.298805
16.185000000000002,-0.37987
16.186,-0.584695
16.187,-0.608654
16.188000000000002,-0.701837
16.189,-0.578324
16.19,-0.22599
16.191000000000003,-0.411785
16.192,-0.784569
16.193,-0.647856
16.194000000000003,-0.7325
16.195,-0.113449
16.196,-0.473034
16.197000000000003,-0.636717
16.198,-0.47398
16.199,-0.573312
16.200000000000003,-0.519888
16.201,-0.844886
16.202,-0.574219
16.203000000000003,-0.429975
16.204,-0.489032
16.205000000000002,-0.555073
16.206000000000003,-0.460159
16.207,-0.356931
16.208000000000002,-0.705618
16.209,-0.351136
16.21,-0.158409
16.211000000000002,-0.30979
16.212,-0.52864
16.213,-0.422154
16.214000000000002,-0.589355
16.215,-0.694776
16.216,-0.613669
16.217000000000002,-0.707623
16.218,-0.333638
16.219,-0.276557
16.220000000000002,-0.369306
16.221,-0.877123
16.222,-0.278094
16.223000000000003,-0.958819
16.224,-0.299786
16.225,-0.482629
16.226000000000003,-0.510647
16.227,-0.427577
16.228,-0.330363
16.229000000000003,-0.227776
16.23,-0.484628
16.231,-0.811662
16.232000000000003,-0.156363
16.233,-0.467349
16.234,-0.597013
16.235000000000003,-0.508347
16.236,-0.785475
16.237000000000002,-0.370265
16.238000000000003,-0.228144
16.239,-0.407266
16.240000000000002,-0.540973
16.241,-0.73899
16.242,-0.46471
16.243000000000002,-0.488333
16.244,-0.498378
16.245,-0.928605
16.246000000000002,0.012494
16.247,-0.229963
16.248,-0.386502
16.249000000000002,-0.71769
16.25,-0.294157
16.251,-0.387959
16.252000000000002,-0.448552
16.253,0.122703
16.254,-0.432711
16.255000000000003,-0.441095
16.256,-0.545118
16.257,-0.490341
16.258000000000003,-0.587564
16.259,-0.280473
16.26,-0.975699
16.261000000000003,-0.419161
16.262,-0.381743
16.263,-0.349577
16.264000000000003,-0.918749
16.265,-0.325907
16.266000000000002,-0.498939
16.267000000000003,-0.36487
16.268,-0.688356
16.269000000000002,-0.388958
16.27,-0.134268
16.271,-0.329476
16.272000000000002,-0.37603
16.273,-0.582195
16.274,-0.288552
16.275000000000002,-0.481408
16.276,-0.368279
16.277,-0.269902
16.278000000000002,-0.403162
16.279,-0.315835
16.28,-0.445216
16.281000000000002,-0.002284
16.282,-0.185711
16.283,0.017306
16.284000000000002,-0.710187
16.285,-0.750188
16.286,-0.61464
16.287000000000003,-0.42682
16.288,-0.151062
16.289,-0.578685
16.290000000000003,-1.005834
16.291,-0.478548
16.292,-0.595306
16.293000000000003,-0.530964
16.294,-0.560135
16.295,-0.629243
16.296000000000003,-0.44618
16.297,-0.273166
16.298000000000002,-0.49507
16.299000000000003,-0.118746
16.3,-0.078373
16.301000000000002,-0.269362
16.302,-0.245584
16.303,-0.178628
16.304000000000002,-0.246396
16.305,-0.292615
16.306,-0.368476
16.307000000000002,-0.409582
16.308,-0.688497
16.309,-0.158
16.310000000000002,-0.297498
16.311,-0.616941
16.312,-0.390905
16.313000000000002,-0.481101
16.314,-0.517809
16.315,-0.658777
16.316000000000003,-0.420708
16.317,-0.496128
16.318,-0.441916
16.319000000000003,-0.449696
16.32,-0.511819
16.321,-0.578499
16.322000000000003,-0.49545
16.323,-0.22338
16.324,-0.848747
16.325000000000003,-0.821016
16.326,-0.360477
16.327,-0.267788
16.328000000000003,-0.714961
16.329,-0.308945
16.330000000000002,-0.839381
16.331000000000003,-0.395649
16.332,-0.390418
16.333000000000002,-0.391261
16.334,-0.393903
16.335,-0.102195
16.336000000000002,-0.582478
16.337,-0.440763
16.338,-0.47667
16.339000000000002,-0.636998
16.34,-0.27236
16.341,-0.387261
16.342000000000002,-0.748348
16.343,-0.747383
16.344,-0.512642
16.345000000000002,-0.393822
16.346,-0.51223
16.347,-0.378217
16.348000000000003,-0.740306
16.349,-0.23884
16.35,-0.923863
16.351000000000003,-0.385301
16.352,-0.676023
16.353,-0.589624
16.354000000000003,-0.06544
16.355,-0.547703
16.356,-0.567972
16.357000000000003,-0.675111
16.358,-0.905875
16.359,-0.579675
16.360000000000003,-0.610642
16.361,-0.58856
16.362000000000002,-0.273232
16.363000000000003,-0.19879
16.364,-0.287707
16.365000000000002,-0.683141
16.366,-0.42604
16.367,-0.276544
16.368000000000002,-0.821666
16.369,-0.263719
16.37,-0.521304
16.371000000000002,-0.709981
16.372,-0.452133
16.373,-0.46567
16.374000000000002,-0.581686
16.375,-0.23995
16.376,-0.440703
16.377000000000002,-0.487641
16.378,-0.879653
16.379,-0.277978
16.380000000000003,-0.369842
16.381,-0.554456
16.382,-0.619381
16.383000000000003,0.019369
16.384,-0.379507
16.385,-0.50989
16.386000000000003,-0.789222
16.387,-0.91688
16.388,-0.385769
16.389000000000003,-1.199124
16.39,-0.962145
16.391000000000002,-0.724406
16.392000000000003,-0.402294
16.393,-0.536913
16.394000000000002,-0.42994
16.395,-0.212233
16.396,-0.46826
16.397000000000002,-0.651821
16.398,-0.443912
16.399,-0.414582
16.400000000000002,-0.556868
16.401,-0.221472
16.402,-0.796892
16.403000000000002,-0.680474
16.404,-0.333768
16.405,-0.234714
16.406000000000002,-0.827373
16.407,0.073772
16.408,-0.466803
16.409000000000002,-0.015646
16.41,-0.1834
16.411,-0.670417
16.412000000000003,-0.59563
16.413,-0.142903
16.414,-0.412965
16.415000000000003,-0.312866
16.416,-0.454952
16.417,-0.440117
16.418000000000003,-0.705557
16.419,-0.664018
16.42,-0.438934
16.421000000000003,-0.401469
16.422,-0.561703
16.423000000000002,-0.656199
16.424000000000003,-0.30709
16.425,-0.503247
16.426000000000002,-0.555835
16.427,-0.63845
16.428,-0.175823
16.429000000000002,-0.315795
16.43,-0.451913
16.431,-0.369606
16.432000000000002,-0.585
16.433,-0.41582
16.434,-0.588941
16.435000000000002,-0.28766
16.436,-0.345148
16.437,-0.479817
16.438000000000002,-0.337406
16.439,-0.634792
16.44,-0.294248
16.441000000000003,-0.507261
16.442,-0.409807
16.443,-0.413696
16.444000000000003,-0.677903
16.445,-0.576296
16.446,-0.463563
16.447000000000003,-0.296705
16.448,-0.327539
16.449,-0.178874
16.450000000000003,-0.4395
16.451,-0.422711
16.452,-0.525385
16.453000000000003,-0.57142
16.454,-0.345401
16.455000000000002,-0.552778
16.456000000000003,-0.411634
16.457,-0.22525
16.458000000000002,-0.932521
16.459,-0.641943
16.46,-0.551704
16.461000000000002,-0.491514
16.462,-0.388949
16.463,-0.010261
16.464000000000002,-0.495612
16.465,-0.414202
16.466,-0.490126
16.467000000000002,-0.385054
16.468,-0.551794
16.469,-0.371189
16.470000000000002,-0.2641
16.471,-0.398317
16.472,-0.449093
16.473000000000003,-0.814994
16.474,-0.368032
16.475,-0.204061
16.476000000000003,-0.663972
16.477,-0.527788
16.478,-0.410096
16.479000000000003,-0.495514
16.48,-0.582626
16.481,-0.790768
16.482000000000003,-0.094391
16.483,-0.132571
16.484,-0.430278
16.485000000000003,-0.511623
16.486,-0.702877
16.487000000000002,-0.486773
16.488000000000003,-0.589469
16.489,0.054195
16.490000000000002,-0.635856
16.491,-0.486248
16.492,-0.338536
16.493000000000002,-0.346472
16.494,-0.220123
16.495,-0.703519
16.496000000000002,-0.394194
16.497,-0.394257
16.498,-0.48029
16.499000000000002,-0.364339
16.5,-0.555648
16.501,-0.051353
16.502000000000002,-0.60667
16.503,-0.553179
16.504,-0.402855
16.505000000000003,-0.623963
16.506,-0.441504
16.507,-0.513029
16.508000000000003,-0.324521
16.509,-0.827814
16.51,-0.601269
16.511000000000003,-0.388696
16.512,-0.377868
16.513,-0.561955
16.514000000000003,-0.776568
16.515,-0.410256
16.516000000000002,-0.219636
16.517000000000003,-0.65816
16.518,-0.113968
16.519000000000002,-0.665932
16.520000000000003,-0.113785
16.521,-0.452498
16.522000000000002,-0.33671
16.523,-0.406556
16.524,-0.417321
16.525000000000002,-0.755547
16.526,-0.350767
16.527,-0.664241
16.528000000000002,-0.571707
16.529,-0.681748
16.53,-0.675779
16.531000000000002,-0.397749
16.532,-0.068524
16.533,-0.193191
16.534000000000002,-0.244181
16.535,-0.410491
16.536,-0.421732
16.537000000000003,-0.500237
16.538,-0.686136
16.539,-0.288548
16.540000000000003,-0.474183
16.541,-0.649123
16.542,-0.668787
16.543000000000003,-0.509967
16.544,-0.415104
16.545,-0.305517
16.546000000000003,-0.404566
16.547,-0.231043
16.548000000000002,-0.072855
16.549000000000003,-0.44721
16.55,-0.370499
16.551000000000002,-0.36402
16.552,-0.57357
16.553,-0.500615
16.554000000000002,-0.575124
16.555,-0.670019
16.556,-0.415795
16.557000000000002,-0.538578
16.558,-0.165911
16.559,-0.496003
16.560000000000002,-0.278888
16.561,-0.400639
16.562,-0.63499
16.563000000000002,-0.294229
16.564,-0.432384
16.565,-0.668965
16.566000000000003,-0.224173
16.567,-0.507215
16.568,-0.380032
16.569000000000003,-0.782863
16.57,-0.584954
16.571,-1.020729
16.572000000000003,-0.551574
16.573,-0.342154
16.574,-0.477393
16.575000000000003,-0.322597
16.576,-0.539291
16.577,-0.396423
16.578000000000003,-0.227658
16.579,-0.45137
16.580000000000002,-0.659015
16.581000000000003,-0.469508
16.582,-0.598153
16.583000000000002,-0.505964
16.584,-0.279667
16.585,-0.538875
16.586000000000002,-0.833001
16.587,-0.425666
16.588,-0.504689
16.589000000000002,-0.858649
16.59,-0.547632
16.591,-0.316467
16.592000000000002,-0.350921
16.593,-0.396162
16.594,-0.395693
16.595000000000002,-0.427752
16.596,-0.504049
16.597,-0.70001
16.598000000000003,-0.344913
16.599,-0.239083
16.6,-0.258094
16.601000000000003,-0.832985
16.602,-0.845274
16.603,-0.398679
16.604000000000003,-0.651592
16.605,-0.560251
16.606,-0.507193
16.607000000000003,-0.617797
16.608,-0.437827
16.609,-0.012722
16.610000000000003,-0.424187
16.611,-0.559402
16.612000000000002,-0.136059
16.613000000000003,-0.438206
16.614,-0.679349
16.615000000000002,-0.733823
16.616,-0.527341
16.617,-0.332092
16.618000000000002,-0.619416
16.619,-0.42573
16.62,-0.747574
16.621000000000002,-0.286074
16.622,-0.65186
16.623,-0.789222
16.624000000000002,-0.45558
16.625,-0.725897
16.626,-0.286119
16.627000000000002,-0.212627
16.628,-0.230044
16.629,-0.560789
16.630000000000003,-0.564975
16.631,-0.266058
16.632,-0.363767
16.633000000000003,-0.234171
16.634,-0.234146
16.635,-0.302792
16.636000000000003,-0.258777
16.637,-0.424771
16.638,-0.316724
16.639000000000003,-0.543446
16.64,-0.573812
16.641000000000002,-0.41976
16.642000000000003,-0.568535
16.643,-1.042171
16.644000000000002,-0.375201
16.645000000000003,-0.41586
16.646,-0.604043
16.647000000000002,-0.773801
16.648,-0.232779
16.649,-0.574183
16.650000000000002,-0.641326
16.651,-0.634766
16.652,-0.317589
16.653000000000002,-0.492102
16.654,-0.641056
16.655,-0.535148
16.656000000000002,-0.981158
16.657,-0.412924
16.658,-0.660702
16.659000000000002,-0.692094
16.66,-0.484639
16.661,-0.395804
16.662000000000003,-0.479992
16.663,-0.761005
16.664,-0.595639
16.665000000000003,-0.335869
16.666,-0.715051
16.667,-0.697257
16.668000000000003,-0.379512
16.669,-0.258962
16.67,-0.402645
16.671000000000003,-0.673927
16.672,-0.578998
16.673000000000002,-0.695582
16.674000000000003,-0.460106
16.675,-0.464391
16.676000000000002,0.088729
16.677,-0.533175
16.678,-0.307781
16.679000000000002,-0.085114
16.68,-0.355162
16.681,-0.625349
16.682000000000002,-0.773869
16.683,-0.270111
16.684,-0.218815
16.685000000000002,-0.561134
16.686,-0.277288
16.687,-0.701749
16.688000000000002,-0.457831
16.689,-0.448637
16.69,-0.711378
16.691000000000003,-0.83358
16.692,-0.467469
16.693,-0.355239
16.694000000000003,-0.433797
16.695,-0.47502
16.696,-0.79637
16.697000000000003,-0.559063
16.698,-0.32459
16.699,-0.384923
16.700000000000003,-0.469877
16.701,-0.676119
16.702,-0.440022
16.703000000000003,-0.547735
16.704,-0.542736
16.705000000000002,-0.434861
16.706000000000003,-0.604225
16.707,-0.436502
16.708000000000002,-0.290904
16.709,-0.571951
16.71,-0.329369
16.711000000000002,-0.155964
16.712,-0.635538
16.713,-0.676269
16.714000000000002,-0.240101
16.715,-0.42992
16.716,-0.579892
16.717000000000002,-0.367555
16.718,-0.637034
16.719,-0.356742
16.720000000000002,-0.646488
16.721,-0.714767
16.722,-0.290951
16.723000000000003,-0.702103
16.724,-0.634155
16.725,-0.25789
16.726000000000003,-0.33448
16.727,-0.329659
16.728,-0.391951
16.729000000000003,-0.42695
16.73,-0.189287
16.731,-0.56793
16.732000000000003,-0.141348
16.733,-0.457048
16.734,-0.700012
16.735000000000003,-0.464391
16.736,-0.38244
16.737000000000002,-0.682572
16.738000000000003,-0.50202
16.739,-0.781424
16.740000000000002,-0.42568
16.741,-0.667241
16.742,-0.627535
16.743000000000002,-0.179511
16.744,-0.695385
16.745,-0.373476
16.746000000000002,-0.882421
16.747,-0.886538
16.748,-0.765451
16.749000000000002,-0.305374
16.75,-0.258711
16.751,-0.738511
16.752000000000002,-0.39117
16.753,-0.551953
16.754,-0.581574
16.755000000000003,-0.564814
16.756,-0.579085
16.757,-0.5461
16.758000000000003,-0.641305
16.759,-0.905265
16.76,-0.68744
16.761000000000003,-0.619361
16.762,-0.755547
16.763,-0.213968
16.764000000000003,-0.671174
16.765,-0.646851
16.766000000000002,-0.395601
16.767000000000003,-0.512537
16.768,-0.452944
16.769000000000002,-0.453638
16.770000000000003,-0.253969
16.771,-0.554367
16.772000000000002,-0.733784
16.773,-0.354643
16.774,-0.43417
16.775000000000002,-0.639979
16.776,-0.289348
16.777,-0.559309
16.778000000000002,-0.413958
16.779,-0.767782
16.78,-0.515293
16.781000000000002,-0.409445
16.782,-0.755313
16.783,-0.632935
16.784000000000002,-0.510029
16.785,-0.576158
16.786,-0.628928
16.787000000000003,-0.216517
16.788,-0.621083
16.789,-0.481245
16.790000000000003,-0.434248
16.791,-0.734349
16.792,-0.777109
16.793000000000003,-0.392718
16.794,-0.500353
16.795,-0.431857
16.796000000000003,-0.63731
16.797,-0.366697
16.798000000000002,-0.566102
16.799000000000003,-0.446774
16.8,-0.78398
16.801000000000002,-0.580276
16.802,-0.792346
16.803,-0.419083
16.804000000000002,-0.789487
16.805,-0.456333
16.806,-0.536716
16.807000000000002,-0.659542
16.808,-0.462306
16.809,-0.470727
16.810000000000002,-0.666052
16.811,-0.526721
16.812,-0.357526
16.813000000000002,-0.450895
16.814,-0.723831
16.815,-0.473352
16.816000000000003,-0.774099
16.817,-0.546594
16.818,-0.688927
16.819000000000003,-0.532046
16.82,-0.655956
16.821,-0.335395
16.822000000000003,-0.489198
16.823,-0.579529
16.824,-0.613354
16.825000000000003,-0.455167
16.826,-0.435672
16.827,-0.677842
16.828000000000003,-0.30719
16.829,-0.507748
16.830000000000002,-0.780405
16.831000000000003,-0.542871
16.832,-0.649228
16.833000000000002,-0.424908
16.834,-0.384062
16.835,0.146615
16.836000000000002,-0.507715
16.837,-0.506033
16.838,-0.963195
16.839000000000002,-0.321496
16.84,-0.44623
16.841,-0.874324
16.842000000000002,-0.814301
16.843,-0.035198
16.844,-0.195353
16.845000000000002,-0.277197
16.846,-0.5434
16.847,-0.413201
16.848000000000003,-0.310985
16.849,-0.476622
16.85,-0.392241
16.851000000000003,-0.673639
16.852,-0.449754
16.853,-0.445207
16.854000000000003,-0.426342
16.855,-0.695413
16.856,-0.194022
16.857000000000003,-0.547133
16.858,-0.680678
16.859,-0.55792
16.860000000000003,-0.166924
16.861,-0.452669
16.862000000000002,-0.3764
16.863000000000003,-0.481319
16.864,-0.307039
16.865000000000002,-0.481935
16.866,-0.137443
16.867,-0.474896
16.868000000000002,-0.383687
16.869,-0.343227
16.87,-0.418106
16.871000000000002,-0.725829
16.872,-0.427299
16.873,-0.360423
16.874000000000002,-0.31127
16.875,-0.793485
16.876,-0.393004
16.877000000000002,-0.919225
16.878,-0.428856
16.879,-0.557782
16.880000000000003,-0.452567
16.881,-0.479003
16.882,-0.527788
16.883000000000003,-0.476418
16.884,-0.68308
16.885,-0.585078
16.886000000000003,-0.69088
16.887,-0.644498
16.888,-0.499008
16.889000000000003,-0.688659
16.89,-0.695483
16.891000000000002,-0.53456
16.892000000000003,-0.609545
16.893,-0.417693
16.894000000000002,-0.451663
16.895000000000003,-0.583903
16.896,-0.429253
16.897000000000002,-0.308624
16.898,-0.263434
16.899,-0.210038
16.900000000000002,-0.166825
16.901,-0.702347
16.902,-0.234376
16.903000000000002,-0.357217
16.904,-0.530058
16.905,-0.493407
16.906000000000002,-0.468084
16.907,-0.897605
16.908,-0.496351
16.909000000000002,-0.554477
16.91,-0.55738
16.911,-0.502012
16.912000000000003,-0.004879
16.913,-0.392541
16.914,-0.401324
16.915000000000003,-0.575949
16.916,-0.464282
16.917,-0.365156
16.918000000000003,-0.570114
16.919,-0.592338
16.92,-0.735706
16.921000000000003,-0.390924
16.922,-0.672524
16.923000000000002,-0.002963
16.924000000000003,0.102596
16.925,-0.253524
16.926000000000002,-0.651752
16.927000000000003,-0.501537
16.928,-0.578193
16.929000000000002,-0.301487
16.93,-0.465743
16.931,-0.226616
16.932000000000002,-0.265243
16.933,-0.428038
16.934,-0.290898
16.935000000000002,-0.326027
16.936,-0.59289
16.937,-0.536957
16.938000000000002,-0.391304
16.939,-0.543868
16.94,-0.558158
16.941000000000003,-0.356398
16.942,-0.8393
16.943,-0.517651
16.944000000000003,-0.15998
16.945,-0.037344
16.946,-0.515576
16.947000000000003,-0.52629
16.948,-0.774596
16.949,-0.020924
16.950000000000003,-0.626481
16.951,-0.827253
16.952,-0.971817
16.953000000000003,-0.269405
16.954,-0.446909
16.955000000000002,-0.268253
16.956000000000003,-0.341193
16.957,-0.374758
16.958000000000002,-0.608345
16.959,-0.440499
16.96,-0.31347
16.961000000000002,-0.501453
16.962,-0.151532
16.963,-0.462539
16.964000000000002,-0.813795
16.965,-0.387636
16.966,-0.608006
16.967000000000002,-0.522342
16.968,-0.633428
16.969,-0.529155
16.970000000000002,-0.084814
16.971,-0.730747
16.972,-0.818673
16.973000000000003,-0.333409
16.974,-0.618715
16.975,-0.229018
16.976000000000003,-0.415163
16.977,-0.361815
16.978,-0.37688
16.979000000000003,-0.393156
16.98,-0.381488
16.981,-0.629928
16.982000000000003,-0.242898
16.983,-0.566898
16.984,-0.165647
16.985000000000003,-0.413392
16.986,-0.6232
16.987000000000002,-0.665678
16.988000000000003,-0.548815
16.989,-0.847937
16.990000000000002,-0.425537
16.991,-0.465079
16.992,-0.477741
16.993000000000002,-0.445865
16.994,-0.592236
16.995,-0.288559
16.996000000000002,-0.431779
16.997,-0.60876
16.998,-0.466251
16.999000000000002,-0.26121
17.0,-0.326497
17.001,-0.598694
17.002000000000002,-0.646637
17.003,-0.435487
17.004,-0.370858
17.005000000000003,-0.225731
17.006,-0.582065
17.007,-0.135681
17.008000000000003,-0.446809
17.009,-0.38361
17.01,-0.399785
17.011000000000003,-0.562308
17.012,-0.668111
17.013,-0.540105
17.014000000000003,-0.152867
17.015,-0.59394
17.016000000000002,-0.486742
17.017000000000003,-0.633923
17.018,-0.399709
17.019000000000002,-0.378713
17.020000000000003,-0.90137
17.021,-0.177799
17.022000000000002,-0.154828
17.023,-0.384464
17.024,-0.119612
17.025000000000002,-0.47954
17.026,-0.460537
17.027,-0.390922
17.028000000000002,-0.347295
17.029,-0.435597
17.03,-0.471627
17.031000000000002,-0.233015
17.032,-0.500922
17.033,-0.53174
17.034000000000002,-0.24433
17.035,-0.453091
17.036,-0.585315
17.037000000000003,-0.433981
17.038,-0.121574
17.039,-0.765718
17.040000000000003,-0.546542
17.041,-0.252701
17.042,-0.731689
17.043000000000003,-0.621931
17.044,-0.604675
17.045,-0.582923
17.046000000000003,-0.535349
17.047,-0.259785
17.048000000000002,-0.560364
17.049000000000003,-0.949414
17.05,-0.076535
17.051000000000002,-0.213427
17.052000000000003,-0.503781
17.053,-0.438863
17.054000000000002,-0.434248
17.055,-0.273235
17.056,-0.471687
17.057000000000002,-0.645087
17.058,0.132874
17.059,-0.353418
17.060000000000002,-0.45173
17.061,-0.678685
17.062,-0.578099
17.063000000000002,-0.724675
17.064,-0.694957
17.065,-0.517212
17.066000000000003,-0.800772
17.067,-0.238966
17.068,-0.863539
17.069000000000003,-0.599868
17.07,-0.377098
17.071,-0.496288
17.072000000000003,-0.769331
17.073,-0.466943
17.074,-0.340981
17.075000000000003,-0.086775
17.076,-0.361219
17.077,-0.231804
17.078000000000003,-0.659226
17.079,-0.646045
17.080000000000002,-0.439786
17.081000000000003,-0.412746
17.082,-0.445316
17.083000000000002,-0.193097
17.084,-0.48373
17.085,-0.598106
17.086000000000002,-0.451023
17.087,-0.685365
17.088,-0.600809
17.089000000000002,-0.583752
17.09,-0.390743
17.091,-0.356608
17.092000000000002,-0.590958
17.093,-0.469722
17.094,-0.226033
17.095000000000002,-0.252213
17.096,-0.529846
17.097,-0.283684
17.098000000000003,-0.347257
17.099,-0.492769
17.1,-0.349926
17.101000000000003,-0.634083
17.102,-0.566878
17.103,-0.821339
17.104000000000003,-0.502856
17.105,-0.628143
17.106,-0.246362
17.107000000000003,-0.63101
17.108,-0.463231
17.109,-0.528863
17.110000000000003,-0.366705
17.111,-0.094365
17.112000000000002,-0.229213
17.113000000000003,-0.140915
17.114,-0.64872
17.115000000000002,-0.237272
17.116,-0.223402
17.117,-0.208597
17.118000000000002,-0.825467
17.119,-0.370012
17.12,-0.385634
17.121000000000002,-0.589292
17.122,-0.7303
17.123,-0.21818
17.124000000000002,-0.219939
17.125,-0.220266
17.126,-0.607159
17.127000000000002,-0.245247
17.128,-0.410922
17.129,-0.496716
17.130000000000003,-0.57626
17.131,-0.358397
17.132,-0.404274
17.133000000000003,-0.542601
17.134,-0.267678
17.135,-0.452158
17.136000000000003,-0.242098
17.137,-0.587379
17.138,-0.057956
17.139000000000003,0.18274
17.14,0.01438
17.141000000000002,-0.671897
17.142000000000003,-0.535753
17.143,-0.604132
17.144000000000002,-0.478351
17.145000000000003,-0.517879
17.146,-0.362031
17.147000000000002,-0.251745
17.148,-0.471031
17.149,-0.465027
17.150000000000002,-0.569811
17.151,-0.761813
17.152,-0.080994
17.153000000000002,-0.442958
17.154,-0.461159
17.155,0.039536
17.156000000000002,-0.595639
17.157,-0.769118
17.158,-0.176493
17.159000000000002,-0.237431
17.16,-0.239799
17.161,-0.229747
17.162000000000003,-0.270082
17.163,-0.45285
17.164,-0.310312
17.165000000000003,-0.283693
17.166,-0.642638
17.167,-0.198394
17.168000000000003,-0.837643
17.169,-0.250469
17.17,-0.689284
17.171000000000003,-0.785814
17.172,-0.458641
17.173000000000002,-0.539134
17.174000000000003,-0.414922
17.175,-0.659879
17.176000000000002,-0.219343
17.177000000000003,-0.098238
17.178,-0.504819
17.179000000000002,-0.628457
17.18,-0.519094
17.181,-0.497904
17.182000000000002,-0.376794
17.183,-0.338791
17.184,-0.536256
17.185000000000002,-0.502232
17.186,-0.622218
17.187,-0.50272
17.188000000000002,-0.302957
17.189,-0.447573
17.19,-0.192215
17.191000000000003,-0.132718
17.192,-0.474008
17.193,-0.452409
17.194000000000003,-0.309482
17.195,-0.112315
17.196,-0.153298
17.197000000000003,-0.437017
17.198,-0.478292
17.199,-0.728059
17.200000000000003,-0.186215
17.201,-0.508004
17.202,-0.369034
17.203000000000003,-0.186102
17.204,-0.771949
17.205000000000002,-0.504788
17.206000000000003,-0.34703
17.207,-0.59754
17.208000000000002,-0.613157
17.209000000000003,-0.307822
17.21,-0.523424
17.211000000000002,-0.060076
17.212,-0.358744
17.213,-0.627084
17.214000000000002,-0.520624
17.215,-0.572596
17.216,-0.261924
17.217000000000002,-0.258641
17.218,-0.146373
17.219,-0.193407
17.220000000000002,-0.430569
17.221,-0.391782
17.222,-0.468397
17.223000000000003,-0.519009
17.224,-0.342487
17.225,-0.473061
17.226000000000003,-0.432204
17.227,-0.915886
17.228,-0.384215
17.229000000000003,-0.707317
17.23,-0.242193
17.231,-0.42398
17.232000000000003,-0.49902
17.233,-0.568423
17.234,-0.612063
17.235000000000003,-0.558139
17.236,-0.827024
17.237000000000002,-0.547846
17.238000000000003,-0.501096
17.239,-0.312798
17.240000000000002,-0.354811
17.241,-0.390081
17.242,-0.258525
17.243000000000002,-0.129395
17.244,-0.62038
17.245,-0.433201
17.246000000000002,-0.372957
17.247,-0.420562
17.248,-0.538962
17.249000000000002,-0.185934
17.25,-0.357055
17.251,-0.537091
17.252000000000002,-0.744066
17.253,-0.431357
17.254,-0.755529
17.255000000000003,-0.578235
17.256,-0.541958
17.257,-0.635199
17.258000000000003,-0.185523
17.259,-0.66673
17.26,-0.464344
17.261000000000003,-0.09868
17.262,-0.343237
17.263,-0.558021
17.264000000000003,-0.430307
17.265,-0.35876
17.266000000000002,-0.606428
17.267000000000003,-0.633066
17.268,-0.392818
17.269000000000002,-0.391374
17.270000000000003,-0.339247
17.271,-0.743599
17.272000000000002,-0.860438
17.273,-0.498318
17.274,-0.354637
17.275000000000002,-0.491034
17.276,-0.137216
17.277,-0.309823
17.278000000000002,-0.25238
17.279,-0.17138
17.28,-0.442842
17.281000000000002,-0.510149
17.282,-0.697904
17.283,-0.088354
17.284000000000002,-0.311752
17.285,-0.145353
17.286,-0.546884
17.287000000000003,-0.638658
17.288,-0.516514
17.289,-0.709002
17.290000000000003,-0.600292
17.291,-0.361779
17.292,-0.479487
17.293000000000003,-0.549552
17.294,-0.143173
17.295,-0.335031
17.296000000000003,-0.639842
17.297,-0.748011
17.298000000000002,-0.358115
17.299000000000003,-0.848706
17.3,-0.810137
17.301000000000002,-0.851395
17.302000000000003,-0.442084
17.303,-0.438164
17.304000000000002,-0.197909
17.305,-0.321305
17.306,-0.324995
17.307000000000002,-0.683179
17.308,-0.431509
17.309,-0.523351
17.310000000000002,-0.522354
17.311,-0.438792
17.312,-0.488729
17.313000000000002,-0.366254
17.314,-0.784903
17.315,-0.532483
17.316000000000003,-0.445166
17.317,-0.819419
17.318,-0.508662
17.319000000000003,-0.648916
17.32,-0.501938
17.321,-0.314096
17.322000000000003,-0.229316
17.323,-0.56082
17.324,-0.436254
17.325000000000003,-0.466272
17.326,-0.408106
17.327,-0.233237
17.328000000000003,-0.067276
17.329,-0.889409
17.330000000000002,-0.31684
17.331000000000003,-0.616078
17.332,-0.372528
17.333000000000002,-0.699182
17.334000000000003,-0.568796
17.335,-0.440466
17.336000000000002,-0.440645
17.337,-0.410139
17.338,-1.047234
17.339000000000002,-0.34286
17.34,-0.311001
17.341,-0.482709
17.342000000000002,-0.383532
17.343,-0.204226
17.344,-0.312735
17.345000000000002,-0.114802
17.346,-0.800002
17.347,-0.599558
17.348000000000003,-0.806102
17.349,-0.562712
17.35,-0.482709
17.351000000000003,-0.574946
17.352,-0.634361
17.353,-0.588305
17.354000000000003,-0.729031
17.355,-0.578867
17.356,-0.147127
17.357000000000003,-0.677627
17.358,-0.540802
17.359,-0.403871
17.360000000000003,-0.296699
17.361,-0.097685
17.362000000000002,-0.378848
17.363000000000003,-0.645263
17.364,-0.525387
17.365000000000002,-0.928619
17.366,-0.541687
17.367,-0.445692
17.368000000000002,-0.540841
17.369,-0.775344
17.37,-0.591012
17.371000000000002,-0.583558
17.372,-0.290132
17.373,-0.523461
17.374000000000002,-0.569134
17.375,-0.511643
17.376,-0.492327
17.377000000000002,-0.554847
17.378,-0.513846
17.379,-0.432208
17.380000000000003,-0.530918
17.381,-0.400491
17.382,-0.343833
17.383000000000003,-0.576235
17.384,-0.393385
17.385,-0.267914
17.386000000000003,-0.511883
17.387,-0.447992
17.388,-0.799737
17.389000000000003,-0.581487
17.39,-0.368631
17.391000000000002,-0.596449
17.392000000000003,-0.556623
17.393,-0.494794
17.394000000000002,-0.697508
17.395000000000003,-0.423971
17.396,-0.348526
17.397000000000002,-0.628158
17.398,-0.353983
17.399,-0.63033
17.400000000000002,-0.405808
17.401,-0.010226
17.402,-0.790805
17.403000000000002,-0.899751
17.404,-0.584258
17.405,-0.110172
17.406000000000002,-0.172326
17.407,-0.127672
17.408,-0.476552
17.409000000000002,-0.04709
17.41,-0.512239
17.411,-0.570983
17.412000000000003,-0.521849
17.413,-0.289354
17.414,-0.393419
17.415000000000003,-0.701068
17.416,-0.833496
17.417,-0.81222
17.418000000000003,-0.725448
17.419,0.198392
17.42,-0.316075
17.421000000000003,-0.508055
17.422,-0.382253
17.423000000000002,0.012093
17.424000000000003,-0.508078
17.425,-0.301532
17.426000000000002,-0.500864
17.427000000000003,-0.864714
17.428,-0.31961
17.429000000000002,-0.50988
17.43,-0.398683
17.431,-0.549226
17.432000000000002,-0.643008
17.433,-0.373147
17.434,-0.386066
17.435000000000002,-0.571972
17.436,-0.320252
17.437,-0.642196
17.438000000000002,-0.443638
17.439,-0.232878
17.44,-0.408922
17.441000000000003,-0.590455
17.442,-0.27727
17.443,-0.672133
17.444000000000003,-0.350297
17.445,-0.227934
17.446,-0.376995
17.447000000000003,-0.626277
17.448,-0.683793
17.449,-0.467944
17.450000000000003,-0.550481
17.451,-0.468735
17.452,-0.408402
17.453000000000003,-0.615424
17.454,-0.382635
17.455000000000002,-0.45146
17.456000000000003,-0.525126
17.457,-0.315316
17.458000000000002,-0.303657
17.459000000000003,-0.933795
17.46,-0.13399
17.461000000000002,-0.031087
17.462,-0.356328
17.463,-0.360105
17.464000000000002,-0.521304
17.465,-0.396927
17.466,-0.358218
17.467000000000002,-0.329449
17.468,-0.570566
17.469,-0.85418
17.470000000000002,-0.656547
17.471,-0.416218
17.472,-0.585117
17.473000000000003,-0.290066
17.474,-0.439883
17.475,-0.561315
17.476000000000003,-0.418223
17.477,-0.492798
17.478,-0.023872
17.479000000000003,-0.533341
17.48,-0.7069
17.481,-0.527108
17.482000000000003,-0.381907
17.483,-0.253209
17.484,-0.755491
17.485000000000003,-0.39387
17.486,-0.740337
17.487000000000002,-0.383367
17.488000000000003,-0.191946
17.489,-0.50948
17.490000000000002,-0.436021
17.491,-0.542268
17.492,-0.379013
17.493000000000002,-0.732081
17.494,-0.345778
17.495,-0.776435
17.496000000000002,-0.162366
17.497,-0.363112
17.498,-0.748914
17.499000000000002,-0.424261
17.5,-0.204348
17.501,-0.816867
17.502000000000002,-0.564544
17.503,-0.576216
17.504,-0.399614
17.505000000000003,-0.548168
17.506,-0.963852
17.507,0.007007
17.508000000000003,-0.594617
17.509,-0.64371
17.51,-0.473993
17.511000000000003,-0.326317
17.512,-0.52735
17.513,-0.179047
17.514000000000003,-0.429053
17.515,-0.09068
17.516000000000002,-0.193881
17.517000000000003,-0.678485
17.518,-0.503942
17.519000000000002,-0.604918
17.520000000000003,-0.2449
17.521,-0.528369
17.522000000000002,-0.494376
17.523,-0.765733
17.524,-0.323112
17.525000000000002,-0.162624
17.526,0.04582
17.527,-0.674829
17.528000000000002,-0.025467
17.529,-0.221898
17.53,-0.434308
17.531000000000002,-0.604164
17.532,-0.248257
17.533,-0.235054
17.534000000000002,-0.298077
17.535,-0.488816
17.536,-0.350982
17.537000000000003,-0.45343
17.538,-0.536798
17.539,-0.265083
17.540000000000003,-0.241984
17.541,-0.407831
17.542,-0.781872
17.543000000000003,-0.573459
17.544,-1.081913
17.545,-0.310233
17.546000000000003,-0.325272
17.547,-0.472711
17.548000000000002,-0.297425
17.549000000000003,0.164298
17.55,-0.527888
17.551000000000002,-0.781261
17.552000000000003,-0.555835
17.553,-0.192722
17.554000000000002,-0.422665
17.555,-0.447174
17.556,-0.530993
17.557000000000002,-0.230318
17.558,-0.569761
17.559,-0.225726
17.560000000000002,-0.325337
17.561,-0.772499
17.562,-0.381338
17.563000000000002,-0.328563
17.564,-0.338343
17.565,-0.279689
17.566000000000003,-0.503047
17.567,-0.796297
17.568,-0.628832
17.569000000000003,-0.563096
17.57,-0.50108
17.571,-0.617703
17.572000000000003,-0.321836
17.573,-0.493247
17.574,-0.40075
17.575000000000003,-0.598298
17.576,-0.454325
17.577,-0.456775
17.578000000000003,-0.76535
17.579,-0.261789
17.580000000000002,-0.517522
17.581000000000003,-0.44889
17.582,-0.286102
17.583000000000002,-0.592102
17.584000000000003,-0.376752
17.585,-0.178641
17.586000000000002,-0.52607
17.587,-0.116888
17.588,-0.448814
17.589000000000002,-0.728059
17.59,-0.607709
17.591,-1.018574
17.592000000000002,-0.373754
17.593,-0.651797
17.594,-0.758291
17.595000000000002,-0.154065
17.596,-0.704008
17.597,-0.498308
17.598000000000003,-0.734006
17.599,-0.676738
17.6,-0.407093
17.601000000000003,-0.543285
17.602,-0.643467
17.603,-0.428915
17.604000000000003,-0.467967
17.605,-0.537643
17.606,-0.363162
17.607000000000003,-0.684299
17.608,-0.632661
17.609,-0.571186
17.610000000000003,-0.214825
17.611,-0.590702
17.612000000000002,-0.334488
17.613000000000003,-0.575306
17.614,-0.498525
17.615000000000002,-0.436521
17.616000000000003,-0.769763
17.617,-0.14073
17.618000000000002,-0.532024
17.619,-0.404975
17.62,-0.177155
17.621000000000002,-0.151432
17.622,-0.650868
17.623,-0.327485
17.624000000000002,-0.576572
17.625,-0.343696
17.626,-0.541523
17.627000000000002,-0.53947
17.628,-0.459563
17.629,-0.549103
17.630000000000003,-0.926608
17.631,-0.610072
17.632,-0.580393
17.633000000000003,-0.483775
17.634,-0.161122
17.635,0.013241
17.636000000000003,-0.315057
17.637,-0.110828
17.638,-0.32553
17.639000000000003,-0.489983
17.64,-0.562963
17.641000000000002,-0.370866
17.642000000000003,-0.292603
17.643,-0.523344
17.644000000000002,-0.164975
17.645000000000003,-0.192947
17.646,-0.336206
17.647000000000002,-0.270025
17.648,-0.543664
17.649,-0.431299
17.650000000000002,-0.703064
17.651,-0.620893
17.652,-0.673035
17.653000000000002,-0.51845
17.654,-0.501057
17.655,-0.458024
17.656000000000002,-0.645812
17.657,-0.297356
17.658,-0.570633
17.659000000000002,-0.430726
17.66,-0.418396
17.661,-0.286164
17.662000000000003,-0.203148
17.663,-0.550972
17.664,-0.496983
17.665000000000003,-0.40933
17.666,-0.887263
17.667,-0.165612
17.668000000000003,-0.507099
17.669,-0.507451
17.67,-0.293972
17.671000000000003,-0.312705
17.672,-0.389686
17.673000000000002,-0.827721
17.674000000000003,-0.410772
17.675,-0.121647
17.676000000000002,-0.266831
17.677000000000003,-0.324989
17.678,-0.127817
17.679000000000002,-0.607472
17.68,-0.540974
17.681,-0.420489
17.682000000000002,-0.450562
17.683,-0.532359
17.684,-1.100207
17.685000000000002,-0.675688
17.686,-0.417559
17.687,-0.335774
17.688000000000002,-0.389334
17.689,-0.384138
17.69,-0.230165
17.691000000000003,-0.631579
17.692,-0.454642
17.693,-0.032679
17.694000000000003,-0.378671
17.695,-0.504411
17.696,-0.443059
17.697000000000003,-0.676967
17.698,-0.555711
17.699,-0.399617
17.700000000000003,-0.355337
17.701,-0.635901
17.702,-1.133327
17.703000000000003,-0.413803
17.704,-0.633825
17.705000000000002,-0.761737
17.706000000000003,-0.552386
17.707,-0.331282
17.708000000000002,-0.429977
17.709000000000003,-0.336663
17.71,-0.255237
17.711000000000002,-0.525808
17.712,-0.578283
17.713,-0.34665
17.714000000000002,-0.54209
17.715,-0.326504
17.716,-0.54946
17.717000000000002,-0.244906
17.718,-0.414134
17.719,-0.308546
17.720000000000002,-0.632888
17.721,-0.387528
17.722,-0.541495
17.723000000000003,-0.412138
17.724,-0.610521
17.725,-0.454902
17.726000000000003,-0.414222
17.727,-0.39651
17.728,-0.265761
17.729000000000003,-0.2526
17.73,-0.486441
17.731,-0.622209
17.732000000000003,-0.385441
17.733,-0.530058
17.734,-0.6709
17.735000000000003,-0.601997
17.736,-0.470443
17.737000000000002,-0.60114
17.738000000000003,-0.475778
17.739,-0.507906
17.740000000000002,-0.334149
17.741000000000003,-0.242551
17.742,-0.438405
17.743000000000002,-0.407163
17.744,-0.23047
17.745,-0.811848
17.746000000000002,-0.225278
17.747,-0.338938
17.748,-0.414962
17.749000000000002,-0.480933
17.75,-0.125167
17.751,-0.464676
17.752000000000002,-0.697121
17.753,-0.779916
17.754,-0.413275
17.755000000000003,-0.680736
17.756,-0.826492
17.757,-0.149697
17.758000000000003,-0.696483
17.759,-0.634657
17.76,-0.734476
17.761000000000003,-0.36078
17.762,-0.549706
17.763,-0.43286
17.764000000000003,-0.498958
17.765,-0.321053
17.766000000000002,-0.646561
17.767000000000003,-0.40387
17.768,-0.3353
17.769000000000002,-0.347766
17.770000000000003,-0.641538
17.771,-0.618237
17.772000000000002,-0.675767
17.773,-0.708968
17.774,-0.562879
17.775000000000002,-0.314678
17.776,-0.509824
17.777,-0.389415
17.778000000000002,-0.405785
17.779,-0.321103
17.78,-0.523619
17.781000000000002,-0.495608
17.782,-0.352716
17.783,-0.200336
17.784000000000002,-0.265143
17.785,-0.618933
17.786,-0.335774
17.787000000000003,-0.366745
17.788,-0.221173
17.789,-0.500518
17.790000000000003,0.114494
17.791,-0.375299
17.792,-0.716282
17.793000000000003,0.029288
17.794,-0.083128
17.795,-0.626223
17.796000000000003,-0.270088
17.797,-0.634819
17.798000000000002,-0.564873
17.799000000000003,-0.734952
17.8,-0.669198
17.801000000000002,-0.546565
17.802000000000003,-0.401651
17.803,-0.717486
17.804000000000002,-0.396695
17.805,-0.358156
17.806,-0.65329
17.807000000000002,-0.514623
17.808,-0.558295
17.809,-0.333165
17.810000000000002,-0.469477
17.811,-0.588842
17.812,-0.044783
17.813000000000002,-0.282082
17.814,-0.320574
17.815,-0.619109
17.816000000000003,-0.571045
17.817,-0.338192
17.818,-0.680397
17.819000000000003,-0.563555
17.82,-0.34756
17.821,-0.736371
17.822000000000003,-0.640861
17.823,-0.539614
17.824,-0.690931
17.825000000000003,-0.717673
17.826,-0.366067
17.827,-0.305387
17.828000000000003,0.100338
17.829,-0.44889
17.830000000000002,-0.567913
17.831000000000003,-0.55499
17.832,-0.663781
17.833000000000002,-0.022766
17.834000000000003,-0.728839
17.835,-0.794297
17.836000000000002,-0.636421
17.837,-0.429898
17.838,-0.223623
17.839000000000002,-0.481844
17.84,-0.457963
17.841,-0.815901
17.842000000000002,-0.672943
17.843,-0.358402
17.844,-0.550838
17.845000000000002,-0.081065
17.846,-0.278058
17.847,-0.517995
17.848000000000003,-0.175706
17.849,-0.040312
17.85,-0.518077
17.851000000000003,-0.605916
17.852,-0.535311
17.853,-0.327275
17.854000000000003,-0.282888
17.855,-0.588641
17.856,-0.305486
17.857000000000003,-0.167883
17.858,-0.417981
17.859,-0.312232
17.860000000000003,-0.30051
17.861,-0.244136
17.862000000000002,0.029061
17.863000000000003,-0.539252
17.864,-0.649172
17.865000000000002,-0.583903
17.866000000000003,-0.448719
17.867,-0.425016
17.868000000000002,-0.294775
17.869,-0.416433
17.87,-0.908563
17.871000000000002,-0.408859
17.872,-0.184622
17.873,-0.4799
17.874000000000002,-0.55888
17.875,-0.578998
17.876,-0.317037
17.877000000000002,-0.340139
17.878,-0.892539
17.879,-0.808072
17.880000000000003,-0.590673
17.881,-0.234737
17.882,-0.356358
17.883000000000003,-0.484244
17.884,-0.292461
17.885,-0.918511
17.886000000000003,-0.578638
17.887,-0.299937
17.888,-0.62126
17.889000000000003,-0.460978
17.89,-0.780446
17.891000000000002,-0.640707
17.892000000000003,-0.435835
17.893,-0.790302
17.894000000000002,-0.583716
17.895000000000003,-0.624001
17.896,-0.344642
17.897000000000002,-0.623516
17.898000000000003,-0.618562
17.899,-0.629558
17.900000000000002,-0.468059
17.901,-0.54684
17.902,-0.957859
17.903000000000002,-0.37391
17.904,-0.653075
17.905,-0.412574
17.906000000000002,-0.368996
17.907,-0.484275
17.908,-0.592668
17.909000000000002,-0.274034
17.91,-0.567798
17.911,-0.571616
17.912000000000003,-0.420701
17.913,-0.740764
17.914,-0.558896
17.915000000000003,-0.76829
17.916,-0.27881
17.917,-0.586693
17.918000000000003,-0.518316
17.919,-0.846819
17.92,-0.703584
17.921000000000003,-0.712537
17.922,-0.663723
17.923000000000002,-0.355021
17.924000000000003,-0.090944
17.925,-0.251731
17.926000000000002,-0.341577
17.927000000000003,-0.304218
17.928,-0.42706
17.929000000000002,-0.553278
17.93,-0.631545
17.931,-0.595544
17.932000000000002,-0.600076
17.933,-0.452554
17.934,-0.305718
17.935000000000002,-0.351926
17.936,-0.277266
17.937,-0.354141
17.938000000000002,-0.887883
17.939,-0.547705
17.94,-0.131273
17.941000000000003,-0.555561
17.942,-0.561472
17.943,-0.355773
17.944000000000003,-0.456274
17.945,-0.165659
17.946,-0.324716
17.947000000000003,-0.410385
17.948,-0.348396
17.949,-0.363388
17.950000000000003,-0.63411
17.951,-0.738722
17.952,-0.209822
17.953000000000003,-0.619524
17.954,-0.350323
17.955000000000002,-0.45203
17.956000000000003,-0.514091
17.957,-0.272351
17.958000000000002,-0.165662
17.959000000000003,-0.23281
17.96,-0.201027
17.961000000000002,-0.41937
17.962,-0.198505
17.963,-0.478601
17.964000000000002,-0.396505
17.965,-0.489409
17.966,-0.172761
17.967000000000002,-0.39811
17.968,-0.708163
17.969,-0.571376
17.970000000000002,-0.460564
17.971,-0.925443
17.972,-0.666873
17.973000000000003,-0.510374
17.974,-0.610392
17.975,0.161966
17.976000000000003,-0.22187
17.977,-0.066431
17.978,-0.207531
17.979000000000003,-0.119097
17.98,-0.396944
17.981,-0.573212
17.982000000000003,-0.579178
17.983,-0.518956
17.984,-0.423325
17.985000000000003,-0.610852
17.986,-0.54715
17.987000000000002,-0.322877
17.988000000000003,-0.801802
17.989,-0.565869
17.990000000000002,-0.134603
17.991000000000003,-0.118398
17.992,-0.288548
17.993000000000002,-0.442579
17.994,-0.736823
17.995,-0.624505
17.996000000000002,-0.323136
17.997,-0.225051
17.998,-0.575589
17.999000000000002,-0.759093
18.0,-0.577162
18.001,-0.4936
18.002000000000002,-0.762851
18.003,-0.400161
18.004,-0.179048
18.005000000000003,-0.048497
18.006,-0.247615
18.007,-0.542125
18.008000000000003,-0.658621
18.009,-0.716476
18.01,-0.484112
18.011000000000003,-0.679245
18.012,-0.424004
18.013,-0.389039
18.014000000000003,-0.002611
18.015,-0.437691
18.016,-0.597205
18.017000000000003,0.089062
18.018,-0.526216
18.019,-0.425398
18.020000000000003,-0.402555
18.021,-0.333117
18.022,-0.468511
18.023000000000003,-0.463894
18.024,-0.315949
18.025,-0.641416
18.026,-0.175115
18.027,-0.383871
18.028,-0.362387
18.029,-0.523472
18.03,-0.485705
18.031,-0.650395
18.032,-0.21532
18.033,-0.202052
18.034,-0.274046
18.035,-0.577965
18.036,-0.660927
18.037000000000003,-0.503
18.038,-0.701975
18.039,-0.413735
18.040000000000003,0.103546
18.041,-0.661876
18.042,-0.607166
18.043000000000003,-0.603821
18.044,-0.30376
18.045,-0.378742
18.046000000000003,-0.453982
18.047,-0.47783
18.048,-0.355798
18.049000000000003,-0.564282
18.05,-0.13175
18.051,-0.48866
18.052000000000003,-0.708685
18.053,-0.287646
18.054,-0.686891
18.055,-0.483695
18.056,-0.202081
18.057,-0.466249
18.058,-0.403998
18.059,-0.617631
18.06,-0.860018
18.061,-0.461777
18.062,-0.284499
18.063,-0.438981
18.064,-0.71804
18.065,-0.104297
18.066000000000003,-0.698475
18.067,-0.42765
18.068,-0.804715
18.069000000000003,-0.813276
18.07,-0.542619
18.071,-0.389415
18.072000000000003,-0.510952
18.073,-0.582639
18.074,-0.652562
18.075000000000003,-0.378809
18.076,-0.304727
18.077,-0.404723
18.078000000000003,-0.176295
18.079,-0.771207
18.08,-0.409653
18.081000000000003,-0.454722
18.082,-0.325491
18.083,-0.120987
18.084000000000003,-0.67923
18.085,-0.398678
18.086,-0.693775
18.087,-0.468662
18.088,-0.314555
18.089,-0.322357
18.09,-0.316565
18.091,-0.31681
18.092,-0.371071
18.093,-0.484699
18.094,-0.60687
18.095,-0.49204
18.096,-0.679638
18.097,-0.498411
18.098000000000003,-0.563427
18.099,-0.449801
18.1,-0.62537
18.101000000000003,-0.166573
18.102,-0.532359
18.103,-0.080949
18.104000000000003,-0.300573
18.105,-0.699323
18.106,-0.383947
18.107000000000003,-0.205143
18.108,-0.35278
18.109,-0.529375
18.110000000000003,-0.332768
18.111,-0.74269
18.112,-0.627082
18.113000000000003,-0.571201
18.114,-0.511609
18.115,-0.484006
18.116000000000003,-0.521024
18.117,-0.280471
18.118,-0.3644
18.119,-0.23993
18.12,-0.502206
18.121,-0.543478
18.122,-0.523914
18.123,-0.648464
18.124,-0.697058
18.125,-0.575608
18.126,-0.519864
18.127,-0.368645
18.128,-0.651024
18.129,-0.531759
18.130000000000003,-0.500726
18.131,-0.540028
18.132,-0.58479
18.133000000000003,-0.53583
18.134,-0.438602
18.135,-0.659074
18.136000000000003,-0.439768
18.137,-0.483331
18.138,-0.370684
18.139000000000003,-0.35754
18.14,-0.140579
18.141,-0.296509
18.142000000000003,-0.333025
18.143,-0.413764
18.144,-0.527047
18.145000000000003,-0.545356
18.146,-0.616129
18.147,-0.466495
18.148000000000003,-0.633362
18.149,-0.73651
18.15,-0.609247
18.151,-0.872755
18.152,-0.284483
18.153,-0.378999
18.154,-0.636016
18.155,-0.591672
18.156,-0.841691
18.157,-0.516466
18.158,-0.523511
18.159,0.010189
18.16,-0.659936
18.161,-0.611937
18.162000000000003,-0.599572
18.163,-0.229091
18.164,-0.503651
18.165000000000003,-0.561808
18.166,-0.313919
18.167,-0.485748
18.168000000000003,-0.608872
18.169,-0.558562
18.17,-0.437101
18.171000000000003,-0.542501
18.172,-0.776464
18.173,-0.535235
18.174000000000003,-0.444739
18.175,-0.44802
18.176,-0.197093
18.177000000000003,-0.751868
18.178,-0.304658
18.179,-0.620371
18.18,-0.216338
18.181,-0.684287
18.182,-0.77751
18.183,-0.277251
18.184,-0.071715
18.185,-0.31183
18.186,-0.147691
18.187,-0.127472
18.188,-0.382012
18.189,-0.523065
18.19,-0.702095
18.191000000000003,-0.335244
18.192,-0.428864
18.193,0.019729
18.194000000000003,-0.430368
18.195,-0.432091
18.196,-0.671843
18.197000000000003,-0.572333
18.198,-0.716903
18.199,-0.422607
18.200000000000003,-0.362041
18.201,-0.252691
18.202,-0.604516
18.203000000000003,-0.294962
18.204,-0.243168
18.205,-0.808834
18.206000000000003,-0.743695
18.207,-0.350904
18.208,-0.548577
18.209000000000003,-0.676286
18.21,-0.222418
18.211,-0.332324
18.212,-0.356923
18.213,-0.62362
18.214,-0.329136
18.215,-0.33235
18.216,-0.688486
18.217,-0.243204
18.218,0.007901
18.219,-0.227392
18.22,-0.748613
18.221,-0.624461
18.222,-0.3874
18.223000000000003,-0.345092
18.224,-0.787804
18.225,-0.152592
18.226000000000003,-0.324553
18.227,-0.415385
18.228,-0.555243
18.229000000000003,-0.319786
18.23,-0.798168
18.231,-0.640127
18.232000000000003,-0.776615
18.233,-0.247286
18.234,-0.408932
18.235000000000003,-0.469752
18.236,-0.483188
18.237,-0.456132
18.238000000000003,-0.589952
18.239,-0.741098
18.24,-0.701635
18.241000000000003,-0.398456
18.242,-0.241058
18.243,-0.522927
18.244,-0.74596
18.245,-0.517772
18.246,-0.560251
18.247,-0.661793
18.248,-0.343073
18.249,-0.883859
18.25,-0.775833
18.251,-0.238511
18.252,-0.040875
18.253,-0.625009
18.254,-0.653116
18.255000000000003,-0.47591
18.256,-0.334208
18.257,-0.015988
18.258000000000003,-0.345485
18.259,-0.50722
18.26,-0.459283
18.261000000000003,-0.349209
18.262,-0.701146
18.263,-0.276408
18.264000000000003,-0.507398
18.265,-0.68802
18.266,-0.278074
18.267000000000003,-0.566198
18.268,-0.320665
18.269,-0.642502
18.270000000000003,-0.294902
18.271,-0.856729
18.272,-0.304547
18.273000000000003,-0.18508
18.274,-0.453664
18.275,-0.605721
18.276,-0.162898
18.277,-0.183336
18.278,-0.333363
18.279,-0.28692
18.28,-0.754823
18.281,-0.605054
18.282,-0.478572
18.283,-0.902043
18.284,-0.243198
18.285,-0.293181
18.286,-0.597712
18.287000000000003,-0.399015
18.288,-0.325828
18.289,-0.636464
18.290000000000003,-0.119771
18.291,-0.605595
18.292,-0.426467
18.293000000000003,-0.553222
18.294,-0.365478
18.295,-0.07231
18.296000000000003,-0.445618
18.297,-0.406031
18.298,-0.43417
18.299000000000003,-0.557209
18.3,-0.359699
18.301,-0.48476
18.302000000000003,-0.439525
18.303,-0.593363
18.304,-0.488011
18.305000000000003,-0.213373
18.306,-0.699147
18.307,-0.254017
18.308,-0.638445
18.309,0.148982
18.31,-0.047979
18.311,-0.279687
18.312,-0.27628
18.313,-0.651916
18.314,-0.195572
18.315,-0.483266
18.316000000000003,-0.213896
18.317,-0.321927
18.318,-0.303645
18.319000000000003,-0.712292
18.32,0.019299
18.321,-0.179021
18.322000000000003,-0.362712
18.323,-0.51156
18.324,-0.321385
18.325000000000003,-0.205591
18.326,-0.669295
18.327,-0.493215
18.328000000000003,-0.263419
18.329,-0.251331
18.33,0.017387
18.331000000000003,-0.214814
18.332,-0.539429
18.333,-0.214436
18.334000000000003,-0.269163
18.335,-0.282101
18.336,-0.385809
18.337,-0.651927
18.338,-0.536069
18.339,-0.62318
18.34,-0.336476
18.341,-0.729149
18.342,-0.276333
18.343,-0.673018
18.344,-0.734432
18.345,-0.23518
18.346,-0.318781
18.347,-0.514584
18.348000000000003,-0.405534
18.349,-0.468618
18.35,-0.498852
18.351000000000003,-0.626817
18.352,-0.358766
18.353,-0.555747
18.354000000000003,-0.358133
18.355,-0.327679
18.356,-0.488519
18.357000000000003,-0.38014
18.358,-0.272423
18.359,-0.57173
18.360000000000003,-0.279606
18.361,-0.325985
18.362,-0.276438
18.363000000000003,-0.341658
18.364,-0.33665
18.365,-0.435672
18.366000000000003,-0.673635
18.367,-0.22678
18.368,-0.655284
18.369,-0.767415
18.37,0.017927
18.371,-0.513191
18.372,-0.526813
18.373,-0.213626
18.374,-0.709489
18.375,-0.370938
18.376,-0.884048
18.377,-0.835148
18.378,-0.256736
18.379,-0.354757
18.380000000000003,-0.437047
18.381,-0.566629
18.382,-0.658777
18.383000000000003,-0.139292
18.384,-0.69182
18.385,-0.274858
18.386000000000003,-0.328185
18.387,-0.432377
18.388,-0.360671
18.389000000000003,-0.412516
18.39,-0.269201
18.391,-0.611109
18.392000000000003,-0.480287
18.393,-0.31616
18.394,-0.265184
18.395000000000003,-0.53128
18.396,-0.022976
18.397,-0.507328
18.398000000000003,-0.124894
18.399,-0.373229
18.4,-0.281279
18.401,-0.206735
18.402,-0.299613
18.403,-0.474173
18.404,-0.542332
18.405,-0.701745
18.406,-0.749916
18.407,-0.597938
18.408,-0.250415
18.409,-0.634909
18.41,-0.579633
18.411,-0.311378
18.412000000000003,-0.726846
18.413,-0.263538
18.414,-0.694085
18.415000000000003,-0.582156
18.416,-0.695987
18.417,-0.568492
18.418000000000003,-0.274907
18.419,-0.530301
18.42,-0.260331
18.421000000000003,-0.48346
18.422,-0.740314
18.423,0.000736
18.424000000000003,-0.553566
18.425,-0.494861
18.426,-0.715296
18.427000000000003,-0.811253
18.428,-0.494234
18.429,-0.336678
18.430000000000003,-0.388471
18.431,-0.519706
18.432,-0.343641
18.433,-0.71034
18.434,-0.22605
18.435,-0.399938
18.436,-0.419372
18.437,-0.327227
18.438,-0.347824
18.439,-0.596401
18.44,-0.499282
18.441000000000003,-0.567613
18.442,-0.357792
18.443,-0.603788
18.444000000000003,-0.400377
18.445,-0.646488
18.446,-0.380858
18.447000000000003,-0.335917
18.448,-0.453783
18.449,-0.38407
18.450000000000003,-0.51899
18.451,-0.477011
18.452,-0.532418
18.453000000000003,-0.698807
18.454,-0.69297
18.455,-0.862393
18.456000000000003,-0.431959
18.457,-0.871816
18.458,-0.951453
18.459000000000003,-0.484504
18.46,-0.453824
18.461,-0.197601
18.462,-0.321613
18.463,-0.474384
18.464,-0.460241
18.465,-0.707351
18.466,-0.303145
18.467,-0.831931
18.468,-0.475286
18.469,-0.366479
18.47,-0.326098
18.471,-0.741148
18.472,-0.957426
18.473000000000003,-0.545365
18.474,-0.47841
18.475,-0.213937
18.476000000000003,-0.453117
18.477,-0.779987
18.478,-0.13999
18.479000000000003,-0.559868
18.48,-0.566052
18.481,-0.596112
18.482000000000003,-0.788
18.483,-0.416659
18.484,-0.121961
18.485000000000003,-0.437362
18.486,-0.444006
18.487,-0.121159
18.488000000000003,-0.847051
18.489,-0.678682
18.49,-0.489042
18.491000000000003,-0.452927
18.492,-0.512754
18.493,-0.666815
18.494,-0.472371
18.495,-0.594196
18.496,-0.486002
18.497,-0.337193
18.498,-0.515399
18.499,-0.61251
18.5,-0.091542
18.501,-0.484805
18.502,-0.121099
18.503,-0.355261
18.504,-0.571828
18.505000000000003,-0.6892
18.506,-0.376428
18.507,-0.594037
18.508000000000003,-0.666265
18.509,-0.02122
18.51,-0.6639
18.511000000000003,-0.520758
18.512,-0.306518
18.513,-0.386807
18.514000000000003,-0.725165
18.515,-0.129779
18.516,-0.04378
18.517000000000003,-0.777615
18.518,-0.136467
18.519,-0.691431
18.520000000000003,-0.690341
18.521,-0.347977
18.522,-0.540863
18.523000000000003,-1.057939
18.524,-0.756139
18.525,-0.340946
18.526,-0.273016
18.527,-0.381008
18.528,-0.525752
18.529,-0.517594
18.53,-0.0074
18.531,-0.440027
18.532,-0.191932
18.533,-0.584671
18.534,-0.574976
18.535,-0.083812
18.536,-0.482665
18.537000000000003,-0.839359
18.538,-0.751231
18.539,-0.751565
18.540000000000003,-0.716734
18.541,-0.570169
18.542,-0.299901
18.543000000000003,-0.367921
18.544,-0.702466
18.545,-0.265767
18.546000000000003,-0.471224
18.547,-0.560687
18.548,-0.538798
18.549000000000003,-0.159136
18.55,-0.225442
18.551,-0.371367
18.552000000000003,-0.415414
18.553,-0.653019
18.554,-0.362749
18.555000000000003,-0.516434
18.556,-0.65842
18.557,-0.379361
18.558,-0.576038
18.559,-0.522689
18.56,-0.343751
18.561,-0.268407
18.562,-0.355239
18.563,-0.138426
18.564,-0.337069
18.565,-0.379768
18.566000000000003,-0.55877
18.567,-0.44672
18.568,-0.711139
18.569000000000003,-0.600486
18.57,-0.419719
18.571,-0.799478
18.572000000000003,-0.588491
18.573,-0.804385
18.574,-0.268257
18.575000000000003,-0.727185
18.576,-0.506126
18.577,-0.510105
18.578000000000003,-0.533183
18.579,-0.534829
18.58,-0.468787
18.581000000000003,-0.882438
18.582,-0.317354
18.583,-0.392467
18.584000000000003,-0.507982
18.585,-0.667553
18.586,-0.579263
18.587,-0.305445
18.588,-0.86909
18.589,-0.646781
18.59,-0.356496
18.591,-0.296558
18.592,-0.401147
18.593,-0.493878
18.594,-0.896487
18.595,-0.639425
18.596,-0.510524
18.597,-0.120116
18.598000000000003,-0.422326
18.599,-0.32887
18.6,-0.381135
18.601000000000003,-0.490789
18.602,-0.389793
18.603,-0.264432
18.604000000000003,-0.178593
18.605,-0.351477
18.606,-0.326596
18.607000000000003,-0.293442
18.608,-0.459881
18.609,-0.419452
18.610000000000003,-0.227649
18.611,-0.63796
18.612,-0.415103
18.613000000000003,-0.509117
18.614,-0.622992
18.615,-0.398854
18.616000000000003,-0.311979
18.617,-0.404087
18.618,-0.563972
18.619,-0.629926
18.62,-0.441378
18.621,-0.306083
18.622,-0.60331
18.623,-0.970226
18.624,-0.083112
18.625,-0.275569
18.626,-0.478931
18.627,-0.467814
18.628,-0.954884
18.629,-0.241822
18.630000000000003,-0.563647
18.631,-0.726363
18.632,-0.738648
18.633000000000003,-0.218679
18.634,-0.318117
18.635,-0.483634
18.636000000000003,-0.584031
18.637,-0.665119
18.638,-0.456328
18.639000000000003,-0.166482
18.64,-0.795927
18.641,-0.587472
18.642000000000003,-0.402185
18.643,-0.646819
18.644,-0.946118
18.645000000000003,-0.63711
18.646,-0.059039
18.647,-0.490678
18.648000000000003,-0.250652
18.649,-0.439739
18.65,-0.590493
18.651,-0.372349
18.652,-0.728653
18.653,-0.201235
18.654,-0.674042
18.655,-0.439836
18.656,-0.32661
18.657,-0.599574
18.658,-0.325744
18.659,-0.375379
18.66,-0.350137
18.661,-0.424908
18.662000000000003,-0.437355
18.663,-0.505153
18.664,-0.477007
18.665000000000003,-0.405799
18.666,-0.455261
18.667,-0.600431
18.668000000000003,-0.737683
18.669,-0.090321
18.67,-0.539968
18.671000000000003,-0.795492
18.672,-0.262346
18.673,-0.818672
18.674000000000003,-0.283698
18.675,-0.632773
18.676,-0.748343
18.677000000000003,-0.697127
18.678,-0.548547
18.679,-0.846332
18.680000000000003,-0.499133
18.681,-0.205504
18.682,-0.323841
18.683,-0.438677
18.684,-0.516833
18.685,-0.621276
18.686,-0.434802
18.687,-0.573605
18.688,-0.637584
18.689,-0.565309
18.69,-0.647666
18.691000000000003,-0.74979
18.692,-0.482712
18.693,-0.112211
18.694000000000003,-0.390645
18.695,-0.196557
18.696,-0.351792
18.697000000000003,-0.302945
18.698,-0.391946
18.699,-0.407972
18.700000000000003,-0.480855
18.701,-0.667536
18.702,-0.550919
18.703000000000003,-0.509858
18.704,-0.326411
18.705,-0.47108
18.706000000000003,-0.767858
18.707,-0.525021
18.708,-0.231327
18.709000000000003,-0.252868
18.71,-0.591001
18.711,-0.750369
18.712000000000003,-0.656957
18.713,-0.698523
18.714,-0.474707
18.715,-0.409618
18.716,-0.395011
18.717,-0.50637
18.718,-0.346191
18.719,-0.337811
18.72,-0.595589
18.721,-0.302358
18.722,-0.050161
18.723000000000003,-0.678778
18.724,-0.208474
18.725,-0.08879
18.726000000000003,-0.49676
18.727,-0.566171
18.728,-0.256313
18.729000000000003,-0.207472
18.73,-0.306565
18.731,-0.252426
18.732000000000003,-0.761063
18.733,-0.786213
18.734,-0.291548
18.735000000000003,-0.875332
18.736,-0.680654
18.737,-0.565035
18.738000000000003,-0.675329
18.739,-0.372216
18.74,-0.660728
18.741000000000003,-0.603847
18.742,-0.721814
18.743,-0.814126
18.744,-0.418597
18.745,-0.518281
18.746,-0.589233
18.747,-0.429742
18.748,-0.496321
18.749,-0.592772
18.75,-0.739457
18.751,-0.44253
18.752,-0.629127
18.753,-0.630468
18.754,-0.665409
18.755000000000003,-0.453834
18.756,-0.256413
18.757,-0.409521
18.758000000000003,-0.168271
18.759,-0.038008
18.76,-0.272493
18.761000000000003,-0.555039
18.762,-0.414481
18.763,-0.462502
18.764000000000003,-0.353887
18.765,-0.518352
18.766,-0.303905
18.767000000000003,-0.691985
18.768,-0.450382
18.769,-0.129377
18.770000000000003,-0.16533
18.771,-0.38541
18.772,-0.648189
18.773000000000003,-0.627771
18.774,-0.487143
18.775,-0.551423
18.776,-0.573741
18.777,-0.603994
18.778,-0.184446
18.779,-0.614762
18.78,-0.517027
18.781,-0.613093
18.782,-0.150224
18.783,-0.723436
18.784,-0.405376
18.785,-1.091394
18.786,-0.360024
18.787000000000003,-0.366206
18.788,-0.519654
18.789,-0.531143
18.790000000000003,-0.398823
18.791,-0.46893
18.792,-0.533298
18.793000000000003,-0.547632
18.794,-0.440941
18.795,-0.219528
18.796000000000003,-0.458247
18.797,-0.269106
18.798,-0.290814
18.799000000000003,-0.304541
18.8,-0.470001
18.801,-0.602061
18.802000000000003,-0.488159
18.803,-0.096407
18.804,-0.268221
18.805000000000003,-0.100684
18.806,-0.302963
18.807,-0.25481
18.808,-0.636158
18.809,-0.40195
18.81,-0.489218
18.811,-0.352854
18.812,-0.372405
18.813,-0.077217
18.814,-0.535953
18.815,-0.344175
18.816000000000003,0.041363
18.817,-0.43288
18.818,-0.167762
18.819000000000003,-0.549904
18.82,-0.428391
18.821,-0.433935
18.822000000000003,-0.557657
18.823,-0.632901
18.824,-0.555205
18.825000000000003,-0.340502
18.826,-0.420479
18.827,-0.491076
18.828000000000003,-0.380844
18.829,-0.497492
18.83,-0.39419
18.831000000000003,-0.658783
18.832,-0.554704
18.833,-0.423476
18.834000000000003,-0.395777
18.835,-0.401059
18.836,-0.54967
18.837000000000003,-0.356429
18.838,-0.421926
18.839,-0.408475
18.84,-0.800831
18.841,-0.704752
18.842,-0.480351
18.843,0.068902
18.844,-0.407501
18.845,-0.082383
18.846,-0.722719
18.847,-0.343155
18.848000000000003,-0.516012
18.849,-0.744963
18.85,-0.712434
18.851000000000003,-0.235939
18.852,-0.130929
18.853,-0.342769
18.854000000000003,-0.751173
18.855,-0.470571
18.856,-0.296542
18.857000000000003,-0.417419
18.858,-0.477691
18.859,-0.59069
18.860000000000003,-0.203058
18.861,-0.713298
18.862,-0.106307
18.863000000000003,-0.450703
18.864,-0.25897
18.865,-0.25688
18.866000000000003,-0.558211
18.867,-0.587999
18.868,-0.385834
18.869,-0.13524
18.87,-0.70119
18.871,-0.604719
18.872,-0.949103
18.873,-0.787315
18.874,-0.483775
18.875,-0.435163
18.876,-0.9261
18.877,-0.589205
18.878,-0.342121
18.879,-0.44007
18.880000000000003,-0.717859
18.881,-0.390776
18.882,-0.659887
18.883000000000003,-0.552608
18.884,-0.427621
18.885,-0.847257
18.886000000000003,-0.827654
18.887,-0.545049
18.888,-0.200263
18.889000000000003,-0.216929
18.89,-0.561639
18.891,-0.30413
18.892000000000003,-0.470706
18.893,-0.718819
18.894,-1.058264
18.895000000000003,-0.790113
18.896,-0.373776
18.897,-0.517866
18.898000000000003,-0.131874
18.899,-0.501712
18.9,-0.748597
18.901,-0.606457
18.902,-0.333462
18.903,-0.501636
18.904,-0.822483
18.905,-0.075217
18.906,-0.107661
18.907,-0.378765
18.908,-0.424282
18.909,-0.288611
18.91,-0.815651
18.911,-0.775084
18.912000000000003,-0.420011
18.913,-0.518081
18.914,-0.229843
18.915000000000003,-0.454255
18.916,-0.838342
18.917,-0.012308
18.918000000000003,-0.294843
18.919,-0.565626
18.92,-0.910165
18.921000000000003,-0.575323
18.922,-0.632669
18.923,-0.271695
18.924000000000003,-0.792782
18.925,-0.377623
18.926,-0.74948
18.927000000000003,-0.588947
18.928,-0.638174
18.929,-0.338799
18.930000000000003,-0.638337
18.931,-0.313512
18.932,0.073088
18.933,-0.241039
18.934,-0.503166
18.935,-0.410587
18.936,-0.523595
18.937,-0.19636
18.938,-0.393301
18.939,-0.416523
18.94,-0.090341
18.941000000000003,-0.322591
18.942,-0.544786
18.943,-0.573027
18.944000000000003,-0.507092
18.945,-0.594636
18.946,-0.317615
18.947000000000003,-0.381179
18.948,-0.36204
18.949,-0.250235
18.950000000000003,-0.478588
18.951,-0.463475
18.952,-0.263937
18.953000000000003,-0.321502
18.954,-0.524104
18.955,-0.617353
18.956000000000003,-0.520726
18.957,-0.141352
18.958,-0.070974
18.959000000000003,-0.54632
18.96,-0.639367
18.961,-0.164649
18.962000000000003,-0.409599
18.963,-0.07388
18.964,-0.334535
18.965,-0.597297
18.966,-0.682593
18.967,-0.299521
18.968,-0.475125
18.969,-0.86404
18.97,-0.427277
18.971,-0.125416
18.972,-0.212583
18.973000000000003,-0.530243
18.974,-0.558253
18.975,-0.301571
18.976000000000003,-0.258843
18.977,-0.067922
18.978,-0.141606
18.979000000000003,-0.675985
18.98,-0.35998
18.981,-0.152196
18.982000000000003,-0.160261
18.983,-0.481305
18.984,-0.295595
18.985000000000003,-0.272669
18.986,-0.456649
18.987,-0.851763
18.988000000000003,-0.364556
18.989,-0.202893
18.99,-0.552798
18.991000000000003,-0.323877
18.992,-0.87218
18.993,-0.612076
18.994000000000003,-0.631928
18.995,-0.584195
18.996,-0.514378
18.997,-0.195779
18.998,-0.376938
18.999,-0.284496
19.0,-0.654326
19.001,-0.283674
19.002,-0.62371
19.003,-0.275552
19.004,-0.52425
19.005000000000003,-0.525947
19.006,-0.841107
19.007,-0.593158
19.008000000000003,-0.398556
19.009,-0.569587
19.01,-0.489481
19.011000000000003,-0.443908
19.012,-0.465134
19.013,-0.507917
19.014000000000003,-0.550101
19.015,-0.550359
19.016,-0.682919
19.017000000000003,-0.081832
19.018,-0.349529
19.019,-0.344793
19.020000000000003,-0.367542
19.021,-0.329143
19.022,-0.594873
19.023000000000003,-0.556414
19.024,-0.265221
19.025,-0.610309
19.026,-0.393258
19.027,-0.368113
19.028,-0.692602
19.029,-0.387768
19.03,-0.328381
19.031,-0.461336
19.032,0.063188
19.033,-0.375778
19.034,-0.245431
19.035,-0.581222
19.036,-0.641921
19.037000000000003,-0.511434
19.038,-0.048146
19.039,-1.06179
19.040000000000003,-0.914555
19.041,-0.652654
19.042,-0.304463
19.043000000000003,-0.818432
19.044,-0.304152
19.045,-0.413201
19.046000000000003,-0.463464
19.047,-0.671367
19.048,-0.294859
19.049000000000003,-0.658202
19.05,-0.747892
19.051,-0.428987
19.052000000000003,-0.53813
19.053,-0.525346
19.054,-0.711402
19.055000000000003,-0.596916
19.056,-0.553109
19.057,-0.4419
19.058,-0.379135
19.059,-0.257258
19.06,-0.397232
19.061,-0.568434
19.062,-0.386463
19.063,-0.22191
19.064,-0.421368
19.065,-0.569134
19.066000000000003,-0.290022
19.067,-0.585365
19.068,-0.507358
19.069000000000003,-0.63887
19.07,-0.403562
19.071,-0.572928
19.072000000000003,-0.135637
19.073,-0.654795
19.074,-0.62548
19.075000000000003,-0.460718
19.076,-0.450195
19.077,-0.413827
19.078000000000003,-0.155792
19.079,-0.681239
19.08,-0.523741
19.081000000000003,-0.455365
19.082,-0.744057
19.083,-0.803599
19.084000000000003,-0.365766
19.085,-0.3277
19.086,-0.453045
19.087000000000003,-0.357998
19.088,-0.574902
19.089,-0.199175
19.09,-0.331789
19.091,-0.121769
19.092,-0.500306
19.093,-0.780925
19.094,-0.65307
19.095,-0.665619
19.096,-0.317113
19.097,-0.455288
19.098000000000003,-0.605937
19.099,-0.572093
19.1,-0.429369
19.101000000000003,-0.380917
19.102,-0.159887
19.103,-0.519666
19.104000000000003,-0.413479
19.105,-0.11666
19.106,-0.462499
19.107000000000003,-0.572407
19.108,-0.908849
19.109,-0.358575
19.110000000000003,-0.409965
19.111,-0.601591
19.112,-0.491977
19.113000000000003,-0.645444
19.114,-0.684278
19.115,-0.508216
19.116000000000003,-0.394008
19.117,-0.440583
19.118,-0.353491
19.119000000000003,-0.607634
19.12,-0.273332
19.121,-0.481071
19.122,-0.759799
19.123,-0.579449
19.124,-0.384024
19.125,-0.528677
19.126,-0.264426
19.127,-0.434815
19.128,-0.442188
19.129,-0.501687
19.130000000000003,-0.94908
19.131,-0.701558
19.132,-0.773772
19.133000000000003,-0.462295
19.134,-0.226263
19.135,-0.517418
19.136000000000003,-0.845186
19.137,-0.149119
19.138,-0.676486
19.139000000000003,-0.4755
19.14,-0.300131
19.141,-0.610436
19.142000000000003,-0.16817
19.143,-0.392453
19.144,-0.694833
19.145000000000003,-0.272435
19.146,-0.526499
19.147,-0.431719
19.148000000000003,-0.249973
19.149,-0.773782
19.15,-0.685618
19.151,-0.961285
19.152,-0.4145
19.153,-0.45786
19.154,-0.482661
19.155,-0.386177
19.156,-0.321898
19.157,-0.483999
19.158,-0.465496
19.159,-0.641649
19.16,-1.022403
19.161,-0.697797
19.162000000000003,-0.405719
19.163,-0.574714
19.164,-0.899384
19.165000000000003,-0.298115
19.166,-0.693849
19.167,-0.504116
19.168000000000003,-0.28531
19.169,-0.978068
19.17,-0.660094
19.171000000000003,-0.247795
19.172,-0.353119
19.173,-0.5121
19.174000000000003,-0.551733
19.175,-0.781249
19.176,-0.333079
19.177000000000003,-0.395016
19.178,-0.264865
19.179,-0.310155
19.180000000000003,0.000623
19.181,-0.620036
19.182,-0.706094
19.183,-0.138298
19.184,-0.39477
19.185,-0.279764
19.186,-0.410634
19.187,-0.596968
19.188,-0.58018
19.189,-0.499811
19.19,-0.537688
19.191000000000003,-0.109554
19.192,-0.531949
19.193,-0.168736
19.194000000000003,-0.286162
19.195,0.158497
19.196,-0.586156
19.197000000000003,-0.796719
19.198,-0.645684
19.199,-0.419083
19.200000000000003,-0.71985
19.201,-0.646214
19.202,-0.552339
19.203000000000003,-0.410249
19.204,-0.291746
19.205,-0.430771
19.206000000000003,-0.691054
19.207,-0.627707
19.208,-0.365143
19.209000000000003,-0.370826
19.21,-0.68099
19.211,-0.502738
19.212000000000003,-0.870301
19.213,-0.405476
19.214,-0.699299
19.215,-0.378036
19.216,-0.460079
19.217,-0.325872
19.218,-0.300891
19.219,-0.492398
19.22,-0.420613
19.221,-0.430931
19.222,-0.532647
19.223000000000003,-0.762834
19.224,-0.624089
19.225,-0.169609
19.226000000000003,-0.549384
19.227,-0.621446
19.228,-0.600809
19.229000000000003,-0.208079
19.23,-0.455939
19.231,-0.408788
19.232000000000003,-0.398404
19.233,-0.702131
19.234,-0.431762
19.235000000000003,-0.305183
19.236,-0.641617
19.237,-0.41604
19.238000000000003,-0.345922
19.239,-0.570506
19.24,-0.434099
19.241000000000003,-0.754289
19.242,-0.290924
19.243,-0.692349
19.244000000000003,-0.703138
19.245,-0.427687
19.246,-0.407994
19.247,-0.553403
19.248,-0.125416
19.249,-0.446137
19.25,-0.403928
19.251,-1.0456
19.252,-0.489656
19.253,-0.637211
19.254,-0.859912
19.255000000000003,-0.139573
19.256,-0.816062
19.257,-0.578327
19.258000000000003,-0.716091
19.259,-0.568304
19.26,-0.479686
19.261000000000003,-0.235326
19.262,-0.372604
19.263,-0.518567
19.264000000000003,-0.456067
19.265,-0.61842
19.266,-0.670784
19.267000000000003,-0.449148
19.268,-0.536413
19.269,-0.337517
19.270000000000003,-0.458129
19.271,-0.699449
19.272,-0.379885
19.273000000000003,-0.439931
19.274,-0.392084
19.275,-0.374769
19.276,-0.325841
19.277,-0.866268
19.278,-0.486439
19.279,-0.209603
19.28,-0.083806
19.281,-0.34601
19.282,-0.994697
19.283,-0.251551
19.284,-0.5855
19.285,-0.315062
19.286,-0.598487
19.287000000000003,-0.477092
19.288,-0.543178
19.289,-0.642953
19.290000000000003,-0.835902
19.291,-0.383019
19.292,-0.767413
19.293000000000003,-0.603346
19.294,-0.546582
19.295,-0.704136
19.296000000000003,-0.262598
19.297,-0.501513
19.298,-0.686904
19.299000000000003,-0.695332
19.3,-0.433583
19.301,-0.580193
19.302000000000003,-0.595925
19.303,-0.672861
19.304,-0.800895
19.305000000000003,-0.565077
19.306,-0.085084
19.307,-0.916676
19.308,-0.194219
19.309,-0.464587
19.31,-0.32011
19.311,-0.490915
19.312,-0.370728
19.313,-0.377041
19.314,-0.446735
19.315,-0.307368
19.316000000000003,-0.808098
19.317,-0.513268
19.318,-0.906805
19.319000000000003,-0.507244
19.32,-0.10089
19.321,-0.344814
19.322000000000003,-0.558906
19.323,-0.435695
19.324,-0.661705
19.325000000000003,-0.340543
19.326,-0.49214
19.327,-0.589891
19.328000000000003,-0.223837
19.329,-0.408903
19.33,-1.030923
19.331000000000003,-0.098939
19.332,-0.625019
19.333,-0.175265
19.334000000000003,-0.316374
19.335,-0.673705
19.336,-0.497579
19.337000000000003,-0.388807
19.338,-0.452502
19.339,-0.553499
19.34,-0.373969
19.341,-0.528537
19.342,-0.631696
19.343,-0.369434
19.344,-0.631365
19.345,-0.487515
19.346,-0.398803
19.347,-0.100381
19.348000000000003,-0.08693
19.349,-0.288516
19.35,-0.845735
19.351000000000003,-0.56083
19.352,-0.637691
19.353,-0.408293
19.354000000000003,-0.990066
19.355,-0.449371
19.356,-0.351405
19.357000000000003,-0.482479
19.358,-0.548698
19.359,-0.464379
19.360000000000003,-0.610671
19.361,-0.220922
19.362,-0.721518
19.363000000000003,-0.675741
19.364,-0.619432
19.365,-0.479013
19.366000000000003,-0.530159
19.367,-0.363533
19.368,-0.463259
19.369000000000003,-0.40975
19.37,-0.547613
19.371,-0.326085
19.372,-0.617251
19.373,-0.518891
19.374,-0.424215
19.375,-0.244878
19.376,-0.397645
19.377,-0.345074
19.378,-0.406916
19.379,-0.704898
19.380000000000003,-0.420248
19.381,-0.3702
19.382,-0.918434
19.383000000000003,-0.339858
19.384,-0.463918
19.385,-0.655936
19.386000000000003,-0.47033
19.387,-0.795365
19.388,-0.474125
19.389000000000003,-0.720261
19.39,-0.744285
19.391,-0.620286
19.392000000000003,-0.279602
19.393,-0.11944
19.394,-0.311782
19.395000000000003,-0.292532
19.396,-0.673485
19.397,-0.291726
19.398000000000003,-0.314488
19.399,-0.594882
19.4,-0.873783
19.401000000000003,-0.760877
19.402,-0.614228
19.403,-0.358714
19.404,-0.626328
19.405,-0.827308
19.406,-0.488479
19.407,-0.48421
19.408,-0.527581
19.409,-0.078974
19.41,-0.165188
19.411,-0.368449
19.412000000000003,-0.635199
19.413,-0.669993
19.414,-0.056362
19.415000000000003,-0.469933
19.416,-0.375328
19.417,-0.306555
19.418000000000003,-0.373308
19.419,-0.73291
19.42,-0.26589
19.421000000000003,-0.746698
19.422,-0.70206
19.423,-0.632351
19.424000000000003,-0.480805
19.425,-0.641135
19.426,-0.463563
19.427000000000003,-0.409209
19.428,-0.439336
19.429,-0.447351
19.430000000000003,-0.794539
19.431,-0.343423
19.432,-0.694764
19.433,-0.574246
19.434,-0.697861
19.435,-0.726237
19.436,-0.740637
19.437,-0.408464
19.438,-0.510127
19.439,-0.444078
19.44,-0.480885
19.441000000000003,-0.423471
19.442,-0.362088
19.443,-0.56385
19.444000000000003,-0.50785
19.445,-0.494965
19.446,-0.706222
19.447000000000003,-0.421403
19.448,-0.691738
19.449,-0.679548
19.450000000000003,-0.368606
19.451,-0.667123
19.452,-0.592279
19.453000000000003,-0.671879
19.454,-0.609669
19.455,0.145666
19.456000000000003,-0.111847
19.457,-0.515048
19.458,-0.605965
19.459000000000003,-0.473601
19.46,-0.664257
19.461,-0.511937
19.462000000000003,-0.705277
19.463,-0.378036
19.464,-0.609559
19.465,0.142183
19.466,-0.738068
19.467,-0.80792
19.468,-0.428319
19.469,-0.25974
19.47,-0.438808
19.471,-0.582593
19.472,-0.571089
19.473000000000003,-0.419908
19.474,-0.515816
19.475,-0.187754
19.476000000000003,-0.6263
19.477,-0.423005
19.478,-0.297454
19.479000000000003,-0.151986
19.48,-0.197926
19.481,-0.220894
19.482000000000003,-0.613557
19.483,-0.971029
19.484,-0.706561
19.485000000000003,-0.508007
19.486,-0.305337
19.487,-0.413399
19.488000000000003,-0.299519
19.489,-0.532811
19.49,-0.46154
19.491000000000003,-0.356118
19.492,-0.59952
19.493,-0.52225
19.494000000000003,-0.55497
19.495,-0.802215
19.496,-0.465372
19.497,-0.441758
19.498,-0.315149
19.499,-0.415857
19.5,-0.317964
19.501,-0.406554
19.502,-0.494453
19.503,-0.39703
19.504,-0.66872
19.505000000000003,-0.585986
19.506,-0.462398
19.507,-0.776661
19.508000000000003,-0.729081
19.509,-0.403593
19.51,-0.358047
19.511000000000003,-0.435644
19.512,-0.793101
19.513,-0.510928
19.514000000000003,-0.762572
19.515,-0.541057
19.516,-0.262932
19.517000000000003,-0.654343
19.518,-0.705453
19.519,-0.447881
19.520000000000003,-0.378698
19.521,-0.745139
19.522,-0.57173
19.523000000000003,-0.532171
19.524,-0.606209
19.525,-0.436292
19.526000000000003,-1.064807
19.527,-0.352054
19.528,-0.606474
19.529,-0.5331
19.53,-0.712954
19.531,-0.332445
19.532,-0.635397
19.533,-0.483116
19.534,-0.236129
19.535,-0.429524
19.536,-0.591507
19.537000000000003,-0.596022
19.538,-0.404164
19.539,-0.290124
19.540000000000003,-0.380134
19.541,-0.797751
19.542,-0.421716
19.543000000000003,-0.493696
19.544,-0.498071
19.545,-0.691308
19.546000000000003,-0.604846
19.547,-0.34754
19.548,-0.498852
19.549000000000003,-0.834473
19.55,-0.633626
19.551,-0.216394
19.552000000000003,-0.642706
19.553,-0.583988
19.554,-0.856323
19.555000000000003,-0.833056
19.556,-0.62698
19.557,-0.158835
19.558,-0.311601
19.559,-0.498742
19.56,-0.273151
19.561,-0.703731
19.562,-0.355151
19.563,-0.328244
19.564,-0.59051
19.565,-0.625623
19.566000000000003,-0.036933
19.567,-0.752576
19.568,-0.716379
19.569000000000003,-0.451084
19.57,-0.482424
19.571,-0.312529
19.572000000000003,-0.56842
19.573,-0.619348
19.574,-0.952566
19.575000000000003,-0.263377
19.576,-0.37488
19.577,-0.385453
19.578000000000003,-0.66705
19.579,-0.16416
19.58,-0.57032
19.581000000000003,-0.780482
19.582,-0.503414
19.583,-0.29256
19.584000000000003,-0.95144
19.585,-0.843144
19.586,-0.596682
19.587000000000003,-0.349132
19.588,-0.216779
19.589,-0.415594
19.59,-0.345634
19.591,-0.670109
19.592,-0.263362
19.593,-0.392267
19.594,-0.315037
19.595,-0.265116
19.596,-0.331399
19.597,-0.720292
19.598000000000003,-0.759613
19.599,-0.675111
19.6,-0.42041
19.601000000000003,-0.979613
19.602,-0.821319
19.603,-0.305537
19.604000000000003,-0.442944
19.605,-0.149919
19.606,-0.991227
19.607000000000003,-0.0174
19.608,-0.731768
19.609,-0.37452
19.610000000000003,-0.430011
19.611,-0.583594
19.612,-0.392051
19.613000000000003,-0.377652
19.614,-0.495483
19.615,-0.34113
19.616000000000003,-0.410461
19.617,-0.1616
19.618,-0.61628
19.619000000000003,-0.734446
19.62,-0.337674
19.621,-0.527938
19.622,-0.26504
19.623,-0.6366
19.624,-0.505057
19.625,-0.083271
19.626,-0.300859
19.627,-0.863985
19.628,-0.59233
19.629,-0.475292
19.630000000000003,-0.622245
19.631,-0.39257
19.632,-0.267545
19.633000000000003,-0.442336
19.634,-0.670474
19.635,-0.474631
19.636000000000003,-0.402876
19.637,-0.48839
19.638,-0.460402
19.639000000000003,-0.518801
19.64,-0.779931
19.641,-0.78612
19.642000000000003,-0.44083
19.643,-0.12836
19.644,-0.456646
19.645000000000003,-0.470833
19.646,-0.633538
19.647,-0.464379
19.648000000000003,-0.768146
19.649,-0.855248
19.65,-0.575197
19.651000000000003,-0.336164
19.652,-0.127828
19.653,-0.720021
19.654,-0.88871
19.655,-0.692349
19.656,-0.643479
19.657,-0.323939
19.658,-0.130119
19.659,-0.329059
19.66,-0.659584
19.661,-0.151052
19.662000000000003,-0.244318
19.663,-0.909393
19.664,-0.37369
19.665000000000003,-0.480498
19.666,-0.811451
19.667,-0.657583
19.668000000000003,-0.786386
19.669,-0.74117
19.67,-0.377536
19.671000000000003,-0.67826
19.672,-0.485403
19.673,-0.436951
19.674000000000003,-0.336102
19.675,-0.451453
19.676,-0.450982
19.677000000000003,-0.623274
19.678,-0.446193
19.679,-0.517971
19.680000000000003,-0.33455
19.681,-0.545256
19.682,-0.866725
19.683000000000003,-0.937037
19.684,-0.847166
19.685,-0.751477
19.686,-0.864327
19.687,-0.304544
19.688,-0.577322
19.689,-0.522623
19.69,-0.854114
19.691000000000003,-0.528798
19.692,-0.338176
19.693,-0.597807
19.694000000000003,-0.269902
19.695,-0.607423
19.696,-0.254647
19.697000000000003,-0.198127
19.698,-0.565902
19.699,-0.25961
19.700000000000003,-0.227516
19.701,-0.681696
19.702,-0.346497
19.703000000000003,-0.363878
19.704,-0.767932
19.705,-0.596588
19.706000000000003,-0.38318
19.707,-0.473817
19.708,-0.50717
19.709000000000003,-0.284502
19.71,-0.184263
19.711,-0.743236
19.712000000000003,-0.503739
19.713,-0.607996
19.714,-0.64726
19.715,-0.412159
19.716,-0.748687
19.717,-0.452808
19.718,-0.619278
19.719,-0.884247
19.72,-0.514484
19.721,-0.162624
19.722,-0.588773
19.723000000000003,-0.443198
19.724,-0.934508
19.725,-0.482449
19.726000000000003,-0.486247
19.727,-0.74958
19.728,-0.330116
19.729000000000003,-0.325364
19.73,-0.744015
19.731,-0.344045
19.732000000000003,-0.135218
19.733,-0.440881
19.734,-0.493751
19.735000000000003,-0.638599
19.736,-0.662216
19.737,-0.47999
19.738000000000003,-0.347804
19.739,-0.604217
19.74,-0.401951
19.741000000000003,-0.48206
19.742,-0.527496
19.743,-0.977047
19.744000000000003,-0.840102
19.745,-0.346067
19.746,-0.37128
19.747,-0.329308
19.748,-0.476117
19.749,-0.418857
19.75,-0.575808
19.751,-0.742174
19.752,-0.543352
19.753,-0.369332
19.754,-0.222485
19.755000000000003,-0.27022
19.756,-0.162552
19.757,-0.602466
19.758000000000003,-0.300547
19.759,-0.723686
19.76,-0.350923
19.761000000000003,-0.541425
19.762,-0.363136
19.763,-0.242003
19.764000000000003,-0.432701
19.765,-0.520187
19.766,-0.774099
19.767000000000003,-0.758792
19.768,-0.64984
19.769,-0.242929
19.770000000000003,-0.398507
19.771,-0.414599
19.772,-0.655966
19.773000000000003,-0.63365
19.774,-0.939849
19.775,-0.303397
19.776000000000003,-0.179577
19.777,-0.240192
19.778,-0.419311
19.779,-0.39157
19.78,-0.133564
19.781,-0.579811
19.782,-0.40109
19.783,-0.914271
19.784,-0.248502
19.785,-0.565703
19.786,-0.554538
19.787000000000003,-0.583935
19.788,-0.214512
19.789,-0.760812
19.790000000000003,-0.512343
19.791,-0.815325
19.792,-0.365078
19.793000000000003,-0.396233
19.794,-0.522184
19.795,-0.509427
19.796000000000003,-0.505288
19.797,-0.47021
19.798,0.019177
19.799000000000003,-0.160806
19.8,-0.460244
19.801,-0.271659
19.802000000000003,-0.629312
19.803,-0.548136
19.804,-0.572421
19.805000000000003,-0.571002
19.806,-0.404199
19.807,-0.318346
19.808000000000003,-0.305766
19.809,-0.57209
19.81,-0.448103
19.811,-0.235677
19.812,-0.389367
19.813,-0.372501
19.814,-0.854466
19.815,-0.368269
19.816000000000003,-0.552663
19.817,-0.667567
19.818,-0.700812
19.819000000000003,-0.719378
19.82,-0.777892
19.821,-0.642856
19.822000000000003,-0.882525
19.823,-0.559811
19.824,-0.689337
19.825000000000003,-0.603661
19.826,-0.483649
19.827,-0.722824
19.828000000000003,-0.449826
19.829,-0.423429
19.83,-0.667005
19.831000000000003,-0.455851
19.832,-0.743706
19.833,-0.439269
19.834000000000003,-0.388253
19.835,-0.539351
19.836,-0.658202
19.837000000000003,-0.460861
19.838,-0.499631
19.839,-0.53047
19.84,-0.036025
19.841,-0.596493
19.842,-0.957459
19.843,-0.222186
19.844,-0.155036
19.845,-0.594266
19.846,-0.474461
19.847,-0.522694
19.848000000000003,-0.39784
19.849,-0.462735
19.85,-0.542329
19.851000000000003,-0.451098
19.852,-0.516053
19.853,-0.48571
19.854000000000003,-0.458759
19.855,-0.477808
19.856,-0.096816
19.857000000000003,-0.659038
19.858,-0.36605
19.859,-0.246623
19.860000000000003,-0.730019
19.861,-0.252259
19.862,-0.5142
19.863000000000003,-0.317138
19.864,-0.812579
19.865,-0.710383
19.866000000000003,-0.657229
19.867,-0.554292
19.868,-0.428515
19.869000000000003,-0.247615
19.87,-0.374491
19.871,-0.661502
19.872,-0.650147
19.873,-0.685507
19.874,0.056136
19.875,-0.481463
19.876,-0.483004
19.877,-0.469382
19.878,-0.470395
19.879,-0.497626
19.880000000000003,-0.591648
19.881,-0.360647
19.882,-0.348162
19.883000000000003,-0.398433
19.884,-0.664761
19.885,-0.538254
19.886000000000003,-0.473348
19.887,-0.243607
19.888,-0.840504
19.889000000000003,-0.614418
19.89,-0.265221
19.891,-0.506721
19.892000000000003,-0.768597
19.893,-0.01615
19.894,-0.459806
19.895000000000003,-0.563682
19.896,-0.374158
19.897,-0.471206
19.898000000000003,-0.581379
19.899,-0.721398
19.9,-0.397767
19.901000000000003,-0.58722
19.902,-0.703015
19.903,-0.936256
19.904,-0.258555
19.905,-0.128797
19.906,-0.221035
19.907,-0.387072
19.908,-0.194424
19.909,-0.493606
19.91,-0.623888
19.911,-0.570236
19.912000000000003,-0.600568
19.913,-0.446112
19.914,-0.235958
19.915000000000003,-0.687594
19.916,-0.726585
19.917,-0.156828
19.918000000000003,-0.685107
19.919,-0.269161
19.92,-0.362664
19.921000000000003,-0.534456
19.922,-0.010922
19.923,-0.614813
19.924000000000003,-0.698926
19.925,-0.618391
19.926,-0.652571
19.927000000000003,-0.664084
19.928,-0.293148
19.929,-0.394412
19.930000000000003,-0.231506
19.931,-0.921406
19.932,-0.839779
19.933000000000003,-0.4728
19.934,-0.814468
19.935,-0.904456
19.936,-0.813231
19.937,-0.659819
19.938,-0.523692
19.939,-0.718267
19.94,-0.832291
19.941000000000003,-0.474823
19.942,-0.325887
19.943,-0.498682
19.944000000000003,-0.562314
19.945,-0.281292
19.946,-0.571686
19.947000000000003,-0.469624
19.948,-0.425817
19.949,-0.38773
19.950000000000003,-0.332424
19.951,-0.471954
19.952,-0.583573
19.953000000000003,-0.661648
19.954,-0.63568
19.955,-0.392874
19.956000000000003,-0.617653
19.957,-0.286121
19.958,-0.396492
19.959000000000003,-0.240505
19.96,-0.048672
19.961,-0.154057
19.962000000000003,-0.197832
19.963,-0.627471
19.964,-0.55889
19.965,-0.544706
19.966,-0.482497
19.967,-0.470525
19.968,-0.270155
19.969,-0.319188
19.97,-0.276467
19.971,-0.690715
19.972,-0.757703
19.973000000000003,-0.614149
19.974,-0.27879
19.975,-0.707105
19.976000000000003,-0.092629
19.977,-0.210204
19.978,-0.909834
19.979000000000003,-0.326202
19.98,-0.642596
19.981,-0.259578
19.982000000000003,-0.474493
19.983,-0.439076
19.984,-0.422586
19.985000000000003,-0.337255
19.986,-0.547088
19.987,-0.720495
19.988000000000003,-0.403415
19.989,-0.270033
19.99,-0.613175
19.991000000000003,-0.038196
19.992,-0.576915
19.993,-0.503553
19.994000000000003,-0.437442
19.995,-0.340338
19.996,-0.306863
19.997,-0.881568
19.998,-0.230028
19.999,-0.22166
20.0,-0.559691
20.001,-0.717907
20.002,-0.119796
20.003,-0.527999
20.004,-0.492404
20.005000000000003,-0.593311
20.006,-0.075154
20.007,0.156533
20.008000000000003,-0.477014
20.009,-0.558934
20.01,-0.216099
20.011000000000003,-0.589845
20.012,-0.265428
20.013,-0.566758
20.014000000000003,-0.292605
20.015,-0.559248
20.016,-0.273318
20.017000000000003,-0.415835
20.018,-0.576436
20.019,-0.533189
20.020000000000003,-0.367414
20.021,-0.070613
20.022,0.015216
20.023000000000003,-0.394493
20.024,-0.601113
20.025,-0.02895
20.026000000000003,-0.107634
20.027,0.018006
20.028,-0.604524
20.029,-0.309446
20.03,-0.512635
20.031,-0.654489
20.032,-0.550481
20.033,-0.630787
20.034,-0.104459
20.035,-0.530133
20.036,-0.561651
20.037000000000003,-0.387815
20.038,-0.476622
20.039,-0.69839
20.040000000000003,-0.349556
20.041,-0.723314
20.042,-0.512451
20.043000000000003,-0.479625
20.044,-0.460453
20.045,-0.460907
20.046000000000003,-0.563007
20.047,-0.112496
20.048,-0.30229
20.049000000000003,-0.519558
20.05,-0.333084
20.051,-0.306188
20.052000000000003,-0.866477
20.053,-0.565661
20.054,-0.066233
20.055000000000003,-0.252095
20.056,-0.403982
20.057,-0.669073
20.058000000000003,-0.657802
20.059,-0.31066
20.06,-0.038138
20.061,-0.193483
20.062,-0.522
20.063,-0.441461
20.064,-0.048368
20.065,-0.384815
20.066000000000003,-0.361741
20.067,-0.550862
20.068,-0.642392
20.069000000000003,-0.648762
20.07,-0.602553
20.071,-0.41588
20.072000000000003,-0.730902
20.073,-0.528426
20.074,-0.438792
20.075000000000003,-0.422751
20.076,-0.202549
20.077,-0.199159
20.078000000000003,-0.424519
20.079,-0.781732
20.08,-0.655832
20.081000000000003,-0.386502
20.082,-0.722529
20.083,-0.422877
20.084000000000003,-0.475733
20.085,-0.218631
20.086,-0.492019
20.087000000000003,-0.399927
20.088,-0.537643
20.089,-0.534359
20.090000000000003,-0.329218
20.091,-0.419764
20.092,-0.47736
20.093,-0.153005
20.094,-0.433027
20.095,-0.703772
20.096,-0.195353
20.097,-0.111743
20.098000000000003,-0.387934
20.099,-0.204498
20.1,-0.482269
20.101000000000003,-0.589787
20.102,-0.278868
20.103,-0.207633
20.104000000000003,-0.231225
20.105,-0.524689
20.106,-0.595921
20.107000000000003,-0.303857
20.108,-0.430548
20.109,-0.380469
20.110000000000003,-0.358749
20.111,-0.20846
20.112,-0.110651
20.113000000000003,-0.503774
20.114,-0.466077
20.115,-0.438523
20.116000000000003,-0.546326
20.117,-0.727379
20.118,-0.839144
20.119000000000003,-0.337774
20.12,-0.705449
20.121,-0.399033
20.122,-0.355978
20.123,-0.112339
20.124,-0.432869
20.125,-0.232387
20.126,-0.368838
20.127,-0.23351
20.128,-0.861857
20.129,-0.608604
20.130000000000003,-0.224173
20.131,-0.411268
20.132,-0.629197
20.133000000000003,-0.506562
20.134,-0.035001
20.135,-0.711869
20.136000000000003,-0.332085
20.137,-0.367526
20.138,-0.362305
20.139000000000003,-0.643566
20.14,-0.469049
20.141,-0.715075
20.142000000000003,-0.631536
20.143,-0.609396
20.144,-0.973824
20.145000000000003,-0.841416
20.146,-0.438249
20.147,-0.803046
20.148000000000003,-0.07672
20.149,-0.274801
20.15,-0.427991
20.151000000000003,-0.48202
20.152,-0.705902
20.153,-0.438249
20.154,-0.283692
20.155,-0.318432
20.156,-0.179766
20.157,-0.014402
20.158,-1.029839
20.159,-0.413353
20.16,-0.458002
20.161,-0.624089
20.162000000000003,-0.433833
20.163,-0.641
20.164,-0.014171
20.165000000000003,-0.466912
20.166,-0.180627
20.167,-0.53577
20.168000000000003,-0.622891
20.169,-0.401059
20.17,-0.377652
20.171000000000003,-0.72766
20.172,-0.386143
20.173,-0.408078
20.174000000000003,-0.423027
20.175,-0.405228
20.176,-0.265165
20.177000000000003,-0.197835
20.178,-0.539602
20.179,-0.243126
20.180000000000003,-0.764355
20.181,-0.436626
20.182,-0.15766
20.183000000000003,-0.570566
20.184,-0.277258
20.185,-0.268429
20.186,-0.72197
20.187,-0.31047
20.188,-0.498577
20.189,-0.472172
20.19,-0.603101
20.191000000000003,-0.536988
20.192,-0.310537
20.193,-0.30176
20.194000000000003,-0.363718
20.195,-0.533626
20.196,-1.05738
20.197000000000003,-0.876675
20.198,-0.466718
20.199,-0.590549
20.200000000000003,-0.300169
20.201,-0.153687
20.202,-0.780428
20.203000000000003,-0.379062
20.204,-0.23163
20.205,-0.323871
20.206000000000003,-0.390825
20.207,-1.022136
20.208,-0.694757
20.209000000000003,-0.455701
20.21,-0.43426
20.211,-0.507118
20.212000000000003,-0.444274
20.213,-0.387338
20.214,-0.287718
20.215000000000003,-0.009146
20.216,-0.558223
20.217,-0.704566
20.218,-0.421199
20.219,-0.120239
20.22,-0.321519
20.221,-0.702356
20.222,-0.525686
20.223000000000003,-0.4005
20.224,-0.349587
20.225,-0.277217
20.226000000000003,-0.38927
20.227,-0.670019
20.228,-0.510759
20.229000000000003,-0.444539
20.23,-0.181604
20.231,-0.615926
20.232000000000003,-0.402158
20.233,-0.391326
20.234,-0.411625
20.235000000000003,-0.354536
20.236,-0.632457
20.237,-0.701355
20.238000000000003,-0.631248
20.239,-0.640643
20.24,-0.772173
20.241000000000003,-0.395466
20.242,-0.406705
20.243,-0.544757
20.244000000000003,-0.657964
20.245,-0.512617
20.246,-0.6013
20.247,-0.487019
20.248,-0.422282
20.249,-0.563179
20.25,-0.459919
20.251,-0.211784
20.252,-0.160652
20.253,-0.043209
20.254,-0.372284
20.255000000000003,-0.38473
20.256,-0.314874
20.257,-0.372676
20.258000000000003,-0.189073
20.259,-0.605096
20.26,-0.188944
20.261000000000003,-0.680626
20.262,-0.455214
20.263,-0.528224
20.264000000000003,-0.416098
20.265,-0.499151
20.266,-0.756474
20.267000000000003,-0.157631
20.268,-0.326361
20.269,-0.349923
20.270000000000003,-0.916429
20.271,-0.2949
20.272,-0.677897
20.273000000000003,-0.599634
20.274,-0.664303
20.275,-0.418981
20.276000000000003,-0.547129
20.277,-0.681199
20.278,-0.346757
20.279,-0.629341
20.28,-0.259226
20.281,-0.144164
20.282,-0.219523
20.283,-0.518255
20.284,-0.058116
20.285,-0.358801
20.286,-0.418273
20.287000000000003,-0.63146
20.288,-0.570192
20.289,-0.826404
20.290000000000003,-0.623355
20.291,-0.349616
20.292,-0.25818
20.293000000000003,-0.241804
20.294,-0.032148
20.295,-0.488479
20.296000000000003,-0.199058
20.297,-0.8046
20.298,-0.528789
20.299000000000003,-0.382799
20.3,-0.040517
20.301,-0.451439
20.302000000000003,-0.234787
20.303,-0.60364
20.304,-0.330092
20.305000000000003,-0.314392
20.306,-0.513388
20.307,-0.288485
20.308000000000003,-0.256232
20.309,-0.151458
20.31,-0.831251
20.311,-0.683688
20.312,-0.290943
20.313,-0.493581
20.314,-0.496264
20.315,-0.268365
20.316000000000003,-0.518801
20.317,-0.758214
20.318,-0.629103
20.319000000000003,-0.408181
20.32,-0.404487
20.321,-0.467218
20.322000000000003,-0.294047
20.323,-0.184193
20.324,-0.138965
20.325000000000003,-0.328996
20.326,-0.633805
20.327,-0.497287
20.328000000000003,-0.265856
20.329,-0.518603
20.33,-0.133262
20.331000000000003,-0.334274
20.332,-0.606328
20.333,-0.469553
20.334000000000003,-0.702413
20.335,-0.409693
20.336,-0.63163
20.337000000000003,-0.082997
20.338,-0.016144
20.339,-0.594455
20.340000000000003,-0.153575
20.341,-0.133762
20.342,-0.361623
20.343,-0.175675
20.344,-0.325473
20.345,-0.125215
20.346,-0.339474
20.347,-0.663208
20.348000000000003,-0.5734
20.349,-0.334363
20.35,-0.721514
20.351000000000003,-0.135307
20.352,-0.3602
20.353,-0.34301
20.354000000000003,-0.672982
20.355,-0.52225
20.356,0.019423
20.357000000000003,-0.118874
20.358,-0.310345
20.359,-0.635695
20.360000000000003,-0.190774
20.361,-0.404759
20.362,-0.7709
20.363000000000003,-0.35836
20.364,-0.414817
20.365,-0.350198
20.366000000000003,0.071184
20.367,-0.357583
20.368,-0.603047
20.369000000000003,-0.512112
20.37,-0.348376
20.371,-0.137094
20.372000000000003,-0.137595
20.373,-0.755646
20.374,-0.107802
20.375,-0.567808
20.376,-0.632367
20.377,-0.612048
20.378,-0.158823
20.379,-0.633534
20.380000000000003,-0.290091
20.381,-0.518819
20.382,-0.223819
20.383000000000003,-0.422837
20.384,-0.518422
20.385,-0.548746
20.386000000000003,-0.391885
20.387,-0.583594
20.388,-0.773869
20.389000000000003,-0.240153
20.39,-0.143667
20.391,-0.286128
20.392000000000003,-0.180642
20.393,-0.21499
20.394,-0.346554
20.395000000000003,-0.32112
20.396,-0.00887
20.397,-0.675214
20.398000000000003,-0.303111
20.399,-0.720528
20.4,-0.564251
20.401000000000003,-0.59492
20.402,0.000293
20.403,-0.068195
20.404,-0.176875
20.405,-0.222908
20.406,-0.571193
20.407,-0.387131
20.408,-0.412334
20.409,-0.460778
20.41,-0.535475
20.411,-0.319292
20.412000000000003,-0.551002
20.413,-0.350595
20.414,-0.840859
20.415000000000003,-0.471703
20.416,-0.783628
20.417,-0.075753
20.418000000000003,-0.602771
20.419,-0.388646
20.42,-0.504049
20.421000000000003,-0.410817
20.422,-0.41794
20.423,-0.346477
20.424000000000003,-0.566273
20.425,-0.730467
20.426,-0.520423
20.427000000000003,-0.603072
20.428,-0.083956
20.429,-0.441215
20.430000000000003,-0.23732
20.431,-0.744786
20.432,-0.194774
20.433000000000003,-0.208245
20.434,-0.420053
20.435,-0.473118
20.436,-0.503189
20.437,-0.482125
20.438,-0.513432
20.439,-0.627852
20.44,-0.322044
20.441000000000003,-0.310246
20.442,-0.287786
20.443,-0.363209
20.444000000000003,0.006732
20.445,-0.142362
20.446,-0.269964
20.447000000000003,-0.73441
20.448,-0.362316
20.449,-0.432253
20.450000000000003,-0.413806
20.451,-0.451745
20.452,-0.21239
20.453000000000003,-0.344407
20.454,-0.39509
20.455,-0.413333
20.456000000000003,-0.431515
20.457,-0.525645
20.458,-0.143416
20.459000000000003,-0.337882
20.46,-0.700083
20.461,-0.522122
20.462000000000003,-0.496288
20.463,-0.10845
20.464,-0.28533
20.465000000000003,-0.783271
20.466,-0.384248
20.467,-0.468831
20.468,-0.610917
20.469,-0.444492
20.47,-0.717203
20.471,-0.418746
20.472,-0.477185
20.473000000000003,-0.520696
20.474,-0.806871
20.475,-0.333595
20.476000000000003,-0.273946
20.477,-0.474482
20.478,-0.680185
20.479000000000003,-0.477535
20.48,-0.207392
20.481,-0.475879
20.482000000000003,-0.364586
20.483,-0.58761
20.484,-0.626979
20.485000000000003,-0.632124
20.486,-0.241934
20.487,-0.290912
20.488000000000003,-0.415898
20.489,-0.567479
20.49,-0.397511
20.491000000000003,-0.354751
20.492,-0.677352
20.493,-0.425008
20.494000000000003,-0.426708
20.495,-0.652398
20.496,-0.167977
20.497000000000003,-0.281294
20.498,-0.037715
20.499,-0.564531
20.5,-0.468351
20.501,-0.63381
20.502,-0.615878
20.503,-0.562628
20.504,-0.647942
20.505000000000003,-0.550726
20.506,-0.379443
20.507,-0.054229
20.508000000000003,-0.672743
20.509,-0.418312
20.51,-0.525761
20.511000000000003,-0.3508
20.512,-0.520498
20.513,-0.52953
20.514000000000003,-0.395361
20.515,-0.509529
20.516,-0.413786
20.517000000000003,-0.40358
20.518,-0.449299
20.519,-0.294893
20.520000000000003,-0.755507
20.521,-0.48945
20.522,-0.280472
20.523000000000003,0.002668
20.524,-0.360177
20.525,-0.276413
20.526000000000003,-0.278804
20.527,-0.541894
20.528,-0.512129
20.529,-0.248361
20.53,-0.110522
20.531,-0.037221
20.532,-0.414256
20.533,-0.217943
20.534,-0.299683
20.535,-0.639656
20.536,-0.607153
20.537000000000003,-0.446439
20.538,-0.186978
20.539,-0.227994
20.540000000000003,-0.310817
20.541,-0.459148
20.542,-0.544324
20.543000000000003,-0.336556
20.544,-0.466245
20.545,-0.354528
20.546000000000003,-0.638761
20.547,-0.459865
20.548,-0.557235
20.549000000000003,-0.3508
20.55,-0.5069
20.551,-0.694645
20.552000000000003,-0.012199
20.553,-0.525465
20.554,-0.416981
20.555000000000003,-0.648011
20.556,-0.457763
20.557,-0.423284
20.558000000000003,-0.438847
20.559,-0.676216
20.56,-0.189307
20.561,-0.222029
20.562,-0.263585
20.563,-0.053377
20.564,-0.42559
20.565,-0.410432
20.566000000000003,-0.419124
20.567,-0.518104
20.568,-0.710183
20.569000000000003,-0.340894
20.57,-0.548302
20.571,-0.606637
20.572000000000003,-0.438058
20.573,-0.46501
20.574,-0.471948
20.575000000000003,-0.23615
20.576,-0.758181
20.577,-0.315519
20.578000000000003,-0.526312
20.579,-0.457657
20.58,-0.686353
20.581000000000003,-0.281268
20.582,-0.343888
20.583,-0.500918
20.584000000000003,-0.411673
20.585,-0.318051
20.586,-0.310563
20.587000000000003,-0.393193
20.588,-0.928247
20.589,-0.414259
20.590000000000003,-0.467191
20.591,-0.71812
20.592,-0.246673
20.593,-0.627595
20.594,-0.233615
20.595,-0.127522
20.596,-0.364329
20.597,-0.387306
20.598000000000003,-0.311197
20.599,-0.57626
20.6,-0.578373
20.601000000000003,-0.387261
20.602,-0.25036
20.603,-0.352514
20.604000000000003,-0.597696
20.605,-0.464151
20.606,-0.662636
20.607000000000003,-0.522211
20.608,-0.555898
20.609,-0.361695
20.610000000000003,-0.379204
20.611,-0.573873
20.612,-0.695726
20.613000000000003,-0.57362
20.614,-0.451257
20.615,-0.518351
20.616000000000003,-0.807562
20.617,-0.351844
20.618,-0.715486
20.619000000000003,-0.508332
20.62,-0.388941
20.621,-0.148088
20.622000000000003,-0.209437
20.623,-0.387688
20.624,-0.679585
20.625,-0.425838
20.626,-0.501621
20.627,-0.29752
20.628,-0.714543
20.629,-0.437547
20.630000000000003,-0.519027
20.631,-0.157918
20.632,-0.450869
20.633000000000003,-0.423986
20.634,-0.68727
20.635,-0.658827
20.636000000000003,-0.381657
20.637,-0.80743
20.638,-0.260372
20.639000000000003,-0.450865
20.64,-0.286131
20.641,-0.459473
20.642000000000003,-0.102126
20.643,-0.533509
20.644,-0.416118
20.645000000000003,-0.66315
20.646,-0.868034
20.647,-0.290144
20.648000000000003,-0.29181
20.649,-0.412512
20.65,-0.433459
20.651000000000003,-0.744808
20.652,-0.481676
20.653,-0.193191
20.654,-0.481259
20.655,-0.86822
20.656,-0.399267
20.657,-0.507341
20.658,-0.482327
20.659,-0.668243
20.66,-0.561683
20.661,-0.646486
20.662000000000003,-0.803913
20.663,-0.404548
20.664,-0.574583
20.665000000000003,-0.346257
20.666,-0.374579
20.667,-0.870163
20.668000000000003,-0.767489
20.669,-0.69056
20.67,-0.300576
20.671000000000003,-0.426775
20.672,-0.135212
20.673,-0.566629
20.674000000000003,-0.601235
20.675,-0.500608
20.676,-0.377311
20.677000000000003,-0.411455
20.678,-0.300523
20.679,-0.605178
20.680000000000003,-0.651771
20.681,-0.460534
20.682,-0.412433
20.683000000000003,-0.820917
20.684,-0.606063
20.685,-0.392659
20.686,-0.384074
20.687,-0.292529
20.688,-0.424713
20.689,-0.568376
20.69,-0.349434
20.691000000000003,-0.216142
20.692,-0.441124
20.693,-0.548289
20.694000000000003,-0.579708
20.695,-0.491183
20.696,-0.798536
20.697000000000003,-0.405326
20.698,-0.269131
20.699,-0.627967
20.700000000000003,-0.605005
20.701,-0.556632
20.702,-0.233135
20.703000000000003,-0.335395
20.704,-0.341246
20.705,-0.277259
20.706000000000003,-0.416358
20.707,-0.655923
20.708,-0.656875
20.709000000000003,-0.282067
20.71,-0.647301
20.711,-0.683432
20.712000000000003,-0.415812
20.713,-0.525424
20.714,-0.450205
20.715000000000003,-0.422115
20.716,-0.299685
20.717,-0.624676
20.718,-0.338377
20.719,-0.29884
20.72,-0.29024
20.721,-0.857882
20.722,-0.386637
20.723000000000003,-0.483438
20.724,-0.502919
20.725,-0.610342
20.726000000000003,-0.442524
20.727,-0.270062
20.728,-0.70328
20.729000000000003,-0.468762
20.73,-0.586659
20.731,-0.325047
20.732000000000003,-0.479063
20.733,-0.413747
20.734,-0.421501
20.735000000000003,-0.42393
20.736,-0.190516
20.737,-0.5526
20.738000000000003,-0.229341
20.739,-0.354162
20.74,-0.24466
20.741000000000003,0.098662
20.742,-0.402559
20.743,-0.564282
20.744000000000003,-0.538176
20.745,-0.308764
20.746,0.002378
20.747000000000003,-0.408497
20.748,-0.367287
20.749,-0.273114
20.75,0.059533
20.751,0.051024
20.752,-0.390789
20.753,-0.670702
20.754,-0.207749
20.755000000000003,-0.584104
20.756,-0.35397
20.757,-0.26924
20.758000000000003,-0.369842
20.759,-0.600239
20.76,-0.583301
20.761000000000003,-0.506667
20.762,-0.599397
20.763,-0.603945
20.764000000000003,-0.557721
20.765,-0.370159
20.766,-0.311588
20.767000000000003,-0.706334
20.768,-0.609179
20.769,-0.609198
20.770000000000003,-0.565137
20.771,-0.16485
20.772,-0.667489
20.773000000000003,-0.522104
20.774,-0.383655
20.775,-0.36966
20.776000000000003,-0.427408
20.777,-0.318448
20.778,-0.522694
20.779000000000003,-0.191877
20.78,-0.07328
20.781,-0.129076
20.782,-0.531389
20.783,-0.357516
20.784,-0.346233
20.785,-0.403671
20.786,-0.04483
20.787000000000003,-0.26589
20.788,-0.209305
20.789,0.012752
20.790000000000003,-0.827408
20.791,-0.345548
20.792,-0.731118
20.793000000000003,-0.580875
20.794,-0.196228
20.795,-0.179668
20.796000000000003,-0.388885
20.797,-0.496
20.798,0.051534
20.799000000000003,-0.175555
20.8,-0.58742
20.801,-0.234091
20.802000000000003,-0.327275
20.803,-0.688579
20.804,-0.575436
20.805000000000003,-0.399221
20.806,-0.55186
20.807,-0.551942
20.808000000000003,-0.28782
20.809,-0.230813
20.81,-0.603809
20.811,-0.537675
20.812,-0.507816
20.813,-0.299108
20.814,-0.642952
20.815,-0.04027
20.816000000000003,-0.389847
20.817,-0.307503
20.818,-0.450652
20.819000000000003,-0.663781
20.82,-0.464296
20.821,-0.146987
20.822000000000003,-0.360637
20.823,-0.747981
20.824,-0.357156
20.825000000000003,-0.298251
20.826,-0.519873
20.827,-0.335417
20.828000000000003,-0.378756
20.829,-0.302299
20.83,-0.547044
20.831000000000003,-0.201934
20.832,-0.405177
20.833,-0.483951
20.834000000000003,-0.470029
20.835,-0.347306
20.836,-0.551454
20.837000000000003,-0.646303
20.838,-0.381788
20.839,-0.286957
20.840000000000003,-0.337874
20.841,-0.506271
20.842,-0.326005
20.843,-0.532714
20.844,-0.328141
20.845,-0.017601
20.846,-0.42226
20.847,-0.599124
20.848000000000003,-0.792476
20.849,-0.424599
20.85,-0.64068
20.851000000000003,-0.477801
20.852,-0.541532
20.853,-0.439855
20.854000000000003,-0.745892
20.855,-0.78896
20.856,-0.482055
20.857000000000003,-0.323338
20.858,-0.440273
20.859,-0.508063
20.860000000000003,-0.402294
20.861,-0.412282
20.862,-0.52108
20.863000000000003,-0.547361
20.864,-0.560661
20.865,-0.628559
20.866000000000003,-0.618347
20.867,-0.050445
20.868,-0.44238
20.869000000000003,-0.078988
20.87,-0.443369
20.871,-0.474001
20.872000000000003,-0.429716
20.873,-0.168143
20.874,-0.608056
20.875,-0.415231
20.876,-0.582128
20.877,-0.560165
20.878,-0.523344
20.879,-0.518113
20.880000000000003,-0.274054
20.881,-0.525129
20.882,-0.131592
20.883000000000003,-0.761593
20.884,-0.156595
20.885,-0.497238
20.886000000000003,-0.694193
20.887,-0.467851
20.888,-0.406423
20.889000000000003,-0.041119
20.89,-0.625525
20.891,-0.655249
20.892000000000003,-0.198764
20.893,-0.329695
20.894,-0.281302
20.895000000000003,-0.130792
20.896,-0.281279
20.897,-0.202558
20.898000000000003,-0.232299
20.899,-0.616283
20.9,-0.330298
20.901000000000003,-0.439292
20.902,-0.107301
20.903,-0.502314
20.904000000000003,-0.456867
20.905,-0.207574
20.906,-0.476508
20.907,-0.37596
20.908,-0.850407
20.909,-0.406537
20.91,-0.748509
20.911,-0.161636
20.912000000000003,-0.336434
20.913,-0.710762
20.914,-0.488604
20.915000000000003,-0.52777
20.916,-0.4832
20.917,-0.447115
20.918000000000003,-0.434211
20.919,-0.408475
20.92,-0.532569
20.921000000000003,-0.343374
20.922,-0.31121
20.923,-0.415025
20.924000000000003,-0.257351
20.925,-0.347354
20.926,-0.373362
20.927000000000003,-0.170333
20.928,-0.818018
20.929,-0.230171
20.930000000000003,-0.654585
20.931,-0.094131
20.932,-0.562965
20.933000000000003,-0.544485
20.934,-0.509768
20.935,-0.614781
20.936,-0.516524
20.937,-0.48083
20.938,-0.30222
20.939,-0.339213
20.94,-0.421653
20.941000000000003,-0.671315
20.942,-0.541275
20.943,-0.202363
20.944000000000003,-0.424282
20.945,-0.55769
20.946,-0.265078
20.947000000000003,-0.417408
20.948,-0.112931
20.949,-0.767635
20.950000000000003,-0.553363
20.951,-0.549832
20.952,-0.307232
20.953000000000003,-0.616334
20.954,-0.652571
20.955,-0.320969
20.956000000000003,-0.224894
20.957,-0.458307
20.958,-0.096949
20.959000000000003,-0.332201
20.96,-0.433733
20.961,-0.273168
20.962000000000003,-0.820797
20.963,-0.429719
20.964,-0.543556
20.965000000000003,-0.764777
20.966,-0.601997
20.967,-0.250068
20.968,-0.482821
20.969,-0.408826
20.97,-0.580522
20.971,-0.755962
20.972,-0.585408
20.973000000000003,-0.1493
20.974,-0.512617
20.975,-0.537786
20.976000000000003,-0.266865
20.977,-0.54278
20.978,-0.472199
20.979000000000003,0.025052
20.98,-0.371031
20.981,-0.608822
20.982000000000003,-0.434704
20.983,-0.637959
20.984,-0.719639
20.985000000000003,-0.513565
20.986,-0.660903
20.987,-0.456913
20.988000000000003,-0.595733
20.989,-0.506057
20.99,-0.288503
20.991000000000003,-0.47664
20.992,-0.57967
20.993,-0.196373
20.994000000000003,-0.514165
20.995,-0.477972
20.996,-0.435874
20.997000000000003,-0.659302
20.998,-0.256581
20.999,-0.635547
21.0,-0.460587
21.001,-0.432161
21.002,-0.352493
21.003,-0.798769
21.004,-0.549224
21.005000000000003,-0.38446
21.006,-0.309314
21.007,-0.475168
21.008000000000003,-0.430097
21.009,-0.307312
21.01,-0.424562
21.011000000000003,-0.377296
21.012,-0.461505
21.013,-0.033988
21.014000000000003,-0.465256
21.015,-0.602854
21.016,-0.544395
21.017000000000003,-0.114138
21.018,-0.662522
21.019,-0.51483
21.020000000000003,-0.722892
21.021,-0.628498
21.022,-0.048602
21.023000000000003,-0.557862
21.024,-0.422622
21.025,-0.660068
21.026000000000003,-0.601269
21.027,-0.29183
21.028,-0.347413
21.029000000000003,-0.309053
21.03,-0.47984
21.031,-0.380222
21.032,-0.181963
21.033,-0.445909
21.034,0.098442
21.035,-0.608318
21.036,-0.466387
21.037000000000003,-0.552345
21.038,-0.65349
21.039,-0.234086
21.040000000000003,-0.375874
21.041,-0.232855
21.042,-0.31732
21.043000000000003,-0.367591
21.044,-0.715849
21.045,-0.684912
21.046000000000003,-0.795458
21.047,-0.343055
21.048,-0.358229
21.049000000000003,-0.478365
21.05,-0.678099
21.051,-0.382922
21.052000000000003,-0.518819
21.053,-0.338268
21.054,-0.278088
21.055000000000003,-0.88169
21.056,-0.876316
21.057,-0.321583
21.058000000000003,-0.681186
21.059,-0.947448
21.06,-0.871115
21.061000000000003,-0.570331
21.062,-0.749225
21.063,-0.63389
21.064,-0.730918
21.065,-0.440632
21.066000000000003,-0.526186
21.067,-0.736631
21.068,-0.461363
21.069000000000003,-0.320734
21.07,-0.569445
21.071,-0.770787
21.072000000000003,-0.516183
21.073,-0.212314
21.074,-0.897626
21.075000000000003,-0.227301
21.076,-0.278838
21.077,-0.638453
21.078000000000003,-0.530507
21.079,-0.022304
21.08,-0.162896
21.081000000000003,-0.48476
21.082,-0.615271
21.083,-0.550575
21.084000000000003,-0.501692
21.085,-0.504789
21.086,-0.643442
21.087000000000003,-0.079295
21.088,-0.008759
21.089,-0.143722
21.090000000000003,-0.572748
21.091,-0.502703
21.092,-0.675252
21.093,-0.302317
21.094,-0.383104
21.095,-0.099213
21.096,-0.668471
21.097,-0.626453
21.098000000000003,-0.827591
21.099,-0.347668
21.1,-0.695663
21.101000000000003,-0.584139
21.102,-0.478722
21.103,-0.50153
21.104000000000003,-0.230834
21.105,-0.562192
21.106,-0.270777
21.107000000000003,-0.471703
21.108,-0.763524
21.109,-0.526879
21.110000000000003,-0.381743
21.111,-0.295013
21.112,-0.717904
21.113000000000003,-0.479065
21.114,-0.580032
21.115,-0.446463
21.116000000000003,-0.375243
21.117,-0.351298
21.118,-0.180983
21.119000000000003,-0.494783
21.12,-0.472716
21.121,-0.768588
21.122000000000003,-0.200777
21.123,-0.404274
21.124,-0.36122
21.125,-0.383318
21.126,-0.520299
21.127,-0.580116
21.128,-0.121447
21.129,-0.752951
21.130000000000003,-0.602629
21.131,-0.758037
21.132,-1.030134
21.133000000000003,-0.334712
21.134,-0.339507
21.135,-0.435137
21.136000000000003,-0.123281
21.137,-0.4312
21.138,-0.562369
21.139000000000003,-0.645791
21.14,-0.368631
21.141,-0.369848
21.142000000000003,-0.804246
21.143,-0.704457
21.144,-0.236454
21.145000000000003,-0.39035
21.146,-0.188411
21.147,-0.208373
21.148000000000003,-0.099357
21.149,-0.775308
21.15,-0.704279
21.151000000000003,-0.7261
21.152,-0.398611
21.153,-0.592338
21.154000000000003,-0.70975
21.155,-0.299943
21.156,-0.271536
21.157,-0.421465
21.158,-0.238588
21.159,-0.144071
21.16,-0.502866
21.161,-0.779025
21.162000000000003,-0.617916
21.163,-0.402285
21.164,-0.393784
21.165000000000003,-0.50591
21.166,-0.499312
21.167,-0.622374
21.168000000000003,-0.297169
21.169,-0.698677
21.17,-0.63019
21.171000000000003,-0.513781
21.172,-0.470534
21.173,-0.515499
21.174000000000003,-0.237459
21.175,-0.418579
21.176,-0.453912
21.177000000000003,-0.645922
21.178,-0.644129
21.179,-0.31608
21.180000000000003,-0.39685
21.181,-0.648635
21.182,-0.336231
21.183000000000003,-1.032486
21.184,-1.078636
21.185,-0.40195
21.186000000000003,-0.528603
21.187,-0.39234
21.188,-0.821499
21.189,-0.853846
21.19,-0.445323
21.191000000000003,-0.285309
21.192,-0.669452
21.193,-0.411566
21.194000000000003,-0.265061
21.195,-0.537675
21.196,-0.294094
21.197000000000003,-0.194701
21.198,-0.246897
21.199,-0.40273
21.200000000000003,-0.719678
21.201,-0.431801
21.202,-0.21446
21.203000000000003,-0.494772
21.204,-0.457857
21.205,-0.537065
21.206000000000003,-0.601806
21.207,-0.287714
21.208,-0.45412
21.209000000000003,-0.648219
21.21,-0.241772
21.211,0.041757
21.212000000000003,-0.214801
21.213,-0.014293
21.214,-0.425871
21.215000000000003,-0.563431
21.216,-0.536918
21.217,-0.527894
21.218,-0.631648
21.219,0.059188
21.22,-0.48452
21.221,-0.620676
21.222,-0.199735
21.223000000000003,-0.235488
21.224,-0.121696
21.225,-0.473951
21.226000000000003,-0.533511
21.227,-0.546875
21.228,-0.265113
21.229000000000003,-0.374964
21.23,-0.533107
21.231,-0.426228
21.232000000000003,-0.538962
21.233,-0.380201
21.234,-0.547855
21.235000000000003,-0.416158
21.236,-0.593833
21.237,-0.144047
21.238000000000003,-0.714592
21.239,-0.540531
21.24,-0.788184
21.241000000000003,-0.416263
21.242,-0.253824
21.243,-0.269711
21.244000000000003,-0.33779
21.245,-0.420291
21.246,-0.323827
21.247000000000003,-0.576022
21.248,-0.308126
21.249,-0.857539
21.25,-0.352443
21.251,-0.510764
21.252,-0.437724
21.253,-0.399674
21.254,-0.105743
21.255000000000003,-0.064391
21.256,-0.508075
21.257,-0.597523
21.258000000000003,-0.290876
21.259,-0.734329
21.26,-0.478062
21.261000000000003,-0.197939
21.262,-0.56564
21.263,-0.278839
21.264000000000003,-0.215666
21.265,-0.340099
21.266,-0.112612
21.267000000000003,-0.295613
21.268,-0.666663
21.269,-0.385612
21.270000000000003,-0.047945
21.271,-0.497311
21.272,-0.514061
21.273000000000003,-0.179607
21.274,-0.443222
21.275,-0.50794
21.276000000000003,-0.229653
21.277,-0.598943
21.278,-0.459083
21.279000000000003,-0.613103
21.28,-0.884048
21.281,-0.596065
21.282,-0.391294
21.283,-0.468204
21.284,-0.44797
21.285,-0.562577
21.286,-0.315355
21.287000000000003,-0.330675
21.288,-0.388765
21.289,-0.535437
21.290000000000003,-0.192922
21.291,-0.578815
21.292,-0.25045
21.293000000000003,-0.328801
21.294,-0.510167
21.295,-0.509074
21.296000000000003,-0.816715
21.297,-0.565503
21.298,-0.290941
21.299000000000003,-0.358213
21.3,-0.696309
21.301,-0.310771
21.302000000000003,-0.569552
21.303,-0.518371
21.304,-0.312596
21.305000000000003,-0.161094
21.306,-0.362057
21.307,-0.380031
21.308000000000003,-0.356251
21.309,-0.553802
21.31,-0.598267
21.311000000000003,-0.30774
21.312,-0.230329
21.313,-0.747127
21.314,-0.536945
21.315,-0.806694
21.316000000000003,-0.367684
21.317,-0.442068
21.318,-0.241273
21.319000000000003,-0.269513
21.32,-0.400571
21.321,-0.569448
21.322000000000003,-0.14324
21.323,-0.449856
21.324,-0.108871
21.325000000000003,-0.397023
21.326,-0.366282
21.327,-0.53195
21.328000000000003,-0.707157
21.329,-0.749823
21.33,-0.282889
21.331000000000003,-0.474561
21.332,-0.693712
21.333,-0.908384
21.334000000000003,-0.671551
21.335,-0.597617
21.336,-0.501463
21.337000000000003,-0.63812
21.338,-0.509754
21.339,-0.608837
21.340000000000003,-0.248335
21.341,-0.221417
21.342,-0.287825
21.343,-0.35468
21.344,-0.558435
21.345,-0.69637
21.346,-0.790342
21.347,-0.341802
21.348000000000003,-0.242342
21.349,-0.377794
21.35,-0.583255
21.351000000000003,-0.547632
21.352,-0.391638
21.353,-0.210807
21.354000000000003,-0.107377
21.355,-0.552041
21.356,-0.505267
21.357000000000003,-0.547855
21.358,-0.560929
21.359,-0.250603
21.360000000000003,-0.322638
21.361,-0.292675
21.362,-0.443566
21.363000000000003,-0.223932
21.364,-0.96619
21.365,-0.222075
21.366000000000003,-0.364697
21.367,-0.414395
21.368,-0.167196
21.369000000000003,-0.464073
21.37,-0.240615
21.371,-0.599209
21.372000000000003,-0.198081
21.373,-0.503581
21.374,-0.488386
21.375,-0.619252
21.376,-0.675939
21.377,-0.341442
21.378,-0.649586
21.379,-0.840564
21.380000000000003,-0.253281
21.381,-0.245954
21.382,-0.754283
21.383000000000003,-0.718366
21.384,-0.201542
21.385,-0.406911
21.386000000000003,-0.819558
21.387,-0.322501
21.388,-0.487858
21.389000000000003,-0.526933
21.39,-0.431673
21.391,-0.639815
21.392000000000003,-0.559946
21.393,-0.700782
21.394,-0.140384
21.395000000000003,-0.821499
21.396,-0.376148
21.397,-0.413086
21.398000000000003,-0.165577
21.399,-0.124822
21.4,-0.661731
21.401000000000003,-0.333538
21.402,-0.4658
21.403,-0.650542
21.404000000000003,-0.703139
21.405,-0.371883
21.406,-0.338807
21.407,-0.706685
21.408,-0.569065
21.409,-0.637475
21.41,-0.325802
21.411,-0.719651
21.412000000000003,-0.991409
21.413,-0.423982
21.414,-0.173489
21.415000000000003,-0.457329
21.416,-0.447129
21.417,-0.724266
21.418000000000003,-0.637468
21.419,-0.139531
21.42,-0.525418
21.421000000000003,-0.623552
21.422,-0.347542
21.423,-0.51735
21.424000000000003,-0.464452
21.425,-0.452747
21.426,-0.45348
21.427000000000003,-1.001562
21.428,-0.684591
21.429,-0.686644
21.430000000000003,-0.632857
21.431,-0.36264
21.432,-0.130173
21.433000000000003,-0.340389
21.434,-0.749942
21.435,-0.666062
21.436000000000003,-0.521622
21.437,-0.347015
21.438,-0.686326
21.439,-0.473348
21.44,-0.546323
21.441000000000003,-0.643746
21.442,-0.282072
21.443,-0.610898
21.444000000000003,-0.215868
21.445,-0.544027
21.446,-0.373406
21.447000000000003,-0.712354
21.448,-0.466944
21.449,-0.488257
21.450000000000003,-0.408043
21.451,-0.314778
21.452,-0.425144
21.453000000000003,-0.563728
21.454,-0.575392
21.455,-0.535912
21.456000000000003,-0.318934
21.457,-0.248098
21.458,-0.56874
21.459000000000003,-0.631269
21.46,-0.476522
21.461,-0.133579
21.462000000000003,-0.355315
21.463,-0.497408
21.464,-0.451219
21.465000000000003,-0.430931
21.466,-0.553556
21.467,-0.603123
21.468000000000004,-0.407912
21.469,-0.322543
21.47,-0.635
21.471,-0.170521
21.472,-0.583805
21.473000000000003,-0.433669
21.474,-0.241609
21.475,-0.417686
21.476000000000003,-0.551584
21.477,-0.257924
21.478,-0.301056
21.479000000000003,-0.210283
21.48,-0.328704
21.481,-0.339935
21.482000000000003,-0.428738
21.483,-0.021879
21.484,-0.459387
21.485000000000003,-0.557373
21.486,-0.564287
21.487,-0.294022
21.488000000000003,-0.361604
21.489,-0.27562
21.49,-0.885451
21.491000000000003,-0.384815
21.492,-0.703166
21.493,-0.607768
21.494000000000003,-0.366682
21.495,-0.331453
21.496,-0.516267
21.497000000000003,-0.336021
21.498,-0.361122
21.499,-0.272555
21.5,-0.554828
21.501,-0.598233
21.502,-0.527751
21.503,-0.141062
21.504,-0.087208
21.505000000000003,-0.63163
21.506,-0.386611
21.507,-0.134728
21.508000000000003,-0.397277
21.509,-0.619552
21.51,-0.405103
21.511000000000003,-0.959494
21.512,-0.285283
21.513,-0.437431
21.514000000000003,-0.499183
21.515,-0.346468
21.516,-0.784049
21.517000000000003,-0.48421
21.518,-0.13588
21.519,-0.515243
21.520000000000003,-0.37481
21.521,-0.587492
21.522,-0.674549
21.523000000000003,-0.686095
21.524,-0.602823
21.525,-0.022835
21.526000000000003,-0.424965
21.527,-0.331767
21.528,-0.788337
21.529000000000003,-0.531027
21.53,-0.409924
21.531,-0.713605
21.532,-0.334262
21.533,-0.240462
21.534,-0.433193
21.535,-0.768519
21.536,-0.589366
21.537000000000003,-0.809917
21.538,-0.530993
21.539,-0.484428
21.540000000000003,-0.392434
21.541,-0.606261
21.542,-0.502046
21.543000000000003,-0.697302
21.544,-0.479094
21.545,-0.515052
21.546000000000003,-0.273927
21.547,-0.407672
21.548,-0.247438
21.549000000000003,-0.357163
21.55,-0.530094
21.551,-0.415234
21.552000000000003,-0.471257
21.553,-0.573237
21.554,-0.702723
21.555000000000003,-0.455528
21.556,0.071291
21.557,-0.602534
21.558000000000003,-0.409847
21.559,-0.259226
21.56,-0.50877
21.561000000000003,-0.496855
21.562,-0.425944
21.563,-0.751494
21.564,-0.114607
21.565,-0.465779
21.566000000000003,-0.345326
21.567,-0.863239
21.568,-0.858454
21.569000000000003,-0.45221
21.57,-0.496415
21.571,-0.213376
21.572000000000003,-0.798637
21.573,-0.447115
21.574,-0.462941
21.575000000000003,-0.445159
21.576,-0.586426
21.577,-0.574159
21.578000000000003,-0.122234
21.579,-0.362016
21.58,-0.732246
21.581000000000003,-0.65662
21.582,-0.707408
21.583,-0.378782
21.584000000000003,-0.473316
21.585,-0.546581
21.586,-0.29896
21.587000000000003,-0.714306
21.588,-0.398924
21.589,-0.922195
21.590000000000003,-0.896464
21.591,-0.161257
21.592,-0.531881
21.593000000000004,-0.768073
21.594,-0.143667
21.595,-0.269182
21.596,-0.299761
21.597,-0.588826
21.598000000000003,-0.798534
21.599,-0.602916
21.6,-0.463345
21.601000000000003,-0.859026
21.602,-0.525682
21.603,0.055591
21.604000000000003,-0.558422
21.605,-0.684564
21.606,-0.216388
21.607000000000003,-0.754114
21.608,-0.73401
21.609,-0.517998
21.610000000000003,-0.995749
21.611,-0.454696
21.612,-0.596497
21.613000000000003,-0.286908
21.614,-0.400845
21.615,-0.318244
21.616000000000003,-0.557497
21.617,-0.388934
21.618,-0.817742
21.619000000000003,-0.594692
21.62,-0.321214
21.621,-0.172056
21.622000000000003,-0.28451
21.623,-0.604176
21.624,-0.426161
21.625,-0.489891
21.626,-0.493852
21.627,-0.652645
21.628,-0.394432
21.629,-0.576747
21.630000000000003,-0.47177
21.631,-0.667478
21.632,-0.814927
21.633000000000003,-0.279633
21.634,-0.626662
21.635,-0.189174
21.636000000000003,-0.497611
21.637,-0.602959
21.638,-0.329673
21.639000000000003,0.040291
21.64,-0.656027
21.641,-0.160769
21.642000000000003,-0.68346
21.643,-0.710112
21.644,-0.473817
21.645000000000003,-0.5029
21.646,-0.873224
21.647,-0.205119
21.648000000000003,-0.684202
21.649,-0.174325
21.65,-0.459411
21.651000000000003,-0.530318
21.652,-0.341446
21.653,-0.668669
21.654000000000003,-0.633429
21.655,-0.671267
21.656,-0.507482
21.657,-0.278828
21.658,-0.072804
21.659,-0.634246
21.66,-0.331165
21.661,-0.433487
21.662000000000003,-0.491057
21.663,-0.465578
21.664,-0.771672
21.665000000000003,-0.463701
21.666,-0.516408
21.667,-0.487732
21.668000000000003,-0.673409
21.669,-0.855494
21.67,-0.586148
21.671000000000003,-0.337517
21.672,-0.561809
21.673,-0.557365
21.674000000000003,-0.698722
21.675,-0.591145
21.676,-0.567938
21.677000000000003,-0.219702
21.678,-0.678564
21.679,-0.257477
21.680000000000003,-0.485783
21.681,-0.619857
21.682,-0.22202
21.683000000000003,-0.738723
21.684,-0.63775
21.685,-0.578286
21.686000000000003,-0.538757
21.687,-0.805281
21.688,-0.696959
21.689,-0.565213
21.69,-0.604873
21.691000000000003,-0.649188
21.692,-0.354505
21.693,-0.656775
21.694000000000003,-0.933672
21.695,-0.915658
21.696,-0.084786
21.697000000000003,-0.569951
21.698,-0.051333
21.699,-0.198518
21.700000000000003,-0.217059
21.701,-0.619024
21.702,-0.407964
21.703000000000003,-0.276519
21.704,-0.381594
21.705,-0.534653
21.706000000000003,-0.247171
21.707,-0.642746
21.708,-0.624708
21.709000000000003,-0.483895
21.71,-0.211842
21.711,-0.554489
21.712000000000003,-0.639084
21.713,-0.34486
21.714,-0.202881
21.715000000000003,-0.405641
21.716,-0.533302
21.717,-0.860779
21.718000000000004,-0.413339
21.719,-0.262335
21.72,-0.276506
21.721,-0.174062
21.722,-0.534383
21.723000000000003,-0.819388
21.724,-0.400354
21.725,-0.547133
21.726000000000003,-0.48939
21.727,-0.455798
21.728,-0.784298
21.729000000000003,-0.605205
21.73,-0.225523
21.731,-0.034052
21.732000000000003,-0.440928
21.733,-0.631547
21.734,-0.662344
21.735000000000003,-0.916994
21.736,-0.324754
21.737,-0.579174
21.738000000000003,-0.255079
21.739,-0.256134
21.74,-0.435348
21.741000000000003,-0.740318
21.742,-0.259313
21.743,-0.286137
21.744000000000003,-0.786618
21.745,-0.211035
21.746,-0.792463
21.747000000000003,-0.653012
21.748,-0.364203
21.749,-0.492968
21.750000000000004,-0.373267
21.751,-0.191479
21.752,-0.711762
21.753,-0.466635
21.754,-0.62677
21.755000000000003,-0.467833
21.756,-0.423918
21.757,-0.908652
21.758000000000003,-0.569319
21.759,-0.917813
21.76,-0.588641
21.761000000000003,-0.461567
21.762,-0.34211
21.763,-0.598074
21.764000000000003,-0.334224
21.765,-0.123276
21.766,-0.506225
21.767000000000003,-0.355844
21.768,-0.683317
21.769,-0.321287
21.770000000000003,-0.470927
21.771,-0.649669
21.772,-0.469553
21.773000000000003,-0.425301
21.774,-0.461105
21.775,-0.305063
21.776000000000003,-0.30553
21.777,-0.481606
21.778,-0.595438
21.779000000000003,-0.610298
21.78,-0.723064
21.781,-0.96563
21.782,-0.532418
21.783,-0.598801
21.784,-0.849619
21.785,-0.646372
21.786,-0.541119
21.787000000000003,-0.518968
21.788,-0.659245
21.789,-0.36031
21.790000000000003,-0.33384
21.791,-0.953152
21.792,-0.257752
21.793000000000003,-0.814922
21.794,-0.83357
21.795,-0.634845
21.796000000000003,-0.204742
21.797,-0.498753
21.798,-0.479905
21.799000000000003,-0.366409
21.8,-0.699584
21.801,-0.14832
21.802000000000003,-0.492929
21.803,-0.293409
21.804,-0.434583
21.805000000000003,-0.663845
21.806,-0.54088
21.807,-0.839514
21.808000000000003,-0.674863
21.809,-0.651267
21.81,-0.446949
21.811000000000003,-0.512278
21.812,-0.032123
21.813,-0.284503
21.814,-0.414581
21.815,-0.617493
21.816000000000003,-0.767057
21.817,-0.741028
21.818,-0.705665
21.819000000000003,-0.799007
21.82,-0.543734
21.821,-0.13214
21.822000000000003,-0.583186
21.823,-0.343925
21.824,-0.512818
21.825000000000003,-0.820222
21.826,-0.355074
21.827,-0.255347
21.828000000000003,-0.4299
21.829,-0.602921
21.83,-0.514021
21.831000000000003,-0.504919
21.832,-0.242777
21.833,-0.580387
21.834000000000003,-0.627299
21.835,-0.757277
21.836,-0.4724
21.837000000000003,-0.580684
21.838,-0.772318
21.839,-0.484512
21.840000000000003,-0.531582
21.841,-0.198644
21.842,-0.538504
21.843000000000004,-0.286146
21.844,-0.427215
21.845,-0.708185
21.846,-0.524401
21.847,-0.652108
21.848000000000003,-0.35559
21.849,-0.412288
21.85,-0.71585
21.851000000000003,-0.69559
21.852,-0.351003
21.853,-0.3381
21.854000000000003,-0.660255
21.855,-0.595199
21.856,-0.575519
21.857000000000003,-0.356217
21.858,-0.366079
21.859,-0.190824
21.860000000000003,-0.344165
21.861,-0.389509
21.862,-0.742819
21.863000000000003,-0.758122
21.864,-0.615282
21.865,-0.588508
21.866000000000003,-0.624686
21.867,-0.601449
21.868,-0.398823
21.869000000000003,-0.692852
21.87,-0.786667
21.871,-0.694344
21.872000000000003,-0.368918
21.873,-0.615722
21.874,-0.591367
21.875000000000004,-0.670126
21.876,-0.310512
21.877,-0.272519
21.878,-0.505574
21.879,-0.672583
21.880000000000003,-0.523958
21.881,-0.422797
21.882,-0.325027
21.883000000000003,-0.170812
21.884,-0.66892
21.885,-0.754037
21.886000000000003,-0.398056
21.887,-0.687192
21.888,-0.276487
21.889000000000003,-0.354341
21.89,-0.645523
21.891,-0.39308
21.892000000000003,-0.822296
21.893,-0.435874
21.894,-0.2853
21.895000000000003,-0.668817
21.896,-0.323325
21.897,-0.550806
21.898000000000003,-0.70985
21.899,-0.407435
21.9,-0.385834
21.901000000000003,-0.539423
21.902,-0.533442
21.903,-0.294178
21.904000000000003,-0.418045
21.905,-0.125713
21.906,-0.511839
21.907,-0.451057
21.908,-0.638555
21.909,-0.379221
21.91,-0.1586
21.911,-0.182184
21.912000000000003,-0.530752
21.913,-0.672957
21.914,-0.641812
21.915000000000003,-0.499941
21.916,-0.689084
21.917,-0.33404
21.918000000000003,-0.348843
21.919,-0.306329
21.92,-0.389251
21.921000000000003,-0.678162
21.922,-0.35026
21.923,-0.813128
21.924000000000003,-0.532391
21.925,-0.429252
21.926,-0.440117
21.927000000000003,-0.944595
21.928,-0.242741
21.929,-0.56305
21.930000000000003,-0.162222
21.931,-0.432204
21.932,-0.319486
21.933000000000003,-0.257254
21.934,-0.409103
21.935,-0.523778
21.936000000000003,-0.373896
21.937,-0.237762
21.938,-0.198645
21.939,-0.544465
21.94,-0.354746
21.941000000000003,-0.560905
21.942,-0.298495
21.943,-0.184639
21.944000000000003,-0.272352
21.945,-0.668511
21.946,-0.578861
21.947000000000003,-0.474968
21.948,-0.384486
21.949,-0.380193
21.950000000000003,-0.250633
21.951,-0.212728
21.952,-0.156476
21.953000000000003,-0.446931
21.954,-0.763682
21.955,-0.616387
21.956000000000003,-0.487732
21.957,-0.622247
21.958,-0.912919
21.959000000000003,-0.704535
21.96,-0.588507
21.961,-0.370618
21.962000000000003,-0.478807
21.963,-0.651709
21.964,-0.081531
21.965000000000003,-0.432228
21.966,-0.105265
21.967,-0.537141
21.968000000000004,-0.391968
21.969,-0.868278
21.97,-0.605669
21.971,-0.553109
21.972,-0.394092
21.973000000000003,-0.68703
21.974,-0.074408
21.975,-0.544919
21.976000000000003,-0.751923
21.977,-0.524359
21.978,-0.696256
21.979000000000003,-0.179483
21.98,-0.717758
21.981,-0.39601
21.982000000000003,-0.294067
21.983,-0.561282
21.984,-0.333069
21.985000000000003,-0.415394
21.986,-0.600095
21.987,-0.428188
21.988000000000003,-0.589671
21.989,-0.258507
21.99,-0.171179
21.991000000000003,-0.500173
21.992,-0.38807
21.993,-0.477928
21.994000000000003,-0.747865
21.995,-0.582796
21.996,-0.997776
21.997000000000003,-0.539446
21.998,-0.539068
21.999,-0.248055
22.000000000000004,-0.497239
22.001,-0.462973
22.002,-0.175431
22.003,-0.406285
22.004,-0.346919
22.005000000000003,-0.633285
22.006,-0.348178
22.007,-0.676939
22.008000000000003,-0.498948
22.009,-0.703969
22.01,-0.890581
22.011000000000003,-0.450409
22.012,-0.487298
22.013,-0.340745
22.014000000000003,-0.352205
22.015,-0.077886
22.016,-0.215858
22.017000000000003,-0.600285
22.018,-0.573765
22.019,-0.585948
22.020000000000003,-0.628805
22.021,-0.374274
22.022,-0.352906
22.023000000000003,-0.585881
22.024,-0.307167
22.025,-0.417342
22.026000000000003,-0.651433
22.027,-0.578638
22.028,-0.570174
22.029000000000003,-0.406329
22.03,-0.387641
22.031,-0.352827
22.032,-0.510149
22.033,-0.594269
22.034,-0.128428
22.035,-0.381067
22.036,-0.086628
22.037000000000003,-0.191595
22.038,-0.344045
22.039,-0.392012
22.040000000000003,-0.672567
22.041,-0.310445
22.042,-0.462333
22.043000000000003,-0.482467
22.044,-0.735568
22.045,-0.430412
22.046000000000003,-0.321316
22.047,-0.62926
22.048,-0.549948
22.049000000000003,-0.907023
22.05,-0.612675
22.051,-0.360464
22.052000000000003,-0.567471
22.053,-0.459752
22.054,-0.29255
22.055000000000003,-0.524874
22.056,-0.475442
22.057,-0.622944
22.058000000000003,-0.435329
22.059,-0.138839
22.06,-0.577636
22.061000000000003,-0.769856
22.062,-0.667084
22.063,-0.426358
22.064,-0.457438
22.065,-0.616792
22.066000000000003,-0.458617
22.067,-0.455841
22.068,-0.658727
22.069000000000003,-0.443076
22.07,0.033254
22.071,-0.190985
22.072000000000003,-0.565694
22.073,-0.530774
22.074,-0.734763
22.075000000000003,-0.354216
22.076,-0.43755
22.077,-0.206817
22.078000000000003,-0.610342
22.079,-0.426775
22.08,-0.723653
22.081000000000003,-0.270736
22.082,-0.656012
22.083,-0.380324
22.084000000000003,-0.815258
22.085,-0.590847
22.086,-0.413142
22.087000000000003,-0.585894
22.088,-0.258744
22.089,-0.065583
22.090000000000003,-0.55908
22.091,-0.235951
22.092,-0.366155
22.093000000000004,-0.490472
22.094,-0.356067
22.095,-0.453165
22.096,-0.423726
22.097,-0.775111
22.098000000000003,-0.466722
22.099,-0.516045
22.1,-0.543523
22.101000000000003,-0.740716
22.102,-0.730698
22.103,-0.40458
22.104000000000003,-0.69502
22.105,-0.705214
22.106,-0.81909
22.107000000000003,-0.550042
22.108,-0.553355
22.109,-0.740707
22.110000000000003,-0.380021
22.111,-0.141853
22.112,-0.344954
22.113000000000003,-0.135571
22.114,-0.331914
22.115,-0.436806
22.116000000000003,-0.240402
22.117,-0.498545
22.118,-0.64469
22.119000000000003,-0.126136
22.12,-0.215442
22.121,-0.335096
22.122000000000003,-0.502432
22.123,-0.30795
22.124,-1.024719
22.125000000000004,-0.538235
22.126,-0.588543
22.127,-0.623888
22.128,-0.659511
22.129,-0.380443
22.130000000000003,-0.260351
22.131,-0.155379
22.132,-0.672819
22.133000000000003,-0.450741
22.134,-0.185493
22.135,-0.48528
22.136000000000003,-0.512946
22.137,-0.476503
22.138,-0.380517
22.139000000000003,-0.668246
22.14,-0.554251
22.141,-0.031068
22.142000000000003,0.087706
22.143,-0.514484
22.144,-0.239111
22.145000000000003,-0.899864
22.146,-0.198369
22.147,-0.767194
22.148000000000003,-0.93167
22.149,-0.41808
22.15,-0.286946
22.151000000000003,-0.477448
22.152,-0.124554
22.153,-0.495965
22.154000000000003,-0.692786
22.155,-0.643464
22.156,-0.714372
22.157000000000004,-0.483805
22.158,-0.258555
22.159,-0.488604
22.16,-0.396078
22.161,-0.478132
22.162000000000003,-0.613354
22.163,-0.366244
22.164,-0.517389
22.165000000000003,-0.3858
22.166,-0.47235
22.167,-0.492327
22.168000000000003,-0.705202
22.169,-0.372916
22.17,-0.760555
22.171000000000003,-0.707745
22.172,-0.282888
22.173,-0.994967
22.174000000000003,-0.300571
22.175,-0.76749
22.176,-0.508354
22.177000000000003,-0.544052
22.178,-0.463818
22.179,-0.599075
22.180000000000003,-0.831859
22.181,-0.617933
22.182,-0.379594
22.183000000000003,-0.447499
22.184,-0.599856
22.185,-0.492873
22.186000000000003,-0.371293
22.187,-0.492673
22.188,-0.353778
22.189,-0.316938
22.19,-0.6278
22.191000000000003,-0.42983
22.192,-0.265031
22.193,-0.556706
22.194000000000003,-0.502548
22.195,-0.40042
22.196,-0.310804
22.197000000000003,-0.656604
22.198,-0.549347
22.199,-0.342479
22.200000000000003,-0.584686
22.201,-0.367934
22.202,-0.339322
22.203000000000003,-0.782434
22.204,-0.658692
22.205,-0.482197
22.206000000000003,-0.511286
22.207,-0.32327
22.208,-0.669536
22.209000000000003,-0.571811
22.21,-0.543834
22.211,-0.897204
22.212000000000003,-0.506518
22.213,-0.726638
22.214,-0.589412
22.215000000000003,-0.451799
22.216,-0.181442
22.217,-0.55898
22.218000000000004,-0.597582
22.219,-0.397784
22.22,-0.749084
22.221,-0.640848
22.222,-0.459999
22.223000000000003,-0.450316
22.224,0.012633
22.225,-0.451978
22.226000000000003,-0.377321
22.227,-0.311948
22.228,-0.516896
22.229000000000003,-0.558662
22.23,-0.041231
22.231,-0.341935
22.232000000000003,-0.442421
22.233,-0.329643
22.234,-0.662172
22.235000000000003,-0.48671
22.236,-0.471542
22.237,-0.219625
22.238000000000003,-0.170521
22.239,-0.893983
22.24,-0.414236
22.241000000000003,-0.378407
22.242,-0.679337
22.243,-0.500922
22.244000000000003,-0.613956
22.245,-0.177051
22.246,-0.824613
22.247000000000003,-0.649704
22.248,-0.343678
22.249,-0.494084
22.250000000000004,-0.476809
22.251,-0.584592
22.252,-0.230012
22.253,-0.222233
22.254,-0.533797
22.255000000000003,-0.45514
22.256,-0.88617
22.257,-0.434629
22.258000000000003,-0.770825
22.259,-0.456079
22.26,-0.332219
22.261000000000003,-0.447625
22.262,-0.557708
22.263,-0.394106
22.264000000000003,-0.313273
22.265,-0.490314
22.266,-0.301984
22.267000000000003,-0.220624
22.268,-0.604079
22.269,-0.507707
22.270000000000003,-0.652571
22.271,-0.538927
22.272,-0.510089
22.273000000000003,-0.474009
22.274,-0.418119
22.275,-0.881945
22.276000000000003,-0.407216
22.277,-0.30855
22.278,-0.512815
22.279000000000003,-0.621637
22.28,-0.460663
22.281,-0.277313
22.282000000000004,-0.704585
22.283,-0.237579
22.284,-0.133104
22.285,-0.379487
22.286,-0.807007
22.287000000000003,-0.617594
22.288,-0.337177
22.289,-0.292594
22.290000000000003,-0.278859
22.291,-0.390248
22.292,-0.287726
22.293000000000003,-0.300632
22.294,-0.967
22.295,-0.638013
22.296000000000003,-0.282081
22.297,-0.616225
22.298,-0.756107
22.299000000000003,-0.790882
22.3,-0.350616
22.301,-0.556744
22.302000000000003,-0.378984
22.303,-0.688957
22.304,-0.482375
22.305000000000003,-0.262874
22.306,-0.4526
22.307,-0.782583
22.308000000000003,-0.17054
22.309,-0.418952
22.31,-0.585189
22.311000000000003,-0.561101
22.312,-0.711001
22.313,-0.809144
22.314,-0.465449
22.315,-0.590281
22.316000000000003,-0.360557
22.317,-0.255266
22.318,-0.358912
22.319000000000003,-0.651657
22.32,-0.498544
22.321,-0.57626
22.322000000000003,-0.414302
22.323,-0.509514
22.324,-0.30316
22.325000000000003,-0.201437
22.326,-0.248124
22.327,-0.566746
22.328000000000003,-0.457966
22.329,-0.47925
22.33,-0.790077
22.331000000000003,-0.758023
22.332,-0.464316
22.333,-0.494162
22.334000000000003,-0.586064
22.335,-0.705266
22.336,-0.116861
22.337000000000003,-0.83387
22.338,-0.467712
22.339,-0.817761
22.340000000000003,-0.430909
22.341,-0.775542
22.342,-0.426772
22.343000000000004,-0.45185
22.344,-0.420143
22.345,-0.498748
22.346,-0.506913
22.347,-0.578144
22.348000000000003,-0.770908
22.349,-0.581031
22.35,-0.774024
22.351000000000003,-0.406818
22.352,-0.130226
22.353,-0.436269
22.354000000000003,-0.342964
22.355,-0.575443
22.356,-0.845868
22.357000000000003,-0.140101
22.358,-0.286963
22.359,-0.348093
22.360000000000003,-0.691918
22.361,-0.523107
22.362,-0.046355
22.363000000000003,-0.250539
22.364,-0.345366
22.365,-0.019673
22.366000000000003,-0.559063
22.367,-0.481147
22.368,-0.386721
22.369000000000003,-0.43351
22.37,-0.659409
22.371,-0.628203
22.372000000000003,-0.402723
22.373,-0.554541
22.374,-0.526268
22.375000000000004,-0.503493
22.376,-0.308061
22.377,-0.572071
22.378,-0.529478
22.379,-0.352567
22.380000000000003,-0.453816
22.381,-0.497109
22.382,-0.508826
22.383000000000003,-0.155988
22.384,-0.633165
22.385,-0.389071
22.386000000000003,-0.447449
22.387,-0.617688
22.388,-0.469141
22.389000000000003,-0.543914
22.39,-0.061104
22.391,-0.380631
22.392000000000003,-0.415736
22.393,-0.480896
22.394,-0.673704
22.395000000000003,-0.459752
22.396,-0.009007
22.397,-0.335893
22.398000000000003,-0.476801
22.399,-0.588624
22.4,-0.430928
22.401000000000003,-0.508206
22.402,-0.394379
22.403,-0.113751
22.404000000000003,-0.532163
22.405,-0.278101
22.406,-0.647554
22.407000000000004,-0.471104
22.408,-0.429977
22.409,-0.23477
22.41,-0.848856
22.411,-0.461819
22.412000000000003,-0.640927
22.413,-0.59887
22.414,-0.536601
22.415000000000003,-0.269946
22.416,-0.148866
22.417,-0.524619
22.418000000000003,-0.492793
22.419,-0.950122
22.42,-0.549303
22.421000000000003,-0.106745
22.422,-0.313627
22.423,-0.352759
22.424000000000003,-0.369842
22.425,-0.271482
22.426,-0.584868
22.427000000000003,-0.573281
22.428,-0.185372
22.429,-0.431131
22.430000000000003,-0.21323
22.431,-0.476741
22.432,-0.496604
22.433000000000003,-0.472172
22.434,-0.059061
22.435,-0.536141
22.436000000000003,-0.917353
22.437,-0.473406
22.438,-0.579136
22.439000000000004,-0.084182
22.44,-0.395415
22.441000000000003,-0.563435
22.442,-0.113597
22.443,-0.902255
22.444000000000003,-0.238538
22.445,-0.51947
22.446,-0.462187
22.447000000000003,-0.089
22.448,-0.540298
22.449,-0.826778
22.450000000000003,-0.631869
22.451,-0.806774
22.452,-0.124822
22.453000000000003,-0.516986
22.454,-0.381679
22.455,-0.053786
22.456000000000003,-0.515173
22.457,-0.489253
22.458,-0.129848
22.459000000000003,-0.22308
22.46,-0.844082
22.461,-0.807475
22.462000000000003,-0.725695
22.463,-0.908763
22.464,-0.634924
22.465000000000003,-0.456359
22.466,-0.185975
22.467,-0.550061
22.468000000000004,-0.549103
22.469,-0.533885
22.47,-0.413538
22.471,-0.521717
22.472,-0.415022
22.473000000000003,-0.330099
22.474,-0.292677
22.475,-0.178092
22.476000000000003,-0.172902
22.477,-0.650737
22.478,-0.460188
22.479000000000003,-0.361658
22.48,-0.104971
22.481,-0.351812
22.482000000000003,-0.275022
22.483,-0.18156
22.484,-0.04199
22.485000000000003,-0.293436
22.486,-0.451389
22.487,-0.655371
22.488000000000003,-0.206782
22.489,-0.493395
22.49,-0.558647
22.491000000000003,-0.317821
22.492,-0.04673
22.493,-0.123204
22.494000000000003,-0.294134
22.495,-0.765068
22.496,-0.817598
22.497000000000003,-0.801317
22.498,-0.155521
22.499,-0.323546
22.500000000000004,-0.312405
22.501,-0.515967
22.502,-0.250549
22.503,-0.266843
22.504,-0.49063
22.505000000000003,-0.125735
22.506,-0.375522
22.507,-0.494425
22.508000000000003,-0.598811
22.509,-0.813223
22.51,-0.25709
22.511000000000003,-0.906594
22.512,-0.69013
22.513,-0.331395
22.514000000000003,-0.785934
22.515,-0.716585
22.516,-0.64212
22.517000000000003,0.092715
22.518,-0.325205
22.519,-0.502287
22.520000000000003,-0.49759
22.521,-0.300707
22.522,-0.75866
22.523000000000003,-0.444106
22.524,-0.688913
22.525,-0.428959
22.526000000000003,-0.179998
22.527,-0.465149
22.528,-0.465241
22.529000000000003,-0.527058
22.53,-0.538207
22.531,-0.338503
22.532000000000004,-0.289281
22.533,-0.391507
22.534,-0.436335
22.535,-0.736872
22.536,-0.283697
22.537000000000003,-0.497777
22.538,-0.488104
22.539,-0.985263
22.540000000000003,-0.515186
22.541,-0.439645
22.542,-0.471294
22.543000000000003,0.057172
22.544,-0.6753
22.545,-0.428199
22.546000000000003,-0.596965
22.547,-0.404775
22.548,-0.336873
22.549000000000003,-0.206979
22.55,-0.354654
22.551,-0.264507
22.552000000000003,-0.675767
22.553,-0.162998
22.554,-0.416747
22.555000000000003,-0.352398
22.556,-0.469041
22.557,-0.657939
22.558000000000003,-0.5621
22.559,-0.319347
22.56,-0.589112
22.561000000000003,-0.4805
22.562,-0.745723
22.563,-0.739684
22.564000000000004,-0.761023
22.565,-0.402203
22.566000000000003,-0.427556
22.567,-0.218473
22.568,-0.561862
22.569000000000003,-0.614402
22.57,-0.463657
22.571,-0.299776
22.572000000000003,-0.670999
22.573,-0.610259
22.574,-0.753183
22.575000000000003,-0.873016
22.576,-0.293406
22.577,-0.279644
22.578000000000003,-0.671048
22.579,-0.208552
22.58,-0.171631
22.581000000000003,-0.483179
22.582,-0.401907
22.583,-0.483407
22.584000000000003,-0.509325
22.585,-0.536604
22.586,-0.703858
22.587000000000003,-0.454798
22.588,-0.661533
22.589,-0.616791
22.590000000000003,-0.102506
22.591,-0.067099
22.592,-0.756592
22.593000000000004,-0.316252
22.594,-0.767563
22.595,-0.507346
22.596,-0.678613
22.597,-0.425472
22.598000000000003,-0.129179
22.599,0.060501
22.6,-0.326784
22.601000000000003,-0.51283
22.602,-0.577528
22.603,-0.610109
22.604000000000003,-0.503121
22.605,-0.295807
22.606,-0.421195
22.607000000000003,-0.179341
22.608,-0.605322
22.609,-0.415918
22.610000000000003,-0.680474
22.611,-0.499974
22.612,-0.347736
22.613000000000003,-0.447935
22.614,-0.67066
22.615,-0.321259
22.616000000000003,-0.430065
22.617,-0.237634
22.618,-0.477239
22.619000000000003,-0.585059
22.62,-0.457077
22.621,-0.493339
22.622000000000003,-0.47309
22.623,-0.780555
22.624,-0.101691
22.625000000000004,-0.552041
22.626,-0.63991
22.627,-0.661254
22.628,-0.635881
22.629,-0.704463
22.630000000000003,-0.306223
22.631,-0.704116
22.632,-0.544705
22.633000000000003,-0.132782
22.634,-0.622736
22.635,-0.423789
22.636000000000003,-0.352864
22.637,-0.561996
22.638,-0.399661
22.639000000000003,-0.467955
22.64,-0.700003
22.641,-0.743973
22.642000000000003,-0.237944
22.643,-0.436012
22.644,-0.173891
22.645000000000003,-0.642342
22.646,-0.268433
22.647,-0.208825
22.648000000000003,-0.517701
22.649,-0.292484
22.65,-0.586192
22.651000000000003,-0.497022
22.652,-0.509755
22.653,-0.101095
22.654000000000003,-0.586132
22.655,-0.39142
22.656,-0.321484
22.657000000000004,-0.767043
22.658,-0.514019
22.659,-0.202624
22.66,0.01698
22.661,-0.633178
22.662000000000003,-0.304837
22.663,-0.444204
22.664,-0.591858
22.665000000000003,-0.37612
22.666,-0.619507
22.667,-0.514584
22.668000000000003,-0.347884
22.669,-0.363804
22.67,-0.555164
22.671000000000003,-0.058855
22.672,-0.391784
22.673,0.065553
22.674000000000003,-0.556444
22.675,-0.186847
22.676,-0.662578
22.677000000000003,-0.395179
22.678,-0.447374
22.679,-0.377953
22.680000000000003,-0.568926
22.681,-0.38423
22.682,-0.219731
22.683000000000003,-0.227367
22.684,-0.548269
22.685,-0.467056
22.686000000000003,-0.351215
22.687,-0.35445
22.688,-0.373417
22.689000000000004,-0.378941
22.69,-0.492714
22.691000000000003,-0.667178
22.692,-0.669599
22.693,-0.51119
22.694000000000003,-0.696213
22.695,-0.349946
22.696,-0.480435
22.697000000000003,-0.611397
22.698,-0.718168
22.699,-0.300416
22.700000000000003,-0.60052
22.701,-0.204283
22.702,-0.529321
22.703000000000003,-0.159382
22.704,-0.316415
22.705,-0.543012
22.706000000000003,-0.54302
22.707,-0.506287
22.708,-0.717709
22.709000000000003,-0.237818
22.71,-0.25463
22.711,-0.517637
22.712000000000003,-0.321502
22.713,-0.524097
22.714,-0.195519
22.715000000000003,-0.352112
22.716,-0.708718
22.717,-0.570317
22.718000000000004,-0.586542
22.719,-0.367781
22.72,-0.605051
22.721,-0.376596
22.722,-0.394894
22.723000000000003,-0.751653
22.724,-0.691389
22.725,-0.530151
22.726000000000003,-0.556822
22.727,-0.709842
22.728,-0.414623
22.729000000000003,-0.491282
22.73,-0.274099
22.731,-0.790463
22.732000000000003,-0.320338
22.733,-0.234593
22.734,-0.962937
22.735000000000003,-0.279649
22.736,-0.745578
22.737,-0.4845
22.738000000000003,-0.447776
22.739,-0.627936
22.74,-0.431711
22.741000000000003,-0.473725
22.742,-0.238604
22.743,-0.686458
22.744000000000003,-0.475292
22.745,-0.523887
22.746,-0.387541
22.747000000000003,-0.614813
22.748,-0.474463
22.749,-0.512854
22.750000000000004,-0.540555
22.751,-0.725912
22.752,-0.581414
22.753,-0.504043
22.754,-0.691356
22.755000000000003,-0.606875
22.756,-0.319964
22.757,-0.571528
22.758000000000003,-0.30705
22.759,-0.597848
22.76,-0.553582
22.761000000000003,-0.500353
22.762,-0.803405
22.763,-0.651559
22.764000000000003,-0.385769
22.765,-0.673677
22.766,-0.148039
22.767000000000003,-0.461363
22.768,-0.233547
22.769,-0.385597
22.770000000000003,-0.57531
22.771,-0.442476
22.772,-0.408689
22.773000000000003,-0.570545
22.774,-0.750369
22.775,0.018332
22.776000000000003,-0.205292
22.777,-0.611316
22.778,-0.335079
22.779000000000003,-0.458754
22.78,-0.850008
22.781,-0.241965
22.782000000000004,-0.347532
22.783,-0.548182
22.784,-0.63223
22.785,-0.827804
22.786,-0.709786
22.787000000000003,-0.518896
22.788,-0.731779
22.789,-0.411925
22.790000000000003,-0.586597
22.791,-0.449449
22.792,-0.602954
22.793000000000003,-0.427364
22.794,-0.482874
22.795,-0.781274
22.796000000000003,-0.773727
22.797,-0.253263
22.798,-0.515322
22.799000000000003,-0.645104
22.8,-0.315115
22.801,0.033779
22.802000000000003,-0.617908
22.803,-0.561288
22.804,-0.433838
22.805000000000003,-0.473807
22.806,-0.567764
22.807,0.066345
22.808000000000003,-0.406513
22.809,-0.255317
22.81,-0.373827
22.811000000000003,-0.623505
22.812,-0.566443
22.813,-0.77491
22.814000000000004,-0.429502
22.815,-0.69279
22.816000000000003,-0.217503
22.817,-0.55346
22.818,-0.566388
22.819000000000003,-0.233613
22.82,0.004735
22.821,-0.058478
22.822000000000003,-0.493778
22.823,-0.271637
22.824,-0.795279
22.825000000000003,-0.414781
22.826,-0.631685
22.827,-0.213637
22.828000000000003,-0.532209
22.829,-0.61037
22.83,-0.33792
22.831000000000003,-0.076297
22.832,-0.459892
22.833,-0.778255
22.834000000000003,-0.542933
22.835,-0.278134
22.836,-0.297119
22.837000000000003,-0.280456
22.838,-0.311288
22.839,-0.275553
22.840000000000003,-0.525342
22.841,-0.435537
22.842,-0.298246
22.843000000000004,-0.274902
22.844,-0.680715
22.845,-0.26369
22.846000000000004,-0.278022
22.847,-0.316224
22.848000000000003,-0.673136
22.849,-0.605522
22.85,-0.525163
22.851000000000003,-0.451527
22.852,-0.294849
22.853,-0.403744
22.854000000000003,-0.513381
22.855,-0.779806
22.856,-0.899165
22.857000000000003,-0.575793
22.858,-0.660467
22.859,-0.328299
22.860000000000003,-0.550962
22.861,-0.174849
22.862,-0.760574
22.863000000000003,-0.444104
22.864,-0.689612
22.865,-0.41023
22.866000000000003,-0.736408
22.867,-0.53237
22.868,-0.113913
22.869000000000003,-0.410695
22.87,-0.789805
22.871,-0.260375
22.872000000000003,-0.137901
22.873,-0.380632
22.874,-0.235532
22.875000000000004,-0.508884
22.876,-0.70576
22.877,-0.206318
22.878,-0.527479
22.879,-0.454172
22.880000000000003,-0.423007
22.881,-0.190383
22.882,-0.712471
22.883000000000003,-0.509905
22.884,-0.530508
22.885,-0.489822
22.886000000000003,-0.442652
22.887,-0.423027
22.888,-0.359839
22.889000000000003,-0.122858
22.89,-0.277259
22.891,-0.439195
22.892000000000003,-0.701323
22.893,-0.454642
22.894,-0.39625
22.895000000000003,-0.58243
22.896,-0.890349
22.897,-0.560597
22.898000000000003,-0.412302
22.899,-0.41632
22.9,-0.478044
22.901000000000003,-0.450486
22.902,-0.485526
22.903,-0.415635
22.904000000000003,-0.137807
22.905,-0.351425
22.906,-0.437431
22.907000000000004,-0.61302
22.908,-0.673779
22.909,-0.675708
22.91,-0.55508
22.911,-0.794783
22.912000000000003,-0.344726
22.913,-0.629818
22.914,-0.494357
22.915000000000003,-0.421195
22.916,-0.37548
22.917,-0.34762
22.918000000000003,-0.18574
22.919,-0.660933
22.92,-0.743007
22.921000000000003,-0.57032
22.922,-0.809877
22.923,-0.286128
22.924000000000003,-0.600431
22.925,-0.335296
22.926,-0.612732
22.927000000000003,-0.622407
22.928,-0.656421
22.929,-0.609001
22.930000000000003,-0.650229
22.931,-0.275693
22.932,-0.979971
22.933000000000003,-0.379613
22.934,-0.638124
22.935,-0.536719
22.936000000000003,-0.697904
22.937,-0.847989
22.938,-0.230446
22.939000000000004,-0.47951
22.94,-0.097618
22.941000000000003,-0.309526
22.942,-0.678414
22.943,-0.743397
22.944000000000003,-0.569024
22.945,-0.673295
22.946,-0.275684
22.947000000000003,-0.431486
22.948,-0.424746
22.949,-0.754099
22.950000000000003,-0.436963
22.951,-0.043451
22.952,-0.386925
22.953000000000003,-0.508372
22.954,-0.484264
22.955,-0.288527
22.956000000000003,-0.528635
22.957,-0.384461
22.958,-0.611865
22.959000000000003,-0.421918
22.96,-0.29993
22.961,-0.234086
22.962000000000003,-0.574514
22.963,-0.327957
22.964,-0.505095
22.965000000000003,-0.399679
22.966,-0.055393
22.967,-0.627575
22.968000000000004,-0.270019
22.969,-0.651493
22.97,-0.546919
22.971000000000004,0.039729
22.972,-0.091354
22.973000000000003,-0.216628
22.974,-0.30712
22.975,-0.312604
22.976000000000003,-0.536603
22.977,-0.352212
22.978,-0.397263
22.979000000000003,-0.274019
22.98,-0.499192
22.981,-0.110442
22.982000000000003,-0.222376
22.983,-0.565576
22.984,-0.576216
22.985000000000003,-0.427468
22.986,-0.555135
22.987,-0.286081
22.988000000000003,-0.307901
22.989,-0.290152
22.99,-0.663962
22.991000000000003,-0.265753
22.992,-0.518277
22.993,-0.155003
22.994000000000003,-0.655146
22.995,-0.747551
22.996,-0.446785
22.997000000000003,-0.499183
22.998,-0.586421
22.999,-0.495241
23.000000000000004,-0.39678
23.001,-0.335451
23.002,-0.599647
23.003,-0.422622
23.004,-0.509391
23.005000000000003,-0.5179
23.006,-0.58807
23.007,-0.600655
23.008000000000003,-0.262523
23.009,-0.053109
23.01,-0.370802
23.011000000000003,-0.631804
23.012,-0.604346
23.013,-0.667128
23.014000000000003,-0.339788
23.015,-0.632527
23.016,-0.644021
23.017000000000003,-0.116064
23.018,-0.379369
23.019,-0.516325
23.020000000000003,-0.398556
23.021,-0.394881
23.022,-0.502521
23.023000000000003,-0.250881
23.024,-0.93013
23.025,-0.371665
23.026000000000003,-0.421326
23.027,-0.506663
23.028,-0.892962
23.029000000000003,-0.384884
23.03,-0.297319
23.031,-0.592149
23.032000000000004,-0.355732
23.033,-0.231885
23.034,-0.325453
23.035,-0.582426
23.036,-0.629643
23.037000000000003,-0.263446
23.038,-0.194076
23.039,-0.418754
23.040000000000003,-0.700235
23.041,-0.314331
23.042,-0.411634
23.043000000000003,-0.294842
23.044,-0.398767
23.045,-0.457845
23.046000000000003,-0.53987
23.047,-0.423605
23.048,-0.393376
23.049000000000003,-0.377149
23.05,-0.427348
23.051,-0.819607
23.052000000000003,-0.588462
23.053,-0.387657
23.054,-0.197561
23.055000000000003,-0.409393
23.056,-0.61173
23.057,-0.218465
23.058000000000003,-0.163023
23.059,-0.210818
23.06,-0.588184
23.061000000000003,-0.293291
23.062,-0.293384
23.063,-0.68817
23.064000000000004,-0.456702
23.065,-0.441436
23.066000000000003,-0.407747
23.067,-0.639191
23.068,-0.28449
23.069000000000003,-0.593278
23.07,-0.266806
23.071,-0.418912
23.072000000000003,0.04102
23.073,-0.795187
23.074,-0.5077
23.075000000000003,-0.553109
23.076,-0.677864
23.077,-0.121177
23.078000000000003,-0.50768
23.079,-0.519186
23.08,-0.389093
23.081000000000003,-0.647929
23.082,-0.290962
23.083,-0.375834
23.084000000000003,-0.448069
23.085,-0.184067
23.086,-0.409209
23.087000000000003,-0.768241
23.088,-0.485242
23.089,-0.365803
23.090000000000003,-0.627873
23.091,-0.254254
23.092,-0.390123
23.093000000000004,-0.559665
23.094,-0.585823
23.095,-0.602351
23.096000000000004,-0.519829
23.097,-0.457391
23.098000000000003,-0.316514
23.099,-0.57232
23.1,-0.38701
23.101000000000003,-0.389172
23.102,-0.472005
23.103,-0.305216
23.104000000000003,-0.115643
23.105,-0.054119
23.106,-0.366203
23.107000000000003,-0.575088
23.108,-0.367747
23.109,-0.257043
23.110000000000003,-0.85987
23.111,-0.568076
23.112,-0.481433
23.113000000000003,-0.738924
23.114,-0.153667
23.115,-0.452476
23.116000000000003,-0.359886
23.117,-0.559254
23.118,-0.322781
23.119000000000003,-0.52228
23.12,-0.435626
23.121,-0.63424
23.122000000000003,-0.130883
23.123,0.065039
23.124,-0.360525
23.125000000000004,-0.981936
23.126,-0.540951
23.127,-0.296684
23.128000000000004,-0.760098
23.129,-0.421985
23.130000000000003,-0.213029
23.131,-0.797064
23.132,-0.644008
23.133000000000003,-0.60538
23.134,-0.39523
23.135,-0.707776
23.136000000000003,-0.531169
23.137,-0.403616
23.138,-0.071084
23.139000000000003,-0.334301
23.14,-0.455704
23.141,-0.437064
23.142000000000003,-0.338892
23.143,-0.547377
23.144,-0.288483
23.145000000000003,-0.318561
23.146,-0.855627
23.147,-0.74321
23.148000000000003,-0.579766
23.149,-0.5665
23.15,-0.439901
23.151000000000003,-0.597114
23.152,-0.422207
23.153,-0.286948
23.154000000000003,-0.119217
23.155,-0.380032
23.156,-0.641291
23.157000000000004,-0.43223
23.158,-0.311473
23.159,-0.524646
23.16,-0.333615
23.161,-0.563221
23.162000000000003,-0.060364
23.163,-0.556581
23.164,-0.899794
23.165000000000003,-0.427207
23.166,-0.25859
23.167,-0.472314
23.168000000000003,-0.404843
23.169,0.277501
23.17,-1.103155
23.171000000000003,-0.51024
23.172,-0.687608
23.173,-0.646006
23.174000000000003,-0.409248
23.175,-0.346726
23.176,0.024613
23.177000000000003,-0.453211
23.178,-0.521114
23.179,-0.313456
23.180000000000003,-0.681537
23.181,-0.617805
23.182,-0.621097
23.183000000000003,-0.603178
23.184,-0.415183
23.185,-0.137747
23.186000000000003,-0.314048
23.187,-0.716414
23.188,-0.644196
23.189000000000004,-0.696197
23.19,-0.441462
23.191000000000003,-0.587215
23.192,-0.441052
23.193,-0.498132
23.194000000000003,-0.019673
23.195,-0.476177
23.196,-0.776268
23.197000000000003,-0.739334
23.198,-0.759617
23.199,-0.473659
23.200000000000003,-0.690756
23.201,-0.332844
23.202,-0.348534
23.203000000000003,-0.067377
23.204,-0.660516
23.205,-0.478651
23.206000000000003,-0.524794
23.207,-0.121866
23.208,-0.49397
23.209000000000003,-0.34365
23.21,-0.671388
23.211,-0.640188
23.212000000000003,-0.610892
23.213,-0.584224
23.214,-0.534407
23.215000000000003,-0.467258
23.216,-0.649123
23.217,-0.326143
23.218000000000004,-0.159397
23.219,-0.337028
23.22,-0.862364
23.221000000000004,-0.806649
23.222,-0.79104
23.223000000000003,-0.787172
23.224,-0.408608
23.225,-0.223571
23.226000000000003,-0.480382
23.227,-0.233782
23.228,-0.263731
23.229000000000003,-0.816228
23.23,-0.735343
23.231,-0.387026
23.232000000000003,-0.29722
23.233,-0.565418
23.234,-0.531089
23.235000000000003,-0.443031
23.236,-0.483416
23.237,-0.161047
23.238000000000003,-0.475257
23.239,-0.14849
23.24,-0.676186
23.241000000000003,-0.153658
23.242,-0.513381
23.243,-0.358598
23.244000000000003,-0.283694
23.245,-0.405358
23.246,-0.619862
23.247000000000003,-0.223017
23.248,-0.606328
23.249,-0.647611
23.250000000000004,-0.386217
23.251,-0.222637
23.252,-0.060939
23.253000000000004,-0.527437
23.254,-0.651601
23.255000000000003,-0.45908
23.256,-0.441071
23.257,-0.525835
23.258000000000003,-0.861917
23.259,-0.687316
23.26,-0.642965
23.261000000000003,-0.556678
23.262,-0.644885
23.263,-0.174448
23.264000000000003,-0.811723
23.265,-0.387026
23.266,-0.123924
23.267000000000003,-0.546179
23.268,-0.807788
23.269,-0.393803
23.270000000000003,-0.740595
23.271,-0.628031
23.272,-0.426575
23.273000000000003,-0.535149
23.274,-0.479719
23.275,-0.544826
23.276000000000003,-0.756051
23.277,-0.127871
23.278,-0.702858
23.279000000000003,-0.434933
23.28,-0.845614
23.281,-0.848793
23.282000000000004,-0.261415
23.283,-0.411152
23.284,-0.719588
23.285,-0.334324
23.286,0.270385
23.287000000000003,-0.517531
23.288,-0.533721
23.289,-0.245285
23.290000000000003,-0.282886
23.291,-0.772188
23.292,-0.147733
23.293000000000003,-0.523475
23.294,-0.203939
23.295,0.010412
23.296000000000003,0.023604
23.297,-0.498662
23.298,-0.508912
23.299000000000003,-0.392425
23.3,-0.353311
23.301,-0.410326
23.302000000000003,-0.586449
23.303,-0.508723
23.304,-0.540374
23.305000000000003,-0.613186
23.306,-0.731932
23.307,-0.631344
23.308000000000003,-0.624274
23.309,-0.119105
23.31,-0.733214
23.311000000000003,-0.544053
23.312,-0.962731
23.313,-0.525166
23.314000000000004,-0.556349
23.315,-0.377398
23.316000000000003,-0.489864
23.317,-0.464302
23.318,-0.31269
23.319000000000003,-0.231162
23.32,-0.360459
23.321,-0.93846
23.322000000000003,-0.58229
23.323,-0.436677
23.324,-0.171952
23.325000000000003,-0.813001
23.326,-0.208666
23.327,-0.571496
23.328000000000003,-0.227652
23.329,-0.04549
23.33,-0.758633
23.331000000000003,-0.763327
23.332,-0.283687
23.333,-0.551356
23.334000000000003,-0.507516
23.335,-0.405476
23.336,-0.536835
23.337000000000003,-0.274844
23.338,-0.474288
23.339,-0.731967
23.340000000000003,-0.498393
23.341,-0.607521
23.342,-0.579635
23.343000000000004,-0.086456
23.344,-0.630977
23.345,-0.2594
23.346000000000004,-0.080502
23.347,-0.400033
23.348000000000003,-0.210049
23.349,-0.706995
23.35,-0.608477
23.351000000000003,-0.452167
23.352,-0.207981
23.353,-0.194447
23.354000000000003,-0.215026
23.355,-0.430085
23.356,-0.415574
23.357000000000003,-0.64916
23.358,-0.283684
23.359,-0.432241
23.360000000000003,-0.443907
23.361,-0.35034
23.362,-0.381371
23.363000000000003,-0.629365
23.364,-0.509083
23.365,-0.301286
23.366000000000003,-0.267847
23.367,-0.332731
23.368,-0.381907
23.369000000000003,-0.271473
23.37,-0.86349
23.371,-0.481814
23.372000000000003,-0.181562
23.373,-0.405025
23.374,-0.446614
23.375000000000004,-0.389185
23.376,-0.339919
23.377,-0.608737
23.378000000000004,-0.183548
23.379,-0.493441
23.380000000000003,-0.013166
23.381,-0.286141
23.382,-0.395878
23.383000000000003,-0.544234
23.384,-0.504083
23.385,-0.336808
23.386000000000003,-0.356496
23.387,-0.368282
23.388,-0.415979
23.389000000000003,-0.280483
23.39,-0.588398
23.391,-0.587472
23.392000000000003,-0.729112
23.393,-0.47217
23.394,-0.723586
23.395000000000003,-0.624044
23.396,-0.371413
23.397,-0.551492
23.398000000000003,-0.850478
23.399,-0.370789
23.4,-0.3014
23.401000000000003,-0.752689
23.402,-0.558495
23.403,-0.631492
23.404000000000003,-0.437926
23.405,-0.398364
23.406,-0.664365
23.407000000000004,-0.071439
23.408,-0.232495
23.409,-0.431335
23.41,-0.44026
23.411,-0.715075
23.412000000000003,-0.815178
23.413,-0.570591
23.414,-0.324697
23.415000000000003,-0.574211
23.416,-0.119549
23.417,-0.188275
23.418000000000003,-0.037073
23.419,-0.441772
23.42,-0.442524
23.421000000000003,-0.484172
23.422,-0.452993
23.423,-0.42275
23.424000000000003,-0.265703
23.425,-0.593448
23.426,-0.493355
23.427000000000003,-0.361173
23.428,-0.585136
23.429,-0.737815
23.430000000000003,-0.37603
23.431,-0.653001
23.432,-0.593659
23.433000000000003,-0.739364
23.434,-0.309294
23.435,-0.647127
23.436000000000003,-0.414658
23.437,-0.563567
23.438,-0.278835
23.439000000000004,-0.534675
23.44,-0.291798
23.441000000000003,-0.59538
23.442,-0.485507
23.443,-0.473858
23.444000000000003,-0.598413
23.445,-0.367973
23.446,-0.586895
23.447000000000003,-0.302059
23.448,-0.506427
23.449,-0.353778
23.450000000000003,-0.494846
23.451,-0.388253
23.452,-0.700544
23.453000000000003,-0.541842
23.454,-0.50172
23.455,-0.578546
23.456000000000003,-0.598011
23.457,-0.618673
23.458,-0.735777
23.459000000000003,-0.504313
23.46,-0.788991
23.461,-0.208317
23.462000000000003,-0.626823
23.463,-0.783723
23.464,-0.431696
23.465000000000003,-0.954996
23.466,-0.34257
23.467,0.10939
23.468000000000004,-0.319912
23.469,-0.054234
23.47,-0.44017
23.471000000000004,-0.254518
23.472,-0.257717
23.473000000000003,-0.534732
23.474,-0.617102
23.475,-0.335982
23.476000000000003,-0.697383
23.477,-0.307562
23.478,-0.302229
23.479000000000003,-0.170826
23.48,-0.506914
23.481,-0.247508
23.482000000000003,-0.543564
23.483,-0.621795
23.484,0.157664
23.485000000000003,-0.163905
23.486,-0.34182
23.487,-0.216404
23.488000000000003,-0.182557
23.489,0.102087
23.49,-0.584121
23.491000000000003,-0.389071
23.492,-0.443296
23.493,-0.026052
23.494000000000003,-0.568539
23.495,-0.449042
23.496,-0.561888
23.497000000000003,-0.208068
23.498,-0.223109
23.499,-0.395374
23.500000000000004,-0.813322
23.501,-0.433072
23.502,-0.542776
23.503000000000004,-0.378022
23.504,-0.538078
23.505000000000003,-0.127851
23.506,-0.032425
23.507,-0.550618
23.508000000000003,-0.330174
23.509,-0.342479
23.51,-0.532239
23.511000000000003,-0.379786
23.512,-0.389381
23.513,-0.327828
23.514000000000003,-0.513746
23.515,-0.720677
23.516,-0.398351
23.517000000000003,-0.100572
23.518,-0.685033
23.519,-0.609483
23.520000000000003,-0.343133
23.521,-0.22655
23.522,-0.483296
23.523000000000003,-0.453971
23.524,-0.419373
23.525,-0.414159
23.526000000000003,-0.466663
23.527,-0.347648
23.528,-0.273242
23.529000000000003,-0.492928
23.53,-0.645408
23.531,-0.191081
23.532000000000004,-0.627936
23.533,-0.609496
23.534,-0.829547
23.535000000000004,-0.66037
23.536,-0.646565
23.537000000000003,-0.313929
23.538,-0.526599
23.539,-0.467608
23.540000000000003,-0.440135
23.541,-0.317331
23.542,-0.642174
23.543000000000003,-0.13671
23.544,-0.340355
23.545,-0.537295
23.546000000000003,-0.621429
23.547,-0.531949
23.548,-0.282092
23.549000000000003,-0.45249
23.55,-0.427691
23.551,-0.541731
23.552000000000003,-0.222231
23.553,-0.959997
23.554,-0.513593
23.555000000000003,-0.33831
23.556,-0.172006
23.557,-0.393598
23.558000000000003,-0.757844
23.559,-0.203112
23.56,-0.320831
23.561000000000003,-0.639248
23.562,-0.342578
23.563,-0.396557
23.564000000000004,-0.632776
23.565,-0.432339
23.566000000000003,-0.423705
23.567,-0.217836
23.568,-0.686107
23.569000000000003,-0.348981
23.57,-0.613244
23.571,-0.408464
23.572000000000003,-0.197457
23.573,-0.168293
23.574,0.100457
23.575000000000003,-0.435476
23.576,-0.719383
23.577,-0.545078
23.578000000000003,-0.207382
23.579,-0.257082
23.58,-0.026205
23.581000000000003,-0.367236
23.582,-0.539886
23.583,-0.252417
23.584000000000003,-0.041276
23.585,-0.402788
23.586,-0.46296
23.587000000000003,-0.318502
23.588,-0.608593
23.589,-0.286114
23.590000000000003,-0.177442
23.591,-0.197783
23.592,-0.173683
23.593000000000004,-0.313507
23.594,-0.294285
23.595,-0.314288
23.596000000000004,-0.661933
23.597,-0.360169
23.598000000000003,-0.45359
23.599,-0.17832
23.6,-0.470933
23.601000000000003,-0.594738
23.602,-0.341246
23.603,-0.451529
23.604000000000003,-0.660473
23.605,-0.515931
23.606,-0.573978
23.607000000000003,-0.331034
23.608,-0.372349
23.609,-0.547764
23.610000000000003,-0.812428
23.611,-0.590843
23.612,-0.717794
23.613000000000003,-0.523037
23.614,-0.415859
23.615,-0.474633
23.616000000000003,-0.447214
23.617,-0.195321
23.618,-0.76571
23.619000000000003,-0.215199
23.62,-0.561327
23.621,-0.74466
23.622000000000003,-0.241183
23.623,-0.428967
23.624,-0.49532
23.625000000000004,-0.536879
23.626,-0.203819
23.627,-0.514166
23.628000000000004,-0.553149
23.629,-0.55944
23.630000000000003,-0.259677
23.631,-0.382662
23.632,-0.487794
23.633000000000003,-0.50938
23.634,-0.446983
23.635,-0.525564
23.636000000000003,-0.728043
23.637,-0.323662
23.638,-0.405263
23.639000000000003,-0.313461
23.64,-0.463535
23.641,-0.315479
23.642000000000003,-0.960198
23.643,-0.331289
23.644,-0.410192
23.645000000000003,-0.876499
23.646,-0.422543
23.647,-0.624957
23.648000000000003,-0.728321
23.649,-0.006229
23.65,-0.426728
23.651000000000003,-0.282091
23.652,-0.39175
23.653,-0.447288
23.654000000000003,-0.767271
23.655,-0.294918
23.656,-0.608802
23.657000000000004,-0.16148
23.658,-0.221222
23.659,-0.610917
23.660000000000004,-0.345309
23.661,-0.473973
23.662000000000003,-0.440419
23.663,-0.689237
23.664,-0.444104
23.665000000000003,-0.130838
23.666,-0.27646
23.667,-0.222646
23.668000000000003,-0.390993
23.669,-0.833635
23.67,-0.769565
23.671000000000003,-0.51156
23.672,-0.285322
23.673,-0.775861
23.674000000000003,-0.376995
23.675,-0.675718
23.676,-0.455754
23.677000000000003,-0.5457
23.678,-0.294139
23.679,-0.298774
23.680000000000003,-0.537899
23.681,-0.787684
23.682,-0.445503
23.683000000000003,-0.404905
23.684,-0.407672
23.685,-0.406648
23.686000000000003,-0.126083
23.687,0.001344
23.688,-0.463396
23.689000000000004,-0.47969
23.69,-0.459583
23.691000000000003,-0.633331
23.692,-0.280474
23.693,-0.553234
23.694000000000003,-0.37491
23.695,-0.398611
23.696,-0.222019
23.697000000000003,-0.803326
23.698,-0.596592
23.699,-0.657402
23.700000000000003,-0.319199
23.701,-0.625396
23.702,-0.285302
23.703000000000003,-0.311926
23.704,-0.571113
23.705,-0.650536
23.706000000000003,-0.63923
23.707,-0.618089
23.708,-0.079881
23.709000000000003,-0.383185
23.71,-0.85254
23.711,-0.760279
23.712000000000003,-0.823148
23.713,-0.335591
23.714,-0.488629
23.715000000000003,-0.735855
23.716,-0.716435
23.717,-0.566941
23.718000000000004,-0.44685
23.719,-0.484717
23.72,-0.661414
23.721000000000004,-0.596206
23.722,-0.288452
23.723000000000003,-0.458764
23.724,-0.398047
23.725,-0.344221
23.726000000000003,-0.605671
23.727,-0.186067
23.728,-0.441853
23.729000000000003,-0.331606
23.73,-0.177828
23.731,-0.080563
23.732000000000003,-0.708755
23.733,-0.644046
23.734,-0.335491
23.735000000000003,-0.481131
23.736,-0.407775
23.737,-0.425246
23.738000000000003,-0.709946
23.739,-0.533847
23.74,-0.737128
23.741000000000003,-0.642923
23.742,-0.649867
23.743,-0.433156
23.744000000000003,-0.524654
23.745,-0.460888
23.746,-0.194667
23.747000000000003,-0.945082
23.748,-0.477751
23.749,-0.36867
23.750000000000004,-0.330936
23.751,-0.200225
23.752,-0.008788
23.753000000000004,-0.438306
23.754,-0.325679
23.755000000000003,-0.233723
23.756,-0.004446
23.757,-0.306718
23.758000000000003,-0.189652
23.759,-0.582168
23.76,-0.355623
23.761000000000003,-0.392455
23.762,-0.500516
23.763,-0.621761
23.764000000000003,-0.296528
23.765,-0.38316
23.766,-0.619338
23.767000000000003,-0.325891
23.768,-0.459324
23.769,-0.432108
23.770000000000003,-0.267505
23.771,-0.961798
23.772,-0.342291
23.773000000000003,-0.522439
23.774,-0.498596
23.775,-0.142597
23.776000000000003,-0.573723
23.777,-0.275593
23.778,-0.620191
23.779000000000003,-0.277302
23.78,-0.768225
23.781,-0.510815
23.782000000000004,-0.786068
23.783,-0.357605
23.784,-0.535453
23.785000000000004,-0.331951
23.786,-0.531684
23.787000000000003,-0.445223
23.788,-0.467871
23.789,-0.513122
23.790000000000003,-0.260154
23.791,-0.548452
23.792,-0.68104
23.793000000000003,-0.320625
23.794,-0.349343
23.795,-0.369294
23.796000000000003,-0.264532
23.797,-0.230238
23.798,-0.317287
23.799000000000003,-0.463959
23.8,-0.260355
23.801,-0.533498
23.802000000000003,-0.494386
23.803,-0.279675
23.804,-0.366644
23.805000000000003,-0.439832
23.806,-0.124792
23.807,-0.55253
23.808000000000003,-0.659931
23.809,-0.170703
23.81,-0.37369
23.811000000000003,-0.597062
23.812,-0.542425
23.813,-0.445776
23.814000000000004,-0.688059
23.815,-0.406538
23.816000000000003,-0.765586
23.817000000000004,-0.434475
23.818,-0.533708
23.819000000000003,-0.183448
23.82,-0.525166
23.821,0.172001
23.822000000000003,-0.640245
23.823,-0.707861
23.824,-0.50218
23.825000000000003,-0.58389
23.826,-0.439808
23.827,-0.56571
23.828000000000003,-0.722813
23.829,-0.848942
23.83,-0.548583
23.831000000000003,-0.418202
23.832,-0.27821
23.833,-0.145457
23.834000000000003,-0.432027
23.835,0.022776
23.836,-0.282888
23.837000000000003,-0.38447
23.838,-0.735353
23.839,-0.409025
23.840000000000003,-0.423492
23.841,-0.416263
23.842,-0.218953
23.843000000000004,-0.788837
23.844,-0.492541
23.845,-0.441649
23.846000000000004,-0.378241
23.847,-0.48089
23.848000000000003,-0.849636
23.849,-0.454515
23.85,-0.496
23.851000000000003,-0.262808
23.852,-0.608416
23.853,-0.450794
23.854000000000003,-0.851469
23.855,-0.233562
23.856,-0.38683
23.857000000000003,-0.569891
23.858,-0.275595
23.859,-0.471538
23.860000000000003,-0.230747
23.861,-0.269207
23.862,-0.230163
23.863000000000003,-0.614258
23.864,-0.372807
23.865,-0.418674
23.866000000000003,-0.516196
23.867,-0.274192
23.868,-0.337218
23.869000000000003,-0.295655
23.87,-0.659762
23.871,-0.335547
23.872000000000003,-0.457064
23.873,-0.320332
23.874,-0.399648
23.875000000000004,-0.421561
23.876,-0.353673
23.877,-0.466332
23.878000000000004,-0.292671
23.879,-0.532145
23.880000000000003,-0.440165
23.881,-0.452567
23.882,-0.227451
23.883000000000003,-0.675697
23.884,-0.582333
23.885,-0.653601
23.886000000000003,-0.492394
23.887,-0.540227
23.888,-0.476887
23.889000000000003,-0.566182
23.89,-0.506074
23.891,-0.175032
23.892000000000003,-0.384471
23.893,-0.561315
23.894,-0.695606
23.895000000000003,-0.604632
23.896,-0.661627
23.897,-0.608787
23.898000000000003,-0.512531
23.899,-0.470455
23.9,-0.062768
23.901000000000003,-0.408361
23.902,-0.11984
23.903,-0.45671
23.904000000000003,-0.46299
23.905,-0.671224
23.906,-0.337247
23.907000000000004,-0.190569
23.908,-0.376485
23.909,-0.653122
23.910000000000004,-0.237584
23.911,-0.31511
23.912000000000003,-0.218914
23.913,-0.824103
23.914,-0.494815
23.915000000000003,-0.516947
23.916,-0.539509
23.917,-0.519947
23.918000000000003,-0.627775
23.919,-0.722769
23.92,-0.379652
23.921000000000003,-0.610531
23.922,-0.519829
23.923,-0.640128
23.924000000000003,-0.313637
23.925,-0.407158
23.926,-0.51947
23.927000000000003,-0.221454
23.928,-0.194492
23.929,-0.236473
23.930000000000003,-0.586293
23.931,-0.358054
23.932,-0.357173
23.933000000000003,-0.134722
23.934,-0.335052
23.935,-0.469832
23.936000000000003,-0.876942
23.937,-0.35407
23.938,-0.643966
23.939000000000004,-0.591351
23.94,-0.326045
23.941000000000003,-0.415507
23.942000000000004,-0.416994
23.943,-0.361252
23.944000000000003,-0.201957
23.945,-0.531049
23.946,-0.6504
23.947000000000003,-0.739708
23.948,-0.548176
23.949,-0.373458
23.950000000000003,-0.391817
23.951,-0.408826
23.952,-0.383893
23.953000000000003,-0.798716
23.954,-0.616434
23.955,-0.613976
23.956000000000003,-0.467153
23.957,-0.173286
23.958,-0.197377
23.959000000000003,-0.417837
23.96,-0.281266
23.961,-0.25851
23.962000000000003,-0.170506
23.963,-0.671098
23.964,-0.148927
23.965000000000003,-0.135304
23.966,-0.50812
23.967,-0.657967
23.968000000000004,-0.440249
23.969,-0.876959
23.97,-0.500004
23.971000000000004,-0.385079
23.972,-0.750014
23.973000000000003,-0.739962
23.974,-0.535071
23.975,-0.401886
23.976000000000003,-0.563394
23.977,-0.427353
23.978,-0.049845
23.979000000000003,-0.438417
23.98,-0.432024
23.981,-0.469775
23.982000000000003,-0.286893
23.983,-0.365565
23.984,-0.71042
23.985000000000003,-0.586772
23.986,-0.512255
23.987,-0.486512
23.988000000000003,-1.03304
23.989,-0.456608
23.99,-0.391718
23.991000000000003,-0.64823
23.992,-0.464977
23.993,-0.590158
23.994000000000003,-0.187643
23.995,-0.152295
23.996,-0.539236
23.997000000000003,-0.424836
23.998,-0.877129
23.999,-0.446409
24.000000000000004,-0.389667
24.001,-0.479535
24.002,-0.179766
24.003000000000004,-0.245409
24.004,-0.341131
24.005000000000003,-0.32471
24.006,-0.370778
24.007,-0.336759
24.008000000000003,-0.20271
24.009,-0.245461
24.01,-0.467302
24.011000000000003,-0.483805
24.012,-0.390257
24.013,-0.557359
24.014000000000003,-0.598346
24.015,-0.352329
24.016,-0.836596
24.017000000000003,-0.697048
24.018,-0.847363
24.019,-0.257519
24.020000000000003,-0.330571
24.021,-0.434468
24.022,-0.582263
24.023000000000003,-0.576029
24.024,-0.275678
24.025,-0.467825
24.026000000000003,-0.138254
24.027,-0.587707
24.028,-0.618113
24.029000000000003,-0.011612
24.03,-0.306163
24.031,-0.551244
24.032000000000004,-0.388114
24.033,-0.518647
24.034,-0.340571
24.035000000000004,-1.018361
24.036,-0.342201
24.037000000000003,-0.375341
24.038,-0.278058
24.039,-0.836713
24.040000000000003,-0.210149
24.041,-0.763101
24.042,-0.796542
24.043000000000003,-0.567895
24.044,-0.37669
24.045,-0.197018
24.046000000000003,-0.656182
24.047,-0.78014
24.048,-0.448394
24.049000000000003,-0.421188
24.05,-0.502186
24.051,-0.505346
24.052000000000003,-0.69732
24.053,-0.489159
24.054,-0.480082
24.055000000000003,-0.31535
24.056,-0.477096
24.057,-0.409734
24.058000000000003,-0.641181
24.059,-0.58627
24.06,-0.131931
24.061000000000003,-0.31826
24.062,-0.950124
24.063,-0.513354
24.064000000000004,-0.170163
24.065,-0.518731
24.066000000000003,-0.735844
24.067000000000004,-0.270821
24.068,-0.432982
24.069000000000003,-0.156135
24.07,-0.532481
24.071,-0.312014
24.072000000000003,-0.175741
24.073,-0.74102
24.074,-0.493773
24.075000000000003,-0.166426
24.076,0.047386
24.077,-0.20181
24.078000000000003,-0.473087
24.079,-0.236566
24.08,-0.406442
24.081000000000003,-0.846148
24.082,-0.559398
24.083,-0.307003
24.084000000000003,-0.551911
24.085,-0.34499
24.086,-0.828305
24.087000000000003,-0.412314
24.088,-0.376723
24.089,-0.250765
24.090000000000003,-0.548937
24.091,-0.632085
24.092,-0.681348
24.093000000000004,-0.577616
24.094,-0.367504
24.095,-0.428136
24.096000000000004,-0.099937
24.097,-0.41744
24.098000000000003,-0.669875
24.099,-0.28612
24.1,-0.533076
24.101000000000003,-0.494424
24.102,-0.255717
24.103,-0.44892
24.104000000000003,0.008609
24.105,-0.499791
24.106,-0.347403
24.107000000000003,-0.342056
24.108,-0.403267
24.109,-0.366265
24.110000000000003,-0.719821
24.111,-0.802278
24.112,-0.416788
24.113000000000003,-0.963681
24.114,-0.445701
24.115,-0.565703
24.116000000000003,-0.347368
24.117,-0.305233
24.118,-0.709582
24.119000000000003,-0.640925
24.12,-0.492366
24.121,-0.852814
24.122000000000003,-0.508397
24.123,-0.649473
24.124,-0.891665
24.125000000000004,-0.468698
24.126,-0.477092
24.127,-0.496678
24.128000000000004,-0.31173
24.129,-0.42286
24.130000000000003,-0.198533
24.131,-0.437641
24.132,-0.699985
24.133000000000003,-0.357461
24.134,-0.512289
24.135,-0.318812
24.136000000000003,-0.687324
24.137,-0.395374
24.138,-0.401523
24.139000000000003,-0.619765
24.14,-0.278823
24.141,-0.470343
24.142000000000003,-0.484821
24.143,-0.364438
24.144,-0.706876
24.145000000000003,-0.333378
24.146,-0.562524
24.147,-0.409402
24.148000000000003,0.111025
24.149,-0.329624
24.15,-0.884199
24.151000000000003,-0.389544
24.152,-0.473812
24.153,-0.321777
24.154000000000003,-0.242311
24.155,-0.390002
24.156,-0.184731
24.157000000000004,-0.175643
24.158,-0.307094
24.159,-0.78783
24.160000000000004,-0.580674
24.161,-0.555032
24.162000000000003,-0.377164
24.163,-0.692728
24.164,-0.295766
24.165000000000003,-0.410426
24.166,-0.852538
24.167,-0.55227
24.168000000000003,-0.727988
24.169,-0.144363
24.17,-0.800359
24.171000000000003,-0.263605
24.172,-0.3432
24.173,-0.316995
24.174000000000003,-0.047271
24.175,-0.495352
24.176,-0.234932
24.177000000000003,-0.42243
24.178,-0.362833
24.179,-0.181809
24.180000000000003,-0.409279
24.181,-0.507599
24.182,-0.816552
24.183000000000003,-0.36279
24.184,-0.431486
24.185,0.01141
24.186000000000003,-0.340623
24.187,-0.11099
24.188,-0.581616
24.189000000000004,-0.277285
24.19,-0.282078
24.191000000000003,-1.009831
24.192000000000004,-0.466831
24.193,-0.391618
24.194000000000003,-0.22124
24.195,-0.576929
24.196,-0.477171
24.197000000000003,-0.380665
24.198,-0.296558
24.199,-0.609084
24.200000000000003,-0.492373
24.201,-0.503969
24.202,-0.400686
24.203000000000003,-0.368786
24.204,-0.689946
24.205,-0.261998
24.206000000000003,-0.285337
24.207,-0.595919
24.208,-0.393991
24.209000000000003,-0.493392
24.21,-0.099493
24.211,-0.504619
24.212000000000003,-1.013045
24.213,-0.559593
24.214,-0.394252
24.215000000000003,-0.212913
24.216,-0.341597
24.217,-0.528
24.218000000000004,-0.395659
24.219,-0.359909
24.22,-0.446378
24.221000000000004,-0.387641
24.222,-0.464808
24.223000000000003,-0.397162
24.224000000000004,-0.176929
24.225,-0.332528
24.226000000000003,-0.463536
24.227,-0.462393
24.228,-0.493041
24.229000000000003,-0.396299
24.23,-0.323988
24.231,-0.538381
24.232000000000003,-0.777486
24.233,-0.35279
24.234,-0.43514
24.235000000000003,-0.641376
24.236,-0.055897
24.237,-0.451308
24.238000000000003,-0.206283
24.239,-0.516923
24.24,-0.335639
24.241000000000003,-0.448384
24.242,-0.170249
24.243,-0.421185
24.244000000000003,-0.779225
24.245,-0.336077
24.246,-0.207128
24.247000000000003,-0.8155
24.248,-0.250939
24.249,-0.235013
24.250000000000004,-0.430085
24.251,-0.459941
24.252,-0.072202
24.253000000000004,-0.160854
24.254,-0.131272
24.255000000000003,-0.301158
24.256,-0.44748
24.257,-0.472199
24.258000000000003,-0.262651
24.259,-0.297463
24.26,-0.854407
24.261000000000003,-0.536182
24.262,-0.072453
24.263,-0.264401
24.264000000000003,-0.525166
24.265,-0.150685
24.266,-0.365428
24.267000000000003,-0.747751
24.268,-0.929082
24.269,-0.18337
24.270000000000003,-0.398066
24.271,-0.494796
24.272,-0.72792
24.273000000000003,-0.457307
24.274,-0.202167
24.275,0.106139
24.276000000000003,-0.488648
24.277,-0.260491
24.278,-0.577172
24.279000000000003,-0.326738
24.28,-0.368828
24.281,-0.118896
24.282000000000004,-0.293175
24.283,-0.282087
24.284,-0.64322
24.285000000000004,-0.418385
24.286,-0.546401
24.287000000000003,-0.588423
24.288,-0.220114
24.289,-0.381567
24.290000000000003,-0.673157
24.291,-0.166846
24.292,-0.149191
24.293000000000003,-0.409388
24.294,-0.336955
24.295,-0.463409
24.296000000000003,-0.274911
24.297,-0.265976
24.298,-0.63181
24.299000000000003,-0.616078
24.3,-0.722402
24.301,-0.534107
24.302000000000003,-0.419188
24.303,-0.448159
24.304,-0.288506
24.305000000000003,-0.702723
24.306,-0.426557
24.307,-0.323926
24.308000000000003,-0.448204
24.309,-0.176343
24.31,-0.147127
24.311000000000003,-0.021161
24.312,0.0423
24.313,-0.220124
24.314000000000004,-0.242003
24.315,-0.478676
24.316000000000003,-0.496192
24.317000000000004,-0.42662
24.318,-0.557449
24.319000000000003,-0.362084
24.32,-0.375201
24.321,-0.64233
24.322000000000003,-0.159043
24.323,-0.390389
24.324,-0.483573
24.325000000000003,-0.484593
24.326,-0.324298
24.327,-0.509637
24.328000000000003,-0.238103
24.329,-0.350904
24.33,-0.244732
24.331000000000003,-0.150831
24.332,-0.138992
24.333,-0.34009
24.334000000000003,-0.505222
24.335,-0.607611
24.336,0.03781
24.337000000000003,-0.163671
24.338,-0.544694
24.339,-0.741963
24.340000000000003,-0.51377
24.341,-0.546433
24.342,-0.197639
24.343000000000004,-0.100537
24.344,-0.402344
24.345,-0.274829
24.346000000000004,-0.653834
24.347,-0.418491
24.348000000000003,-0.648802
24.349000000000004,-0.443453
24.35,-0.53298
24.351000000000003,-0.235195
24.352,-0.482882
24.353,-0.671035
24.354000000000003,-0.554951
24.355,-0.078959
24.356,-0.55088
24.357000000000003,-0.364935
24.358,-0.80929
24.359,-0.364882
24.360000000000003,-0.417702
24.361,-0.703409
24.362,-0.52345
24.363000000000003,-0.174167
24.364,-0.687415
24.365,-0.747744
24.366000000000003,-0.289347
24.367,-0.362519
24.368,-0.588737
24.369000000000003,-0.344193
24.37,-0.43024
24.371,-0.622383
24.372000000000003,-0.397441
24.373,-0.165193
24.374,-0.578005
24.375000000000004,-0.645327
24.376,-0.384565
24.377,-0.632366
24.378000000000004,-0.58258
24.379,-0.597546
24.380000000000003,-0.277346
24.381,-0.555856
24.382,-0.384871
24.383000000000003,-0.482065
24.384,-0.610645
24.385,-0.411867
24.386000000000003,-0.628814
24.387,-0.493638
24.388,-0.362989
24.389000000000003,-0.411106
24.39,-0.357516
24.391,-0.39921
24.392000000000003,-0.32887
24.393,-0.699235
24.394,-0.180751
24.395000000000003,-0.174013
24.396,-0.603982
24.397,-0.495968
24.398000000000003,-0.791472
24.399,-0.335837
24.4,-0.72771
24.401000000000003,-0.344426
24.402,-0.82525
24.403,-0.732104
24.404000000000003,-0.501745
24.405,-0.433386
24.406,-0.388142
24.407000000000004,-0.735507
24.408,-0.511574
24.409,-0.35034
24.410000000000004,-0.337218
24.411,-0.229916
24.412000000000003,-0.39461
24.413,-0.368662
24.414,-0.428803
24.415000000000003,-0.167705
24.416,-0.436588
24.417,-0.355118
24.418000000000003,-0.280457
24.419,-0.092177
24.42,-0.421653
24.421000000000003,-0.621567
24.422,-0.871609
24.423,-0.460726
24.424000000000003,-0.568627
24.425,-0.355967
24.426,-0.936778
24.427000000000003,-0.706305
24.428,-0.579404
24.429,-0.110071
24.430000000000003,-0.606637
24.431,-0.499861
24.432,-0.541416
24.433000000000003,-0.514028
24.434,-0.157786
24.435,0.128507
24.436000000000003,-0.718411
24.437,-0.3209
24.438,-0.231239
24.439000000000004,-0.88562
24.44,-0.459962
24.441000000000003,-0.481275
24.442000000000004,-0.208734
24.443,-0.52681
24.444000000000003,-0.443755
24.445,-0.40034
24.446,-0.399775
24.447000000000003,-0.493478
24.448,-0.474347
24.449,-0.590812
24.450000000000003,-0.751132
24.451,-0.487609
24.452,-0.546393
24.453000000000003,-0.615465
24.454,-0.617347
24.455,-0.463875
24.456000000000003,-0.39409
24.457,-0.634557
24.458,-0.56399
24.459000000000003,-0.483464
24.46,-0.355494
24.461,-0.341349
24.462000000000003,-0.4722
24.463,-0.607998
24.464,-0.589767
24.465000000000003,-0.559138
24.466,-0.398747
24.467,-0.76727
24.468000000000004,-0.339695
24.469,-0.105421
24.47,-0.540973
24.471000000000004,-0.720729
24.472,-0.300645
24.473000000000003,-0.287704
24.474000000000004,-0.616846
24.475,-0.603164
24.476000000000003,-0.531709
24.477,-0.190106
24.478,-0.785431
24.479000000000003,-0.215837
24.48,-0.258578
24.481,-0.189768
24.482000000000003,-0.487062
24.483,-0.525203
24.484,-0.65274
24.485000000000003,-0.26688
24.486,-0.632283
24.487,-0.642019
24.488000000000003,-0.337102
24.489,-0.630616
24.49,-0.071097
24.491000000000003,-0.955405
24.492,-0.078247
24.493,-0.862841
24.494000000000003,-0.266814
24.495,-0.26838
24.496,-0.601314
24.497000000000003,-0.58558
24.498,-0.531635
24.499,-0.466947
24.500000000000004,-0.567169
24.501,-0.273978
24.502,-0.44226
24.503000000000004,-0.474815
24.504,-0.537804
24.505000000000003,-0.434308
24.506000000000004,-0.314604
24.507,-0.665136
24.508000000000003,-0.406988
24.509,-0.52584
24.51,-0.536412
24.511000000000003,-0.520803
24.512,-0.601806
24.513,-0.52779
24.514000000000003,-0.273201
24.515,-0.318551
24.516,-0.461099
24.517000000000003,-0.390805
24.518,-0.476998
24.519,-0.385623
24.520000000000003,-0.568248
24.521,-0.137686
24.522,-0.377996
24.523000000000003,-0.256936
24.524,-0.282077
24.525,-0.593802
24.526000000000003,-0.464371
24.527,-0.504317
24.528,-0.624793
24.529000000000003,-0.953843
24.53,-0.613409
24.531,-0.331723
24.532000000000004,-0.363971
24.533,-0.438202
24.534,-0.032692
24.535000000000004,-0.326998
24.536,-0.474703
24.537000000000003,-0.410598
24.538,-0.575967
24.539,-0.085974
24.540000000000003,-0.378363
24.541,-0.622907
24.542,-0.193691
24.543000000000003,-0.099717
24.544,-0.302337
24.545,-0.352093
24.546000000000003,-0.030655
24.547,-0.555484
24.548,-0.722769
24.549000000000003,-0.665801
24.55,-0.676319
24.551,-0.297244
24.552000000000003,-0.618817
24.553,-0.397425
24.554,0.265827
24.555000000000003,-0.314407
24.556,-0.611964
24.557,-0.268269
24.558000000000003,-0.421812
24.559,-0.529413
24.56,-0.420848
24.561000000000003,-0.07406
24.562,-0.089541
24.563,-0.570478
24.564000000000004,-0.267657
24.565,-0.64276
24.566000000000003,-0.430617
24.567000000000004,-0.151341
24.568,-0.600624
24.569000000000003,-0.26093
24.57,-0.572585
24.571,-0.237491
24.572000000000003,-0.686609
24.573,-0.216964
24.574,-0.000976
24.575000000000003,-0.316504
24.576,-0.711592
24.577,-0.112418
24.578000000000003,-0.697309
24.579,-0.305479
24.58,-0.411654
24.581000000000003,-0.597402
24.582,-0.3822
24.583,-0.266187
24.584000000000003,-0.387544
24.585,-0.479332
24.586,-0.581017
24.587000000000003,-0.369474
24.588,-0.865579
24.589,-0.417164
24.590000000000003,-0.133318
24.591,-0.500103
24.592,-0.224093
24.593000000000004,-0.379726
24.594,-0.434007
24.595,-0.727728
24.596000000000004,-0.555357
24.597,-0.382064
24.598000000000003,-0.488346
24.599000000000004,-0.093237
24.6,-0.333658
24.601000000000003,-0.260899
24.602,0.100981
24.603,-0.085114
24.604000000000003,-0.164264
24.605,-0.419825
24.606,-0.809958
24.607000000000003,-0.140596
24.608,-0.255025
24.609,-0.380355
24.610000000000003,-0.770983
24.611,-0.231099
24.612,-0.388126
24.613000000000003,-0.388965
24.614,-0.563434
24.615,-0.589453
24.616000000000003,-0.41397
24.617,-0.333363
24.618,-0.204599
24.619000000000003,-0.379562
24.62,-0.637153
24.621,-0.173634
24.622000000000003,-0.738615
24.623,-0.371719
24.624,-0.2853
24.625000000000004,-0.614863
24.626,-0.343493
24.627,-0.280477
24.628000000000004,-0.088054
24.629,-0.590389
24.630000000000003,-0.788607
24.631000000000004,-0.384553
24.632,-0.621659
24.633000000000003,-0.27104
24.634,-0.025701
24.635,-0.042413
24.636000000000003,-0.496094
24.637,-0.256224
24.638,-0.396419
24.639000000000003,-0.463682
24.64,-0.423308
24.641,-0.580908
24.642000000000003,-0.585006
24.643,-0.650958
24.644,-0.129192
24.645000000000003,-0.420936
24.646,-0.462348
24.647,-0.161213
24.648000000000003,-0.39772
24.649,-0.203393
24.65,-0.715832
24.651000000000003,-0.724207
24.652,-0.500433
24.653,-0.351467
24.654000000000003,-0.253294
24.655,-0.265205
24.656,-0.193827
24.657000000000004,-0.060599
24.658,-0.073979
24.659,-0.326451
24.660000000000004,-0.447178
24.661,-0.221212
24.662000000000003,-0.521942
24.663,-0.850979
24.664,-0.717806
24.665000000000003,-0.758102
24.666,-0.373277
24.667,-0.470735
24.668000000000003,-0.402031
24.669,-0.64502
24.67,-0.494325
24.671000000000003,-0.373547
24.672,-0.293318
24.673,-0.33771
24.674000000000003,-0.290902
24.675,-0.596783
24.676,-0.318948
24.677000000000003,-0.399069
24.678,-0.357514
24.679,-0.338875
24.680000000000003,-0.573062
24.681,-0.062128
24.682,-0.764965
24.683000000000003,-0.582375
24.684,-0.411026
24.685,-0.593829
24.686000000000003,-0.292498
24.687,-0.415715
24.688,-0.215169
24.689000000000004,-0.438296
24.69,-0.877041
24.691000000000003,-0.205733
24.692000000000004,0.032851
24.693,-0.271616
24.694000000000003,-0.429436
24.695,-0.411098
24.696,-0.597023
24.697000000000003,-0.533556
24.698,-0.547852
24.699,-0.929978
24.700000000000003,-0.165157
24.701,-0.036783
24.702,-0.274884
24.703000000000003,-0.518316
24.704,-0.446224
24.705,-0.45089
24.706000000000003,-0.382454
24.707,-0.508595
24.708,-0.085583
24.709000000000003,-0.368243
24.71,-0.23886
24.711,-0.418664
24.712000000000003,-0.440656
24.713,-0.557122
24.714,-0.213846
24.715000000000003,-0.509801
24.716,-0.637421
24.717,-0.467657
24.718000000000004,-0.560502
24.719,-0.608111
24.72,-0.64528
24.721000000000004,-0.21937
24.722,-0.147556
24.723000000000003,-0.361491
24.724000000000004,-0.355472
24.725,-0.68604
24.726000000000003,-0.140142
24.727,-0.286853
24.728,-0.458897
24.729000000000003,-0.699424
24.73,-0.581837
24.731,-0.500821
24.732000000000003,-0.155964
24.733,-0.54358
24.734,-0.476905
24.735000000000003,-0.392055
24.736,-0.550637
24.737,-0.457287
24.738000000000003,-0.634642
24.739,-0.544812
24.74,-0.85198
24.741000000000003,-0.368749
24.742,-0.381387
24.743,-0.130433
24.744000000000003,-0.282088
24.745,-0.298835
24.746,-0.823008
24.747000000000003,-0.241609
24.748,-0.134023
24.749,-0.572961
24.750000000000004,-0.486402
24.751,-0.51825
24.752,-0.495126
24.753000000000004,-0.571951
24.754,-0.270771
24.755000000000003,-0.375764
24.756000000000004,-0.301495
24.757,-0.269894
24.758000000000003,-0.057871
24.759,-0.39637
24.76,-0.099748
24.761000000000003,-0.506059
24.762,-0.116684
24.763,-0.486186
24.764000000000003,-0.705746
24.765,-0.820614
24.766,-0.630054
24.767000000000003,-0.348952
24.768,-0.499593
24.769,-0.778029
24.770000000000003,-0.57751
24.771,-0.415755
24.772,-0.530976
24.773000000000003,-0.319252
24.774,-0.778365
24.775,-0.468992
24.776000000000003,-0.179037
24.777,-0.531734
24.778,-0.62489
24.779000000000003,-0.177512
24.78,-0.013281
24.781,-0.455521
24.782000000000004,-0.394324
24.783,-0.56386
24.784,-0.114764
24.785000000000004,-0.651592
24.786,-0.636625
24.787000000000003,-0.344045
24.788,-0.810577
24.789,-0.427139
24.790000000000003,-0.347012
24.791,-0.301691
24.792,-0.456702
24.793000000000003,-0.553775
24.794,-0.278046
24.795,-0.429568
24.796000000000003,-0.285305
24.797,-0.410192
24.798,-0.352486
24.799000000000003,-0.723724
24.8,-0.501381
24.801,-0.689546
24.802000000000003,-0.287765
24.803,-0.176306
24.804,-0.519922
24.805000000000003,-0.355778
24.806,-0.319858
24.807,-0.236883
24.808000000000003,-0.484445
24.809,-0.628814
24.81,-0.282888
24.811000000000003,-0.605426
24.812,-0.090776
24.813,-0.221163
24.814000000000004,-0.618143
24.815,-0.4373
24.816000000000003,-0.196148
24.817000000000004,-0.191026
24.818,-0.520104
24.819000000000003,-0.446523
24.82,-0.406484
24.821,-0.528149
24.822000000000003,-0.429539
24.823,-0.342551
24.824,-0.413022
24.825000000000003,-0.53073
24.826,-0.389788
24.827,-0.402868
24.828000000000003,-0.669295
24.829,-0.596542
24.83,-0.654976
24.831000000000003,-0.514763
24.832,-0.4012
24.833,-0.500508
24.834000000000003,-0.837276
24.835,-0.306442
24.836,-0.399459
24.837000000000003,-0.307319
24.838,-0.432298
24.839,-0.548014
24.840000000000003,-0.405607
24.841,-0.65003
24.842,-0.440386
24.843000000000004,-0.726773
24.844,-0.099129
24.845,-0.490345
24.846000000000004,-0.43562
24.847,-0.136479
24.848000000000003,-0.452435
24.849000000000004,-0.410909
24.85,-0.588566
24.851000000000003,-0.299546
24.852,-0.416223
24.853,-0.299824
24.854000000000003,-0.731536
24.855,-0.250593
24.856,-0.390731
24.857000000000003,-0.322591
24.858,-0.095753
24.859,-0.438164
24.860000000000003,-0.668169
24.861,-0.267666
24.862,-0.660499
24.863000000000003,-0.375347
24.864,-0.236214
24.865,-0.288509
24.866000000000003,-0.302466
24.867,-0.752522
24.868,-0.278835
24.869000000000003,-0.698981
24.87,-0.119033
24.871,-0.404074
24.872000000000003,0.097793
24.873,-0.101762
24.874,-0.37745
24.875000000000004,-0.571513
24.876,-0.514587
24.877,-0.396522
24.878000000000004,-0.675122
24.879,-0.645386
24.880000000000003,0.005292
24.881000000000004,-0.416807
24.882,-0.18788
24.883000000000003,-0.40154
24.884,-0.615112
24.885,-0.262911
24.886000000000003,-0.276407
24.887,-0.790926
24.888,-0.396832
24.889000000000003,-0.045701
24.89,-0.253987
24.891,-0.601882
24.892000000000003,-0.431161
24.893,-0.278871
24.894,-0.507103
24.895000000000003,-0.076637
24.896,-0.537586
24.897,-0.508098
24.898000000000003,-0.456738
24.899,-0.627575
24.9,-0.65877
24.901000000000003,-0.489639
24.902,-0.527722
24.903,-0.513154
24.904000000000003,-0.344208
24.905,-0.53094
24.906,-0.609993
24.907000000000004,-0.248066
24.908,-0.323005
24.909,-0.221833
24.910000000000004,-0.339893
24.911,-0.48555
24.912000000000003,-0.259429
24.913000000000004,-0.055211
24.914,-0.21224
24.915000000000003,-0.7527
24.916,-0.448395
24.917,-0.334511
24.918000000000003,-0.501654
24.919,-0.304648
24.92,-0.252952
24.921000000000003,-0.566782
24.922,-0.274741
24.923,-0.361291
24.924000000000003,-0.148831
24.925,-0.524354
24.926,-0.863242
24.927000000000003,-0.640848
24.928,-0.317604
24.929,-0.671038
24.930000000000003,-0.399555
24.931,-0.630997
24.932,-0.643535
24.933000000000003,-0.528823
24.934,-0.69975
24.935,-0.463683
24.936000000000003,-0.392554
24.937,-0.433617
24.938,-0.265081
24.939000000000004,-0.536525
24.94,-0.138499
24.941000000000003,-0.599542
24.942000000000004,-0.430999
24.943,-0.434935
24.944000000000003,-0.483095
24.945,-0.396643
24.946,-0.72323
24.947000000000003,-0.749719
24.948,-0.619613
24.949,-0.88172
24.950000000000003,-0.607521
24.951,-0.367076
24.952,-0.196368
24.953000000000003,-0.821343
24.954,-0.6213
24.955,-0.362009
24.956000000000003,-0.134238
24.957,-0.521013
24.958,-0.298278
24.959000000000003,-0.555294
24.96,-0.274172
24.961,-0.426314
24.962000000000003,-0.408731
24.963,-0.488474
24.964,-0.62172
24.965000000000003,-0.381046
24.966,-0.274863
24.967,-0.509666
24.968000000000004,-0.536409
24.969,-0.549508
24.97,-0.311653
24.971000000000004,-0.471355
24.972,-0.550237
24.973000000000003,-0.649863
24.974000000000004,-0.704703
24.975,-0.498137
24.976000000000003,-0.622381
24.977,-0.520295
24.978,-0.028366
24.979000000000003,-0.600953
24.98,-0.515217
24.981,-0.424994
24.982000000000003,-0.436707
24.983,-0.420755
24.984,-0.206331
24.985000000000003,-0.489437
24.986,-0.44748
24.987,-0.429716
24.988000000000003,-0.135637
24.989,-0.627449
24.99,-0.111506
24.991000000000003,-0.463151
24.992,-0.472161
24.993,-0.444833
24.994000000000003,-0.462593
24.995,-0.513522
24.996,-0.589282
24.997000000000003,-0.687645
24.998,-0.731209
24.999,-0.427738
25.000000000000004,-0.525539
25.001,-0.50873
25.002,-0.36831
25.003000000000004,-0.645859
25.004,-0.589683
25.005000000000003,-0.82189
25.006000000000004,-0.633642
25.007,-0.567052
25.008000000000003,-0.669674
25.009,-0.757979
25.01,-0.844465
25.011000000000003,-0.403779
25.012,-0.328814
25.013,-0.402344
25.014000000000003,-0.32604
25.015,-0.423391
25.016,-0.116464
25.017000000000003,-0.481872
25.018,-0.39613
25.019,-0.510962
25.020000000000003,-0.331392
25.021,-0.195287
25.022,-0.255159
25.023000000000003,-0.007519
25.024,-0.225417
25.025,-0.620139
25.026000000000003,-0.386973
25.027,-0.514409
25.028,-0.674575
25.029000000000003,-0.611181
25.03,-0.159065
25.031,-0.065164
25.032000000000004,-0.214313
25.033,-0.578951
25.034,-0.539614
25.035000000000004,-0.098631
25.036,-0.590883
25.037000000000003,-0.408911
25.038000000000004,-0.617
25.039,-0.24486
25.040000000000003,-0.240289
25.041,-0.541967
25.042,-0.464153
25.043000000000003,-0.653856
25.044,-0.350127
25.045,-0.581311
25.046000000000003,-0.119376
25.047,-0.152872
25.048,-0.511202
25.049000000000003,-0.663787
25.05,0.180211
25.051,-0.431516
25.052000000000003,-0.419329
25.053,-0.431515
25.054,-0.288593
25.055000000000003,-0.494773
25.056,-0.672844
25.057,-0.598596
25.058000000000003,-0.772261
25.059,-0.874233
25.06,-0.21991
25.061000000000003,-0.616889
25.062,-0.571726
25.063,-0.375494
25.064000000000004,-0.323374
25.065,-0.570611
25.066000000000003,-0.721732
25.067000000000004,-0.37238
25.068,-0.555226
25.069000000000003,-0.04408
25.07,-0.415594
25.071,-0.49532
25.072000000000003,-0.535561
25.073,-0.364636
25.074,-0.361753
25.075000000000003,-0.620169
25.076,-0.417755
25.077,-0.774167
25.078000000000003,-0.848534
25.079,-0.565716
25.08,-0.872802
25.081000000000003,-0.431017
25.082,-0.18564
25.083,-0.617234
25.084000000000003,-0.58403
25.085,-0.402639
25.086,-0.643053
25.087000000000003,-0.563477
25.088,0.162354
25.089,-0.11148
25.090000000000003,-0.001886
25.091,-0.038384
25.092,-0.386838
25.093000000000004,-0.377849
25.094,-0.68936
25.095,-0.63948
25.096000000000004,-0.429018
25.097,-0.002288
25.098000000000003,-0.393624
25.099000000000004,-0.441996
25.1,-0.381313
25.101000000000003,-0.491295
25.102,-0.581487
25.103,-0.058843
25.104000000000003,-0.643895
25.105,-0.482376
25.106,-0.29093
25.107000000000003,-0.511955
25.108,-0.303222
25.109,-0.362894
25.110000000000003,-0.269134
25.111,-0.69179
25.112,-0.541887
25.113000000000003,-0.658591
25.114,-0.291738
25.115,-0.627641
25.116000000000003,-0.503791
25.117,-0.517188
25.118,-0.446242
25.119000000000003,-0.686117
25.12,-0.216497
25.121,-0.190316
25.122000000000003,-0.325085
25.123,-0.700586
25.124,-0.026935
25.125000000000004,-0.305592
25.126,-0.44469
25.127,-0.387911
25.128000000000004,-0.571598
25.129,-0.375555
25.130000000000003,-0.196396
25.131000000000004,-0.370592
25.132,-0.458587
25.133000000000003,-0.2025
25.134,-0.174216
25.135,-0.282888
25.136000000000003,-0.36996
25.137,-0.245932
25.138,-0.949095
25.139000000000003,-0.94025
25.14,-0.63606
25.141,-0.454061
25.142000000000003,-0.298833
25.143,-0.622542
25.144,-0.006663
25.145000000000003,-0.429414
25.146,-0.530955
25.147,-0.118014
25.148000000000003,-0.241485
25.149,-0.422368
25.15,-0.402782
25.151000000000003,-0.368867
25.152,-0.599488
25.153,-0.325943
25.154000000000003,-0.123325
25.155,-0.628295
25.156,-0.105018
25.157000000000004,-0.320032
25.158,-0.551205
25.159,-0.380769
25.160000000000004,-0.319925
25.161,-0.616477
25.162000000000003,-0.675629
25.163000000000004,-0.614654
25.164,-0.604767
25.165000000000003,-0.590281
25.166,-0.702858
25.167,-0.294095
25.168000000000003,-0.629964
25.169,-0.450342
25.17,-0.413885
25.171000000000003,-0.693921
25.172,-0.389431
25.173,-0.018766
25.174000000000003,-0.614903
25.175,-0.836785
25.176,-0.386346
25.177000000000003,-0.449145
25.178,-0.118255
25.179,-0.501438
25.180000000000003,-0.240035
25.181,-0.462789
25.182,-0.365243
25.183000000000003,-0.801181
25.184,-0.213958
25.185,-0.09895
25.186000000000003,-0.336156
25.187,-0.386705
25.188,-0.575036
25.189000000000004,-0.52582
25.19,-0.336977
25.191000000000003,-0.45961
25.192000000000004,-0.860822
25.193,-0.574998
25.194000000000003,-0.420615
25.195000000000004,-0.630891
25.196,-0.521106
25.197000000000003,-0.255672
25.198,-0.61154
25.199,-0.314531
25.200000000000003,-0.199526
25.201,-0.569623
25.202,0.01062
25.203000000000003,-0.298177
25.204,-0.422898
25.205,-0.625274
25.206000000000003,-0.494925
25.207,-0.517594
25.208,-0.246935
25.209000000000003,-0.465799
25.21,-0.652701
25.211,-0.380353
25.212000000000003,-0.687917
25.213,-0.456491
25.214,-0.398524
25.215000000000003,-0.552258
25.216,-0.362749
25.217,-0.449149
25.218000000000004,-0.15197
25.219,-0.428602
25.22,-0.617037
25.221000000000004,-0.610608
25.222,-0.341398
25.223000000000003,-0.475057
25.224000000000004,-0.269964
25.225,-0.199627
25.226000000000003,-0.431064
25.227,-0.25825
25.228,-0.838715
25.229000000000003,-0.634003
25.23,-0.38981
25.231,-0.302142
25.232000000000003,-0.761507
25.233,-0.447115
25.234,-0.363675
25.235000000000003,-0.087628
25.236,-0.559699
25.237,-0.615121
25.238000000000003,-0.596443
25.239,-0.555398
25.24,-0.558126
25.241000000000003,-0.845911
25.242,-0.537975
25.243,-0.227909
25.244000000000003,0.1778
25.245,-0.542185
25.246,-0.297527
25.247000000000003,-0.437694
25.248,-0.483623
25.249,-0.495966
25.250000000000004,-0.360429
25.251,-1.021148
25.252,-0.623806
25.253000000000004,-0.370711
25.254,-0.569457
25.255000000000003,-0.605619
25.256000000000004,-0.562878
25.257,-0.772651
25.258000000000003,-0.331392
25.259,-0.0476
25.26,-0.581946
25.261000000000003,-0.39589
25.262,-0.234902
25.263,0.080881
25.264000000000003,-0.581053
25.265,-0.694443
25.266,-0.541068
25.267000000000003,-0.604615
25.268,-0.42022
25.269,-0.39589
25.270000000000003,-0.760181
25.271,-0.190769
25.272,-0.141483
25.273000000000003,-0.445481
25.274,-0.463286
25.275,-0.66872
25.276000000000003,-0.595008
25.277,-0.425375
25.278,-0.112081
25.279000000000003,-0.608247
25.28,-0.889728
25.281,-0.311839
25.282000000000004,-0.169567
25.283,-0.722093
25.284,-0.090158
25.285000000000004,-0.465019
25.286,-0.677595
25.287000000000003,-0.244113
25.288000000000004,-0.417837
25.289,-0.286957
25.290000000000003,-0.471888
25.291,-0.317256
25.292,-0.454775
25.293000000000003,-0.250195
25.294,-0.452598
25.295,-0.586827
25.296000000000003,-0.44114
25.297,-0.798126
25.298,-0.241946
25.299000000000003,-0.717576
25.3,-0.6307
25.301,0.044881
25.302000000000003,-0.09438
25.303,-0.24659
25.304,-0.27568
25.305000000000003,-0.579215
25.306,-0.599418
25.307,-0.403123
25.308000000000003,-0.570939
25.309,-0.70159
25.31,-0.400087
25.311000000000003,-0.574027
25.312,-0.220577
25.313,-0.801395
25.314000000000004,-0.310871
25.315,-0.267708
25.316000000000003,-0.446771
25.317000000000004,-0.422094
25.318,-0.217771
25.319000000000003,-0.74269
25.320000000000004,-0.331341
25.321,-0.45826
25.322000000000003,-0.337061
25.323,-0.049746
25.324,-0.472201
25.325000000000003,-0.808054
25.326,-0.596112
25.327,-0.282887
25.328000000000003,-0.490788
25.329,-0.441347
25.33,-0.245616
25.331000000000003,-0.537975
25.332,-0.510851
25.333,-0.413944
25.334000000000003,-0.338041
25.335,-0.273244
25.336,-0.223118
25.337000000000003,-0.311623
25.338,-0.339866
25.339,-0.481565
25.340000000000003,-0.6054
25.341,-0.443956
25.342,-0.570148
25.343000000000004,-0.645075
25.344,-0.173522
25.345,-0.523669
25.346000000000004,-0.634967
25.347,-0.633538
25.348000000000003,-0.435163
25.349000000000004,-0.13671
25.35,-0.489312
25.351000000000003,-0.311717
25.352,-0.086364
25.353,-0.555237
25.354000000000003,-0.366847
25.355,-0.242791
25.356,-0.510275
25.357000000000003,-0.567546
25.358,-0.119401
25.359,-0.46253
25.360000000000003,-0.425429
25.361,-0.598837
25.362,-0.401451
25.363000000000003,-0.51758
25.364,-0.614126
25.365,-0.802762
25.366000000000003,-0.804613
25.367,-0.264566
25.368,-0.461355
25.369000000000003,-0.378111
25.37,-0.524727
25.371,-0.76993
25.372000000000003,-0.718399
25.373,-0.45535
25.374,-0.425009
25.375000000000004,-0.217053
25.376,-0.323112
25.377,-0.273432
25.378000000000004,-0.442838
25.379,-0.537598
25.380000000000003,0.10919
25.381000000000004,-0.601512
25.382,-0.541698
25.383000000000003,-0.376993
25.384,0.01644
25.385,0.051585
25.386000000000003,-0.132887
25.387,-0.320969
25.388,-0.163171
25.389000000000003,-0.3063
25.39,-0.363049
25.391,-0.438911
25.392000000000003,-0.282087
25.393,-0.376496
25.394,-0.199387
25.395000000000003,0.208295
25.396,-0.68483
25.397,-0.083368
25.398000000000003,-0.309188
25.399,-0.342344
25.4,-0.534508
25.401000000000003,-0.289326
25.402,-0.866155
25.403,-0.5495
25.404000000000003,-0.561989
25.405,-0.388392
25.406,-0.453559
25.407000000000004,-0.681747
25.408,-0.369504
25.409,-0.381657
25.410000000000004,-0.230961
25.411,-0.395045
25.412000000000003,-0.098973
25.413000000000004,-0.31112
25.414,-0.343144
25.415000000000003,-0.358852
25.416,-0.25863
25.417,-0.230893
25.418000000000003,-0.350006
25.419,-0.382319
25.42,0.027827
25.421000000000003,-0.37983
25.422,-0.409178
25.423,-0.561312
25.424000000000003,-0.421668
25.425,-0.382034
25.426,-0.613108
25.427000000000003,-0.414
25.428,-0.393092
25.429,-0.191803
25.430000000000003,-0.563898
25.431,-0.412751
25.432,-0.499077
25.433000000000003,-0.486064
25.434,-0.384127
25.435,0.144997
25.436000000000003,-0.573123
25.437,-0.311904
25.438,-0.6547
25.439000000000004,-0.656276
25.44,-0.601879
25.441000000000003,-0.189892
25.442000000000004,-0.575877
25.443,-0.537853
25.444000000000003,-0.321247
25.445000000000004,-0.37438
25.446,-0.670228
25.447000000000003,-0.740557
25.448,-0.502087
25.449,-0.381728
25.450000000000003,-0.127255
25.451,-0.669993
25.452,-0.355722
25.453000000000003,-0.249712
25.454,-0.401942
25.455,-0.320969
25.456000000000003,-0.415837
25.457,0.122088
25.458,-0.487732
25.459000000000003,-0.315549
25.46,-0.414323
25.461,-0.639212
25.462000000000003,-0.315276
25.463,-0.242916
25.464,-0.356036
25.465000000000003,-0.67335
25.466,-0.364076
25.467,0.073422
25.468000000000004,-0.328107
25.469,-0.109984
25.47,-0.297384
25.471000000000004,-0.629768
25.472,-0.625878
25.473000000000003,-0.16226
25.474000000000004,-0.215684
25.475,-0.558005
25.476000000000003,-0.407723
25.477,-0.399204
25.478,-0.878219
25.479000000000003,-0.692728
25.48,-0.540841
25.481,-0.265384
25.482000000000003,-0.5374
25.483,-0.424909
25.484,-0.228077
25.485000000000003,-0.184934
25.486,-0.291018
25.487,-0.22319
25.488000000000003,-0.504491
25.489,-0.412433
25.49,-0.592071
25.491000000000003,-0.574671
25.492,-0.445815
25.493,-0.809278
25.494000000000003,-0.526488
25.495,-0.285314
25.496,-0.383702
25.497000000000003,-0.525527
25.498,-0.755907
25.499,-0.550685
25.500000000000004,-0.110768
25.501,-0.476272
25.502,-0.321937
25.503000000000004,-0.112003
25.504,-0.309598
25.505000000000003,-0.42099
25.506000000000004,-0.210544
25.507,-0.633632
25.508000000000003,0.046032
25.509,-0.35791
25.51,0.083811
25.511000000000003,-0.434237
25.512,-0.443155
25.513,-0.504089
25.514000000000003,-0.040586
25.515,-0.52681
25.516,-0.192988
25.517000000000003,-0.274803
25.518,-0.259382
25.519,-0.177943
25.520000000000003,-0.083698
25.521,-0.311882
25.522,-0.425295
25.523000000000003,-0.10991
25.524,-0.24146
25.525,-0.221026
25.526000000000003,-0.580662
25.527,-0.671991
25.528,-0.176891
25.529000000000003,-0.187384
25.53,-0.86838
25.531,-0.811596
25.532000000000004,-0.247932
25.533,-0.29174
25.534,-1.012049
25.535000000000004,-0.126557
25.536,-0.675847
25.537000000000003,-0.44743
25.538000000000004,-0.547482
25.539,-0.484788
25.540000000000003,-0.270836
25.541,-0.491975
25.542,-0.503638
25.543000000000003,-0.387242
25.544,-0.524053
25.545,0.048606
25.546000000000003,-0.271682
25.547,-0.185844
25.548,-0.706245
25.549000000000003,-0.50851
25.55,-0.310209
25.551,-0.771648
25.552000000000003,-0.703838
25.553,-0.482346
25.554,-0.046153
25.555000000000003,-0.191021
25.556,-0.134124
25.557,-0.571608
25.558000000000003,-0.686309
25.559,-0.128759
25.56,-0.216182
25.561000000000003,-0.401789
25.562,-0.638017
25.563,-0.497687
25.564000000000004,-0.306307
25.565,-0.328938
25.566000000000003,-0.219581
25.567000000000004,-0.596112
25.568,-0.314274
25.569000000000003,-0.054229
25.570000000000004,-0.217967
25.571,-0.594644
25.572000000000003,-0.385894
25.573,-0.303953
25.574,-0.245285
25.575000000000003,-0.49397
25.576,-0.849832
25.577,-0.195713
25.578000000000003,-0.792722
25.579,-0.500367
25.58,-0.507721
25.581000000000003,-0.397962
25.582,-0.291644
25.583,-0.496544
25.584000000000003,-0.463602
25.585,-0.577457
25.586,-0.614375
25.587000000000003,-0.585098
25.588,-0.313452
25.589,-0.631376
25.590000000000003,-0.389189
25.591,-0.290954
25.592,-0.314114
25.593000000000004,-0.222066
25.594,-0.158823
25.595,-0.096424
25.596000000000004,-0.500103
25.597,-0.709228
25.598000000000003,-0.795814
25.599000000000004,-0.491468
25.6,-0.465438
25.601000000000003,-0.37312
25.602000000000004,-0.465911
25.603,-0.132026
25.604000000000003,-0.59922
25.605,-0.614705
25.606,-0.629679
25.607000000000003,-0.644528
25.608,-0.321149
25.609,-0.179589
25.610000000000003,-0.646537
25.611,-0.388538
25.612,-0.649976
25.613000000000003,-0.491597
25.614,-0.333638
25.615,-0.769542
25.616000000000003,-0.37516
25.617,-0.24052
25.618,-0.643676
25.619000000000003,-0.525941
25.62,-0.430485
25.621,-0.835754
25.622000000000003,-0.223968
25.623,-0.408423
25.624,-0.369968
25.625000000000004,-0.578362
25.626,-0.357773
25.627,-0.512659
25.628000000000004,-0.558517
25.629,-0.009888
25.630000000000003,-0.736696
25.631000000000004,-0.321449
25.632,-0.016525
25.633000000000003,-0.358145
25.634,-0.671834
25.635,-0.675519
25.636000000000003,-0.392643
25.637,-0.522705
25.638,-0.073266
25.639000000000003,-0.626277
25.64,-0.465037
25.641,-0.578095
25.642000000000003,-0.259589
25.643,-0.394945
25.644,-0.420468
25.645000000000003,-0.348217
25.646,-0.273979
25.647,-0.567649
25.648000000000003,-0.590929
25.649,-0.275706
25.65,-0.359641
25.651000000000003,-0.254776
25.652,-0.344916
25.653,-0.542243
25.654000000000003,-0.62724
25.655,-0.354626
25.656,-0.675617
25.657000000000004,-0.465819
25.658,-0.278818
25.659,-0.015207
25.660000000000004,-0.254026
25.661,-0.062747
25.662000000000003,-0.399192
25.663000000000004,-0.357874
25.664,-0.276531
25.665000000000003,-0.408078
25.666,-0.496387
25.667,-0.702535
25.668000000000003,-0.575065
25.669,-0.409616
25.67,-0.50218
25.671000000000003,-0.283695
25.672,-0.663322
25.673,-0.765843
25.674000000000003,-0.911223
25.675,-0.624573
25.676,-0.566187
25.677000000000003,-0.835581
25.678,-0.317364
25.679,-0.552033
25.680000000000003,-0.397698
25.681,-0.471218
25.682,-0.746143
25.683000000000003,-0.835702
25.684,-0.653242
25.685,-0.506565
25.686000000000003,-0.429808
25.687,-0.410269
25.688,-0.473061
25.689000000000004,-0.324094
25.69,-0.403333
25.691000000000003,-0.46907
25.692000000000004,-0.666696
25.693,-0.598019
25.694000000000003,-0.78783
25.695000000000004,-0.19814
25.696,-0.355406
25.697000000000003,-0.50425
25.698,-0.515002
25.699,-0.715048
25.700000000000003,-0.416035
25.701,-0.21181
25.702,-0.28289
25.703000000000003,-0.11969
25.704,-0.301585
25.705,-0.099917
25.706000000000003,-0.462432
25.707,-0.346922
25.708,-0.544824
25.709000000000003,-0.568016
25.71,-0.421968
25.711,-0.376695
25.712000000000003,-0.674669
25.713,-0.633429
25.714,-0.375578
25.715000000000003,-0.313923
25.716,-0.052959
25.717,-0.448194
25.718000000000004,-0.352236
25.719,-0.425252
25.72,-0.274839
25.721000000000004,-0.594484
25.722,-0.721198
25.723000000000003,-0.479182
25.724000000000004,-0.107599
25.725,-0.580632
25.726000000000003,-0.3738
25.727000000000004,-0.404346
25.728,-0.625935
25.729000000000003,-1.099201
25.73,-0.268356
25.731,-0.401868
25.732000000000003,-0.325827
25.733,-0.268687
25.734,-0.655448
25.735000000000003,-0.090875
25.736,-0.305428
25.737,-0.394375
25.738000000000003,-0.496674
25.739,-0.165752
25.74,-0.433453
25.741000000000003,-0.716981
25.742,-0.030757
25.743,-0.421901
25.744000000000003,-0.597301
25.745,-0.385266
25.746,-0.399256
25.747000000000003,-0.523803
25.748,-0.788442
25.749,-0.787232
25.750000000000004,-0.289317
25.751,-0.681152
25.752,-0.445741
25.753000000000004,-0.598468
25.754,-0.60141
25.755000000000003,-0.325161
25.756000000000004,-0.704535
25.757,-0.883066
25.758000000000003,-0.275629
25.759,-0.55061
25.76,-0.190218
25.761000000000003,-0.352631
25.762,-0.166739
25.763,-0.402005
25.764000000000003,-0.567871
25.765,-0.655172
25.766,-0.591797
25.767000000000003,-0.448255
25.768,-0.743459
25.769,-0.413676
25.770000000000003,-0.380606
25.771,-0.421628
25.772,-0.530941
25.773000000000003,-0.364998
25.774,-0.605477
25.775,-0.220525
25.776000000000003,-0.443174
25.777,-0.389087
25.778,-0.275695
25.779000000000003,-0.517491
25.78,-0.450053
25.781,-0.691804
25.782000000000004,-0.652041
25.783,-0.200099
25.784,-0.404167
25.785000000000004,-0.204439
25.786,-0.441772
25.787000000000003,-0.495267
25.788000000000004,-0.437711
25.789,-0.703622
25.790000000000003,-0.337821
25.791,-0.325933
25.792,-0.426598
25.793000000000003,-0.261104
25.794,-0.262598
25.795,-0.348762
25.796000000000003,-0.381743
25.797,-0.085502
25.798,-0.683733
25.799000000000003,-0.248585
25.8,-0.518142
25.801,-0.285317
25.802000000000003,-0.45046
25.803,-0.453869
25.804,-0.537829
25.805000000000003,-0.077999
25.806,-0.231347
25.807,-0.698817
25.808000000000003,-0.589985
25.809,-0.695439
25.81,-0.537299
25.811000000000003,-0.48949
25.812,-0.238191
25.813,-0.086395
25.814000000000004,-0.29804
25.815,-0.250078
25.816000000000003,-0.884533
25.817000000000004,-0.200499
25.818,-0.349904
25.819000000000003,-0.524428
25.820000000000004,-0.601826
25.821,-0.445786
25.822000000000003,-0.58708
25.823,-0.417408
25.824,-0.526416
25.825000000000003,-0.269846
25.826,-0.602436
25.827,-0.441215
25.828000000000003,-0.5613
25.829,-0.186584
25.83,-0.110374
25.831000000000003,-0.598552
25.832,-0.264393
25.833,-0.212518
25.834000000000003,-0.546804
25.835,-0.368633
25.836,-0.436619
25.837000000000003,-0.488238
25.838,-0.3283
25.839,-0.475401
25.840000000000003,-0.513144
25.841,-0.51569
25.842,-0.680425
25.843000000000004,-0.610907
25.844,-0.426021
25.845,-0.565213
25.846000000000004,-0.426795
25.847,-0.125087
25.848000000000003,0.020137
25.849000000000004,-0.471298
25.85,-0.199627
25.851000000000003,-0.462102
25.852000000000004,-0.846991
25.853,-0.437464
25.854000000000003,-0.397739
25.855,-0.295751
25.856,-0.338918
25.857000000000003,-0.391022
25.858,-0.313072
25.859,-0.605329
25.860000000000003,-0.472719
25.861,-0.882771
25.862,-0.594504
25.863000000000003,-0.518021
25.864,-0.319164
25.865,-0.890231
25.866000000000003,-0.32518
25.867,-0.789196
25.868,-0.622888
25.869000000000003,-0.218766
25.87,-0.879915
25.871,-0.508963
25.872000000000003,-0.549508
25.873,0.074351
25.874,-0.593707
25.875000000000004,-0.497419
25.876,-0.532285
25.877,-0.348554
25.878000000000004,-0.554501
25.879,-0.758195
25.880000000000003,-0.633575
25.881000000000004,-0.482899
25.882,-0.645271
25.883000000000003,-0.294875
25.884,-0.562628
25.885,-0.834024
25.886000000000003,-0.453731
25.887,-0.196596
25.888,-0.403726
25.889000000000003,-0.338444
25.89,-0.60402
25.891,-0.273172
25.892000000000003,-0.907513
25.893,-0.519251
25.894,-0.343578
25.895000000000003,0.099711
25.896,-0.409445
25.897,-0.739406
25.898000000000003,-0.559909
25.899,-0.416313
25.9,-0.316884
25.901000000000003,-0.577787
25.902,-0.350677
25.903,-0.322393
25.904000000000003,-0.380154
25.905,-0.570915
25.906,-0.48308
25.907000000000004,-0.249503
25.908,-0.445941
25.909,-0.604225
25.910000000000004,-0.429834
25.911,-0.46639
25.912000000000003,-0.309852
25.913000000000004,-0.06594
25.914,-0.262143
25.915000000000003,-0.454667
25.916,-0.269358
25.917,-0.530693
25.918000000000003,-0.406317
25.919,-0.233832
25.92,0.303447
25.921000000000003,-0.299003
25.922,-0.818666
25.923,-0.337012
25.924000000000003,-0.51441
25.925,-0.535236
25.926,-0.139399
25.927000000000003,-0.541973
25.928,-0.570594
25.929,-0.210611
25.930000000000003,-0.551305
25.931,-0.499576
25.932,-0.308955
25.933000000000003,-0.322043
25.934,-0.515257
25.935,-0.479546
25.936000000000003,-0.610605
25.937,-0.428451
25.938,-0.152822
25.939000000000004,-0.472027
25.94,-0.488112
25.941000000000003,-0.289296
25.942000000000004,-0.555414
25.943,-0.696397
25.944000000000003,-0.865909
25.945000000000004,-0.768915
25.946,-0.442084
25.947000000000003,-0.416218
25.948,-0.762313
25.949,-0.158403
25.950000000000003,-0.472605
25.951,-0.459021
25.952,-0.118995
25.953000000000003,-0.462932
25.954,-0.349092
25.955,-0.479264
25.956000000000003,-0.510214
25.957,-0.581428
25.958,-0.449963
25.959000000000003,-0.677991
25.96,-0.301428
25.961,-0.447374
25.962000000000003,-0.27651
25.963,-0.580848
25.964,-0.594163
25.965000000000003,-0.161154
25.966,-0.37255
25.967,-0.304675
25.968000000000004,-0.422941
25.969,-0.459529
25.97,-0.064965
25.971000000000004,-0.34914
25.972,-0.212668
25.973000000000003,-0.347761
25.974000000000004,-0.700497
25.975,-0.553592
25.976000000000003,-0.306311
25.977000000000004,-0.560581
25.978,-0.354388
25.979000000000003,-0.267921
25.98,-0.562793
25.981,-0.385023
25.982000000000003,-0.323286
25.983,-0.45467
25.984,-0.449399
25.985000000000003,-0.546663
25.986,-0.37291
25.987,-0.649844
25.988000000000003,-0.426314
25.989,-0.298299
25.99,-0.428034
25.991000000000003,-0.248362
25.992,-0.520084
25.993,-0.651979
25.994000000000003,-0.476301
25.995,-0.642129
25.996,-0.596631
25.997000000000003,-0.550702
25.998,-0.44214
25.999,-0.286074
26.000000000000004,-0.619535
26.001,-0.247275
26.002,-0.395531
26.003000000000004,-0.644553
26.004,-0.662512
26.005000000000003,-0.615878
26.006000000000004,-0.607062
26.007,-0.686309
26.008000000000003,-0.363866
26.009000000000004,-0.161377
26.01,-0.365991
26.011000000000003,-0.40731
26.012,-0.048919
26.013,-0.722646
26.014000000000003,-0.765059
26.015,-0.486306
26.016,-0.497289
26.017000000000003,-0.427729
26.018,0.005482
26.019,-0.297447
26.020000000000003,-0.4653
26.021,-0.83587
26.022,-0.424055
26.023000000000003,-0.242181
26.024,-1.035401
26.025,-0.549997
26.026000000000003,-0.185286
26.027,-0.409025
26.028,-0.658613
26.029000000000003,-0.361663
26.03,-0.573312
26.031,-0.678775
26.032000000000004,-0.768149
26.033,-0.348014
26.034,-0.476196
26.035000000000004,-0.71492
26.036,-0.558854
26.037000000000003,-0.722919
26.038000000000004,-0.701655
26.039,-0.760681
26.040000000000003,-0.573299
26.041,-0.481645
26.042,-0.290233
26.043000000000003,-0.398468
26.044,-0.485839
26.045,-0.159472
26.046000000000003,-0.443104
26.047,-0.716657
26.048,-0.408668
26.049000000000003,-0.230439
26.05,-0.303876
26.051,-0.833511
26.052000000000003,-0.386745
26.053,-0.608025
26.054,-0.530677
26.055000000000003,-0.494042
26.056,-0.336304
26.057,-0.429864
26.058000000000003,-0.308612
26.059,-0.474462
26.06,-0.284492
26.061000000000003,-0.274889
26.062,-0.414721
26.063,-0.36814
26.064000000000004,-0.553161
26.065,-0.099329
26.066000000000003,-0.337616
26.067000000000004,-0.58415
26.068,-0.593499
26.069000000000003,-0.20806
26.070000000000004,-0.500584
26.071,-0.572738
26.072000000000003,-0.455808
26.073,-0.327895
26.074,-0.386628
26.075000000000003,-0.438592
26.076,-0.532642
26.077,-0.319304
26.078000000000003,-0.289252
26.079,-0.422686
26.08,-0.669865
26.081000000000003,-0.756327
26.082,-0.54837
26.083,-0.039462
26.084000000000003,-0.501832
26.085,-0.30039
26.086,-0.51624
26.087000000000003,-0.601553
26.088,-0.326143
26.089,-0.558241
26.090000000000003,-0.117267
26.091,-0.256804
26.092,-0.748263
26.093000000000004,-0.569174
26.094,-0.110762
26.095,-0.235869
26.096000000000004,-0.410726
26.097,-0.678075
26.098000000000003,-0.495126
26.099000000000004,-0.421195
26.1,-0.766243
26.101000000000003,-0.703628
26.102000000000004,-0.296493
26.103,-0.425857
26.104000000000003,-0.477004
26.105,-0.185149
26.106,-0.229011
26.107000000000003,-0.463953
26.108,-0.569644
26.109,-0.337928
26.110000000000003,-0.095975
26.111,-0.551177
26.112,-0.070674
26.113000000000003,-0.133112
26.114,-0.321218
26.115,-0.3533
26.116000000000003,-0.39429
26.117,-0.297345
26.118,-0.795883
26.119000000000003,-0.571378
26.12,-0.280497
26.121,-0.5954
26.122000000000003,-0.320563
26.123,-0.015295
26.124,-0.529027
26.125000000000004,-0.579623
26.126,-0.545823
26.127,-0.697526
26.128000000000004,-0.564574
26.129,-0.546161
26.130000000000003,-0.323443
26.131000000000004,-0.16686
26.132,-0.830476
26.133000000000003,-0.490954
26.134000000000004,-0.219809
26.135,-0.155096
26.136000000000003,-0.511352
26.137,-0.305404
26.138,-0.699346
26.139000000000003,-0.654993
26.14,-0.33927
26.141,-0.369034
26.142000000000003,-0.392752
26.143,-0.409037
26.144,-0.286142
26.145000000000003,-0.522216
26.146,-0.474317
26.147,-0.30635
26.148000000000003,-0.819275
26.149,-0.76175
26.15,-0.361016
26.151000000000003,-0.95002
26.152,-0.416199
26.153,-0.740562
26.154000000000003,-0.533765
26.155,-0.163071
26.156,-0.45438
26.157000000000004,-0.584178
26.158,-0.483573
26.159,-0.882745
26.160000000000004,-0.750002
26.161,-0.230542
26.162000000000003,-0.059892
26.163000000000004,-0.450399
26.164,-0.447746
26.165000000000003,-0.414681
26.166,-0.495335
26.167,-0.356719
26.168000000000003,-0.142597
26.169,-0.414343
26.17,-0.46154
26.171000000000003,-0.317318
26.172,-0.558618
26.173,-0.263026
26.174000000000003,-0.185785
26.175,-0.732513
26.176,-0.646897
26.177000000000003,-0.417559
26.178,-0.418733
26.179,-0.326306
26.180000000000003,-0.574556
26.181,-0.621835
26.182,-0.406743
26.183000000000003,-0.434837
26.184,-0.696081
26.185,-0.469338
26.186000000000003,-0.125287
26.187,-0.717195
26.188,-0.307822
26.189000000000004,-0.41841
26.19,-0.529658
26.191000000000003,-0.307105
26.192000000000004,-0.450639
26.193,-0.73553
26.194000000000003,-0.504417
26.195000000000004,-0.60149
26.196,-0.098443
26.197000000000003,-0.600172
26.198,-0.33577
26.199,-0.419007
26.200000000000003,-0.678138
26.201,-0.282084
26.202,-0.358195
26.203000000000003,-0.512443
26.204,-0.713424
26.205,-0.294241
26.206000000000003,-0.310458
26.207,-0.003004
26.208,-0.244674
26.209000000000003,-0.364265
26.21,-0.598423
26.211,-0.43273
26.212000000000003,-0.300581
26.213,-0.499857
26.214,-0.467963
26.215000000000003,-0.832398
26.216,-0.307522
26.217,-0.35689
26.218000000000004,-0.34641
26.219,-0.437927
26.22,-0.279712
26.221000000000004,-0.398578
26.222,-0.251302
26.223000000000003,-0.459752
26.224000000000004,0.052572
26.225,-0.20436
26.226000000000003,-0.504989
26.227000000000004,-0.078935
26.228,-0.680387
26.229000000000003,-0.45762
26.23,-0.428834
26.231,-0.387181
26.232000000000003,-0.326504
26.233,-0.331187
26.234,-0.501246
26.235000000000003,-0.461126
26.236,-0.474261
26.237,-0.731722
26.238000000000003,-0.42821
26.239,-0.493878
26.24,-0.421461
26.241000000000003,0.071341
26.242,-0.321109
26.243,-0.28854
26.244000000000003,-0.333707
26.245,-0.368045
26.246,-0.142917
26.247000000000003,-0.572683
26.248,-0.379955
26.249,-0.593631
26.250000000000004,-0.386807
26.251,-0.208904
26.252,-0.531651
26.253000000000004,-0.566715
26.254,-0.701056
26.255000000000003,-0.24524
26.256000000000004,-0.391946
26.257,-0.405848
26.258000000000003,-0.176586
26.259000000000004,-0.23006
26.26,-0.740424
26.261000000000003,-0.427534
26.262,-0.312268
26.263,-0.264659
26.264000000000003,-0.587601
26.265,-0.716849
26.266,-0.497569
26.267000000000003,-0.412924
26.268,-0.417722
26.269,-0.452572
26.270000000000003,-0.413007
26.271,-0.691294
26.272,-0.346516
26.273000000000003,-0.598644
26.274,-0.255368
26.275,-0.515505
26.276000000000003,0.059869
26.277,-0.519418
26.278,-0.25311
26.279000000000003,-0.383655
26.28,-0.229841
26.281,-0.484876
26.282000000000004,-0.493414
26.283,-0.590448
26.284,-0.545889
26.285000000000004,-0.685065
26.286,-0.363388
26.287000000000003,-0.668603
26.288000000000004,-0.25429
26.289,-0.360177
26.290000000000003,0.001744
26.291000000000004,-0.14944
26.292,-0.548626
26.293000000000003,-0.520402
26.294,-0.620341
26.295,-0.182247
26.296000000000003,-0.225963
26.297,-0.122972
26.298,-0.539307
26.299000000000003,-0.484011
26.3,-0.588816
26.301,-0.299588
26.302000000000003,-0.394509
26.303,-0.198918
26.304,-0.166924
26.305000000000003,-0.181589
26.306,-0.202858
26.307,-0.089866
26.308000000000003,-0.758846
26.309,-0.493523
26.31,0.17277
26.311000000000003,-0.289285
26.312,-0.395262
26.313,-0.441395
26.314000000000004,-0.576103
26.315,-0.899719
26.316000000000003,-0.675381
26.317000000000004,-0.450629
26.318,-0.440961
26.319000000000003,-0.382277
26.320000000000004,-0.098266
26.321,-0.424055
26.322000000000003,-0.669852
26.323,-0.126793
26.324,-0.263446
26.325000000000003,-0.261276
26.326,-0.905059
26.327,-0.353951
26.328000000000003,-0.801851
26.329,-0.492419
26.33,-0.43256
26.331000000000003,-0.381537
26.332,-0.587676
26.333,-0.713791
26.334000000000003,-0.767639
26.335,-0.518837
26.336,-0.290275
26.337000000000003,-0.311099
26.338,-0.494675
26.339,-0.320935
26.340000000000003,-0.42777
26.341,-0.315805
26.342,-0.588763
26.343000000000004,-0.627982
26.344,-0.539274
26.345,-0.803122
26.346000000000004,-0.342282
26.347,-0.660001
26.348000000000003,-0.288464
26.349000000000004,-0.586385
26.35,-0.403983
26.351000000000003,-0.613157
26.352000000000004,-0.477926
26.353,-0.328835
26.354000000000003,-0.199912
26.355,-0.280492
26.356,-0.558108
26.357000000000003,-0.536294
26.358,-0.495706
26.359,-0.34913
26.360000000000003,-0.311657
26.361,-0.450588
26.362,-0.615166
26.363000000000003,-0.502904
26.364,-0.576775
26.365,-0.368521
26.366000000000003,-0.461703
26.367,-0.408108
26.368,-0.410392
26.369000000000003,-0.121501
26.37,-0.367564
26.371,-0.432136
26.372000000000003,-0.648998
26.373,-0.768085
26.374,-0.436455
26.375000000000004,-0.321039
26.376,-0.290974
26.377,-0.393469
26.378000000000004,-0.245034
26.379,-0.535369
26.380000000000003,-0.649422
26.381000000000004,-0.534553
26.382,-0.684685
26.383000000000003,-0.025857
26.384000000000004,-0.650316
26.385,-0.192729
26.386000000000003,0.066817
26.387,-0.109552
26.388,-0.52414
26.389000000000003,-0.524016
26.39,-0.633407
26.391,-0.377041
26.392000000000003,-0.2529
26.393,-0.373642
26.394,-0.025842
26.395000000000003,-0.485276
26.396,-0.730213
26.397,-0.428144
26.398000000000003,-0.626875
26.399,-0.539003
26.4,-0.764457
26.401000000000003,-0.251064
26.402,-0.493688
26.403,-0.126073
26.404000000000003,-0.717956
26.405,-0.612212
26.406,-0.800203
26.407000000000004,-0.613816
26.408,-0.359699
26.409,-0.445801
26.410000000000004,-0.101342
26.411,-0.366745
26.412000000000003,-0.52205
26.413000000000004,-0.607897
26.414,-0.710358
26.415000000000003,-0.462452
26.416000000000004,-0.480676
26.417,-0.047446
26.418000000000003,-0.025959
26.419,-0.189372
26.42,-0.756162
26.421000000000003,-0.092805
26.422,-0.582842
26.423,-0.238478
26.424000000000003,-0.03305
26.425,-0.303093
26.426,-0.672109
26.427000000000003,-0.469606
26.428,-0.225495
26.429,-0.153531
26.430000000000003,-0.212743
26.431,-0.33162
26.432,-0.509019
26.433000000000003,-0.802463
26.434,-0.300635
26.435,-0.220171
26.436000000000003,-0.462878
26.437,-0.237057
26.438,-0.413715
26.439000000000004,-0.362749
26.44,-0.400714
26.441000000000003,-0.33481
26.442000000000004,-0.767338
26.443,-0.611166
26.444000000000003,-0.699244
26.445000000000004,-0.87192
26.446,-0.421905
26.447000000000003,-0.624614
26.448,-0.535018
26.449,-0.327202
26.450000000000003,-0.308694
26.451,-0.772518
26.452,-0.570038
26.453000000000003,-0.264757
26.454,-0.228194
26.455,-0.453535
26.456000000000003,-0.709647
26.457,-0.534293
26.458,-0.401596
26.459000000000003,-0.621188
26.46,-0.540809
26.461,-0.481535
26.462000000000003,-0.349485
26.463,-0.553965
26.464,-0.344995
26.465000000000003,-0.771504
26.466,-0.477161
26.467,-0.338404
26.468000000000004,-0.807041
26.469,-1.027858
26.47,-0.30792
26.471000000000004,-0.428568
26.472,-0.481244
26.473000000000003,-0.217903
26.474000000000004,-0.602664
26.475,-0.299113
26.476000000000003,-0.475245
26.477000000000004,-0.699497
26.478,-0.261786
26.479000000000003,-0.465634
26.48,-0.621387
26.481,-0.574933
26.482000000000003,-0.578906
26.483,-0.58324
26.484,-0.3642
26.485000000000003,-0.282088
26.486,-0.360686
26.487,-0.421122
26.488000000000003,0.227809
26.489,-0.332447
26.49,-0.378444
26.491000000000003,-0.740701
26.492,-0.520343
26.493,-0.711397
26.494000000000003,-0.909589
26.495,-0.550831
26.496,0.116416
26.497000000000003,-0.294094
26.498,-0.333745
26.499,-0.421082
26.500000000000004,-0.342587
26.501,-0.533175
26.502,-0.411084
26.503000000000004,-0.099663
26.504,-0.444278
26.505000000000003,-0.548699
26.506000000000004,-0.460919
26.507,-0.19365
26.508000000000003,-0.570958
26.509000000000004,-0.462415
26.51,-0.871267
26.511000000000003,-0.648784
26.512,-0.346191
26.513,-0.355162
26.514000000000003,-0.538006
26.515,-0.618929
26.516,-0.828158
26.517000000000003,-0.603896
26.518,-0.500955
26.519,-0.600213
26.520000000000003,-0.417286
26.521,-0.749171
26.522,-0.416101
26.523000000000003,-0.483834
26.524,-0.451577
26.525,-0.661949
26.526000000000003,-0.621891
26.527,-0.140649
26.528,-0.376823
26.529000000000003,-0.674501
26.53,-0.551537
26.531,-0.229687
26.532000000000004,-0.078958
26.533,-0.476113
26.534,-0.370729
26.535000000000004,-0.424737
26.536,-0.155804
26.537000000000003,-0.228392
26.538000000000004,-0.634473
26.539,-0.694487
26.540000000000003,-0.369981
26.541000000000004,-0.242619
26.542,-0.256517
26.543000000000003,-0.617797
26.544,-0.510756
26.545,-0.540313
26.546000000000003,-0.298156
26.547,-0.301204
26.548,-0.543842
26.549000000000003,-0.335829
26.55,-0.643166
26.551,-0.064554
26.552000000000003,-0.155668
26.553,-0.528583
26.554,-0.483301
26.555000000000003,-0.525571
26.556,-0.339192
26.557,-0.082169
26.558000000000003,-0.853079
26.559,-0.633057
26.56,-0.171908
26.561000000000003,0.046313
26.562,-0.161496
26.563,-0.159565
26.564000000000004,-0.322645
26.565,-0.637479
26.566000000000003,-0.672663
26.567000000000004,-0.270725
26.568,-0.439175
26.569000000000003,-0.52604
26.570000000000004,-0.312821
26.571,-0.330206
26.572000000000003,-0.286165
26.573,-0.440394
26.574,-0.277267
26.575000000000003,-0.248151
26.576,-0.312045
26.577,-0.530585
26.578000000000003,-0.174892
26.579,-0.707784
26.58,-0.600188
26.581000000000003,-0.508792
26.582,-0.427468
26.583,-0.810656
26.584000000000003,-0.318654
26.585,-0.333163
26.586,-0.443371
26.587000000000003,-0.45524
26.588,-0.171431
26.589,-0.40111
26.590000000000003,-0.184152
26.591,-0.545256
26.592,-0.663498
26.593000000000004,-0.310287
26.594,-0.686634
26.595,-0.498616
26.596000000000004,-0.624266
26.597,-0.374006
26.598000000000003,-0.402075
26.599000000000004,-0.314608
26.6,-0.739848
26.601000000000003,-0.269123
26.602000000000004,-0.403203
26.603,-0.137824
26.604000000000003,-0.348455
26.605,-0.326237
26.606,-0.897528
26.607000000000003,0.02311
26.608,-0.321624
26.609,-0.66687
26.610000000000003,-0.247679
26.611,-0.500432
26.612,-0.729191
26.613000000000003,-0.227994
26.614,-0.12069
26.615,-0.567861
26.616000000000003,-0.416453
26.617,-0.566617
26.618,-0.63161
26.619000000000003,-0.6232
26.62,-0.315232
26.621,-0.408693
26.622000000000003,-0.595096
26.623,-0.390334
26.624,-0.602174
26.625000000000004,-0.314212
26.626,-0.704611
26.627,-0.610833
26.628000000000004,-0.471069
26.629,-0.509002
26.630000000000003,-0.012122
26.631000000000004,-0.189992
26.632,-0.558014
26.633000000000003,-0.727179
26.634000000000004,-0.450289
26.635,-0.585286
26.636000000000003,-0.589427
26.637,-0.40641
26.638,-0.573851
26.639000000000003,-0.381308
26.64,-0.52081
26.641,-0.793276
26.642000000000003,-0.37324
26.643,-0.611817
26.644,-0.265934
26.645000000000003,-0.125666
26.646,-0.562496
26.647,-0.58694
26.648000000000003,-0.746419
26.649,-0.133956
26.65,-0.404144
26.651000000000003,-0.499909
26.652,-0.205761
26.653,-0.553664
26.654000000000003,-0.620861
26.655,-0.528826
26.656,-0.584195
26.657000000000004,-0.552517
26.658,-0.608238
26.659,-0.294191
26.660000000000004,-0.270045
26.661,-0.252518
26.662000000000003,-0.263658
26.663000000000004,-0.141606
26.664,-0.177458
26.665000000000003,-0.568215
26.666000000000004,-0.573845
26.667,-0.361039
26.668000000000003,-0.191622
26.669,-0.569885
26.67,-0.316004
26.671000000000003,-0.432332
26.672,-0.635077
26.673,-0.414236
26.674000000000003,-0.42273
26.675,-0.438508
26.676,-0.526945
26.677000000000003,-0.455992
26.678,-0.79976
26.679,-0.415675
26.680000000000003,-0.254273
26.681,-0.530253
26.682,-0.158184
26.683000000000003,-0.093522
26.684,-0.331569
26.685,-0.677598
26.686000000000003,-0.268547
26.687,-0.470386
26.688,-0.546473
26.689000000000004,-0.370513
26.69,-0.498781
26.691000000000003,-0.55044
26.692000000000004,-0.26121
26.693,-0.404749
26.694000000000003,-0.559323
26.695000000000004,-0.490427
26.696,-0.302281
26.697000000000003,-0.522319
26.698000000000004,-0.62153
26.699,-0.288493
26.700000000000003,-0.21999
26.701,-0.174533
26.702,-0.137458
26.703000000000003,-0.387067
26.704,-0.637691
26.705,-0.189216
26.706000000000003,-0.566052
26.707,-0.555831
26.708,-0.68368
26.709000000000003,-0.290935
26.71,-0.634982
26.711,-0.679241
26.712000000000003,-0.469452
26.713,-0.498933
26.714,-0.690325
26.715000000000003,-0.075789
26.716,-0.273982
26.717,-0.47963
26.718000000000004,-0.26588
26.719,-0.400234
26.72,-0.562878
26.721000000000004,-0.444396
26.722,-0.173651
26.723000000000003,-0.528552
26.724000000000004,-0.828493
26.725,-0.422459
26.726000000000003,-0.35799
26.727000000000004,-0.33811
26.728,-0.278011
26.729000000000003,-0.517029
26.73,-0.591738
26.731,-0.45916
26.732000000000003,-0.334743
26.733,-0.216547
26.734,-0.066662
26.735000000000003,-0.462036
26.736,-0.33794
26.737,-0.443516
26.738000000000003,-0.136037
26.739,-0.089416
26.74,-0.374422
26.741000000000003,-0.426116
26.742,-0.395709
26.743,-0.348604
26.744000000000003,-0.492808
26.745,-0.013243
26.746,-0.510032
26.747000000000003,-0.178612
26.748,-0.404492
26.749,-0.032984
26.750000000000004,-0.308212
26.751,-0.199861
26.752,-0.392471
26.753000000000004,-0.45717
26.754,-0.296577
26.755000000000003,-0.385685
26.756000000000004,-0.598034
26.757,-0.459429
26.758000000000003,-0.144487
26.759000000000004,-0.382389
26.76,-0.551926
26.761000000000003,-0.421998
26.762,-0.241984
26.763,-0.423867
26.764000000000003,-0.294918
26.765,-0.554352
26.766,-0.574159
26.767000000000003,-0.503594
26.768,-0.326091
26.769,-0.254725
26.770000000000003,-0.439857
26.771,-0.665497
26.772,-0.537812
26.773000000000003,-0.396299
26.774,-0.404277
26.775,-0.057256
26.776000000000003,-0.156075
26.777,-0.853797
26.778,-0.620266
26.779000000000003,-0.476729
26.78,-0.834243
26.781,-0.550272
26.782000000000004,-0.639626
26.783,-0.635242
26.784,-0.077686
26.785000000000004,-0.38384
26.786,-0.384792
26.787000000000003,-0.184052
26.788000000000004,-0.465568
26.789,-0.968416
26.790000000000003,-0.177931
26.791000000000004,-0.45664
26.792,-0.654433
26.793000000000003,-0.614825
26.794,-0.503909
26.795,-0.394126
26.796000000000003,-0.222855
26.797,-0.440159
26.798,-0.29901
26.799000000000003,-0.285272
26.8,-0.532736
26.801,-0.531256
26.802000000000003,-0.61324
26.803,-0.273199
26.804,-0.559341
26.805000000000003,-0.335659
26.806,-0.280434
26.807,-0.654836
26.808000000000003,-0.251939
26.809,-0.333892
26.81,-0.391074
26.811000000000003,-0.408689
26.812,-0.432104
26.813,-0.41937
26.814000000000004,-0.743986
26.815,-0.434339
26.816000000000003,-0.506544
26.817000000000004,-0.420198
26.818,-0.55499
26.819000000000003,-0.508959
26.820000000000004,-0.437057
26.821,-0.550312
26.822000000000003,-0.503688
26.823000000000004,0.045578
26.824,-0.245074
26.825000000000003,-0.154221
26.826,-0.465994
26.827,-0.674309
26.828000000000003,-0.452399
26.829,-0.737285
26.83,-0.518504
26.831000000000003,-0.538628
26.832,-0.302686
26.833,-0.330731
26.834000000000003,-0.313366
26.835,-0.608416
26.836,-0.088455
26.837000000000003,-0.444543
26.838,-0.511409
26.839,-0.053473
26.840000000000003,-0.462333
26.841,-0.705174
26.842,-0.290902
26.843000000000004,-0.437714
26.844,-0.526096
26.845,-0.257059
26.846000000000004,-0.629025
26.847,-0.994916
26.848000000000003,-0.742235
26.849000000000004,0.074402
26.85,-0.321898
26.851000000000003,0.010976
26.852000000000004,-0.601107
26.853,-0.605671
26.854000000000003,-0.233935
26.855,-0.247599
26.856,0.056512
26.857000000000003,-0.256892
26.858,-0.339358
26.859,-0.125631
26.860000000000003,-0.912588
26.861,-0.37348
26.862,-0.321357
26.863000000000003,-0.546904
26.864,-0.623281
26.865,-0.345896
26.866000000000003,-0.304638
26.867,-0.643063
26.868,-0.485937
26.869000000000003,-0.411605
26.87,-0.588793
26.871,-0.643055
26.872000000000003,-0.574848
26.873,-0.464865
26.874,-0.356529
26.875000000000004,-0.789757
26.876,-0.180394
26.877,-0.253877
26.878000000000004,-0.528196
26.879,-0.648579
26.880000000000003,-0.574969
26.881000000000004,-0.541914
26.882,-0.354967
26.883000000000003,-0.480231
26.884000000000004,-0.323295
26.885,-0.65726
26.886000000000003,-0.525275
26.887,-0.050809
26.888,-0.143687
26.889000000000003,-0.18796
26.89,-0.503672
26.891,-0.778664
26.892000000000003,-0.094678
26.893,-0.551174
26.894,-0.08648
26.895000000000003,-0.530656
26.896,-0.328168
26.897,-0.200512
26.898000000000003,-0.150733
26.899,-0.399671
26.9,-0.505162
26.901000000000003,-0.602181
26.902,-0.014281
26.903,-0.450016
26.904000000000003,-0.22586
26.905,-0.469511
26.906,-0.518042
26.907000000000004,-0.30491
26.908,-0.169164
26.909,-0.416993
26.910000000000004,0.044695
26.911,-0.40529
26.912000000000003,-0.336897
26.913000000000004,-0.434239
26.914,-0.400039
26.915000000000003,-0.440046
26.916000000000004,-0.115949
26.917,-0.711494
26.918000000000003,-0.411684
26.919,-0.490503
26.92,-0.309692
26.921000000000003,-0.422926
26.922,-0.490994
26.923,-0.415608
26.924000000000003,-0.709166
26.925,-0.398753
26.926,-0.038626
26.927000000000003,-0.223986
26.928,-0.476846
26.929,-0.638607
26.930000000000003,-0.235862
26.931,-0.643761
26.932,-0.266755
26.933000000000003,-0.519598
26.934,-0.453741
26.935,-0.778651
26.936000000000003,-0.460618
26.937,-0.405057
26.938,-0.198107
26.939000000000004,-0.621782
26.94,-0.442876
26.941000000000003,-0.27725
26.942000000000004,-0.291645
26.943,-0.860149
26.944000000000003,-0.289359
26.945000000000004,-0.448185
26.946,-0.081378
26.947000000000003,-0.746559
26.948000000000004,-0.596303
26.949,-0.133694
26.950000000000003,-0.168159
26.951,-0.381002
26.952,-0.452081
26.953000000000003,-0.266048
26.954,-0.727046
26.955,-0.374172
26.956000000000003,-0.350746
26.957,-0.278886
26.958,-0.466912
26.959000000000003,-0.693837
26.96,-0.482256
26.961,-0.4431
26.962000000000003,-0.412867
26.963,-0.640773
26.964,-0.398764
26.965000000000003,-0.515381
26.966,-0.370486
26.967,-0.576702
26.968000000000004,-0.565644
26.969,-0.417286
26.97,-0.071483
26.971000000000004,-0.610806
26.972,-0.820849
26.973000000000003,-0.571417
26.974000000000004,-0.352632
26.975,-0.373759
26.976000000000003,-0.623252
26.977000000000004,-0.451479
26.978,-0.491485
26.979000000000003,-0.558129
26.980000000000004,-0.425569
26.981,-0.254195
26.982000000000003,-0.421515
26.983,-0.443868
26.984,-0.220715
26.985000000000003,-0.61369
26.986,-0.727178
26.987,-0.180847
26.988000000000003,-0.375691
26.989,-0.551546
26.99,-0.157059
26.991000000000003,-0.460321
26.992,-0.561928
26.993,-0.413226
26.994000000000003,-0.195401
26.995,-0.515675
26.996,-0.286838
26.997000000000003,-0.310229
26.998,-0.145706
26.999,-0.452091
27.000000000000004,-0.458854
27.001,-0.333018
27.002,-0.469395
27.003000000000004,-0.451269
27.004,-0.076852
27.005000000000003,-0.25762
27.006000000000004,-0.747767
27.007,-0.493427
27.008000000000003,-0.653528
27.009000000000004,-0.220029
27.01,-0.758822
27.011000000000003,-0.247965
27.012,-0.191497
27.013,-0.182561
27.014000000000003,-0.667723
27.015,-0.330901
27.016,-0.715466
27.017000000000003,-0.402348
27.018,-0.492145
27.019,-0.200565
27.020000000000003,-0.322537
27.021,-0.582311
27.022,-0.407423
27.023000000000003,-0.518964
27.024,-0.078559
27.025,-0.409633
27.026000000000003,-0.724622
27.027,-0.496126
27.028,-0.438571
27.029000000000003,-0.491388
27.03,-0.77465
27.031,-0.127522
27.032000000000004,-0.056397
27.033,-0.377955
27.034,-0.546403
27.035000000000004,-0.627344
27.036,-0.257898
27.037000000000003,-0.654962
27.038000000000004,-0.430685
27.039,-0.574137
27.040000000000003,-0.714704
27.041000000000004,-0.841988
27.042,-0.2693
27.043000000000003,-0.399849
27.044,-0.719316
27.045,-0.375458
27.046000000000003,-0.633797
27.047,-0.457604
27.048,-0.279675
27.049000000000003,-0.281271
27.05,-0.910266
27.051,-0.563647
27.052000000000003,-0.504212
27.053,-0.272425
27.054,-0.822584
27.055000000000003,-0.334535
27.056,-0.314048
27.057,-0.059175
27.058000000000003,-0.491531
27.059,-0.558545
27.06,-0.299665
27.061000000000003,-0.692974
27.062,-0.55979
27.063,-0.654228
27.064000000000004,-0.225752
27.065,-0.141575
27.066000000000003,-0.532495
27.067000000000004,-0.429856
27.068,-0.250117
27.069000000000003,-0.569819
27.070000000000004,-0.553872
27.071,-0.268409
27.072000000000003,-0.364926
27.073000000000004,-0.345903
27.074,-0.119861
27.075000000000003,-0.123643
27.076,-0.570374
27.077,-0.37202
27.078000000000003,-0.221684
27.079,-0.191216
27.08,-0.42
27.081000000000003,-0.45342
27.082,-0.38069
27.083,-0.35871
27.084000000000003,-0.805936
27.085,-0.289305
27.086,-0.658192
27.087000000000003,-0.285296
27.088,-0.286112
27.089,-0.592185
27.090000000000003,-0.735054
27.091,-0.481365
27.092,-0.188978
27.093000000000004,-0.353938
27.094,-0.347775
27.095,-0.379797
27.096000000000004,-0.777452
27.097,-0.930587
27.098000000000003,-0.701253
27.099000000000004,-0.740407
27.1,-0.581923
27.101000000000003,-0.069284
27.102000000000004,-0.721689
27.103,-0.307617
27.104000000000003,-0.173791
27.105000000000004,-0.416775
27.106,-0.524687
27.107000000000003,-0.209047
27.108,-0.306132
27.109,-0.316959
27.110000000000003,-0.295691
27.111,-0.631082
27.112,-0.241841
27.113000000000003,-0.64513
27.114,-0.816866
27.115,-0.651713
27.116000000000003,-0.253272
27.117,-0.529102
27.118,-0.286119
27.119000000000003,-0.363579
27.12,-0.603787
27.121,-0.532229
27.122000000000003,-0.79286
27.123,-0.254478
27.124,-0.387323
27.125000000000004,-0.557164
27.126,-0.647856
27.127,-0.393269
27.128000000000004,-0.254772
27.129,-0.500433
27.130000000000003,-0.321466
27.131000000000004,-0.352475
27.132,-0.722707
27.133000000000003,-0.606919
27.134000000000004,-0.2773
27.135,-0.77468
27.136000000000003,-0.600787
27.137,-0.568163
27.138,-0.590638
27.139000000000003,-0.119242
27.14,-0.658145
27.141,-0.613438
27.142000000000003,-0.487235
27.143,-0.364329
27.144,-0.557596
27.145000000000003,-0.148846
27.146,-0.250068
27.147,-0.315638
27.148000000000003,-0.458502
27.149,-0.326543
27.15,-0.148583
27.151000000000003,-0.301328
27.152,-0.592812
27.153,-0.541829
27.154000000000003,-0.38069
27.155,-0.508877
27.156,-0.579589
27.157000000000004,-0.141605
27.158,-0.59161
27.159,-0.433137
27.160000000000004,-0.095353
27.161,-0.492945
27.162000000000003,-0.859512
27.163000000000004,-0.58112
27.164,-0.484264
27.165000000000003,-0.289335
27.166000000000004,-0.599667
27.167,-0.683492
27.168000000000003,-0.671035
27.169,-0.521732
27.17,-0.366114
27.171000000000003,-0.299809
27.172,-0.159457
27.173,-0.27227
27.174000000000003,-0.330637
27.175,-0.321805
27.176,-0.499609
27.177000000000003,-0.79236
27.178,-0.599757
27.179,-0.61863
27.180000000000003,-0.467023
27.181,-0.553924
27.182,-0.448569
27.183000000000003,0.073489
27.184,-0.856223
27.185,-0.251815
27.186000000000003,-0.682571
27.187,-0.290935
27.188,-0.260116
27.189000000000004,-0.574849
27.19,-0.599691
27.191000000000003,-0.239573
27.192000000000004,-0.766666
27.193,-0.440664
27.194000000000003,-0.502616
27.195000000000004,-0.531169
27.196,-0.520749
27.197000000000003,-0.615213
27.198000000000004,-0.548703
27.199,-0.268543
27.200000000000003,-0.446949
27.201,-0.543278
27.202,-0.278866
27.203000000000003,-0.737923
27.204,-0.368016
27.205,-0.26555
27.206000000000003,-0.471355
27.207,-0.092775
27.208,-0.543435
27.209000000000003,-0.534767
27.21,-0.395392
27.211,-0.269999
27.212000000000003,-0.224746
27.213,-0.359852
27.214,-0.022241
27.215000000000003,-0.554714
27.216,-0.191261
27.217,-0.345443
27.218000000000004,-0.36424
27.219,-0.417133
27.22,0.113838
27.221000000000004,-0.360287
27.222,-0.57814
27.223000000000003,-0.144431
27.224000000000004,-0.792496
27.225,-0.488854
27.226000000000003,-0.656804
27.227000000000004,-0.606299
27.228,-0.163116
27.229000000000003,-0.137378
27.230000000000004,-0.556764
27.231,-0.225503
27.232000000000003,-0.264136
27.233,-0.391387
27.234,-0.366656
27.235000000000003,-0.452941
27.236,-0.197444
27.237,-0.189073
27.238000000000003,-0.403764
27.239,-0.642766
27.24,-0.593197
27.241000000000003,-0.863926
27.242,-0.283684
27.243,-0.4636
27.244000000000003,-0.686034
27.245,-0.245347
27.246,-0.460426
27.247000000000003,-0.53079
27.248,-0.268855
27.249,-0.310879
27.250000000000004,-0.652529
27.251,-0.802543
27.252,-0.469917
27.253000000000004,-0.422543
27.254,-0.679678
27.255000000000003,-0.429231
27.256000000000004,-0.170519
27.257,-0.535599
27.258000000000003,-0.718762
27.259000000000004,0.096871
27.26,-0.25166
27.261000000000003,-0.06685
27.262,-0.531328
27.263,-0.505998
27.264000000000003,-0.766681
27.265,-0.780737
27.266,-0.361815
27.267000000000003,-0.538039
27.268,-0.47269
27.269,-0.59042
27.270000000000003,-0.289313
27.271,-0.092292
27.272,-0.594016
27.273000000000003,-0.679367
27.274,-0.502118
27.275,-0.081147
27.276000000000003,-0.524429
27.277,-0.510719
27.278,-0.614467
27.279000000000003,-0.759673
27.28,-0.895543
27.281,-0.285258
27.282000000000004,-0.774227
27.283,-1.024966
27.284,-0.425316
27.285000000000004,-0.335475
27.286,-0.255794
27.287000000000003,-0.404314
27.288000000000004,-0.936659
27.289,-0.64173
27.290000000000003,-0.602749
27.291000000000004,-0.89538
27.292,-0.452813
27.293000000000003,-0.363885
27.294,-0.506663
27.295,-0.090545
27.296000000000003,-0.635303
27.297,-0.348781
27.298,-0.220346
27.299000000000003,-0.34022
27.3,0.009107
27.301,-0.641636
27.302000000000003,-0.666025
27.303,-0.365408
27.304,-0.765026
27.305000000000003,-0.644198
27.306,-0.581515
27.307,-0.350015
27.308000000000003,-0.54322
27.309,-0.375597
27.31,-0.669482
27.311000000000003,-0.472687
27.312,-0.3041
27.313,-0.768513
27.314000000000004,-0.369451
27.315,-1.017922
27.316000000000003,-0.379916
27.317000000000004,-0.559521
27.318,-0.447299
27.319000000000003,-0.400033
27.320000000000004,-0.705678
27.321,-0.529982
27.322000000000003,-0.223694
27.323000000000004,-0.200884
27.324,-0.572172
27.325000000000003,-0.382783
27.326,-0.004186
27.327,-0.380414
27.328000000000003,-0.228565
27.329,-0.480865
27.33,-0.359396
27.331000000000003,-0.396849
27.332,-0.407661
27.333,-0.470698
27.334000000000003,-0.125167
27.335,-0.582853
27.336,-0.47597
27.337000000000003,-0.430861
27.338,-0.392234
27.339,-0.525984
27.340000000000003,-0.481994
27.341,-0.401036
27.342,-0.504986
27.343000000000004,-0.663723
27.344,-0.592988
27.345,-0.555898
27.346000000000004,-0.357045
27.347,-0.289252
27.348000000000003,-0.48514
27.349000000000004,-0.537968
27.35,-0.660191
27.351000000000003,-0.294843
27.352000000000004,-0.521243
27.353,-0.263614
27.354000000000003,-0.589019
27.355000000000004,-0.789637
27.356,-0.626035
27.357000000000003,-0.234895
27.358,-0.354878
27.359,-0.201722
27.360000000000003,-0.501868
27.361,-0.56148
27.362,-0.738689
27.363000000000003,-0.428396
27.364,-0.455685
27.365,-0.574645
27.366000000000003,-0.517559
27.367,-0.301389
27.368,-0.726908
27.369000000000003,-0.594341
27.37,-0.329546
27.371,-0.27412
27.372000000000003,-0.345567
27.373,-0.382238
27.374,-0.32797
27.375000000000004,-0.14586
27.376,-0.432959
27.377,-0.625044
27.378000000000004,-0.834978
27.379,-0.225955
27.380000000000003,-0.375305
27.381000000000004,-0.434979
27.382,-0.144935
27.383000000000003,-0.229513
27.384000000000004,-0.573708
27.385,-0.563568
27.386000000000003,-0.570122
27.387000000000004,-0.456354
27.388,-0.288529
27.389000000000003,-0.549384
27.39,-0.427131
27.391,-0.567628
27.392000000000003,-0.243613
27.393,-0.176236
27.394,-0.541166
27.395000000000003,-0.217553
27.396,-0.655315
27.397,-0.319786
27.398000000000003,-0.52685
27.399,-0.767708
27.4,-0.324612
27.401000000000003,0.019997
27.402,-0.562658
27.403,-0.538107
27.404000000000003,-0.616618
27.405,-0.781315
27.406,-0.80201
27.407000000000004,-0.455992
27.408,-0.624119
27.409,-0.686573
27.410000000000004,-0.394021
27.411,0.086125
27.412000000000003,-0.278088
27.413000000000004,-0.457139
27.414,-0.236306
27.415000000000003,-0.650536
27.416000000000004,-0.63281
27.417,-0.340623
27.418000000000003,-0.459241
27.419,-0.222909
27.42,-0.413005
27.421000000000003,-0.412354
27.422,-0.332445
27.423,-0.623183
27.424000000000003,-0.258484
27.425,-0.366834
27.426,-0.914224
27.427000000000003,-0.218514
27.428,-0.595259
27.429,-0.314999
27.430000000000003,-0.641167
27.431,-0.613956
27.432,-0.631856
27.433000000000003,-0.336244
27.434,-0.201288
27.435,-0.46622
27.436000000000003,-0.506611
27.437,-0.080288
27.438,-0.360524
27.439000000000004,-0.43021
27.44,-0.53687
27.441000000000003,-0.304622
27.442000000000004,-0.352324
27.443,-0.273941
27.444000000000003,-0.479124
27.445000000000004,-0.574503
27.446,-0.5843
27.447000000000003,-0.106195
27.448000000000004,-0.052942
27.449,-0.345241
27.450000000000003,-0.294246
27.451,-0.551584
27.452,-0.550776
27.453000000000003,-0.1364
27.454,-0.45412
27.455,-0.552819
27.456000000000003,-0.196288
27.457,-0.134104
27.458,-0.269127
27.459000000000003,-0.061032
27.46,-0.617143
27.461,-0.117814
27.462000000000003,-0.410576
27.463,-0.65632
27.464,-0.60033
27.465000000000003,-0.585737
27.466,-0.186121
27.467,-0.033581
27.468000000000004,-0.190452
27.469,-0.323136
27.47,-0.275678
27.471000000000004,-0.715626
27.472,-0.737796
27.473000000000003,-0.588578
27.474000000000004,-0.400887
27.475,-0.521709
27.476000000000003,-0.38949
27.477000000000004,-0.419976
27.478,-0.562157
27.479000000000003,-0.567538
27.480000000000004,-0.390682
27.481,-0.539808
27.482000000000003,-0.644296
27.483,-0.283687
27.484,-0.454463
27.485000000000003,-0.770451
27.486,-0.486588
27.487,-0.71064
27.488000000000003,-0.663262
27.489,-0.363425
27.49,-0.504959
27.491000000000003,-0.49853
27.492,-0.216058
27.493,-1.074139
27.494000000000003,-0.497988
27.495,-0.322841
27.496,-0.250564
27.497000000000003,-0.386171
27.498,-0.270875
27.499,-0.015478
27.500000000000004,-0.426141
27.501,-0.066101
27.502,-0.380547
27.503000000000004,0.007718
27.504,-0.521591
27.505000000000003,-0.467788
27.506000000000004,-0.626162
27.507,-0.241407
27.508000000000003,-0.488585
27.509000000000004,-0.064559
27.51,-0.413862
27.511000000000003,-0.632393
27.512000000000004,-0.517531
27.513,-0.42362
27.514000000000003,-0.376341
27.515,-0.042933
27.516,-0.449553
27.517000000000003,-0.356429
27.518,-0.25967
27.519,-0.586665
27.520000000000003,-0.476994
27.521,-0.371427
27.522,-0.294236
27.523000000000003,-0.104868
27.524,-0.235217
27.525,-0.475331
27.526000000000003,-0.180322
27.527,-0.705422
27.528,-0.343355
27.529000000000003,-0.29895
27.53,-0.665677
27.531,0.047024
27.532000000000004,-0.560623
27.533,-0.002466
27.534,-0.073486
27.535000000000004,-0.240185
27.536,-0.22939
27.537000000000003,-0.626226
27.538000000000004,-0.207586
27.539,-0.498235
27.540000000000003,-0.378897
27.541000000000004,-0.341658
27.542,-0.140163
27.543000000000003,-0.123377
27.544,-0.495937
27.545,-0.917664
27.546000000000003,-0.546864
27.547,-0.439786
27.548,-0.366705
27.549000000000003,-0.32379
27.55,-0.684309
27.551,-0.369423
27.552000000000003,-0.483848
27.553,-0.549916
27.554,-0.409884
27.555000000000003,-0.426998
27.556,-0.582541
27.557,-0.228731
27.558000000000003,-0.786991
27.559,-0.329336
27.56,-0.736424
27.561000000000003,-0.546959
27.562,-0.61324
27.563,-0.701971
27.564000000000004,-0.549668
27.565,-0.359029
27.566000000000003,-0.358034
27.567000000000004,-0.529302
27.568,-0.661485
27.569000000000003,-0.677355
27.570000000000004,-0.099182
27.571,-0.402484
27.572000000000003,-0.57085
27.573000000000004,-0.383425
27.574,-0.604743
27.575000000000003,-0.832366
27.576,-0.402041
27.577,-0.414761
27.578000000000003,-0.637529
27.579,-0.567739
27.58,-0.49587
27.581000000000003,-0.659892
27.582,-0.536067
27.583,-0.449024
27.584000000000003,-0.526253
27.585,-0.67724
27.586,-0.433316
27.587000000000003,-0.486731
27.588,-0.147753
27.589,-0.565018
27.590000000000003,-0.325396
27.591,-0.272446
27.592,-0.248388
27.593000000000004,-0.565726
27.594,-0.327202
27.595,-0.486279
27.596000000000004,-0.391163
27.597,-0.440846
27.598000000000003,-0.342946
27.599000000000004,-0.43777
27.6,-0.216192
27.601000000000003,-0.407556
27.602000000000004,-0.442805
27.603,-0.474038
27.604000000000003,-0.393284
27.605000000000004,-0.151481
27.606,-0.373021
27.607000000000003,-0.329277
27.608,-0.522366
27.609,-0.286957
27.610000000000003,-0.954969
27.611,-0.122696
27.612,-0.360406
27.613000000000003,-0.646377
27.614,-0.511678
27.615,-0.745901
27.616000000000003,-0.621618
27.617,-0.706326
27.618,-0.07813
27.619000000000003,-0.157202
27.62,-0.389125
27.621,-0.285322
27.622000000000003,-0.638283
27.623,-0.482699
27.624,-0.411634
27.625000000000004,-0.634669
27.626,-0.213916
27.627,-0.412924
27.628000000000004,-0.317107
27.629,-0.307781
27.630000000000003,-0.57177
27.631000000000004,-0.160864
27.632,-0.636572
27.633000000000003,-0.144809
27.634000000000004,-0.115856
27.635,-0.382358
27.636000000000003,-0.557153
27.637000000000004,-0.35455
27.638,-0.092192
27.639000000000003,-0.439952
27.64,-0.574307
27.641,-0.269259
27.642000000000003,-0.246772
27.643,-0.645846
27.644,-0.430688
27.645000000000003,-0.198325
27.646,-0.328134
27.647,-0.481296
27.648000000000003,-0.617848
27.649,-0.383531
27.65,-0.538507
27.651000000000003,-0.33027
27.652,-0.317246
27.653,-0.333033
27.654000000000003,-0.216324
27.655,-0.243132
27.656,-0.591335
27.657000000000004,-0.557694
27.658,-0.53796
27.659,-0.304747
27.660000000000004,-0.304612
27.661,-0.460373
27.662000000000003,-0.417113
27.663000000000004,-0.515625
27.664,-0.680426
27.665000000000003,-0.520308
27.666000000000004,-0.53837
27.667,-0.207124
27.668000000000003,-0.716167
27.669000000000004,-0.608906
27.67,-0.413577
27.671000000000003,-0.119078
27.672,-0.478311
27.673,-0.345894
27.674000000000003,-0.462087
27.675,-0.307208
27.676,-0.243101
27.677000000000003,-0.212177
27.678,-0.175978
27.679,-0.338519
27.680000000000003,-0.300161
27.681,-0.352031
27.682,-0.049689
27.683000000000003,-0.454432
27.684,-0.178577
27.685,-0.850369
27.686000000000003,-0.092779
27.687,-0.240539
27.688,-0.434952
27.689000000000004,-0.214532
27.69,-0.481282
27.691000000000003,-0.366707
27.692000000000004,-0.608254
27.693,-0.418345
27.694000000000003,-0.324893
27.695000000000004,-0.33826
27.696,-0.174415
27.697000000000003,-0.214883
27.698000000000004,-0.466551
27.699,-0.58344
27.700000000000003,-0.27177
27.701,-0.800926
27.702,-0.443718
27.703000000000003,-0.268396
27.704,-0.667738
27.705,-0.525872
27.706000000000003,-0.339531
27.707,-0.690674
27.708,-0.623371
27.709000000000003,-0.64112
27.71,-0.802294
27.711,-0.221799
27.712000000000003,-0.35949
27.713,-0.450201
27.714,-0.565309
27.715000000000003,-0.420281
27.716,-0.501975
27.717,-0.471974
27.718000000000004,-0.2124
27.719,-0.45818
27.72,-0.360517
27.721000000000004,-0.297336
27.722,-0.310165
27.723000000000003,-0.062927
27.724000000000004,-0.366728
27.725,-0.239468
27.726000000000003,-0.426947
27.727000000000004,-0.707278
27.728,-0.432298
27.729000000000003,-0.573299
27.730000000000004,-0.203495
27.731,-0.498297
27.732000000000003,-0.543492
27.733,-0.522975
27.734,-0.455633
27.735000000000003,-0.661416
27.736,-0.455319
27.737,-0.4373
27.738000000000003,-0.566715
27.739,-0.079557
27.74,-0.245977
27.741000000000003,-0.559023
27.742,-0.636224
27.743,-0.414217
27.744000000000003,-0.445053
27.745,-0.650425
27.746,-0.270013
27.747000000000003,-0.485793
27.748,-0.589985
27.749,-0.558625
27.750000000000004,-0.358915
27.751,-0.42786
27.752,-0.326653
27.753000000000004,-0.090767
27.754,-0.523416
27.755000000000003,-0.494321
27.756000000000004,0.070909
27.757,-0.734845
27.758000000000003,-0.708125
27.759000000000004,-0.601639
27.76,-0.288501
27.761000000000003,-0.373975
27.762000000000004,-0.513423
27.763,-0.409903
27.764000000000003,-0.158949
27.765,0.048758
27.766,-0.500072
27.767000000000003,-0.679045
27.768,-0.441732
27.769,-0.50927
27.770000000000003,-0.299876
27.771,-0.478667
27.772,-0.859003
27.773000000000003,-0.334865
27.774,-0.466082
27.775,-0.524617
27.776000000000003,-0.214852
27.777,-0.221016
27.778,-0.046942
27.779000000000003,-0.561228
27.78,-0.075687
27.781,-0.065745
27.782000000000004,-0.170543
27.783,-0.547228
27.784,-0.728596
27.785000000000004,-0.599867
27.786,-0.41121
27.787000000000003,-0.304026
27.788000000000004,-0.296643
27.789,-0.697624
27.790000000000003,-0.292485
27.791000000000004,-0.251613
27.792,-0.443035
27.793000000000003,-0.11752
27.794000000000004,-0.260123
27.795,-0.750627
27.796000000000003,-0.599675
27.797,-0.300325
27.798,-0.533455
27.799000000000003,-0.695841
27.8,-0.840619
27.801,-0.448258
27.802000000000003,-0.346286
27.803,-0.388965
27.804,-0.38065
27.805000000000003,-0.62383
27.806,-0.702769
27.807,-0.68802
27.808000000000003,-0.4143
27.809,-0.496321
27.81,-0.311137
27.811000000000003,-0.625993
27.812,-0.455799
27.813,-0.681743
27.814000000000004,-0.403763
27.815,-0.728048
27.816000000000003,-0.415936
27.817000000000004,-0.125791
27.818,-0.242936
27.819000000000003,-0.445961
27.820000000000004,-0.400336
27.821,-0.649294
27.822000000000003,-0.496455
27.823000000000004,-0.586501
27.824,-0.396584
27.825000000000003,-0.228532
27.826,-0.322805
27.827,-0.595726
27.828000000000003,-0.417124
27.829,-0.573635
27.83,-0.386847
27.831000000000003,-0.387606
27.832,-0.198505
27.833,-0.44758
27.834000000000003,-0.632447
27.835,-0.388007
27.836,-0.240501
27.837000000000003,0.121227
27.838,-0.555289
27.839,-0.129909
27.840000000000003,-0.502113
27.841,-0.705938
27.842,-0.630714
27.843000000000004,-0.590404
27.844,-0.248262
27.845,-0.622923
27.846000000000004,-0.294176
27.847,-0.468867
27.848000000000003,-0.479669
27.849000000000004,-0.494999
27.85,-0.521531
27.851000000000003,-0.650173
27.852000000000004,-0.494421
27.853,-0.210699
27.854000000000003,0.102387
27.855000000000004,-0.401328
27.856,-0.347315
27.857000000000003,-0.422322
27.858,-0.235541
27.859,-0.578772
27.860000000000003,-0.278137
27.861,-0.385778
27.862,-0.368998
27.863000000000003,-0.258072
27.864,-0.566898
27.865,-0.67127
27.866000000000003,-0.669059
27.867,-0.507666
27.868,-0.382027
27.869000000000003,-0.126624
27.87,-0.364249
27.871,-0.436536
27.872000000000003,-0.039662
27.873,-0.234604
27.874,-0.236278
27.875000000000004,-0.514233
27.876,-0.324861
27.877,-0.406189
27.878000000000004,-0.624214
27.879,-0.410884
27.880000000000003,-0.257857
27.881000000000004,-0.824681
27.882,-0.090277
27.883000000000003,-0.485445
27.884000000000004,-0.294884
27.885,-0.527132
27.886000000000003,-0.311108
27.887000000000004,-0.478192
27.888,-0.408249
27.889000000000003,-0.366741
27.89,-0.49445
27.891,-0.466584
27.892000000000003,-0.30874
27.893,-0.111172
27.894,-0.22226
27.895000000000003,-0.479192
27.896,-0.833823
27.897,-0.460533
27.898000000000003,-0.56546
27.899,-0.477141
27.9,-0.630683
27.901000000000003,-0.736676
27.902,-0.534484
27.903,-0.712779
27.904000000000003,-0.371898
27.905,-0.54117
27.906,-0.774981
27.907000000000004,-0.408977
27.908,-0.353842
27.909,-0.611617
27.910000000000004,-0.427903
27.911,-0.520516
27.912000000000003,-0.509584
27.913000000000004,-0.866348
27.914,-0.653754
27.915000000000003,-0.185523
27.916000000000004,-0.434514
27.917,-0.019055
27.918000000000003,-0.348316
27.919000000000004,-0.438464
27.92,-0.471012
27.921000000000003,-0.185814
27.922,-0.552041
27.923,-0.130996
27.924000000000003,-0.610932
27.925,-0.220074
27.926,-0.507803
27.927000000000003,-0.534036
27.928,-0.266568
27.929,-0.581806
27.930000000000003,-0.275741
27.931,-0.319314
27.932,-0.375386
27.933000000000003,-0.564512
27.934,-0.428308
27.935,-0.412751
27.936000000000003,-0.213246
27.937,-0.620786
27.938,-0.21525
27.939000000000004,-0.495608
27.94,-0.716506
27.941000000000003,-0.279721
27.942000000000004,-0.28611
27.943,-0.55462
27.944000000000003,0.074786
27.945000000000004,-0.501113
27.946,-0.573879
27.947000000000003,-0.240755
27.948000000000004,-0.673739
27.949,-0.652032
27.950000000000003,-0.61436
27.951,-0.157926
27.952,-0.265378
27.953000000000003,-0.441535
27.954,-0.692604
27.955,-0.459057
27.956000000000003,-0.388762
27.957,-0.451761
27.958,-0.162769
27.959000000000003,-0.481874
27.96,-0.360482
27.961,-0.43839
27.962000000000003,-0.615676
27.963,-0.076498
27.964,-0.271108
27.965000000000003,-0.273244
27.966,-0.558531
27.967,-0.571442
27.968000000000004,-0.579635
27.969,-0.189528
27.97,-0.521849
27.971000000000004,-0.117722
27.972,-0.335691
27.973000000000003,-0.764468
27.974000000000004,-0.419743
27.975,-0.35975
27.976000000000003,-0.152295
27.977000000000004,-0.537526
27.978,-0.101369
27.979000000000003,-0.361397
27.980000000000004,-0.425467
27.981,-0.408069
27.982000000000003,-0.473367
27.983,-0.230829
27.984,-0.088903
27.985000000000003,-0.591247
27.986,-0.435528
27.987,-0.406188
27.988000000000003,-0.044357
27.989,-0.596829
27.99,-0.381788
27.991000000000003,-0.23658
27.992,-0.449046
27.993,-0.63259
27.994000000000003,-0.287671
27.995,-0.341741
27.996,-0.40844
27.997000000000003,-0.650094
27.998,-0.480647
27.999,-0.505023
28.000000000000004,-0.184889
28.001,0.011365
28.002,-0.051137
28.003000000000004,-0.461819
28.004,-0.63448
28.005000000000003,-0.505434
28.006000000000004,-0.384553
28.007,-0.390666
28.008000000000003,-0.423604
28.009000000000004,-0.671235
28.01,-0.31771
28.011000000000003,-0.639727
28.012000000000004,-0.492398
28.013,-0.467191
28.014000000000003,-0.608144
28.015,-0.07718
28.016,-0.534856
28.017000000000003,-0.257211
28.018,-0.391869
28.019,-0.455006
28.020000000000003,-0.046315
28.021,-0.153259
28.022,-0.167489
28.023000000000003,-0.623114
28.024,-0.252128
28.025,-0.234633
28.026000000000003,-0.405263
28.027,-0.350127
28.028,-0.501471
28.029000000000003,-0.22882
28.03,-0.444398
28.031,-0.556487
28.032000000000004,-0.521041
28.033,-0.526268
28.034,-0.087088
28.035000000000004,-0.260838
28.036,-0.59611
28.037000000000003,-0.262032
28.038000000000004,-0.398092
28.039,-0.269267
28.040000000000003,-0.675607
28.041000000000004,-0.132793
28.042,-0.539158
28.043000000000003,-0.523597
28.044000000000004,-0.172261
28.045,-0.374588
28.046000000000003,-0.436428
28.047,-0.660825
28.048,-0.359875
28.049000000000003,-0.430819
28.05,-0.679751
28.051,-0.695431
28.052000000000003,-0.489539
28.053,-0.422665
28.054,-0.083746
28.055000000000003,-0.196318
28.056,0.017238
28.057,-0.297458
28.058000000000003,-0.230805
28.059,-0.149454
28.06,-0.188333
28.061000000000003,-0.400163
28.062,-0.437245
28.063,-0.344888
28.064000000000004,-0.240692
28.065,-0.252491
28.066000000000003,-0.510936
28.067000000000004,-0.181374
28.068,-0.235151
28.069000000000003,-0.380573
28.070000000000004,-0.806545
28.071,-0.171667
28.072000000000003,-0.412669
28.073000000000004,-0.286983
28.074,-0.262567
28.075000000000003,-0.456175
28.076000000000004,-0.104613
28.077,-0.583821
28.078000000000003,-0.136622
28.079,-0.236587
28.08,-0.445835
28.081000000000003,-0.377898
28.082,-0.548703
28.083,-0.656174
28.084000000000003,-0.369228
28.085,-0.405154
28.086,-0.415183
28.087000000000003,-0.412393
28.088,-0.12587
28.089,-0.295016
28.090000000000003,-0.288521
28.091,-0.502588
28.092,-0.183442
28.093000000000004,-0.25812
28.094,-0.062938
28.095,-0.837685
28.096000000000004,-0.398213
28.097,-0.347109
28.098000000000003,-0.5472
28.099000000000004,-0.402904
28.1,-0.42536
28.101000000000003,-0.293256
28.102000000000004,-0.202512
28.103,-0.269894
28.104000000000003,-0.24561
28.105000000000004,-0.262832
28.106,-0.607668
28.107000000000003,-0.509838
28.108,-0.36466
28.109,-0.100968
28.110000000000003,-0.140735
28.111,0.025517
28.112,-0.149581
28.113000000000003,-0.42474
28.114,-0.775399
28.115,-0.481727
28.116000000000003,-0.137676
28.117,-0.294971
28.118,-0.527132
28.119000000000003,-0.434698
28.12,-0.103163
28.121,-0.00925
28.122000000000003,-0.631791
28.123,-0.531478
28.124,-0.335941
28.125000000000004,-0.430488
28.126,-0.690984
28.127,-0.511295
28.128000000000004,-0.415675
28.129,-0.41594
28.130000000000003,-0.541992
28.131000000000004,-0.150137
28.132,-0.680806
28.133000000000003,-0.752883
28.134000000000004,-0.313378
28.135,-0.65852
28.136000000000003,0.096585
28.137000000000004,-0.444399
28.138,-0.206079
28.139000000000003,-0.631288
28.14,-0.430569
28.141,-0.480608
28.142000000000003,-0.670082
28.143,-0.280468
28.144,-0.474241
28.145000000000003,-0.687502
28.146,-0.261295
28.147,-0.525894
28.148000000000003,-0.428341
28.149,-0.490945
28.15,-0.275631
28.151000000000003,-0.382215
28.152,-0.264285
28.153,-0.618287
28.154000000000003,-0.494902
28.155,-0.281276
28.156,-0.228953
28.157000000000004,-0.59825
28.158,-0.59051
28.159,-0.163478
28.160000000000004,-0.596545
28.161,-0.346297
28.162000000000003,-0.073934
28.163000000000004,-0.591774
28.164,-0.429259
28.165000000000003,-0.340363
28.166000000000004,-0.677118
28.167,-0.258056
28.168000000000003,-0.437323
28.169000000000004,-0.4703
28.17,-0.583255
28.171000000000003,-0.06461
28.172,-0.196438
28.173,-0.347737
28.174000000000003,-0.652842
28.175,-0.766444
28.176,-0.613494
28.177000000000003,-0.939048
28.178,-0.307315
28.179,-0.491799
28.180000000000003,-0.41452
28.181,0.074421
28.182,-0.560634
28.183000000000003,-0.325513
28.184,-0.619289
28.185,-0.512841
28.186000000000003,-0.38286
28.187,-0.458446
28.188,-0.225731
28.189000000000004,-0.316661
28.19,-0.89086
28.191000000000003,-0.298302
28.192000000000004,-0.446559
28.193,0.059479
28.194000000000003,-0.388789
28.195000000000004,-0.150912
28.196,-0.619569
28.197000000000003,-0.158972
28.198000000000004,-0.61573
28.199,-0.791463
28.200000000000003,-0.461186
28.201000000000004,-0.20005
28.202,-0.420822
28.203000000000003,-0.200163
28.204,-0.050499
28.205,-0.121146
28.206000000000003,-0.228243
28.207,-0.687645
28.208,-0.268219
28.209000000000003,-0.203347
28.21,-0.410004
28.211,-0.360371
28.212000000000003,-0.469049
28.213,-0.427796
28.214,-0.79772
28.215000000000003,-0.041204
28.216,-0.417153
28.217,-0.488108
28.218000000000004,-0.564029
28.219,-0.188419
28.22,-0.338799
28.221000000000004,-0.502797
28.222,-0.216913
28.223000000000003,-0.120049
28.224000000000004,-0.375973
28.225,-0.819068
28.226000000000003,-0.533953
28.227000000000004,-0.184505
28.228,-0.711409
28.229000000000003,-0.391737
28.230000000000004,-0.312838
28.231,-0.45199
28.232000000000003,-0.442602
28.233,-0.527206
28.234,-0.419124
28.235000000000003,-0.581505
28.236,-0.550312
28.237,-0.416447
28.238000000000003,-0.335702
28.239,-0.095787
28.24,0.201332
28.241000000000003,-0.498378
28.242,-0.355359
28.243,-0.404788
28.244000000000003,-0.541159
28.245,-0.392373
28.246,-0.304609
28.247000000000003,-0.570741
28.248,-0.204457
28.249,-0.682154
28.250000000000004,-0.579806
28.251,-0.396643
28.252,-0.459644
28.253000000000004,-0.170623
28.254,-0.539559
28.255000000000003,-0.422451
28.256000000000004,-0.170691
28.257,-0.26188
28.258000000000003,-0.213553
28.259000000000004,-0.375946
28.26,-0.666139
28.261000000000003,-0.26137
28.262000000000004,-0.12041
28.263,-0.460614
28.264000000000003,-0.25828
28.265,-0.963693
28.266,-0.464281
28.267000000000003,-0.337974
28.268,-0.226255
28.269,-0.346441
28.270000000000003,-0.280447
28.271,-0.474198
28.272,-0.084003
28.273000000000003,-0.803388
28.274,-0.851297
28.275,-0.401813
28.276000000000003,-0.098945
28.277,-0.306741
28.278,-0.917871
28.279000000000003,-0.306924
28.28,-0.480109
28.281,-0.038917
28.282000000000004,-0.540423
28.283,-0.351533
28.284,-0.053647
28.285000000000004,-0.288452
28.286,-0.155483
28.287000000000003,-0.79488
28.288000000000004,-0.518291
28.289,-0.588442
28.290000000000003,-0.330899
28.291000000000004,-0.268383
28.292,-0.568161
28.293000000000003,-0.036235
28.294000000000004,-0.471384
28.295,-0.265113
28.296000000000003,-0.6281
28.297,-0.454461
28.298,-0.474867
28.299000000000003,-0.525313
28.3,-0.140186
28.301,-0.581144
28.302000000000003,-0.378912
28.303,-0.16605
28.304,-0.307954
28.305000000000003,-0.130642
28.306,0.009309
28.307,-0.745856
28.308000000000003,-0.3117
28.309,-0.465972
28.31,-0.464671
28.311000000000003,-0.294141
28.312,-0.644855
28.313,-0.587854
28.314000000000004,-0.352324
28.315,-0.374065
28.316000000000003,-0.136541
28.317000000000004,-0.480379
28.318,-0.518849
28.319000000000003,-0.338858
28.320000000000004,-0.717988
28.321,-0.273245
28.322000000000003,-0.207161
28.323000000000004,-0.629432
28.324,-0.668142
28.325000000000003,-0.419411
28.326000000000004,-0.130697
28.327,-0.680303
28.328000000000003,-0.446186
28.329,-0.480576
28.33,-0.761434
28.331000000000003,-0.356945
28.332,-0.367555
28.333,-0.548587
28.334000000000003,-0.606977
28.335,-0.363001
28.336,-0.699528
28.337000000000003,-0.380676
28.338,-0.223063
28.339,-0.430821
28.340000000000003,-0.253155
28.341,-0.346765
28.342,-0.313521
28.343000000000004,-0.442958
28.344,-0.394426
28.345,-0.367877
28.346000000000004,-0.452393
28.347,-0.381127
28.348000000000003,-0.568474
28.349000000000004,-0.627178
28.35,-0.513339
28.351000000000003,-0.097977
28.352000000000004,-0.640159
28.353,-0.244095
28.354000000000003,-0.283706
28.355000000000004,-0.37545
28.356,-0.339943
28.357000000000003,-0.486981
28.358000000000004,-0.3642
28.359,-0.631235
28.360000000000003,-0.774379
28.361,-0.25046
28.362,-0.777189
28.363000000000003,-0.126007
28.364,-0.393685
28.365,-0.405547
28.366000000000003,-0.511456
28.367,-0.662749
28.368,-0.061806
28.369000000000003,-0.609069
28.37,-0.001877
28.371,-0.582197
28.372000000000003,-0.671038
28.373,-0.219314
28.374,-0.485727
28.375000000000004,-0.578412
28.376,-0.266164
28.377,-0.631557
28.378000000000004,-0.175413
28.379,-0.540438
28.380000000000003,-0.416753
28.381000000000004,-0.34085
28.382,-0.322438
28.383000000000003,-0.336492
28.384000000000004,-0.428634
28.385,-0.382842
28.386000000000003,-0.80774
28.387000000000004,-0.671604
28.388,-0.190077
28.389000000000003,-0.302432
28.39,-0.345906
28.391,-0.855401
28.392000000000003,-0.491104
28.393,-0.540477
28.394,-0.302142
28.395000000000003,-0.353163
28.396,-0.686149
28.397,0.049013
28.398000000000003,-0.709777
28.399,-0.120091
28.4,-0.473204
28.401000000000003,-0.348515
28.402,-0.999105
28.403,-0.609132
28.404000000000003,-0.445148
28.405,-0.585954
28.406,-0.106529
28.407000000000004,-0.435185
28.408,-0.410249
28.409,-0.478203
28.410000000000004,-0.117564
28.411,-0.30617
28.412000000000003,-0.168616
28.413000000000004,-0.388652
28.414,-0.455626
28.415000000000003,-0.074753
28.416000000000004,-0.40616
28.417,-0.326182
28.418000000000003,-0.329024
28.419000000000004,-0.52805
28.42,-0.175593
28.421000000000003,-0.398574
28.422,-0.315534
28.423,-0.203121
28.424000000000003,-0.418754
28.425,-0.393702
28.426,-0.663262
28.427000000000003,-0.505808
28.428,-0.83108
28.429,-0.662223
28.430000000000003,-0.603566
28.431,-0.49933
28.432,-0.272343
28.433000000000003,-0.172006
28.434,-0.546381
28.435,-0.153999
28.436000000000003,-0.555958
28.437,-0.773646
28.438,-0.378042
28.439000000000004,-0.368114
28.44,-0.544494
28.441000000000003,-0.574149
28.442000000000004,-0.85369
28.443,-0.218669
28.444000000000003,-0.008855
28.445000000000004,-0.492905
28.446,-0.161369
28.447000000000003,-0.169351
28.448000000000004,-0.514478
28.449,-0.544505
28.450000000000003,-0.394426
28.451000000000004,-0.511512
28.452,-0.281294
28.453000000000003,0.026376
28.454,-0.287761
28.455,-0.195869
28.456000000000003,-0.341437
28.457,-0.740897
28.458,-0.601968
28.459000000000003,-0.291777
28.46,-0.712493
28.461,-0.329631
28.462000000000003,-0.647633
28.463,-0.923308
28.464,-0.339432
28.465000000000003,-0.183672
28.466,-0.318818
28.467,-0.524543
28.468000000000004,-0.540258
28.469,-0.237818
28.47,-0.45904
28.471000000000004,-0.206269
28.472,-0.340806
28.473000000000003,-0.772754
28.474000000000004,-0.237722
28.475,-0.383763
28.476000000000003,-0.516807
28.477000000000004,-0.761305
28.478,-0.721347
28.479000000000003,-0.354023
28.480000000000004,-0.538598
28.481,-0.59118
28.482000000000003,-0.399674
28.483000000000004,-0.076912
28.484,-0.424986
28.485000000000003,-0.395684
28.486,-0.780543
28.487,-0.352727
28.488000000000003,-0.144823
28.489,-0.623463
28.49,-0.227539
28.491000000000003,-0.596545
28.492,-0.584763
28.493,-0.816546
28.494000000000003,-0.203939
28.495,-0.530226
28.496,-0.34854
28.497000000000003,-0.358213
28.498,-0.16977
28.499,-0.446154
28.500000000000004,-0.480203
28.501,-0.37371
28.502,-0.177586
28.503000000000004,-0.336971
28.504,-0.350513
28.505000000000003,-0.186201
28.506000000000004,-0.400934
28.507,-0.487796
28.508000000000003,-0.488862
28.509000000000004,-0.373444
28.51,-0.280486
28.511000000000003,-0.181635
28.512000000000004,-0.401778
28.513,-0.440801
28.514000000000003,-0.690202
28.515,-0.619677
28.516,-0.404992
28.517000000000003,-0.499626
28.518,-0.278057
28.519,-0.461923
28.520000000000003,-0.644279
28.521,-0.475637
28.522,-0.492229
28.523000000000003,-0.590171
28.524,-0.53186
28.525,-0.429502
28.526000000000003,0.081922
28.527,-0.531664
28.528,-0.699477
28.529000000000003,-0.353079
28.53,-0.670274
28.531,-0.350535
28.532000000000004,-0.589474
28.533,-0.259067
28.534,-0.550181
28.535000000000004,-0.247997
28.536,-0.413636
28.537000000000003,-0.237376
28.538000000000004,-0.254152
28.539,-0.199277
28.540000000000003,-0.51934
28.541000000000004,-0.282098
28.542,-0.530528
28.543000000000003,-0.877592
28.544000000000004,-0.76749
28.545,-0.091445
28.546000000000003,-0.414593
28.547,-0.564021
28.548,-0.396043
28.549000000000003,-0.557044
28.55,-0.351688
28.551,-0.454041
28.552000000000003,-0.513283
28.553,-0.481918
28.554,-0.148653
28.555000000000003,-0.282886
28.556,-0.499808
28.557,-0.486068
28.558000000000003,-0.620286
28.559,-0.389836
28.56,-0.602925
28.561000000000003,-0.418517
28.562,-0.438888
28.563,-0.808452
28.564000000000004,-0.545413
28.565,-0.455687
28.566000000000003,-0.595359
28.567000000000004,-0.390113
28.568,-0.398456
28.569000000000003,-0.416686
28.570000000000004,-0.443785
28.571,-0.180468
28.572000000000003,-0.480652
28.573000000000004,-0.164832
28.574,-0.331005
28.575000000000003,-0.306283
28.576000000000004,-0.761985
28.577,-0.613861
28.578000000000003,-0.834395
28.579,-0.653528
28.58,-0.156385
28.581000000000003,-0.442156
28.582,-0.278928
28.583,-0.412433
28.584000000000003,-0.298943
28.585,-0.099579
28.586,-0.192825
28.587000000000003,-0.532783
28.588,-0.666451
28.589,-0.642473
28.590000000000003,-0.267031
28.591,-0.284504
28.592,-0.300723
28.593000000000004,-0.306209
28.594,-0.334086
28.595,-0.476594
28.596000000000004,-0.604555
28.597,-0.202801
28.598000000000003,-0.42228
28.599000000000004,-0.600507
28.6,-0.573427
28.601000000000003,-0.697784
28.602000000000004,-0.14025
28.603,-0.429336
28.604000000000003,-0.71874
28.605000000000004,0.070743
28.606,-0.659694
28.607000000000003,-0.510228
28.608000000000004,-0.710663
28.609,-0.338102
28.610000000000003,-0.14349
28.611,-0.420953
28.612,-0.884427
28.613000000000003,-0.609017
28.614,-0.102266
28.615,-0.292389
28.616000000000003,-0.733413
28.617,-0.182375
28.618,-0.365878
28.619000000000003,-0.552327
28.62,-0.539302
28.621,-0.310656
28.622000000000003,-0.115072
28.623,-0.596063
28.624,-0.43648
28.625000000000004,-0.376995
28.626,-0.409139
28.627,-0.289317
28.628000000000004,-0.341765
28.629,-0.244883
28.630000000000003,-0.433072
28.631000000000004,-0.46451
28.632,-0.086752
28.633000000000003,-0.284493
28.634000000000004,-0.181628
28.635,-0.81942
28.636000000000003,-0.810947
28.637000000000004,-0.389772
28.638,-0.212145
28.639000000000003,-0.539583
28.64,-0.043456
28.641,-0.333454
28.642000000000003,-0.26188
28.643,-0.357279
28.644,-0.201822
28.645000000000003,-0.425187
28.646,-0.362367
28.647,-0.408013
28.648000000000003,-0.291753
28.649,-0.289345
28.65,-0.29169
28.651000000000003,-0.101914
28.652,-0.534694
28.653,-0.235275
28.654000000000003,-0.546594
28.655,-0.367619
28.656,-0.078309
28.657000000000004,-0.37148
28.658,-0.180384
28.659,-0.467673
28.660000000000004,-0.393623
28.661,-0.505521
28.662000000000003,-0.647965
28.663000000000004,-0.619455
28.664,-0.232837
28.665000000000003,-0.360411
28.666000000000004,-0.071705
28.667,-0.400696
28.668000000000003,-0.428974
28.669000000000004,-0.211595
28.67,-0.286948
28.671000000000003,0.062818
28.672,-0.252859
28.673,-0.161562
28.674000000000003,-0.499554
28.675,-0.384215
28.676,-0.458893
28.677000000000003,-0.850059
28.678,-0.559164
28.679,-0.652795
28.680000000000003,-0.595736
28.681,-0.576093
28.682,-0.284513
28.683000000000003,-0.485446
28.684,-0.712678
28.685,-0.068312
28.686000000000003,-0.264265
28.687,-0.734168
28.688,-0.63677
28.689000000000004,-0.374506
28.69,-0.296815
28.691000000000003,-0.197768
28.692000000000004,-0.244089
28.693,-0.373339
28.694000000000003,-0.35027
28.695000000000004,-0.201338
28.696,-0.369669
28.697000000000003,-0.327255
28.698000000000004,-0.24961
28.699,-0.038849
28.700000000000003,-0.306931
28.701000000000004,-0.327182
28.702,-0.195567
28.703000000000003,-0.466745
28.704,-0.27558
28.705,-0.589088
28.706000000000003,-0.409987
28.707,-0.630401
28.708,-0.356096
28.709000000000003,-0.425795
28.71,-0.112281
28.711,-0.248817
28.712000000000003,-0.434491
28.713,-0.403707
28.714,0.015498
28.715000000000003,-0.263308
28.716,-0.179533
28.717,-0.716167
28.718000000000004,-0.372744
28.719,-0.208679
28.72,-0.294027
28.721000000000004,-0.430772
28.722,-0.268995
28.723000000000003,-0.613631
28.724000000000004,-0.312636
28.725,-0.290887
28.726000000000003,-0.792727
28.727000000000004,-0.277191
28.728,-0.688726
28.729000000000003,-0.347457
28.730000000000004,-0.108397
28.731,-0.369609
28.732000000000003,-0.634931
28.733000000000004,-0.523607
28.734,-0.253096
28.735000000000003,-0.243543
28.736,-0.390074
28.737,-0.20371
28.738000000000003,-0.422429
28.739,-0.457234
28.74,-0.114368
28.741000000000003,0.041012
28.742,-0.221771
28.743,-0.537415
28.744000000000003,-0.189754
28.745,-0.684205
28.746,-0.593327
28.747000000000003,-0.391277
28.748,-0.713402
28.749,-0.476635
28.750000000000004,-0.356343
28.751,-0.246601
28.752,-0.774134
28.753000000000004,-0.304804
28.754,-0.550725
28.755000000000003,-0.274819
28.756000000000004,-0.406551
28.757,-0.529621
28.758000000000003,-0.748527
28.759000000000004,-0.516712
28.76,-0.269207
28.761000000000003,-0.298202
28.762000000000004,-0.394123
28.763,-0.511089
28.764000000000003,-0.816874
28.765000000000004,-0.353263
28.766,-0.578593
28.767000000000003,-0.501276
28.768,-0.562632
28.769,-0.208453
28.770000000000003,-0.71372
28.771,-0.606641
28.772,-0.354366
28.773000000000003,-0.650395
28.774,-0.623717
28.775,-0.600943
28.776000000000003,-0.459267
28.777,-0.59121
28.778,-0.419515
28.779000000000003,-0.470896
28.78,-0.479228
28.781,-0.259262
28.782000000000004,-0.414553
28.783,-0.457514
28.784,-0.176175
28.785000000000004,-0.362483
28.786,-0.687699
28.787000000000003,-0.828116
28.788000000000004,-0.701914
28.789,-0.134632
28.790000000000003,-0.304675
28.791000000000004,-0.390563
28.792,-0.69903
28.793000000000003,-0.426728
28.794000000000004,-0.365143
28.795,-0.543438
28.796000000000003,-0.400668
28.797,-0.456247
28.798,-0.440443
28.799000000000003,-0.200012
28.8,-0.749471
28.801,-0.423906
28.802000000000003,-0.569631
28.803,-0.485119
28.804,-0.241407
28.805000000000003,-0.24182
28.806,-0.323154
28.807,-0.457461
28.808000000000003,-0.192489
28.809,-0.454593
28.81,-0.773929
28.811000000000003,-0.469654
28.812,-0.696944
28.813,-0.881151
28.814000000000004,-0.508492
28.815,-0.243791
28.816000000000003,-0.845285
28.817000000000004,-0.624955
28.818,-0.01333
28.819000000000003,-0.51775
28.820000000000004,-0.240969
28.821,-0.334582
28.822000000000003,-0.720528
28.823000000000004,-0.357604
28.824,-0.651016
28.825000000000003,-0.233083
28.826000000000004,-0.363346
28.827,-0.386745
28.828000000000003,-0.402687
28.829,-0.585972
28.83,-0.483426
28.831000000000003,-0.541908
28.832,-0.459044
28.833,-0.429297
28.834000000000003,-0.498819
28.835,-0.242286
28.836,-0.426597
28.837000000000003,-0.450028
28.838,-0.379033
28.839,-0.414573
28.840000000000003,-0.48077
28.841,-0.598154
28.842,-0.547549
28.843000000000004,-0.5194
28.844,-0.603469
28.845,-0.543723
28.846000000000004,-0.502287
28.847,-0.649981
28.848000000000003,-0.707984
28.849000000000004,-0.635468
28.85,-0.231233
28.851000000000003,-0.326405
28.852000000000004,-0.327346
28.853,-0.558492
28.854000000000003,-0.982151
28.855000000000004,-0.287696
28.856,-0.686671
28.857000000000003,-0.533289
28.858000000000004,-0.214965
28.859,-0.500519
28.860000000000003,-0.504122
28.861,-0.347255
28.862,-0.20121
28.863000000000003,-0.309508
28.864,-0.250828
28.865,-0.498753
28.866000000000003,-0.395873
28.867,-0.357268
28.868,-0.624869
28.869000000000003,-0.531317
28.87,-0.353655
28.871,-0.794101
28.872000000000003,-0.659931
28.873,-0.305599
28.874,-0.572179
28.875000000000004,-0.486452
28.876,-0.469384
28.877,-0.266137
28.878000000000004,-0.325214
28.879,-0.30509
28.880000000000003,-0.373322
28.881000000000004,-0.740918
28.882,-0.084406
28.883000000000003,-0.508878
28.884000000000004,-0.41253
28.885,-0.479898
28.886000000000003,-0.696081
28.887000000000004,-0.181105
28.888,-0.378985
28.889000000000003,-0.438226
28.890000000000004,-0.592069
28.891,-0.668257
28.892000000000003,-0.3533
28.893,-0.149008
28.894,-0.236228
28.895000000000003,0.047763
28.896,-0.651522
28.897,-0.121937
28.898000000000003,-0.310115
28.899,-0.290067
28.9,-0.254669
28.901000000000003,-0.97045
28.902,-0.679116
28.903,-0.511488
28.904000000000003,-0.514126
28.905,-0.40492
28.906,-0.389414
28.907000000000004,-0.802224
28.908,-0.506565
28.909,-0.393702
28.910000000000004,-0.461695
28.911,-0.898888
28.912000000000003,-0.534011
28.913000000000004,-0.489406
28.914,-0.476576
28.915000000000003,-0.49642
28.916000000000004,-0.382021
28.917,-0.59621
28.918000000000003,-0.741732
28.919000000000004,-0.796989
28.92,-0.729779
28.921000000000003,-0.433718
28.922,-0.362088
28.923,-0.282887
28.924000000000003,-0.542365
28.925,-0.282089
28.926,-0.596446
28.927000000000003,-0.335323
28.928,-0.456172
28.929,-0.496925
28.930000000000003,-0.721717
28.931,-0.272462
28.932,-0.278105
28.933000000000003,-0.434339
28.934,-0.286085
28.935,-0.409037
28.936000000000003,-0.274817
28.937,-0.350219
28.938,-0.242298
28.939000000000004,-0.285286
28.94,-0.325035
28.941000000000003,-0.435828
28.942000000000004,-0.255651
28.943,-0.774079
28.944000000000003,-0.089512
28.945000000000004,-0.282889
28.946,-0.045725
28.947000000000003,-0.018203
28.948000000000004,-0.63839
28.949,-0.804073
28.950000000000003,-0.235011
28.951000000000004,-0.248796
28.952,-0.348024
28.953000000000003,-0.56737
28.954,-0.127898
28.955,-0.449144
28.956000000000003,-0.535088
28.957,-0.637317
28.958,-0.462714
28.959000000000003,-0.339918
28.96,-0.157424
28.961,-0.745327
28.962000000000003,-0.883403
28.963,-0.65996
28.964,-0.680678
28.965000000000003,-0.220318
28.966,-0.669525
28.967,-0.466857
28.968000000000004,-0.761884
28.969,-0.470428
28.97,-0.409653
28.971000000000004,-0.42539
28.972,-0.296073
28.973000000000003,-0.549463
28.974000000000004,-0.24068
28.975,-0.319775
28.976000000000003,-0.506475
28.977000000000004,-0.469553
28.978,-0.735034
28.979000000000003,-0.216169
28.980000000000004,-0.486834
28.981,-0.297891
28.982000000000003,-0.341756
28.983000000000004,-0.079394
28.984,-0.195673
28.985000000000003,-0.392434
28.986,-0.411571
28.987,-0.06899
28.988000000000003,-0.346687
28.989,-0.418202
28.99,-0.511473
28.991000000000003,-0.947874
28.992,-0.754801
28.993,-0.686944
28.994000000000003,-0.468882
28.995,-0.509289
28.996,-0.586432
28.997000000000003,-0.542955
28.998,-0.522563
28.999,-0.491881
29.000000000000004,-0.474336
29.001,-0.375987
29.002,-0.546735
29.003000000000004,-0.728945
29.004,-0.605204
29.005000000000003,-0.270849
29.006000000000004,-0.451299
29.007,-0.599205
29.008000000000003,-0.347572
29.009000000000004,-0.51078
29.01,-0.78437
29.011000000000003,-0.471528
29.012000000000004,-0.713323
29.013,-0.351513
29.014000000000003,-0.182101
29.015000000000004,-0.311865
29.016,-0.715617
29.017000000000003,-0.674755
29.018,-0.358609
29.019,-0.574307
29.020000000000003,-0.52003
29.021,-0.260059
29.022,-0.207415
29.023000000000003,-0.264216
29.024,-0.419352
29.025,-0.509804
29.026000000000003,-0.633447
29.027,-0.497495
29.028,-0.231051
29.029000000000003,-0.364488
29.03,-0.102545
29.031,-0.279669
29.032000000000004,0.078721
29.033,-0.396562
29.034,-0.557149
29.035000000000004,-0.372523
29.036,-0.506472
29.037000000000003,-0.272966
29.038000000000004,-0.257207
29.039,-0.122139
29.040000000000003,-0.572928
29.041000000000004,-0.536875
29.042,-0.359688
29.043000000000003,-0.268477
29.044000000000004,-0.527622
29.045,-0.535216
29.046000000000003,-0.517877
29.047000000000004,-0.499709
29.048,-0.624093
29.049000000000003,-0.904511
29.05,-0.59107
29.051,-0.4796
29.052000000000003,-0.531181
29.053,-0.539953
29.054,-0.559563
29.055000000000003,-0.494401
29.056,-0.177058
29.057,-0.374519
29.058000000000003,-0.590697
29.059,-0.516399
29.06,-0.117363
29.061000000000003,-0.591257
29.062,-0.624122
29.063,-0.345664
29.064000000000004,-0.654682
29.065,-0.386451
29.066000000000003,-0.383824
29.067000000000004,-0.593975
29.068,-0.252882
29.069000000000003,-0.567983
29.070000000000004,-0.183403
29.071,-0.249958
29.072000000000003,-0.388263
29.073000000000004,-0.752737
29.074,-0.432108
29.075000000000003,-0.487163
29.076000000000004,-0.573741
29.077,-0.346728
29.078000000000003,-0.158953
29.079,-0.391847
29.08,-0.541102
29.081000000000003,-0.701209
29.082,-0.591554
29.083,-0.528688
29.084000000000003,-0.107664
29.085,-0.607807
29.086,-0.795727
29.087000000000003,-0.682231
29.088,-0.388319
29.089,-0.411589
29.090000000000003,-0.071039
29.091,-0.528092
29.092,-0.167396
29.093000000000004,-0.384169
29.094,-0.117898
29.095,-0.449449
29.096000000000004,-0.468168
29.097,-0.167882
29.098000000000003,-0.590672
29.099000000000004,-0.275618
29.1,-0.223676
29.101000000000003,-0.421073
29.102000000000004,-0.435913
29.103,-0.599205
29.104000000000003,-0.366536
29.105000000000004,-0.737321
29.106,-0.183563
29.107000000000003,-0.258053
29.108000000000004,-0.267903
29.109,-0.401717
29.110000000000003,-0.673628
29.111,-0.364216
29.112,-0.483775
29.113000000000003,-0.667509
29.114,-0.46155
29.115,-0.029397
29.116000000000003,-0.377794
29.117,-0.218455
29.118,-0.192027
29.119000000000003,-0.61119
29.12,-0.277246
29.121,-0.385517
29.122000000000003,-0.37651
29.123,-0.323665
29.124,-0.58594
29.125000000000004,-0.106993
29.126,-0.668956
29.127,-0.141516
29.128000000000004,-0.627811
29.129,-0.50148
29.130000000000003,-0.282084
29.131000000000004,-0.355085
29.132,-0.490146
29.133000000000003,-0.159769
29.134000000000004,-0.499213
29.135,-0.566443
29.136000000000003,-0.460291
29.137000000000004,-0.308787
29.138,-0.226503
29.139000000000003,-0.396614
29.140000000000004,-0.798819
29.141,-0.179063
29.142000000000003,-0.083368
29.143,-0.544122
29.144,-0.57129
29.145000000000003,-0.067711
29.146,-0.428683
29.147,-0.77224
29.148000000000003,-0.773788
29.149,-0.437578
29.15,-0.564923
29.151000000000003,-0.353108
29.152,-0.696379
29.153,-0.277296
29.154000000000003,-0.399306
29.155,-0.426862
29.156,-0.256293
29.157000000000004,-0.561387
29.158,-0.352143
29.159,-0.409286
29.160000000000004,-0.133773
29.161,-0.409846
29.162000000000003,-0.452554
29.163000000000004,-0.111325
29.164,-0.18232
29.165000000000003,-0.77138
29.166000000000004,-0.350749
29.167,-0.72883
29.168000000000003,-0.69053
29.169000000000004,-0.513095
29.17,-0.412295
29.171000000000003,-0.192482
29.172000000000004,0.027078
29.173,-0.60623
29.174000000000003,-0.403488
29.175,-0.566059
29.176,-0.540188
29.177000000000003,-0.703345
29.178,-0.595453
29.179,-0.673798
29.180000000000003,-0.542815
29.181,-0.593519
29.182,-0.350342
29.183000000000003,-0.483057
29.184,-0.766967
29.185,-0.366357
29.186000000000003,-0.320682
29.187,-0.095426
29.188,-0.555073
29.189000000000004,-0.879009
29.19,-0.350585
29.191000000000003,-0.315539
29.192000000000004,-0.476403
29.193,-0.327417
29.194000000000003,-0.70549
29.195000000000004,-0.557703
29.196,-0.520462
29.197000000000003,-0.576052
29.198000000000004,-0.241829
29.199,-0.377367
29.200000000000003,-0.532915
29.201000000000004,-0.858726
29.202,-0.666265
29.203000000000003,-0.852698
29.204,-0.264896
29.205,-0.305273
29.206000000000003,-0.427862
29.207,-0.262798
29.208,-0.079712
29.209000000000003,-0.510529
29.21,-0.536447
29.211,-0.458432
29.212000000000003,-0.090915
29.213,-0.568016
29.214,-0.171571
29.215000000000003,-0.244912
29.216,-0.504003
29.217,-0.106781
29.218000000000004,-0.58982
29.219,-0.205155
29.22,-0.232216
29.221000000000004,-0.030077
29.222,-0.131575
29.223000000000003,-0.519071
29.224000000000004,-0.578276
29.225,-0.564026
29.226000000000003,-0.38262
29.227000000000004,-0.492673
29.228,-0.600417
29.229000000000003,-0.400039
29.230000000000004,-0.509531
29.231,-0.556982
29.232000000000003,-0.439689
29.233000000000004,-0.204225
29.234,-0.836206
29.235000000000003,-0.736735
29.236,-0.762281
29.237,-0.377965
29.238000000000003,-0.378285
29.239,-0.350923
29.24,-0.463701
29.241000000000003,-0.599634
29.242,-0.412907
29.243,-0.509815
29.244000000000003,-0.253195
29.245,-0.301199
29.246,-0.383932
29.247000000000003,-0.227966
29.248,-0.368593
29.249,-0.681639
29.250000000000004,-0.286944
29.251,-0.563987
29.252,-0.541914
29.253000000000004,-0.286116
29.254,-0.314536
29.255000000000003,-0.572712
29.256000000000004,-0.138856
29.257,-0.438221
29.258000000000003,-0.4133
29.259000000000004,-0.561682
29.26,-0.38069
29.261000000000003,-0.543217
29.262000000000004,-0.449046
29.263,-0.443791
29.264000000000003,-0.459892
29.265000000000004,-0.44646
29.266,-0.234076
29.267000000000003,-0.41076
29.268,-0.395276
29.269,-0.544614
29.270000000000003,-0.604614
29.271,-0.16764
29.272,-0.548687
29.273000000000003,-0.542718
29.274,-0.464936
29.275,-0.408532
29.276000000000003,-0.293393
29.277,-0.462268
29.278,-0.737822
29.279000000000003,-0.543354
29.28,-0.481454
29.281,-0.377326
29.282000000000004,-0.349519
29.283,-0.689237
29.284,-0.439786
29.285000000000004,-0.703008
29.286,-0.171338
29.287000000000003,-0.305263
29.288000000000004,-0.01289
29.289,-0.210763
29.290000000000003,-0.393207
29.291000000000004,-0.572742
29.292,-0.625112
29.293000000000003,-0.485844
29.294000000000004,-0.131621
29.295,-0.254656
29.296000000000003,-0.778134
29.297000000000004,-0.580756
29.298,-0.235441
29.299000000000003,-0.412139
29.3,-0.493183
29.301,0.121685
29.302000000000003,-0.537822
29.303,-0.732945
29.304,-0.853523
29.305000000000003,-0.567513
29.306,-0.549224
29.307,-0.445272
29.308000000000003,-0.407642
29.309,-0.22986
29.31,-0.61218
29.311000000000003,-0.537707
29.312,-0.477366
29.313,-0.489974
29.314000000000004,-0.311861
29.315,-0.408943
29.316000000000003,-0.262893
29.317000000000004,-0.473602
29.318,-0.467498
29.319000000000003,-0.467224
29.320000000000004,-0.737438
29.321,-0.303325
29.322000000000003,-0.081225
29.323000000000004,-0.731912
29.324,-0.346191
29.325000000000003,-0.636006
29.326000000000004,-0.342924
29.327,0.03638
29.328000000000003,-0.588554
29.329,-0.492402
29.33,-0.537338
29.331000000000003,-0.453072
29.332,-0.367794
29.333,-0.492466
29.334000000000003,-0.525093
29.335,-0.669015
29.336,-0.464644
29.337000000000003,-0.384836
29.338,-0.595868
29.339,-0.380918
29.340000000000003,-0.182146
29.341,-0.35379
29.342,-0.502771
29.343000000000004,-0.249615
29.344,-0.685359
29.345,-0.445988
29.346000000000004,-0.208261
29.347,-0.400234
29.348000000000003,-0.424099
29.349000000000004,-0.278034
29.35,-0.862216
29.351000000000003,-0.418662
29.352000000000004,-0.288557
29.353,-0.293321
29.354000000000003,-0.826439
29.355000000000004,-0.47859
29.356,-0.645099
29.357000000000003,-0.2651
29.358000000000004,-0.343484
29.359,0.095777
29.360000000000003,-0.332249
29.361,-0.342407
29.362,-0.254143
29.363000000000003,-0.545787
29.364,-0.754109
29.365,-0.3798
29.366000000000003,-0.623131
29.367,-0.701914
29.368,0.065739
29.369000000000003,-0.545102
29.37,-0.38078
29.371,-0.352898
29.372000000000003,-0.132835
29.373,-0.467834
29.374,-0.046193
29.375000000000004,-0.285307
29.376,-0.539751
29.377,-0.483095
29.378000000000004,-0.453418
29.379,-0.686045
29.380000000000003,-0.344614
29.381000000000004,-0.511268
29.382,-0.504994
29.383000000000003,-0.49202
29.384000000000004,-0.345347
29.385,-0.569841
29.386000000000003,-0.664072
29.387000000000004,-0.22925
29.388,-0.031783
29.389000000000003,-0.373011
29.390000000000004,-0.424704
29.391,-0.734719
29.392000000000003,-0.311966
29.393,0.046017
29.394,-0.574159
29.395000000000003,-0.257389
29.396,-0.480647
29.397,-0.238801
29.398000000000003,-0.123305
29.399,-0.397875
29.4,-0.305503
29.401000000000003,-0.429448
29.402,-0.575213
29.403,-0.183598
29.404000000000003,-0.534971
29.405,-0.050399
29.406,-0.6751
29.407000000000004,-0.489859
29.408,-0.362184
29.409,-0.51288
29.410000000000004,-0.650813
29.411,-0.276545
29.412000000000003,-0.381015
29.413000000000004,-0.294717
29.414,-0.679289
29.415000000000003,-0.478485
29.416000000000004,-0.480201
29.417,-0.54598
29.418000000000003,-0.581928
29.419000000000004,-0.475814
29.42,-0.274852
29.421000000000003,0.106947
29.422000000000004,-0.463343
29.423,-0.698941
29.424000000000003,-0.575082
29.425,-0.593082
29.426,-0.639862
29.427000000000003,-0.25556
29.428,-0.408521
29.429,-0.170062
29.430000000000003,-0.692175
29.431,-0.160743
29.432,-0.636717
29.433000000000003,-0.290886
29.434,-0.919939
29.435,-0.798326
29.436000000000003,-0.498741
29.437,-0.157895
29.438,-0.035125
29.439000000000004,-0.629882
29.44,-0.409597
29.441000000000003,-0.40131
29.442000000000004,-0.294258
29.443,-0.439405
29.444000000000003,-0.559122
29.445000000000004,-0.368957
29.446,-0.347793
29.447000000000003,-0.558843
29.448000000000004,-0.356373
29.449,-0.506642
29.450000000000003,-0.4573
29.451000000000004,0.005119
29.452,-0.590854
29.453000000000003,-0.349242
29.454000000000004,-0.471532
29.455,-0.374006
29.456000000000003,-0.052021
29.457,-0.584013
29.458,-0.413598
29.459000000000003,-0.506948
29.46,-0.454403
29.461,-0.435045
29.462000000000003,-0.438731
29.463,-0.240969
29.464,-0.599424
29.465000000000003,-0.34967
29.466,-0.529935
29.467,-0.700975
29.468000000000004,-0.116958
29.469,-0.594703
29.47,-0.462755
29.471000000000004,-0.045959
29.472,-0.167255
29.473000000000003,-0.712255
29.474000000000004,-0.433664
29.475,-0.346353
29.476000000000003,-0.233832
29.477000000000004,-0.333908
29.478,-0.05167
29.479000000000003,-0.847279
29.480000000000004,-0.386043
29.481,-0.575462
29.482000000000003,-0.648882
29.483000000000004,-0.458413
29.484,-0.354248
29.485000000000003,-0.299197
29.486,-0.548538
29.487,-0.577232
29.488000000000003,-0.488176
29.489,-0.352695
29.49,-0.336865
29.491000000000003,-0.225316
29.492,-0.334162
29.493,-0.60442
29.494000000000003,-0.406031
29.495,-0.654516
29.496,-0.488561
29.497000000000003,-0.3013
29.498,-0.811743
29.499,-0.539719
29.500000000000004,-0.703409
29.501,-0.683983
29.502,-0.464819
29.503000000000004,-0.606885
29.504,-0.533819
29.505000000000003,-0.210912
29.506000000000004,-0.422643
29.507,-0.671839
29.508000000000003,-0.597166
29.509000000000004,-0.518316
29.51,-0.2094
29.511000000000003,-0.290217
29.512000000000004,-0.576304
29.513,-0.064174
29.514000000000003,0.010871
29.515000000000004,-0.557489
29.516,-0.422985
29.517000000000003,-0.602241
29.518,-0.297274
29.519,-0.294203
29.520000000000003,-0.477378
29.521,-0.563909
29.522,-0.74094
29.523000000000003,-0.370446
29.524,-0.405191
29.525,-0.279637
29.526000000000003,-0.488192
29.527,-0.292609
29.528,-0.276446
29.529000000000003,-0.101627
29.53,-0.744919
29.531,-0.73764
29.532000000000004,-0.515312
29.533,-0.43253
29.534,-0.562658
29.535000000000004,-0.432294
29.536,-0.500334
29.537000000000003,-0.407196
29.538000000000004,-0.639925
29.539,-0.505267
29.540000000000003,0.011871
29.541000000000004,-0.352822
29.542,-0.520446
29.543000000000003,-0.293382
29.544000000000004,-0.227677
29.545,-0.306727
29.546000000000003,-0.594447
29.547000000000004,-0.088266
29.548,-0.140089
29.549000000000003,-0.548572
29.55,-0.670784
29.551,-0.202339
29.552000000000003,-0.553525
29.553,-0.588926
29.554,-0.309166
29.555000000000003,-0.306758
29.556,-0.210653
29.557,-0.454359
29.558000000000003,-0.583568
29.559,-0.190202
29.56,-0.276536
29.561000000000003,-0.322405
29.562,-0.646574
29.563,-0.272439
29.564000000000004,-0.4311
29.565,-0.434726
29.566000000000003,0.0399
29.567000000000004,-0.711462
29.568,-0.530409
29.569000000000003,-0.3738
29.570000000000004,-0.293522
29.571,-0.157213
29.572000000000003,-0.215786
29.573000000000004,-0.313507
29.574,-0.354735
29.575000000000003,-0.601931
29.576000000000004,-0.436842
29.577,-0.651117
29.578000000000003,-0.512795
29.579000000000004,-0.59979
29.58,-0.127638
29.581000000000003,-0.572159
29.582,-0.653162
29.583,-0.483035
29.584000000000003,-0.106037
29.585,-0.276529
29.586,-0.412531
29.587000000000003,-0.734985
29.588,-0.660337
29.589,-0.682596
29.590000000000003,-0.370951
29.591,-0.697399
29.592,-0.60041
29.593000000000004,-0.814038
29.594,-0.605916
29.595,-0.515041
29.596000000000004,-0.177179
29.597,-0.390698
29.598000000000003,-0.205703
29.599000000000004,-0.494794
29.6,-0.304589
29.601000000000003,-0.366523
29.602000000000004,-0.787364
29.603,-0.869198
29.604000000000003,-0.774113
29.605000000000004,-0.415272
29.606,-0.468822
29.607000000000003,-0.569469
29.608000000000004,-0.552137
29.609,-0.700843
29.610000000000003,-0.732377
29.611,-0.291769
29.612,-0.36507
29.613000000000003,-0.378714
29.614,-0.227585
29.615,-0.408903
29.616000000000003,-0.241766
29.617,-0.194761
29.618,-0.508696
29.619000000000003,-0.570205
29.62,-0.501379
29.621,-0.240269
29.622000000000003,-0.069219
29.623,0.124596
29.624,-0.492863
29.625000000000004,-0.216849
29.626,-0.502521
29.627,-0.561808
29.628000000000004,-0.214928
29.629,-0.38824
29.630000000000003,-0.659057
29.631000000000004,-0.754243
29.632,-0.52509
29.633000000000003,-0.272388
29.634000000000004,-0.634819
29.635,-0.502153
29.636000000000003,-0.973693
29.637000000000004,-0.446709
29.638,-0.309603
29.639000000000003,-0.442168
29.640000000000004,-0.70694
29.641,-0.157022
29.642000000000003,-0.137513
29.643,0.052612
29.644,-0.444695
29.645000000000003,-0.43615
29.646,-0.550589
29.647,-0.635572
29.648000000000003,0.112841
29.649,-0.319051
29.65,-0.502594
29.651000000000003,-0.318802
29.652,-0.501967
29.653,-0.232558
29.654000000000003,0.040555
29.655,-0.456562
29.656,-0.477423
29.657000000000004,-0.490853
29.658,-0.414732
29.659,-0.544507
29.660000000000004,-0.464853
29.661,-0.077349
29.662000000000003,-0.260135
29.663000000000004,-0.389912
29.664,-0.461424
29.665000000000003,-0.646048
29.666000000000004,-0.180676
29.667,-0.170333
29.668000000000003,-0.483621
29.669000000000004,-0.499907
29.67,-0.366592
29.671000000000003,-0.300783
29.672000000000004,-0.531831
29.673,-0.420038
29.674000000000003,-0.600156
29.675,-0.282095
29.676,-0.453434
29.677000000000003,-0.504788
29.678,-0.544836
29.679,-0.267749
29.680000000000003,-0.296579
29.681,-0.48059
29.682,-0.337422
29.683000000000003,-0.591975
29.684,-0.356675
29.685,-0.565223
29.686000000000003,-0.269161
29.687,-0.430278
29.688,-0.408075
29.689000000000004,-0.096219
29.69,-0.075189
29.691000000000003,-0.611858
29.692000000000004,-0.328731
29.693,-0.278843
29.694000000000003,-0.722215
29.695000000000004,-0.359502
29.696,-0.149239
29.697000000000003,-0.190563
29.698000000000004,-0.065406
29.699,-0.407939
29.700000000000003,-0.025113
29.701000000000004,-0.530528
29.702,-0.604297
29.703000000000003,-0.172309
29.704000000000004,-0.036089
29.705,-0.447281
29.706000000000003,-0.34802
29.707,-0.343155
29.708,-0.447586
29.709000000000003,-0.829688
29.71,-0.560556
29.711,-0.271707
29.712000000000003,-0.421701
29.713,-0.626719
29.714,-0.049517
29.715000000000003,-0.315477
29.716,-0.317468
29.717,-0.565683
29.718000000000004,-0.708158
29.719,-0.037527
29.72,-0.711325
29.721000000000004,-0.358021
29.722,-0.404185
29.723000000000003,-0.411936
29.724000000000004,-0.472595
29.725,-0.290983
29.726000000000003,-0.255096
29.727000000000004,-0.592124
29.728,-0.558957
29.729000000000003,-0.391041
29.730000000000004,-0.39404
29.731,-0.521998
29.732000000000003,-0.578998
29.733000000000004,-0.276428
29.734,-0.26604
29.735000000000003,-0.388407
29.736000000000004,-0.458064
29.737,-0.424098
29.738000000000003,-0.383784
29.739,-0.251561
29.74,-0.333125
29.741000000000003,-0.506889
29.742,-0.37157
29.743,-0.395246
29.744000000000003,-0.228857
29.745,-0.55877
29.746,-0.631504
29.747000000000003,-0.395878
29.748,-0.738608
29.749,-0.411468
29.750000000000004,-0.747588
29.751,-0.583141
29.752,-0.510449
29.753000000000004,-0.670731
29.754,-0.406589
29.755000000000003,-0.407082
29.756000000000004,-0.800245
29.757,-0.411479
29.758000000000003,-0.2467
29.759000000000004,-0.409905
29.76,-0.217174
29.761000000000003,-0.441604
29.762000000000004,-0.438911
29.763,-0.40185
29.764000000000003,-0.426434
29.765000000000004,-0.518117
29.766,-0.56961
29.767000000000003,-0.414796
29.768,-0.323069
29.769,-0.635999
29.770000000000003,-0.708862
29.771,-0.405863
29.772,-0.480885
29.773000000000003,-0.334968
29.774,-0.376485
29.775,-0.581741
29.776000000000003,-0.400569
29.777,-0.198861
29.778,-0.032579
29.779000000000003,-0.567514
29.78,-0.353252
29.781,-0.211092
29.782000000000004,-0.278853
29.783,0.003195
29.784,-0.551546
29.785000000000004,-0.429922
29.786,-0.385313
29.787000000000003,-0.291077
29.788000000000004,-0.559762
29.789,-0.35537
29.790000000000003,-0.711312
29.791000000000004,-0.289391
29.792,-0.422027
29.793000000000003,-0.791551
29.794000000000004,-0.383591
29.795,-0.525055
29.796000000000003,-0.608955
29.797000000000004,-0.231792
29.798,-0.13191
29.799000000000003,-0.304675
29.8,-0.492498
29.801,-0.346172
29.802000000000003,-0.419763
29.803,-0.861112
29.804,-0.320562
29.805000000000003,-0.657439
29.806,-0.155727
29.807,-0.163891
29.808000000000003,-0.025561
29.809,-0.112665
29.81,-0.325582
29.811000000000003,-0.478578
29.812,-0.624456
29.813,-0.449418
29.814000000000004,-0.273121
29.815,-0.553072
29.816000000000003,-0.316415
29.817000000000004,-0.503875
29.818,-0.739706
29.819000000000003,-0.400171
29.820000000000004,-0.253686
29.821,-0.349852
29.822000000000003,-0.251776
29.823000000000004,-0.331424
29.824,-0.506497
29.825000000000003,-0.571305
29.826000000000004,-0.562884
29.827,-0.20635
29.828000000000003,-0.50019
29.829000000000004,-0.563967
29.83,-0.334185
29.831000000000003,-0.191054
29.832,-0.392101
29.833,-0.560452
29.834000000000003,-0.093064
29.835,-0.706696
29.836,-0.346884
29.837000000000003,-0.153492
29.838,-0.503067
29.839,-0.421473
29.840000000000003,-0.485119
29.841,-0.256068
29.842,-0.298223
29.843000000000004,-0.46281
29.844,-0.536104
29.845,-0.664871
29.846000000000004,-0.245268
29.847,-0.347561
29.848000000000003,0.138965
29.849000000000004,-0.089279
29.85,-0.29338
29.851000000000003,-0.412848
29.852000000000004,-0.179622
29.853,-0.624537
29.854000000000003,-0.27565
29.855000000000004,-0.707495
29.856,-0.142119
29.857000000000003,-0.561327
29.858000000000004,-0.245404
29.859,-0.515322
29.860000000000003,-0.492102
29.861000000000004,-0.671721
29.862,-0.450753
29.863000000000003,-0.458711
29.864,0.109925
29.865,-0.277284
29.866000000000003,-0.133148
29.867,0.082121
29.868,-0.591715
29.869000000000003,-0.724733
29.87,-0.239501
29.871,-0.615519
29.872000000000003,-0.274722
29.873,-0.243199
29.874,-0.334053
29.875000000000004,-0.103772
29.876,-0.541455
29.877,-0.678306
29.878000000000004,-0.345963
29.879,-0.661357
29.880000000000003,-0.499183
29.881000000000004,-0.311283
29.882,-0.04033
29.883000000000003,-0.415115
29.884000000000004,-0.454383
29.885,-0.434933
29.886000000000003,-0.579976
29.887000000000004,-0.666401
29.888,-0.476137
29.889000000000003,-0.378824
29.890000000000004,-0.405285
29.891,-0.508809
29.892000000000003,-0.618841
29.893,-0.613039
29.894,-0.259291
29.895000000000003,-0.717116
29.896,-0.479094
29.897,-0.432072
29.898000000000003,-0.480869
29.899,-0.375043
29.9,-0.318456
29.901000000000003,-0.456149
29.902,-0.610734
29.903,-0.669399
29.904000000000003,-0.657567
29.905,-0.376671
29.906,-0.021565
29.907000000000004,-0.392094
29.908,-0.328884
29.909,-0.653977
29.910000000000004,-0.607251
29.911,-0.62282
29.912000000000003,-1.034541
29.913000000000004,-0.385981
29.914,-0.392471
29.915000000000003,-0.496064
29.916000000000004,-0.511031
29.917,-0.188469
29.918000000000003,-0.469877
29.919000000000004,-0.646123
29.92,-0.640191
29.921000000000003,-0.435984
29.922000000000004,-0.335355
29.923,-0.300627
29.924000000000003,-0.523831
29.925,-0.426774
29.926,-0.447487
29.927000000000003,-0.261324
29.928,-0.609541
29.929,-0.515323
29.930000000000003,-0.53237
29.931,-0.503658
29.932,-0.51821
29.933000000000003,-0.794712
29.934,-0.308095
29.935,-0.563682
29.936000000000003,-0.083968
29.937,-0.591754
29.938,-0.405364
29.939000000000004,-0.34182
29.94,-0.38286
29.941000000000003,-0.789952
29.942000000000004,-0.652955
29.943,-0.816227
29.944000000000003,-0.549063
29.945000000000004,-0.764912
29.946,-0.056338
29.947000000000003,-0.721052
29.948000000000004,-0.455339
29.949,-0.354265
29.950000000000003,-0.4511
29.951000000000004,-0.583464
29.952,-0.652554
29.953000000000003,-0.545142
29.954000000000004,-0.406151
29.955,-0.611416
29.956000000000003,-0.602931
29.957,-0.351634
29.958,-0.381372
29.959000000000003,-0.35868
29.96,-0.866654
29.961,-0.936157
29.962000000000003,-0.374975
29.963,-0.166527
29.964,-0.338917
29.965000000000003,-0.568246
29.966,-0.310345
29.967,-0.143602
29.968000000000004,-0.494097
29.969,-0.108936
29.97,-0.429092
29.971000000000004,-0.511553
29.972,-0.785601
29.973000000000003,-0.362252
29.974000000000004,-0.238369
29.975,-0.582293
29.976000000000003,-0.329979
29.977000000000004,-0.378902
29.978,-0.352832
29.979000000000003,-0.591191
29.980000000000004,-0.686283
29.981,-0.680809
29.982000000000003,-0.353332
29.983000000000004,-0.511995
29.984,-0.403727
29.985000000000003,-0.316672
29.986000000000004,-0.630296
29.987,-0.384861
29.988000000000003,-0.623322
29.989,-0.328877
29.99,-0.360353
29.991000000000003,-0.406986
29.992,-0.546121
29.993,-0.267655
29.994000000000003,-0.42101
29.995,-0.200784
29.996,-0.716038
29.997000000000003,-0.772378
29.998,-0.094749
29.999,-0.600809
